{"type":"FeatureCollection","district":"KESUGIHAN","features":[{"type":"Feature","properties":{"d":"KESUGIHAN","net":"FWA-IndoorOutdoor"},"geometry":{"type":"MultiPolygon","coordinates":[[[[109.06136,-7.67376],[109.06161,-7.67365],[109.06207,-7.67344],[109.06207,-7.67345],[109.06237,-7.67331],[109.06252,-7.67324],[109.06252,-7.67331],[109.06252,-7.67376],[109.06297,-7.67376],[109.06297,-7.67377],[109.06342,-7.67377],[109.06343,-7.67377],[109.06388,-7.67377],[109.06388,-7.67386],[109.06388,-7.67422],[109.0637,-7.67422],[109.06343,-7.67422],[109.06342,-7.67422],[109.06297,-7.67422],[109.06297,-7.67467],[109.06297,-7.67512],[109.06315,-7.67512],[109.06333,-7.67512],[109.06342,-7.67512],[109.06342,-7.67553],[109.06335,-7.67556],[109.06332,-7.67558],[109.06297,-7.67558],[109.06296,-7.67558],[109.06296,-7.67557],[109.06296,-7.67512],[109.06252,-7.67512],[109.06251,-7.67512],[109.06207,-7.67512],[109.06207,-7.67557],[109.06252,-7.67557],[109.06252,-7.67596],[109.0624,-7.67601],[109.06237,-7.67602],[109.06223,-7.67602],[109.06213,-7.67578],[109.06206,-7.67563],[109.06203,-7.67557],[109.06182,-7.67512],[109.06175,-7.67496],[109.06162,-7.67467],[109.06162,-7.67467],[109.06161,-7.67464],[109.06161,-7.67464],[109.06145,-7.67425],[109.06143,-7.67421],[109.06125,-7.67381],[109.06136,-7.67376]],[[109.06251,-7.67421],[109.06251,-7.67376],[109.06207,-7.67376],[109.06207,-7.67421],[109.06251,-7.67421]]],[[[109.05985,-7.662],[109.05941,-7.662],[109.0594,-7.662],[109.0594,-7.66245],[109.05894,-7.66245],[109.05894,-7.662],[109.0585,-7.662],[109.05849,-7.662],[109.05805,-7.662],[109.05804,-7.662],[109.05761,-7.662],[109.0576,-7.662],[109.0576,-7.66217],[109.0576,-7.66229],[109.05759,-7.66229],[109.0575,-7.66224],[109.05744,-7.66199],[109.05757,-7.66199],[109.05759,-7.66199],[109.05759,-7.66195],[109.05759,-7.66173],[109.05767,-7.66154],[109.05776,-7.66134],[109.05764,-7.66147],[109.05762,-7.66154],[109.05759,-7.66163],[109.05759,-7.66154],[109.05759,-7.66149],[109.05759,-7.66138],[109.05759,-7.66109],[109.05804,-7.66109],[109.05804,-7.66064],[109.0585,-7.66064],[109.05895,-7.66064],[109.05895,-7.66019],[109.05941,-7.66019],[109.05941,-7.66065],[109.05896,-7.66065],[109.05896,-7.6611],[109.0585,-7.6611],[109.0585,-7.66109],[109.05805,-7.66109],[109.05805,-7.66154],[109.0585,-7.66154],[109.0585,-7.66155],[109.05895,-7.66155],[109.0594,-7.66155],[109.0594,-7.6611],[109.05986,-7.6611],[109.05986,-7.66065],[109.05986,-7.6602],[109.05986,-7.65974],[109.06032,-7.65974],[109.06032,-7.65975],[109.06077,-7.65975],[109.06077,-7.6593],[109.06078,-7.6593],[109.06078,-7.65885],[109.06078,-7.65884],[109.06078,-7.6588],[109.06123,-7.65859],[109.06164,-7.65839],[109.06166,-7.65839],[109.06169,-7.65837],[109.06169,-7.65838],[109.0617,-7.65837],[109.06214,-7.6582],[109.06214,-7.6584],[109.06214,-7.65885],[109.06168,-7.65885],[109.06123,-7.65885],[109.06123,-7.6593],[109.06123,-7.65975],[109.06123,-7.6602],[109.06168,-7.6602],[109.06168,-7.66066],[109.06122,-7.66066],[109.06122,-7.6602],[109.06078,-7.6602],[109.06077,-7.6602],[109.06032,-7.6602],[109.06032,-7.66065],[109.06032,-7.6611],[109.06032,-7.66155],[109.06031,-7.66155],[109.06031,-7.662],[109.06031,-7.66201],[109.06031,-7.66246],[109.06076,-7.66246],[109.06121,-7.66246],[109.06121,-7.66201],[109.06166,-7.66201],[109.06167,-7.66201],[109.06212,-7.66201],[109.06257,-7.66201],[109.06257,-7.66156],[109.06303,-7.66156],[109.06303,-7.66202],[109.06258,-7.66202],[109.06258,-7.66247],[109.06212,-7.66247],[109.06212,-7.66265],[109.06212,-7.66275],[109.06212,-7.66291],[109.06212,-7.66292],[109.06212,-7.66337],[109.06167,-7.66337],[109.06166,-7.66337],[109.06121,-7.66337],[109.06088,-7.66337],[109.06087,-7.66337],[109.06076,-7.66313],[109.06075,-7.66313],[109.06075,-7.66312],[109.06051,-7.66295],[109.0605,-7.66295],[109.06045,-7.66291],[109.0603,-7.6628],[109.0603,-7.66246],[109.05985,-7.66246],[109.05985,-7.66201],[109.05985,-7.662]],[[109.06075,-7.66299],[109.06075,-7.66299],[109.06075,-7.66299],[109.06063,-7.66297],[109.06068,-7.66301],[109.06075,-7.66299]],[[109.06088,-7.66303],[109.06088,-7.66302],[109.06087,-7.66301],[109.06087,-7.66302],[109.06088,-7.66303]]],[[[109.0584,-7.66019],[109.05851,-7.66013],[109.05851,-7.66019],[109.0584,-7.66019]]],[[[109.05638,-7.65196],[109.05627,-7.65174],[109.05627,-7.65174],[109.0562,-7.65159],[109.05627,-7.65159],[109.05628,-7.65159],[109.05673,-7.65159],[109.05673,-7.6516],[109.05673,-7.65179],[109.05663,-7.65185],[109.05638,-7.65196]]],[[[109.06082,-7.64936],[109.06082,-7.6489],[109.06128,-7.6489],[109.06128,-7.64936],[109.06082,-7.64936]]],[[[109.06083,-7.6462],[109.06083,-7.64619],[109.06083,-7.64574],[109.06038,-7.64574],[109.06038,-7.64529],[109.06084,-7.64529],[109.06084,-7.64574],[109.06129,-7.64574],[109.06129,-7.64619],[109.06174,-7.64619],[109.06175,-7.64619],[109.06175,-7.6462],[109.06175,-7.64665],[109.06174,-7.64665],[109.06129,-7.64665],[109.06129,-7.6471],[109.06173,-7.6471],[109.06174,-7.6471],[109.06219,-7.6471],[109.06264,-7.6471],[109.06264,-7.64666],[109.06264,-7.64665],[109.06219,-7.64665],[109.06219,-7.6462],[109.06264,-7.6462],[109.06264,-7.64575],[109.06265,-7.64575],[109.06309,-7.64575],[109.0631,-7.64575],[109.06355,-7.64575],[109.06355,-7.6453],[109.06398,-7.6453],[109.06401,-7.6453],[109.06401,-7.64575],[109.06401,-7.64576],[109.06401,-7.64621],[109.064,-7.64621],[109.064,-7.64666],[109.06445,-7.64666],[109.0649,-7.64666],[109.0649,-7.64621],[109.06536,-7.64621],[109.06536,-7.64666],[109.06536,-7.64667],[109.06491,-7.64667],[109.06491,-7.64711],[109.06491,-7.64712],[109.0649,-7.64712],[109.0649,-7.64756],[109.0649,-7.64757],[109.06536,-7.64757],[109.06536,-7.64802],[109.06535,-7.64802],[109.06535,-7.64847],[109.0649,-7.64847],[109.0649,-7.64892],[109.06535,-7.64892],[109.0658,-7.64892],[109.0658,-7.64938],[109.06535,-7.64938],[109.06535,-7.64983],[109.0658,-7.64983],[109.0658,-7.65028],[109.0658,-7.65073],[109.06535,-7.65073],[109.06534,-7.65073],[109.06489,-7.65073],[109.06489,-7.65118],[109.06489,-7.65163],[109.06443,-7.65163],[109.06443,-7.65118],[109.06404,-7.65118],[109.06403,-7.65118],[109.06399,-7.65118],[109.06398,-7.65118],[109.06353,-7.65118],[109.06353,-7.65163],[109.06308,-7.65163],[109.06307,-7.65163],[109.06262,-7.65163],[109.06262,-7.65162],[109.06262,-7.65117],[109.06262,-7.65072],[109.06226,-7.65072],[109.06222,-7.65027],[109.06218,-7.64983],[109.06217,-7.64983],[109.06217,-7.64983],[109.06212,-7.64981],[109.06172,-7.64972],[109.06172,-7.64936],[109.06172,-7.64891],[109.06218,-7.64891],[109.06263,-7.64891],[109.06263,-7.64846],[109.06264,-7.64846],[109.06264,-7.64801],[109.06219,-7.64801],[109.06218,-7.64801],[109.06174,-7.64801],[109.06173,-7.64801],[109.06128,-7.64801],[109.06128,-7.648],[109.06082,-7.648],[109.06082,-7.64755],[109.06037,-7.64755],[109.06037,-7.6471],[109.06037,-7.64709],[109.06083,-7.64709],[109.06083,-7.64665],[109.06083,-7.64664],[109.06083,-7.6462]],[[109.06489,-7.65028],[109.06445,-7.65028],[109.06444,-7.65028],[109.06403,-7.65028],[109.06399,-7.65028],[109.06399,-7.65072],[109.06399,-7.65073],[109.06403,-7.65073],[109.06404,-7.65073],[109.06443,-7.65073],[109.06444,-7.65073],[109.06489,-7.65073],[109.06489,-7.65028]],[[109.064,-7.64757],[109.064,-7.64801],[109.06444,-7.64801],[109.06444,-7.64757],[109.064,-7.64757]],[[109.06308,-7.65072],[109.06308,-7.65117],[109.06353,-7.65117],[109.06353,-7.65073],[109.06353,-7.65072],[109.06308,-7.65072]],[[109.06445,-7.64892],[109.06445,-7.64937],[109.06489,-7.64937],[109.06489,-7.64892],[109.06445,-7.64892]],[[109.0631,-7.64621],[109.0631,-7.64665],[109.06354,-7.64665],[109.06354,-7.64621],[109.0631,-7.64621]]],[[[109.06174,-7.64529],[109.06129,-7.64529],[109.06129,-7.64484],[109.06174,-7.64484],[109.06175,-7.64484],[109.06175,-7.64529],[109.06174,-7.64529]]],[[[109.0595,-7.64167],[109.05904,-7.64167],[109.05904,-7.64122],[109.05904,-7.64121],[109.0595,-7.64121],[109.0595,-7.64122],[109.0595,-7.64167]]],[[[109.05859,-7.64031],[109.05859,-7.63986],[109.05905,-7.63986],[109.05905,-7.64031],[109.05859,-7.64031]]],[[[109.05679,-7.63759],[109.05634,-7.63759],[109.05589,-7.63759],[109.05589,-7.63804],[109.05633,-7.63804],[109.05634,-7.63804],[109.05679,-7.63804],[109.05679,-7.63849],[109.05634,-7.63849],[109.05633,-7.63849],[109.05589,-7.63849],[109.05588,-7.63849],[109.05588,-7.63804],[109.05544,-7.63804],[109.05543,-7.63804],[109.05543,-7.63758],[109.05544,-7.63758],[109.05588,-7.63758],[109.05588,-7.63713],[109.05589,-7.63713],[109.05589,-7.63668],[109.05589,-7.63623],[109.05589,-7.63578],[109.05635,-7.63578],[109.05635,-7.63623],[109.0568,-7.63623],[109.0568,-7.63578],[109.05726,-7.63578],[109.05726,-7.63623],[109.05726,-7.63624],[109.05726,-7.63669],[109.05726,-7.63714],[109.0577,-7.63714],[109.0577,-7.63669],[109.05771,-7.63669],[109.05771,-7.63624],[109.05771,-7.63579],[109.05771,-7.63534],[109.05771,-7.63533],[109.05817,-7.63533],[109.05817,-7.63534],[109.05817,-7.63574],[109.05817,-7.63579],[109.05817,-7.63584],[109.05817,-7.63624],[109.05817,-7.63669],[109.05861,-7.63669],[109.05861,-7.63624],[109.05862,-7.63624],[109.05862,-7.63579],[109.05862,-7.63534],[109.05907,-7.63534],[109.05907,-7.63489],[109.05952,-7.63489],[109.05953,-7.63489],[109.05953,-7.63534],[109.05952,-7.63534],[109.05908,-7.63534],[109.05908,-7.63579],[109.05952,-7.63579],[109.05953,-7.63579],[109.05997,-7.63579],[109.05998,-7.63579],[109.05998,-7.6358],[109.05998,-7.63625],[109.05997,-7.63625],[109.05953,-7.63625],[109.05953,-7.6367],[109.05997,-7.6367],[109.05998,-7.6367],[109.06042,-7.6367],[109.06042,-7.63625],[109.06088,-7.63625],[109.06088,-7.6367],[109.06133,-7.6367],[109.06133,-7.63716],[109.06177,-7.63716],[109.06178,-7.63716],[109.06178,-7.63671],[109.06178,-7.63626],[109.06223,-7.63626],[109.06224,-7.63626],[109.06269,-7.63626],[109.06269,-7.63671],[109.06269,-7.63716],[109.06269,-7.63762],[109.06314,-7.63762],[109.06314,-7.63807],[109.06268,-7.63807],[109.06268,-7.63852],[109.06223,-7.63852],[109.06222,-7.63852],[109.06178,-7.63852],[109.06177,-7.63852],[109.06132,-7.63852],[109.06132,-7.63806],[109.06087,-7.63806],[109.06087,-7.63761],[109.06043,-7.63761],[109.06042,-7.63761],[109.05997,-7.63761],[109.05997,-7.63715],[109.05952,-7.63715],[109.05952,-7.6376],[109.05907,-7.6376],[109.05906,-7.6376],[109.05906,-7.63805],[109.05861,-7.63805],[109.0586,-7.63805],[109.05816,-7.63805],[109.05815,-7.63805],[109.05815,-7.6385],[109.05815,-7.63895],[109.05815,-7.6394],[109.05769,-7.6394],[109.05769,-7.63895],[109.05769,-7.6385],[109.05769,-7.63805],[109.05766,-7.63805],[109.05756,-7.63805],[109.05724,-7.63805],[109.05724,-7.63759],[109.0568,-7.63759],[109.05679,-7.63759]],[[109.05635,-7.63669],[109.05635,-7.63714],[109.05679,-7.63714],[109.0568,-7.63714],[109.0568,-7.63669],[109.05635,-7.63669]]],[[[109.05996,-7.63851],[109.05996,-7.63806],[109.06042,-7.63806],[109.06042,-7.63851],[109.05996,-7.63851]]],[[[109.06179,-7.63535],[109.06133,-7.63535],[109.06133,-7.6349],[109.06179,-7.6349],[109.06179,-7.63535]]],[[[109.05817,-7.63398],[109.05817,-7.63353],[109.05862,-7.63353],[109.05863,-7.63353],[109.05863,-7.63398],[109.05863,-7.63443],[109.05863,-7.63444],[109.05862,-7.63444],[109.05817,-7.63444],[109.05817,-7.63488],[109.05817,-7.63489],[109.05772,-7.63489],[109.05772,-7.63488],[109.05727,-7.63488],[109.05726,-7.63488],[109.05681,-7.63488],[109.05636,-7.63488],[109.05636,-7.63533],[109.0559,-7.63533],[109.0559,-7.63488],[109.05545,-7.63488],[109.05545,-7.63487],[109.05545,-7.63442],[109.05591,-7.63442],[109.05591,-7.63487],[109.05635,-7.63487],[109.05635,-7.63443],[109.05635,-7.63442],[109.05681,-7.63442],[109.05681,-7.63443],[109.05726,-7.63443],[109.05727,-7.63443],[109.05772,-7.63443],[109.05817,-7.63443],[109.05817,-7.63398]]],[[[109.055,-7.63487],[109.05454,-7.63487],[109.05454,-7.63442],[109.055,-7.63442],[109.055,-7.63487]]],[[[109.05363,-7.63487],[109.05363,-7.63441],[109.05409,-7.63441],[109.05409,-7.63487],[109.05363,-7.63487]]],[[[109.06088,-7.63445],[109.06088,-7.63399],[109.06134,-7.63399],[109.06134,-7.63445],[109.06088,-7.63445]]],[[[109.05319,-7.63441],[109.05273,-7.63441],[109.05273,-7.63396],[109.05319,-7.63396],[109.05319,-7.63441]]],[[[109.05953,-7.63308],[109.05953,-7.63263],[109.05953,-7.63218],[109.05999,-7.63218],[109.05999,-7.63263],[109.05999,-7.63304],[109.05999,-7.63308],[109.05999,-7.63309],[109.05999,-7.63324],[109.05999,-7.63353],[109.05999,-7.63354],[109.05999,-7.63399],[109.05959,-7.63399],[109.05953,-7.63399],[109.05953,-7.6339],[109.05953,-7.63354],[109.05907,-7.63354],[109.05907,-7.63353],[109.05907,-7.63308],[109.05953,-7.63308]]],[[[109.0618,-7.63354],[109.06225,-7.63354],[109.06225,-7.63355],[109.06268,-7.63355],[109.06261,-7.634],[109.06254,-7.63445],[109.06225,-7.63445],[109.06224,-7.63445],[109.06179,-7.63445],[109.06179,-7.634],[109.06179,-7.63355],[109.06134,-7.63355],[109.06134,-7.63309],[109.0618,-7.63309],[109.0618,-7.63354]]],[[[109.06056,-7.63218],[109.06079,-7.63218],[109.06086,-7.63218],[109.0609,-7.63218],[109.0609,-7.63219],[109.06097,-7.63219],[109.06104,-7.63219],[109.06127,-7.63219],[109.06128,-7.63219],[109.06129,-7.63219],[109.0613,-7.63219],[109.06135,-7.63219],[109.06135,-7.63221],[109.06135,-7.63223],[109.06135,-7.63264],[109.0609,-7.63264],[109.0609,-7.63309],[109.06089,-7.63309],[109.06089,-7.63354],[109.06043,-7.63354],[109.06043,-7.63309],[109.06044,-7.63309],[109.06044,-7.63264],[109.06044,-7.6324],[109.06044,-7.6322],[109.06044,-7.63218],[109.06045,-7.63218],[109.06056,-7.63218]]],[[[109.05772,-7.63172],[109.05818,-7.63172],[109.05864,-7.63172],[109.05864,-7.63218],[109.05863,-7.63218],[109.05863,-7.63263],[109.05863,-7.63308],[109.05817,-7.63308],[109.05817,-7.63353],[109.05772,-7.63353],[109.05772,-7.63308],[109.05772,-7.63307],[109.05817,-7.63307],[109.05817,-7.63263],[109.05817,-7.63217],[109.05772,-7.63217],[109.05772,-7.63172]]],[[[109.05727,-7.63307],[109.05682,-7.63307],[109.05637,-7.63307],[109.05636,-7.63307],[109.05591,-7.63307],[109.05591,-7.63262],[109.05591,-7.63261],[109.05637,-7.63261],[109.05637,-7.63262],[109.05682,-7.63262],[109.05727,-7.63262],[109.05727,-7.63307]]],[[[109.05275,-7.63215],[109.05229,-7.63215],[109.05229,-7.6317],[109.05229,-7.63169],[109.05275,-7.63169],[109.05275,-7.6317],[109.05275,-7.63215]]],[[[109.05184,-7.63215],[109.05156,-7.63215],[109.05156,-7.63214],[109.05161,-7.63169],[109.05184,-7.63169],[109.05184,-7.63214],[109.05184,-7.63215]]],[[[109.05999,-7.63173],[109.05999,-7.63128],[109.06045,-7.63128],[109.06045,-7.63173],[109.05999,-7.63173]]],[[[109.06139,-7.6227],[109.06139,-7.62225],[109.06169,-7.62225],[109.06173,-7.62225],[109.06184,-7.62225],[109.06185,-7.62225],[109.06229,-7.62225],[109.0623,-7.62225],[109.06275,-7.62225],[109.0632,-7.62225],[109.06321,-7.62225],[109.06366,-7.62225],[109.06366,-7.62181],[109.06411,-7.62181],[109.06412,-7.62181],[109.06457,-7.62181],[109.06457,-7.62226],[109.06412,-7.62226],[109.06411,-7.62226],[109.06366,-7.62226],[109.06366,-7.62271],[109.06411,-7.62271],[109.06456,-7.62271],[109.06457,-7.62271],[109.06501,-7.62271],[109.06502,-7.62271],[109.06547,-7.62271],[109.06547,-7.62227],[109.06547,-7.62181],[109.06593,-7.62181],[109.06593,-7.62227],[109.06637,-7.62227],[109.06638,-7.62227],[109.06683,-7.62227],[109.06728,-7.62227],[109.06773,-7.62227],[109.06773,-7.62182],[109.06819,-7.62182],[109.06819,-7.62137],[109.06865,-7.62137],[109.06865,-7.62183],[109.06909,-7.62183],[109.06909,-7.62138],[109.0691,-7.62138],[109.0691,-7.62093],[109.0691,-7.62047],[109.06865,-7.62047],[109.06819,-7.62047],[109.06819,-7.62002],[109.06775,-7.62002],[109.06775,-7.62047],[109.06774,-7.62047],[109.06774,-7.62092],[109.06728,-7.62092],[109.06728,-7.62047],[109.06729,-7.62047],[109.06729,-7.62002],[109.06684,-7.62002],[109.06684,-7.62001],[109.06684,-7.61956],[109.0673,-7.61956],[109.0673,-7.62001],[109.06774,-7.62001],[109.06774,-7.61957],[109.06774,-7.61956],[109.06774,-7.61911],[109.0682,-7.61911],[109.06866,-7.61911],[109.06866,-7.61912],[109.06911,-7.61912],[109.06911,-7.61957],[109.06956,-7.61957],[109.06956,-7.61912],[109.07001,-7.61912],[109.07002,-7.61912],[109.07002,-7.61957],[109.07046,-7.61957],[109.07047,-7.61957],[109.07047,-7.61958],[109.07092,-7.61958],[109.07092,-7.62003],[109.07092,-7.62048],[109.07137,-7.62048],[109.07137,-7.62094],[109.07092,-7.62094],[109.07092,-7.62139],[109.07046,-7.62139],[109.07046,-7.62138],[109.07001,-7.62138],[109.07001,-7.62183],[109.07046,-7.62183],[109.07046,-7.62184],[109.0709,-7.62184],[109.07091,-7.62184],[109.07136,-7.62184],[109.07181,-7.62184],[109.07182,-7.62184],[109.07226,-7.62184],[109.07226,-7.62139],[109.07182,-7.62139],[109.07181,-7.62139],[109.07181,-7.62094],[109.07182,-7.62094],[109.07226,-7.62094],[109.07226,-7.62049],[109.07182,-7.62049],[109.07181,-7.62049],[109.07181,-7.62004],[109.07137,-7.62004],[109.07136,-7.62004],[109.07136,-7.62003],[109.07136,-7.61958],[109.07137,-7.61958],[109.07181,-7.61958],[109.07182,-7.61958],[109.07182,-7.61913],[109.07182,-7.61868],[109.07182,-7.61823],[109.07228,-7.61823],[109.07228,-7.61778],[109.07228,-7.61733],[109.07274,-7.61733],[109.07274,-7.61688],[109.0732,-7.61688],[109.0732,-7.61733],[109.07364,-7.61733],[109.07365,-7.61733],[109.07365,-7.61688],[109.07405,-7.61688],[109.0741,-7.61688],[109.0741,-7.61643],[109.07365,-7.61643],[109.07365,-7.61598],[109.0741,-7.61598],[109.07411,-7.61598],[109.07455,-7.61598],[109.07456,-7.61598],[109.07456,-7.61643],[109.07456,-7.61688],[109.07455,-7.61688],[109.07411,-7.61688],[109.07411,-7.61709],[109.07411,-7.61733],[109.07417,-7.61733],[109.07455,-7.61733],[109.07456,-7.61733],[109.07456,-7.61734],[109.075,-7.61734],[109.07501,-7.61734],[109.07501,-7.61779],[109.07545,-7.61779],[109.07545,-7.61734],[109.0759,-7.61734],[109.0759,-7.61689],[109.07546,-7.61689],[109.07545,-7.61689],[109.075,-7.61689],[109.075,-7.61644],[109.075,-7.61643],[109.075,-7.61598],[109.07545,-7.61598],[109.07546,-7.61598],[109.07591,-7.61598],[109.07591,-7.61644],[109.07591,-7.61689],[109.07636,-7.61689],[109.07636,-7.61644],[109.07682,-7.61644],[109.07682,-7.61689],[109.07727,-7.61689],[109.07727,-7.6169],[109.07772,-7.6169],[109.07772,-7.61735],[109.07817,-7.61735],[109.07818,-7.61735],[109.07862,-7.61735],[109.07863,-7.61735],[109.07908,-7.61735],[109.07908,-7.61781],[109.07863,-7.61781],[109.07863,-7.61826],[109.07908,-7.61826],[109.07908,-7.61871],[109.07907,-7.61871],[109.07907,-7.61916],[109.07907,-7.61961],[109.07907,-7.61962],[109.07907,-7.62007],[109.07861,-7.62007],[109.07861,-7.61962],[109.07861,-7.61961],[109.07861,-7.61916],[109.07861,-7.61871],[109.07862,-7.61871],[109.07862,-7.61826],[109.07817,-7.61826],[109.07817,-7.61781],[109.07817,-7.6178],[109.07772,-7.6178],[109.07772,-7.61825],[109.07727,-7.61825],[109.07726,-7.61825],[109.07681,-7.61825],[109.07636,-7.61825],[109.07635,-7.61825],[109.07591,-7.61825],[109.07591,-7.61869],[109.07591,-7.6187],[109.07635,-7.6187],[109.07636,-7.6187],[109.07681,-7.6187],[109.07681,-7.61915],[109.07725,-7.61915],[109.07726,-7.61915],[109.07771,-7.61915],[109.07771,-7.61916],[109.07771,-7.61961],[109.07816,-7.61961],[109.07816,-7.62006],[109.07771,-7.62006],[109.0777,-7.62006],[109.0777,-7.61961],[109.07726,-7.61961],[109.07725,-7.61961],[109.07681,-7.61961],[109.0768,-7.61961],[109.07635,-7.61961],[109.07635,-7.6196],[109.07591,-7.6196],[109.0759,-7.6196],[109.0759,-7.62005],[109.0759,-7.6205],[109.0759,-7.62051],[109.07554,-7.62051],[109.07544,-7.62051],[109.07544,-7.62095],[109.07563,-7.62095],[109.0759,-7.62095],[109.0759,-7.62096],[109.07634,-7.62096],[109.07635,-7.62096],[109.0768,-7.62096],[109.07726,-7.62096],[109.07726,-7.62141],[109.0768,-7.62141],[109.07635,-7.62141],[109.07634,-7.62141],[109.0759,-7.62141],[109.07589,-7.62141],[109.07584,-7.62141],[109.07544,-7.62141],[109.07499,-7.62141],[109.07499,-7.62186],[109.07498,-7.62186],[109.07498,-7.62231],[109.07498,-7.62276],[109.07498,-7.62321],[109.07498,-7.62366],[109.07452,-7.62366],[109.07452,-7.62321],[109.07407,-7.62321],[109.07362,-7.62321],[109.07317,-7.62321],[109.07317,-7.6232],[109.07272,-7.6232],[109.07271,-7.6232],[109.07226,-7.6232],[109.07226,-7.62275],[109.07226,-7.6223],[109.07182,-7.6223],[109.07182,-7.62275],[109.07136,-7.62275],[109.07136,-7.6232],[109.0709,-7.6232],[109.0709,-7.62274],[109.07136,-7.62274],[109.07136,-7.62229],[109.07091,-7.62229],[109.0709,-7.62229],[109.07046,-7.62229],[109.07046,-7.62274],[109.07045,-7.62274],[109.07045,-7.62319],[109.07045,-7.62364],[109.06999,-7.62364],[109.06999,-7.62319],[109.06999,-7.62274],[109.06955,-7.62274],[109.06954,-7.62274],[109.06909,-7.62274],[109.06909,-7.62273],[109.06864,-7.62273],[109.06863,-7.62273],[109.06819,-7.62273],[109.06818,-7.62273],[109.06773,-7.62273],[109.06773,-7.62318],[109.06728,-7.62318],[109.06728,-7.62273],[109.06683,-7.62273],[109.06683,-7.62317],[109.06683,-7.62318],[109.06683,-7.62363],[109.06637,-7.62363],[109.06637,-7.62318],[109.06637,-7.62317],[109.06593,-7.62317],[109.06592,-7.62317],[109.06547,-7.62317],[109.06502,-7.62317],[109.06501,-7.62317],[109.06457,-7.62317],[109.06456,-7.62317],[109.06411,-7.62317],[109.06411,-7.62316],[109.06366,-7.62316],[109.06366,-7.62361],[109.0632,-7.62361],[109.06275,-7.62361],[109.06274,-7.62361],[109.0624,-7.62361],[109.06244,-7.6233],[109.06235,-7.62316],[109.06229,-7.62306],[109.06229,-7.62271],[109.06229,-7.6227],[109.06196,-7.6227],[109.06195,-7.62257],[109.06186,-7.62248],[109.06191,-7.62264],[109.06191,-7.62265],[109.06192,-7.6227],[109.06185,-7.6227],[109.06184,-7.6227],[109.06184,-7.62288],[109.06139,-7.62282],[109.06139,-7.6227]],[[109.07228,-7.61868],[109.07228,-7.61913],[109.07228,-7.61958],[109.07228,-7.61959],[109.07227,-7.61959],[109.07227,-7.62003],[109.07227,-7.62004],[109.07272,-7.62004],[109.07273,-7.62004],[109.07318,-7.62004],[109.07318,-7.62049],[109.07362,-7.62049],[109.07363,-7.62049],[109.07408,-7.62049],[109.07408,-7.6205],[109.07453,-7.6205],[109.07453,-7.62005],[109.07409,-7.62005],[109.07408,-7.62005],[109.07363,-7.62005],[109.07363,-7.62004],[109.07363,-7.61959],[109.07408,-7.61959],[109.07409,-7.61959],[109.07454,-7.61959],[109.07499,-7.61959],[109.07499,-7.61945],[109.07499,-7.61915],[109.07486,-7.61915],[109.07454,-7.61915],[109.07454,-7.61914],[109.0741,-7.61914],[109.07409,-7.61914],[109.07364,-7.61914],[109.07319,-7.61914],[109.07318,-7.61914],[109.07273,-7.61914],[109.07273,-7.61869],[109.07273,-7.61868],[109.07273,-7.61823],[109.07228,-7.61823],[109.07228,-7.61868]],[[109.06956,-7.62047],[109.06956,-7.62093],[109.07,-7.62093],[109.07001,-7.62093],[109.07046,-7.62093],[109.07046,-7.62048],[109.07001,-7.62048],[109.07001,-7.62003],[109.06956,-7.62003],[109.06911,-7.62003],[109.06911,-7.62047],[109.06956,-7.62047]],[[109.07,-7.62183],[109.06955,-7.62183],[109.06955,-7.62228],[109.07,-7.62228],[109.07,-7.62183]],[[109.06275,-7.62271],[109.06275,-7.62315],[109.06275,-7.62316],[109.0632,-7.62316],[109.0632,-7.62271],[109.06275,-7.62271]],[[109.0691,-7.61957],[109.06866,-7.61957],[109.06866,-7.62002],[109.0691,-7.62002],[109.0691,-7.61957]],[[109.07454,-7.6205],[109.07454,-7.62095],[109.07498,-7.62095],[109.07498,-7.6205],[109.07454,-7.6205]],[[109.07362,-7.62275],[109.07362,-7.6223],[109.07317,-7.6223],[109.07317,-7.62275],[109.07362,-7.62275]],[[109.07501,-7.61824],[109.07501,-7.61869],[109.07545,-7.61869],[109.07545,-7.61825],[109.07545,-7.61824],[109.07501,-7.61824]]],[[[109.05959,-7.61908],[109.05959,-7.61862],[109.06005,-7.61862],[109.06005,-7.61908],[109.05959,-7.61908]]],[[[109.05779,-7.61861],[109.05779,-7.61863],[109.05778,-7.61861],[109.05779,-7.61861]]],[[[109.06097,-7.61773],[109.06051,-7.61773],[109.06051,-7.61727],[109.06097,-7.61727],[109.06097,-7.61773]]],[[[109.0578,-7.6159],[109.0578,-7.61591],[109.05734,-7.61591],[109.05734,-7.6159],[109.05734,-7.61545],[109.0578,-7.61545],[109.0578,-7.6159]]],[[[109.06145,-7.60914],[109.061,-7.60914],[109.061,-7.60869],[109.06145,-7.60869],[109.06146,-7.60869],[109.06146,-7.60914],[109.06145,-7.60914]]],[[[109.0601,-7.60823],[109.06055,-7.60823],[109.06056,-7.60823],[109.06056,-7.60869],[109.06055,-7.60869],[109.0601,-7.60869],[109.05965,-7.60869],[109.05965,-7.60914],[109.05919,-7.60914],[109.05919,-7.60913],[109.05874,-7.60913],[109.05874,-7.60868],[109.05919,-7.60868],[109.0592,-7.60868],[109.05964,-7.60868],[109.05964,-7.60823],[109.0601,-7.60823]]],[[[109.0592,-7.60823],[109.05874,-7.60823],[109.05874,-7.60778],[109.0592,-7.60778],[109.0592,-7.60823]]],[[[109.05829,-7.60732],[109.05829,-7.60687],[109.05875,-7.60687],[109.05875,-7.60732],[109.05829,-7.60732]]],[[[109.06011,-7.60643],[109.05965,-7.60643],[109.0592,-7.60643],[109.0592,-7.60642],[109.0592,-7.60597],[109.05965,-7.60597],[109.06011,-7.60597],[109.06011,-7.60643]]],[[[109.0565,-7.60506],[109.05604,-7.60506],[109.05604,-7.60505],[109.05558,-7.60505],[109.05558,-7.6046],[109.05559,-7.6046],[109.05559,-7.60415],[109.05514,-7.60415],[109.05514,-7.6046],[109.05468,-7.6046],[109.05468,-7.60414],[109.05514,-7.60414],[109.05514,-7.6037],[109.05514,-7.60369],[109.05514,-7.60324],[109.05559,-7.60324],[109.0556,-7.60324],[109.05605,-7.60324],[109.05605,-7.60325],[109.05649,-7.60325],[109.05649,-7.6028],[109.0565,-7.6028],[109.05695,-7.6028],[109.05695,-7.60235],[109.0574,-7.60235],[109.05741,-7.60235],[109.05785,-7.60235],[109.05786,-7.60235],[109.05831,-7.60235],[109.05831,-7.6028],[109.05831,-7.60325],[109.05831,-7.60326],[109.05876,-7.60326],[109.05876,-7.60371],[109.05921,-7.60371],[109.05921,-7.60326],[109.05967,-7.60326],[109.05967,-7.60371],[109.05967,-7.60416],[109.06012,-7.60416],[109.06012,-7.60417],[109.06057,-7.60417],[109.06057,-7.60462],[109.06012,-7.60462],[109.06012,-7.60507],[109.05966,-7.60507],[109.05966,-7.60462],[109.05966,-7.60417],[109.05921,-7.60417],[109.05921,-7.60461],[109.05921,-7.60462],[109.05876,-7.60462],[109.05876,-7.60506],[109.05876,-7.60507],[109.05875,-7.60507],[109.05875,-7.60552],[109.0583,-7.60552],[109.0583,-7.60597],[109.05785,-7.60597],[109.05785,-7.60642],[109.05739,-7.60642],[109.05739,-7.60597],[109.05739,-7.60596],[109.05694,-7.60596],[109.05694,-7.60551],[109.05739,-7.60551],[109.05739,-7.60506],[109.05695,-7.60506],[109.05695,-7.60461],[109.0565,-7.60461],[109.0565,-7.60505],[109.0565,-7.60506]],[[109.05785,-7.60461],[109.05785,-7.60416],[109.05785,-7.60371],[109.0574,-7.60371],[109.0574,-7.6037],[109.05695,-7.6037],[109.05695,-7.60325],[109.0565,-7.60325],[109.0565,-7.6037],[109.0565,-7.60415],[109.05695,-7.60415],[109.0574,-7.60415],[109.0574,-7.6046],[109.0574,-7.60461],[109.05785,-7.60461]],[[109.05785,-7.60506],[109.0583,-7.60506],[109.0583,-7.60461],[109.05785,-7.60461],[109.05785,-7.60506]],[[109.05741,-7.6028],[109.05741,-7.60325],[109.05785,-7.60325],[109.05785,-7.6028],[109.05741,-7.6028]]],[[[109.05694,-7.60641],[109.05648,-7.60641],[109.05648,-7.60596],[109.05694,-7.60596],[109.05694,-7.60641]]],[[[109.05558,-7.60596],[109.05558,-7.6055],[109.05604,-7.6055],[109.05604,-7.60596],[109.05558,-7.60596]]],[[[109.0592,-7.60552],[109.0592,-7.60507],[109.05966,-7.60507],[109.05966,-7.60552],[109.0592,-7.60552]]],[[[109.06193,-7.60417],[109.06193,-7.60372],[109.06148,-7.60372],[109.06148,-7.60327],[109.06194,-7.60327],[109.06194,-7.60372],[109.06239,-7.60372],[109.06239,-7.60418],[109.06284,-7.60418],[109.06284,-7.60463],[109.06238,-7.60463],[109.06238,-7.60418],[109.06193,-7.60418],[109.06193,-7.60463],[109.06148,-7.60463],[109.06147,-7.60463],[109.06102,-7.60463],[109.06102,-7.60417],[109.06147,-7.60417],[109.06148,-7.60417],[109.06193,-7.60417]]],[[[109.05967,-7.60326],[109.05967,-7.60281],[109.06013,-7.60281],[109.06013,-7.60326],[109.05967,-7.60326]]],[[[109.05605,-7.60144],[109.05651,-7.60144],[109.05651,-7.60189],[109.0565,-7.60189],[109.0565,-7.60234],[109.05605,-7.60234],[109.05604,-7.60234],[109.05604,-7.60189],[109.0556,-7.60189],[109.0556,-7.60234],[109.05515,-7.60234],[109.05514,-7.60234],[109.05514,-7.60189],[109.05515,-7.60189],[109.05559,-7.60189],[109.05559,-7.60144],[109.0556,-7.60144],[109.05605,-7.60144]]],[[[109.06013,-7.60191],[109.05967,-7.60191],[109.05967,-7.60145],[109.06013,-7.60145],[109.06013,-7.60191]]],[[[109.05832,-7.601],[109.05878,-7.601],[109.05878,-7.60145],[109.05832,-7.60145],[109.05786,-7.60145],[109.05786,-7.60099],[109.05832,-7.60099],[109.05832,-7.601]]],[[[109.05742,-7.60099],[109.05696,-7.60099],[109.05696,-7.60054],[109.05742,-7.60054],[109.05742,-7.60099]]],[[[109.05742,-7.60054],[109.05742,-7.60009],[109.05788,-7.60009],[109.05788,-7.60054],[109.05742,-7.60054]]],[[[109.06567,-7.67875],[109.06567,-7.6792],[109.06529,-7.6792],[109.06528,-7.67918],[109.06525,-7.67907],[109.06521,-7.67891],[109.06521,-7.67875],[109.06567,-7.67875]]],[[[109.06518,-7.67659],[109.06523,-7.6765],[109.06523,-7.67694],[109.0651,-7.67694],[109.06511,-7.67683],[109.06515,-7.67667],[109.06517,-7.67659],[109.06518,-7.67659]]],[[[109.06523,-7.67378],[109.06569,-7.67378],[109.06614,-7.67378],[109.06615,-7.67378],[109.06615,-7.67333],[109.06615,-7.67288],[109.06615,-7.67242],[109.0666,-7.67242],[109.06661,-7.67242],[109.06661,-7.67288],[109.06705,-7.67288],[109.06705,-7.67243],[109.06705,-7.67198],[109.06661,-7.67198],[109.0666,-7.67198],[109.06615,-7.67198],[109.06615,-7.67197],[109.06615,-7.67152],[109.0666,-7.67152],[109.06661,-7.67152],[109.06706,-7.67152],[109.06706,-7.67198],[109.0675,-7.67198],[109.06751,-7.67198],[109.06751,-7.67153],[109.06751,-7.67108],[109.06751,-7.67107],[109.06751,-7.67062],[109.06707,-7.67062],[109.06706,-7.67062],[109.06706,-7.67107],[109.06661,-7.67107],[109.0666,-7.67107],[109.06616,-7.67107],[109.06615,-7.67107],[109.06571,-7.67107],[109.06571,-7.67152],[109.06571,-7.67197],[109.06571,-7.67242],[109.0657,-7.67242],[109.06525,-7.67242],[109.06525,-7.67197],[109.06525,-7.67152],[109.06525,-7.67107],[109.06525,-7.67106],[109.06525,-7.67061],[109.0657,-7.67061],[109.0657,-7.67016],[109.06525,-7.67016],[109.06525,-7.66971],[109.06571,-7.66971],[109.06571,-7.67016],[109.06615,-7.67016],[109.06616,-7.67016],[109.06661,-7.67016],[109.06661,-7.67017],[109.06706,-7.67017],[109.06707,-7.67017],[109.06752,-7.67017],[109.06752,-7.67062],[109.06797,-7.67062],[109.06843,-7.67062],[109.06843,-7.67063],[109.06888,-7.67063],[109.06888,-7.67108],[109.06932,-7.67108],[109.06933,-7.67108],[109.06978,-7.67108],[109.06978,-7.67153],[109.06978,-7.67154],[109.06978,-7.67199],[109.06932,-7.67199],[109.06932,-7.67154],[109.06887,-7.67154],[109.06887,-7.67198],[109.06887,-7.67199],[109.06887,-7.67243],[109.06887,-7.67244],[109.06932,-7.67244],[109.06932,-7.67289],[109.06932,-7.67334],[109.06977,-7.67334],[109.06977,-7.67289],[109.07023,-7.67289],[109.07023,-7.67335],[109.06977,-7.67335],[109.06977,-7.6738],[109.06931,-7.6738],[109.06931,-7.67379],[109.06886,-7.67379],[109.06886,-7.67424],[109.06931,-7.67424],[109.06931,-7.6747],[109.06976,-7.6747],[109.06976,-7.67515],[109.06931,-7.67515],[109.06931,-7.6756],[109.06976,-7.6756],[109.06976,-7.67605],[109.07021,-7.67605],[109.07021,-7.67606],[109.07021,-7.67651],[109.06976,-7.67651],[109.06976,-7.67696],[109.06976,-7.67741],[109.0693,-7.67741],[109.0693,-7.67696],[109.0693,-7.67651],[109.0693,-7.6765],[109.0693,-7.67606],[109.0693,-7.67605],[109.06885,-7.67605],[109.06885,-7.6756],[109.06885,-7.67515],[109.06885,-7.6747],[109.06841,-7.6747],[109.06841,-7.67515],[109.06795,-7.67515],[109.06795,-7.6756],[109.06749,-7.6756],[109.06749,-7.67514],[109.06795,-7.67514],[109.06795,-7.67469],[109.0684,-7.67469],[109.0684,-7.67424],[109.0684,-7.67379],[109.06796,-7.67379],[109.06796,-7.67424],[109.06795,-7.67424],[109.06751,-7.67424],[109.06751,-7.67469],[109.0675,-7.67469],[109.06705,-7.67469],[109.06705,-7.67514],[109.06659,-7.67514],[109.06659,-7.67559],[109.06614,-7.67559],[109.06614,-7.67604],[109.06568,-7.67604],[109.06568,-7.67594],[109.06569,-7.6759],[109.06569,-7.67586],[109.06568,-7.67581],[109.06568,-7.67559],[109.06568,-7.67558],[109.06613,-7.67558],[109.06613,-7.67514],[109.06568,-7.67514],[109.06568,-7.67513],[109.06535,-7.67513],[109.06526,-7.67493],[109.06523,-7.67495],[109.06523,-7.67494],[109.06523,-7.67468],[109.06523,-7.67423],[109.06523,-7.67378]],[[109.06569,-7.67423],[109.06569,-7.67468],[109.06614,-7.67468],[109.06614,-7.67423],[109.06569,-7.67423]],[[109.06795,-7.67334],[109.06751,-7.67334],[109.06751,-7.67378],[109.06751,-7.67379],[109.06795,-7.67379],[109.06795,-7.67334]],[[109.06614,-7.67513],[109.06659,-7.67513],[109.06659,-7.67469],[109.06614,-7.67469],[109.06614,-7.67513]],[[109.06706,-7.67333],[109.0675,-7.67333],[109.0675,-7.67288],[109.06706,-7.67288],[109.06706,-7.67333]],[[109.06795,-7.67288],[109.06795,-7.67243],[109.06751,-7.67243],[109.06751,-7.67288],[109.06795,-7.67288]],[[109.06843,-7.67108],[109.06842,-7.67108],[109.06842,-7.67153],[109.06887,-7.67153],[109.06887,-7.67108],[109.06843,-7.67108]]],[[[109.06442,-7.67422],[109.06442,-7.67386],[109.06443,-7.67386],[109.06443,-7.67422],[109.06478,-7.67422],[109.06479,-7.67422],[109.06479,-7.67423],[109.06478,-7.67423],[109.06478,-7.67468],[109.06432,-7.67468],[109.06432,-7.67458],[109.06442,-7.67458],[109.06442,-7.67423],[109.06442,-7.67422]]],[[[109.06497,-7.67287],[109.06525,-7.67287],[109.06525,-7.67332],[109.06497,-7.67332],[109.06497,-7.67287]]],[[[109.06397,-7.6719],[109.06389,-7.67166],[109.06389,-7.67151],[109.06383,-7.67151],[109.06367,-7.67106],[109.0636,-7.67086],[109.06351,-7.67061],[109.06344,-7.6704],[109.06344,-7.67039],[109.06335,-7.67015],[109.06332,-7.67006],[109.06319,-7.6697],[109.06304,-7.66925],[109.06345,-7.66925],[109.06345,-7.6697],[109.06345,-7.67015],[109.0639,-7.67015],[109.0639,-7.6706],[109.0639,-7.67061],[109.0639,-7.67106],[109.0639,-7.67151],[109.06435,-7.67151],[109.06435,-7.67196],[109.06435,-7.67197],[109.064,-7.67197],[109.06397,-7.6719]]],[[[109.0648,-7.67061],[109.06435,-7.67061],[109.06435,-7.67016],[109.0648,-7.67016],[109.0648,-7.67061]]],[[[109.06288,-7.66879],[109.063,-7.66879],[109.063,-7.66913],[109.06299,-7.66913],[109.06293,-7.66895],[109.06288,-7.66879]]],[[[109.06481,-7.66835],[109.06481,-7.6679],[109.06527,-7.6679],[109.06527,-7.66835],[109.06481,-7.66835]]],[[[109.06209,-7.66656],[109.06209,-7.66653],[109.0621,-7.66653],[109.06255,-7.66653],[109.06255,-7.66699],[109.06224,-7.66699],[109.06223,-7.66699],[109.06209,-7.66657],[109.06209,-7.66656]]],[[[109.06346,-7.66564],[109.06346,-7.66563],[109.06391,-7.66563],[109.06391,-7.66519],[109.06391,-7.66518],[109.06437,-7.66518],[109.06437,-7.66519],[109.06437,-7.66564],[109.06392,-7.66564],[109.06392,-7.66609],[109.06346,-7.66609],[109.06346,-7.66564]]],[[[109.06256,-7.66563],[109.0621,-7.66563],[109.0621,-7.66518],[109.06256,-7.66518],[109.06256,-7.66563]]],[[[109.06574,-7.66321],[109.06574,-7.6633],[109.06574,-7.66339],[109.06552,-7.66339],[109.06529,-7.66339],[109.06529,-7.66347],[109.06529,-7.66383],[109.06529,-7.66384],[109.06528,-7.66384],[109.06483,-7.66384],[109.06483,-7.66383],[109.06483,-7.66361],[109.06483,-7.66352],[109.06483,-7.66338],[109.06527,-7.66338],[109.06528,-7.66338],[109.06528,-7.66293],[109.06574,-7.66293],[109.06574,-7.66321]]],[[[109.06393,-7.66247],[109.06348,-7.66247],[109.06348,-7.66202],[109.06393,-7.66202],[109.06394,-7.66202],[109.06394,-7.66247],[109.06393,-7.66247]]],[[[109.06484,-7.66112],[109.0653,-7.66112],[109.0653,-7.6614],[109.06502,-7.6614],[109.06502,-7.66158],[109.06484,-7.66158],[109.06484,-7.66112]]],[[[109.06213,-7.66156],[109.06167,-7.66156],[109.06167,-7.66111],[109.06213,-7.66111],[109.06213,-7.66156]]],[[[109.06435,-7.6574],[109.06441,-7.65738],[109.06441,-7.65751],[109.06404,-7.65751],[109.06404,-7.6575],[109.06435,-7.6574]]],[[[109.06396,-7.65389],[109.06442,-7.65389],[109.06442,-7.654],[109.06397,-7.65409],[109.06396,-7.65409],[109.06396,-7.65389]]],[[[109.06307,-7.65253],[109.06261,-7.65253],[109.06261,-7.65208],[109.06261,-7.65207],[109.06307,-7.65207],[109.06307,-7.65208],[109.06307,-7.65253]]],[[[109.06401,-7.6444],[109.06401,-7.64404],[109.0642,-7.64404],[109.0642,-7.64395],[109.06447,-7.64395],[109.06447,-7.6444],[109.06401,-7.6444]]],[[[109.06266,-7.64304],[109.06266,-7.64259],[109.06312,-7.64259],[109.06312,-7.64304],[109.06266,-7.64304]]],[[[109.06403,-7.64079],[109.06403,-7.64033],[109.06448,-7.64033],[109.06448,-7.64079],[109.06403,-7.64079]]],[[[109.06267,-7.63942],[109.06222,-7.63942],[109.06222,-7.63897],[109.06267,-7.63897],[109.06268,-7.63897],[109.06313,-7.63897],[109.06313,-7.63943],[109.06268,-7.63943],[109.06267,-7.63943],[109.06267,-7.63942]]],[[[109.06405,-7.63582],[109.0636,-7.63582],[109.0636,-7.63581],[109.0636,-7.6354],[109.06406,-7.63547],[109.06406,-7.63581],[109.06451,-7.63581],[109.06451,-7.63582],[109.06451,-7.63627],[109.06451,-7.63672],[109.06405,-7.63672],[109.0636,-7.63672],[109.06359,-7.63672],[109.06314,-7.63672],[109.06314,-7.63626],[109.06359,-7.63626],[109.0636,-7.63626],[109.06405,-7.63626],[109.06405,-7.63582]]],[[[109.06269,-7.63536],[109.06269,-7.63525],[109.06315,-7.63533],[109.06315,-7.63536],[109.06269,-7.63536]]],[[[109.06451,-7.63536],[109.06451,-7.63537],[109.0643,-7.63537],[109.06451,-7.63503],[109.06451,-7.63536]]],[[[109.06587,-7.63492],[109.06541,-7.63492],[109.06541,-7.63447],[109.06496,-7.63447],[109.06496,-7.63429],[109.06514,-7.63401],[109.06542,-7.63401],[109.06542,-7.63446],[109.06587,-7.63446],[109.06587,-7.63447],[109.06587,-7.63492]]],[[[109.06282,-7.63264],[109.06282,-7.63265],[109.06271,-7.63265],[109.06271,-7.63255],[109.06271,-7.63246],[109.06271,-7.63219],[109.06316,-7.63219],[109.06316,-7.63261],[109.06284,-7.63258],[109.06282,-7.63264]]],[[[109.06407,-7.6322],[109.06451,-7.6322],[109.06452,-7.6322],[109.06497,-7.6322],[109.06497,-7.63266],[109.06451,-7.63266],[109.06451,-7.63265],[109.06407,-7.63265],[109.06406,-7.63265],[109.06377,-7.63265],[109.06361,-7.63264],[109.06361,-7.6322],[109.06406,-7.6322],[109.06407,-7.6322]]],[[[109.06498,-7.6313],[109.06452,-7.6313],[109.06452,-7.63085],[109.06498,-7.63085],[109.06498,-7.6313]]],[[[109.06364,-7.62497],[109.06364,-7.62452],[109.0641,-7.62452],[109.0641,-7.62497],[109.06364,-7.62497]]],[[[109.06503,-7.62181],[109.06457,-7.62181],[109.06457,-7.62136],[109.06503,-7.62136],[109.06503,-7.62181]]],[[[109.06231,-7.62045],[109.06231,-7.61999],[109.06277,-7.61999],[109.06277,-7.62045],[109.06231,-7.62045]]],[[[109.06186,-7.61864],[109.06186,-7.61818],[109.06232,-7.61818],[109.06232,-7.61864],[109.06186,-7.61864]]],[[[109.06323,-7.61774],[109.06277,-7.61774],[109.06277,-7.61728],[109.06323,-7.61728],[109.06323,-7.61774]]],[[[109.06236,-7.60915],[109.06235,-7.60915],[109.06235,-7.6087],[109.06236,-7.6087],[109.06281,-7.6087],[109.06281,-7.60915],[109.06236,-7.60915]]],[[[109.06283,-7.60599],[109.06283,-7.60554],[109.06283,-7.60553],[109.06329,-7.60553],[109.06329,-7.60554],[109.06329,-7.60599],[109.06283,-7.60599]]],[[[109.06464,-7.60554],[109.06419,-7.60554],[109.06419,-7.60509],[109.06464,-7.60509],[109.06464,-7.60554]]],[[[109.06555,-7.6051],[109.06509,-7.6051],[109.06509,-7.60464],[109.06555,-7.60464],[109.06555,-7.6051]]],[[[109.06239,-7.60282],[109.06283,-7.60282],[109.06284,-7.60282],[109.06329,-7.60282],[109.06329,-7.60283],[109.06374,-7.60283],[109.06374,-7.60238],[109.06374,-7.60192],[109.06376,-7.60192],[109.0642,-7.60192],[109.0642,-7.60238],[109.0642,-7.60283],[109.06411,-7.60283],[109.06375,-7.60283],[109.06375,-7.60328],[109.06419,-7.60328],[109.0642,-7.60328],[109.06429,-7.60328],[109.06465,-7.60328],[109.06465,-7.60373],[109.06465,-7.60374],[109.06509,-7.60374],[109.0651,-7.60374],[109.06555,-7.60374],[109.06555,-7.60419],[109.0651,-7.60419],[109.06509,-7.60419],[109.06486,-7.60419],[109.06465,-7.60419],[109.06464,-7.60419],[109.06419,-7.60419],[109.06419,-7.60374],[109.06419,-7.60373],[109.06374,-7.60373],[109.06374,-7.60418],[109.06374,-7.60463],[109.06419,-7.60463],[109.06419,-7.60464],[109.06419,-7.60509],[109.06374,-7.60509],[109.06329,-7.60509],[109.06329,-7.60464],[109.06329,-7.60463],[109.06329,-7.60418],[109.06329,-7.60373],[109.06329,-7.60328],[109.06284,-7.60328],[109.06283,-7.60328],[109.06239,-7.60328],[109.06238,-7.60328],[109.06238,-7.60282],[109.06239,-7.60282]]],[[[109.06194,-7.60282],[109.06148,-7.60282],[109.06148,-7.60237],[109.06194,-7.60237],[109.06194,-7.60282]]],[[[109.06284,-7.60056],[109.06285,-7.60056],[109.0633,-7.60056],[109.0633,-7.60057],[109.0633,-7.60102],[109.06318,-7.60102],[109.06284,-7.60102],[109.06284,-7.60057],[109.06284,-7.60056]]],[[[109.06194,-7.60056],[109.06194,-7.60011],[109.0624,-7.60011],[109.0624,-7.60056],[109.06194,-7.60056]]],[[[109.06593,-7.68055],[109.06568,-7.6801],[109.06612,-7.6801],[109.06612,-7.68056],[109.06593,-7.68056],[109.06593,-7.68055]]],[[[109.06748,-7.6783],[109.06794,-7.6783],[109.06794,-7.67831],[109.06794,-7.67876],[109.06793,-7.67876],[109.06793,-7.67921],[109.06748,-7.67921],[109.06747,-7.67921],[109.06703,-7.67921],[109.06702,-7.67921],[109.06702,-7.67966],[109.06657,-7.67966],[109.06612,-7.67966],[109.06612,-7.6792],[109.06657,-7.6792],[109.06657,-7.67875],[109.06702,-7.67875],[109.06702,-7.6783],[109.06748,-7.6783]]],[[[109.06884,-7.67921],[109.06838,-7.67921],[109.06838,-7.67876],[109.06884,-7.67876],[109.06884,-7.67921]]],[[[109.06884,-7.67831],[109.06884,-7.67786],[109.0693,-7.67786],[109.0693,-7.67831],[109.06884,-7.67831]]],[[[109.06933,-7.67063],[109.06933,-7.67018],[109.06979,-7.67018],[109.06979,-7.67063],[109.06933,-7.67063]]],[[[109.06617,-7.66926],[109.06571,-7.66926],[109.06571,-7.66881],[109.06617,-7.66881],[109.06617,-7.66926]]],[[[109.06798,-7.66882],[109.06798,-7.66837],[109.06844,-7.66837],[109.06844,-7.66864],[109.06825,-7.66864],[109.06825,-7.66882],[109.06798,-7.66882]]],[[[109.06844,-7.66792],[109.06843,-7.66792],[109.06843,-7.66746],[109.06844,-7.66746],[109.06889,-7.66746],[109.06889,-7.66792],[109.06844,-7.66792]]],[[[109.06799,-7.66791],[109.06754,-7.66791],[109.06753,-7.66791],[109.06708,-7.66791],[109.06708,-7.66746],[109.06753,-7.66746],[109.06753,-7.66701],[109.06799,-7.66701],[109.06799,-7.66746],[109.06799,-7.66791]]],[[[109.06572,-7.66791],[109.06572,-7.66745],[109.06618,-7.66745],[109.06618,-7.66791],[109.06572,-7.66791]]],[[[109.06736,-7.66611],[109.06733,-7.66611],[109.06718,-7.66611],[109.06717,-7.66611],[109.06717,-7.6661],[109.06709,-7.6661],[109.06708,-7.6661],[109.06708,-7.66581],[109.06708,-7.66565],[109.06709,-7.66565],[109.06754,-7.66565],[109.06754,-7.6661],[109.06754,-7.66611],[109.06745,-7.66611],[109.06736,-7.66611]]],[[[109.06936,-7.66431],[109.06936,-7.6644],[109.06936,-7.66476],[109.0689,-7.66476],[109.0689,-7.66456],[109.0689,-7.66446],[109.0689,-7.66431],[109.0689,-7.6643],[109.0689,-7.66385],[109.06936,-7.66385],[109.06936,-7.6643],[109.06936,-7.66431]]],[[[109.06573,-7.66384],[109.06574,-7.66384],[109.06619,-7.66384],[109.06619,-7.66429],[109.06619,-7.66474],[109.06574,-7.66474],[109.06573,-7.66474],[109.06573,-7.66429],[109.06573,-7.66384]]],[[[109.06936,-7.66295],[109.06982,-7.66295],[109.07011,-7.66295],[109.07013,-7.66295],[109.07027,-7.66295],[109.07028,-7.66295],[109.07072,-7.66295],[109.07072,-7.66255],[109.07072,-7.66253],[109.07072,-7.66251],[109.07072,-7.6625],[109.07027,-7.6625],[109.07027,-7.66205],[109.07,-7.66205],[109.0699,-7.66205],[109.06982,-7.66205],[109.06937,-7.66205],[109.06937,-7.6616],[109.06937,-7.66159],[109.06892,-7.66159],[109.06892,-7.66204],[109.06892,-7.6625],[109.06846,-7.6625],[109.06846,-7.66294],[109.06846,-7.66295],[109.06846,-7.6634],[109.068,-7.6634],[109.068,-7.66295],[109.068,-7.66294],[109.068,-7.66249],[109.06801,-7.66249],[109.06801,-7.66204],[109.06846,-7.66204],[109.06846,-7.66159],[109.06846,-7.66114],[109.06892,-7.66114],[109.06937,-7.66114],[109.06937,-7.66069],[109.06892,-7.66069],[109.06847,-7.66069],[109.06802,-7.66069],[109.06802,-7.66023],[109.06847,-7.66023],[109.06892,-7.66023],[109.06892,-7.65979],[109.06892,-7.65978],[109.06938,-7.65978],[109.06938,-7.65979],[109.06982,-7.65979],[109.06983,-7.65979],[109.07028,-7.65979],[109.07073,-7.65979],[109.07073,-7.65934],[109.07119,-7.65934],[109.07119,-7.65889],[109.07165,-7.65889],[109.07165,-7.65934],[109.07165,-7.65935],[109.07119,-7.65935],[109.07119,-7.65979],[109.07165,-7.65979],[109.07165,-7.6598],[109.07209,-7.6598],[109.0721,-7.6598],[109.07213,-7.6598],[109.07223,-7.6598],[109.07255,-7.6598],[109.07255,-7.65955],[109.07298,-7.65935],[109.073,-7.65935],[109.07301,-7.65935],[109.07346,-7.65935],[109.07391,-7.65935],[109.07391,-7.65898],[109.07391,-7.6589],[109.07415,-7.6589],[109.07436,-7.6589],[109.07436,-7.65845],[109.07476,-7.65845],[109.07482,-7.65845],[109.07482,-7.65865],[109.07482,-7.65891],[109.07488,-7.65891],[109.07526,-7.65891],[109.07527,-7.65891],[109.07527,-7.65846],[109.07527,-7.65801],[109.07573,-7.65801],[109.07573,-7.65846],[109.07573,-7.65891],[109.07617,-7.65891],[109.07618,-7.65891],[109.07663,-7.65891],[109.07663,-7.65892],[109.07708,-7.65892],[109.07708,-7.65937],[109.07708,-7.65982],[109.07663,-7.65982],[109.07662,-7.65982],[109.07617,-7.65982],[109.07571,-7.65982],[109.07571,-7.65936],[109.07527,-7.65936],[109.07527,-7.65981],[109.07526,-7.65981],[109.07526,-7.66008],[109.07526,-7.66026],[109.07526,-7.66027],[109.07481,-7.66027],[109.07481,-7.66071],[109.07526,-7.66071],[109.07526,-7.66072],[109.07526,-7.66117],[109.07526,-7.66162],[109.07481,-7.66162],[109.07481,-7.66207],[109.07526,-7.66207],[109.07526,-7.66252],[109.07526,-7.66253],[109.0748,-7.66253],[109.0748,-7.66252],[109.0748,-7.66207],[109.07435,-7.66207],[109.07435,-7.66162],[109.0739,-7.66162],[109.0739,-7.66116],[109.07345,-7.66116],[109.07345,-7.66161],[109.07345,-7.66206],[109.07345,-7.66207],[109.07299,-7.66207],[109.07299,-7.66206],[109.07254,-7.66206],[109.07254,-7.6623],[109.07254,-7.66233],[109.07254,-7.66251],[109.07209,-7.66251],[109.07208,-7.66251],[109.07163,-7.66251],[109.07118,-7.66251],[109.07118,-7.66296],[109.07163,-7.66296],[109.07163,-7.66341],[109.07118,-7.66341],[109.07118,-7.66374],[109.07118,-7.66382],[109.07118,-7.66386],[109.07118,-7.66431],[109.07118,-7.66477],[109.07117,-7.66477],[109.07117,-7.66522],[109.07071,-7.66522],[109.07071,-7.66476],[109.07027,-7.66476],[109.07026,-7.66476],[109.06981,-7.66476],[109.06981,-7.66431],[109.07026,-7.66431],[109.07026,-7.6641],[109.07026,-7.66401],[109.07026,-7.66386],[109.07027,-7.66386],[109.07027,-7.66341],[109.06982,-7.66341],[109.06982,-7.6634],[109.06936,-7.6634],[109.06936,-7.6633],[109.06936,-7.6632],[109.06936,-7.66295]],[[109.07481,-7.66117],[109.07436,-7.66117],[109.07436,-7.66162],[109.07481,-7.66162],[109.07481,-7.66117]],[[109.06982,-7.66189],[109.06988,-7.66188],[109.06988,-7.66185],[109.06988,-7.66184],[109.06988,-7.66183],[109.06989,-7.66182],[109.06989,-7.66181],[109.06982,-7.66186],[109.06982,-7.66185],[109.06978,-7.66188],[109.06981,-7.6619],[109.06982,-7.66189]],[[109.0699,-7.66181],[109.06991,-7.66181],[109.06991,-7.6618],[109.06992,-7.6618],[109.06997,-7.66179],[109.0699,-7.66179],[109.0699,-7.6618],[109.06989,-7.6618],[109.06989,-7.66181],[109.0699,-7.66181]],[[109.07346,-7.66026],[109.07346,-7.66071],[109.07391,-7.66071],[109.07391,-7.66116],[109.07435,-7.66116],[109.07435,-7.66071],[109.07436,-7.66071],[109.07436,-7.66026],[109.07481,-7.66026],[109.07481,-7.65981],[109.07436,-7.65981],[109.07391,-7.65981],[109.07391,-7.66026],[109.07346,-7.66026]],[[109.07254,-7.66116],[109.07299,-7.66116],[109.07299,-7.66071],[109.07255,-7.66071],[109.07254,-7.66071],[109.07209,-7.66071],[109.07209,-7.66115],[109.07254,-7.66115],[109.07254,-7.66116]],[[109.07152,-7.65996],[109.07153,-7.66001],[109.07165,-7.65996],[109.07165,-7.65997],[109.07169,-7.65994],[109.07165,-7.65995],[109.07165,-7.65995],[109.07152,-7.65996]],[[109.07117,-7.66296],[109.07073,-7.66296],[109.07073,-7.66341],[109.07117,-7.66341],[109.07117,-7.66296]],[[109.07208,-7.66116],[109.07164,-7.66116],[109.07164,-7.6616],[109.07164,-7.66161],[109.07163,-7.66161],[109.07163,-7.66205],[109.07163,-7.66206],[109.07208,-7.66206],[109.07208,-7.66161],[109.07208,-7.66116]],[[109.07187,-7.66232],[109.07189,-7.66239],[109.07203,-7.66235],[109.07204,-7.66234],[109.07205,-7.66234],[109.07208,-7.66234],[109.07237,-7.66231],[109.07208,-7.66229],[109.07208,-7.66229],[109.07204,-7.66228],[109.07187,-7.66232]],[[109.07345,-7.65981],[109.07301,-7.65981],[109.07301,-7.66025],[109.07345,-7.66025],[109.07345,-7.65981]]],[[[109.06664,-7.66295],[109.06664,-7.66294],[109.06667,-7.66294],[109.0671,-7.66294],[109.0671,-7.66339],[109.06664,-7.66339],[109.06664,-7.66295]]],[[[109.06802,-7.66159],[109.06801,-7.66159],[109.06801,-7.66204],[109.06756,-7.66204],[109.06756,-7.66249],[109.0671,-7.66249],[109.0671,-7.66204],[109.06755,-7.66204],[109.06755,-7.66159],[109.0671,-7.66159],[109.0671,-7.66113],[109.06756,-7.66113],[109.06802,-7.66113],[109.06802,-7.66159]]],[[[109.06665,-7.66158],[109.06665,-7.66203],[109.06619,-7.66203],[109.06619,-7.66158],[109.06575,-7.66158],[109.06574,-7.66158],[109.06574,-7.66113],[109.0662,-7.66113],[109.06666,-7.66113],[109.06666,-7.66158],[109.06665,-7.66158]]],[[[109.06667,-7.65977],[109.06667,-7.65978],[109.06621,-7.65978],[109.06621,-7.65977],[109.06621,-7.65932],[109.06667,-7.65932],[109.06667,-7.65977]]],[[[109.06576,-7.65977],[109.0653,-7.65977],[109.0653,-7.65932],[109.06576,-7.65932],[109.06576,-7.65977]]],[[[109.06892,-7.65888],[109.06892,-7.65843],[109.06938,-7.65843],[109.06938,-7.65888],[109.06938,-7.65933],[109.06938,-7.65934],[109.06892,-7.65934],[109.06892,-7.65933],[109.06892,-7.65888]]],[[[109.06667,-7.65752],[109.06666,-7.65752],[109.06666,-7.65706],[109.06667,-7.65706],[109.06712,-7.65706],[109.06712,-7.65752],[109.06667,-7.65752]]],[[[109.06668,-7.65661],[109.06622,-7.65661],[109.06622,-7.65659],[109.06622,-7.65616],[109.0664,-7.65616],[109.06645,-7.65647],[109.06645,-7.65646],[109.06646,-7.65646],[109.06647,-7.65646],[109.06668,-7.65642],[109.06668,-7.6565],[109.06668,-7.65651],[109.06668,-7.65661]]],[[[109.06894,-7.65544],[109.06894,-7.65527],[109.06897,-7.65527],[109.06899,-7.65527],[109.0694,-7.65527],[109.0694,-7.65572],[109.06894,-7.65572],[109.06894,-7.65558],[109.06895,-7.65544],[109.06894,-7.65544]]],[[[109.0694,-7.65522],[109.0694,-7.65514],[109.0694,-7.65482],[109.06985,-7.65482],[109.06986,-7.65482],[109.06986,-7.65513],[109.06986,-7.65522],[109.06986,-7.65527],[109.06985,-7.65527],[109.0694,-7.65527],[109.0694,-7.65522]]],[[[109.06533,-7.65344],[109.06533,-7.65299],[109.06555,-7.65299],[109.06579,-7.65299],[109.06579,-7.65315],[109.06579,-7.65316],[109.06579,-7.65344],[109.06579,-7.65345],[109.06533,-7.65345],[109.06533,-7.65344]]],[[[109.0667,-7.653],[109.06624,-7.653],[109.06624,-7.65254],[109.0667,-7.65254],[109.0667,-7.653]]],[[[109.06761,-7.65119],[109.0676,-7.65119],[109.0676,-7.65165],[109.06715,-7.65165],[109.06715,-7.6521],[109.0667,-7.6521],[109.0667,-7.65164],[109.0667,-7.65119],[109.06715,-7.65119],[109.06715,-7.65074],[109.06761,-7.65074],[109.06761,-7.65119]]],[[[109.06761,-7.65029],[109.06715,-7.65029],[109.06715,-7.64984],[109.06761,-7.64984],[109.06761,-7.65029]]],[[[109.06625,-7.64938],[109.06671,-7.64938],[109.06671,-7.64983],[109.0667,-7.64983],[109.0667,-7.65029],[109.06625,-7.65029],[109.06625,-7.64983],[109.0658,-7.64983],[109.0658,-7.64938],[109.06625,-7.64938]]],[[[109.06899,-7.64578],[109.06898,-7.64578],[109.06898,-7.64533],[109.06899,-7.64533],[109.06944,-7.64533],[109.06944,-7.64578],[109.06899,-7.64578]]],[[[109.06673,-7.64351],[109.06673,-7.64306],[109.06719,-7.64306],[109.06719,-7.64351],[109.06673,-7.64351]]],[[[109.06947,-7.64126],[109.06926,-7.64126],[109.06901,-7.64126],[109.06901,-7.64081],[109.06947,-7.64081],[109.06947,-7.64092],[109.06947,-7.64126]]],[[[109.06538,-7.64079],[109.06538,-7.64034],[109.06584,-7.64034],[109.06584,-7.64079],[109.06538,-7.64079]]],[[[109.06947,-7.64036],[109.06901,-7.64036],[109.06901,-7.6399],[109.06947,-7.6399],[109.06947,-7.64036]]],[[[109.06856,-7.63855],[109.06856,-7.63809],[109.06857,-7.63809],[109.06902,-7.63809],[109.06902,-7.63855],[109.06947,-7.63855],[109.06947,-7.639],[109.06947,-7.63945],[109.06902,-7.63945],[109.06901,-7.63945],[109.06901,-7.639],[109.06901,-7.63855],[109.06857,-7.63855],[109.06856,-7.63855]]],[[[109.06721,-7.63899],[109.06675,-7.63899],[109.06675,-7.63854],[109.06721,-7.63854],[109.06721,-7.63899]]],[[[109.06812,-7.63854],[109.06766,-7.63854],[109.06766,-7.63809],[109.06812,-7.63809],[109.06812,-7.63854]]],[[[109.06541,-7.63673],[109.06541,-7.63627],[109.06586,-7.63627],[109.06586,-7.63582],[109.06631,-7.63582],[109.06632,-7.63582],[109.06632,-7.63628],[109.06631,-7.63628],[109.06587,-7.63628],[109.06587,-7.63673],[109.06586,-7.63673],[109.06541,-7.63673]]],[[[109.06589,-7.62905],[109.06589,-7.62859],[109.06635,-7.62859],[109.06635,-7.62905],[109.06589,-7.62905]]],[[[109.06952,-7.62726],[109.06952,-7.6268],[109.06998,-7.6268],[109.06998,-7.62726],[109.06952,-7.62726]]],[[[109.06999,-7.62545],[109.06953,-7.62545],[109.06953,-7.625],[109.06953,-7.62499],[109.06999,-7.62499],[109.06999,-7.625],[109.06999,-7.62545]]],[[[109.06548,-7.62136],[109.06547,-7.62136],[109.06547,-7.62091],[109.06548,-7.62091],[109.06593,-7.62091],[109.06593,-7.62136],[109.06548,-7.62136]]],[[[109.06684,-7.62092],[109.06638,-7.62092],[109.06638,-7.62046],[109.06684,-7.62046],[109.06684,-7.62092]]],[[[109.06595,-7.61657],[109.06595,-7.61685],[109.06559,-7.61685],[109.06559,-7.61675],[109.06549,-7.61675],[109.06549,-7.61639],[109.06558,-7.61639],[109.06558,-7.61657],[109.06595,-7.61657]]],[[[109.06643,-7.60962],[109.06643,-7.60917],[109.06689,-7.60917],[109.06689,-7.60962],[109.06643,-7.60962]]],[[[109.07006,-7.60828],[109.07006,-7.60873],[109.0696,-7.60873],[109.0696,-7.60828],[109.06915,-7.60828],[109.06915,-7.60782],[109.06961,-7.60782],[109.06961,-7.60828],[109.07006,-7.60828]]],[[[109.06961,-7.60647],[109.06917,-7.60647],[109.06916,-7.60647],[109.06871,-7.60647],[109.06871,-7.60692],[109.06826,-7.60692],[109.06826,-7.60737],[109.0678,-7.60737],[109.0678,-7.60692],[109.0678,-7.60691],[109.0678,-7.60646],[109.06825,-7.60646],[109.06826,-7.60646],[109.06871,-7.60646],[109.06871,-7.60602],[109.06871,-7.60601],[109.06826,-7.60601],[109.06826,-7.60556],[109.06826,-7.60511],[109.06871,-7.60511],[109.06872,-7.60511],[109.06872,-7.60466],[109.06872,-7.60421],[109.06872,-7.60376],[109.06872,-7.60375],[109.06872,-7.6033],[109.06872,-7.60285],[109.06873,-7.60285],[109.06917,-7.60285],[109.06918,-7.60285],[109.06963,-7.60285],[109.07009,-7.60285],[109.07009,-7.60286],[109.07054,-7.60286],[109.07054,-7.60331],[109.07009,-7.60331],[109.07008,-7.60331],[109.06963,-7.60331],[109.06963,-7.60376],[109.07008,-7.60376],[109.07053,-7.60376],[109.07098,-7.60376],[109.07099,-7.60376],[109.07144,-7.60376],[109.07144,-7.60422],[109.07144,-7.60467],[109.07188,-7.60467],[109.07189,-7.60467],[109.07189,-7.60422],[109.07189,-7.60377],[109.07234,-7.60377],[109.07235,-7.60377],[109.0728,-7.60377],[109.0728,-7.60422],[109.07235,-7.60422],[109.07235,-7.60467],[109.0728,-7.60467],[109.0728,-7.60513],[109.07325,-7.60513],[109.07325,-7.60558],[109.07324,-7.60558],[109.07324,-7.60603],[109.07324,-7.60648],[109.07324,-7.60649],[109.07279,-7.60649],[109.07279,-7.60693],[109.07279,-7.60694],[109.07234,-7.60694],[109.07234,-7.60738],[109.07278,-7.60738],[109.07279,-7.60738],[109.07279,-7.60739],[109.07279,-7.60784],[109.07323,-7.60784],[109.07324,-7.60784],[109.07324,-7.60829],[109.07368,-7.60829],[109.07368,-7.60785],[109.07368,-7.60784],[109.07368,-7.60739],[109.07413,-7.60739],[109.07414,-7.60739],[109.07459,-7.60739],[109.07505,-7.60739],[109.07505,-7.6074],[109.07505,-7.60756],[109.07505,-7.60785],[109.0755,-7.60785],[109.0755,-7.60817],[109.0755,-7.6083],[109.07505,-7.6083],[109.07504,-7.6083],[109.07459,-7.6083],[109.07414,-7.6083],[109.07413,-7.6083],[109.07369,-7.6083],[109.07369,-7.60874],[109.07369,-7.60875],[109.07369,-7.6092],[109.07368,-7.6092],[109.07323,-7.6092],[109.07323,-7.60875],[109.07278,-7.60875],[109.07278,-7.60874],[109.07233,-7.60874],[109.07188,-7.60874],[109.07187,-7.60874],[109.07142,-7.60874],[109.07097,-7.60874],[109.07097,-7.60919],[109.07142,-7.60919],[109.07142,-7.60964],[109.07096,-7.60964],[109.07096,-7.60919],[109.07051,-7.60919],[109.07051,-7.60873],[109.07096,-7.60873],[109.07096,-7.60828],[109.07052,-7.60828],[109.07051,-7.60828],[109.07006,-7.60828],[109.07006,-7.60783],[109.07006,-7.60738],[109.07006,-7.60737],[109.07052,-7.60737],[109.07052,-7.60693],[109.07052,-7.60692],[109.07052,-7.60647],[109.07008,-7.60647],[109.07007,-7.60647],[109.07007,-7.60692],[109.06962,-7.60692],[109.06962,-7.60737],[109.06916,-7.60737],[109.06916,-7.60692],[109.06961,-7.60692],[109.06961,-7.60647]],[[109.06918,-7.60511],[109.06917,-7.60511],[109.06917,-7.60556],[109.06962,-7.60556],[109.06963,-7.60556],[109.07007,-7.60556],[109.07007,-7.60512],[109.07008,-7.60512],[109.07008,-7.60467],[109.07008,-7.60466],[109.07008,-7.60421],[109.06963,-7.60421],[109.06963,-7.60466],[109.06918,-7.60466],[109.06918,-7.60511]],[[109.07278,-7.60784],[109.07233,-7.60784],[109.07233,-7.60829],[109.07278,-7.60829],[109.07278,-7.60784]],[[109.07098,-7.60467],[109.07053,-7.60467],[109.07053,-7.60512],[109.07098,-7.60512],[109.07098,-7.60467]],[[109.07098,-7.60647],[109.07098,-7.60603],[109.07098,-7.60602],[109.07053,-7.60602],[109.07053,-7.60647],[109.07097,-7.60647],[109.07098,-7.60647]],[[109.07188,-7.60693],[109.07233,-7.60693],[109.07233,-7.60648],[109.07188,-7.60648],[109.07143,-7.60648],[109.07143,-7.60693],[109.07188,-7.60693]],[[109.07233,-7.60739],[109.07188,-7.60739],[109.07188,-7.60783],[109.07233,-7.60783],[109.07233,-7.60739]]],[[[109.06689,-7.60691],[109.06689,-7.60646],[109.06735,-7.60646],[109.06735,-7.60691],[109.06689,-7.60691]]],[[[109.06599,-7.60691],[109.06599,-7.60645],[109.06645,-7.60645],[109.06645,-7.60691],[109.06599,-7.60691]]],[[[109.0669,-7.60556],[109.0669,-7.60555],[109.0669,-7.6051],[109.0669,-7.60465],[109.06736,-7.60465],[109.06736,-7.6051],[109.06736,-7.60555],[109.06736,-7.60556],[109.06736,-7.60601],[109.0669,-7.60601],[109.0669,-7.60556]]],[[[109.06646,-7.6051],[109.066,-7.6051],[109.066,-7.60465],[109.06646,-7.60465],[109.06646,-7.6051]]],[[[109.0692,-7.59788],[109.0692,-7.59743],[109.06966,-7.59743],[109.06966,-7.59788],[109.0692,-7.59788]]],[[[109.06967,-7.59563],[109.06921,-7.59563],[109.06921,-7.59562],[109.06921,-7.59517],[109.06967,-7.59517],[109.06967,-7.59562],[109.06967,-7.59563]]],[[[109.06968,-7.59291],[109.06922,-7.59291],[109.06922,-7.59246],[109.06968,-7.59246],[109.06968,-7.59291]]],[[[109.07243,-7.68556],[109.07198,-7.68556],[109.07197,-7.68556],[109.07197,-7.68526],[109.07197,-7.68517],[109.07197,-7.6851],[109.07198,-7.6851],[109.07226,-7.6851],[109.07243,-7.6851],[109.07243,-7.68506],[109.07243,-7.68465],[109.07289,-7.68465],[109.07289,-7.6842],[109.07335,-7.6842],[109.07335,-7.68466],[109.07289,-7.68466],[109.07289,-7.6851],[109.07289,-7.68511],[109.07334,-7.68511],[109.07334,-7.68556],[109.07379,-7.68556],[109.07379,-7.68601],[109.07424,-7.68601],[109.07424,-7.68647],[109.07379,-7.68647],[109.07378,-7.68647],[109.07333,-7.68647],[109.07333,-7.68601],[109.07333,-7.68556],[109.07298,-7.68556],[109.07289,-7.68556],[109.07288,-7.68556],[109.07288,-7.68601],[109.07288,-7.68646],[109.07243,-7.68646],[109.07243,-7.68601],[109.07243,-7.68556]]],[[[109.07198,-7.6842],[109.07198,-7.68375],[109.07244,-7.68375],[109.07244,-7.6842],[109.07198,-7.6842]]],[[[109.07154,-7.68103],[109.072,-7.68103],[109.072,-7.68149],[109.072,-7.68194],[109.072,-7.68239],[109.072,-7.68284],[109.07245,-7.68284],[109.07245,-7.6833],[109.07199,-7.6833],[109.07153,-7.6833],[109.07153,-7.68329],[109.07153,-7.68284],[109.07154,-7.68284],[109.07154,-7.68239],[109.07154,-7.68194],[109.07154,-7.68149],[109.07154,-7.68103]]],[[[109.07202,-7.67652],[109.07156,-7.67652],[109.07156,-7.67606],[109.07202,-7.67606],[109.07202,-7.67652]]],[[[109.07111,-7.67561],[109.07111,-7.67516],[109.07157,-7.67516],[109.07157,-7.67561],[109.07111,-7.67561]]],[[[109.07069,-7.67245],[109.07023,-7.67245],[109.07023,-7.67244],[109.07023,-7.67199],[109.07069,-7.67199],[109.07069,-7.67244],[109.07069,-7.67245]]],[[[109.07023,-7.67154],[109.07023,-7.67109],[109.07069,-7.67109],[109.07069,-7.67154],[109.07023,-7.67154]]],[[[109.07159,-7.67109],[109.07159,-7.67064],[109.07204,-7.67064],[109.07205,-7.67064],[109.07205,-7.67109],[109.07205,-7.6711],[109.07204,-7.6711],[109.07159,-7.6711],[109.07159,-7.67109]]],[[[109.07069,-7.67018],[109.07069,-7.66973],[109.07114,-7.66973],[109.07114,-7.67019],[109.07069,-7.67019],[109.07069,-7.67028],[109.07069,-7.6705],[109.07069,-7.67064],[109.07024,-7.67064],[109.07024,-7.67018],[109.07055,-7.67018],[109.07065,-7.67018],[109.07069,-7.67018]]],[[[109.06979,-7.66702],[109.07025,-7.66702],[109.07025,-7.66712],[109.07025,-7.66722],[109.07025,-7.66747],[109.06979,-7.66747],[109.06979,-7.66735],[109.06979,-7.66725],[109.06979,-7.66702]]],[[[109.07252,-7.66522],[109.07207,-7.66522],[109.07207,-7.66477],[109.07252,-7.66477],[109.07253,-7.66477],[109.07253,-7.66522],[109.07252,-7.66522]]],[[[109.07298,-7.66387],[109.07253,-7.66387],[109.07252,-7.66387],[109.07208,-7.66387],[109.07207,-7.66387],[109.07207,-7.66354],[109.07207,-7.66345],[109.07207,-7.66341],[109.07208,-7.66341],[109.07218,-7.66341],[109.07248,-7.66341],[109.07253,-7.66341],[109.07253,-7.66342],[109.07298,-7.66342],[109.07298,-7.66387]]],[[[109.07074,-7.65844],[109.07074,-7.65799],[109.0712,-7.65799],[109.0712,-7.65844],[109.07074,-7.65844]]],[[[109.07124,-7.65076],[109.07078,-7.65076],[109.07078,-7.6503],[109.07124,-7.6503],[109.07124,-7.65076]]],[[[109.07124,-7.64805],[109.07079,-7.64805],[109.07078,-7.64805],[109.07078,-7.64759],[109.07079,-7.64759],[109.07124,-7.64759],[109.07124,-7.64805]]],[[[109.07037,-7.64036],[109.06992,-7.64036],[109.06992,-7.64019],[109.06992,-7.63991],[109.07037,-7.63991],[109.07037,-7.63992],[109.07037,-7.64036]]],[[[109.07265,-7.63676],[109.07249,-7.63676],[109.0722,-7.63676],[109.0722,-7.63713],[109.0722,-7.63721],[109.07214,-7.63721],[109.07174,-7.63721],[109.07174,-7.63675],[109.0722,-7.63675],[109.0722,-7.6363],[109.07265,-7.6363],[109.07266,-7.6363],[109.07266,-7.63654],[109.07266,-7.63676],[109.07265,-7.63676]]],[[[109.0704,-7.63629],[109.0704,-7.6363],[109.06994,-7.6363],[109.06994,-7.63629],[109.06994,-7.63584],[109.0704,-7.63584],[109.0704,-7.63629]]],[[[109.07175,-7.63449],[109.07221,-7.63449],[109.07221,-7.63495],[109.07221,-7.6354],[109.07266,-7.6354],[109.07266,-7.63585],[109.0722,-7.63585],[109.0722,-7.6354],[109.07175,-7.6354],[109.07175,-7.63495],[109.07175,-7.63449]]],[[[109.0704,-7.63539],[109.06994,-7.63539],[109.06994,-7.63494],[109.0704,-7.63494],[109.0704,-7.63539]]],[[[109.07085,-7.63494],[109.0704,-7.63494],[109.0704,-7.63449],[109.07085,-7.63449],[109.07085,-7.63494]]],[[[109.07267,-7.63405],[109.07246,-7.63405],[109.07238,-7.63405],[109.07221,-7.63405],[109.07221,-7.63359],[109.07248,-7.63359],[109.07257,-7.63359],[109.07267,-7.63359],[109.07267,-7.63405]]],[[[109.07132,-7.63223],[109.0712,-7.63223],[109.07086,-7.63223],[109.07086,-7.63208],[109.07086,-7.63206],[109.07086,-7.63178],[109.07132,-7.63178],[109.07132,-7.63223]]],[[[109.07223,-7.63088],[109.07223,-7.63043],[109.07269,-7.63043],[109.07269,-7.63088],[109.07223,-7.63088]]],[[[109.07132,-7.63043],[109.07132,-7.62997],[109.07177,-7.62997],[109.07178,-7.62997],[109.07223,-7.62997],[109.07223,-7.62998],[109.07223,-7.63043],[109.07178,-7.63043],[109.07177,-7.63043],[109.07132,-7.63043]]],[[[109.07042,-7.62997],[109.07042,-7.62952],[109.07088,-7.62952],[109.07088,-7.62997],[109.07042,-7.62997]]],[[[109.07223,-7.62817],[109.07224,-7.62817],[109.07269,-7.62817],[109.07269,-7.62862],[109.07314,-7.62862],[109.07314,-7.62908],[109.07359,-7.62908],[109.07359,-7.62953],[109.07314,-7.62953],[109.07314,-7.62998],[109.07359,-7.62998],[109.07359,-7.63043],[109.07359,-7.63044],[109.07313,-7.63044],[109.07313,-7.63043],[109.07313,-7.62998],[109.07268,-7.62998],[109.07268,-7.62953],[109.07268,-7.62908],[109.07224,-7.62908],[109.07223,-7.62908],[109.07223,-7.62862],[109.07223,-7.62817]]],[[[109.07225,-7.62411],[109.07225,-7.6241],[109.07225,-7.62365],[109.0718,-7.62365],[109.0718,-7.6232],[109.07226,-7.6232],[109.07226,-7.62365],[109.07271,-7.62365],[109.07271,-7.6241],[109.07271,-7.62411],[109.07225,-7.62411]]],[[[109.07092,-7.61732],[109.07092,-7.61687],[109.07138,-7.61687],[109.07138,-7.61732],[109.07092,-7.61732]]],[[[109.07093,-7.61642],[109.07093,-7.61596],[109.07139,-7.61596],[109.07139,-7.61642],[109.07093,-7.61642]]],[[[109.0723,-7.61461],[109.0723,-7.61462],[109.07185,-7.61462],[109.07185,-7.61461],[109.07185,-7.61416],[109.0723,-7.61416],[109.0723,-7.61461]]],[[[109.07141,-7.61145],[109.07095,-7.61145],[109.07095,-7.61099],[109.07141,-7.61099],[109.07141,-7.61145]]],[[[109.0705,-7.61054],[109.0705,-7.61009],[109.0705,-7.60964],[109.07096,-7.60964],[109.07096,-7.61009],[109.07141,-7.61009],[109.07141,-7.61054],[109.07096,-7.61054],[109.07095,-7.61054],[109.0705,-7.61054]]],[[[109.07186,-7.6101],[109.07186,-7.60964],[109.07232,-7.60964],[109.07232,-7.6101],[109.07186,-7.6101]]],[[[109.07144,-7.60332],[109.07144,-7.60286],[109.0719,-7.60286],[109.0719,-7.60332],[109.07144,-7.60332]]],[[[109.071,-7.60196],[109.07054,-7.60196],[109.07054,-7.6015],[109.071,-7.6015],[109.071,-7.60196]]],[[[109.07145,-7.60151],[109.07145,-7.60106],[109.07145,-7.60105],[109.07191,-7.60105],[109.07191,-7.60106],[109.07191,-7.60151],[109.07145,-7.60151]]],[[[109.07191,-7.59884],[109.07209,-7.59925],[109.07191,-7.59925],[109.07191,-7.59884]]],[[[109.07513,-7.69008],[109.07514,-7.69009],[109.07514,-7.69054],[109.07513,-7.69054],[109.07468,-7.69054],[109.07468,-7.69009],[109.07468,-7.69008],[109.07513,-7.69008]]],[[[109.07424,-7.68709],[109.07424,-7.68719],[109.07424,-7.68737],[109.07423,-7.68737],[109.07423,-7.68782],[109.07378,-7.68782],[109.07378,-7.68737],[109.07333,-7.68737],[109.07333,-7.68722],[109.07333,-7.68711],[109.07333,-7.68692],[109.07343,-7.68692],[109.07378,-7.68692],[109.07424,-7.68692],[109.07424,-7.68709]]],[[[109.07515,-7.68511],[109.07515,-7.68512],[109.07515,-7.68557],[109.0747,-7.68557],[109.07469,-7.68557],[109.07424,-7.68557],[109.07424,-7.68511],[109.07469,-7.68511],[109.0747,-7.68511],[109.07515,-7.68511]]],[[[109.07291,-7.68059],[109.07291,-7.68104],[109.07245,-7.68104],[109.07245,-7.68077],[109.07273,-7.68077],[109.07273,-7.68059],[109.0729,-7.68059],[109.07291,-7.68059]]],[[[109.07473,-7.67924],[109.07427,-7.67924],[109.07427,-7.67879],[109.07473,-7.67879],[109.07473,-7.67924]]],[[[109.07336,-7.67698],[109.07292,-7.67698],[109.07292,-7.67652],[109.07338,-7.67652],[109.07338,-7.67697],[109.07338,-7.67698],[109.07336,-7.67698]]],[[[109.07392,-7.67472],[109.07384,-7.67472],[109.07384,-7.67467],[109.07384,-7.67427],[109.07429,-7.67427],[109.0743,-7.67427],[109.0743,-7.67448],[109.0743,-7.67457],[109.0743,-7.67472],[109.07429,-7.67472],[109.07392,-7.67472]]],[[[109.07522,-7.67111],[109.07476,-7.67111],[109.07476,-7.67066],[109.07431,-7.67066],[109.07431,-7.6702],[109.07386,-7.6702],[109.07386,-7.66975],[109.07341,-7.66975],[109.07341,-7.66939],[109.07341,-7.66929],[109.07356,-7.66929],[109.07386,-7.66929],[109.07386,-7.6691],[109.07386,-7.66899],[109.07386,-7.66884],[109.07406,-7.66884],[109.07421,-7.66884],[109.07432,-7.66884],[109.07432,-7.6693],[109.07432,-7.66975],[109.07477,-7.66975],[109.07477,-7.6702],[109.07477,-7.67066],[109.07522,-7.67066],[109.07522,-7.67111]]],[[[109.07255,-7.65935],[109.07292,-7.65935],[109.07258,-7.65947],[109.07255,-7.65949],[109.07255,-7.65935]]],[[[109.07483,-7.65665],[109.07437,-7.65665],[109.07437,-7.6562],[109.07437,-7.65619],[109.07483,-7.65619],[109.07483,-7.6562],[109.07483,-7.65665]]],[[[109.07347,-7.65529],[109.07347,-7.65484],[109.07347,-7.65483],[109.07393,-7.65483],[109.07393,-7.65484],[109.07393,-7.65529],[109.07347,-7.65529]]],[[[109.07439,-7.65439],[109.07449,-7.65439],[109.07484,-7.65439],[109.07484,-7.65484],[109.07438,-7.65484],[109.07438,-7.65443],[109.07438,-7.65439],[109.0742,-7.65439],[109.07393,-7.65439],[109.07393,-7.65393],[109.07439,-7.65393],[109.07439,-7.65432],[109.07439,-7.65439]]],[[[109.07395,-7.65032],[109.07395,-7.64987],[109.07441,-7.64987],[109.07441,-7.65032],[109.07395,-7.65032]]],[[[109.0735,-7.64942],[109.0735,-7.64941],[109.0735,-7.64896],[109.07395,-7.64896],[109.07395,-7.64851],[109.07441,-7.64851],[109.07441,-7.64896],[109.07441,-7.64897],[109.07396,-7.64897],[109.07396,-7.64941],[109.07396,-7.64942],[109.0735,-7.64942]]],[[[109.07397,-7.6449],[109.07397,-7.64444],[109.07443,-7.64444],[109.07443,-7.64445],[109.07488,-7.64445],[109.07488,-7.6449],[109.07443,-7.6449],[109.07443,-7.64535],[109.07442,-7.64535],[109.07397,-7.64535],[109.07397,-7.6449]]],[[[109.07307,-7.64489],[109.07262,-7.64489],[109.07262,-7.64444],[109.07307,-7.64444],[109.07308,-7.64444],[109.07308,-7.64489],[109.07307,-7.64489]]],[[[109.07352,-7.64399],[109.07352,-7.64354],[109.07398,-7.64354],[109.07398,-7.64399],[109.07352,-7.64399]]],[[[109.07307,-7.64353],[109.07308,-7.64354],[109.07308,-7.64399],[109.07307,-7.64399],[109.07262,-7.64399],[109.07262,-7.64354],[109.07262,-7.64353],[109.07307,-7.64353]]],[[[109.0749,-7.64219],[109.07444,-7.64219],[109.07444,-7.64174],[109.07444,-7.64173],[109.0749,-7.64173],[109.0749,-7.64174],[109.0749,-7.64219]]],[[[109.07401,-7.63902],[109.074,-7.63902],[109.07355,-7.63902],[109.07355,-7.63857],[109.074,-7.63857],[109.07401,-7.63857],[109.07401,-7.63902]]],[[[109.07311,-7.63676],[109.0731,-7.63676],[109.0731,-7.63631],[109.07311,-7.63631],[109.07356,-7.63631],[109.07356,-7.63676],[109.07311,-7.63676]]],[[[109.07311,-7.6354],[109.07311,-7.63503],[109.07311,-7.63495],[109.07356,-7.63495],[109.07356,-7.63487],[109.07356,-7.6348],[109.07356,-7.6345],[109.07311,-7.6345],[109.07311,-7.63405],[109.07356,-7.63405],[109.07357,-7.63405],[109.07402,-7.63405],[109.07402,-7.6336],[109.07357,-7.6336],[109.07357,-7.63315],[109.07402,-7.63315],[109.07403,-7.63315],[109.07403,-7.6327],[109.07448,-7.6327],[109.07448,-7.63225],[109.07449,-7.63225],[109.07449,-7.6318],[109.07449,-7.63179],[109.07494,-7.63179],[109.07494,-7.6318],[109.07539,-7.6318],[109.07539,-7.63196],[109.07539,-7.63225],[109.07584,-7.63225],[109.07584,-7.6318],[109.07629,-7.6318],[109.0763,-7.6318],[109.07674,-7.6318],[109.07675,-7.6318],[109.0772,-7.6318],[109.0772,-7.63136],[109.07675,-7.63136],[109.07675,-7.63135],[109.07675,-7.6309],[109.07721,-7.6309],[109.07721,-7.63135],[109.07738,-7.63135],[109.07739,-7.63135],[109.07762,-7.63135],[109.07764,-7.63135],[109.07766,-7.63135],[109.07766,-7.63136],[109.07798,-7.63136],[109.07799,-7.63136],[109.07805,-7.63136],[109.07811,-7.63136],[109.07856,-7.63136],[109.07857,-7.63136],[109.07902,-7.63136],[109.07902,-7.63181],[109.07902,-7.63182],[109.07902,-7.63226],[109.07902,-7.63227],[109.07902,-7.63272],[109.07901,-7.63272],[109.07901,-7.63317],[109.07946,-7.63317],[109.07946,-7.63362],[109.07946,-7.63408],[109.079,-7.63408],[109.079,-7.63452],[109.079,-7.63453],[109.079,-7.63498],[109.07945,-7.63498],[109.07945,-7.63453],[109.0799,-7.63453],[109.07991,-7.63453],[109.08036,-7.63453],[109.08036,-7.63408],[109.08082,-7.63408],[109.08082,-7.63453],[109.08127,-7.63453],[109.08127,-7.63499],[109.08127,-7.63544],[109.08172,-7.63544],[109.08172,-7.63589],[109.08172,-7.63635],[109.08171,-7.63635],[109.08171,-7.63679],[109.08171,-7.6368],[109.08171,-7.63725],[109.08125,-7.63725],[109.08125,-7.6368],[109.08125,-7.63679],[109.08125,-7.63634],[109.0808,-7.63634],[109.0808,-7.63589],[109.08126,-7.63589],[109.08126,-7.63544],[109.08081,-7.63544],[109.08036,-7.63544],[109.08036,-7.63589],[109.0799,-7.63589],[109.07945,-7.63589],[109.07945,-7.63634],[109.07899,-7.63634],[109.07899,-7.63588],[109.07944,-7.63588],[109.07944,-7.63543],[109.079,-7.63543],[109.07899,-7.63543],[109.07855,-7.63543],[109.07855,-7.63588],[109.07855,-7.63633],[109.07854,-7.63633],[109.07809,-7.63633],[109.07809,-7.63623],[109.07819,-7.63624],[109.07821,-7.63588],[109.07823,-7.63543],[109.07825,-7.63503],[109.07825,-7.63502],[109.07821,-7.63502],[109.07816,-7.63503],[109.07818,-7.63505],[109.0781,-7.63513],[109.0781,-7.63514],[109.07788,-7.63539],[109.07783,-7.63539],[109.07765,-7.63537],[109.07765,-7.63538],[109.07719,-7.63534],[109.07715,-7.63534],[109.07709,-7.63531],[109.07701,-7.63522],[109.077,-7.63523],[109.07699,-7.63524],[109.07698,-7.63525],[109.07697,-7.63525],[109.07696,-7.63525],[109.07695,-7.63525],[109.07694,-7.63525],[109.07673,-7.6352],[109.07673,-7.6352],[109.07645,-7.63512],[109.07644,-7.63512],[109.07643,-7.63511],[109.07638,-7.63506],[109.07634,-7.6351],[109.07634,-7.63542],[109.07634,-7.63587],[109.07628,-7.63587],[109.07628,-7.63632],[109.07628,-7.63664],[109.07609,-7.63675],[109.07609,-7.63676],[109.07608,-7.63676],[109.07611,-7.63677],[109.07583,-7.63677],[109.07582,-7.63677],[109.07582,-7.63679],[109.07582,-7.63722],[109.07627,-7.63722],[109.07627,-7.63768],[109.07581,-7.63768],[109.07581,-7.63722],[109.07536,-7.63722],[109.07536,-7.63677],[109.07491,-7.63677],[109.07491,-7.63632],[109.07491,-7.63631],[109.07492,-7.63631],[109.07492,-7.63623],[109.07492,-7.63588],[109.07492,-7.63587],[109.07492,-7.63586],[109.07491,-7.63586],[109.07465,-7.63586],[109.07457,-7.63586],[109.07447,-7.63586],[109.07447,-7.63631],[109.07401,-7.63631],[109.07401,-7.63586],[109.07356,-7.63586],[109.07315,-7.63586],[109.07314,-7.63586],[109.07311,-7.63586],[109.0731,-7.63586],[109.0731,-7.6354],[109.07311,-7.6354]],[[109.07629,-7.63226],[109.07629,-7.6327],[109.07629,-7.63271],[109.07674,-7.63271],[109.07674,-7.63226],[109.0763,-7.63226],[109.07629,-7.63226]],[[109.07674,-7.63316],[109.07719,-7.63316],[109.07719,-7.63271],[109.07674,-7.63271],[109.07674,-7.63316]],[[109.07493,-7.63406],[109.07493,-7.63451],[109.07538,-7.63451],[109.07538,-7.63406],[109.07493,-7.63406]],[[109.07425,-7.635],[109.07419,-7.63498],[109.07425,-7.635],[109.07425,-7.635]],[[109.07454,-7.63508],[109.07456,-7.63512],[109.07456,-7.63512],[109.07454,-7.63508]],[[109.0746,-7.63517],[109.07461,-7.63518],[109.07461,-7.63516],[109.0746,-7.63513],[109.07458,-7.63514],[109.07459,-7.63515],[109.0746,-7.63516],[109.0746,-7.63517]],[[109.07421,-7.63473],[109.07421,-7.63473],[109.07422,-7.63485],[109.07428,-7.63474],[109.07421,-7.63473]],[[109.07719,-7.63497],[109.07764,-7.63497],[109.07764,-7.63452],[109.07719,-7.63452],[109.07719,-7.63497]],[[109.07822,-7.63497],[109.07854,-7.63497],[109.07854,-7.63453],[109.07854,-7.63452],[109.07831,-7.63452],[109.0781,-7.63452],[109.0781,-7.63497],[109.07822,-7.63497]],[[109.07843,-7.63399],[109.07843,-7.63397],[109.07843,-7.63397],[109.07843,-7.63399]],[[109.0777,-7.63164],[109.0777,-7.63165],[109.0777,-7.63166],[109.07771,-7.63166],[109.07772,-7.63165],[109.07773,-7.63165],[109.07773,-7.63165],[109.07767,-7.63161],[109.07767,-7.63161],[109.07767,-7.63162],[109.07768,-7.63162],[109.07768,-7.63163],[109.07769,-7.63163],[109.07769,-7.63164],[109.0777,-7.63164]],[[109.08035,-7.63498],[109.07991,-7.63498],[109.07991,-7.63543],[109.08035,-7.63543],[109.08035,-7.63498]]],[[[109.07313,-7.63179],[109.07267,-7.63179],[109.07267,-7.63134],[109.07267,-7.63133],[109.07313,-7.63133],[109.07313,-7.63134],[109.07313,-7.63179]]],[[[109.0754,-7.63089],[109.0754,-7.6309],[109.07494,-7.6309],[109.07494,-7.63089],[109.07449,-7.63089],[109.07449,-7.63044],[109.07494,-7.63044],[109.0754,-7.63044],[109.0754,-7.63089]]],[[[109.07405,-7.62773],[109.07359,-7.62773],[109.07359,-7.62727],[109.07405,-7.62727],[109.07405,-7.62773]]],[[[109.0741,-7.61553],[109.07365,-7.61553],[109.07365,-7.61598],[109.0732,-7.61598],[109.0732,-7.61552],[109.07365,-7.61552],[109.07365,-7.61507],[109.0741,-7.61507],[109.0741,-7.61462],[109.07456,-7.61462],[109.07456,-7.61507],[109.07456,-7.61508],[109.07456,-7.61553],[109.07411,-7.61553],[109.0741,-7.61553]]],[[[109.07321,-7.61417],[109.07275,-7.61417],[109.07275,-7.61371],[109.07321,-7.61371],[109.07321,-7.61417]]],[[[109.07413,-7.6101],[109.07368,-7.6101],[109.07368,-7.60965],[109.07413,-7.60965],[109.07414,-7.60965],[109.07414,-7.6101],[109.07413,-7.6101]]],[[[109.07458,-7.60875],[109.07459,-7.60875],[109.07504,-7.60875],[109.07504,-7.6092],[109.07504,-7.60921],[109.07459,-7.60921],[109.07458,-7.60921],[109.07458,-7.6092],[109.07458,-7.60875]]],[[[109.07415,-7.60468],[109.07428,-7.60468],[109.0746,-7.60468],[109.07461,-7.60468],[109.07461,-7.60423],[109.07461,-7.60409],[109.07507,-7.60398],[109.07507,-7.60399],[109.07552,-7.60388],[109.07552,-7.60424],[109.07507,-7.60424],[109.07507,-7.60469],[109.07551,-7.60469],[109.07552,-7.60469],[109.07597,-7.60469],[109.07642,-7.60469],[109.07642,-7.60514],[109.07597,-7.60514],[109.07552,-7.60514],[109.07551,-7.60514],[109.07551,-7.60559],[109.07505,-7.60559],[109.07505,-7.60514],[109.07461,-7.60514],[109.0746,-7.60514],[109.07424,-7.60514],[109.07423,-7.60514],[109.07415,-7.60514],[109.07415,-7.60536],[109.07415,-7.60559],[109.07407,-7.60559],[109.07406,-7.60559],[109.07369,-7.60559],[109.07369,-7.60513],[109.07415,-7.60513],[109.07415,-7.60468]]],[[[109.07326,-7.60196],[109.07327,-7.60196],[109.07327,-7.60197],[109.07326,-7.60197],[109.07308,-7.60197],[109.07281,-7.60197],[109.07281,-7.60196],[109.07326,-7.60196]]],[[[109.07354,-7.60107],[109.07327,-7.60107],[109.07326,-7.60107],[109.07326,-7.60106],[109.07326,-7.60095],[109.07326,-7.60077],[109.07331,-7.60082],[109.07354,-7.60107]]],[[[109.07513,-7.68919],[109.07513,-7.68891],[109.07541,-7.68891],[109.07541,-7.68873],[109.07559,-7.68873],[109.07559,-7.68918],[109.07604,-7.68918],[109.07604,-7.68919],[109.07649,-7.68919],[109.07649,-7.68964],[109.07604,-7.68964],[109.07603,-7.68964],[109.07558,-7.68964],[109.07558,-7.68919],[109.07513,-7.68919]]],[[[109.07559,-7.68693],[109.07605,-7.68693],[109.07605,-7.68697],[109.07605,-7.68706],[109.07605,-7.68738],[109.07559,-7.68738],[109.07559,-7.68709],[109.07559,-7.687],[109.07559,-7.68693]]],[[[109.07515,-7.68467],[109.07515,-7.68421],[109.07561,-7.68421],[109.07561,-7.68467],[109.07515,-7.68467]]],[[[109.07697,-7.68422],[109.07652,-7.68422],[109.07651,-7.68422],[109.07651,-7.68377],[109.07652,-7.68377],[109.07697,-7.68377],[109.07697,-7.68422]]],[[[109.07517,-7.68195],[109.07517,-7.68241],[109.07516,-7.68241],[109.07471,-7.68241],[109.07471,-7.68195],[109.07471,-7.6815],[109.07517,-7.6815],[109.07517,-7.68195]]],[[[109.07609,-7.67835],[109.07609,-7.67834],[109.07609,-7.67789],[109.07654,-7.67789],[109.07655,-7.67789],[109.077,-7.67789],[109.077,-7.67835],[109.07655,-7.67835],[109.07655,-7.6788],[109.07609,-7.6788],[109.07609,-7.67835]]],[[[109.07655,-7.67428],[109.07693,-7.67428],[109.07701,-7.67428],[109.07703,-7.67428],[109.07747,-7.67428],[109.07747,-7.67468],[109.07747,-7.67473],[109.07747,-7.67474],[109.07746,-7.67474],[109.07746,-7.67476],[109.07746,-7.67519],[109.077,-7.67519],[109.077,-7.67473],[109.07656,-7.67473],[109.07656,-7.67518],[109.07655,-7.67518],[109.07655,-7.67563],[109.0761,-7.67563],[109.0761,-7.67589],[109.0761,-7.67599],[109.0761,-7.67608],[109.07588,-7.67608],[109.07566,-7.67608],[109.07565,-7.67608],[109.07564,-7.67608],[109.07564,-7.67563],[109.07565,-7.67563],[109.07609,-7.67563],[109.07609,-7.67518],[109.0761,-7.67518],[109.0761,-7.67473],[109.07655,-7.67473],[109.07655,-7.67428]]],[[[109.07474,-7.67563],[109.07474,-7.67517],[109.0752,-7.67517],[109.0752,-7.67563],[109.07474,-7.67563]]],[[[109.07567,-7.67201],[109.07567,-7.67202],[109.07521,-7.67202],[109.07521,-7.67246],[109.07566,-7.67246],[109.07566,-7.67247],[109.07612,-7.67247],[109.07612,-7.67292],[109.07566,-7.67292],[109.07566,-7.67337],[109.0752,-7.67337],[109.0752,-7.67292],[109.0752,-7.67247],[109.07475,-7.67247],[109.07475,-7.67246],[109.07475,-7.67201],[109.07475,-7.67156],[109.07521,-7.67156],[109.07567,-7.67156],[109.07567,-7.67201]]],[[[109.07657,-7.67247],[109.07657,-7.67202],[109.07703,-7.67202],[109.07703,-7.67247],[109.07657,-7.67247]]],[[[109.07522,-7.67066],[109.07522,-7.67021],[109.07568,-7.67021],[109.07568,-7.67066],[109.07522,-7.67066]]],[[[109.07658,-7.66886],[109.07704,-7.66886],[109.07704,-7.66931],[109.07658,-7.66931],[109.07641,-7.66931],[109.07632,-7.66931],[109.07613,-7.66931],[109.07613,-7.66891],[109.07613,-7.66885],[109.07619,-7.66885],[109.07658,-7.66885],[109.07658,-7.66886]]],[[[109.07523,-7.6693],[109.07523,-7.66885],[109.07568,-7.66885],[109.07568,-7.6693],[109.07523,-7.6693]]],[[[109.07613,-7.66705],[109.07615,-7.66705],[109.07629,-7.66705],[109.07659,-7.66705],[109.07659,-7.6675],[109.07613,-7.6675],[109.07613,-7.66718],[109.07613,-7.66706],[109.07613,-7.66705]]],[[[109.07618,-7.65846],[109.07618,-7.65801],[109.07618,-7.65756],[109.07664,-7.65756],[109.07664,-7.65801],[109.07709,-7.65801],[109.07709,-7.65847],[109.07663,-7.65847],[109.07663,-7.65846],[109.07618,-7.65846]]],[[[109.07528,-7.65665],[109.07528,-7.6562],[109.07574,-7.6562],[109.07574,-7.65665],[109.07528,-7.65665]]],[[[109.07619,-7.65485],[109.07574,-7.65485],[109.07574,-7.65439],[109.07619,-7.65439],[109.0762,-7.65439],[109.0762,-7.65485],[109.07619,-7.65485]]],[[[109.07576,-7.65213],[109.0753,-7.65213],[109.0753,-7.65168],[109.07576,-7.65168],[109.07576,-7.65213]]],[[[109.07576,-7.65123],[109.0753,-7.65123],[109.0753,-7.65078],[109.07576,-7.65078],[109.07576,-7.65123]]],[[[109.07578,-7.64753],[109.07577,-7.64753],[109.07577,-7.64762],[109.07541,-7.64762],[109.07541,-7.64734],[109.07532,-7.64734],[109.07532,-7.64716],[109.07532,-7.64671],[109.07532,-7.64626],[109.07533,-7.64626],[109.07577,-7.64626],[109.07577,-7.64587],[109.07577,-7.64581],[109.07558,-7.64581],[109.07533,-7.64581],[109.07532,-7.64581],[109.07488,-7.64581],[109.07487,-7.64581],[109.07487,-7.64535],[109.07488,-7.64535],[109.07532,-7.64535],[109.07533,-7.64535],[109.07533,-7.6449],[109.07539,-7.6449],[109.07578,-7.6449],[109.07579,-7.6449],[109.07624,-7.6449],[109.07624,-7.64491],[109.07669,-7.64491],[109.07669,-7.64536],[109.07669,-7.64581],[109.07669,-7.64596],[109.07669,-7.64605],[109.07669,-7.64626],[109.07714,-7.64626],[109.07714,-7.64609],[109.07714,-7.64599],[109.07714,-7.64582],[109.07714,-7.64581],[109.07714,-7.64536],[109.07714,-7.64491],[109.07714,-7.64446],[109.07715,-7.64446],[109.07715,-7.64401],[109.07761,-7.64401],[109.07761,-7.64446],[109.0776,-7.64446],[109.0776,-7.64491],[109.0776,-7.64536],[109.0776,-7.64581],[109.0776,-7.64582],[109.0776,-7.64627],[109.07759,-7.64627],[109.07759,-7.64659],[109.07759,-7.64672],[109.07757,-7.64672],[109.07714,-7.64672],[109.07714,-7.64717],[109.07713,-7.64717],[109.07713,-7.64762],[109.07758,-7.64762],[109.07758,-7.64808],[109.07713,-7.64808],[109.07713,-7.64852],[109.0772,-7.64852],[109.0774,-7.64852],[109.07758,-7.64852],[109.07758,-7.64853],[109.07758,-7.64898],[109.07803,-7.64898],[109.07803,-7.64943],[109.07848,-7.64943],[109.07893,-7.64943],[109.07893,-7.64899],[109.07893,-7.64898],[109.07939,-7.64898],[109.07939,-7.64899],[109.07939,-7.64944],[109.07939,-7.64989],[109.07939,-7.65034],[109.07938,-7.65034],[109.07938,-7.65079],[109.07938,-7.6508],[109.07893,-7.6508],[109.07893,-7.65079],[109.07893,-7.65034],[109.07848,-7.65034],[109.07803,-7.65034],[109.07803,-7.64989],[109.07758,-7.64989],[109.07758,-7.65014],[109.07758,-7.65033],[109.07758,-7.65034],[109.07747,-7.65034],[109.07738,-7.65034],[109.07712,-7.65034],[109.07712,-7.65033],[109.07712,-7.64988],[109.07742,-7.64988],[109.07746,-7.64988],[109.07751,-7.64988],[109.07752,-7.64988],[109.07757,-7.64988],[109.07757,-7.64943],[109.07731,-7.64943],[109.07726,-7.64943],[109.0772,-7.64943],[109.07713,-7.64943],[109.07712,-7.64943],[109.07712,-7.64927],[109.07712,-7.64912],[109.07712,-7.64903],[109.07712,-7.64898],[109.0771,-7.64898],[109.07706,-7.64898],[109.07698,-7.64898],[109.07668,-7.64898],[109.07667,-7.64898],[109.07623,-7.64898],[109.07623,-7.64942],[109.07623,-7.64943],[109.07577,-7.64943],[109.07577,-7.64942],[109.07577,-7.64897],[109.07622,-7.64897],[109.07622,-7.64852],[109.07622,-7.64841],[109.07622,-7.64807],[109.07622,-7.64762],[109.07622,-7.64717],[109.07578,-7.64717],[109.07578,-7.64753]],[[109.07623,-7.64717],[109.07667,-7.64717],[109.07668,-7.64717],[109.07668,-7.64672],[109.07623,-7.64672],[109.07623,-7.64717]]],[[[109.07486,-7.64806],[109.07504,-7.64806],[109.07505,-7.64806],[109.07505,-7.64842],[109.07532,-7.64842],[109.07541,-7.64842],[109.07541,-7.64825],[109.07559,-7.64825],[109.07559,-7.64843],[109.07577,-7.64843],[109.07578,-7.64843],[109.07578,-7.64852],[109.07577,-7.64852],[109.07532,-7.64852],[109.07486,-7.64852],[109.07486,-7.64806]]],[[[109.07625,-7.64219],[109.07671,-7.64219],[109.07671,-7.6422],[109.07716,-7.6422],[109.07716,-7.64265],[109.07671,-7.64265],[109.0767,-7.64265],[109.07625,-7.64265],[109.07603,-7.64265],[109.07594,-7.64265],[109.07579,-7.64265],[109.07579,-7.64219],[109.07603,-7.64219],[109.07612,-7.64219],[109.07625,-7.64219]]],[[[109.07581,-7.64174],[109.07535,-7.64174],[109.07535,-7.64129],[109.07535,-7.64084],[109.07581,-7.64084],[109.07581,-7.64129],[109.07581,-7.64174]]],[[[109.07671,-7.63972],[109.07671,-7.63949],[109.07677,-7.63949],[109.07717,-7.63949],[109.07717,-7.63994],[109.07717,-7.64039],[109.07671,-7.64039],[109.07656,-7.64039],[109.07646,-7.64039],[109.07626,-7.64039],[109.07626,-7.63994],[109.07657,-7.63994],[109.07666,-7.63994],[109.07671,-7.63994],[109.07671,-7.63972]]],[[[109.07536,-7.63993],[109.07535,-7.63993],[109.07535,-7.63948],[109.07536,-7.63948],[109.07581,-7.63948],[109.07581,-7.63993],[109.07536,-7.63993]]],[[[109.07681,-7.63703],[109.07682,-7.63703],[109.07683,-7.63704],[109.07683,-7.63705],[109.07691,-7.63723],[109.07672,-7.63723],[109.07672,-7.637],[109.0768,-7.63702],[109.07681,-7.63702],[109.07681,-7.63703]]],[[[109.07676,-7.63],[109.07676,-7.63045],[109.0763,-7.63045],[109.0763,-7.63],[109.07585,-7.63],[109.07585,-7.62954],[109.07631,-7.62954],[109.07631,-7.62909],[109.07676,-7.62909],[109.07676,-7.62864],[109.07721,-7.62864],[109.07722,-7.62864],[109.07722,-7.62819],[109.07767,-7.62819],[109.07767,-7.62792],[109.07767,-7.62774],[109.07767,-7.62729],[109.07768,-7.62729],[109.07812,-7.62729],[109.07812,-7.62684],[109.07768,-7.62684],[109.07767,-7.62684],[109.07767,-7.62639],[109.07768,-7.62639],[109.07813,-7.62639],[109.07813,-7.62684],[109.07858,-7.62684],[109.07858,-7.62729],[109.07858,-7.6273],[109.07858,-7.62775],[109.07813,-7.62775],[109.07813,-7.6282],[109.07812,-7.6282],[109.07794,-7.6282],[109.07793,-7.6282],[109.07768,-7.6282],[109.07768,-7.62865],[109.07787,-7.62865],[109.07788,-7.62865],[109.07812,-7.62865],[109.07813,-7.62865],[109.07813,-7.6291],[109.07812,-7.6291],[109.07771,-7.6291],[109.07767,-7.6291],[109.07722,-7.6291],[109.07721,-7.6291],[109.07677,-7.6291],[109.07677,-7.62955],[109.07631,-7.62955],[109.07631,-7.62999],[109.07676,-7.62999],[109.07676,-7.63]]],[[[109.07543,-7.62322],[109.07543,-7.62276],[109.07543,-7.62231],[109.07543,-7.62186],[109.07588,-7.62186],[109.07589,-7.62186],[109.07597,-7.62186],[109.07634,-7.62186],[109.0768,-7.62186],[109.0768,-7.62232],[109.07634,-7.62232],[109.07634,-7.62277],[109.076,-7.62277],[109.07599,-7.62277],[109.07589,-7.62277],[109.07589,-7.62322],[109.07607,-7.62322],[109.07634,-7.62322],[109.07634,-7.62335],[109.07634,-7.62367],[109.07588,-7.62367],[109.07588,-7.62322],[109.07543,-7.62322]]],[[[109.0768,-7.62005],[109.07681,-7.62005],[109.07681,-7.62006],[109.07681,-7.62051],[109.0768,-7.62051],[109.07635,-7.62051],[109.07635,-7.62006],[109.07635,-7.62005],[109.0768,-7.62005]]],[[[109.07682,-7.61599],[109.07636,-7.61599],[109.07636,-7.61554],[109.07682,-7.61554],[109.07682,-7.61599]]],[[[109.07546,-7.61418],[109.07592,-7.61418],[109.07592,-7.61463],[109.07547,-7.61463],[109.07547,-7.61508],[109.07501,-7.61508],[109.07501,-7.61463],[109.07546,-7.61463],[109.07546,-7.61418]]],[[[109.07592,-7.61373],[109.07592,-7.61328],[109.07592,-7.61327],[109.07638,-7.61327],[109.07638,-7.61328],[109.07638,-7.61373],[109.07592,-7.61373]]],[[[109.07549,-7.61192],[109.07503,-7.61192],[109.07503,-7.61146],[109.07549,-7.61146],[109.07549,-7.61192]]],[[[109.07548,-7.61011],[109.07504,-7.61011],[109.07503,-7.61011],[109.07503,-7.60966],[109.07504,-7.60966],[109.07548,-7.60966],[109.07549,-7.60966],[109.07583,-7.60966],[109.07594,-7.60966],[109.07594,-7.60997],[109.07594,-7.61011],[109.07549,-7.61011],[109.07548,-7.61011]]],[[[109.07595,-7.60695],[109.07641,-7.60695],[109.07641,-7.6074],[109.07686,-7.6074],[109.07686,-7.60786],[109.0764,-7.60786],[109.0764,-7.6074],[109.07595,-7.6074],[109.07595,-7.60695]]],[[[109.07687,-7.6056],[109.07687,-7.60605],[109.07732,-7.60605],[109.07732,-7.6065],[109.07687,-7.6065],[109.07687,-7.60695],[109.07641,-7.60695],[109.07641,-7.6065],[109.07596,-7.6065],[109.07596,-7.60605],[109.07596,-7.60604],[109.07641,-7.60604],[109.07641,-7.6056],[109.07687,-7.6056]]],[[[109.07617,-7.60375],[109.07617,-7.60374],[109.07642,-7.6036],[109.07642,-7.60379],[109.07611,-7.60379],[109.07617,-7.60375]]],[[[109.07707,-7.69056],[109.07706,-7.69056],[109.07705,-7.69057],[109.07703,-7.69058],[109.07702,-7.69059],[109.07697,-7.69062],[109.07693,-7.69065],[109.07693,-7.69064],[109.07693,-7.69055],[109.07708,-7.69055],[109.07707,-7.69056]]],[[[109.07694,-7.68919],[109.07694,-7.68874],[109.0774,-7.68874],[109.0774,-7.68919],[109.07694,-7.68919]]],[[[109.07831,-7.68739],[109.07831,-7.68694],[109.07877,-7.68694],[109.07877,-7.68739],[109.07831,-7.68739]]],[[[109.07742,-7.68603],[109.07696,-7.68603],[109.07696,-7.68558],[109.07742,-7.68558],[109.07742,-7.68603]]],[[[109.07787,-7.68558],[109.07786,-7.68558],[109.07786,-7.68513],[109.07787,-7.68513],[109.07832,-7.68513],[109.07832,-7.68558],[109.07787,-7.68558]]],[[[109.07697,-7.68513],[109.07696,-7.68513],[109.07696,-7.68467],[109.07697,-7.68467],[109.07742,-7.68467],[109.07742,-7.68513],[109.07697,-7.68513]]],[[[109.07787,-7.68287],[109.07788,-7.68287],[109.07833,-7.68287],[109.07833,-7.68242],[109.07788,-7.68242],[109.07788,-7.68197],[109.07788,-7.68152],[109.07788,-7.68151],[109.07743,-7.68151],[109.07743,-7.68106],[109.07743,-7.68097],[109.07762,-7.68097],[109.07789,-7.68097],[109.07789,-7.68106],[109.07834,-7.68106],[109.0788,-7.68106],[109.0788,-7.68152],[109.07834,-7.68152],[109.07834,-7.68197],[109.07879,-7.68197],[109.07879,-7.68242],[109.07879,-7.68287],[109.07924,-7.68287],[109.07924,-7.68333],[109.07879,-7.68333],[109.07878,-7.68333],[109.07833,-7.68333],[109.07833,-7.68378],[109.07787,-7.68378],[109.07787,-7.68422],[109.07833,-7.68422],[109.07833,-7.68423],[109.07833,-7.68468],[109.07787,-7.68468],[109.07787,-7.68423],[109.07742,-7.68423],[109.07741,-7.68423],[109.07741,-7.68422],[109.07741,-7.68377],[109.07742,-7.68377],[109.07787,-7.68377],[109.07787,-7.68332],[109.07742,-7.68332],[109.07742,-7.68287],[109.07787,-7.68287]]],[[[109.0779,-7.6797],[109.0779,-7.67971],[109.07835,-7.67971],[109.07835,-7.68016],[109.07835,-7.68061],[109.07798,-7.68061],[109.07789,-7.68061],[109.07789,-7.68016],[109.0778,-7.68016],[109.0778,-7.68007],[109.07745,-7.68007],[109.07744,-7.68007],[109.07744,-7.68016],[109.07699,-7.68016],[109.07699,-7.6797],[109.07744,-7.6797],[109.07745,-7.6797],[109.0779,-7.6797]]],[[[109.07835,-7.67971],[109.07835,-7.67926],[109.0788,-7.67926],[109.0788,-7.67971],[109.07835,-7.67971]]],[[[109.07835,-7.67926],[109.0779,-7.67926],[109.0779,-7.6788],[109.07835,-7.6788],[109.07835,-7.67926]]],[[[109.07881,-7.677],[109.07881,-7.67745],[109.07836,-7.67745],[109.07836,-7.6779],[109.0779,-7.6779],[109.0779,-7.67745],[109.07835,-7.67745],[109.07835,-7.677],[109.07881,-7.677]]],[[[109.07745,-7.67564],[109.07746,-7.67564],[109.07791,-7.67564],[109.07791,-7.67609],[109.07836,-7.67609],[109.07882,-7.67609],[109.07882,-7.6761],[109.07926,-7.6761],[109.07927,-7.6761],[109.07927,-7.67565],[109.07927,-7.6752],[109.07927,-7.67519],[109.07927,-7.67474],[109.07973,-7.67474],[109.08018,-7.67474],[109.08018,-7.6743],[109.08018,-7.67429],[109.08063,-7.67429],[109.08064,-7.67429],[109.08064,-7.6743],[109.08104,-7.6743],[109.08108,-7.6743],[109.08109,-7.6743],[109.08153,-7.6743],[109.08154,-7.6743],[109.08199,-7.6743],[109.08199,-7.67475],[109.08199,-7.67476],[109.08154,-7.67476],[109.08154,-7.6752],[109.08154,-7.67521],[109.08154,-7.67565],[109.08154,-7.67566],[109.08154,-7.67611],[109.08154,-7.67656],[109.08108,-7.67656],[109.08108,-7.67611],[109.08108,-7.67566],[109.08108,-7.67565],[109.08064,-7.67565],[109.08063,-7.67565],[109.08063,-7.6761],[109.08063,-7.67656],[109.08018,-7.67656],[109.08018,-7.67701],[109.07972,-7.67701],[109.07972,-7.67655],[109.07927,-7.67655],[109.07927,-7.677],[109.07881,-7.677],[109.07881,-7.67655],[109.07836,-7.67655],[109.0779,-7.67655],[109.0779,-7.67609],[109.07746,-7.67609],[109.07745,-7.67609],[109.077,-7.67609],[109.077,-7.67582],[109.077,-7.67572],[109.077,-7.67564],[109.07717,-7.67564],[109.07737,-7.67564],[109.07745,-7.67564]]],[[[109.07838,-7.67383],[109.07883,-7.67383],[109.07883,-7.67339],[109.07883,-7.67338],[109.07883,-7.67294],[109.07883,-7.67293],[109.0784,-7.67293],[109.07839,-7.67293],[109.07838,-7.67293],[109.07838,-7.67283],[109.07838,-7.67248],[109.07883,-7.67248],[109.07884,-7.67248],[109.07897,-7.67248],[109.07915,-7.67248],[109.07928,-7.67248],[109.07929,-7.67248],[109.07973,-7.67248],[109.07973,-7.67209],[109.07973,-7.67207],[109.07973,-7.67203],[109.07974,-7.67203],[109.07974,-7.67158],[109.08017,-7.67158],[109.08019,-7.67158],[109.0802,-7.67158],[109.08037,-7.67158],[109.08042,-7.67158],[109.08065,-7.67158],[109.08065,-7.67204],[109.08031,-7.67204],[109.0802,-7.67204],[109.08019,-7.67204],[109.08019,-7.67248],[109.08019,-7.67249],[109.08045,-7.67249],[109.08064,-7.67249],[109.08109,-7.67249],[109.0811,-7.67249],[109.08154,-7.67249],[109.08155,-7.67249],[109.082,-7.67249],[109.08246,-7.67249],[109.08246,-7.6725],[109.08291,-7.6725],[109.08291,-7.67295],[109.08246,-7.67295],[109.08245,-7.67295],[109.082,-7.67295],[109.08155,-7.67295],[109.08155,-7.67339],[109.08155,-7.6734],[109.08155,-7.67385],[109.08109,-7.67385],[109.08091,-7.67385],[109.08064,-7.67385],[109.08063,-7.67385],[109.08063,-7.6734],[109.08063,-7.67339],[109.08019,-7.67339],[109.08018,-7.67339],[109.08018,-7.67294],[109.07974,-7.67294],[109.07974,-7.67339],[109.07973,-7.67339],[109.07929,-7.67339],[109.07929,-7.67384],[109.07928,-7.67384],[109.07883,-7.67384],[109.07883,-7.67429],[109.07838,-7.67429],[109.07837,-7.67429],[109.07837,-7.67459],[109.07837,-7.67468],[109.07837,-7.67474],[109.07837,-7.67505],[109.07837,-7.67515],[109.07837,-7.67519],[109.07829,-7.67519],[109.07808,-7.67519],[109.07791,-7.67519],[109.07791,-7.67474],[109.07791,-7.67472],[109.07791,-7.67463],[109.07791,-7.67429],[109.07791,-7.67428],[109.07792,-7.67428],[109.07792,-7.67383],[109.07837,-7.67383],[109.07838,-7.67383]]],[[[109.07748,-7.67112],[109.07793,-7.67112],[109.07794,-7.67112],[109.07794,-7.67157],[109.07793,-7.67157],[109.07754,-7.67157],[109.07748,-7.67157],[109.07748,-7.67145],[109.07748,-7.67112]]],[[[109.07793,-7.67067],[109.07748,-7.67067],[109.07748,-7.67112],[109.07731,-7.67112],[109.07722,-7.67112],[109.07703,-7.67112],[109.07703,-7.67073],[109.07703,-7.67067],[109.07703,-7.67054],[109.07703,-7.67021],[109.07748,-7.67021],[109.07748,-7.67022],[109.07793,-7.67022],[109.07794,-7.67022],[109.07794,-7.67067],[109.07793,-7.67067]]],[[[109.07885,-7.66932],[109.0793,-7.66932],[109.0793,-7.66977],[109.07885,-7.66977],[109.07884,-7.66977],[109.07881,-7.66977],[109.07839,-7.66977],[109.07839,-7.66932],[109.07859,-7.66932],[109.07884,-7.66932],[109.07885,-7.66932]]],[[[109.07704,-7.66634],[109.07704,-7.66615],[109.07711,-7.66615],[109.0775,-7.66615],[109.0775,-7.6666],[109.07734,-7.6666],[109.07732,-7.6666],[109.07727,-7.6666],[109.07704,-7.6666],[109.07704,-7.66643],[109.07704,-7.66634]]],[[[109.07841,-7.66661],[109.07795,-7.66661],[109.07795,-7.6666],[109.07795,-7.66615],[109.07841,-7.66615],[109.07841,-7.6666],[109.07841,-7.66661]]],[[[109.07739,-7.66389],[109.07733,-7.66389],[109.07733,-7.6638],[109.07715,-7.6638],[109.07706,-7.6638],[109.07706,-7.66344],[109.07724,-7.66344],[109.07751,-7.66344],[109.07752,-7.66344],[109.07752,-7.66389],[109.07751,-7.66389],[109.07739,-7.66389]]],[[[109.07799,-7.65937],[109.07799,-7.65965],[109.07789,-7.65965],[109.07789,-7.65983],[109.07753,-7.65983],[109.07753,-7.65937],[109.07753,-7.65892],[109.07771,-7.65892],[109.07772,-7.65892],[109.07772,-7.65928],[109.0779,-7.65928],[109.07799,-7.65928],[109.07799,-7.65937]]],[[[109.07791,-7.65756],[109.07791,-7.65757],[109.07791,-7.65766],[109.07772,-7.65766],[109.07772,-7.65802],[109.07754,-7.65802],[109.07754,-7.65757],[109.07754,-7.65756],[109.07754,-7.65711],[109.078,-7.65711],[109.078,-7.6573],[109.07791,-7.6573],[109.07791,-7.65756]]],[[[109.07846,-7.65576],[109.078,-7.65576],[109.078,-7.65531],[109.07846,-7.65531],[109.07846,-7.65576]]],[[[109.07802,-7.65318],[109.07802,-7.6535],[109.07756,-7.6535],[109.07756,-7.65331],[109.07756,-7.6533],[109.07756,-7.65305],[109.07756,-7.6526],[109.07756,-7.65259],[109.07756,-7.65214],[109.07799,-7.65214],[109.078,-7.65214],[109.07801,-7.65214],[109.07802,-7.65214],[109.07802,-7.65222],[109.07802,-7.65228],[109.07802,-7.65259],[109.07802,-7.6526],[109.07817,-7.6526],[109.07818,-7.6526],[109.07847,-7.6526],[109.07847,-7.65295],[109.07847,-7.65305],[109.07892,-7.65305],[109.07938,-7.65305],[109.07938,-7.65342],[109.07938,-7.65343],[109.07938,-7.65348],[109.07938,-7.65349],[109.07938,-7.65351],[109.07982,-7.65351],[109.07983,-7.65351],[109.08007,-7.65351],[109.08015,-7.65396],[109.07983,-7.65396],[109.07982,-7.65396],[109.07937,-7.65396],[109.07937,-7.65351],[109.07926,-7.65351],[109.07903,-7.65351],[109.07892,-7.65351],[109.07892,-7.6535],[109.07872,-7.6535],[109.07865,-7.6535],[109.07862,-7.6535],[109.07846,-7.6535],[109.07846,-7.65324],[109.07846,-7.65319],[109.07846,-7.65308],[109.07846,-7.65305],[109.0784,-7.65305],[109.07839,-7.65305],[109.07833,-7.65305],[109.07832,-7.65305],[109.07802,-7.65305],[109.07802,-7.65318]],[[109.07837,-7.653],[109.07837,-7.653],[109.07844,-7.65298],[109.07837,-7.653]]],[[[109.07803,-7.64898],[109.07803,-7.64853],[109.07803,-7.64817],[109.07803,-7.64808],[109.07821,-7.64808],[109.07848,-7.64808],[109.07849,-7.64808],[109.07894,-7.64808],[109.07894,-7.64853],[109.07849,-7.64853],[109.07849,-7.64898],[109.07803,-7.64898]]],[[[109.07806,-7.64311],[109.07851,-7.64311],[109.07851,-7.64356],[109.07851,-7.64401],[109.07851,-7.64446],[109.07896,-7.64446],[109.07896,-7.64447],[109.07896,-7.64492],[109.0785,-7.64492],[109.0785,-7.64447],[109.07805,-7.64447],[109.07805,-7.64446],[109.07805,-7.64401],[109.07806,-7.64401],[109.07806,-7.64356],[109.0776,-7.64356],[109.0776,-7.64311],[109.0776,-7.6431],[109.07806,-7.6431],[109.07806,-7.64311]]],[[[109.07807,-7.64085],[109.07806,-7.64085],[109.07761,-7.64085],[109.07761,-7.64039],[109.07807,-7.64039],[109.07807,-7.6404],[109.07852,-7.6404],[109.07852,-7.64085],[109.07807,-7.64085]]],[[[109.07808,-7.63904],[109.07853,-7.63904],[109.07853,-7.63949],[109.07808,-7.63949],[109.07807,-7.63949],[109.07762,-7.63949],[109.07762,-7.63904],[109.07807,-7.63904],[109.07808,-7.63904]]],[[[109.07763,-7.63859],[109.07717,-7.63859],[109.07717,-7.63813],[109.07763,-7.63813],[109.07763,-7.63859]]],[[[109.07763,-7.63769],[109.07763,-7.63768],[109.07763,-7.63723],[109.07808,-7.63723],[109.07809,-7.63723],[109.0785,-7.63723],[109.07854,-7.63723],[109.07854,-7.63724],[109.07854,-7.63769],[109.07809,-7.63769],[109.07808,-7.63769],[109.07763,-7.63769]]],[[[109.07804,-7.63091],[109.07766,-7.63091],[109.07766,-7.63045],[109.0781,-7.63045],[109.07812,-7.63045],[109.07812,-7.63091],[109.07804,-7.63091]]],[[[109.07858,-7.6297],[109.07858,-7.63001],[109.07857,-7.63001],[109.07836,-7.63001],[109.07825,-7.63001],[109.07812,-7.63001],[109.07812,-7.62955],[109.07857,-7.62955],[109.07857,-7.6291],[109.07903,-7.6291],[109.07903,-7.62939],[109.07903,-7.62941],[109.07903,-7.62956],[109.07882,-7.62956],[109.07879,-7.62956],[109.07858,-7.62956],[109.07858,-7.62968],[109.07858,-7.6297]]],[[[109.07677,-7.62684],[109.07677,-7.62638],[109.07723,-7.62638],[109.07723,-7.62684],[109.07677,-7.62684]]],[[[109.0786,-7.62458],[109.0786,-7.62503],[109.0786,-7.62504],[109.07859,-7.62504],[109.07859,-7.62548],[109.07859,-7.62549],[109.07859,-7.62594],[109.07859,-7.62639],[109.07813,-7.62639],[109.07813,-7.62594],[109.07768,-7.62594],[109.07768,-7.62549],[109.07768,-7.62548],[109.07768,-7.62503],[109.07813,-7.62503],[109.07814,-7.62503],[109.07814,-7.62458],[109.0786,-7.62458]]],[[[109.07724,-7.62503],[109.07678,-7.62503],[109.07678,-7.62458],[109.07678,-7.62457],[109.07724,-7.62457],[109.07724,-7.62458],[109.07724,-7.62503]]],[[[109.07768,-7.62458],[109.07768,-7.62413],[109.07723,-7.62413],[109.07723,-7.62367],[109.07724,-7.62367],[109.07724,-7.62322],[109.0777,-7.62322],[109.0777,-7.62368],[109.07769,-7.62368],[109.07769,-7.62413],[109.07814,-7.62413],[109.07814,-7.62458],[109.07768,-7.62458]]],[[[109.0777,-7.62096],[109.07815,-7.62096],[109.07815,-7.62052],[109.07815,-7.62051],[109.07816,-7.62051],[109.07861,-7.62051],[109.07861,-7.62052],[109.07861,-7.62097],[109.07816,-7.62097],[109.07816,-7.62142],[109.0777,-7.62142],[109.0777,-7.62096]]],[[[109.07772,-7.61645],[109.07772,-7.61599],[109.07818,-7.61599],[109.07818,-7.61645],[109.07772,-7.61645]]],[[[109.0782,-7.61238],[109.07774,-7.61238],[109.07774,-7.61193],[109.0782,-7.61193],[109.0782,-7.61238]]],[[[109.07822,-7.60877],[109.07776,-7.60877],[109.07776,-7.60831],[109.07822,-7.60831],[109.07822,-7.60877]]],[[[109.07822,-7.60606],[109.07777,-7.60606],[109.07777,-7.6056],[109.07732,-7.6056],[109.07732,-7.60515],[109.07777,-7.60515],[109.07823,-7.60515],[109.07823,-7.6056],[109.07822,-7.6056],[109.07822,-7.60606]]],[[[109.08127,-7.68972],[109.08125,-7.68973],[109.08118,-7.68975],[109.08114,-7.68976],[109.08112,-7.68976],[109.08111,-7.68976],[109.0811,-7.68976],[109.08108,-7.68977],[109.08107,-7.68977],[109.08105,-7.68977],[109.08103,-7.68978],[109.08102,-7.68978],[109.08098,-7.68978],[109.08096,-7.68978],[109.08084,-7.6898],[109.0808,-7.6898],[109.08076,-7.68981],[109.08065,-7.68982],[109.08063,-7.68982],[109.08062,-7.68982],[109.0806,-7.68982],[109.08059,-7.68982],[109.08057,-7.68983],[109.08055,-7.68983],[109.08048,-7.68984],[109.08045,-7.68985],[109.08042,-7.68986],[109.08041,-7.68986],[109.08037,-7.68987],[109.08017,-7.68992],[109.08012,-7.68993],[109.08011,-7.68993],[109.08011,-7.68966],[109.08057,-7.68966],[109.08102,-7.68966],[109.08147,-7.68966],[109.08147,-7.68921],[109.08102,-7.68921],[109.08102,-7.68876],[109.08102,-7.68831],[109.08102,-7.68786],[109.08102,-7.68785],[109.08102,-7.6874],[109.08148,-7.6874],[109.08148,-7.68695],[109.08193,-7.68695],[109.08194,-7.68695],[109.08194,-7.68651],[109.08194,-7.6865],[109.08194,-7.68605],[109.08239,-7.68605],[109.08239,-7.6856],[109.0824,-7.6856],[109.0824,-7.68515],[109.08195,-7.68515],[109.08195,-7.6847],[109.08195,-7.68469],[109.0824,-7.68469],[109.08241,-7.68469],[109.08241,-7.6847],[109.08285,-7.6847],[109.08285,-7.68425],[109.08286,-7.68425],[109.08331,-7.68425],[109.08331,-7.6847],[109.08353,-7.6847],[109.08376,-7.6847],[109.08376,-7.68515],[109.0842,-7.68515],[109.0842,-7.68471],[109.08421,-7.68471],[109.08421,-7.6847],[109.08466,-7.6847],[109.08466,-7.68426],[109.08512,-7.68426],[109.08512,-7.68471],[109.08557,-7.68471],[109.08602,-7.68471],[109.08602,-7.68426],[109.08602,-7.68381],[109.08558,-7.68381],[109.08557,-7.68381],[109.08512,-7.68381],[109.08512,-7.68335],[109.08558,-7.68335],[109.08558,-7.68291],[109.08558,-7.6829],[109.08558,-7.68245],[109.08604,-7.68245],[109.08604,-7.6829],[109.08604,-7.68291],[109.08604,-7.68336],[109.08648,-7.68336],[109.08649,-7.68336],[109.08693,-7.68336],[109.08694,-7.68336],[109.08694,-7.68291],[109.08694,-7.68246],[109.08739,-7.68246],[109.0874,-7.68246],[109.0874,-7.68291],[109.08784,-7.68291],[109.08785,-7.68291],[109.08829,-7.68291],[109.08829,-7.68246],[109.0883,-7.68246],[109.08875,-7.68246],[109.08875,-7.68202],[109.0883,-7.68202],[109.0883,-7.68201],[109.08784,-7.68201],[109.08784,-7.68156],[109.08785,-7.68156],[109.08785,-7.68111],[109.08785,-7.68066],[109.08785,-7.68065],[109.08785,-7.6802],[109.0883,-7.6802],[109.08831,-7.6802],[109.08876,-7.6802],[109.08876,-7.68021],[109.08876,-7.68066],[109.08876,-7.68111],[109.08876,-7.68156],[109.0892,-7.68156],[109.08921,-7.68156],[109.08966,-7.68156],[109.08966,-7.68157],[109.09011,-7.68157],[109.09011,-7.68112],[109.09057,-7.68112],[109.09057,-7.68157],[109.09103,-7.68157],[109.09103,-7.68202],[109.09103,-7.68203],[109.09057,-7.68203],[109.09057,-7.68247],[109.09057,-7.68248],[109.09057,-7.68293],[109.09101,-7.68293],[109.09102,-7.68293],[109.09147,-7.68293],[109.09147,-7.68338],[109.09147,-7.68383],[109.09192,-7.68383],[109.09192,-7.68384],[109.09237,-7.68384],[109.09237,-7.68429],[109.09237,-7.68474],[109.09281,-7.68474],[109.09282,-7.68474],[109.09327,-7.68474],[109.09327,-7.68429],[109.09373,-7.68429],[109.09373,-7.6843],[109.09418,-7.6843],[109.09463,-7.6843],[109.09464,-7.6843],[109.09464,-7.68475],[109.09464,-7.6852],[109.09463,-7.6852],[109.09463,-7.68565],[109.09463,-7.68566],[109.09508,-7.68566],[109.09554,-7.68566],[109.09554,-7.68611],[109.09508,-7.68611],[109.09508,-7.68623],[109.09502,-7.68625],[109.09499,-7.68629],[109.09495,-7.68636],[109.09492,-7.6864],[109.09489,-7.68639],[109.09485,-7.68639],[109.09479,-7.68639],[109.09468,-7.68641],[109.09463,-7.68643],[109.09463,-7.68643],[109.0946,-7.68644],[109.09454,-7.68648],[109.0945,-7.68649],[109.0944,-7.68649],[109.09434,-7.68651],[109.09424,-7.68653],[109.09417,-7.68655],[109.09415,-7.68656],[109.09372,-7.68656],[109.09371,-7.68656],[109.09326,-7.68656],[109.09326,-7.68682],[109.09318,-7.68684],[109.09321,-7.68694],[109.09322,-7.68701],[109.09281,-7.68701],[109.09281,-7.68745],[109.09281,-7.68746],[109.09235,-7.68746],[109.09235,-7.68745],[109.09235,-7.687],[109.0928,-7.687],[109.0928,-7.68655],[109.09281,-7.68655],[109.09281,-7.6861],[109.09236,-7.6861],[109.0919,-7.6861],[109.0919,-7.68564],[109.09146,-7.68564],[109.09145,-7.68564],[109.091,-7.68564],[109.091,-7.68519],[109.091,-7.68474],[109.09145,-7.68474],[109.09146,-7.68474],[109.09191,-7.68474],[109.09191,-7.68429],[109.09147,-7.68429],[109.09146,-7.68429],[109.09101,-7.68429],[109.09101,-7.68428],[109.09055,-7.68428],[109.09055,-7.68383],[109.09011,-7.68383],[109.0901,-7.68383],[109.0901,-7.68428],[109.0901,-7.68473],[109.0901,-7.68518],[109.0901,-7.68564],[109.08965,-7.68564],[109.08964,-7.68564],[109.08964,-7.68563],[109.0892,-7.68563],[109.08919,-7.68563],[109.08874,-7.68563],[109.08874,-7.68518],[109.08919,-7.68518],[109.08919,-7.68473],[109.08875,-7.68473],[109.08874,-7.68473],[109.08829,-7.68473],[109.08829,-7.68472],[109.08784,-7.68472],[109.08784,-7.68517],[109.08739,-7.68517],[109.08738,-7.68517],[109.08693,-7.68517],[109.08648,-7.68517],[109.08648,-7.68562],[109.08602,-7.68562],[109.08602,-7.68517],[109.08557,-7.68517],[109.08557,-7.68561],[109.08557,-7.68562],[109.08557,-7.68607],[109.08556,-7.68607],[109.08556,-7.68652],[109.08556,-7.68697],[109.08556,-7.68742],[109.08511,-7.68742],[109.08466,-7.68742],[109.08466,-7.68697],[109.08511,-7.68697],[109.08511,-7.68652],[109.08511,-7.68607],[109.08511,-7.68606],[109.08511,-7.68562],[109.08511,-7.68561],[109.08466,-7.68561],[109.08466,-7.68606],[109.08421,-7.68606],[109.08421,-7.68651],[109.08384,-7.68651],[109.08375,-7.68651],[109.08375,-7.68606],[109.08375,-7.686],[109.08375,-7.68561],[109.08369,-7.68561],[109.0833,-7.68561],[109.0833,-7.68516],[109.0833,-7.68515],[109.08286,-7.68515],[109.08286,-7.6856],[109.08285,-7.6856],[109.08285,-7.68605],[109.08331,-7.68605],[109.08331,-7.68606],[109.08331,-7.68651],[109.0833,-7.68651],[109.0833,-7.68696],[109.08285,-7.68696],[109.08285,-7.68741],[109.08239,-7.68741],[109.08194,-7.68741],[109.08193,-7.68741],[109.08148,-7.68741],[109.08148,-7.68785],[109.08148,-7.68786],[109.08148,-7.68831],[109.08193,-7.68831],[109.08193,-7.68876],[109.08238,-7.68876],[109.08283,-7.68876],[109.08283,-7.68831],[109.08329,-7.68831],[109.08329,-7.68877],[109.08284,-7.68877],[109.08284,-7.68922],[109.08283,-7.68922],[109.08283,-7.68951],[109.08282,-7.68951],[109.0828,-7.68952],[109.08279,-7.68952],[109.08278,-7.68952],[109.08276,-7.68952],[109.08273,-7.68953],[109.08272,-7.68953],[109.0827,-7.68953],[109.08267,-7.68953],[109.08264,-7.68954],[109.08261,-7.68954],[109.0826,-7.68954],[109.08258,-7.68954],[109.08255,-7.68955],[109.08253,-7.68955],[109.0825,-7.68955],[109.08246,-7.68955],[109.08238,-7.68955],[109.08237,-7.68955],[109.08236,-7.68955],[109.08234,-7.68955],[109.08232,-7.68955],[109.08231,-7.68956],[109.08225,-7.68956],[109.08221,-7.68957],[109.08218,-7.68957],[109.08217,-7.68957],[109.08215,-7.68957],[109.08213,-7.68958],[109.08211,-7.68958],[109.0821,-7.68958],[109.08206,-7.68959],[109.08198,-7.68961],[109.08195,-7.68962],[109.08193,-7.68962],[109.08188,-7.68963],[109.08185,-7.68964],[109.08183,-7.68964],[109.08181,-7.68965],[109.08177,-7.68965],[109.08174,-7.68966],[109.08172,-7.68966],[109.0817,-7.68967],[109.08169,-7.68967],[109.08165,-7.68967],[109.08161,-7.68968],[109.08156,-7.68968],[109.08148,-7.68969],[109.08148,-7.68969],[109.08143,-7.6897],[109.08139,-7.6897],[109.08135,-7.68971],[109.08132,-7.68971],[109.0813,-7.68972],[109.08129,-7.68972],[109.08127,-7.68972]],[[109.09012,-7.68157],[109.09012,-7.68202],[109.09057,-7.68202],[109.09057,-7.68157],[109.09012,-7.68157]],[[109.09373,-7.68475],[109.09373,-7.6852],[109.09417,-7.6852],[109.09418,-7.6852],[109.09418,-7.68475],[109.09373,-7.68475]],[[109.08148,-7.68876],[109.08148,-7.68921],[109.08192,-7.68921],[109.08192,-7.68876],[109.08148,-7.68876]],[[109.09101,-7.68338],[109.09056,-7.68338],[109.09056,-7.68383],[109.09101,-7.68383],[109.09101,-7.68338]],[[109.0892,-7.68247],[109.08875,-7.68247],[109.08875,-7.68292],[109.0892,-7.68292],[109.0892,-7.68247]],[[109.08965,-7.68382],[109.08965,-7.68337],[109.0892,-7.68337],[109.0892,-7.68382],[109.08965,-7.68382]],[[109.0901,-7.68292],[109.08966,-7.68292],[109.08966,-7.68337],[109.0901,-7.68337],[109.0901,-7.68292]],[[109.0892,-7.68473],[109.08964,-7.68473],[109.08964,-7.68428],[109.0892,-7.68428],[109.0892,-7.68473]],[[109.09191,-7.68564],[109.09236,-7.68564],[109.09281,-7.68564],[109.09281,-7.6852],[109.09236,-7.6852],[109.09236,-7.68519],[109.09191,-7.68519],[109.09191,-7.68564]]],[[[109.07967,-7.68875],[109.08012,-7.68875],[109.08012,-7.68921],[109.07966,-7.68921],[109.07966,-7.68875],[109.07921,-7.68875],[109.07921,-7.6883],[109.07922,-7.6883],[109.07922,-7.68785],[109.07967,-7.68785],[109.07967,-7.6883],[109.07967,-7.68875]]],[[[109.07922,-7.68785],[109.07877,-7.68785],[109.07877,-7.68739],[109.07922,-7.68739],[109.07922,-7.68785]]],[[[109.07967,-7.68695],[109.07967,-7.68694],[109.07967,-7.68649],[109.08012,-7.68649],[109.08013,-7.68649],[109.08058,-7.68649],[109.08058,-7.6865],[109.08058,-7.68695],[109.08013,-7.68695],[109.08013,-7.6874],[109.07967,-7.6874],[109.07967,-7.68695]]],[[[109.08058,-7.68559],[109.08058,-7.68514],[109.08104,-7.68514],[109.08104,-7.68559],[109.08149,-7.68559],[109.08149,-7.6856],[109.08149,-7.68605],[109.08149,-7.6865],[109.08103,-7.6865],[109.08103,-7.68605],[109.08103,-7.6856],[109.08058,-7.6856],[109.08058,-7.68559]]],[[[109.07877,-7.68514],[109.07877,-7.68513],[109.07877,-7.68468],[109.07922,-7.68468],[109.07923,-7.68468],[109.07968,-7.68468],[109.07968,-7.68514],[109.07923,-7.68514],[109.07922,-7.68514],[109.07877,-7.68514]]],[[[109.08015,-7.68288],[109.08015,-7.68243],[109.0806,-7.68243],[109.08061,-7.68243],[109.08105,-7.68243],[109.08106,-7.68243],[109.0815,-7.68243],[109.08151,-7.68243],[109.08151,-7.68289],[109.0815,-7.68289],[109.08105,-7.68289],[109.08105,-7.68288],[109.08061,-7.68288],[109.0806,-7.68288],[109.08015,-7.68288]]],[[[109.07969,-7.68243],[109.07969,-7.68197],[109.08015,-7.68197],[109.08015,-7.68243],[109.07969,-7.68243]]],[[[109.0797,-7.67926],[109.07925,-7.67926],[109.0788,-7.67926],[109.0788,-7.67881],[109.07925,-7.67881],[109.07971,-7.67881],[109.07971,-7.67926],[109.08016,-7.67926],[109.08016,-7.67972],[109.0797,-7.67972],[109.0797,-7.67926]]],[[[109.08017,-7.67791],[109.07971,-7.67791],[109.07971,-7.67746],[109.08017,-7.67746],[109.08017,-7.67791]]],[[[109.07975,-7.67107],[109.07975,-7.67111],[109.07975,-7.67113],[109.07974,-7.67113],[109.07974,-7.67158],[109.07928,-7.67158],[109.07928,-7.67113],[109.07929,-7.67113],[109.07929,-7.67068],[109.07945,-7.67068],[109.07958,-7.67068],[109.07961,-7.67068],[109.07975,-7.67068],[109.07975,-7.67107]]],[[[109.08065,-7.67113],[109.08019,-7.67113],[109.08019,-7.67068],[109.08065,-7.67068],[109.08111,-7.67068],[109.08111,-7.67114],[109.08065,-7.67114],[109.08065,-7.67113]]],[[[109.08022,-7.66842],[109.07976,-7.66842],[109.07976,-7.66797],[109.08022,-7.66797],[109.08022,-7.66842]]],[[[109.08112,-7.66797],[109.08067,-7.66797],[109.08066,-7.66797],[109.08066,-7.66752],[109.08067,-7.66752],[109.08112,-7.66752],[109.08112,-7.66797]]],[[[109.08022,-7.66526],[109.08022,-7.66481],[109.08068,-7.66481],[109.08068,-7.66526],[109.08112,-7.66526],[109.08113,-7.66526],[109.08158,-7.66526],[109.08204,-7.66526],[109.08204,-7.66572],[109.08249,-7.66572],[109.08249,-7.66617],[109.08203,-7.66617],[109.08203,-7.66572],[109.08158,-7.66572],[109.08158,-7.66616],[109.08158,-7.66617],[109.08158,-7.66662],[109.08112,-7.66662],[109.08112,-7.66707],[109.08067,-7.66707],[109.08066,-7.66707],[109.08066,-7.66662],[109.08066,-7.66661],[109.08067,-7.66661],[109.08112,-7.66661],[109.08112,-7.66617],[109.08112,-7.66616],[109.08112,-7.66572],[109.08112,-7.66571],[109.08067,-7.66571],[109.08067,-7.66526],[109.08022,-7.66526]]],[[[109.07977,-7.66661],[109.07976,-7.66661],[109.07976,-7.66616],[109.07932,-7.66616],[109.07931,-7.66616],[109.07931,-7.66571],[109.07932,-7.66571],[109.07977,-7.66571],[109.07977,-7.66616],[109.08022,-7.66616],[109.08022,-7.66661],[109.07977,-7.66661]]],[[[109.07977,-7.66526],[109.07932,-7.66526],[109.07931,-7.66526],[109.07931,-7.6648],[109.07932,-7.6648],[109.07977,-7.6648],[109.07977,-7.66526]]],[[[109.07935,-7.65576],[109.07936,-7.65576],[109.07981,-7.65576],[109.07981,-7.65577],[109.07981,-7.65604],[109.07954,-7.65604],[109.07954,-7.65622],[109.07936,-7.65622],[109.07935,-7.65622],[109.0789,-7.65622],[109.0789,-7.65576],[109.07935,-7.65576]]],[[[109.08009,-7.65531],[109.08009,-7.65532],[109.07981,-7.65532],[109.07981,-7.65495],[109.08009,-7.65495],[109.08009,-7.65496],[109.07991,-7.65496],[109.07991,-7.65531],[109.08009,-7.65531]]],[[[109.07892,-7.6526],[109.07892,-7.65215],[109.07938,-7.65215],[109.07938,-7.6526],[109.07892,-7.6526]]],[[[109.08075,-7.6499],[109.0803,-7.6499],[109.08029,-7.6499],[109.08029,-7.65034],[109.08029,-7.65035],[109.08074,-7.65035],[109.08074,-7.6508],[109.08029,-7.6508],[109.08029,-7.65125],[109.08028,-7.65125],[109.08028,-7.6517],[109.07983,-7.6517],[109.07983,-7.65125],[109.07983,-7.6508],[109.07983,-7.65035],[109.07983,-7.65034],[109.07983,-7.64989],[109.07984,-7.64989],[109.07984,-7.64944],[109.08029,-7.64944],[109.0803,-7.64944],[109.08075,-7.64944],[109.08075,-7.6499]]],[[[109.07985,-7.64808],[109.07985,-7.64763],[109.08031,-7.64763],[109.08031,-7.64809],[109.08076,-7.64809],[109.08076,-7.64854],[109.0812,-7.64854],[109.08121,-7.64854],[109.08166,-7.64854],[109.08166,-7.64809],[109.08212,-7.64809],[109.08212,-7.64855],[109.08166,-7.64855],[109.08166,-7.649],[109.08121,-7.649],[109.0812,-7.649],[109.08075,-7.649],[109.08075,-7.64899],[109.08075,-7.64854],[109.0803,-7.64854],[109.0803,-7.64899],[109.07984,-7.64899],[109.07984,-7.64854],[109.07939,-7.64854],[109.07939,-7.64808],[109.07985,-7.64808]],[[109.0803,-7.64809],[109.07985,-7.64809],[109.07985,-7.64854],[109.0803,-7.64854],[109.0803,-7.64809]]],[[[109.08077,-7.64628],[109.08121,-7.64628],[109.08122,-7.64628],[109.08122,-7.64674],[109.08121,-7.64674],[109.08076,-7.64674],[109.08076,-7.64673],[109.08031,-7.64673],[109.07985,-7.64673],[109.07985,-7.64628],[109.07986,-7.64628],[109.07986,-7.64583],[109.08031,-7.64583],[109.08032,-7.64583],[109.08032,-7.64628],[109.08076,-7.64628],[109.08077,-7.64628]]],[[[109.08031,-7.64538],[109.07986,-7.64538],[109.07986,-7.64492],[109.08031,-7.64492],[109.08032,-7.64492],[109.08032,-7.64538],[109.08031,-7.64538]]],[[[109.08168,-7.64403],[109.08168,-7.64448],[109.08122,-7.64448],[109.08076,-7.64448],[109.08076,-7.64402],[109.08122,-7.64402],[109.08168,-7.64402],[109.08168,-7.64403]]],[[[109.08124,-7.64222],[109.08078,-7.64222],[109.08078,-7.64176],[109.08124,-7.64176],[109.08124,-7.64222]]],[[[109.07989,-7.6386],[109.07944,-7.6386],[109.07944,-7.63814],[109.07989,-7.63814],[109.0799,-7.63814],[109.0799,-7.6386],[109.07989,-7.6386]]],[[[109.0808,-7.6377],[109.08035,-7.6377],[109.08034,-7.6377],[109.08034,-7.63757],[109.08034,-7.63756],[109.08034,-7.63724],[109.08035,-7.63724],[109.0808,-7.63724],[109.0808,-7.63765],[109.0808,-7.6377]]],[[[109.08037,-7.63318],[109.08037,-7.63273],[109.07992,-7.63273],[109.07992,-7.63272],[109.07946,-7.63272],[109.07946,-7.63227],[109.07992,-7.63227],[109.08038,-7.63227],[109.08038,-7.63272],[109.08083,-7.63272],[109.08083,-7.63273],[109.08083,-7.63318],[109.08037,-7.63318]]],[[[109.07857,-7.63091],[109.07857,-7.63046],[109.07903,-7.63046],[109.07903,-7.63091],[109.07857,-7.63091]]],[[[109.08129,-7.62899],[109.08129,-7.62866],[109.08175,-7.62866],[109.08175,-7.62903],[109.08175,-7.62912],[109.0817,-7.62912],[109.08129,-7.62912],[109.08129,-7.62908],[109.08129,-7.62899]]],[[[109.07994,-7.6282],[109.08039,-7.6282],[109.08039,-7.62866],[109.07994,-7.62866],[109.07993,-7.62866],[109.07948,-7.62866],[109.07948,-7.6282],[109.07993,-7.6282],[109.07994,-7.6282]]],[[[109.07903,-7.6273],[109.07903,-7.62685],[109.07903,-7.62684],[109.07903,-7.62639],[109.07949,-7.62639],[109.07995,-7.62639],[109.07995,-7.6264],[109.07995,-7.62685],[109.08039,-7.62685],[109.0804,-7.62685],[109.08085,-7.62685],[109.08085,-7.6273],[109.0813,-7.6273],[109.0813,-7.62776],[109.08175,-7.62776],[109.08175,-7.62821],[109.0813,-7.62821],[109.08129,-7.62821],[109.08084,-7.62821],[109.08084,-7.62776],[109.08084,-7.62731],[109.08039,-7.62731],[109.08039,-7.6273],[109.07994,-7.6273],[109.07994,-7.62685],[109.07949,-7.62685],[109.07949,-7.6273],[109.07903,-7.6273]]],[[[109.08131,-7.6264],[109.08085,-7.6264],[109.08085,-7.62595],[109.08085,-7.6255],[109.08131,-7.6255],[109.08131,-7.62595],[109.08131,-7.6264]]],[[[109.07995,-7.62549],[109.07995,-7.62594],[109.07995,-7.62595],[109.07949,-7.62595],[109.07949,-7.62594],[109.07949,-7.62549],[109.07949,-7.62504],[109.07995,-7.62504],[109.07995,-7.62549]]],[[[109.08041,-7.62504],[109.07995,-7.62504],[109.07995,-7.62459],[109.08041,-7.62459],[109.08041,-7.62504]]],[[[109.07996,-7.62188],[109.08042,-7.62188],[109.08042,-7.62233],[109.08086,-7.62233],[109.08087,-7.62233],[109.08132,-7.62233],[109.08132,-7.62188],[109.08178,-7.62188],[109.08178,-7.62234],[109.08223,-7.62234],[109.08223,-7.62279],[109.08223,-7.62324],[109.08177,-7.62324],[109.08177,-7.62279],[109.08132,-7.62279],[109.08087,-7.62279],[109.08087,-7.62324],[109.08086,-7.62324],[109.08086,-7.62369],[109.08131,-7.62369],[109.08131,-7.62414],[109.08131,-7.6246],[109.08086,-7.6246],[109.08086,-7.62414],[109.08041,-7.62414],[109.08041,-7.62369],[109.08041,-7.62324],[109.07996,-7.62324],[109.07996,-7.62323],[109.07951,-7.62323],[109.07951,-7.62278],[109.07951,-7.62233],[109.07996,-7.62233],[109.07996,-7.62188]]],[[[109.07951,-7.62188],[109.07906,-7.62188],[109.07906,-7.62143],[109.07906,-7.62142],[109.07906,-7.62097],[109.07951,-7.62097],[109.07997,-7.62097],[109.07997,-7.62143],[109.07951,-7.62143],[109.07951,-7.62188]]],[[[109.08133,-7.62053],[109.08178,-7.62053],[109.08178,-7.62008],[109.08223,-7.62008],[109.08224,-7.62008],[109.08269,-7.62008],[109.08314,-7.62008],[109.08314,-7.61963],[109.0836,-7.61963],[109.0836,-7.62009],[109.08315,-7.62009],[109.08315,-7.62053],[109.08315,-7.62054],[109.08359,-7.62054],[109.0836,-7.62054],[109.08404,-7.62054],[109.08404,-7.62009],[109.08405,-7.62009],[109.08449,-7.62009],[109.0845,-7.62009],[109.08495,-7.62009],[109.08495,-7.61964],[109.0845,-7.61964],[109.0845,-7.61919],[109.08405,-7.61919],[109.0836,-7.61919],[109.08359,-7.61919],[109.08359,-7.61918],[109.08359,-7.61873],[109.08315,-7.61873],[109.08314,-7.61873],[109.0827,-7.61873],[109.08269,-7.61873],[109.08269,-7.61828],[109.08269,-7.61827],[109.08269,-7.61782],[109.0827,-7.61782],[109.08315,-7.61782],[109.08315,-7.61827],[109.08315,-7.61828],[109.0836,-7.61828],[109.0836,-7.61873],[109.08405,-7.61873],[109.0845,-7.61873],[109.08451,-7.61873],[109.08496,-7.61873],[109.08496,-7.61874],[109.08496,-7.61919],[109.08541,-7.61919],[109.08541,-7.61874],[109.08586,-7.61874],[109.08587,-7.61874],[109.08631,-7.61874],[109.08632,-7.61874],[109.08632,-7.61829],[109.08587,-7.61829],[109.08587,-7.61784],[109.08542,-7.61784],[109.08542,-7.61739],[109.08542,-7.61738],[109.08497,-7.61738],[109.08497,-7.61693],[109.08542,-7.61693],[109.08543,-7.61693],[109.08587,-7.61693],[109.08587,-7.61648],[109.08588,-7.61648],[109.08588,-7.61603],[109.08633,-7.61603],[109.08633,-7.61648],[109.08633,-7.61693],[109.08633,-7.61694],[109.08678,-7.61694],[109.08679,-7.61694],[109.08707,-7.61694],[109.08723,-7.61694],[109.08724,-7.61694],[109.08724,-7.61705],[109.08724,-7.61739],[109.08736,-7.61739],[109.08752,-7.61739],[109.08768,-7.61739],[109.08769,-7.61739],[109.08813,-7.61739],[109.08814,-7.61739],[109.08814,-7.61785],[109.08813,-7.61785],[109.08769,-7.61785],[109.08769,-7.6183],[109.08769,-7.61875],[109.08813,-7.61875],[109.08814,-7.61875],[109.08814,-7.6192],[109.08813,-7.6192],[109.08768,-7.6192],[109.08723,-7.6192],[109.08722,-7.6192],[109.08677,-7.6192],[109.08677,-7.61965],[109.08722,-7.61965],[109.08767,-7.61965],[109.08768,-7.61965],[109.08813,-7.61965],[109.08813,-7.62011],[109.08768,-7.62011],[109.08767,-7.62011],[109.08722,-7.62011],[109.08722,-7.6201],[109.08676,-7.6201],[109.08676,-7.61965],[109.08631,-7.61965],[109.08631,-7.6192],[109.08587,-7.6192],[109.08587,-7.61964],[109.08587,-7.61965],[109.08541,-7.61965],[109.08541,-7.62009],[109.08541,-7.6201],[109.08541,-7.62055],[109.08586,-7.62055],[109.08586,-7.621],[109.0854,-7.621],[109.08495,-7.621],[109.08494,-7.621],[109.08494,-7.62055],[109.0845,-7.62055],[109.08449,-7.62055],[109.08449,-7.62054],[109.08405,-7.62054],[109.08405,-7.62099],[109.0836,-7.62099],[109.0836,-7.62144],[109.08405,-7.62144],[109.08405,-7.6219],[109.08359,-7.6219],[109.08359,-7.62234],[109.08359,-7.62235],[109.08359,-7.6228],[109.08313,-7.6228],[109.08313,-7.62235],[109.08313,-7.62234],[109.08313,-7.62189],[109.08359,-7.62189],[109.08359,-7.62144],[109.08314,-7.62144],[109.08314,-7.62099],[109.08269,-7.62099],[109.08269,-7.62144],[109.08269,-7.62189],[109.08223,-7.62189],[109.08223,-7.62144],[109.08178,-7.62144],[109.08132,-7.62144],[109.08132,-7.62143],[109.08088,-7.62143],[109.08087,-7.62143],[109.08042,-7.62143],[109.08042,-7.62098],[109.08042,-7.62053],[109.08042,-7.62052],[109.08088,-7.62052],[109.08088,-7.62053],[109.08133,-7.62053]],[[109.08678,-7.61784],[109.08678,-7.61829],[109.08723,-7.61829],[109.08723,-7.61785],[109.08723,-7.61784],[109.08723,-7.61739],[109.08679,-7.61739],[109.08678,-7.61739],[109.08678,-7.61784]]],[[[109.07997,-7.62007],[109.07997,-7.61962],[109.08043,-7.61962],[109.08043,-7.62007],[109.07997,-7.62007]]],[[[109.07998,-7.61871],[109.08043,-7.61871],[109.08043,-7.61872],[109.08089,-7.61872],[109.08089,-7.61917],[109.08043,-7.61917],[109.07997,-7.61917],[109.07997,-7.61872],[109.07952,-7.61872],[109.07952,-7.61871],[109.07952,-7.61826],[109.07953,-7.61826],[109.07953,-7.61781],[109.07999,-7.61781],[109.07999,-7.61826],[109.07998,-7.61826],[109.07998,-7.61871]]],[[[109.08089,-7.61691],[109.08045,-7.61691],[109.08045,-7.61736],[109.08089,-7.61736],[109.0809,-7.61736],[109.0809,-7.61782],[109.08134,-7.61782],[109.08135,-7.61782],[109.08179,-7.61782],[109.0818,-7.61782],[109.0818,-7.61827],[109.0818,-7.61872],[109.0818,-7.61917],[109.08224,-7.61917],[109.08225,-7.61917],[109.08225,-7.61918],[109.08225,-7.61963],[109.08224,-7.61963],[109.08179,-7.61963],[109.08179,-7.61918],[109.08134,-7.61918],[109.08134,-7.61917],[109.08134,-7.61872],[109.08134,-7.61827],[109.08089,-7.61827],[109.08089,-7.61782],[109.08044,-7.61782],[109.08044,-7.61736],[109.07999,-7.61736],[109.07999,-7.61691],[109.08044,-7.61691],[109.08044,-7.61646],[109.08089,-7.61646],[109.0809,-7.61646],[109.0809,-7.61691],[109.08089,-7.61691]]],[[[109.07909,-7.61645],[109.07863,-7.61645],[109.07863,-7.616],[109.07909,-7.616],[109.07909,-7.61645]]],[[[109.07909,-7.61555],[109.07909,-7.6151],[109.07954,-7.6151],[109.07999,-7.6151],[109.07999,-7.61555],[109.07954,-7.61555],[109.07909,-7.61555]]],[[[109.08045,-7.6142],[109.07999,-7.6142],[109.07999,-7.61375],[109.07999,-7.61374],[109.08045,-7.61374],[109.08045,-7.61375],[109.08045,-7.6142]]],[[[109.08091,-7.61175],[109.08091,-7.61149],[109.08092,-7.61149],[109.08092,-7.61104],[109.08092,-7.61059],[109.08047,-7.61059],[109.08047,-7.61013],[109.08092,-7.61013],[109.08092,-7.60968],[109.08092,-7.60923],[109.08093,-7.60923],[109.08137,-7.60923],[109.08137,-7.60878],[109.08138,-7.60878],[109.08138,-7.60833],[109.08138,-7.60788],[109.08184,-7.60788],[109.08184,-7.60833],[109.08184,-7.60878],[109.08183,-7.60878],[109.08183,-7.60923],[109.08183,-7.60924],[109.08183,-7.60968],[109.08183,-7.60969],[109.08183,-7.61014],[109.08183,-7.61059],[109.08183,-7.61104],[109.08183,-7.61149],[109.08228,-7.61149],[109.08228,-7.61195],[109.08182,-7.61195],[109.08182,-7.61149],[109.08138,-7.61149],[109.08137,-7.61149],[109.08137,-7.61194],[109.08093,-7.61194],[109.08091,-7.61194],[109.08091,-7.61175]]],[[[109.08003,-7.60652],[109.07957,-7.60652],[109.07957,-7.60651],[109.07957,-7.60606],[109.07958,-7.60606],[109.07958,-7.60561],[109.08003,-7.60561],[109.08004,-7.60561],[109.08049,-7.60561],[109.08049,-7.60607],[109.08003,-7.60607],[109.08003,-7.60651],[109.08003,-7.60652]]],[[[109.08051,-7.602],[109.0805,-7.602],[109.0805,-7.60155],[109.08051,-7.60155],[109.08096,-7.60155],[109.08096,-7.602],[109.08051,-7.602]]],[[[109.08099,-7.59568],[109.08099,-7.59567],[109.08144,-7.59567],[109.08144,-7.59523],[109.08144,-7.59522],[109.08144,-7.59477],[109.0819,-7.59477],[109.0819,-7.59523],[109.08189,-7.59523],[109.08189,-7.59568],[109.08144,-7.59568],[109.08144,-7.59613],[109.08144,-7.59658],[109.08098,-7.59658],[109.08098,-7.59613],[109.08099,-7.59613],[109.08099,-7.59568]]],[[[109.08054,-7.59522],[109.08054,-7.59477],[109.08099,-7.59477],[109.08099,-7.59522],[109.08054,-7.59522]]],[[[109.08193,-7.68831],[109.08193,-7.68786],[109.08239,-7.68786],[109.08239,-7.68831],[109.08193,-7.68831]]],[[[109.08421,-7.6838],[109.08421,-7.68335],[109.08376,-7.68335],[109.08376,-7.68315],[109.08376,-7.6829],[109.08381,-7.6829],[109.08422,-7.6829],[109.08468,-7.6829],[109.08468,-7.68335],[109.08467,-7.68335],[109.08467,-7.6838],[109.08421,-7.6838]]],[[[109.08196,-7.68289],[109.08195,-7.68289],[109.08195,-7.68244],[109.08196,-7.68244],[109.08241,-7.68244],[109.08241,-7.68289],[109.08196,-7.68289]]],[[[109.08377,-7.68245],[109.08377,-7.68199],[109.08423,-7.68199],[109.08423,-7.68245],[109.08377,-7.68245]]],[[[109.08423,-7.68109],[109.08423,-7.68064],[109.08469,-7.68064],[109.08469,-7.68109],[109.08469,-7.68154],[109.08469,-7.68155],[109.08423,-7.68155],[109.08423,-7.68154],[109.08423,-7.68109]]],[[[109.08379,-7.67747],[109.08424,-7.67747],[109.08424,-7.67793],[109.0847,-7.67793],[109.0847,-7.67838],[109.08469,-7.67838],[109.08469,-7.67883],[109.08469,-7.67928],[109.08469,-7.67929],[109.08424,-7.67929],[109.08424,-7.67928],[109.08424,-7.67883],[109.08424,-7.67838],[109.08379,-7.67838],[109.08379,-7.67793],[109.08379,-7.67747]]],[[[109.08211,-7.67837],[109.08198,-7.67837],[109.08198,-7.67792],[109.08204,-7.67792],[109.08244,-7.67792],[109.08244,-7.67837],[109.08211,-7.67837]]],[[[109.08198,-7.67702],[109.08198,-7.67656],[109.08244,-7.67656],[109.08244,-7.67702],[109.08289,-7.67702],[109.08289,-7.67747],[109.08244,-7.67747],[109.08243,-7.67747],[109.08243,-7.67702],[109.08198,-7.67702]]],[[[109.08471,-7.67657],[109.08516,-7.67657],[109.08516,-7.67703],[109.0847,-7.67703],[109.0847,-7.67657],[109.08425,-7.67657],[109.08425,-7.67612],[109.08471,-7.67612],[109.08471,-7.67657]]],[[[109.08199,-7.67521],[109.08244,-7.67521],[109.08244,-7.67566],[109.08244,-7.67611],[109.08199,-7.67611],[109.08198,-7.67611],[109.08198,-7.67566],[109.08198,-7.67521],[109.08199,-7.67521]]],[[[109.08335,-7.67521],[109.08335,-7.67476],[109.0838,-7.67476],[109.08381,-7.67476],[109.08426,-7.67476],[109.08426,-7.67522],[109.08381,-7.67522],[109.0838,-7.67522],[109.08335,-7.67522],[109.08335,-7.67521]]],[[[109.0829,-7.67431],[109.0829,-7.67386],[109.0829,-7.67385],[109.08336,-7.67385],[109.08336,-7.67386],[109.08336,-7.67431],[109.0829,-7.67431]]],[[[109.08337,-7.67205],[109.08382,-7.67205],[109.08382,-7.6725],[109.08382,-7.67295],[109.08382,-7.67296],[109.08336,-7.67296],[109.08336,-7.67295],[109.08336,-7.6725],[109.08336,-7.67205],[109.08292,-7.67205],[109.08291,-7.67205],[109.08246,-7.67205],[109.08246,-7.67159],[109.08292,-7.67159],[109.08292,-7.6716],[109.08337,-7.6716],[109.08337,-7.67205]]],[[[109.08382,-7.6716],[109.08337,-7.6716],[109.08337,-7.67115],[109.08382,-7.67115],[109.08382,-7.6716]]],[[[109.08201,-7.67114],[109.08155,-7.67114],[109.08155,-7.67069],[109.08201,-7.67069],[109.08201,-7.67114]]],[[[109.08247,-7.66898],[109.08247,-7.66933],[109.08292,-7.66933],[109.08292,-7.66979],[109.08292,-7.67024],[109.08247,-7.67024],[109.08201,-7.67024],[109.08201,-7.66978],[109.08247,-7.66978],[109.08247,-7.66934],[109.08202,-7.66934],[109.08202,-7.66933],[109.08202,-7.66913],[109.08202,-7.66903],[109.08202,-7.66888],[109.08247,-7.66888],[109.08247,-7.66898]]],[[[109.08157,-7.66888],[109.08157,-7.66843],[109.08202,-7.66843],[109.08202,-7.66888],[109.08157,-7.66888]]],[[[109.08293,-7.66843],[109.08247,-7.66843],[109.08247,-7.66798],[109.08293,-7.66798],[109.08293,-7.66843]]],[[[109.08501,-7.66799],[109.08519,-7.66799],[109.0852,-7.66799],[109.08564,-7.66799],[109.08565,-7.66799],[109.08565,-7.66754],[109.08611,-7.66754],[109.08611,-7.66799],[109.08656,-7.66799],[109.08656,-7.668],[109.08656,-7.66845],[109.0861,-7.66845],[109.0861,-7.6689],[109.08565,-7.6689],[109.08565,-7.66935],[109.08519,-7.66935],[109.08519,-7.6689],[109.08476,-7.6689],[109.08474,-7.6689],[109.08473,-7.6689],[109.08473,-7.66889],[109.08473,-7.66844],[109.08474,-7.66844],[109.08474,-7.66799],[109.08429,-7.66799],[109.08429,-7.66754],[109.08429,-7.66753],[109.08474,-7.66753],[109.08474,-7.66709],[109.08429,-7.66709],[109.08429,-7.66708],[109.08429,-7.66663],[109.08475,-7.66663],[109.08475,-7.66708],[109.08494,-7.66708],[109.08503,-7.66708],[109.0852,-7.66708],[109.0852,-7.66709],[109.0852,-7.66742],[109.0852,-7.66749],[109.0852,-7.66754],[109.08475,-7.66754],[109.08475,-7.66799],[109.0848,-7.66799],[109.08501,-7.66799]],[[109.08519,-7.66889],[109.08564,-7.66889],[109.08564,-7.66845],[109.08519,-7.66845],[109.08519,-7.66889]],[[109.08505,-7.66736],[109.085,-7.6674],[109.08511,-7.66741],[109.08505,-7.66736]]],[[[109.08385,-7.66211],[109.08386,-7.66211],[109.08386,-7.66166],[109.08431,-7.66166],[109.08431,-7.66121],[109.08477,-7.66121],[109.08477,-7.66166],[109.08432,-7.66166],[109.08432,-7.66211],[109.08431,-7.66211],[109.08431,-7.66256],[109.08431,-7.66257],[109.08431,-7.66302],[109.08476,-7.66302],[109.08476,-7.66257],[109.08522,-7.66257],[109.08522,-7.66302],[109.08567,-7.66302],[109.08567,-7.66257],[109.08567,-7.66212],[109.08522,-7.66212],[109.08522,-7.66167],[109.08522,-7.66166],[109.08522,-7.66121],[109.08568,-7.66121],[109.08568,-7.66166],[109.08568,-7.66167],[109.08568,-7.66212],[109.08612,-7.66212],[109.08612,-7.66167],[109.08658,-7.66167],[109.08658,-7.66212],[109.08703,-7.66212],[109.08704,-7.66212],[109.08749,-7.66212],[109.08749,-7.66213],[109.08794,-7.66213],[109.08794,-7.66258],[109.08839,-7.66258],[109.08884,-7.66258],[109.08885,-7.66258],[109.08929,-7.66258],[109.08929,-7.66214],[109.08929,-7.66213],[109.08929,-7.66168],[109.08974,-7.66168],[109.08975,-7.66168],[109.08975,-7.66123],[109.0902,-7.66123],[109.0902,-7.66078],[109.09044,-7.66078],[109.09066,-7.66078],[109.09066,-7.66079],[109.09112,-7.66079],[109.09112,-7.66124],[109.09111,-7.66124],[109.09111,-7.66169],[109.09149,-7.66169],[109.09156,-7.66195],[109.09156,-7.66194],[109.09162,-7.66215],[109.09161,-7.66215],[109.09164,-7.66221],[109.09164,-7.66221],[109.09165,-7.66221],[109.09165,-7.66222],[109.09166,-7.66222],[109.09185,-7.66216],[109.09185,-7.66215],[109.09186,-7.66215],[109.09191,-7.66214],[109.09196,-7.66214],[109.09201,-7.66213],[109.09201,-7.66213],[109.09247,-7.66205],[109.09251,-7.66205],[109.09251,-7.66204],[109.09251,-7.66203],[109.09273,-7.6617],[109.09293,-7.6617],[109.09293,-7.66215],[109.09337,-7.66215],[109.09338,-7.66215],[109.09383,-7.66215],[109.09383,-7.66261],[109.09338,-7.66261],[109.09337,-7.66261],[109.09292,-7.66261],[109.09292,-7.6626],[109.09247,-7.6626],[109.09247,-7.66305],[109.09292,-7.66305],[109.09292,-7.66351],[109.09269,-7.66351],[109.09254,-7.66351],[109.0925,-7.66343],[109.09246,-7.66337],[109.09246,-7.66325],[109.09246,-7.66305],[109.09227,-7.66305],[109.09222,-7.66305],[109.09209,-7.66289],[109.09218,-7.66305],[109.09201,-7.66305],[109.09201,-7.6635],[109.09246,-7.6635],[109.09246,-7.66395],[109.09246,-7.66396],[109.09266,-7.66396],[109.0927,-7.66396],[109.09291,-7.66396],[109.09291,-7.66441],[109.09265,-7.66441],[109.09246,-7.66441],[109.09245,-7.66441],[109.092,-7.66441],[109.092,-7.66486],[109.09245,-7.66486],[109.09264,-7.66486],[109.09271,-7.66486],[109.09291,-7.66486],[109.09291,-7.66495],[109.09291,-7.66496],[109.09291,-7.66531],[109.0929,-7.66531],[109.0929,-7.66576],[109.0929,-7.66577],[109.0929,-7.6661],[109.0929,-7.66612],[109.0929,-7.66616],[109.0929,-7.66622],[109.09291,-7.66622],[109.09293,-7.66622],[109.09294,-7.66622],[109.09335,-7.66622],[109.09335,-7.66667],[109.0931,-7.66667],[109.09309,-7.66667],[109.09291,-7.66667],[109.0929,-7.66667],[109.09289,-7.66667],[109.09289,-7.6666],[109.09289,-7.66622],[109.09282,-7.66622],[109.09245,-7.66622],[109.09245,-7.66667],[109.092,-7.66667],[109.09199,-7.66667],[109.09199,-7.66621],[109.09154,-7.66621],[109.09154,-7.66576],[109.0911,-7.66576],[109.0911,-7.66621],[109.09109,-7.66621],[109.09064,-7.66621],[109.09064,-7.66576],[109.09019,-7.66576],[109.09019,-7.6662],[109.09019,-7.66621],[109.09019,-7.66666],[109.08973,-7.66666],[109.08973,-7.66621],[109.08973,-7.6662],[109.08973,-7.66575],[109.09019,-7.66575],[109.09019,-7.6653],[109.09019,-7.66485],[109.09019,-7.6644],[109.09064,-7.6644],[109.09065,-7.6644],[109.09109,-7.6644],[109.09109,-7.66395],[109.09064,-7.66395],[109.09064,-7.6635],[109.09064,-7.66311],[109.09064,-7.66305],[109.09058,-7.66305],[109.09019,-7.66305],[109.09019,-7.66304],[109.09019,-7.66259],[109.08997,-7.66259],[109.08979,-7.66259],[109.08976,-7.66259],[109.08975,-7.66259],[109.08974,-7.66259],[109.0893,-7.66259],[109.0893,-7.66261],[109.0893,-7.66304],[109.08929,-7.66304],[109.08885,-7.66304],[109.08884,-7.66304],[109.08839,-7.66304],[109.08794,-7.66304],[109.08794,-7.66348],[109.08794,-7.66349],[109.08794,-7.66394],[109.08793,-7.66394],[109.08793,-7.66439],[109.08748,-7.66439],[109.08747,-7.66439],[109.08702,-7.66439],[109.08702,-7.66484],[109.08656,-7.66484],[109.08656,-7.66483],[109.08611,-7.66483],[109.08611,-7.66438],[109.08566,-7.66438],[109.08566,-7.66483],[109.08521,-7.66483],[109.0852,-7.66483],[109.08476,-7.66483],[109.08475,-7.66483],[109.08475,-7.66438],[109.08475,-7.66437],[109.08431,-7.66437],[109.0843,-7.66437],[109.08386,-7.66437],[109.08386,-7.66482],[109.08385,-7.66482],[109.0834,-7.66482],[109.08294,-7.66482],[109.08294,-7.66437],[109.08249,-7.66437],[109.08249,-7.66436],[109.08204,-7.66436],[109.08204,-7.66391],[109.08204,-7.66346],[109.0825,-7.66346],[109.0825,-7.66301],[109.08205,-7.66301],[109.08205,-7.66256],[109.0816,-7.66256],[109.0816,-7.66255],[109.0816,-7.6621],[109.08205,-7.6621],[109.08205,-7.66165],[109.08205,-7.6612],[109.08206,-7.6612],[109.08206,-7.66147],[109.08242,-7.66147],[109.08242,-7.66129],[109.0825,-7.66129],[109.08251,-7.66129],[109.08251,-7.66165],[109.08251,-7.6621],[109.08295,-7.6621],[109.08295,-7.66166],[109.08295,-7.66165],[109.08341,-7.66165],[109.08341,-7.66166],[109.08341,-7.66211],[109.08296,-7.66211],[109.08296,-7.66256],[109.0834,-7.66256],[109.08341,-7.66256],[109.08341,-7.66266],[109.08341,-7.66301],[109.0834,-7.66301],[109.08296,-7.66301],[109.08296,-7.66346],[109.08296,-7.66391],[109.0834,-7.66391],[109.08341,-7.66391],[109.08341,-7.66437],[109.08385,-7.66437],[109.08385,-7.66392],[109.0843,-7.66392],[109.0843,-7.66347],[109.0843,-7.66341],[109.0843,-7.66302],[109.08385,-7.66302],[109.08385,-7.66257],[109.08385,-7.66256],[109.08385,-7.66211]],[[109.08476,-7.6634],[109.08476,-7.66347],[109.08521,-7.66347],[109.08521,-7.66333],[109.08521,-7.66302],[109.08476,-7.66302],[109.08476,-7.6634]],[[109.08613,-7.66212],[109.08613,-7.66257],[109.08658,-7.66257],[109.08658,-7.66212],[109.08613,-7.66212]],[[109.08658,-7.66258],[109.08658,-7.66297],[109.08658,-7.66303],[109.08702,-7.66303],[109.08703,-7.66303],[109.08748,-7.66303],[109.08748,-7.66285],[109.08748,-7.66258],[109.08704,-7.66258],[109.08703,-7.66258],[109.08658,-7.66258]],[[109.08612,-7.66347],[109.08612,-7.66348],[109.08657,-7.66348],[109.08657,-7.66303],[109.0862,-7.66303],[109.08613,-7.66303],[109.08612,-7.66303],[109.08567,-7.66303],[109.08567,-7.66319],[109.08567,-7.66347],[109.08612,-7.66347]],[[109.09065,-7.6615],[109.09065,-7.66124],[109.09048,-7.66124],[109.09021,-7.66124],[109.09021,-7.66169],[109.09065,-7.66169],[109.09065,-7.6615]],[[109.0911,-7.6626],[109.09101,-7.6626],[109.0909,-7.6626],[109.09065,-7.6626],[109.09065,-7.66294],[109.09065,-7.66304],[109.09069,-7.66304],[109.0911,-7.66304],[109.0911,-7.6626]],[[109.09155,-7.66576],[109.09199,-7.66576],[109.09199,-7.66531],[109.09155,-7.66531],[109.09155,-7.66576]],[[109.09244,-7.66577],[109.09244,-7.66576],[109.092,-7.66576],[109.092,-7.66621],[109.09244,-7.66621],[109.09244,-7.66577]],[[109.09154,-7.66485],[109.09154,-7.66441],[109.0911,-7.66441],[109.0911,-7.66485],[109.09154,-7.66485]],[[109.09283,-7.66495],[109.09279,-7.66525],[109.09279,-7.66525],[109.09283,-7.66495]],[[109.092,-7.6644],[109.092,-7.66396],[109.09155,-7.66396],[109.09155,-7.6644],[109.092,-7.6644]]],[[[109.08342,-7.65985],[109.08342,-7.65949],[109.08351,-7.65949],[109.08351,-7.6594],[109.08388,-7.6594],[109.08388,-7.65985],[109.08342,-7.65985]]],[[[109.08347,-7.649],[109.08347,-7.64946],[109.08392,-7.64946],[109.08392,-7.64991],[109.08346,-7.64991],[109.08346,-7.64946],[109.08301,-7.64946],[109.08301,-7.649],[109.08347,-7.649]]],[[[109.08437,-7.64856],[109.08437,-7.64901],[109.08392,-7.64901],[109.08391,-7.64901],[109.08391,-7.64856],[109.08391,-7.64855],[109.08392,-7.64855],[109.08392,-7.6481],[109.08438,-7.6481],[109.08438,-7.64811],[109.08483,-7.64811],[109.08483,-7.64856],[109.08438,-7.64856],[109.08437,-7.64856]]],[[[109.08302,-7.6481],[109.08301,-7.6481],[109.08301,-7.64765],[109.08302,-7.64765],[109.08347,-7.64765],[109.08347,-7.6481],[109.08302,-7.6481]]],[[[109.08256,-7.64629],[109.08257,-7.64629],[109.08257,-7.64584],[109.08303,-7.64584],[109.08303,-7.64629],[109.08302,-7.64629],[109.08302,-7.64674],[109.08257,-7.64674],[109.08256,-7.64674],[109.08256,-7.64629]]],[[[109.08166,-7.64538],[109.08167,-7.64538],[109.08167,-7.64493],[109.08213,-7.64493],[109.08213,-7.64538],[109.08213,-7.64539],[109.08212,-7.64539],[109.08212,-7.64584],[109.08167,-7.64584],[109.08166,-7.64584],[109.08166,-7.64538]]],[[[109.08261,-7.6368],[109.08307,-7.6368],[109.08307,-7.63725],[109.08307,-7.63726],[109.08307,-7.63771],[109.08261,-7.63771],[109.08215,-7.63771],[109.08215,-7.6377],[109.08215,-7.63725],[109.08261,-7.63725],[109.08261,-7.6368]]],[[[109.08307,-7.6359],[109.08353,-7.6359],[109.08353,-7.63635],[109.08398,-7.63635],[109.08398,-7.63681],[109.08352,-7.63681],[109.08352,-7.63635],[109.08307,-7.63635],[109.08307,-7.6359]]],[[[109.08216,-7.63635],[109.08216,-7.6359],[109.08262,-7.6359],[109.08262,-7.63635],[109.08216,-7.63635]]],[[[109.08443,-7.63591],[109.08398,-7.63591],[109.08398,-7.63545],[109.08443,-7.63545],[109.08444,-7.63545],[109.08444,-7.63591],[109.08443,-7.63591]]],[[[109.08217,-7.63454],[109.08263,-7.63454],[109.08263,-7.63499],[109.08308,-7.63499],[109.08308,-7.63545],[109.08262,-7.63545],[109.08262,-7.63499],[109.08217,-7.63499],[109.08217,-7.63454]]],[[[109.08308,-7.63455],[109.08308,-7.63409],[109.08353,-7.63409],[109.08353,-7.63455],[109.08308,-7.63455]]],[[[109.084,-7.63094],[109.084,-7.63093],[109.084,-7.63048],[109.084,-7.63003],[109.08446,-7.63003],[109.08446,-7.63048],[109.08446,-7.63093],[109.08446,-7.63094],[109.08446,-7.63139],[109.084,-7.63139],[109.084,-7.63094]]],[[[109.08446,-7.62958],[109.08446,-7.62936],[109.08446,-7.62928],[109.08446,-7.62913],[109.08457,-7.62913],[109.08465,-7.62913],[109.08492,-7.62913],[109.08492,-7.62958],[109.08492,-7.63003],[109.08446,-7.63003],[109.08446,-7.62958]]],[[[109.08446,-7.62823],[109.08446,-7.62777],[109.08447,-7.62777],[109.08481,-7.62777],[109.08489,-7.62777],[109.08492,-7.62777],[109.08492,-7.62823],[109.08481,-7.62823],[109.08473,-7.62823],[109.08447,-7.62823],[109.08446,-7.62823]]],[[[109.08266,-7.62822],[109.0822,-7.62822],[109.0822,-7.62776],[109.08266,-7.62776],[109.08266,-7.62822]]],[[[109.08131,-7.6255],[109.08131,-7.62505],[109.08176,-7.62505],[109.08176,-7.6255],[109.08131,-7.6255]]],[[[109.08131,-7.62369],[109.08131,-7.62324],[109.08177,-7.62324],[109.08177,-7.62369],[109.08131,-7.62369]]],[[[109.08406,-7.61738],[109.08406,-7.61693],[109.08452,-7.61693],[109.08452,-7.61738],[109.08406,-7.61738]]],[[[109.0818,-7.61692],[109.08134,-7.61692],[109.08134,-7.61646],[109.0818,-7.61646],[109.0818,-7.61692]]],[[[109.08407,-7.61512],[109.08453,-7.61512],[109.08453,-7.61557],[109.08453,-7.61602],[109.08497,-7.61602],[109.08497,-7.61557],[109.08498,-7.61557],[109.08498,-7.61513],[109.08498,-7.61512],[109.08498,-7.61481],[109.08498,-7.6148],[109.08498,-7.61467],[109.08543,-7.61467],[109.08543,-7.61422],[109.08588,-7.61422],[109.08588,-7.61377],[109.08588,-7.61332],[109.08634,-7.61332],[109.08634,-7.61377],[109.08634,-7.61422],[109.08634,-7.61423],[109.08634,-7.61468],[109.08678,-7.61468],[109.08679,-7.61468],[109.08724,-7.61468],[109.08724,-7.61511],[109.08724,-7.61513],[109.08679,-7.61513],[109.08678,-7.61513],[109.08633,-7.61513],[109.08633,-7.61485],[109.08633,-7.61468],[109.08588,-7.61468],[109.08543,-7.61468],[109.08543,-7.61481],[109.08543,-7.61512],[109.08564,-7.61512],[109.08575,-7.61512],[109.08576,-7.61512],[109.08588,-7.61512],[109.08588,-7.61513],[109.08588,-7.61539],[109.08588,-7.61558],[109.08543,-7.61558],[109.08543,-7.61603],[109.08498,-7.61603],[109.08498,-7.61648],[109.08452,-7.61648],[109.08406,-7.61648],[109.08406,-7.61647],[109.08362,-7.61647],[109.08361,-7.61647],[109.08316,-7.61647],[109.08316,-7.61602],[109.08361,-7.61602],[109.08362,-7.61602],[109.08406,-7.61602],[109.08407,-7.61602],[109.08407,-7.61557],[109.08407,-7.61512]]],[[[109.08453,-7.61377],[109.08453,-7.61376],[109.08453,-7.61331],[109.08498,-7.61331],[109.08498,-7.61376],[109.08498,-7.61377],[109.08498,-7.61422],[109.08498,-7.61467],[109.08466,-7.61467],[109.08453,-7.61467],[109.08453,-7.61422],[109.08453,-7.61386],[109.08453,-7.61377]]],[[[109.08408,-7.61467],[109.08362,-7.61467],[109.08362,-7.61421],[109.08408,-7.61421],[109.08408,-7.61467]]],[[[109.08271,-7.61466],[109.08271,-7.61421],[109.08317,-7.61421],[109.08317,-7.61466],[109.08271,-7.61466]]],[[[109.08363,-7.61376],[109.08317,-7.61376],[109.08317,-7.6134],[109.08317,-7.61331],[109.08363,-7.61331],[109.08363,-7.61366],[109.08363,-7.61376]]],[[[109.08453,-7.61331],[109.08408,-7.61331],[109.08408,-7.61286],[109.08453,-7.61286],[109.08453,-7.61331]]],[[[109.0841,-7.60991],[109.0841,-7.61015],[109.08421,-7.61015],[109.08455,-7.61015],[109.08455,-7.6106],[109.08499,-7.6106],[109.08499,-7.61015],[109.085,-7.61015],[109.085,-7.6097],[109.08455,-7.6097],[109.08455,-7.60925],[109.085,-7.60925],[109.085,-7.6088],[109.08456,-7.6088],[109.08455,-7.6088],[109.0841,-7.6088],[109.0841,-7.60924],[109.0841,-7.60925],[109.084,-7.60925],[109.08364,-7.60925],[109.08364,-7.60924],[109.08364,-7.60879],[109.08319,-7.60879],[109.08319,-7.60834],[109.08319,-7.60789],[109.08275,-7.60789],[109.08275,-7.60833],[109.08275,-7.60834],[109.08229,-7.60834],[109.08229,-7.60833],[109.08229,-7.60788],[109.08274,-7.60788],[109.08274,-7.60743],[109.08274,-7.60698],[109.0832,-7.60698],[109.08365,-7.60698],[109.08366,-7.60698],[109.08392,-7.60698],[109.08411,-7.60698],[109.08411,-7.60744],[109.08385,-7.60744],[109.08366,-7.60744],[109.08365,-7.60744],[109.0832,-7.60744],[109.0832,-7.60788],[109.08365,-7.60788],[109.08365,-7.60789],[109.08388,-7.60789],[109.0841,-7.60789],[109.08411,-7.60789],[109.08455,-7.60789],[109.08456,-7.60789],[109.08456,-7.60744],[109.08456,-7.60699],[109.08501,-7.60699],[109.08502,-7.60699],[109.08546,-7.60699],[109.08546,-7.60654],[109.08592,-7.60654],[109.08592,-7.60699],[109.08592,-7.60744],[109.08592,-7.60745],[109.08592,-7.6079],[109.08591,-7.6079],[109.08547,-7.6079],[109.08547,-7.60834],[109.08547,-7.60835],[109.08547,-7.6088],[109.08546,-7.6088],[109.08546,-7.60925],[109.08591,-7.60925],[109.08636,-7.60925],[109.08636,-7.6088],[109.08681,-7.6088],[109.08682,-7.6088],[109.08682,-7.60926],[109.08681,-7.60926],[109.08637,-7.60926],[109.08637,-7.60971],[109.08636,-7.60971],[109.08591,-7.60971],[109.08591,-7.6097],[109.08546,-7.6097],[109.08546,-7.61015],[109.08591,-7.61015],[109.08591,-7.61061],[109.08545,-7.61061],[109.085,-7.61061],[109.085,-7.61106],[109.08545,-7.61106],[109.08545,-7.6115],[109.08545,-7.61151],[109.08499,-7.61151],[109.08499,-7.61144],[109.08499,-7.61106],[109.08454,-7.61106],[109.08454,-7.6106],[109.08447,-7.6106],[109.08409,-7.6106],[109.08409,-7.61015],[109.08364,-7.61015],[109.08364,-7.60969],[109.08399,-7.60969],[109.084,-7.60969],[109.0841,-7.60969],[109.0841,-7.60991]]],[[[109.08228,-7.60924],[109.08228,-7.60879],[109.08228,-7.60878],[109.08274,-7.60878],[109.08274,-7.60879],[109.08274,-7.60924],[109.08228,-7.60924]]],[[[109.08138,-7.60743],[109.08138,-7.60697],[109.08139,-7.60697],[109.08139,-7.60652],[109.08184,-7.60652],[109.08185,-7.60652],[109.0823,-7.60652],[109.0823,-7.60698],[109.08185,-7.60698],[109.08184,-7.60698],[109.08184,-7.60743],[109.08138,-7.60743]]],[[[109.08503,-7.60382],[109.08503,-7.60428],[109.08457,-7.60428],[109.08457,-7.60473],[109.08411,-7.60473],[109.08411,-7.60427],[109.08457,-7.60427],[109.08457,-7.60382],[109.08503,-7.60382]]],[[[109.08367,-7.60207],[109.08367,-7.60201],[109.0837,-7.60201],[109.08413,-7.60201],[109.08413,-7.60247],[109.08367,-7.60247],[109.08367,-7.60207]]],[[[109.08276,-7.60201],[109.08277,-7.60201],[109.08322,-7.60201],[109.08322,-7.60246],[109.08277,-7.60246],[109.08276,-7.60246],[109.08231,-7.60246],[109.08231,-7.60201],[109.08276,-7.60201]]],[[[109.08324,-7.6002],[109.08278,-7.6002],[109.08278,-7.59975],[109.08308,-7.59975],[109.08324,-7.59975],[109.08324,-7.60004],[109.08324,-7.6002]]],[[[109.08461,-7.59524],[109.08461,-7.59484],[109.08461,-7.59479],[109.08463,-7.59479],[109.08507,-7.59479],[109.08507,-7.59524],[109.08461,-7.59524]]],[[[109.08191,-7.59342],[109.08145,-7.59342],[109.08145,-7.59297],[109.08191,-7.59297],[109.08191,-7.59342]]],[[[109.08679,-7.68993],[109.08679,-7.68994],[109.08678,-7.68994],[109.08677,-7.68994],[109.08676,-7.68994],[109.08675,-7.68994],[109.08675,-7.68995],[109.08674,-7.68995],[109.08673,-7.68995],[109.08672,-7.68996],[109.08672,-7.68994],[109.08645,-7.68982],[109.08645,-7.68969],[109.08691,-7.68969],[109.08691,-7.6899],[109.0869,-7.68991],[109.08689,-7.68991],[109.08688,-7.68991],[109.08688,-7.6899],[109.08687,-7.6899],[109.08683,-7.68992],[109.08683,-7.68993],[109.08682,-7.68993],[109.08681,-7.68993],[109.0868,-7.68993],[109.08679,-7.68993]]],[[[109.08601,-7.68923],[109.08556,-7.68923],[109.08555,-7.68923],[109.0851,-7.68923],[109.08464,-7.68923],[109.08464,-7.68877],[109.0851,-7.68877],[109.0851,-7.68878],[109.08555,-7.68878],[109.08556,-7.68878],[109.08601,-7.68878],[109.08601,-7.68923]]],[[[109.08691,-7.68879],[109.08691,-7.68834],[109.08691,-7.68833],[109.08691,-7.68788],[109.08737,-7.68788],[109.08737,-7.68833],[109.08737,-7.68834],[109.08737,-7.68879],[109.08691,-7.68879]]],[[[109.08556,-7.68788],[109.08556,-7.68742],[109.08601,-7.68742],[109.08601,-7.68788],[109.08556,-7.68788]]],[[[109.08693,-7.68652],[109.08693,-7.68653],[109.08692,-7.68653],[109.08692,-7.68698],[109.08646,-7.68698],[109.08646,-7.68652],[109.08601,-7.68652],[109.08601,-7.68607],[109.08647,-7.68607],[109.08692,-7.68607],[109.08692,-7.68562],[109.08738,-7.68562],[109.08738,-7.68607],[109.08738,-7.68608],[109.08693,-7.68608],[109.08693,-7.68652]]],[[[109.08516,-7.67613],[109.08516,-7.67568],[109.08516,-7.67567],[109.08516,-7.67522],[109.08516,-7.67477],[109.08516,-7.67432],[109.08562,-7.67432],[109.08607,-7.67432],[109.08608,-7.67432],[109.08608,-7.67477],[109.08607,-7.67477],[109.08607,-7.67522],[109.08652,-7.67522],[109.08653,-7.67522],[109.08653,-7.67523],[109.08653,-7.67568],[109.08652,-7.67568],[109.08652,-7.67613],[109.08652,-7.67658],[109.08652,-7.67703],[109.08606,-7.67703],[109.08606,-7.67658],[109.08606,-7.67613],[109.08562,-7.67613],[109.08561,-7.67613],[109.08516,-7.67613]],[[109.08562,-7.67523],[109.08562,-7.67567],[109.08607,-7.67567],[109.08607,-7.67523],[109.08562,-7.67523]]],[[[109.08742,-7.67659],[109.08742,-7.67613],[109.08788,-7.67613],[109.08788,-7.67659],[109.08742,-7.67659]]],[[[109.08788,-7.67433],[109.08743,-7.67433],[109.08743,-7.67478],[109.08698,-7.67478],[109.08697,-7.67478],[109.08697,-7.67433],[109.08697,-7.67432],[109.08698,-7.67432],[109.08742,-7.67432],[109.08742,-7.67388],[109.08742,-7.67387],[109.08743,-7.67387],[109.08788,-7.67387],[109.08788,-7.67388],[109.08788,-7.67433]]],[[[109.08607,-7.67341],[109.08608,-7.67341],[109.08608,-7.67342],[109.08608,-7.67387],[109.08607,-7.67387],[109.08562,-7.67387],[109.08562,-7.67342],[109.08562,-7.67341],[109.08607,-7.67341]]],[[[109.08789,-7.67343],[109.08743,-7.67343],[109.08743,-7.67342],[109.08743,-7.67297],[109.08789,-7.67297],[109.08789,-7.67342],[109.08789,-7.67343]]],[[[109.08789,-7.67162],[109.08744,-7.67162],[109.08744,-7.67117],[109.08744,-7.67116],[109.08744,-7.67071],[109.0879,-7.67071],[109.0879,-7.67027],[109.0879,-7.67026],[109.0879,-7.66981],[109.08745,-7.66981],[109.08745,-7.66936],[109.087,-7.66936],[109.087,-7.6689],[109.08746,-7.6689],[109.08746,-7.66936],[109.08791,-7.66936],[109.08791,-7.66981],[109.08835,-7.66981],[109.08836,-7.66981],[109.08836,-7.66936],[109.08881,-7.66936],[109.08926,-7.66936],[109.08926,-7.66981],[109.08926,-7.66982],[109.08971,-7.66982],[109.08971,-7.67027],[109.08971,-7.67072],[109.09016,-7.67072],[109.09016,-7.67027],[109.09061,-7.67027],[109.09062,-7.67027],[109.09107,-7.67027],[109.09107,-7.67073],[109.09152,-7.67073],[109.09152,-7.67028],[109.09198,-7.67028],[109.09198,-7.67073],[109.09198,-7.67118],[109.09207,-7.67118],[109.0921,-7.67118],[109.09208,-7.67122],[109.09208,-7.67123],[109.09209,-7.67123],[109.0921,-7.67124],[109.0921,-7.67125],[109.09211,-7.67125],[109.09211,-7.67126],[109.09211,-7.67127],[109.09211,-7.67164],[109.09208,-7.67164],[109.09197,-7.67164],[109.09152,-7.67164],[109.09152,-7.67208],[109.09152,-7.67209],[109.09197,-7.67209],[109.09197,-7.67254],[109.09197,-7.67299],[109.09152,-7.67299],[109.09151,-7.67299],[109.09106,-7.67299],[109.09106,-7.67254],[109.09106,-7.67209],[109.09106,-7.67208],[109.09062,-7.67208],[109.09061,-7.67208],[109.09016,-7.67208],[109.09016,-7.67253],[109.0897,-7.67253],[109.0897,-7.67208],[109.08926,-7.67208],[109.08926,-7.67253],[109.0888,-7.67253],[109.08834,-7.67253],[109.08834,-7.67252],[109.0879,-7.67252],[109.08789,-7.67252],[109.08744,-7.67252],[109.08698,-7.67252],[109.08698,-7.67207],[109.08744,-7.67207],[109.08789,-7.67207],[109.08789,-7.67162]],[[109.08836,-7.67072],[109.08836,-7.67117],[109.0888,-7.67117],[109.0888,-7.67072],[109.08836,-7.67072]],[[109.08925,-7.67162],[109.08925,-7.67117],[109.08881,-7.67117],[109.08881,-7.67162],[109.08835,-7.67162],[109.08835,-7.67207],[109.0888,-7.67207],[109.08925,-7.67207],[109.08925,-7.67163],[109.08925,-7.67162]],[[109.08971,-7.67163],[109.09016,-7.67163],[109.09016,-7.67118],[109.08971,-7.67118],[109.08971,-7.67162],[109.08971,-7.67163]]],[[[109.08792,-7.66665],[109.08836,-7.66665],[109.08837,-7.66665],[109.08882,-7.66665],[109.08882,-7.6662],[109.08928,-7.6662],[109.08928,-7.66665],[109.08928,-7.6671],[109.08973,-7.6671],[109.08973,-7.66711],[109.08973,-7.66756],[109.08928,-7.66756],[109.08927,-7.66756],[109.08882,-7.66756],[109.08882,-7.66711],[109.08882,-7.6671],[109.08837,-7.6671],[109.08836,-7.6671],[109.08792,-7.6671],[109.08791,-7.6671],[109.08746,-7.6671],[109.08746,-7.66665],[109.08791,-7.66665],[109.08792,-7.66665]]],[[[109.08794,-7.66077],[109.08839,-7.66077],[109.08839,-7.66078],[109.08885,-7.66078],[109.08885,-7.66123],[109.08839,-7.66123],[109.08794,-7.66123],[109.08749,-7.66123],[109.08749,-7.66122],[109.08704,-7.66122],[109.08704,-7.66077],[109.08749,-7.66077],[109.08794,-7.66077]]],[[[109.08795,-7.66032],[109.08749,-7.66032],[109.08704,-7.66032],[109.08704,-7.65987],[109.08749,-7.65987],[109.08795,-7.65987],[109.08795,-7.66032]]],[[[109.08614,-7.66032],[109.08614,-7.65986],[109.08659,-7.65986],[109.08659,-7.65941],[109.08704,-7.65941],[109.08704,-7.65987],[109.08659,-7.65987],[109.08659,-7.66032],[109.08614,-7.66032]]],[[[109.08659,-7.65941],[109.08614,-7.65941],[109.08614,-7.65896],[109.08659,-7.65896],[109.08659,-7.65941]]],[[[109.08614,-7.65851],[109.08569,-7.65851],[109.08568,-7.65851],[109.08568,-7.65805],[109.08569,-7.65805],[109.08614,-7.65805],[109.08614,-7.65851]]],[[[109.08665,-7.6567],[109.0866,-7.6567],[109.0866,-7.65665],[109.08665,-7.65665],[109.08665,-7.6567]]],[[[109.08706,-7.65625],[109.08706,-7.6567],[109.08683,-7.6567],[109.08683,-7.65665],[109.08665,-7.65665],[109.08665,-7.65656],[109.0866,-7.65656],[109.0866,-7.65638],[109.08665,-7.65638],[109.08665,-7.65625],[109.08706,-7.65625]]],[[[109.0858,-7.64381],[109.0858,-7.64405],[109.08575,-7.64405],[109.08575,-7.64381],[109.0858,-7.64381]]],[[[109.08578,-7.63727],[109.08533,-7.63727],[109.08533,-7.63682],[109.08533,-7.63681],[109.08488,-7.63681],[109.08488,-7.63636],[109.08533,-7.63636],[109.08534,-7.63636],[109.08579,-7.63636],[109.08579,-7.63681],[109.08579,-7.63682],[109.08579,-7.63727],[109.08578,-7.63727]]],[[[109.08534,-7.63456],[109.08534,-7.6341],[109.0858,-7.6341],[109.0858,-7.63456],[109.08534,-7.63456]]],[[[109.08625,-7.63411],[109.08625,-7.63365],[109.08671,-7.63365],[109.08671,-7.63411],[109.08625,-7.63411]]],[[[109.0881,-7.62553],[109.0881,-7.62598],[109.08765,-7.62598],[109.08719,-7.62598],[109.08719,-7.62553],[109.08719,-7.62552],[109.08765,-7.62552],[109.08765,-7.62553],[109.0881,-7.62553]]],[[[109.08766,-7.62282],[109.0872,-7.62282],[109.0872,-7.62236],[109.08766,-7.62236],[109.08766,-7.62282]]],[[[109.0863,-7.62281],[109.0863,-7.62236],[109.08675,-7.62236],[109.08675,-7.62281],[109.0863,-7.62281]]],[[[109.08722,-7.62101],[109.08767,-7.62101],[109.08767,-7.62146],[109.08722,-7.62146],[109.08721,-7.62146],[109.08676,-7.62146],[109.08676,-7.62191],[109.0863,-7.62191],[109.0863,-7.62145],[109.08676,-7.62145],[109.08676,-7.62101],[109.08676,-7.621],[109.08676,-7.62055],[109.08722,-7.62055],[109.08722,-7.621],[109.08722,-7.62101]]],[[[109.08499,-7.61241],[109.08544,-7.61241],[109.08544,-7.61286],[109.08544,-7.61287],[109.08498,-7.61287],[109.08498,-7.61286],[109.08453,-7.61286],[109.08453,-7.61241],[109.08453,-7.61196],[109.08499,-7.61196],[109.08499,-7.61241]]],[[[109.08635,-7.61182],[109.08635,-7.61197],[109.08674,-7.61197],[109.0868,-7.61197],[109.0868,-7.61199],[109.0868,-7.61242],[109.08634,-7.61242],[109.08634,-7.61197],[109.08589,-7.61197],[109.08589,-7.61162],[109.08589,-7.61151],[109.08635,-7.61151],[109.08635,-7.61182]]],[[[109.08728,-7.60655],[109.08682,-7.60655],[109.08682,-7.60609],[109.08728,-7.60609],[109.08728,-7.60655]]],[[[109.08638,-7.60654],[109.08592,-7.60654],[109.08592,-7.60609],[109.08638,-7.60609],[109.08638,-7.60654]]],[[[109.08546,-7.60609],[109.08546,-7.60564],[109.08592,-7.60564],[109.08592,-7.60609],[109.08546,-7.60609]]],[[[109.08592,-7.60564],[109.08592,-7.60519],[109.08638,-7.60519],[109.08638,-7.60564],[109.08592,-7.60564]]],[[[109.0873,-7.60429],[109.08684,-7.60429],[109.08684,-7.60383],[109.0873,-7.60383],[109.0873,-7.60429]]],[[[109.08548,-7.60293],[109.08548,-7.60247],[109.08594,-7.60247],[109.08594,-7.60293],[109.08548,-7.60293]]],[[[109.08684,-7.60157],[109.08685,-7.60157],[109.0873,-7.60157],[109.0873,-7.60158],[109.0873,-7.60203],[109.08685,-7.60203],[109.08684,-7.60203],[109.0864,-7.60203],[109.08639,-7.60203],[109.08594,-7.60203],[109.08594,-7.60202],[109.08594,-7.60157],[109.08549,-7.60157],[109.08549,-7.60112],[109.08594,-7.60112],[109.08595,-7.60112],[109.08595,-7.60157],[109.08639,-7.60157],[109.0864,-7.60157],[109.08684,-7.60157]]],[[[109.08504,-7.60202],[109.08458,-7.60202],[109.08458,-7.60157],[109.08458,-7.60156],[109.08504,-7.60156],[109.08504,-7.60157],[109.08504,-7.60202]]],[[[109.08595,-7.60067],[109.08594,-7.60067],[109.08594,-7.60022],[109.08594,-7.60021],[109.08595,-7.60021],[109.0864,-7.60021],[109.0864,-7.59977],[109.08686,-7.59977],[109.08686,-7.60022],[109.0864,-7.60022],[109.0864,-7.60067],[109.08595,-7.60067]]],[[[109.08685,-7.59932],[109.08685,-7.59886],[109.08731,-7.59886],[109.08731,-7.59932],[109.08685,-7.59932]]],[[[109.08551,-7.59841],[109.08505,-7.59841],[109.08505,-7.59795],[109.08551,-7.59795],[109.08551,-7.59841]]],[[[109.08829,-7.68608],[109.08874,-7.68608],[109.08874,-7.68653],[109.08829,-7.68653],[109.08828,-7.68653],[109.08783,-7.68653],[109.08783,-7.68608],[109.08783,-7.68563],[109.08783,-7.68562],[109.08829,-7.68562],[109.08829,-7.68563],[109.08829,-7.68608]]],[[[109.09058,-7.67977],[109.09058,-7.68021],[109.09058,-7.68022],[109.09013,-7.68022],[109.09013,-7.68066],[109.09013,-7.68067],[109.08967,-7.68067],[109.08967,-7.68066],[109.08967,-7.68021],[109.09012,-7.68021],[109.09012,-7.67976],[109.09058,-7.67976],[109.09058,-7.67931],[109.09103,-7.67931],[109.09103,-7.67976],[109.09103,-7.67977],[109.09058,-7.67977]]],[[[109.08968,-7.6784],[109.08923,-7.6784],[109.08923,-7.67795],[109.08968,-7.67795],[109.08968,-7.6784]]],[[[109.08877,-7.67795],[109.08877,-7.6775],[109.08923,-7.6775],[109.08923,-7.67795],[109.08877,-7.67795]]],[[[109.08879,-7.67479],[109.08833,-7.67479],[109.08833,-7.67478],[109.08833,-7.67433],[109.08879,-7.67433],[109.08879,-7.67478],[109.08879,-7.67479]]],[[[109.09017,-7.66892],[109.09063,-7.66892],[109.09063,-7.66937],[109.09107,-7.66937],[109.09108,-7.66937],[109.09152,-7.66937],[109.09153,-7.66937],[109.09198,-7.66937],[109.09198,-7.66938],[109.09198,-7.66983],[109.09153,-7.66983],[109.09152,-7.66983],[109.09108,-7.66983],[109.09107,-7.66983],[109.09062,-7.66983],[109.09062,-7.66982],[109.09016,-7.66982],[109.09016,-7.66937],[109.09017,-7.66937],[109.09017,-7.66892]]],[[[109.08926,-7.66846],[109.08926,-7.66801],[109.08972,-7.66801],[109.08972,-7.66846],[109.08926,-7.66846]]],[[[109.08836,-7.66846],[109.08836,-7.66801],[109.08836,-7.668],[109.08882,-7.668],[109.08882,-7.66801],[109.08882,-7.66846],[109.08836,-7.66846]]],[[[109.08883,-7.66484],[109.08883,-7.6644],[109.08883,-7.66439],[109.08883,-7.66394],[109.08884,-7.66394],[109.08884,-7.66349],[109.08913,-7.66349],[109.08929,-7.66349],[109.0893,-7.66349],[109.0893,-7.6635],[109.0893,-7.66394],[109.08929,-7.66394],[109.08929,-7.66434],[109.08929,-7.66439],[109.08929,-7.6644],[109.08929,-7.66484],[109.08929,-7.66485],[109.08929,-7.6653],[109.08884,-7.6653],[109.08883,-7.6653],[109.08883,-7.66575],[109.08837,-7.66575],[109.08837,-7.66529],[109.08838,-7.66529],[109.08838,-7.6652],[109.08838,-7.66511],[109.08838,-7.66484],[109.08883,-7.66484]],[[109.08907,-7.66354],[109.08912,-7.66369],[109.08913,-7.6637],[109.08913,-7.66369],[109.08913,-7.66353],[109.08907,-7.66354]]],[[[109.08977,-7.65807],[109.08977,-7.65762],[109.09023,-7.65762],[109.09023,-7.65807],[109.08977,-7.65807]]],[[[109.08932,-7.65536],[109.08932,-7.65502],[109.08932,-7.65491],[109.08932,-7.6549],[109.08933,-7.6549],[109.08935,-7.6549],[109.08978,-7.6549],[109.08978,-7.65491],[109.08978,-7.65536],[109.08933,-7.65536],[109.08932,-7.65536]]],[[[109.08842,-7.65535],[109.08797,-7.65535],[109.08797,-7.6549],[109.08842,-7.6549],[109.08843,-7.6549],[109.08843,-7.65535],[109.08842,-7.65535]]],[[[109.08853,-7.63186],[109.08807,-7.63186],[109.08807,-7.6314],[109.08853,-7.6314],[109.08853,-7.63186]]],[[[109.08945,-7.62915],[109.08899,-7.62915],[109.08899,-7.6287],[109.08945,-7.6287],[109.08945,-7.62915]]],[[[109.08808,-7.62824],[109.08809,-7.62824],[109.08854,-7.62824],[109.08854,-7.62869],[109.08809,-7.62869],[109.08808,-7.62869],[109.08763,-7.62869],[109.08763,-7.62824],[109.08808,-7.62824]]],[[[109.0899,-7.62735],[109.0899,-7.62689],[109.09036,-7.62689],[109.09036,-7.62735],[109.0899,-7.62735]]],[[[109.08855,-7.62647],[109.08855,-7.62644],[109.08855,-7.62643],[109.089,-7.62643],[109.08901,-7.62643],[109.08901,-7.62644],[109.08945,-7.62644],[109.08946,-7.62644],[109.08946,-7.62689],[109.08945,-7.62689],[109.08934,-7.62689],[109.08915,-7.62689],[109.08901,-7.62689],[109.089,-7.62689],[109.08855,-7.62689],[109.08855,-7.62658],[109.08855,-7.62647]],[[109.0886,-7.6267],[109.0886,-7.62669],[109.08859,-7.6267],[109.0886,-7.6267]]],[[[109.08855,-7.62553],[109.0881,-7.62553],[109.0881,-7.62508],[109.08855,-7.62508],[109.08856,-7.62508],[109.08856,-7.62553],[109.089,-7.62553],[109.08901,-7.62553],[109.08901,-7.62598],[109.08901,-7.62599],[109.089,-7.62599],[109.08855,-7.62599],[109.08855,-7.62598],[109.08855,-7.62553]]],[[[109.09037,-7.62373],[109.09082,-7.62373],[109.09082,-7.62339],[109.09082,-7.62328],[109.09128,-7.62328],[109.09128,-7.6234],[109.09128,-7.62373],[109.09128,-7.62374],[109.09128,-7.62419],[109.09083,-7.62419],[109.09082,-7.62419],[109.09037,-7.62419],[109.09037,-7.62464],[109.08991,-7.62464],[109.08991,-7.62418],[109.09037,-7.62418],[109.09037,-7.62373]]],[[[109.08947,-7.62463],[109.08901,-7.62463],[109.08901,-7.62418],[109.08947,-7.62418],[109.08947,-7.62463]]],[[[109.08948,-7.62102],[109.08948,-7.62147],[109.08902,-7.62147],[109.08902,-7.62134],[109.08902,-7.62102],[109.08902,-7.62101],[109.08906,-7.62101],[109.08948,-7.62101],[109.08948,-7.62102]]],[[[109.08903,-7.61966],[109.08904,-7.61966],[109.08949,-7.61966],[109.08949,-7.62011],[109.08904,-7.62011],[109.08903,-7.62011],[109.08902,-7.62011],[109.08858,-7.62011],[109.08858,-7.61966],[109.08899,-7.61966],[109.08903,-7.61966]]],[[[109.08949,-7.61921],[109.08948,-7.61921],[109.08948,-7.61876],[109.08949,-7.61876],[109.08994,-7.61876],[109.08994,-7.61921],[109.08949,-7.61921]]],[[[109.08858,-7.61758],[109.08858,-7.6174],[109.08859,-7.6174],[109.08904,-7.6174],[109.08904,-7.61785],[109.08889,-7.61785],[109.08859,-7.61785],[109.08858,-7.61785],[109.08858,-7.61758]]],[[[109.08995,-7.6156],[109.09041,-7.6156],[109.09087,-7.6156],[109.09087,-7.61605],[109.09041,-7.61605],[109.08996,-7.61605],[109.08996,-7.6165],[109.0895,-7.6165],[109.08904,-7.6165],[109.08904,-7.61604],[109.08905,-7.61604],[109.08905,-7.61559],[109.08951,-7.61559],[109.08951,-7.61605],[109.08995,-7.61605],[109.08995,-7.6156]]],[[[109.08906,-7.61378],[109.08906,-7.61333],[109.08951,-7.61333],[109.08952,-7.61333],[109.08997,-7.61333],[109.08997,-7.61289],[109.08997,-7.61288],[109.08997,-7.61243],[109.09042,-7.61243],[109.09042,-7.61288],[109.09042,-7.61289],[109.09042,-7.61334],[109.08997,-7.61334],[109.08997,-7.61379],[109.08952,-7.61379],[109.08952,-7.61424],[109.08951,-7.61424],[109.08951,-7.61469],[109.08905,-7.61469],[109.08905,-7.61424],[109.08906,-7.61424],[109.08906,-7.61379],[109.08906,-7.61378]]],[[[109.08816,-7.61378],[109.0877,-7.61378],[109.0877,-7.61333],[109.08798,-7.61333],[109.08816,-7.61333],[109.08816,-7.61353],[109.08816,-7.61378]]],[[[109.08906,-7.61243],[109.08906,-7.61198],[109.08907,-7.61198],[109.08951,-7.61198],[109.08952,-7.61198],[109.08997,-7.61198],[109.08997,-7.61243],[109.08952,-7.61243],[109.08951,-7.61243],[109.08907,-7.61243],[109.08906,-7.61243]]],[[[109.08816,-7.61152],[109.08862,-7.61152],[109.08862,-7.61198],[109.08817,-7.61198],[109.08817,-7.61243],[109.08771,-7.61243],[109.08771,-7.61197],[109.08816,-7.61197],[109.08816,-7.61152]]],[[[109.08952,-7.61153],[109.08951,-7.61153],[109.08951,-7.61108],[109.08952,-7.61108],[109.08997,-7.61108],[109.08997,-7.61153],[109.08952,-7.61153]]],[[[109.08864,-7.607],[109.08864,-7.60701],[109.08818,-7.60701],[109.08818,-7.607],[109.08818,-7.60655],[109.08864,-7.60655],[109.08864,-7.607]]],[[[109.0891,-7.60384],[109.08865,-7.60384],[109.0882,-7.60384],[109.0882,-7.60339],[109.08865,-7.60339],[109.0891,-7.60339],[109.0891,-7.60294],[109.08865,-7.60294],[109.08865,-7.60249],[109.0891,-7.60249],[109.0891,-7.60204],[109.08911,-7.60204],[109.08911,-7.60159],[109.08911,-7.60158],[109.08957,-7.60158],[109.08957,-7.60159],[109.09002,-7.60159],[109.09002,-7.60204],[109.09046,-7.60204],[109.09047,-7.60204],[109.09092,-7.60204],[109.09092,-7.60159],[109.09138,-7.60159],[109.09138,-7.60114],[109.09183,-7.60114],[109.09183,-7.6007],[109.09183,-7.60069],[109.09183,-7.60024],[109.09184,-7.60024],[109.09228,-7.60024],[109.09228,-7.59979],[109.09184,-7.59979],[109.09183,-7.59979],[109.09183,-7.59934],[109.09184,-7.59934],[109.09229,-7.59934],[109.09229,-7.59979],[109.09274,-7.59979],[109.09274,-7.60024],[109.09274,-7.60025],[109.09274,-7.6007],[109.09229,-7.6007],[109.09229,-7.60114],[109.09229,-7.60115],[109.09273,-7.60115],[109.09274,-7.60115],[109.09318,-7.60115],[109.09319,-7.60115],[109.09364,-7.60115],[109.09364,-7.6016],[109.09364,-7.60161],[109.09319,-7.60161],[109.09318,-7.60161],[109.09318,-7.6016],[109.09274,-7.6016],[109.09274,-7.60205],[109.09274,-7.6025],[109.09274,-7.60251],[109.09274,-7.60296],[109.09228,-7.60296],[109.09182,-7.60296],[109.09182,-7.60295],[109.09138,-7.60295],[109.09137,-7.60295],[109.09092,-7.60295],[109.09092,-7.6025],[109.09047,-7.6025],[109.09046,-7.6025],[109.09001,-7.6025],[109.09001,-7.60294],[109.09047,-7.60294],[109.09047,-7.60295],[109.09047,-7.6034],[109.09046,-7.6034],[109.09046,-7.60385],[109.09091,-7.60385],[109.09136,-7.60385],[109.09136,-7.6034],[109.09182,-7.6034],[109.09182,-7.60386],[109.09137,-7.60386],[109.09137,-7.60431],[109.09091,-7.60431],[109.09091,-7.6043],[109.09046,-7.6043],[109.09046,-7.60475],[109.09091,-7.60475],[109.09091,-7.60521],[109.09091,-7.60566],[109.09045,-7.60566],[109.09045,-7.60611],[109.09,-7.60611],[109.09,-7.60656],[109.08955,-7.60656],[109.08954,-7.60656],[109.08909,-7.60656],[109.08909,-7.6061],[109.08954,-7.6061],[109.08955,-7.6061],[109.08955,-7.60566],[109.08955,-7.60565],[109.0891,-7.60565],[109.0891,-7.6052],[109.08955,-7.6052],[109.08955,-7.60475],[109.08955,-7.6043],[109.0891,-7.6043],[109.0891,-7.60385],[109.0891,-7.60384]],[[109.09,-7.6043],[109.09,-7.60385],[109.08956,-7.60385],[109.08955,-7.60385],[109.08955,-7.6043],[109.09,-7.6043]],[[109.09001,-7.60339],[109.09001,-7.60295],[109.08956,-7.60295],[109.08956,-7.60339],[109.09001,-7.60339]],[[109.09138,-7.6025],[109.09182,-7.6025],[109.09183,-7.6025],[109.09183,-7.60205],[109.09228,-7.60205],[109.09228,-7.6016],[109.09184,-7.6016],[109.09183,-7.6016],[109.09138,-7.6016],[109.09138,-7.60204],[109.09138,-7.60205],[109.09138,-7.6025]]],[[[109.08822,-7.60022],[109.08866,-7.60022],[109.08866,-7.59978],[109.08912,-7.59978],[109.08957,-7.59978],[109.08958,-7.59978],[109.09003,-7.59978],[109.09003,-7.60023],[109.09003,-7.60068],[109.09003,-7.60069],[109.09002,-7.60069],[109.09002,-7.60114],[109.08956,-7.60114],[109.08956,-7.60068],[109.08911,-7.60068],[109.08911,-7.60023],[109.08867,-7.60023],[109.08867,-7.60068],[109.08821,-7.60068],[109.08821,-7.60023],[109.08776,-7.60023],[109.08776,-7.59977],[109.08822,-7.59977],[109.08822,-7.60022]]],[[[109.09138,-7.60024],[109.09139,-7.60024],[109.09139,-7.60069],[109.09138,-7.60069],[109.09093,-7.60069],[109.09047,-7.60069],[109.09047,-7.60024],[109.09047,-7.60023],[109.09093,-7.60023],[109.09093,-7.60024],[109.09138,-7.60024]]],[[[109.08776,-7.59932],[109.08776,-7.59887],[109.08822,-7.59887],[109.08822,-7.59932],[109.08776,-7.59932]]],[[[109.08822,-7.59887],[109.08822,-7.59842],[109.08868,-7.59842],[109.08868,-7.59887],[109.08822,-7.59887]]],[[[109.09328,-7.68294],[109.09373,-7.68294],[109.09374,-7.68294],[109.09418,-7.68294],[109.09419,-7.68294],[109.09419,-7.68339],[109.09419,-7.68385],[109.09418,-7.68385],[109.09373,-7.68385],[109.09373,-7.68384],[109.09328,-7.68384],[109.09282,-7.68384],[109.09282,-7.68339],[109.09237,-7.68339],[109.09237,-7.68293],[109.09283,-7.68293],[109.09283,-7.68339],[109.09328,-7.68339],[109.09328,-7.68294]]],[[[109.09193,-7.68158],[109.09193,-7.68113],[109.09193,-7.68112],[109.09238,-7.68112],[109.09238,-7.68068],[109.09238,-7.68067],[109.09238,-7.68023],[109.09238,-7.68022],[109.09238,-7.67977],[109.09194,-7.67977],[109.09193,-7.67977],[109.09148,-7.67977],[109.09148,-7.67932],[109.09193,-7.67932],[109.09194,-7.67932],[109.09239,-7.67932],[109.09239,-7.67977],[109.09284,-7.67977],[109.09284,-7.68022],[109.09329,-7.68022],[109.09329,-7.68023],[109.09329,-7.68068],[109.09374,-7.68068],[109.09374,-7.68113],[109.09329,-7.68113],[109.09329,-7.68158],[109.09283,-7.68158],[109.09283,-7.68113],[109.09239,-7.68113],[109.09239,-7.68158],[109.09238,-7.68158],[109.09193,-7.68158]],[[109.09328,-7.68068],[109.09284,-7.68068],[109.09284,-7.68113],[109.09328,-7.68113],[109.09328,-7.68068]]],[[[109.09193,-7.68067],[109.09148,-7.68067],[109.09148,-7.68022],[109.09193,-7.68022],[109.09193,-7.68067]]],[[[109.09425,-7.66893],[109.09425,-7.66894],[109.09419,-7.66894],[109.09421,-7.66872],[109.09421,-7.66871],[109.09421,-7.6687],[109.09422,-7.6687],[109.09422,-7.66869],[109.09423,-7.66869],[109.09423,-7.66868],[109.09424,-7.66868],[109.09425,-7.66867],[109.09425,-7.66893]]],[[[109.09108,-7.66757],[109.09108,-7.66711],[109.09154,-7.66711],[109.09154,-7.66757],[109.09108,-7.66757]]],[[[109.0938,-7.66668],[109.0938,-7.66622],[109.09426,-7.66622],[109.09426,-7.66668],[109.0938,-7.66668]]],[[[109.09383,-7.6608],[109.09428,-7.6608],[109.09428,-7.66125],[109.09473,-7.66125],[109.09519,-7.66125],[109.09519,-7.66126],[109.09564,-7.66126],[109.09564,-7.66081],[109.09519,-7.66081],[109.09519,-7.66035],[109.09565,-7.66035],[109.09565,-7.66036],[109.09609,-7.66036],[109.0961,-7.66036],[109.09655,-7.66036],[109.09655,-7.65991],[109.09701,-7.65991],[109.09701,-7.66036],[109.09745,-7.66036],[109.09746,-7.66036],[109.09746,-7.65991],[109.09746,-7.65946],[109.09701,-7.65946],[109.09701,-7.65901],[109.09747,-7.65901],[109.09747,-7.65946],[109.09792,-7.65946],[109.09792,-7.65991],[109.09792,-7.66037],[109.09836,-7.66037],[109.09837,-7.66037],[109.09882,-7.66037],[109.09927,-7.66037],[109.09927,-7.66082],[109.09882,-7.66082],[109.09882,-7.66127],[109.09882,-7.66172],[109.09926,-7.66172],[109.09926,-7.66128],[109.09926,-7.66127],[109.09972,-7.66127],[109.09972,-7.66128],[109.09972,-7.66173],[109.10017,-7.66173],[109.10017,-7.66128],[109.10017,-7.66083],[109.09972,-7.66083],[109.09972,-7.66037],[109.10017,-7.66037],[109.10017,-7.65992],[109.09972,-7.65992],[109.09927,-7.65992],[109.09927,-7.65947],[109.09972,-7.65947],[109.09972,-7.65902],[109.09928,-7.65902],[109.09927,-7.65902],[109.09882,-7.65902],[109.09882,-7.65856],[109.09927,-7.65856],[109.09928,-7.65856],[109.09973,-7.65856],[109.09973,-7.65857],[109.10018,-7.65857],[109.10064,-7.65857],[109.10064,-7.65902],[109.10063,-7.65902],[109.10063,-7.65947],[109.10018,-7.65947],[109.10018,-7.65992],[109.10063,-7.65992],[109.10063,-7.66038],[109.10107,-7.66038],[109.10108,-7.66038],[109.10108,-7.65993],[109.10108,-7.65948],[109.10153,-7.65948],[109.10154,-7.65948],[109.10199,-7.65948],[109.10244,-7.65948],[109.10245,-7.65948],[109.10289,-7.65948],[109.1029,-7.65948],[109.1031,-7.65948],[109.10335,-7.65948],[109.10335,-7.65949],[109.10381,-7.65949],[109.10381,-7.65994],[109.10426,-7.65994],[109.10426,-7.66039],[109.10471,-7.66039],[109.10471,-7.65995],[109.10471,-7.65994],[109.10471,-7.65949],[109.10471,-7.65904],[109.10516,-7.65904],[109.10561,-7.65904],[109.10607,-7.65904],[109.10607,-7.6595],[109.10561,-7.6595],[109.10561,-7.65995],[109.10516,-7.65995],[109.10516,-7.6604],[109.10471,-7.6604],[109.10471,-7.66085],[109.10426,-7.66085],[109.10425,-7.66085],[109.1038,-7.66085],[109.1038,-7.66084],[109.10335,-7.66084],[109.10334,-7.66084],[109.10334,-7.66129],[109.10379,-7.66129],[109.1038,-7.66129],[109.10425,-7.66129],[109.10425,-7.6613],[109.1047,-7.6613],[109.10516,-7.6613],[109.10516,-7.66175],[109.1056,-7.66175],[109.1056,-7.6613],[109.10606,-7.6613],[109.10606,-7.66175],[109.10606,-7.66176],[109.10651,-7.66176],[109.10651,-7.66221],[109.10651,-7.66266],[109.10651,-7.66311],[109.10651,-7.66312],[109.10605,-7.66312],[109.10605,-7.66311],[109.1056,-7.66311],[109.1056,-7.66266],[109.10605,-7.66266],[109.10605,-7.66221],[109.10561,-7.66221],[109.1056,-7.66221],[109.10515,-7.66221],[109.1047,-7.66221],[109.1047,-7.66265],[109.10515,-7.66265],[109.10515,-7.66266],[109.10515,-7.66311],[109.10515,-7.66356],[109.10469,-7.66356],[109.10469,-7.66311],[109.10469,-7.66266],[109.10424,-7.66266],[109.10424,-7.66265],[109.10424,-7.6622],[109.10379,-7.6622],[109.10333,-7.6622],[109.10333,-7.66175],[109.10288,-7.66175],[109.10288,-7.66174],[109.10244,-7.66174],[109.10243,-7.66174],[109.10243,-7.66188],[109.10243,-7.66189],[109.10243,-7.66219],[109.10198,-7.66219],[109.10198,-7.66264],[109.10152,-7.66264],[109.10152,-7.66219],[109.10152,-7.66174],[109.10107,-7.66174],[109.10107,-7.66219],[109.10062,-7.66219],[109.10017,-7.66219],[109.10017,-7.66218],[109.09971,-7.66218],[109.09971,-7.66173],[109.09927,-7.66173],[109.09927,-7.66218],[109.09881,-7.66218],[109.09881,-7.66263],[109.09854,-7.66263],[109.09836,-7.66263],[109.09835,-7.66263],[109.09835,-7.66308],[109.09789,-7.66308],[109.09789,-7.66263],[109.09789,-7.66262],[109.0979,-7.66262],[109.0979,-7.6625],[109.0979,-7.66218],[109.0979,-7.66217],[109.09745,-7.66217],[109.09745,-7.66242],[109.09745,-7.66262],[109.097,-7.66262],[109.09699,-7.66262],[109.09699,-7.66307],[109.09699,-7.66352],[109.09699,-7.66353],[109.09699,-7.66389],[109.0969,-7.66389],[109.0969,-7.66398],[109.09654,-7.66398],[109.09653,-7.66398],[109.09608,-7.66398],[109.09608,-7.66397],[109.09608,-7.66352],[109.09563,-7.66352],[109.09563,-7.66307],[109.09608,-7.66307],[109.09608,-7.66262],[109.09563,-7.66262],[109.09563,-7.66258],[109.09563,-7.66217],[109.09563,-7.66216],[109.09519,-7.66216],[109.09518,-7.66216],[109.09473,-7.66216],[109.09428,-7.66216],[109.09428,-7.66171],[109.09383,-7.66171],[109.09383,-7.6617],[109.09383,-7.66125],[109.09383,-7.6608]],[[109.09564,-7.66171],[109.09609,-7.66171],[109.09609,-7.66126],[109.09564,-7.66126],[109.09564,-7.66171]],[[109.09745,-7.66172],[109.097,-7.66172],[109.097,-7.66217],[109.09745,-7.66217],[109.09745,-7.66172]],[[109.1038,-7.66039],[109.1038,-7.65994],[109.10335,-7.65994],[109.10335,-7.66039],[109.1038,-7.66039]],[[109.09791,-7.66127],[109.09791,-7.66172],[109.09836,-7.66172],[109.09836,-7.66127],[109.09791,-7.66127]],[[109.09609,-7.66172],[109.09609,-7.66216],[109.09654,-7.66216],[109.09654,-7.66172],[109.09609,-7.66172]],[[109.09881,-7.66217],[109.09881,-7.66173],[109.09836,-7.66173],[109.09836,-7.66217],[109.09881,-7.66217]],[[109.10198,-7.66038],[109.10198,-7.65993],[109.10154,-7.65993],[109.10154,-7.66038],[109.10198,-7.66038]],[[109.10244,-7.66038],[109.10244,-7.66039],[109.10289,-7.66039],[109.10289,-7.65994],[109.10244,-7.65994],[109.10244,-7.66038]],[[109.10107,-7.66128],[109.10062,-7.66128],[109.10062,-7.66173],[109.10107,-7.66173],[109.10107,-7.66129],[109.10107,-7.66128]]],[[[109.09293,-7.6608],[109.09274,-7.6608],[109.0927,-7.66034],[109.09293,-7.66034],[109.09293,-7.6608]]],[[[109.09251,-7.65447],[109.09205,-7.65447],[109.09205,-7.65401],[109.09251,-7.65401],[109.09251,-7.65447]]],[[[109.09074,-7.6536],[109.09069,-7.6536],[109.09069,-7.65359],[109.09069,-7.65356],[109.09084,-7.65356],[109.09084,-7.65359],[109.09093,-7.65359],[109.09093,-7.65356],[109.09111,-7.65356],[109.09111,-7.6536],[109.09115,-7.6536],[109.09115,-7.65396],[109.09102,-7.65396],[109.09102,-7.65401],[109.09101,-7.65401],[109.09069,-7.65401],[109.09069,-7.65378],[109.09069,-7.65377],[109.09074,-7.65377],[109.09074,-7.6536]]],[[[109.09115,-7.65351],[109.09115,-7.65345],[109.09138,-7.65339],[109.09138,-7.65342],[109.09147,-7.65342],[109.09147,-7.65356],[109.0912,-7.65356],[109.0912,-7.65351],[109.09115,-7.65351]]],[[[109.09292,-7.65333],[109.09292,-7.65315],[109.09283,-7.65315],[109.09283,-7.65311],[109.09296,-7.65311],[109.09296,-7.65357],[109.09251,-7.65357],[109.09251,-7.65333],[109.09256,-7.65333],[109.09256,-7.65342],[109.09283,-7.65342],[109.09283,-7.65333],[109.09292,-7.65333]]],[[[109.09256,-7.65324],[109.09251,-7.65324],[109.09251,-7.65315],[109.09256,-7.65315],[109.09256,-7.65324]]],[[[109.09432,-7.65298],[109.09432,-7.653],[109.09432,-7.65312],[109.09412,-7.65312],[109.09386,-7.65312],[109.09386,-7.65267],[109.09419,-7.65267],[109.09419,-7.6528],[109.09428,-7.6528],[109.09428,-7.65289],[109.09419,-7.65289],[109.09419,-7.65298],[109.09432,-7.65298]]],[[[109.09202,-7.65297],[109.09206,-7.65297],[109.09206,-7.65311],[109.09194,-7.65311],[109.09201,-7.65288],[109.09202,-7.65288],[109.09202,-7.65297]]],[[[109.0943,-7.64855],[109.0943,-7.6486],[109.09412,-7.6486],[109.09412,-7.64855],[109.0943,-7.64855]]],[[[109.09422,-7.64755],[109.09431,-7.64755],[109.09431,-7.64746],[109.09434,-7.64746],[109.09435,-7.64746],[109.09435,-7.6477],[109.0948,-7.6477],[109.0948,-7.64815],[109.09524,-7.64815],[109.09525,-7.64815],[109.0957,-7.64815],[109.0957,-7.64816],[109.09614,-7.64816],[109.09615,-7.64816],[109.09615,-7.64771],[109.0966,-7.64771],[109.0966,-7.64726],[109.09661,-7.64726],[109.09661,-7.6468],[109.09706,-7.6468],[109.09706,-7.64636],[109.09706,-7.64635],[109.09706,-7.6459],[109.09752,-7.6459],[109.09752,-7.64546],[109.09752,-7.64545],[109.09752,-7.645],[109.09753,-7.645],[109.09753,-7.64455],[109.09798,-7.64455],[109.09799,-7.64455],[109.09799,-7.645],[109.09843,-7.645],[109.09843,-7.64455],[109.09888,-7.64455],[109.09888,-7.6441],[109.09934,-7.6441],[109.09934,-7.64456],[109.09979,-7.64456],[109.09979,-7.64479],[109.09979,-7.64489],[109.09979,-7.64501],[109.09953,-7.64501],[109.0994,-7.64501],[109.09934,-7.64501],[109.09934,-7.64508],[109.09934,-7.64522],[109.09934,-7.64546],[109.09979,-7.64546],[109.09979,-7.64591],[109.09979,-7.64592],[109.09979,-7.64637],[109.09978,-7.64637],[109.09934,-7.64637],[109.09934,-7.64682],[109.09942,-7.64682],[109.09933,-7.64686],[109.09933,-7.64682],[109.09888,-7.64682],[109.09888,-7.64723],[109.09886,-7.64727],[109.09886,-7.64727],[109.09869,-7.64771],[109.09888,-7.64769],[109.09888,-7.64772],[109.09932,-7.64772],[109.09932,-7.64762],[109.09961,-7.64758],[109.09962,-7.64758],[109.09978,-7.64759],[109.10024,-7.64763],[109.10024,-7.64763],[109.10059,-7.64765],[109.1006,-7.64765],[109.10069,-7.64767],[109.10069,-7.64772],[109.10069,-7.64773],[109.10069,-7.64818],[109.10114,-7.64818],[109.10114,-7.64863],[109.10068,-7.64863],[109.10068,-7.64908],[109.10023,-7.64908],[109.10023,-7.64953],[109.09977,-7.64953],[109.09977,-7.64998],[109.09932,-7.64998],[109.09932,-7.65043],[109.09931,-7.65043],[109.09931,-7.65088],[109.09931,-7.65133],[109.09976,-7.65133],[109.09976,-7.65089],[109.09976,-7.65088],[109.10022,-7.65088],[109.10022,-7.65089],[109.10022,-7.65134],[109.09976,-7.65134],[109.09976,-7.65179],[109.09976,-7.65224],[109.0993,-7.65224],[109.0993,-7.65179],[109.0993,-7.65134],[109.09885,-7.65134],[109.09885,-7.65133],[109.0984,-7.65133],[109.0984,-7.65088],[109.0984,-7.65043],[109.0984,-7.64998],[109.0984,-7.64997],[109.0984,-7.64952],[109.09796,-7.64952],[109.09795,-7.64952],[109.09751,-7.64952],[109.0975,-7.64952],[109.09705,-7.64952],[109.0966,-7.64952],[109.0966,-7.64997],[109.09639,-7.64997],[109.0963,-7.64997],[109.09615,-7.64997],[109.09614,-7.64997],[109.09614,-7.64961],[109.09614,-7.64952],[109.09614,-7.64951],[109.09614,-7.64906],[109.09615,-7.64906],[109.0966,-7.64906],[109.0966,-7.64861],[109.09615,-7.64861],[109.09614,-7.64861],[109.09598,-7.64861],[109.09586,-7.64861],[109.0957,-7.64861],[109.0957,-7.6488],[109.0957,-7.64894],[109.0957,-7.64906],[109.09559,-7.64906],[109.09548,-7.64906],[109.09525,-7.64906],[109.09525,-7.64951],[109.09479,-7.64951],[109.09479,-7.64906],[109.09479,-7.64905],[109.09524,-7.64905],[109.09524,-7.64861],[109.09479,-7.64861],[109.09479,-7.64815],[109.09435,-7.64815],[109.09435,-7.64846],[109.09434,-7.64846],[109.09412,-7.64846],[109.09412,-7.64855],[109.09403,-7.64855],[109.09403,-7.64837],[109.09412,-7.64837],[109.09412,-7.64819],[109.09403,-7.64819],[109.09403,-7.64818],[109.09403,-7.64815],[109.09403,-7.64809],[109.09394,-7.64809],[109.09394,-7.6477],[109.09394,-7.64764],[109.09421,-7.64764],[109.09421,-7.64755],[109.09422,-7.64755]],[[109.10068,-7.64818],[109.10024,-7.64818],[109.10023,-7.64818],[109.10023,-7.64863],[109.10068,-7.64863],[109.10068,-7.64818]],[[109.09797,-7.6466],[109.09797,-7.64636],[109.09752,-7.64636],[109.09752,-7.64681],[109.09789,-7.64681],[109.09797,-7.64681],[109.09797,-7.6466]],[[109.09752,-7.64726],[109.09752,-7.64771],[109.09796,-7.64771],[109.09796,-7.64726],[109.09752,-7.64726]],[[109.09751,-7.64681],[109.09707,-7.64681],[109.09707,-7.64726],[109.09732,-7.64726],[109.09748,-7.64726],[109.09751,-7.64726],[109.09751,-7.64724],[109.09751,-7.64712],[109.09751,-7.64681]],[[109.09657,-7.64778],[109.09642,-7.64777],[109.09639,-7.64778],[109.09648,-7.64786],[109.09649,-7.64787],[109.0965,-7.64788],[109.09658,-7.6478],[109.09657,-7.64778]],[[109.09751,-7.64771],[109.09706,-7.64771],[109.09706,-7.64816],[109.0975,-7.64816],[109.09751,-7.64816],[109.09751,-7.64771]],[[109.09889,-7.645],[109.09889,-7.64501],[109.09933,-7.64501],[109.09933,-7.64456],[109.09889,-7.64456],[109.09889,-7.645]]],[[[109.09349,-7.64728],[109.09344,-7.64728],[109.09331,-7.64728],[109.09331,-7.64724],[109.09344,-7.64724],[109.09367,-7.64724],[109.09367,-7.64728],[109.09376,-7.64728],[109.09376,-7.64737],[109.09385,-7.64737],[109.09385,-7.64755],[109.09389,-7.64755],[109.0939,-7.64755],[109.09394,-7.64755],[109.09394,-7.64764],[109.0939,-7.64764],[109.09389,-7.64764],[109.09376,-7.64764],[109.09376,-7.64746],[109.09367,-7.64746],[109.09367,-7.64737],[109.09349,-7.64737],[109.09349,-7.64728]]],[[[109.09226,-7.63877],[109.09226,-7.63896],[109.09217,-7.63896],[109.09217,-7.63905],[109.09212,-7.63905],[109.09212,-7.63904],[109.09212,-7.63886],[109.09217,-7.63886],[109.09217,-7.63877],[109.09226,-7.63877]]],[[[109.09104,-7.63142],[109.09079,-7.63142],[109.09079,-7.63096],[109.09119,-7.63096],[109.09125,-7.63096],[109.09125,-7.63142],[109.09104,-7.63142]]],[[[109.0908,-7.62871],[109.0908,-7.6287],[109.0908,-7.62861],[109.0908,-7.62855],[109.0908,-7.62825],[109.09081,-7.62825],[109.09126,-7.62825],[109.09126,-7.62863],[109.09126,-7.62864],[109.09126,-7.62869],[109.09126,-7.6287],[109.09126,-7.62871],[109.09126,-7.62899],[109.09126,-7.62916],[109.09135,-7.62916],[109.09144,-7.62916],[109.09139,-7.62923],[109.09143,-7.62933],[109.0915,-7.62933],[109.09149,-7.62916],[109.09171,-7.62916],[109.09171,-7.62961],[109.09171,-7.62981],[109.09171,-7.6299],[109.09171,-7.63006],[109.09171,-7.63052],[109.09142,-7.63052],[109.09125,-7.63052],[109.09125,-7.63006],[109.09125,-7.62961],[109.09125,-7.62916],[109.0908,-7.62916],[109.0908,-7.62871]],[[109.09161,-7.62987],[109.0916,-7.62987],[109.0916,-7.62986],[109.09159,-7.62986],[109.09159,-7.62985],[109.09151,-7.62993],[109.09157,-7.62993],[109.09164,-7.62988],[109.09161,-7.62987]]],[[[109.09306,-7.62645],[109.09308,-7.62645],[109.09308,-7.62691],[109.09305,-7.62691],[109.09263,-7.62691],[109.09262,-7.62691],[109.09217,-7.62691],[109.09217,-7.6269],[109.09217,-7.62645],[109.09262,-7.62645],[109.09263,-7.62645],[109.09306,-7.62645]]],[[[109.09444,-7.62555],[109.09444,-7.62527],[109.09444,-7.62517],[109.09444,-7.62511],[109.09444,-7.6251],[109.09444,-7.62466],[109.09444,-7.62465],[109.09444,-7.6242],[109.09399,-7.6242],[109.09399,-7.62375],[109.09399,-7.62348],[109.09399,-7.6233],[109.09399,-7.62284],[109.09445,-7.62284],[109.09445,-7.62285],[109.0949,-7.62285],[109.09491,-7.62285],[109.09536,-7.62285],[109.09536,-7.6233],[109.09581,-7.6233],[109.09581,-7.62344],[109.09581,-7.62375],[109.09581,-7.62376],[109.09581,-7.62421],[109.09581,-7.62466],[109.09535,-7.62466],[109.09535,-7.62511],[109.09535,-7.62527],[109.09535,-7.62537],[109.09535,-7.62556],[109.09535,-7.62601],[109.09534,-7.62601],[109.0949,-7.62601],[109.09489,-7.62601],[109.09445,-7.62601],[109.09444,-7.62601],[109.09399,-7.62601],[109.09399,-7.62556],[109.09399,-7.62555],[109.09444,-7.62555]],[[109.09445,-7.62348],[109.09445,-7.62375],[109.0949,-7.62375],[109.0949,-7.62347],[109.0949,-7.62346],[109.0949,-7.6233],[109.09445,-7.6233],[109.09445,-7.62347],[109.09445,-7.62348]],[[109.0949,-7.6242],[109.0949,-7.62465],[109.09535,-7.62465],[109.09535,-7.62421],[109.09535,-7.62376],[109.09535,-7.62375],[109.0949,-7.62375],[109.0949,-7.6242]]],[[[109.09354,-7.62465],[109.09309,-7.62465],[109.09309,-7.6242],[109.09309,-7.62374],[109.09354,-7.62374],[109.09354,-7.6242],[109.09399,-7.6242],[109.09399,-7.62465],[109.09354,-7.62465]]],[[[109.09173,-7.62374],[109.09218,-7.62374],[109.09219,-7.62374],[109.09264,-7.62374],[109.09264,-7.62419],[109.09219,-7.62419],[109.09218,-7.62419],[109.09173,-7.62419],[109.09173,-7.62374]]],[[[109.09355,-7.62329],[109.09309,-7.62329],[109.09264,-7.62329],[109.09219,-7.62329],[109.09219,-7.62284],[109.09219,-7.62238],[109.09264,-7.62238],[109.09264,-7.62239],[109.0931,-7.62239],[109.0931,-7.62284],[109.09355,-7.62284],[109.09355,-7.62329]]],[[[109.09174,-7.62103],[109.09174,-7.62058],[109.09174,-7.62057],[109.0922,-7.62057],[109.0922,-7.62058],[109.0922,-7.62103],[109.09174,-7.62103]]],[[[109.09356,-7.61968],[109.09356,-7.61923],[109.09402,-7.61923],[109.09402,-7.61968],[109.09356,-7.61968]]],[[[109.09403,-7.61878],[109.09447,-7.61878],[109.09448,-7.61878],[109.09448,-7.61923],[109.09447,-7.61923],[109.09402,-7.61923],[109.09402,-7.61878],[109.09357,-7.61878],[109.09357,-7.61832],[109.09402,-7.61832],[109.09403,-7.61832],[109.09403,-7.61878]]],[[[109.09269,-7.6129],[109.09223,-7.6129],[109.09223,-7.61244],[109.09269,-7.61244],[109.09269,-7.6129]]],[[[109.09178,-7.61289],[109.09132,-7.61289],[109.09132,-7.61244],[109.09178,-7.61244],[109.09178,-7.61289]]],[[[109.0927,-7.60748],[109.0927,-7.60702],[109.09316,-7.60702],[109.09316,-7.60748],[109.0927,-7.60748]]],[[[109.09272,-7.60522],[109.09272,-7.60567],[109.09227,-7.60567],[109.09226,-7.60567],[109.09226,-7.60612],[109.0918,-7.60612],[109.0918,-7.60566],[109.09181,-7.60566],[109.09181,-7.60521],[109.09226,-7.60521],[109.09226,-7.60476],[109.09272,-7.60476],[109.09272,-7.60521],[109.09272,-7.60522]]],[[[109.09364,-7.60432],[109.09318,-7.60432],[109.09318,-7.60386],[109.09364,-7.60386],[109.09364,-7.60432]]],[[[109.09227,-7.60386],[109.09227,-7.60341],[109.09273,-7.60341],[109.09273,-7.60386],[109.09227,-7.60386]]],[[[109.09364,-7.60341],[109.09318,-7.60341],[109.09318,-7.60296],[109.09318,-7.60251],[109.09364,-7.60251],[109.09364,-7.60296],[109.09364,-7.60341]]],[[[109.09319,-7.6007],[109.09319,-7.60025],[109.09365,-7.60025],[109.09365,-7.6007],[109.09319,-7.6007]]],[[[109.09321,-7.59754],[109.09275,-7.59754],[109.09275,-7.59708],[109.09321,-7.59708],[109.09321,-7.59754]]],[[[109.09367,-7.59573],[109.09321,-7.59573],[109.09321,-7.59528],[109.09367,-7.59528],[109.09367,-7.59573]]],[[[109.09643,-7.68543],[109.09638,-7.68546],[109.09629,-7.68551],[109.09621,-7.68555],[109.09618,-7.68557],[109.09618,-7.68559],[109.09618,-7.6856],[109.09619,-7.68564],[109.09619,-7.68566],[109.09599,-7.68566],[109.09598,-7.68566],[109.09598,-7.68521],[109.09554,-7.68521],[109.09553,-7.68521],[109.09508,-7.68521],[109.09508,-7.68476],[109.09508,-7.68475],[109.09508,-7.6843],[109.09508,-7.68385],[109.09508,-7.6834],[109.09508,-7.68295],[109.09464,-7.68295],[109.09463,-7.68295],[109.09463,-7.68249],[109.09464,-7.68249],[109.09509,-7.68249],[109.09509,-7.68295],[109.09554,-7.68295],[109.09554,-7.6834],[109.09554,-7.68385],[109.09554,-7.6843],[109.09599,-7.6843],[109.09599,-7.68431],[109.09644,-7.68431],[109.09644,-7.68476],[109.09599,-7.68476],[109.09599,-7.68521],[109.09643,-7.68521],[109.09644,-7.68521],[109.09689,-7.68521],[109.09689,-7.68533],[109.09686,-7.68534],[109.09656,-7.68538],[109.09646,-7.68541],[109.09643,-7.68543],[109.09643,-7.68543]]],[[[109.09736,-7.68205],[109.09736,-7.68196],[109.09737,-7.68196],[109.09737,-7.68205],[109.09736,-7.68205]]],[[[109.09691,-7.68205],[109.09691,-7.6816],[109.09718,-7.6816],[109.09718,-7.68178],[109.097,-7.68178],[109.097,-7.68205],[109.09691,-7.68205]]],[[[109.09646,-7.68024],[109.09692,-7.68024],[109.09692,-7.68069],[109.09692,-7.6807],[109.09692,-7.68115],[109.09646,-7.68115],[109.09646,-7.6807],[109.09646,-7.68069],[109.09646,-7.68024]]],[[[109.09782,-7.6807],[109.09782,-7.68025],[109.09827,-7.68025],[109.09827,-7.6807],[109.09782,-7.6807]]],[[[109.09556,-7.68017],[109.09556,-7.68016],[109.09556,-7.67979],[109.09556,-7.67978],[109.09558,-7.67978],[109.09559,-7.67978],[109.09602,-7.67978],[109.09602,-7.67979],[109.09602,-7.68024],[109.09556,-7.68024],[109.09556,-7.68017]]],[[[109.09783,-7.67934],[109.09737,-7.67934],[109.09737,-7.67889],[109.09737,-7.67844],[109.09737,-7.67799],[109.09737,-7.67753],[109.09783,-7.67753],[109.09783,-7.67799],[109.09783,-7.67844],[109.09783,-7.67889],[109.09783,-7.67934]]],[[[109.09466,-7.67843],[109.09466,-7.67797],[109.09512,-7.67797],[109.09512,-7.67843],[109.09466,-7.67843]]],[[[109.09603,-7.67662],[109.09603,-7.67663],[109.09557,-7.67663],[109.09557,-7.67662],[109.09557,-7.67617],[109.09603,-7.67617],[109.09603,-7.67662]]],[[[109.09424,-7.66849],[109.09424,-7.66848],[109.09425,-7.66848],[109.09425,-7.6685],[109.09424,-7.6685],[109.09424,-7.66849]]],[[[109.09653,-7.66533],[109.09653,-7.66578],[109.09608,-7.66578],[109.09608,-7.66623],[109.09562,-7.66623],[109.09562,-7.66578],[109.09607,-7.66578],[109.09607,-7.66533],[109.09653,-7.66533]]],[[[109.09472,-7.66442],[109.09473,-7.66442],[109.09518,-7.66442],[109.09518,-7.66487],[109.09473,-7.66487],[109.09472,-7.66487],[109.09427,-7.66487],[109.09427,-7.66442],[109.09472,-7.66442]]],[[[109.09473,-7.6632],[109.09473,-7.66306],[109.09516,-7.66306],[109.09517,-7.66306],[109.09518,-7.66306],[109.09519,-7.66306],[109.09519,-7.66352],[109.09518,-7.66352],[109.09473,-7.66352],[109.09473,-7.6632]]],[[[109.09611,-7.659],[109.09565,-7.659],[109.09565,-7.65855],[109.09611,-7.65855],[109.09611,-7.659]]],[[[109.09883,-7.65585],[109.09883,-7.6554],[109.09884,-7.6554],[109.09884,-7.65495],[109.09839,-7.65495],[109.09793,-7.65495],[109.09793,-7.65449],[109.09839,-7.65449],[109.09885,-7.65449],[109.09885,-7.6545],[109.0993,-7.6545],[109.0993,-7.65495],[109.0993,-7.6554],[109.09929,-7.6554],[109.09929,-7.65585],[109.09974,-7.65585],[109.1002,-7.65585],[109.1002,-7.65586],[109.1002,-7.65631],[109.10065,-7.65631],[109.10065,-7.65676],[109.1011,-7.65676],[109.1011,-7.65721],[109.1011,-7.65722],[109.1011,-7.65767],[109.10064,-7.65767],[109.10064,-7.65722],[109.10064,-7.65721],[109.10064,-7.65676],[109.10019,-7.65676],[109.10019,-7.65631],[109.09974,-7.65631],[109.09974,-7.65676],[109.09974,-7.65721],[109.09928,-7.65721],[109.09928,-7.65676],[109.09928,-7.65631],[109.09883,-7.65631],[109.09883,-7.65675],[109.09883,-7.65676],[109.09883,-7.65721],[109.09838,-7.65721],[109.09838,-7.65766],[109.09792,-7.65766],[109.09792,-7.65721],[109.09792,-7.6572],[109.09792,-7.65675],[109.09792,-7.6563],[109.09747,-7.6563],[109.09747,-7.65585],[109.09747,-7.65584],[109.09747,-7.65539],[109.09793,-7.65539],[109.09839,-7.65539],[109.09839,-7.6554],[109.09839,-7.65585],[109.09793,-7.65585],[109.09793,-7.6563],[109.09837,-7.6563],[109.09838,-7.6563],[109.09883,-7.6563],[109.09883,-7.65585]]],[[[109.0952,-7.65086],[109.0952,-7.65087],[109.09511,-7.65087],[109.09511,-7.65086],[109.09511,-7.65081],[109.0952,-7.65081],[109.0952,-7.65086]]],[[[109.09484,-7.65072],[109.09484,-7.65081],[109.09478,-7.65081],[109.09478,-7.65072],[109.09484,-7.65072]]],[[[109.09484,-7.65054],[109.09511,-7.65054],[109.09511,-7.65063],[109.09493,-7.65063],[109.09493,-7.65072],[109.09484,-7.65072],[109.09484,-7.65054]]],[[[109.09795,-7.65043],[109.0975,-7.65043],[109.0975,-7.65042],[109.0975,-7.64997],[109.09795,-7.64997],[109.09795,-7.65042],[109.09795,-7.65043]]],[[[109.09484,-7.65018],[109.09484,-7.65009],[109.09478,-7.65009],[109.09478,-7.64996],[109.09524,-7.64996],[109.09524,-7.65036],[109.0952,-7.65036],[109.0952,-7.65027],[109.09493,-7.65027],[109.09493,-7.65018],[109.09484,-7.65018]]],[[[109.09521,-7.64719],[109.09521,-7.6471],[109.09525,-7.6471],[109.09525,-7.64711],[109.09525,-7.6472],[109.09521,-7.6472],[109.09521,-7.64719]]],[[[109.09618,-7.64395],[109.09613,-7.64395],[109.09613,-7.64394],[109.09613,-7.64385],[109.09614,-7.64385],[109.09618,-7.64385],[109.09618,-7.64395]]],[[[109.09712,-7.63551],[109.09711,-7.63551],[109.09666,-7.63551],[109.09666,-7.63506],[109.09711,-7.63506],[109.09712,-7.63506],[109.09712,-7.63551]]],[[[109.09625,-7.62557],[109.09625,-7.62547],[109.09625,-7.62538],[109.09625,-7.62511],[109.09671,-7.62511],[109.09671,-7.62547],[109.09671,-7.62557],[109.0969,-7.62557],[109.0971,-7.62557],[109.09715,-7.62557],[109.09716,-7.62557],[109.09761,-7.62557],[109.09761,-7.62512],[109.09716,-7.62512],[109.09716,-7.62467],[109.09683,-7.62467],[109.09681,-7.62467],[109.09671,-7.62467],[109.09671,-7.62421],[109.09671,-7.62376],[109.09671,-7.62345],[109.09671,-7.62331],[109.09672,-7.62331],[109.09672,-7.62286],[109.09718,-7.62286],[109.09718,-7.62312],[109.09718,-7.62317],[109.09718,-7.62331],[109.09717,-7.62331],[109.09717,-7.62342],[109.09717,-7.62345],[109.09717,-7.62376],[109.09717,-7.62421],[109.09717,-7.62451],[109.09717,-7.62466],[109.09762,-7.62466],[109.09762,-7.62467],[109.09806,-7.62467],[109.09807,-7.62467],[109.09852,-7.62467],[109.09897,-7.62467],[109.09898,-7.62467],[109.09943,-7.62467],[109.09943,-7.62423],[109.09943,-7.62422],[109.09898,-7.62422],[109.09852,-7.62422],[109.09852,-7.62377],[109.09808,-7.62377],[109.09807,-7.62377],[109.09762,-7.62377],[109.09762,-7.62346],[109.09762,-7.62345],[109.09762,-7.62331],[109.09807,-7.62331],[109.09808,-7.62331],[109.09853,-7.62331],[109.09853,-7.62286],[109.09898,-7.62286],[109.09898,-7.62243],[109.09923,-7.62241],[109.09944,-7.62241],[109.09944,-7.62242],[109.09963,-7.62242],[109.09989,-7.62253],[109.09989,-7.62287],[109.10034,-7.62287],[109.10034,-7.62332],[109.10079,-7.62332],[109.10079,-7.62345],[109.10079,-7.62378],[109.10079,-7.62423],[109.10123,-7.62423],[109.10124,-7.62423],[109.10169,-7.62423],[109.10169,-7.62468],[109.10169,-7.62469],[109.10124,-7.62469],[109.10124,-7.62513],[109.10124,-7.62514],[109.10124,-7.62558],[109.10124,-7.62559],[109.10168,-7.62559],[109.10169,-7.62559],[109.10169,-7.62604],[109.10213,-7.62604],[109.10214,-7.62604],[109.10259,-7.62604],[109.10259,-7.62649],[109.10259,-7.6265],[109.10303,-7.6265],[109.10304,-7.6265],[109.10349,-7.6265],[109.10349,-7.62695],[109.10304,-7.62695],[109.10303,-7.62695],[109.10259,-7.62695],[109.10258,-7.62695],[109.10214,-7.62695],[109.10213,-7.62695],[109.10169,-7.62695],[109.10169,-7.6274],[109.10168,-7.6274],[109.10123,-7.6274],[109.10123,-7.62784],[109.10123,-7.62785],[109.10168,-7.62785],[109.10168,-7.6283],[109.10123,-7.6283],[109.10123,-7.62875],[109.10077,-7.62875],[109.10077,-7.6283],[109.10077,-7.62785],[109.10077,-7.62784],[109.10032,-7.62784],[109.10032,-7.62829],[109.10032,-7.62875],[109.09986,-7.62875],[109.09986,-7.62919],[109.09986,-7.6292],[109.09986,-7.62965],[109.09941,-7.62965],[109.0994,-7.62965],[109.0994,-7.6301],[109.0994,-7.63055],[109.0994,-7.631],[109.09985,-7.631],[109.09985,-7.63145],[109.09985,-7.63146],[109.09985,-7.63191],[109.0994,-7.63191],[109.0994,-7.63235],[109.0994,-7.63236],[109.0994,-7.63281],[109.09939,-7.63281],[109.09939,-7.63326],[109.09985,-7.63326],[109.09985,-7.63371],[109.09985,-7.63372],[109.09939,-7.63372],[109.09939,-7.63416],[109.09939,-7.63462],[109.09938,-7.63462],[109.09938,-7.63507],[109.09938,-7.63552],[109.09938,-7.63597],[109.09938,-7.63642],[109.09937,-7.63642],[109.09937,-7.63687],[109.09937,-7.63688],[109.09937,-7.63732],[109.09937,-7.63733],[109.09937,-7.63778],[109.09937,-7.63823],[109.09982,-7.63823],[109.09982,-7.63868],[109.09982,-7.63869],[109.09982,-7.63913],[109.09982,-7.63914],[109.09982,-7.63959],[109.10027,-7.63959],[109.10027,-7.64004],[109.09982,-7.64004],[109.09982,-7.64049],[109.09981,-7.64049],[109.09981,-7.64094],[109.09981,-7.64116],[109.09981,-7.64125],[109.09981,-7.6414],[109.09935,-7.6414],[109.09935,-7.64139],[109.0989,-7.64139],[109.0989,-7.64094],[109.0989,-7.64049],[109.0989,-7.64004],[109.09891,-7.64004],[109.09891,-7.63959],[109.09891,-7.63958],[109.09891,-7.63914],[109.09891,-7.63913],[109.09891,-7.63908],[109.09891,-7.63907],[109.09896,-7.63907],[109.09896,-7.63898],[109.09897,-7.63898],[109.09915,-7.63899],[109.09915,-7.63889],[109.09924,-7.6389],[109.09924,-7.63872],[109.09897,-7.63871],[109.09897,-7.6388],[109.09891,-7.6388],[109.09891,-7.63868],[109.09846,-7.63868],[109.09846,-7.63823],[109.09891,-7.63823],[109.09891,-7.63778],[109.09891,-7.63733],[109.09847,-7.63733],[109.09846,-7.63733],[109.09846,-7.63732],[109.09846,-7.63687],[109.09847,-7.63687],[109.09891,-7.63687],[109.09891,-7.63642],[109.09847,-7.63642],[109.09846,-7.63642],[109.09846,-7.63597],[109.09847,-7.63597],[109.09892,-7.63597],[109.09892,-7.63552],[109.09892,-7.63507],[109.09892,-7.63461],[109.09848,-7.63461],[109.09848,-7.63506],[109.09802,-7.63506],[109.09802,-7.63461],[109.09802,-7.63416],[109.09847,-7.63416],[109.09848,-7.63416],[109.09893,-7.63416],[109.09893,-7.63371],[109.09893,-7.63326],[109.09849,-7.63326],[109.09848,-7.63326],[109.09803,-7.63326],[109.09803,-7.6328],[109.09848,-7.6328],[109.09849,-7.6328],[109.09894,-7.6328],[109.09894,-7.63236],[109.09849,-7.63236],[109.09849,-7.63235],[109.09849,-7.6319],[109.09849,-7.63145],[109.09849,-7.631],[109.09849,-7.63055],[109.09849,-7.63054],[109.09849,-7.6301],[109.09849,-7.63009],[109.09849,-7.62964],[109.09849,-7.62919],[109.09849,-7.62874],[109.0985,-7.62874],[109.09895,-7.62874],[109.09895,-7.62919],[109.09903,-7.62919],[109.09897,-7.62946],[109.09899,-7.62961],[109.09902,-7.62963],[109.09904,-7.62958],[109.09903,-7.62958],[109.09903,-7.62957],[109.09902,-7.62957],[109.09901,-7.62956],[109.09901,-7.62955],[109.099,-7.62955],[109.099,-7.62954],[109.099,-7.62953],[109.099,-7.62952],[109.0991,-7.62919],[109.0994,-7.62919],[109.0994,-7.62874],[109.0994,-7.62829],[109.09941,-7.62829],[109.09941,-7.62784],[109.09941,-7.62739],[109.09941,-7.62694],[109.09941,-7.62693],[109.09942,-7.62693],[109.09942,-7.62649],[109.09942,-7.62648],[109.09897,-7.62648],[109.09896,-7.62648],[109.09852,-7.62648],[109.09851,-7.62648],[109.09806,-7.62648],[109.09761,-7.62648],[109.09761,-7.62693],[109.09715,-7.62693],[109.09715,-7.62648],[109.09715,-7.62647],[109.09715,-7.62602],[109.0969,-7.62602],[109.0968,-7.62602],[109.0967,-7.62602],[109.0967,-7.62557],[109.09625,-7.62557]],[[109.09852,-7.62603],[109.09896,-7.62603],[109.09897,-7.62603],[109.09897,-7.62558],[109.09897,-7.62513],[109.09852,-7.62513],[109.09852,-7.62512],[109.09807,-7.62512],[109.09807,-7.62557],[109.09852,-7.62557],[109.09852,-7.62602],[109.09852,-7.62603]],[[109.0994,-7.64111],[109.09938,-7.64106],[109.09936,-7.64107],[109.09936,-7.64107],[109.09924,-7.64111],[109.09925,-7.64112],[109.09935,-7.6411],[109.09936,-7.6411],[109.09937,-7.6411],[109.0994,-7.64111]],[[109.09943,-7.62513],[109.09943,-7.62558],[109.09988,-7.62558],[109.09988,-7.62513],[109.09943,-7.62513]],[[109.09988,-7.62603],[109.09988,-7.62648],[109.09988,-7.62649],[109.09988,-7.62694],[109.10032,-7.62694],[109.10032,-7.62649],[109.10033,-7.62649],[109.10033,-7.62604],[109.10033,-7.62603],[109.10033,-7.62558],[109.09988,-7.62558],[109.09988,-7.62603]],[[109.10078,-7.62558],[109.10078,-7.62514],[109.10078,-7.62513],[109.10033,-7.62513],[109.10033,-7.62558],[109.10078,-7.62558]],[[109.09853,-7.62377],[109.09898,-7.62377],[109.09898,-7.62345],[109.09898,-7.62332],[109.09853,-7.62332],[109.09853,-7.62345],[109.09853,-7.62346],[109.09853,-7.62377]],[[109.10033,-7.62739],[109.10077,-7.62739],[109.10077,-7.62694],[109.10033,-7.62694],[109.10033,-7.62739]],[[109.10168,-7.6265],[109.10168,-7.62649],[109.10168,-7.62604],[109.10124,-7.62604],[109.10124,-7.62649],[109.10124,-7.62694],[109.10168,-7.62694],[109.10168,-7.6265]]],[[[109.09534,-7.62692],[109.09489,-7.62692],[109.09489,-7.62646],[109.09534,-7.62646],[109.09535,-7.62646],[109.09535,-7.62692],[109.09534,-7.62692]]],[[[109.09625,-7.62647],[109.09579,-7.62647],[109.09579,-7.62602],[109.09579,-7.62601],[109.09625,-7.62601],[109.09625,-7.62602],[109.09625,-7.62647]]],[[[109.09538,-7.61968],[109.09538,-7.61969],[109.09538,-7.62014],[109.09537,-7.62014],[109.09492,-7.62014],[109.09492,-7.61969],[109.09492,-7.61968],[109.09492,-7.61924],[109.09492,-7.61923],[109.09492,-7.61878],[109.09537,-7.61878],[109.09538,-7.61878],[109.09538,-7.61923],[109.09538,-7.61924],[109.09538,-7.61968]]],[[[109.09718,-7.61924],[109.09718,-7.61879],[109.09718,-7.61834],[109.09764,-7.61834],[109.09764,-7.61879],[109.09809,-7.61879],[109.09855,-7.61879],[109.09855,-7.6188],[109.09855,-7.61925],[109.09809,-7.61925],[109.09764,-7.61925],[109.09763,-7.61925],[109.09718,-7.61925],[109.09718,-7.61924]]],[[[109.09493,-7.61607],[109.09493,-7.61562],[109.09493,-7.61517],[109.09494,-7.61517],[109.09494,-7.61472],[109.09494,-7.61471],[109.09494,-7.61427],[109.09494,-7.61426],[109.09494,-7.61381],[109.09495,-7.61381],[109.09495,-7.61336],[109.09495,-7.61291],[109.09495,-7.61246],[109.09495,-7.61245],[109.09495,-7.61201],[109.09495,-7.612],[109.09495,-7.61155],[109.09495,-7.6111],[109.09495,-7.61074],[109.09496,-7.61074],[109.09514,-7.61074],[109.09514,-7.61065],[109.09541,-7.61065],[109.09541,-7.6111],[109.09541,-7.61155],[109.09541,-7.612],[109.09541,-7.61201],[109.09541,-7.61245],[109.09541,-7.61246],[109.09586,-7.61246],[109.09586,-7.61291],[109.09541,-7.61291],[109.09541,-7.61336],[109.09541,-7.61381],[109.0954,-7.61381],[109.0954,-7.61426],[109.0954,-7.61427],[109.0954,-7.61471],[109.0954,-7.61472],[109.0954,-7.61517],[109.09539,-7.61517],[109.09539,-7.61562],[109.09539,-7.61607],[109.09539,-7.61652],[109.09539,-7.61698],[109.09538,-7.61698],[109.09538,-7.61743],[109.09538,-7.61788],[109.09583,-7.61788],[109.09583,-7.61833],[109.09538,-7.61833],[109.09537,-7.61833],[109.09493,-7.61833],[109.09492,-7.61833],[109.09447,-7.61833],[109.09447,-7.61788],[109.09447,-7.61742],[109.09492,-7.61742],[109.09492,-7.61697],[109.09493,-7.61697],[109.09493,-7.61652],[109.09493,-7.61607]]],[[[109.09629,-7.61788],[109.09583,-7.61788],[109.09583,-7.61743],[109.09629,-7.61743],[109.09629,-7.61788]]],[[[109.09675,-7.61608],[109.09629,-7.61608],[109.09629,-7.61562],[109.09675,-7.61562],[109.09675,-7.61608]]],[[[109.09405,-7.612],[109.09405,-7.61155],[109.09451,-7.61155],[109.09451,-7.612],[109.09405,-7.612]]],[[[109.09631,-7.6102],[109.09677,-7.6102],[109.09723,-7.6102],[109.09723,-7.61066],[109.09677,-7.61066],[109.09677,-7.61111],[109.09631,-7.61111],[109.09631,-7.61066],[109.09631,-7.61065],[109.09631,-7.6102]]],[[[109.0955,-7.6102],[109.0955,-7.60975],[109.09587,-7.60975],[109.09587,-7.6102],[109.0955,-7.6102]]],[[[109.09496,-7.6102],[109.09451,-7.6102],[109.0945,-7.6102],[109.0945,-7.60974],[109.09451,-7.60974],[109.09496,-7.60974],[109.09496,-7.6102]]],[[[109.09542,-7.60749],[109.09588,-7.60749],[109.09588,-7.60794],[109.09588,-7.60839],[109.09542,-7.60839],[109.09542,-7.60794],[109.09542,-7.60749]]],[[[109.09451,-7.60839],[109.09451,-7.60794],[109.09451,-7.60793],[109.09497,-7.60793],[109.09497,-7.60794],[109.09497,-7.60839],[109.09451,-7.60839]]],[[[109.09543,-7.60704],[109.09543,-7.60658],[109.09589,-7.60658],[109.09589,-7.60704],[109.09543,-7.60704]]],[[[109.09634,-7.60523],[109.09634,-7.60568],[109.09634,-7.60614],[109.09589,-7.60614],[109.09589,-7.60613],[109.09543,-7.60613],[109.09543,-7.60568],[109.09544,-7.60568],[109.09544,-7.60523],[109.09589,-7.60523],[109.09589,-7.60478],[109.09634,-7.60478],[109.09634,-7.60523]]],[[[109.09635,-7.60433],[109.09589,-7.60433],[109.09589,-7.60387],[109.09635,-7.60387],[109.09635,-7.60433]]],[[[109.09816,-7.60388],[109.0977,-7.60388],[109.0977,-7.60343],[109.09801,-7.60343],[109.09816,-7.60343],[109.09816,-7.60349],[109.09816,-7.60388]]],[[[109.09501,-7.5989],[109.09501,-7.59845],[109.09547,-7.59845],[109.09547,-7.5989],[109.09501,-7.5989]]],[[[109.09683,-7.598],[109.09637,-7.598],[109.09637,-7.59755],[109.09683,-7.59755],[109.09683,-7.598]]],[[[109.09637,-7.5971],[109.09637,-7.59665],[109.09683,-7.59665],[109.09683,-7.5971],[109.09637,-7.5971]]],[[[109.09873,-7.67889],[109.09873,-7.67935],[109.09873,-7.6798],[109.09827,-7.6798],[109.09827,-7.67935],[109.09827,-7.67889],[109.09873,-7.67889]]],[[[109.09964,-7.6798],[109.09918,-7.6798],[109.09918,-7.67935],[109.09964,-7.67935],[109.09964,-7.6798]]],[[[109.09853,-7.66895],[109.09862,-7.66895],[109.09878,-7.66895],[109.09878,-7.66941],[109.09862,-7.66941],[109.09854,-7.66941],[109.0985,-7.66941],[109.0985,-7.66932],[109.09832,-7.66932],[109.09832,-7.66931],[109.09833,-7.66931],[109.09833,-7.66895],[109.09853,-7.66895]]],[[[109.09925,-7.66399],[109.09968,-7.66399],[109.0997,-7.66399],[109.09971,-7.66399],[109.10016,-7.66399],[109.10016,-7.66444],[109.10013,-7.66444],[109.09971,-7.66444],[109.09971,-7.66489],[109.10016,-7.66489],[109.10016,-7.66535],[109.0997,-7.66535],[109.0997,-7.66534],[109.09924,-7.66534],[109.09924,-7.66489],[109.09925,-7.66489],[109.09925,-7.66462],[109.09961,-7.66462],[109.09961,-7.66444],[109.09961,-7.66408],[109.09943,-7.66408],[109.09925,-7.66408],[109.09925,-7.66399]]],[[[109.09881,-7.66353],[109.09835,-7.66353],[109.09835,-7.66308],[109.09881,-7.66308],[109.09881,-7.66353]]],[[[109.09885,-7.65224],[109.0984,-7.65224],[109.0984,-7.65178],[109.09885,-7.65178],[109.09885,-7.65224]]],[[[109.09795,-7.65178],[109.09795,-7.65133],[109.0984,-7.65133],[109.0984,-7.65178],[109.09795,-7.65178]]],[[[109.09945,-7.61926],[109.09945,-7.61925],[109.09945,-7.6188],[109.09991,-7.6188],[109.09991,-7.61925],[109.09991,-7.61926],[109.09991,-7.61956],[109.09945,-7.61955],[109.09945,-7.61926]]],[[[109.09901,-7.61835],[109.09855,-7.61835],[109.09855,-7.61789],[109.09901,-7.61789],[109.09901,-7.61835]]],[[[109.09948,-7.61202],[109.09948,-7.61183],[109.09948,-7.61181],[109.09948,-7.61157],[109.09994,-7.61157],[109.10039,-7.61157],[109.1004,-7.61157],[109.10067,-7.61157],[109.10085,-7.61157],[109.10085,-7.61158],[109.10103,-7.61158],[109.10118,-7.61158],[109.10125,-7.61158],[109.10126,-7.61158],[109.10129,-7.61158],[109.1013,-7.61158],[109.10174,-7.61158],[109.10175,-7.61158],[109.1022,-7.61158],[109.1022,-7.61203],[109.1022,-7.61204],[109.10175,-7.61204],[109.10174,-7.61203],[109.1013,-7.61203],[109.10129,-7.61203],[109.10085,-7.61203],[109.10084,-7.61203],[109.1004,-7.61203],[109.10039,-7.61203],[109.09994,-7.61203],[109.09994,-7.61248],[109.09984,-7.61248],[109.09983,-7.61248],[109.09949,-7.61248],[109.09948,-7.61248],[109.09945,-7.61248],[109.09936,-7.61248],[109.09903,-7.61248],[109.09903,-7.61247],[109.09903,-7.61202],[109.09931,-7.61202],[109.09941,-7.61202],[109.09948,-7.61202]],[[109.10039,-7.61183],[109.09994,-7.61176],[109.09986,-7.61174],[109.09985,-7.61182],[109.09994,-7.61182],[109.10039,-7.61183],[109.10039,-7.61183]]],[[[109.09858,-7.61157],[109.09812,-7.61157],[109.09812,-7.61111],[109.09858,-7.61111],[109.09858,-7.61112],[109.09903,-7.61112],[109.09903,-7.61067],[109.09949,-7.61067],[109.09949,-7.61112],[109.09904,-7.61112],[109.09904,-7.61157],[109.09858,-7.61157]]],[[[109.10326,-7.68072],[109.10281,-7.68072],[109.10281,-7.6809],[109.10281,-7.68091],[109.1028,-7.68091],[109.1028,-7.68117],[109.10262,-7.68117],[109.10262,-7.68108],[109.10244,-7.68108],[109.10235,-7.68108],[109.10235,-7.68072],[109.1028,-7.68072],[109.1028,-7.68027],[109.10262,-7.68027],[109.10262,-7.68],[109.10235,-7.68],[109.10235,-7.67982],[109.10281,-7.67982],[109.10281,-7.68027],[109.10326,-7.68027],[109.10326,-7.68072]]],[[[109.10081,-7.68071],[109.1008,-7.68071],[109.10053,-7.68071],[109.10053,-7.68026],[109.10099,-7.68026],[109.10099,-7.68053],[109.10081,-7.68053],[109.10081,-7.68071]]],[[[109.10099,-7.67981],[109.10099,-7.67936],[109.10145,-7.67936],[109.10145,-7.67981],[109.10099,-7.67981]]],[[[109.10237,-7.6753],[109.10283,-7.6753],[109.10283,-7.67539],[109.10283,-7.67548],[109.10283,-7.67575],[109.10237,-7.67575],[109.10237,-7.67564],[109.10237,-7.67556],[109.10237,-7.6753]]],[[[109.10333,-7.6753],[109.10328,-7.6753],[109.10328,-7.67523],[109.10328,-7.67485],[109.10374,-7.67485],[109.10374,-7.67506],[109.10374,-7.67516],[109.10374,-7.6753],[109.10333,-7.6753]]],[[[109.10014,-7.66851],[109.10014,-7.66806],[109.10059,-7.66806],[109.10059,-7.66851],[109.10014,-7.66851]]],[[[109.10331,-7.66807],[109.10331,-7.66762],[109.10377,-7.66762],[109.10377,-7.66807],[109.10331,-7.66807]]],[[[109.10287,-7.66581],[109.10241,-7.66581],[109.10241,-7.66536],[109.10287,-7.66536],[109.10287,-7.66581]]],[[[109.10106,-7.664],[109.10106,-7.66399],[109.10107,-7.66399],[109.10107,-7.66354],[109.10152,-7.66354],[109.10153,-7.66354],[109.10153,-7.664],[109.10152,-7.664],[109.10152,-7.66445],[109.10106,-7.66445],[109.10106,-7.664]]],[[[109.10016,-7.66354],[109.09971,-7.66354],[109.09971,-7.66309],[109.09971,-7.66308],[109.09971,-7.66263],[109.10017,-7.66263],[109.10017,-7.66308],[109.10017,-7.66309],[109.10062,-7.66309],[109.10062,-7.66354],[109.10017,-7.66354],[109.10016,-7.66354]]],[[[109.10379,-7.66265],[109.10379,-7.6631],[109.10333,-7.6631],[109.10299,-7.6631],[109.10287,-7.6631],[109.10287,-7.66273],[109.10287,-7.66265],[109.10333,-7.66265],[109.10379,-7.66265]]],[[[109.10244,-7.65903],[109.10244,-7.65858],[109.1029,-7.65858],[109.1029,-7.65903],[109.10244,-7.65903]]],[[[109.10201,-7.65722],[109.102,-7.65722],[109.10155,-7.65722],[109.10155,-7.65677],[109.102,-7.65677],[109.10201,-7.65677],[109.10201,-7.65722]]],[[[109.1011,-7.65405],[109.10156,-7.65405],[109.10156,-7.65451],[109.10156,-7.65496],[109.1011,-7.65496],[109.1011,-7.65451],[109.1011,-7.65405]]],[[[109.1002,-7.6545],[109.1002,-7.65405],[109.09975,-7.65405],[109.09975,-7.6536],[109.1002,-7.6536],[109.10021,-7.6536],[109.10021,-7.65405],[109.10065,-7.65405],[109.10066,-7.65405],[109.10066,-7.6545],[109.10065,-7.6545],[109.1002,-7.6545]]],[[[109.10112,-7.65089],[109.10112,-7.65044],[109.10158,-7.65044],[109.10158,-7.65089],[109.10112,-7.65089]]],[[[109.10248,-7.64954],[109.10249,-7.64954],[109.10294,-7.64954],[109.10294,-7.64999],[109.10294,-7.65],[109.10249,-7.65],[109.10249,-7.64999],[109.10248,-7.64999],[109.10248,-7.64954]]],[[[109.10114,-7.64953],[109.10114,-7.64954],[109.10068,-7.64954],[109.10068,-7.64953],[109.10068,-7.64908],[109.10114,-7.64908],[109.10114,-7.64953]]],[[[109.10385,-7.6491],[109.10339,-7.6491],[109.10339,-7.64864],[109.10385,-7.64864],[109.10385,-7.6491]]],[[[109.10249,-7.64864],[109.10204,-7.64864],[109.10203,-7.64864],[109.10203,-7.64818],[109.10204,-7.64818],[109.10249,-7.64818],[109.10249,-7.64864]]],[[[109.1034,-7.64819],[109.10294,-7.64819],[109.10294,-7.64774],[109.1034,-7.64774],[109.1034,-7.64819]]],[[[109.10069,-7.64637],[109.10069,-7.64661],[109.10023,-7.64662],[109.10023,-7.64637],[109.10024,-7.64637],[109.10069,-7.64637]]],[[[109.1007,-7.64383],[109.10042,-7.64411],[109.10024,-7.64411],[109.10024,-7.64366],[109.1007,-7.64366],[109.1007,-7.64383]]],[[[109.10207,-7.64186],[109.10207,-7.64141],[109.10252,-7.64141],[109.10271,-7.64141],[109.10297,-7.64141],[109.10297,-7.64186],[109.10252,-7.64186],[109.10236,-7.64186],[109.10207,-7.64186]]],[[[109.10343,-7.6396],[109.10389,-7.6396],[109.10389,-7.63916],[109.10389,-7.63915],[109.10434,-7.63915],[109.10434,-7.63871],[109.10389,-7.63871],[109.10389,-7.6387],[109.10389,-7.63861],[109.10409,-7.63856],[109.10434,-7.63825],[109.10435,-7.63825],[109.10435,-7.6387],[109.1048,-7.6387],[109.1048,-7.63871],[109.1048,-7.63873],[109.1048,-7.63916],[109.1048,-7.63961],[109.10435,-7.63961],[109.10435,-7.64006],[109.10389,-7.64006],[109.10389,-7.64051],[109.10344,-7.64051],[109.10343,-7.64051],[109.10342,-7.64051],[109.10298,-7.64051],[109.10298,-7.64096],[109.10306,-7.64096],[109.10307,-7.64096],[109.10343,-7.64096],[109.10343,-7.64141],[109.10297,-7.64141],[109.10297,-7.64108],[109.10297,-7.64107],[109.10297,-7.64096],[109.10252,-7.64096],[109.10252,-7.6405],[109.10298,-7.6405],[109.10298,-7.64009],[109.10304,-7.64009],[109.10304,-7.64005],[109.10343,-7.64005],[109.10343,-7.6396]],[[109.10435,-7.63932],[109.10438,-7.63928],[109.10435,-7.63932],[109.10435,-7.63932]]],[[[109.103,-7.6378],[109.10254,-7.6378],[109.10254,-7.63779],[109.10254,-7.63734],[109.103,-7.63734],[109.103,-7.63779],[109.103,-7.6378]]],[[[109.1021,-7.63644],[109.10164,-7.63644],[109.10164,-7.63598],[109.1021,-7.63598],[109.1021,-7.63644]]],[[[109.09982,-7.63643],[109.09982,-7.63597],[109.10028,-7.63597],[109.10028,-7.63643],[109.09982,-7.63643]]],[[[109.10345,-7.63599],[109.103,-7.63599],[109.103,-7.63554],[109.10345,-7.63554],[109.10346,-7.63554],[109.10346,-7.63599],[109.10345,-7.63599]]],[[[109.10211,-7.63192],[109.10165,-7.63192],[109.10165,-7.63146],[109.10211,-7.63146],[109.10211,-7.63192]]],[[[109.10213,-7.62875],[109.10213,-7.6292],[109.10213,-7.62921],[109.10258,-7.62921],[109.10258,-7.62966],[109.10303,-7.62966],[109.10348,-7.62966],[109.10349,-7.62966],[109.10394,-7.62966],[109.10394,-7.62967],[109.10439,-7.62967],[109.10439,-7.63012],[109.10439,-7.63057],[109.10394,-7.63057],[109.10393,-7.63057],[109.10348,-7.63057],[109.10302,-7.63057],[109.10302,-7.63011],[109.10258,-7.63011],[109.10257,-7.63011],[109.10212,-7.63011],[109.10212,-7.63056],[109.10257,-7.63056],[109.10257,-7.63101],[109.10257,-7.63102],[109.10211,-7.63102],[109.10211,-7.63101],[109.10166,-7.63101],[109.10166,-7.63056],[109.10166,-7.63011],[109.10166,-7.62966],[109.10167,-7.62966],[109.10167,-7.62921],[109.10167,-7.6292],[109.10167,-7.62875],[109.10213,-7.62875]]],[[[109.10076,-7.63056],[109.10076,-7.6301],[109.10122,-7.6301],[109.10122,-7.63056],[109.10076,-7.63056]]],[[[109.09985,-7.63055],[109.09985,-7.6301],[109.10031,-7.6301],[109.10031,-7.63055],[109.09985,-7.63055]]],[[[109.10303,-7.62876],[109.10303,-7.62831],[109.10348,-7.62831],[109.10348,-7.62786],[109.10349,-7.62786],[109.10394,-7.62786],[109.10394,-7.62831],[109.10349,-7.62831],[109.10349,-7.62876],[109.10348,-7.62876],[109.10303,-7.62876]]],[[[109.10259,-7.62785],[109.10258,-7.62785],[109.10213,-7.62785],[109.10213,-7.6274],[109.10258,-7.6274],[109.10259,-7.6274],[109.10259,-7.62785]]],[[[109.10397,-7.62334],[109.10441,-7.62334],[109.10442,-7.62334],[109.10442,-7.62289],[109.10442,-7.62244],[109.10487,-7.62244],[109.10532,-7.62244],[109.10577,-7.62244],[109.10577,-7.62199],[109.10577,-7.62154],[109.10623,-7.62154],[109.10623,-7.62199],[109.10669,-7.62199],[109.10669,-7.622],[109.10713,-7.622],[109.10714,-7.622],[109.10759,-7.622],[109.10759,-7.62155],[109.10805,-7.62155],[109.10805,-7.622],[109.10805,-7.62245],[109.10849,-7.62245],[109.10849,-7.622],[109.1085,-7.622],[109.1085,-7.62155],[109.10896,-7.62155],[109.10896,-7.62201],[109.10895,-7.62201],[109.10895,-7.62246],[109.1094,-7.62246],[109.1094,-7.62201],[109.1094,-7.62156],[109.1094,-7.6211],[109.10941,-7.6211],[109.10986,-7.6211],[109.10986,-7.62156],[109.10986,-7.62201],[109.11031,-7.62201],[109.11031,-7.62246],[109.11076,-7.62246],[109.11076,-7.62247],[109.11121,-7.62247],[109.11166,-7.62247],[109.11166,-7.62202],[109.11211,-7.62202],[109.11212,-7.62202],[109.11257,-7.62202],[109.11257,-7.62247],[109.11302,-7.62247],[109.11302,-7.62293],[109.11257,-7.62293],[109.11257,-7.62338],[109.11211,-7.62338],[109.11211,-7.62382],[109.11211,-7.62383],[109.11211,-7.62428],[109.11166,-7.62428],[109.11166,-7.62383],[109.11166,-7.62382],[109.11166,-7.62338],[109.11166,-7.62337],[109.11121,-7.62337],[109.11076,-7.62337],[109.1103,-7.62337],[109.1103,-7.62292],[109.10986,-7.62292],[109.10986,-7.62337],[109.1094,-7.62337],[109.1094,-7.62336],[109.10895,-7.62336],[109.10894,-7.62336],[109.10849,-7.62336],[109.10849,-7.62291],[109.10804,-7.62291],[109.10804,-7.62336],[109.10758,-7.62336],[109.10758,-7.62381],[109.10712,-7.62381],[109.10712,-7.62335],[109.10668,-7.62335],[109.10667,-7.62335],[109.10623,-7.62335],[109.10622,-7.62335],[109.10577,-7.62335],[109.10532,-7.62335],[109.10532,-7.6238],[109.10487,-7.6238],[109.10441,-7.6238],[109.10441,-7.62379],[109.10397,-7.62379],[109.10396,-7.62379],[109.10351,-7.62379],[109.10351,-7.62334],[109.10396,-7.62334],[109.10397,-7.62334]],[[109.10758,-7.6229],[109.10714,-7.6229],[109.10713,-7.6229],[109.10713,-7.62335],[109.10758,-7.62335],[109.10758,-7.62291],[109.10758,-7.6229]],[[109.11256,-7.62292],[109.11256,-7.62247],[109.11212,-7.62247],[109.11212,-7.62292],[109.11256,-7.62292]]],[[[109.10187,-7.62298],[109.10186,-7.62288],[109.10187,-7.62288],[109.10215,-7.62288],[109.10215,-7.62333],[109.10188,-7.62333],[109.10187,-7.62298]]],[[[109.10351,-7.62289],[109.10351,-7.62243],[109.10397,-7.62243],[109.10397,-7.62289],[109.10351,-7.62289]]],[[[109.10442,-7.62108],[109.10488,-7.62108],[109.10488,-7.62154],[109.10442,-7.62154],[109.10442,-7.62199],[109.10397,-7.62199],[109.10397,-7.62153],[109.10352,-7.62153],[109.10351,-7.62153],[109.10351,-7.62108],[109.10352,-7.62108],[109.10397,-7.62108],[109.10442,-7.62108]]],[[[109.10351,-7.62018],[109.10351,-7.62017],[109.10352,-7.62017],[109.10352,-7.61972],[109.10398,-7.61972],[109.10398,-7.62018],[109.10443,-7.62018],[109.10443,-7.62063],[109.10397,-7.62063],[109.10352,-7.62063],[109.10351,-7.62063],[109.10351,-7.62018]]],[[[109.10072,-7.61958],[109.10069,-7.61958],[109.10035,-7.61957],[109.10035,-7.61926],[109.10077,-7.61926],[109.10078,-7.61926],[109.10081,-7.61926],[109.10081,-7.61944],[109.10077,-7.61954],[109.10077,-7.61955],[109.10076,-7.61955],[109.10076,-7.61956],[109.10075,-7.61957],[109.10074,-7.61957],[109.10073,-7.61957],[109.10073,-7.61958],[109.10072,-7.61958]]],[[[109.10172,-7.61836],[109.10216,-7.61836],[109.10217,-7.61836],[109.10262,-7.61836],[109.10308,-7.61836],[109.10308,-7.61882],[109.10262,-7.61882],[109.10217,-7.61882],[109.10216,-7.61882],[109.10216,-7.61881],[109.10172,-7.61881],[109.10172,-7.61899],[109.10172,-7.619],[109.10172,-7.61926],[109.10171,-7.61926],[109.10127,-7.61926],[109.10126,-7.61926],[109.10087,-7.61926],[109.10082,-7.61926],[109.10081,-7.61926],[109.10081,-7.61913],[109.10081,-7.61908],[109.10081,-7.61907],[109.10081,-7.61881],[109.10091,-7.61881],[109.10091,-7.61907],[109.10091,-7.6191],[109.10101,-7.61909],[109.10101,-7.61907],[109.101,-7.61906],[109.101,-7.61881],[109.10126,-7.61881],[109.10127,-7.61881],[109.10171,-7.61881],[109.10171,-7.61836],[109.10172,-7.61836]]],[[[109.10091,-7.61685],[109.10091,-7.617],[109.10081,-7.617],[109.10081,-7.6168],[109.10081,-7.61675],[109.10081,-7.61655],[109.10127,-7.61655],[109.10127,-7.617],[109.101,-7.617],[109.101,-7.61685],[109.10096,-7.61684],[109.10091,-7.61685]]],[[[109.10174,-7.61475],[109.10128,-7.61475],[109.10128,-7.61474],[109.10128,-7.61429],[109.10174,-7.61429],[109.10174,-7.61474],[109.10174,-7.61475]]],[[[109.10219,-7.61475],[109.10219,-7.6143],[109.10219,-7.61429],[109.10265,-7.61429],[109.10265,-7.6143],[109.10265,-7.61475],[109.10219,-7.61475]]],[[[109.10267,-7.60888],[109.10267,-7.60842],[109.10313,-7.60842],[109.10313,-7.60888],[109.10267,-7.60888]]],[[[109.10179,-7.60164],[109.10179,-7.60151],[109.10225,-7.60129],[109.10225,-7.60164],[109.10179,-7.60164]]],[[[109.10406,-7.60165],[109.10405,-7.60165],[109.1036,-7.60165],[109.1036,-7.6012],[109.10404,-7.6012],[109.10406,-7.6012],[109.10406,-7.60165]]],[[[109.10271,-7.60117],[109.10271,-7.60119],[109.10244,-7.60119],[109.10249,-7.60116],[109.10225,-7.60117],[109.10225,-7.60074],[109.10271,-7.60074],[109.10271,-7.60108],[109.10271,-7.60117]]],[[[109.10169,-7.60119],[109.10134,-7.60119],[109.10134,-7.60074],[109.10134,-7.60073],[109.1018,-7.60073],[109.1018,-7.60074],[109.1018,-7.60118],[109.10169,-7.60119]]],[[[109.10317,-7.59893],[109.10361,-7.59893],[109.10362,-7.59893],[109.10362,-7.59894],[109.10406,-7.59894],[109.10406,-7.59849],[109.10361,-7.59849],[109.10361,-7.59803],[109.10407,-7.59803],[109.10407,-7.59758],[109.10453,-7.59758],[109.10453,-7.59804],[109.10453,-7.59849],[109.10452,-7.59849],[109.10452,-7.59894],[109.10497,-7.59894],[109.10497,-7.59849],[109.10543,-7.59849],[109.10543,-7.59894],[109.10543,-7.59895],[109.10497,-7.59895],[109.10497,-7.59939],[109.10497,-7.5994],[109.10452,-7.5994],[109.10451,-7.5994],[109.10451,-7.59939],[109.10407,-7.59939],[109.10406,-7.59939],[109.10362,-7.59939],[109.10361,-7.59939],[109.10317,-7.59939],[109.10317,-7.59984],[109.10351,-7.59984],[109.10361,-7.59984],[109.10362,-7.59984],[109.10362,-7.59992],[109.10362,-7.59993],[109.10362,-7.60029],[109.10387,-7.60029],[109.10388,-7.60029],[109.10388,-7.6003],[109.10407,-7.60064],[109.10407,-7.60069],[109.10407,-7.60075],[109.10406,-7.60075],[109.10361,-7.60075],[109.10361,-7.60029],[109.10316,-7.60029],[109.10316,-7.59984],[109.10271,-7.59984],[109.10271,-7.59939],[109.10271,-7.59938],[109.10271,-7.59893],[109.10298,-7.59893],[109.10316,-7.59893],[109.10317,-7.59893]]],[[[109.1,-7.59712],[109.1,-7.59666],[109.10046,-7.59666],[109.10046,-7.59712],[109.1,-7.59712]]],[[[109.10214,-7.59063],[109.10216,-7.5908],[109.10213,-7.5908],[109.10184,-7.5908],[109.10184,-7.59034],[109.10205,-7.59034],[109.1021,-7.59034],[109.10229,-7.59034],[109.1023,-7.59034],[109.1023,-7.5908],[109.10229,-7.5908],[109.10219,-7.5908],[109.10214,-7.59063]],[[109.10211,-7.59056],[109.10211,-7.59056],[109.10213,-7.5908],[109.10211,-7.59056]],[[109.1021,-7.5904],[109.1021,-7.5904],[109.1021,-7.59034],[109.1021,-7.5904]],[[109.10211,-7.59048],[109.1021,-7.59041],[109.1021,-7.5904],[109.10211,-7.59047],[109.10211,-7.59048]]],[[[109.10416,-7.68028],[109.10416,-7.67982],[109.10462,-7.67982],[109.10462,-7.68028],[109.10507,-7.68028],[109.10507,-7.68073],[109.10552,-7.68073],[109.10552,-7.68118],[109.10597,-7.68118],[109.10597,-7.68074],[109.10597,-7.68073],[109.10643,-7.68073],[109.10643,-7.68074],[109.10643,-7.68119],[109.10597,-7.68119],[109.10597,-7.68164],[109.10642,-7.68164],[109.10642,-7.68209],[109.10597,-7.68209],[109.10596,-7.68209],[109.10551,-7.68209],[109.10551,-7.68164],[109.10506,-7.68164],[109.10506,-7.68119],[109.10506,-7.68118],[109.10506,-7.68073],[109.10461,-7.68073],[109.10461,-7.68028],[109.10416,-7.68028]]],[[[109.1069,-7.67758],[109.10644,-7.67758],[109.10644,-7.67713],[109.10644,-7.67712],[109.10644,-7.67708],[109.10644,-7.67698],[109.10644,-7.67667],[109.1069,-7.67667],[109.1069,-7.67712],[109.1069,-7.67713],[109.1069,-7.67723],[109.1069,-7.67733],[109.1069,-7.67758]]],[[[109.10645,-7.67622],[109.10599,-7.67622],[109.10599,-7.67577],[109.10599,-7.67576],[109.10645,-7.67576],[109.10645,-7.67577],[109.10645,-7.67622]]],[[[109.10465,-7.67169],[109.10465,-7.67124],[109.10511,-7.67124],[109.10511,-7.67169],[109.10465,-7.67169]]],[[[109.10377,-7.66717],[109.10377,-7.66672],[109.10423,-7.66672],[109.10423,-7.66717],[109.10377,-7.66717]]],[[[109.10513,-7.66582],[109.10468,-7.66582],[109.10467,-7.66582],[109.10467,-7.66537],[109.10468,-7.66537],[109.10513,-7.66537],[109.10513,-7.66582]]],[[[109.1074,-7.66538],[109.1074,-7.66493],[109.10786,-7.66493],[109.10786,-7.66538],[109.1074,-7.66538]]],[[[109.10513,-7.66537],[109.10513,-7.66492],[109.10558,-7.66492],[109.10559,-7.66492],[109.10604,-7.66492],[109.1065,-7.66492],[109.1065,-7.66537],[109.10604,-7.66537],[109.10559,-7.66537],[109.10558,-7.66537],[109.10513,-7.66537]]],[[[109.10514,-7.66446],[109.10514,-7.66447],[109.10468,-7.66447],[109.10468,-7.66446],[109.10468,-7.66401],[109.10514,-7.66401],[109.10514,-7.66446]]],[[[109.10786,-7.66312],[109.10786,-7.66267],[109.10741,-7.66267],[109.10741,-7.66222],[109.10741,-7.66221],[109.10741,-7.66177],[109.10741,-7.66176],[109.10741,-7.66131],[109.10787,-7.66131],[109.10787,-7.66086],[109.10832,-7.66086],[109.10833,-7.66086],[109.10878,-7.66086],[109.10878,-7.66132],[109.10922,-7.66132],[109.10923,-7.66132],[109.10968,-7.66132],[109.10968,-7.66087],[109.10923,-7.66087],[109.10923,-7.66042],[109.10878,-7.66042],[109.10878,-7.66041],[109.10832,-7.66041],[109.10832,-7.65996],[109.10833,-7.65996],[109.10833,-7.65951],[109.10833,-7.65906],[109.10833,-7.6586],[109.10879,-7.6586],[109.10879,-7.65816],[109.10834,-7.65816],[109.10834,-7.65815],[109.10788,-7.65815],[109.10788,-7.6577],[109.10789,-7.6577],[109.10789,-7.65725],[109.10744,-7.65725],[109.10744,-7.65679],[109.10789,-7.65679],[109.1079,-7.65679],[109.10834,-7.65679],[109.10835,-7.65679],[109.10835,-7.6568],[109.10835,-7.65725],[109.10835,-7.6577],[109.10879,-7.6577],[109.10879,-7.65725],[109.10924,-7.65725],[109.10924,-7.6568],[109.10925,-7.6568],[109.1097,-7.6568],[109.1097,-7.65725],[109.11015,-7.65725],[109.11015,-7.65681],[109.11015,-7.6568],[109.11061,-7.6568],[109.11061,-7.65681],[109.11061,-7.65726],[109.11105,-7.65726],[109.11105,-7.65681],[109.11106,-7.65681],[109.11106,-7.65636],[109.11106,-7.65591],[109.11106,-7.6559],[109.11152,-7.6559],[109.11152,-7.65546],[109.11107,-7.65546],[109.11107,-7.65545],[109.11107,-7.655],[109.11107,-7.65455],[109.11152,-7.65455],[109.11152,-7.6541],[109.11198,-7.6541],[109.11198,-7.65455],[109.11243,-7.65455],[109.11243,-7.6541],[109.11288,-7.6541],[109.11289,-7.6541],[109.11289,-7.65411],[109.11291,-7.65411],[109.11301,-7.65411],[109.11333,-7.65411],[109.11334,-7.65411],[109.11379,-7.65411],[109.11379,-7.65456],[109.11379,-7.65487],[109.11379,-7.65495],[109.11379,-7.65501],[109.11379,-7.65546],[109.11408,-7.65546],[109.11419,-7.65546],[109.11423,-7.65546],[109.11424,-7.65546],[109.11424,-7.65547],[109.11468,-7.65547],[109.11469,-7.65547],[109.11514,-7.65547],[109.1156,-7.65547],[109.1156,-7.65592],[109.11604,-7.65592],[109.11604,-7.65548],[109.11604,-7.65547],[109.1165,-7.65547],[109.1165,-7.65503],[109.1165,-7.65502],[109.11696,-7.65502],[109.11696,-7.65503],[109.11696,-7.65548],[109.1165,-7.65548],[109.1165,-7.65593],[109.11695,-7.65593],[109.1174,-7.65593],[109.11741,-7.65593],[109.11786,-7.65593],[109.11786,-7.65548],[109.11832,-7.65548],[109.11832,-7.65594],[109.11786,-7.65594],[109.11786,-7.65638],[109.11786,-7.65639],[109.11786,-7.65684],[109.11831,-7.65684],[109.11831,-7.65711],[109.11831,-7.65729],[109.11814,-7.65729],[109.11785,-7.65729],[109.11785,-7.6576],[109.11785,-7.65774],[109.11785,-7.65819],[109.11785,-7.65865],[109.11739,-7.65865],[109.11739,-7.65819],[109.1173,-7.65819],[109.11694,-7.65819],[109.11694,-7.65864],[109.11649,-7.65864],[109.11649,-7.65881],[109.11649,-7.65891],[109.11649,-7.65897],[109.11649,-7.65909],[109.11694,-7.65909],[109.11694,-7.65955],[109.11649,-7.65955],[109.11649,-7.66],[109.11693,-7.66],[109.11694,-7.66],[109.11739,-7.66],[109.11784,-7.66],[109.11784,-7.66045],[109.11739,-7.66045],[109.11694,-7.66045],[109.11694,-7.6609],[109.11693,-7.6609],[109.11693,-7.66135],[109.11693,-7.6618],[109.11693,-7.66181],[109.11693,-7.66226],[109.11647,-7.66226],[109.11647,-7.66181],[109.11647,-7.6618],[109.11647,-7.66135],[109.11647,-7.6609],[109.11603,-7.6609],[109.11603,-7.66135],[109.11602,-7.66135],[109.11602,-7.6618],[109.11557,-7.6618],[109.11557,-7.66225],[109.11602,-7.66225],[109.11602,-7.6627],[109.11602,-7.66271],[109.11556,-7.66271],[109.11556,-7.6627],[109.11556,-7.66225],[109.11512,-7.66225],[109.11511,-7.66225],[109.11511,-7.6627],[109.11511,-7.66291],[109.11511,-7.66315],[109.11513,-7.66315],[109.11555,-7.66315],[109.11556,-7.66315],[109.11585,-7.66315],[109.11585,-7.66316],[109.11577,-7.66321],[109.11577,-7.66321],[109.11573,-7.66323],[109.11556,-7.66334],[109.11538,-7.66346],[109.11514,-7.66353],[109.11511,-7.66353],[109.1151,-7.66353],[109.11505,-7.66353],[109.11495,-7.66354],[109.1149,-7.66354],[109.11466,-7.66354],[109.11465,-7.66354],[109.11421,-7.66354],[109.1142,-7.66354],[109.11396,-7.66354],[109.11376,-7.66354],[109.11375,-7.66354],[109.1133,-7.66352],[109.1133,-7.66315],[109.11285,-7.66315],[109.11285,-7.66314],[109.11285,-7.66269],[109.1124,-7.66269],[109.1124,-7.66314],[109.1124,-7.66337],[109.11194,-7.66327],[109.11194,-7.66314],[109.11194,-7.66269],[109.11194,-7.66224],[109.11194,-7.66223],[109.1124,-7.66223],[109.1124,-7.66179],[109.11195,-7.66179],[109.11195,-7.66178],[109.1115,-7.66178],[109.1115,-7.66223],[109.11149,-7.66223],[109.11149,-7.66268],[109.11149,-7.66269],[109.11104,-7.66269],[109.11104,-7.66313],[109.11149,-7.66313],[109.11149,-7.66314],[109.11149,-7.66319],[109.11111,-7.66321],[109.11103,-7.66324],[109.11103,-7.66314],[109.11058,-7.66314],[109.11058,-7.66339],[109.11042,-7.66348],[109.11035,-7.66353],[109.11028,-7.66359],[109.11027,-7.66359],[109.11012,-7.66371],[109.11006,-7.66376],[109.10979,-7.66404],[109.10978,-7.66404],[109.10977,-7.66406],[109.10967,-7.66421],[109.10966,-7.66421],[109.10966,-7.66404],[109.10966,-7.66403],[109.10966,-7.66358],[109.10967,-7.66358],[109.11012,-7.66358],[109.11012,-7.66313],[109.11012,-7.66268],[109.10968,-7.66268],[109.10968,-7.66313],[109.10922,-7.66313],[109.10922,-7.66358],[109.10922,-7.66403],[109.10876,-7.66403],[109.10876,-7.66358],[109.10876,-7.66313],[109.10832,-7.66313],[109.10832,-7.66357],[109.10832,-7.66358],[109.10832,-7.66402],[109.10832,-7.66403],[109.10832,-7.66448],[109.10831,-7.66448],[109.10786,-7.66448],[109.10786,-7.66403],[109.10741,-7.66403],[109.10741,-7.66402],[109.10741,-7.66357],[109.10786,-7.66357],[109.10786,-7.66312]],[[109.11785,-7.65684],[109.1174,-7.65684],[109.1174,-7.65729],[109.11785,-7.65729],[109.11785,-7.65684]],[[109.11694,-7.65774],[109.11649,-7.65774],[109.11649,-7.65819],[109.11694,-7.65819],[109.11694,-7.65774]],[[109.11333,-7.65456],[109.11289,-7.65456],[109.11289,-7.65477],[109.11289,-7.65495],[109.11289,-7.65501],[109.11333,-7.65501],[109.11333,-7.65487],[109.11333,-7.65479],[109.11333,-7.65456]],[[109.11332,-7.65773],[109.11332,-7.65817],[109.11378,-7.65817],[109.11378,-7.65863],[109.11332,-7.65863],[109.11286,-7.65863],[109.11286,-7.65862],[109.11241,-7.65862],[109.11241,-7.65907],[109.11286,-7.65907],[109.11286,-7.65908],[109.11331,-7.65908],[109.11332,-7.65908],[109.11377,-7.65908],[109.11377,-7.65953],[109.11332,-7.65953],[109.11331,-7.65953],[109.11331,-7.65998],[109.11376,-7.65998],[109.11377,-7.65998],[109.11422,-7.65998],[109.11422,-7.65999],[109.11467,-7.65999],[109.11467,-7.65954],[109.11504,-7.65954],[109.11512,-7.65954],[109.11512,-7.65909],[109.11508,-7.65909],[109.11467,-7.65909],[109.11467,-7.65863],[109.11513,-7.65863],[109.11513,-7.65839],[109.11513,-7.65834],[109.11513,-7.65818],[109.11476,-7.65818],[109.11468,-7.65818],[109.11466,-7.65818],[109.11422,-7.65818],[109.11422,-7.65773],[109.11378,-7.65773],[109.11377,-7.65773],[109.11332,-7.65773]],[[109.11285,-7.66179],[109.11285,-7.66224],[109.1133,-7.66224],[109.1133,-7.66269],[109.11375,-7.66269],[109.11375,-7.66225],[109.11375,-7.66224],[109.11375,-7.66179],[109.1133,-7.66179],[109.11285,-7.66179]],[[109.11197,-7.65726],[109.11242,-7.65726],[109.11242,-7.65682],[109.11196,-7.65682],[109.11196,-7.65681],[109.11152,-7.65681],[109.11151,-7.65681],[109.11151,-7.65726],[109.11196,-7.65726],[109.11197,-7.65726]],[[109.1106,-7.65726],[109.11015,-7.65726],[109.11015,-7.65771],[109.11015,-7.65816],[109.1097,-7.65816],[109.10969,-7.65816],[109.10925,-7.65816],[109.10925,-7.65861],[109.10879,-7.65861],[109.10879,-7.65906],[109.10924,-7.65906],[109.10969,-7.65906],[109.10969,-7.65861],[109.11015,-7.65861],[109.11015,-7.65906],[109.1106,-7.65906],[109.1106,-7.65907],[109.11105,-7.65907],[109.11105,-7.65952],[109.11105,-7.65997],[109.1106,-7.65997],[109.1106,-7.66042],[109.11105,-7.66042],[109.11105,-7.66087],[109.1115,-7.66087],[109.1115,-7.66043],[109.1115,-7.65998],[109.1115,-7.65997],[109.1115,-7.65952],[109.1115,-7.65907],[109.1115,-7.65862],[109.1115,-7.65817],[109.1115,-7.65772],[109.11105,-7.65772],[109.11105,-7.65771],[109.1106,-7.65771],[109.1106,-7.65726]],[[109.10877,-7.66132],[109.10833,-7.66132],[109.10832,-7.66132],[109.10787,-7.66132],[109.10787,-7.66176],[109.10832,-7.66176],[109.10832,-7.66177],[109.10877,-7.66177],[109.10877,-7.66132]],[[109.10877,-7.66222],[109.10832,-7.66222],[109.10831,-7.66222],[109.10787,-7.66222],[109.10787,-7.66267],[109.10831,-7.66267],[109.10832,-7.66267],[109.10877,-7.66267],[109.10877,-7.66312],[109.10922,-7.66312],[109.10922,-7.66268],[109.10922,-7.66267],[109.10922,-7.66223],[109.10922,-7.66222],[109.10922,-7.66177],[109.10877,-7.66177],[109.10877,-7.66222]],[[109.11103,-7.66268],[109.11103,-7.66223],[109.11059,-7.66223],[109.11059,-7.66268],[109.11103,-7.66268]],[[109.10879,-7.65996],[109.10923,-7.65996],[109.10923,-7.65951],[109.10879,-7.65951],[109.10879,-7.65996]],[[109.11014,-7.66042],[109.11014,-7.65997],[109.11014,-7.65952],[109.10969,-7.65952],[109.10969,-7.65997],[109.10924,-7.65997],[109.10924,-7.66042],[109.10969,-7.66042],[109.10969,-7.66087],[109.11013,-7.66087],[109.11014,-7.66087],[109.11059,-7.66087],[109.11059,-7.66042],[109.11014,-7.66042]],[[109.10924,-7.65815],[109.10924,-7.65771],[109.1088,-7.65771],[109.1088,-7.65815],[109.10924,-7.65815]],[[109.11242,-7.65681],[109.11287,-7.65681],[109.11287,-7.65637],[109.11242,-7.65637],[109.11242,-7.65681]],[[109.1124,-7.65953],[109.11195,-7.65953],[109.11195,-7.65997],[109.11195,-7.65998],[109.11195,-7.66043],[109.11195,-7.66088],[109.1124,-7.66088],[109.1124,-7.66043],[109.1124,-7.65998],[109.1124,-7.65953]],[[109.11196,-7.65772],[109.11196,-7.65817],[109.11241,-7.65817],[109.11286,-7.65817],[109.11286,-7.65772],[109.11287,-7.65772],[109.11287,-7.65727],[109.11242,-7.65727],[109.11242,-7.65772],[109.11197,-7.65772],[109.11196,-7.65772]],[[109.11243,-7.65591],[109.11288,-7.65591],[109.11288,-7.65546],[109.11243,-7.65546],[109.11243,-7.65591]],[[109.11424,-7.65592],[109.11424,-7.65633],[109.11424,-7.65637],[109.11423,-7.65637],[109.11379,-7.65637],[109.11379,-7.65639],[109.11379,-7.65682],[109.11423,-7.65682],[109.11424,-7.65682],[109.11468,-7.65682],[109.11468,-7.65644],[109.11468,-7.65637],[109.11469,-7.65637],[109.1151,-7.65637],[109.11514,-7.65639],[109.11514,-7.65658],[109.11514,-7.65683],[109.11506,-7.65683],[109.11469,-7.65683],[109.11469,-7.65727],[109.11469,-7.65728],[109.11491,-7.65728],[109.115,-7.65728],[109.11514,-7.65728],[109.11514,-7.65773],[109.11558,-7.65773],[109.11558,-7.65728],[109.11559,-7.65728],[109.11603,-7.65728],[109.11603,-7.65683],[109.11604,-7.65683],[109.11604,-7.65638],[109.11559,-7.65638],[109.11559,-7.65593],[109.11514,-7.65593],[109.11514,-7.65592],[109.11469,-7.65592],[109.11468,-7.65592],[109.11424,-7.65592]],[[109.11581,-7.65892],[109.11558,-7.65891],[109.11558,-7.65891],[109.11525,-7.65889],[109.11518,-7.65894],[109.11558,-7.65893],[109.11558,-7.65893],[109.11581,-7.65892]],[[109.11603,-7.65954],[109.11603,-7.65909],[109.11559,-7.65909],[109.11558,-7.65909],[109.11558,-7.65954],[109.11558,-7.65999],[109.11603,-7.65999],[109.11603,-7.65954]],[[109.11513,-7.65999],[109.11513,-7.66044],[109.11557,-7.66044],[109.11557,-7.65999],[109.11513,-7.65999]],[[109.11512,-7.6609],[109.11512,-7.66134],[109.11557,-7.66134],[109.11557,-7.6609],[109.11512,-7.6609]],[[109.11499,-7.66081],[109.11503,-7.66078],[109.11499,-7.66078],[109.11499,-7.66081]],[[109.11541,-7.65843],[109.11543,-7.65844],[109.11542,-7.65843],[109.11541,-7.65843]],[[109.11648,-7.66044],[109.11648,-7.66],[109.11603,-7.66],[109.11603,-7.66044],[109.11648,-7.66044]],[[109.11605,-7.65638],[109.11649,-7.65638],[109.11649,-7.65593],[109.11605,-7.65593],[109.11605,-7.65638]],[[109.1165,-7.65638],[109.1165,-7.65683],[109.11649,-7.65683],[109.11649,-7.65728],[109.11694,-7.65728],[109.11694,-7.65684],[109.11694,-7.65683],[109.11694,-7.65638],[109.1165,-7.65638]]],[[[109.10378,-7.66401],[109.10378,-7.66356],[109.10378,-7.66355],[109.10424,-7.66355],[109.10424,-7.66356],[109.10424,-7.66401],[109.10378,-7.66401]]],[[[109.10651,-7.66086],[109.10651,-7.6604],[109.10696,-7.6604],[109.10696,-7.65995],[109.10742,-7.65995],[109.10742,-7.66041],[109.10742,-7.66086],[109.10697,-7.66086],[109.10696,-7.66086],[109.10651,-7.66086]]],[[[109.10653,-7.65815],[109.10607,-7.65815],[109.10607,-7.65814],[109.10607,-7.65769],[109.10653,-7.65769],[109.10653,-7.65814],[109.10653,-7.65815]]],[[[109.10492,-7.65814],[109.10491,-7.65814],[109.10471,-7.65814],[109.10471,-7.65769],[109.10471,-7.65768],[109.10517,-7.65768],[109.10517,-7.65769],[109.10517,-7.65814],[109.10492,-7.65814]]],[[[109.10745,-7.65499],[109.10745,-7.6553],[109.10745,-7.65531],[109.10745,-7.65544],[109.10744,-7.65544],[109.10729,-7.65544],[109.10699,-7.65544],[109.10699,-7.65499],[109.10699,-7.65498],[109.10699,-7.65453],[109.10745,-7.65453],[109.10745,-7.65498],[109.10745,-7.65499]]],[[[109.10473,-7.65407],[109.1051,-7.65407],[109.1051,-7.65416],[109.10519,-7.65416],[109.10519,-7.65452],[109.10473,-7.65452],[109.10473,-7.65407]]],[[[109.10519,-7.65362],[109.10527,-7.65362],[109.10527,-7.6538],[109.10519,-7.6538],[109.10519,-7.65362]]],[[[109.10563,-7.65362],[109.10564,-7.65362],[109.10564,-7.6538],[109.10563,-7.6538],[109.10563,-7.65362]]],[[[109.10475,-7.64955],[109.10429,-7.64955],[109.10429,-7.6491],[109.10475,-7.6491],[109.10475,-7.64955]]],[[[109.10657,-7.64889],[109.10657,-7.64911],[109.10611,-7.64911],[109.10611,-7.64872],[109.10611,-7.64865],[109.10657,-7.64865],[109.10657,-7.64888],[109.10657,-7.64889]]],[[[109.1075,-7.64369],[109.10704,-7.64369],[109.10704,-7.64324],[109.10704,-7.64323],[109.1075,-7.64323],[109.1075,-7.64324],[109.1075,-7.64369]]],[[[109.1075,-7.64279],[109.1075,-7.64233],[109.10796,-7.64233],[109.10796,-7.64279],[109.1075,-7.64279]]],[[[109.10526,-7.63735],[109.1057,-7.63735],[109.10571,-7.63735],[109.10571,-7.63691],[109.10571,-7.6369],[109.10571,-7.6365],[109.10575,-7.63645],[109.10616,-7.63645],[109.10617,-7.63645],[109.10656,-7.63645],[109.10662,-7.63645],[109.10662,-7.63638],[109.10662,-7.636],[109.10691,-7.636],[109.10708,-7.636],[109.10708,-7.63646],[109.10662,-7.63646],[109.10662,-7.6369],[109.10662,-7.63691],[109.10662,-7.63736],[109.10617,-7.63736],[109.10616,-7.63736],[109.10616,-7.63781],[109.10571,-7.63781],[109.10571,-7.63826],[109.10571,-7.63871],[109.10571,-7.63916],[109.10525,-7.63916],[109.10525,-7.63871],[109.10525,-7.63826],[109.10516,-7.63826],[109.1048,-7.63826],[109.1048,-7.6378],[109.10525,-7.6378],[109.10525,-7.63735],[109.10526,-7.63735]]],[[[109.10402,-7.63835],[109.10389,-7.63844],[109.10389,-7.63825],[109.1041,-7.63825],[109.10402,-7.63834],[109.10402,-7.63835]]],[[[109.10752,-7.63691],[109.10752,-7.63646],[109.10753,-7.63646],[109.10753,-7.63601],[109.10799,-7.63601],[109.10799,-7.63646],[109.10798,-7.63646],[109.10798,-7.63691],[109.10752,-7.63691]]],[[[109.10794,-7.63465],[109.10799,-7.63465],[109.10799,-7.63458],[109.10799,-7.6342],[109.10827,-7.6342],[109.10828,-7.6342],[109.10844,-7.6342],[109.10844,-7.63466],[109.10799,-7.63466],[109.10799,-7.63511],[109.10759,-7.63511],[109.10754,-7.63511],[109.10754,-7.63518],[109.10754,-7.63556],[109.10725,-7.63556],[109.10708,-7.63556],[109.10708,-7.6351],[109.10708,-7.63485],[109.10708,-7.63476],[109.10708,-7.63465],[109.10715,-7.63465],[109.10725,-7.63465],[109.10753,-7.63465],[109.10754,-7.63465],[109.10793,-7.63465],[109.10794,-7.63465]]],[[[109.10799,-7.63194],[109.10754,-7.63194],[109.10754,-7.63149],[109.108,-7.63149],[109.108,-7.63194],[109.10845,-7.63194],[109.10845,-7.6324],[109.108,-7.6324],[109.108,-7.63285],[109.10845,-7.63285],[109.10845,-7.63295],[109.10845,-7.63311],[109.10845,-7.63312],[109.10845,-7.6333],[109.10889,-7.6333],[109.10889,-7.63285],[109.10905,-7.63285],[109.10935,-7.63285],[109.10935,-7.6324],[109.10981,-7.6324],[109.10981,-7.63195],[109.11027,-7.63195],[109.11027,-7.6324],[109.11027,-7.63241],[109.10981,-7.63241],[109.10981,-7.63285],[109.10981,-7.63286],[109.10935,-7.63286],[109.10935,-7.6333],[109.10935,-7.63376],[109.10889,-7.63376],[109.10889,-7.63375],[109.10861,-7.63375],[109.10844,-7.63375],[109.10844,-7.6333],[109.1083,-7.6333],[109.1082,-7.6333],[109.10799,-7.6333],[109.10799,-7.63285],[109.10754,-7.63285],[109.10754,-7.63239],[109.10799,-7.63239],[109.10799,-7.63194]],[[109.10889,-7.63338],[109.10889,-7.63338],[109.10861,-7.63375],[109.10889,-7.63338]]],[[[109.10664,-7.63194],[109.10619,-7.63194],[109.10619,-7.63148],[109.10664,-7.63148],[109.10664,-7.63194]]],[[[109.10483,-7.63148],[109.10483,-7.63103],[109.10483,-7.63102],[109.10529,-7.63102],[109.10529,-7.63103],[109.10529,-7.63148],[109.10574,-7.63148],[109.10574,-7.63193],[109.10528,-7.63193],[109.10528,-7.63148],[109.10483,-7.63148]]],[[[109.1062,-7.62877],[109.1062,-7.62832],[109.10665,-7.62832],[109.10666,-7.62832],[109.10711,-7.62832],[109.10711,-7.62877],[109.10711,-7.62878],[109.10756,-7.62878],[109.10756,-7.62833],[109.10756,-7.62787],[109.10802,-7.62787],[109.10802,-7.62788],[109.10847,-7.62788],[109.10848,-7.62788],[109.10892,-7.62788],[109.10892,-7.62743],[109.10893,-7.62743],[109.10898,-7.62743],[109.10938,-7.62743],[109.10938,-7.62788],[109.10983,-7.62788],[109.10983,-7.62834],[109.10949,-7.62834],[109.10938,-7.62834],[109.10937,-7.62834],[109.10937,-7.62813],[109.10937,-7.62788],[109.10924,-7.62788],[109.10923,-7.62788],[109.10893,-7.62788],[109.10893,-7.62833],[109.10892,-7.62833],[109.10848,-7.62833],[109.10847,-7.62833],[109.10847,-7.62878],[109.10892,-7.62878],[109.10892,-7.62924],[109.10847,-7.62924],[109.10847,-7.62968],[109.10847,-7.62969],[109.10847,-7.63014],[109.10846,-7.63014],[109.10846,-7.63059],[109.10801,-7.63059],[109.108,-7.63059],[109.10756,-7.63059],[109.10755,-7.63059],[109.10755,-7.63104],[109.10709,-7.63104],[109.10709,-7.63058],[109.10665,-7.63058],[109.10664,-7.63058],[109.10619,-7.63058],[109.10619,-7.63013],[109.10619,-7.62968],[109.10619,-7.62922],[109.10665,-7.62922],[109.10665,-7.62878],[109.10665,-7.62877],[109.1062,-7.62877]],[[109.10756,-7.62923],[109.10801,-7.62923],[109.10846,-7.62923],[109.10846,-7.62878],[109.10802,-7.62878],[109.10801,-7.62878],[109.10756,-7.62878],[109.10756,-7.62923]]],[[[109.10574,-7.63103],[109.10574,-7.63058],[109.10619,-7.63058],[109.10619,-7.63103],[109.10574,-7.63103]]],[[[109.10574,-7.63013],[109.10529,-7.63013],[109.10528,-7.63013],[109.10528,-7.62967],[109.10529,-7.62967],[109.10574,-7.62967],[109.10574,-7.63013]]],[[[109.10757,-7.62742],[109.10757,-7.62697],[109.10712,-7.62697],[109.10712,-7.62652],[109.10757,-7.62652],[109.10758,-7.62652],[109.10758,-7.62697],[109.10802,-7.62697],[109.10803,-7.62697],[109.10803,-7.62742],[109.10802,-7.62742],[109.10757,-7.62742]]],[[[109.10486,-7.62651],[109.10486,-7.62696],[109.10485,-7.62696],[109.10485,-7.62741],[109.1044,-7.62741],[109.10439,-7.62741],[109.10394,-7.62741],[109.10394,-7.62696],[109.10394,-7.62695],[109.10394,-7.6265],[109.1044,-7.6265],[109.10486,-7.6265],[109.10486,-7.62651]]],[[[109.10441,-7.62605],[109.10395,-7.62605],[109.10395,-7.6256],[109.10441,-7.6256],[109.10441,-7.62605]]],[[[109.10531,-7.62519],[109.10531,-7.62516],[109.10531,-7.62515],[109.10522,-7.62515],[109.10487,-7.62515],[109.10486,-7.62515],[109.10441,-7.62515],[109.10441,-7.62475],[109.10441,-7.6247],[109.10486,-7.6247],[109.10487,-7.6247],[109.10531,-7.6247],[109.10532,-7.6247],[109.10577,-7.6247],[109.10622,-7.6247],[109.10667,-7.6247],[109.10667,-7.62471],[109.10667,-7.62516],[109.10712,-7.62516],[109.10713,-7.62516],[109.10713,-7.62552],[109.10713,-7.62561],[109.10712,-7.62561],[109.10669,-7.62561],[109.10667,-7.62561],[109.10622,-7.62561],[109.10609,-7.62561],[109.10577,-7.62561],[109.10576,-7.62561],[109.10531,-7.62561],[109.10531,-7.62519]]],[[[109.10667,-7.62426],[109.10622,-7.62426],[109.10622,-7.62425],[109.10622,-7.6238],[109.10667,-7.6238],[109.10667,-7.62425],[109.10667,-7.62426]]],[[[109.10532,-7.62425],[109.10532,-7.6238],[109.10577,-7.6238],[109.10577,-7.62425],[109.10532,-7.62425]]],[[[109.10489,-7.61837],[109.10535,-7.61837],[109.10535,-7.61865],[109.10535,-7.61883],[109.10489,-7.61883],[109.10489,-7.6187],[109.10489,-7.61837]]],[[[109.10851,-7.61839],[109.10851,-7.61838],[109.10851,-7.61794],[109.10896,-7.61794],[109.10897,-7.61794],[109.10941,-7.61794],[109.10942,-7.61794],[109.10987,-7.61794],[109.11032,-7.61794],[109.11033,-7.61794],[109.11078,-7.61794],[109.11078,-7.61795],[109.11123,-7.61795],[109.11124,-7.61795],[109.11168,-7.61795],[109.11169,-7.61795],[109.11214,-7.61795],[109.11214,-7.61803],[109.11214,-7.61804],[109.11214,-7.6184],[109.11214,-7.61841],[109.11168,-7.61841],[109.11168,-7.6184],[109.11124,-7.6184],[109.11123,-7.6184],[109.11078,-7.6184],[109.11078,-7.61885],[109.11032,-7.61885],[109.11032,-7.6184],[109.10987,-7.6184],[109.10987,-7.61885],[109.10942,-7.61885],[109.10941,-7.61885],[109.10896,-7.61885],[109.10896,-7.61884],[109.10851,-7.61884],[109.10851,-7.61929],[109.10851,-7.61974],[109.10851,-7.61975],[109.10806,-7.61975],[109.10805,-7.61975],[109.10805,-7.61974],[109.10805,-7.61929],[109.10805,-7.61884],[109.10761,-7.61884],[109.1076,-7.61884],[109.10716,-7.61884],[109.10715,-7.61884],[109.1067,-7.61884],[109.1067,-7.61883],[109.10625,-7.61883],[109.10625,-7.61857],[109.10625,-7.61838],[109.1067,-7.61838],[109.10671,-7.61838],[109.10715,-7.61838],[109.10716,-7.61838],[109.1076,-7.61838],[109.1076,-7.61793],[109.10761,-7.61793],[109.10806,-7.61793],[109.10806,-7.61838],[109.10806,-7.61839],[109.10848,-7.61839],[109.1085,-7.61839],[109.10851,-7.61839]]],[[[109.10443,-7.61837],[109.10443,-7.61792],[109.10489,-7.61792],[109.10489,-7.61837],[109.10443,-7.61837]]],[[[109.10718,-7.61251],[109.10718,-7.61206],[109.10764,-7.61206],[109.10764,-7.61251],[109.10718,-7.61251]]],[[[109.10537,-7.61205],[109.10491,-7.61205],[109.10491,-7.6116],[109.10491,-7.61159],[109.10537,-7.61159],[109.10537,-7.6116],[109.10537,-7.61205]]],[[[109.1045,-7.60391],[109.1045,-7.60372],[109.10496,-7.6037],[109.10496,-7.60391],[109.1045,-7.60391]]],[[[109.10426,-7.60275],[109.10425,-7.60275],[109.10418,-7.60279],[109.10413,-7.60301],[109.10405,-7.60301],[109.10405,-7.60255],[109.10423,-7.60255],[109.10422,-7.60262],[109.10426,-7.60268],[109.10426,-7.60269],[109.10427,-7.60269],[109.10427,-7.6027],[109.10427,-7.60271],[109.10427,-7.60272],[109.10427,-7.60273],[109.10426,-7.60273],[109.10426,-7.60274],[109.10426,-7.60275]]],[[[109.1044,-7.6],[109.10439,-7.6],[109.10406,-7.60019],[109.10406,-7.59984],[109.10451,-7.59984],[109.10452,-7.59984],[109.10466,-7.59984],[109.10457,-7.59989],[109.10457,-7.5999],[109.10456,-7.5999],[109.10455,-7.5999],[109.10454,-7.5999],[109.10453,-7.5999],[109.10451,-7.59989],[109.10451,-7.59989],[109.10445,-7.59987],[109.10442,-7.59988],[109.10442,-7.59995],[109.10442,-7.59996],[109.10442,-7.59997],[109.10441,-7.59997],[109.10441,-7.59998],[109.10441,-7.59999],[109.1044,-7.59999],[109.1044,-7.6]]],[[[109.10633,-7.59895],[109.10633,-7.59899],[109.10601,-7.59914],[109.106,-7.59914],[109.10587,-7.59922],[109.10587,-7.59895],[109.10588,-7.59895],[109.10588,-7.5985],[109.10588,-7.59849],[109.10634,-7.59849],[109.10634,-7.5985],[109.10634,-7.59895],[109.10633,-7.59895]]],[[[109.1077,-7.59838],[109.10741,-7.5985],[109.10724,-7.5985],[109.10724,-7.59805],[109.1077,-7.59805],[109.1077,-7.59838]]],[[[109.10544,-7.59714],[109.10589,-7.59714],[109.10589,-7.59759],[109.10589,-7.59804],[109.10543,-7.59804],[109.10543,-7.59759],[109.10498,-7.59759],[109.10498,-7.59714],[109.10543,-7.59714],[109.10544,-7.59714]]],[[[109.10544,-7.59669],[109.10544,-7.59623],[109.10589,-7.59623],[109.10589,-7.59578],[109.10544,-7.59578],[109.10544,-7.59533],[109.10499,-7.59533],[109.10499,-7.59488],[109.10545,-7.59488],[109.10545,-7.59533],[109.1059,-7.59533],[109.1059,-7.59578],[109.10635,-7.59578],[109.10635,-7.59579],[109.1068,-7.59579],[109.1068,-7.59534],[109.10725,-7.59534],[109.10771,-7.59534],[109.10771,-7.59579],[109.10725,-7.59579],[109.10725,-7.59624],[109.10725,-7.59669],[109.1068,-7.59669],[109.1068,-7.59714],[109.10725,-7.59714],[109.10725,-7.59715],[109.1077,-7.59715],[109.1077,-7.5976],[109.10725,-7.5976],[109.1068,-7.5976],[109.10679,-7.5976],[109.10634,-7.5976],[109.10634,-7.59714],[109.10634,-7.59669],[109.1059,-7.59669],[109.10589,-7.59669],[109.10544,-7.59669]],[[109.1068,-7.59624],[109.10635,-7.59624],[109.10635,-7.59669],[109.1068,-7.59669],[109.1068,-7.59624]]],[[[109.1068,-7.59488],[109.1068,-7.59489],[109.10635,-7.59489],[109.10635,-7.59488],[109.10635,-7.59443],[109.1068,-7.59443],[109.1068,-7.59488]]],[[[109.10771,-7.59444],[109.10725,-7.59444],[109.10725,-7.59398],[109.10753,-7.59398],[109.10753,-7.59434],[109.10771,-7.59434],[109.10771,-7.59435],[109.10771,-7.59444]]],[[[109.1059,-7.59398],[109.1059,-7.59353],[109.1059,-7.59352],[109.10636,-7.59352],[109.10636,-7.59353],[109.10636,-7.59398],[109.1059,-7.59398]]],[[[109.1105,-7.68211],[109.11004,-7.68211],[109.11004,-7.68198],[109.1105,-7.68186],[109.1105,-7.68211]]],[[[109.11038,-7.68166],[109.11004,-7.68178],[109.11004,-7.68166],[109.11038,-7.68166]]],[[[109.11005,-7.68121],[109.10959,-7.68121],[109.10959,-7.6812],[109.10959,-7.68075],[109.11005,-7.68075],[109.11005,-7.6812],[109.11005,-7.68121]]],[[[109.11105,-7.65862],[109.1106,-7.65862],[109.11059,-7.65862],[109.11059,-7.65816],[109.1106,-7.65816],[109.11105,-7.65816],[109.11105,-7.65862]]],[[[109.11016,-7.6559],[109.11016,-7.65635],[109.10971,-7.65635],[109.1097,-7.65635],[109.10925,-7.65635],[109.10925,-7.6559],[109.1097,-7.6559],[109.10971,-7.6559],[109.11016,-7.6559]]],[[[109.10789,-7.65589],[109.10834,-7.65589],[109.10835,-7.65589],[109.1088,-7.65589],[109.1088,-7.65635],[109.10835,-7.65635],[109.10834,-7.65635],[109.10789,-7.65635],[109.10789,-7.65634],[109.10789,-7.65589]]],[[[109.11062,-7.6559],[109.11016,-7.6559],[109.11016,-7.65545],[109.11062,-7.65545],[109.11062,-7.6559]]],[[[109.10926,-7.65544],[109.10926,-7.65545],[109.1088,-7.65545],[109.1088,-7.65544],[109.1088,-7.65499],[109.10926,-7.65499],[109.10926,-7.65544]]],[[[109.11016,-7.655],[109.10971,-7.655],[109.10971,-7.65454],[109.11016,-7.65454],[109.11017,-7.65454],[109.11062,-7.65454],[109.11062,-7.65455],[109.11062,-7.655],[109.11017,-7.655],[109.11016,-7.655]]],[[[109.10926,-7.65433],[109.10926,-7.65454],[109.10888,-7.65454],[109.1088,-7.65454],[109.1088,-7.65409],[109.10926,-7.65409],[109.10926,-7.65432],[109.10926,-7.65433]]],[[[109.11063,-7.6541],[109.11017,-7.6541],[109.11017,-7.65364],[109.11062,-7.65364],[109.11062,-7.65319],[109.11108,-7.65319],[109.11108,-7.65274],[109.11153,-7.65274],[109.11153,-7.6532],[109.11108,-7.6532],[109.11108,-7.65365],[109.11063,-7.65365],[109.11063,-7.6541]]],[[[109.11018,-7.65138],[109.10973,-7.65138],[109.10973,-7.65093],[109.11018,-7.65093],[109.11018,-7.65138]]],[[[109.11109,-7.65093],[109.11109,-7.65094],[109.11063,-7.65094],[109.11063,-7.65093],[109.11063,-7.65048],[109.11109,-7.65048],[109.11109,-7.65093]]],[[[109.10928,-7.65093],[109.10919,-7.65093],[109.10882,-7.65093],[109.10882,-7.65047],[109.10906,-7.65047],[109.10928,-7.65047],[109.10928,-7.65002],[109.10973,-7.65002],[109.10973,-7.65047],[109.10973,-7.65048],[109.10973,-7.65093],[109.10928,-7.65093]]],[[[109.1102,-7.64596],[109.11065,-7.64596],[109.11066,-7.64596],[109.11066,-7.64551],[109.11066,-7.64506],[109.11066,-7.64461],[109.11111,-7.64461],[109.11112,-7.64461],[109.11112,-7.64506],[109.11112,-7.64551],[109.11156,-7.64551],[109.11156,-7.64506],[109.11202,-7.64506],[109.11202,-7.64552],[109.11157,-7.64552],[109.11157,-7.64597],[109.11198,-7.64597],[109.11191,-7.64601],[109.11183,-7.64609],[109.11194,-7.64616],[109.11202,-7.64618],[109.11202,-7.64642],[109.11202,-7.64684],[109.11202,-7.64685],[109.11202,-7.64687],[109.11201,-7.64687],[109.11156,-7.64687],[109.11156,-7.64678],[109.11156,-7.64677],[109.11156,-7.64642],[109.11156,-7.64597],[109.11111,-7.64597],[109.11111,-7.64642],[109.11066,-7.64642],[109.11066,-7.64687],[109.1102,-7.64687],[109.1102,-7.6469],[109.1102,-7.64732],[109.10974,-7.64732],[109.10974,-7.64731],[109.10934,-7.64731],[109.10929,-7.64731],[109.10929,-7.64686],[109.10974,-7.64686],[109.10975,-7.64686],[109.1102,-7.64686],[109.1102,-7.64641],[109.1102,-7.64596]]],[[[109.1093,-7.64551],[109.1093,-7.64505],[109.10975,-7.64505],[109.10976,-7.64505],[109.11021,-7.64505],[109.11021,-7.64506],[109.11021,-7.64551],[109.10976,-7.64551],[109.10975,-7.64551],[109.1093,-7.64551]]],[[[109.1084,-7.64414],[109.1084,-7.64415],[109.10794,-7.64415],[109.10794,-7.64414],[109.10794,-7.64369],[109.1084,-7.64369],[109.1084,-7.64414]]],[[[109.10976,-7.64325],[109.10976,-7.6428],[109.10976,-7.64279],[109.11021,-7.64279],[109.11021,-7.6428],[109.11021,-7.64325],[109.10976,-7.64325]]],[[[109.11203,-7.64235],[109.11203,-7.6428],[109.11248,-7.6428],[109.11248,-7.64281],[109.11248,-7.64326],[109.11203,-7.64326],[109.11203,-7.64371],[109.11248,-7.64371],[109.11248,-7.64416],[109.11293,-7.64416],[109.11293,-7.64462],[109.11247,-7.64462],[109.11247,-7.64416],[109.11202,-7.64416],[109.11202,-7.64371],[109.11157,-7.64371],[109.11157,-7.64326],[109.11157,-7.64325],[109.11202,-7.64325],[109.11202,-7.64281],[109.11157,-7.64281],[109.11157,-7.6428],[109.11112,-7.6428],[109.11066,-7.6428],[109.11066,-7.64235],[109.11112,-7.64235],[109.11157,-7.64235],[109.11157,-7.6419],[109.11203,-7.6419],[109.11203,-7.64235]]],[[[109.11159,-7.63784],[109.11159,-7.63783],[109.11115,-7.63783],[109.11114,-7.63783],[109.1107,-7.63783],[109.11069,-7.63783],[109.11025,-7.63783],[109.11024,-7.63783],[109.10979,-7.63783],[109.10979,-7.63737],[109.11024,-7.63737],[109.11024,-7.63692],[109.10979,-7.63692],[109.10979,-7.63647],[109.11024,-7.63647],[109.11025,-7.63647],[109.11025,-7.63692],[109.11069,-7.63692],[109.11069,-7.63647],[109.1107,-7.63647],[109.11114,-7.63647],[109.11114,-7.63602],[109.1107,-7.63602],[109.11069,-7.63602],[109.11069,-7.63557],[109.1107,-7.63557],[109.11115,-7.63557],[109.11115,-7.63602],[109.1116,-7.63602],[109.1116,-7.63648],[109.11115,-7.63648],[109.11115,-7.63692],[109.11115,-7.63693],[109.1116,-7.63693],[109.1116,-7.63738],[109.11205,-7.63738],[109.11205,-7.63693],[109.11251,-7.63693],[109.11251,-7.63738],[109.11295,-7.63738],[109.11295,-7.63694],[109.11295,-7.63693],[109.11319,-7.63693],[109.11328,-7.63693],[109.11341,-7.63693],[109.11341,-7.63649],[109.11334,-7.63649],[109.11323,-7.63649],[109.11296,-7.63649],[109.11296,-7.63648],[109.11296,-7.63603],[109.11251,-7.63603],[109.11205,-7.63603],[109.11205,-7.63558],[109.11205,-7.63557],[109.11251,-7.63557],[109.11251,-7.63513],[109.11206,-7.63513],[109.11206,-7.63467],[109.11206,-7.63422],[109.11252,-7.63422],[109.11252,-7.63377],[109.11252,-7.63332],[109.11298,-7.63332],[109.11298,-7.63377],[109.11298,-7.63422],[109.11337,-7.63422],[109.11343,-7.63422],[109.11343,-7.63378],[109.11343,-7.63377],[109.11352,-7.63377],[109.11388,-7.63377],[109.11388,-7.63332],[109.11433,-7.63332],[109.11433,-7.63333],[109.11479,-7.63333],[109.11479,-7.63378],[109.11433,-7.63378],[109.11433,-7.63423],[109.11388,-7.63423],[109.11346,-7.63423],[109.11343,-7.63423],[109.11343,-7.63456],[109.11343,-7.63468],[109.11343,-7.63513],[109.11342,-7.63513],[109.11342,-7.63558],[109.11388,-7.63558],[109.11388,-7.63559],[109.11387,-7.63559],[109.11387,-7.63594],[109.11388,-7.63594],[109.11388,-7.63603],[109.11388,-7.63604],[109.11354,-7.63604],[109.11342,-7.63604],[109.11342,-7.63605],[109.11342,-7.63619],[109.11342,-7.63636],[109.11342,-7.63648],[109.11387,-7.63648],[109.11387,-7.63649],[109.11387,-7.63694],[109.11387,-7.63739],[109.11432,-7.63739],[109.11432,-7.63784],[109.11432,-7.63785],[109.11432,-7.6383],[109.11477,-7.6383],[109.11477,-7.63875],[109.11431,-7.63875],[109.11386,-7.63875],[109.11386,-7.6392],[109.11431,-7.6392],[109.11431,-7.63965],[109.11476,-7.63965],[109.11476,-7.6401],[109.11476,-7.64011],[109.11476,-7.64056],[109.11475,-7.64056],[109.11475,-7.64076],[109.1143,-7.6409],[109.1143,-7.64056],[109.11385,-7.64056],[109.11385,-7.64055],[109.1134,-7.64055],[109.1134,-7.641],[109.11316,-7.641],[109.11308,-7.641],[109.11295,-7.641],[109.11295,-7.64145],[109.11294,-7.64145],[109.11294,-7.64187],[109.11294,-7.6419],[109.11294,-7.64191],[109.11294,-7.64203],[109.11294,-7.64236],[109.11305,-7.64236],[109.11313,-7.64236],[109.11339,-7.64236],[109.11339,-7.64281],[109.11329,-7.64281],[109.1132,-7.64281],[109.11293,-7.64281],[109.11293,-7.64236],[109.11248,-7.64236],[109.11248,-7.64191],[109.11248,-7.6419],[109.11248,-7.64145],[109.11249,-7.64145],[109.11249,-7.641],[109.11204,-7.641],[109.11204,-7.64055],[109.11158,-7.64055],[109.11158,-7.64009],[109.11113,-7.64009],[109.11113,-7.63964],[109.11114,-7.63964],[109.11114,-7.63919],[109.11114,-7.63874],[109.11069,-7.63874],[109.11069,-7.63873],[109.11069,-7.63828],[109.11114,-7.63828],[109.11115,-7.63828],[109.11159,-7.63828],[109.11159,-7.63784]],[[109.11252,-7.63467],[109.11252,-7.63513],[109.11296,-7.63513],[109.11297,-7.63513],[109.11297,-7.63468],[109.11297,-7.63422],[109.11252,-7.63422],[109.11252,-7.63467]],[[109.11249,-7.64055],[109.11249,-7.6401],[109.11294,-7.6401],[109.11294,-7.63965],[109.1125,-7.63965],[109.11249,-7.63965],[109.11249,-7.63919],[109.11205,-7.63919],[109.11205,-7.63964],[109.11205,-7.64009],[109.11204,-7.64009],[109.11204,-7.64055],[109.11249,-7.64055]],[[109.11315,-7.63829],[109.11295,-7.63829],[109.1125,-7.63829],[109.11249,-7.63829],[109.11249,-7.63784],[109.1125,-7.63784],[109.1125,-7.63739],[109.11205,-7.63739],[109.11205,-7.63783],[109.11205,-7.63784],[109.11205,-7.63828],[109.11205,-7.63829],[109.11205,-7.63874],[109.1125,-7.63874],[109.1125,-7.63919],[109.11294,-7.63919],[109.11294,-7.63874],[109.11295,-7.63874],[109.11314,-7.63874],[109.11323,-7.63874],[109.1134,-7.63874],[109.1134,-7.6383],[109.1134,-7.63829],[109.11324,-7.63829],[109.11315,-7.63829]],[[109.11313,-7.6392],[109.11295,-7.6392],[109.11295,-7.63965],[109.11312,-7.63965],[109.1132,-7.63965],[109.11339,-7.63965],[109.11339,-7.6392],[109.11321,-7.6392],[109.11313,-7.6392]],[[109.11294,-7.64055],[109.1125,-7.64055],[109.1125,-7.641],[109.11294,-7.641],[109.11294,-7.64055]]],[[[109.11023,-7.63964],[109.11023,-7.63918],[109.11069,-7.63918],[109.11069,-7.63964],[109.11023,-7.63964]]],[[[109.11025,-7.63511],[109.11025,-7.63557],[109.11025,-7.63602],[109.10979,-7.63602],[109.10979,-7.63557],[109.10979,-7.63511],[109.11025,-7.63511]]],[[[109.10889,-7.63601],[109.10844,-7.63601],[109.10844,-7.63556],[109.10889,-7.63556],[109.1089,-7.63556],[109.1089,-7.63601],[109.10889,-7.63601]]],[[[109.10891,-7.63149],[109.10891,-7.6315],[109.10845,-7.6315],[109.10845,-7.63149],[109.10845,-7.63104],[109.10891,-7.63104],[109.10891,-7.63149]]],[[[109.11118,-7.6297],[109.11118,-7.63015],[109.11118,-7.63059],[109.11118,-7.6306],[109.11117,-7.6306],[109.11072,-7.6306],[109.11072,-7.63015],[109.11072,-7.6297],[109.11072,-7.62969],[109.11072,-7.62924],[109.11073,-7.62924],[109.11118,-7.62924],[109.11118,-7.62969],[109.11118,-7.6297]]],[[[109.11018,-7.62969],[109.10982,-7.62969],[109.10982,-7.62924],[109.10995,-7.62924],[109.10996,-7.62924],[109.11028,-7.62924],[109.11028,-7.62969],[109.11018,-7.62969]]],[[[109.11164,-7.62834],[109.11164,-7.6288],[109.11208,-7.6288],[109.11209,-7.6288],[109.11246,-7.6288],[109.11254,-7.6288],[109.11254,-7.62883],[109.11254,-7.62925],[109.11299,-7.62925],[109.11299,-7.6297],[109.11299,-7.62971],[109.11253,-7.62971],[109.11253,-7.6297],[109.11209,-7.6297],[109.11208,-7.6297],[109.11208,-7.63015],[109.11163,-7.63015],[109.11162,-7.63015],[109.11162,-7.63008],[109.11162,-7.62991],[109.11162,-7.6297],[109.11163,-7.6297],[109.11163,-7.62925],[109.11163,-7.6288],[109.11118,-7.6288],[109.11118,-7.62879],[109.11073,-7.62879],[109.11072,-7.62879],[109.11072,-7.62834],[109.11073,-7.62834],[109.11118,-7.62834],[109.11164,-7.62834]]],[[[109.11074,-7.62744],[109.11028,-7.62744],[109.11028,-7.62698],[109.11074,-7.62698],[109.11074,-7.62744]]],[[[109.10893,-7.62653],[109.10847,-7.62653],[109.10847,-7.62652],[109.10847,-7.62607],[109.10893,-7.62607],[109.10893,-7.62652],[109.10893,-7.62653]]],[[[109.10983,-7.62608],[109.10983,-7.62563],[109.10983,-7.62562],[109.11029,-7.62562],[109.11029,-7.62563],[109.11029,-7.62608],[109.10983,-7.62608]]],[[[109.10939,-7.62517],[109.10893,-7.62517],[109.10893,-7.62472],[109.10939,-7.62472],[109.10939,-7.62517]]],[[[109.11076,-7.62156],[109.11076,-7.62111],[109.11122,-7.62111],[109.11122,-7.62156],[109.11076,-7.62156]]],[[[109.11076,-7.62066],[109.11076,-7.62021],[109.11122,-7.62021],[109.11122,-7.62066],[109.11076,-7.62066]]],[[[109.11079,-7.61614],[109.11079,-7.61569],[109.11124,-7.61569],[109.11124,-7.61614],[109.11079,-7.61614]]],[[[109.11034,-7.61569],[109.10988,-7.61569],[109.10988,-7.61568],[109.10943,-7.61568],[109.10943,-7.61523],[109.10943,-7.61478],[109.10989,-7.61478],[109.10989,-7.61523],[109.11034,-7.61523],[109.11034,-7.61569]]],[[[109.10853,-7.61432],[109.10899,-7.61432],[109.10899,-7.61478],[109.10898,-7.61478],[109.10898,-7.61523],[109.10852,-7.61523],[109.10852,-7.61477],[109.10853,-7.61477],[109.10853,-7.61432]]],[[[109.10762,-7.61477],[109.10762,-7.61432],[109.10808,-7.61432],[109.10808,-7.61477],[109.10762,-7.61477]]],[[[109.11171,-7.61253],[109.11126,-7.61253],[109.11125,-7.61253],[109.11081,-7.61253],[109.1108,-7.61253],[109.11035,-7.61253],[109.11035,-7.61252],[109.11035,-7.61207],[109.1108,-7.61207],[109.11081,-7.61207],[109.11125,-7.61207],[109.11126,-7.61207],[109.11171,-7.61207],[109.11171,-7.61208],[109.11171,-7.61253]]],[[[109.10809,-7.61026],[109.10809,-7.6098],[109.10855,-7.6098],[109.10855,-7.61026],[109.10809,-7.61026]]],[[[109.11083,-7.60575],[109.11037,-7.60575],[109.11037,-7.60529],[109.11083,-7.60529],[109.11083,-7.60575]]],[[[109.10902,-7.60574],[109.10857,-7.60574],[109.10812,-7.60574],[109.10812,-7.60528],[109.10857,-7.60528],[109.10902,-7.60528],[109.10902,-7.60529],[109.10902,-7.60574]]],[[[109.10864,-7.59808],[109.1086,-7.59808],[109.1086,-7.59806],[109.1086,-7.59805],[109.10873,-7.59805],[109.10866,-7.59808],[109.10865,-7.59808],[109.10864,-7.59808]]],[[[109.10995,-7.59761],[109.10996,-7.59761],[109.10996,-7.59716],[109.11042,-7.59716],[109.11042,-7.59761],[109.11041,-7.59761],[109.11041,-7.59775],[109.10995,-7.59783],[109.10995,-7.59761]]],[[[109.11086,-7.59761],[109.11123,-7.59761],[109.11086,-7.59768],[109.11086,-7.59761]]],[[[109.10905,-7.59761],[109.10905,-7.59715],[109.10951,-7.59715],[109.10951,-7.59761],[109.10905,-7.59761]]],[[[109.10861,-7.5976],[109.1086,-7.5976],[109.10815,-7.5976],[109.10815,-7.59715],[109.1086,-7.59715],[109.10861,-7.59715],[109.10861,-7.5976]]],[[[109.10996,-7.59671],[109.10996,-7.59625],[109.11042,-7.59625],[109.11042,-7.59671],[109.10996,-7.59671]]],[[[109.10906,-7.5958],[109.10906,-7.59535],[109.10952,-7.59535],[109.10952,-7.5958],[109.10906,-7.5958]]],[[[109.11088,-7.59535],[109.11042,-7.59535],[109.11042,-7.5949],[109.11088,-7.5949],[109.11088,-7.59535]]],[[[109.10953,-7.59309],[109.10953,-7.59264],[109.10999,-7.59264],[109.10999,-7.59309],[109.10953,-7.59309]]],[[[109.11044,-7.59219],[109.11043,-7.59219],[109.11043,-7.59174],[109.11044,-7.59174],[109.11089,-7.59174],[109.11089,-7.59219],[109.11044,-7.59219]]],[[[109.11045,-7.59038],[109.10999,-7.59038],[109.10999,-7.58993],[109.11045,-7.58993],[109.11045,-7.59038]]],[[[109.11277,-7.67941],[109.11301,-7.67941],[109.11277,-7.67984],[109.11277,-7.67941]]],[[[109.11153,-7.65229],[109.11153,-7.65184],[109.11199,-7.65184],[109.11199,-7.65229],[109.11153,-7.65229]]],[[[109.11153,-7.65139],[109.11153,-7.65094],[109.11199,-7.65094],[109.11199,-7.65139],[109.11153,-7.65139]]],[[[109.11336,-7.64914],[109.11372,-7.64914],[109.11374,-7.64914],[109.11382,-7.64914],[109.11382,-7.64932],[109.11382,-7.64936],[109.11382,-7.64959],[109.11336,-7.64959],[109.11336,-7.64975],[109.11336,-7.64984],[109.11336,-7.65004],[109.11304,-7.65004],[109.11294,-7.65004],[109.1129,-7.65004],[109.1129,-7.64959],[109.1129,-7.64914],[109.11245,-7.64914],[109.11245,-7.64913],[109.11245,-7.64868],[109.11291,-7.64868],[109.11291,-7.64913],[109.11336,-7.64913],[109.11336,-7.64914]]],[[[109.11291,-7.64823],[109.11291,-7.64778],[109.11337,-7.64778],[109.11337,-7.64823],[109.11291,-7.64823]]],[[[109.11338,-7.64507],[109.11338,-7.64552],[109.11382,-7.64552],[109.11383,-7.64552],[109.1141,-7.64552],[109.1142,-7.64552],[109.11428,-7.64552],[109.11428,-7.64598],[109.11383,-7.64598],[109.11382,-7.64598],[109.11337,-7.64598],[109.11337,-7.64597],[109.11292,-7.64597],[109.11292,-7.64608],[109.11285,-7.64597],[109.11282,-7.64592],[109.11282,-7.64591],[109.11281,-7.64591],[109.11281,-7.6459],[109.11281,-7.64589],[109.11257,-7.64552],[109.11291,-7.64552],[109.11292,-7.64552],[109.11292,-7.64507],[109.11338,-7.64507]]],[[[109.11253,-7.64595],[109.11253,-7.64596],[109.11252,-7.64596],[109.11252,-7.64597],[109.11251,-7.64597],[109.1125,-7.64597],[109.11249,-7.64597],[109.11246,-7.64597],[109.11246,-7.64552],[109.11247,-7.64552],[109.11248,-7.64552],[109.11258,-7.64585],[109.11258,-7.64586],[109.11259,-7.64586],[109.11259,-7.64587],[109.11259,-7.64588],[109.11258,-7.64589],[109.11258,-7.6459],[109.11257,-7.6459],[109.11253,-7.64595]]],[[[109.11339,-7.64326],[109.11344,-7.64326],[109.11383,-7.64326],[109.11384,-7.64326],[109.11429,-7.64326],[109.11429,-7.64327],[109.11429,-7.64372],[109.11384,-7.64372],[109.11383,-7.64372],[109.11359,-7.64372],[109.1135,-7.64372],[109.11339,-7.64372],[109.11338,-7.64372],[109.11293,-7.64372],[109.11293,-7.64371],[109.11293,-7.64326],[109.11335,-7.64326],[109.11338,-7.64326],[109.11339,-7.64326]]],[[[109.11339,-7.64169],[109.11343,-7.64172],[109.11385,-7.64171],[109.11385,-7.64191],[109.1143,-7.64191],[109.1143,-7.64166],[109.11475,-7.64159],[109.11475,-7.6416],[109.1152,-7.64153],[109.1152,-7.64191],[109.1152,-7.64192],[109.1152,-7.64237],[109.11475,-7.64237],[109.11475,-7.64282],[109.11429,-7.64282],[109.11429,-7.64236],[109.11385,-7.64236],[109.11384,-7.64236],[109.11339,-7.64236],[109.11339,-7.64191],[109.11339,-7.64183],[109.11339,-7.64172],[109.11339,-7.64169]]],[[[109.11298,-7.63332],[109.11298,-7.63287],[109.11298,-7.63242],[109.11343,-7.63242],[109.11343,-7.63197],[109.11343,-7.63152],[109.11343,-7.63151],[109.11343,-7.63107],[109.11343,-7.63106],[109.11298,-7.63106],[109.11298,-7.63061],[109.11343,-7.63061],[109.11344,-7.63061],[109.11344,-7.63016],[109.11344,-7.62971],[109.11344,-7.62926],[109.11344,-7.62925],[109.1139,-7.62925],[109.1139,-7.62903],[109.1139,-7.62894],[109.1139,-7.62881],[109.1136,-7.62881],[109.11345,-7.62881],[109.11345,-7.62874],[109.11345,-7.62835],[109.113,-7.62835],[109.113,-7.62853],[109.113,-7.62862],[109.113,-7.6288],[109.11256,-7.6288],[109.11254,-7.6288],[109.11254,-7.6287],[109.11254,-7.62835],[109.11209,-7.62835],[109.11209,-7.6279],[109.11209,-7.62789],[109.11209,-7.62744],[109.11255,-7.62744],[109.11255,-7.62789],[109.11255,-7.6279],[109.113,-7.6279],[109.113,-7.62745],[109.11346,-7.62745],[109.11346,-7.6279],[109.11346,-7.62835],[109.1139,-7.62835],[109.11391,-7.62835],[109.11436,-7.62835],[109.11436,-7.6288],[109.11436,-7.62881],[109.11436,-7.62926],[109.11408,-7.62926],[109.11399,-7.62926],[109.1139,-7.62926],[109.1139,-7.62971],[109.11393,-7.62971],[109.11403,-7.62971],[109.11435,-7.62971],[109.1148,-7.62971],[109.1148,-7.62926],[109.11526,-7.62926],[109.11526,-7.62971],[109.11526,-7.62972],[109.11481,-7.62972],[109.11481,-7.63016],[109.11481,-7.63017],[109.1148,-7.63017],[109.1148,-7.63061],[109.1148,-7.63062],[109.1148,-7.63107],[109.11435,-7.63107],[109.11434,-7.63107],[109.11389,-7.63107],[109.11389,-7.63151],[109.11389,-7.63152],[109.11434,-7.63152],[109.1148,-7.63152],[109.1148,-7.63197],[109.11434,-7.63197],[109.11389,-7.63197],[109.11389,-7.63242],[109.11433,-7.63242],[109.11434,-7.63242],[109.11479,-7.63242],[109.11479,-7.63288],[109.11433,-7.63288],[109.11433,-7.63287],[109.11388,-7.63287],[109.11362,-7.63287],[109.11353,-7.63287],[109.11343,-7.63287],[109.11343,-7.63332],[109.11298,-7.63332]]],[[[109.11253,-7.63196],[109.11298,-7.63196],[109.11298,-7.63242],[109.11253,-7.63242],[109.11253,-7.63287],[109.11207,-7.63287],[109.11207,-7.63241],[109.11253,-7.63241],[109.11253,-7.63196]]],[[[109.11301,-7.62564],[109.11346,-7.62564],[109.11347,-7.62564],[109.11347,-7.62609],[109.11347,-7.62654],[109.11391,-7.62654],[109.11392,-7.62654],[109.11392,-7.62655],[109.11436,-7.62655],[109.11437,-7.62655],[109.11437,-7.627],[109.11436,-7.627],[109.11392,-7.627],[109.11392,-7.62745],[109.11391,-7.62745],[109.11346,-7.62745],[109.11346,-7.627],[109.11346,-7.62654],[109.11301,-7.62654],[109.11301,-7.62609],[109.11301,-7.62564]]],[[[109.11166,-7.62518],[109.11211,-7.62518],[109.11211,-7.62563],[109.11211,-7.62564],[109.11165,-7.62564],[109.11165,-7.62563],[109.1112,-7.62563],[109.1112,-7.62518],[109.1112,-7.62473],[109.11166,-7.62473],[109.11166,-7.62518]]],[[[109.11302,-7.62203],[109.11302,-7.62157],[109.11302,-7.62112],[109.11348,-7.62112],[109.11348,-7.62157],[109.11348,-7.62203],[109.11302,-7.62203]]],[[[109.11167,-7.62021],[109.11167,-7.61976],[109.11213,-7.61976],[109.11259,-7.61976],[109.11259,-7.62021],[109.11258,-7.62021],[109.11258,-7.62067],[109.11213,-7.62067],[109.11213,-7.62112],[109.11167,-7.62112],[109.11167,-7.62066],[109.11212,-7.62066],[109.11212,-7.62021],[109.11167,-7.62021]]],[[[109.11303,-7.62022],[109.11303,-7.61976],[109.11349,-7.61976],[109.11349,-7.62022],[109.11303,-7.62022]]],[[[109.11298,-7.61795],[109.11304,-7.61795],[109.11305,-7.61795],[109.11305,-7.61796],[109.11305,-7.61841],[109.11304,-7.61841],[109.11259,-7.61841],[109.11259,-7.61799],[109.11259,-7.61796],[109.11259,-7.61795],[109.11298,-7.61795]]],[[[109.11259,-7.6166],[109.1126,-7.6166],[109.1126,-7.61705],[109.11259,-7.61705],[109.11215,-7.61705],[109.11214,-7.61705],[109.11169,-7.61705],[109.11169,-7.6166],[109.11169,-7.61659],[109.11169,-7.61614],[109.11214,-7.61614],[109.11215,-7.61614],[109.11215,-7.61659],[109.11215,-7.6166],[109.11259,-7.6166]]],[[[109.11262,-7.61163],[109.11262,-7.61118],[109.11308,-7.61118],[109.11308,-7.61163],[109.11262,-7.61163]]],[[[109.11309,-7.60666],[109.11354,-7.60666],[109.11355,-7.60666],[109.11399,-7.60666],[109.114,-7.60666],[109.114,-7.60621],[109.11445,-7.60621],[109.11445,-7.60576],[109.11446,-7.60576],[109.11446,-7.60531],[109.11401,-7.60531],[109.114,-7.60531],[109.11355,-7.60531],[109.11355,-7.60486],[109.11355,-7.60485],[109.11401,-7.60485],[109.11401,-7.60486],[109.11446,-7.60486],[109.11446,-7.60441],[109.11491,-7.60441],[109.11491,-7.60486],[109.11491,-7.60531],[109.11491,-7.60576],[109.11491,-7.60577],[109.11491,-7.60622],[109.11446,-7.60622],[109.11446,-7.60667],[109.11445,-7.60667],[109.11445,-7.60712],[109.114,-7.60712],[109.114,-7.60757],[109.11354,-7.60757],[109.11354,-7.60712],[109.11354,-7.60711],[109.11309,-7.60711],[109.11309,-7.60666]]],[[[109.11241,-7.59762],[109.1124,-7.59741],[109.11222,-7.59744],[109.11222,-7.59717],[109.11248,-7.59717],[109.11268,-7.59717],[109.11268,-7.59762],[109.11247,-7.59762],[109.11246,-7.59762],[109.11241,-7.59762]]],[[[109.11133,-7.59626],[109.11133,-7.59581],[109.11179,-7.59581],[109.11179,-7.59626],[109.11133,-7.59626]]],[[[109.11269,-7.59446],[109.11314,-7.59446],[109.11359,-7.59446],[109.11359,-7.59401],[109.11405,-7.59401],[109.1145,-7.59401],[109.11451,-7.59401],[109.11496,-7.59401],[109.11496,-7.59447],[109.11451,-7.59447],[109.1145,-7.59447],[109.11405,-7.59447],[109.11405,-7.59491],[109.11405,-7.59492],[109.11405,-7.59537],[109.1145,-7.59537],[109.1145,-7.59582],[109.11405,-7.59582],[109.11404,-7.59582],[109.11359,-7.59582],[109.11359,-7.59537],[109.11314,-7.59537],[109.11314,-7.59491],[109.11269,-7.59491],[109.11269,-7.59446]]],[[[109.11179,-7.59445],[109.11224,-7.59445],[109.11224,-7.594],[109.11248,-7.594],[109.11269,-7.594],[109.11269,-7.59356],[109.11269,-7.59355],[109.11269,-7.5931],[109.11315,-7.5931],[109.11361,-7.5931],[109.11361,-7.59311],[109.11361,-7.59356],[109.11315,-7.59356],[109.11315,-7.59401],[109.11269,-7.59401],[109.11269,-7.59446],[109.11236,-7.59446],[109.11224,-7.59446],[109.11224,-7.59491],[109.11179,-7.59491],[109.11179,-7.59445]]],[[[109.1132,-7.58181],[109.11275,-7.58181],[109.11275,-7.58135],[109.1132,-7.58135],[109.11321,-7.58135],[109.11321,-7.58181],[109.1132,-7.58181]]],[[[109.11514,-7.65502],[109.11514,-7.65457],[109.1156,-7.65457],[109.1156,-7.65502],[109.11514,-7.65502]]],[[[109.11515,-7.65276],[109.11515,-7.65231],[109.11561,-7.65231],[109.11561,-7.65276],[109.11515,-7.65276]]],[[[109.11453,-7.65041],[109.11426,-7.65041],[109.11426,-7.65005],[109.11426,-7.65004],[109.11471,-7.65004],[109.11471,-7.6496],[109.11426,-7.6496],[109.11426,-7.64959],[109.11426,-7.64914],[109.11472,-7.64914],[109.11472,-7.64959],[109.11517,-7.64959],[109.11517,-7.6496],[109.11517,-7.65005],[109.11562,-7.65005],[109.11562,-7.6505],[109.11562,-7.65095],[109.11607,-7.65095],[109.11607,-7.65051],[109.11607,-7.6505],[109.11607,-7.65005],[109.11652,-7.65005],[109.11698,-7.65005],[109.11698,-7.65006],[109.11698,-7.65051],[109.11742,-7.65051],[109.11743,-7.65051],[109.11788,-7.65051],[109.11788,-7.65006],[109.11743,-7.65006],[109.11743,-7.64961],[109.11698,-7.64961],[109.11652,-7.64961],[109.11652,-7.6496],[109.11652,-7.64915],[109.11608,-7.64915],[109.11608,-7.6496],[109.11562,-7.6496],[109.11562,-7.64915],[109.11607,-7.64915],[109.11607,-7.6487],[109.11607,-7.64825],[109.11562,-7.64825],[109.11562,-7.64824],[109.11517,-7.64824],[109.11517,-7.64779],[109.11517,-7.64734],[109.11473,-7.64734],[109.11472,-7.64734],[109.11427,-7.64734],[109.11427,-7.64703],[109.11427,-7.64688],[109.11427,-7.64643],[109.11473,-7.64643],[109.11473,-7.64678],[109.11473,-7.64679],[109.11473,-7.64688],[109.11518,-7.64688],[109.11518,-7.6468],[109.11518,-7.64679],[109.11518,-7.64644],[109.11518,-7.64643],[109.11518,-7.64598],[109.11518,-7.64553],[109.11564,-7.64553],[109.11564,-7.64508],[109.11609,-7.64508],[109.1161,-7.64508],[109.11655,-7.64508],[109.11655,-7.64553],[109.11655,-7.64554],[109.11655,-7.64599],[109.11609,-7.64599],[109.11609,-7.64644],[109.11654,-7.64644],[109.11655,-7.64644],[109.117,-7.64644],[109.117,-7.64599],[109.11745,-7.64599],[109.11746,-7.64599],[109.11746,-7.64644],[109.1179,-7.64644],[109.11791,-7.64644],[109.11791,-7.6469],[109.11835,-7.6469],[109.11836,-7.6469],[109.11836,-7.64735],[109.1188,-7.64735],[109.1188,-7.6469],[109.11903,-7.6469],[109.11926,-7.64723],[109.11926,-7.64735],[109.11934,-7.64735],[109.11965,-7.64781],[109.11925,-7.64781],[109.11925,-7.64736],[109.11881,-7.64736],[109.11881,-7.6478],[109.11881,-7.64781],[109.1188,-7.64781],[109.11835,-7.64781],[109.11835,-7.6478],[109.1179,-7.6478],[109.1179,-7.64825],[109.11834,-7.64825],[109.11835,-7.64825],[109.1188,-7.64825],[109.1188,-7.64826],[109.11925,-7.64826],[109.11926,-7.64826],[109.11926,-7.64871],[109.11925,-7.64871],[109.11925,-7.64916],[109.1197,-7.64916],[109.1197,-7.64871],[109.12016,-7.64871],[109.12016,-7.64916],[109.12016,-7.64917],[109.12016,-7.64962],[109.1206,-7.64962],[109.1206,-7.64917],[109.12061,-7.64917],[109.12087,-7.64917],[109.12106,-7.64936],[109.12106,-7.64962],[109.12061,-7.64962],[109.12061,-7.65007],[109.12105,-7.65007],[109.12106,-7.65007],[109.1215,-7.65007],[109.1215,-7.6498],[109.12151,-7.6498],[109.12178,-7.65008],[109.12151,-7.65008],[109.12151,-7.65053],[109.12106,-7.65053],[109.12106,-7.65098],[109.12151,-7.65098],[109.12151,-7.65143],[109.12105,-7.65143],[109.12105,-7.65098],[109.1206,-7.65098],[109.1206,-7.65053],[109.1206,-7.65052],[109.12015,-7.65052],[109.12015,-7.65097],[109.1197,-7.65097],[109.11969,-7.65097],[109.11969,-7.65142],[109.12014,-7.65142],[109.12014,-7.65188],[109.11969,-7.65188],[109.11969,-7.65233],[109.11953,-7.65233],[109.11923,-7.65233],[109.11923,-7.65188],[109.11923,-7.65187],[109.11879,-7.65187],[109.11878,-7.65187],[109.11833,-7.65187],[109.11833,-7.65232],[109.11787,-7.65232],[109.11742,-7.65232],[109.11742,-7.65187],[109.11697,-7.65187],[109.11697,-7.65186],[109.11652,-7.65186],[109.11652,-7.65231],[109.11697,-7.65231],[109.11697,-7.65277],[109.11651,-7.65277],[109.11651,-7.65231],[109.11606,-7.65231],[109.11606,-7.65186],[109.11561,-7.65186],[109.11561,-7.65141],[109.11516,-7.65141],[109.11516,-7.65096],[109.11516,-7.65095],[109.11516,-7.6505],[109.11516,-7.65005],[109.11472,-7.65005],[109.11472,-7.6505],[109.11453,-7.6505],[109.11453,-7.65041]],[[109.11564,-7.64598],[109.11609,-7.64598],[109.11609,-7.64554],[109.11609,-7.64553],[109.11564,-7.64553],[109.11564,-7.64598]],[[109.117,-7.64689],[109.11745,-7.64689],[109.11745,-7.64644],[109.117,-7.64644],[109.117,-7.64689]],[[109.12015,-7.65007],[109.1197,-7.65007],[109.1197,-7.65052],[109.12015,-7.65052],[109.12015,-7.65007]],[[109.11652,-7.65096],[109.11607,-7.65096],[109.11607,-7.65141],[109.11652,-7.65141],[109.11652,-7.65096]],[[109.11697,-7.65096],[109.11697,-7.65051],[109.11652,-7.65051],[109.11652,-7.65096],[109.11697,-7.65096]],[[109.11745,-7.6478],[109.11789,-7.6478],[109.11789,-7.64735],[109.1179,-7.64735],[109.1179,-7.6469],[109.11745,-7.6469],[109.11745,-7.64734],[109.11745,-7.64735],[109.11745,-7.6478]],[[109.11698,-7.6481],[109.11698,-7.6478],[109.11654,-7.6478],[109.11654,-7.64791],[109.11654,-7.64825],[109.11698,-7.64825],[109.11698,-7.6481]],[[109.11879,-7.64961],[109.11834,-7.64961],[109.11834,-7.65006],[109.11879,-7.65006],[109.11879,-7.64962],[109.11879,-7.64961]]],[[[109.11517,-7.64915],[109.11516,-7.64915],[109.11516,-7.64869],[109.11517,-7.64869],[109.11562,-7.64869],[109.11562,-7.64915],[109.11517,-7.64915]]],[[[109.11365,-7.64417],[109.11374,-7.64417],[109.11384,-7.64417],[109.11384,-7.64446],[109.11384,-7.64462],[109.1138,-7.64462],[109.11338,-7.64462],[109.11338,-7.64417],[109.11365,-7.64417]]],[[[109.1152,-7.64327],[109.1152,-7.64282],[109.11565,-7.64282],[109.11565,-7.64327],[109.1152,-7.64327]]],[[[109.11568,-7.63469],[109.11568,-7.63424],[109.11568,-7.63378],[109.11614,-7.63378],[109.11614,-7.63424],[109.11614,-7.63469],[109.11614,-7.63514],[109.11569,-7.63514],[109.11569,-7.63559],[109.11568,-7.63559],[109.11532,-7.63559],[109.11532,-7.63541],[109.11523,-7.63541],[109.11523,-7.63514],[109.11568,-7.63514],[109.11568,-7.63469]]],[[[109.11524,-7.63197],[109.1157,-7.63197],[109.1157,-7.63243],[109.1157,-7.63288],[109.11524,-7.63288],[109.11524,-7.63243],[109.11524,-7.63197]]],[[[109.11528,-7.62384],[109.11528,-7.62339],[109.11574,-7.62339],[109.11574,-7.62384],[109.11528,-7.62384]]],[[[109.11437,-7.62384],[109.11437,-7.62339],[109.11437,-7.62338],[109.11483,-7.62338],[109.11483,-7.62339],[109.11483,-7.62384],[109.11437,-7.62384]]],[[[109.1144,-7.61751],[109.1144,-7.61706],[109.11486,-7.61706],[109.11486,-7.61751],[109.11486,-7.61779],[109.11486,-7.61796],[109.11486,-7.61797],[109.11485,-7.61797],[109.11485,-7.61842],[109.1144,-7.61842],[109.1144,-7.61886],[109.1144,-7.61887],[109.1144,-7.61932],[109.11439,-7.61932],[109.11394,-7.61932],[109.11394,-7.61887],[109.11349,-7.61887],[109.11349,-7.61886],[109.11349,-7.61841],[109.11394,-7.61841],[109.11394,-7.61796],[109.11394,-7.61786],[109.11394,-7.61751],[109.11395,-7.61751],[109.1144,-7.61751]]],[[[109.11531,-7.61661],[109.11531,-7.61616],[109.11576,-7.61616],[109.11577,-7.61616],[109.11622,-7.61616],[109.11622,-7.61661],[109.11622,-7.61662],[109.11577,-7.61662],[109.11577,-7.61706],[109.11577,-7.61707],[109.11577,-7.61752],[109.11622,-7.61752],[109.11622,-7.61765],[109.11622,-7.61797],[109.11576,-7.61797],[109.1153,-7.61797],[109.1153,-7.61775],[109.1153,-7.61752],[109.1153,-7.61751],[109.11531,-7.61751],[109.11531,-7.61707],[109.11531,-7.61706],[109.11486,-7.61706],[109.11486,-7.61661],[109.11531,-7.61661]]],[[[109.11397,-7.6148],[109.11351,-7.6148],[109.11351,-7.61434],[109.11397,-7.61434],[109.11397,-7.6148]]],[[[109.11536,-7.60622],[109.11536,-7.60577],[109.11536,-7.60532],[109.11536,-7.60531],[109.11536,-7.60486],[109.11581,-7.60486],[109.11581,-7.60441],[109.11582,-7.60441],[109.11582,-7.60396],[109.11537,-7.60396],[109.11537,-7.60441],[109.11491,-7.60441],[109.11491,-7.60396],[109.11536,-7.60396],[109.11536,-7.60351],[109.11537,-7.60351],[109.11537,-7.60306],[109.11537,-7.60305],[109.11537,-7.6026],[109.11583,-7.6026],[109.11583,-7.60215],[109.11627,-7.60215],[109.11629,-7.60215],[109.11629,-7.60216],[109.11631,-7.60216],[109.11673,-7.60216],[109.11674,-7.60216],[109.11719,-7.60216],[109.11719,-7.60171],[109.11765,-7.60171],[109.11765,-7.60216],[109.11765,-7.60261],[109.11722,-7.60261],[109.11719,-7.60261],[109.11674,-7.60261],[109.11674,-7.60306],[109.11719,-7.60306],[109.11719,-7.60351],[109.11719,-7.60352],[109.11718,-7.60352],[109.11718,-7.60396],[109.11718,-7.60397],[109.11764,-7.60397],[109.11764,-7.60442],[109.11763,-7.60442],[109.11763,-7.60487],[109.11763,-7.60532],[109.11763,-7.60533],[109.11763,-7.60578],[109.11808,-7.60578],[109.11808,-7.60623],[109.11762,-7.60623],[109.11762,-7.60668],[109.11807,-7.60668],[109.11807,-7.60713],[109.11807,-7.60758],[109.11807,-7.60759],[109.11807,-7.60804],[109.11807,-7.60849],[109.11852,-7.60849],[109.11852,-7.60894],[109.11852,-7.60939],[109.11852,-7.6094],[109.11851,-7.6094],[109.11806,-7.6094],[109.11806,-7.60939],[109.11806,-7.60894],[109.11806,-7.60849],[109.11761,-7.60849],[109.11761,-7.60804],[109.11761,-7.60759],[109.11761,-7.60758],[109.11716,-7.60758],[109.11716,-7.60713],[109.11716,-7.60668],[109.11716,-7.60623],[109.11716,-7.60578],[109.11671,-7.60578],[109.11671,-7.60577],[109.11671,-7.60532],[109.11672,-7.60532],[109.11672,-7.60487],[109.11672,-7.60442],[109.11628,-7.60442],[109.11627,-7.60442],[109.11627,-7.60486],[109.11627,-7.60487],[109.11627,-7.60532],[109.11627,-7.60577],[109.11627,-7.60622],[109.11627,-7.60667],[109.11627,-7.60713],[109.11626,-7.60713],[109.11581,-7.60713],[109.11581,-7.60712],[109.11567,-7.60712],[109.11559,-7.60712],[109.11536,-7.60712],[109.11536,-7.60667],[109.11536,-7.60622]]],[[[109.11448,-7.59989],[109.11456,-7.59989],[109.11454,-7.60034],[109.11448,-7.60034],[109.11448,-7.59989]]],[[[109.11494,-7.59989],[109.11494,-7.6],[109.11488,-7.59989],[109.11494,-7.59989]]],[[[109.1154,-7.59853],[109.1154,-7.59854],[109.11584,-7.59854],[109.11585,-7.59854],[109.11585,-7.59899],[109.11584,-7.59899],[109.1154,-7.59899],[109.11539,-7.59899],[109.11494,-7.59899],[109.11494,-7.59944],[109.11465,-7.59944],[109.11459,-7.59933],[109.11458,-7.59944],[109.11448,-7.59944],[109.11448,-7.59899],[109.11448,-7.59898],[109.11494,-7.59898],[109.11494,-7.59854],[109.11494,-7.59853],[109.11494,-7.59808],[109.11539,-7.59808],[109.1154,-7.59808],[109.1154,-7.59853]]],[[[109.1154,-7.59492],[109.11586,-7.59492],[109.11586,-7.59537],[109.11586,-7.59538],[109.11631,-7.59538],[109.11676,-7.59538],[109.11677,-7.59538],[109.11722,-7.59538],[109.11722,-7.59583],[109.11722,-7.59628],[109.11767,-7.59628],[109.11767,-7.59584],[109.11767,-7.59583],[109.11813,-7.59583],[109.11813,-7.59584],[109.11813,-7.59629],[109.11812,-7.59629],[109.11812,-7.59674],[109.11767,-7.59674],[109.11766,-7.59674],[109.11722,-7.59674],[109.11721,-7.59674],[109.11676,-7.59674],[109.11676,-7.59629],[109.11676,-7.59628],[109.1163,-7.59628],[109.1163,-7.59583],[109.11586,-7.59583],[109.11585,-7.59583],[109.11541,-7.59583],[109.1154,-7.59583],[109.1154,-7.59628],[109.1154,-7.59673],[109.1154,-7.59718],[109.1154,-7.59763],[109.11494,-7.59763],[109.11494,-7.59718],[109.11449,-7.59718],[109.11449,-7.59673],[109.11449,-7.59672],[109.11449,-7.59627],[109.11494,-7.59627],[109.11494,-7.59582],[109.11495,-7.59582],[109.11495,-7.59537],[109.1154,-7.59537],[109.1154,-7.59492]]],[[[109.11404,-7.59763],[109.11359,-7.59763],[109.11359,-7.59717],[109.11404,-7.59717],[109.11404,-7.59763]]],[[[109.11451,-7.59311],[109.11405,-7.59311],[109.11405,-7.59266],[109.11451,-7.59266],[109.11451,-7.59311]]],[[[109.11587,-7.59176],[109.11587,-7.59131],[109.11588,-7.59131],[109.11633,-7.59131],[109.11633,-7.59176],[109.11677,-7.59176],[109.11677,-7.59131],[109.11678,-7.59131],[109.11723,-7.59131],[109.11723,-7.59086],[109.11768,-7.59086],[109.11769,-7.59086],[109.11814,-7.59086],[109.11814,-7.59087],[109.11814,-7.59132],[109.11859,-7.59132],[109.11859,-7.59177],[109.11905,-7.59177],[109.11905,-7.59223],[109.11949,-7.59223],[109.11949,-7.59178],[109.11995,-7.59178],[109.11995,-7.59133],[109.11995,-7.59088],[109.11995,-7.59087],[109.12041,-7.59087],[109.12041,-7.59043],[109.11996,-7.59043],[109.11996,-7.59042],[109.11996,-7.58997],[109.12041,-7.58997],[109.12042,-7.58997],[109.12042,-7.59042],[109.12086,-7.59042],[109.12086,-7.58998],[109.12086,-7.58997],[109.12131,-7.58997],[109.12131,-7.58953],[109.12087,-7.58953],[109.12086,-7.58953],[109.12086,-7.58952],[109.12086,-7.58907],[109.12087,-7.58907],[109.12132,-7.58907],[109.12132,-7.58952],[109.12168,-7.58952],[109.12168,-7.58953],[109.12177,-7.58953],[109.12177,-7.58998],[109.12222,-7.58998],[109.1224,-7.58998],[109.12267,-7.58998],[109.12267,-7.58971],[109.12295,-7.58971],[109.12295,-7.58953],[109.12313,-7.58953],[109.12313,-7.58998],[109.12313,-7.58999],[109.12268,-7.58999],[109.12268,-7.59039],[109.12268,-7.59043],[109.12268,-7.59044],[109.12267,-7.59044],[109.12267,-7.59088],[109.12267,-7.59089],[109.12312,-7.59089],[109.12312,-7.59134],[109.12267,-7.59134],[109.12266,-7.59134],[109.12222,-7.59134],[109.12222,-7.59179],[109.12222,-7.59224],[109.12222,-7.59269],[109.12222,-7.59314],[109.12267,-7.59314],[109.12267,-7.59315],[109.12311,-7.59315],[109.12312,-7.59315],[109.12356,-7.59315],[109.12356,-7.5927],[109.12357,-7.5927],[109.12402,-7.5927],[109.12447,-7.5927],[109.12447,-7.59225],[109.12493,-7.59225],[109.12493,-7.5927],[109.12493,-7.59316],[109.12492,-7.59316],[109.12492,-7.59339],[109.12492,-7.59361],[109.12492,-7.59365],[109.12492,-7.59406],[109.12447,-7.59406],[109.12402,-7.59406],[109.12402,-7.59451],[109.12357,-7.59451],[109.12356,-7.59451],[109.12311,-7.59451],[109.12311,-7.59405],[109.12311,-7.5936],[109.12267,-7.5936],[109.12266,-7.5936],[109.12221,-7.5936],[109.12221,-7.59405],[109.12266,-7.59405],[109.12266,-7.5945],[109.12221,-7.5945],[109.12221,-7.59495],[109.12175,-7.59495],[109.12175,-7.5945],[109.12129,-7.5945],[109.12129,-7.59404],[109.12085,-7.59404],[109.12085,-7.59449],[109.12085,-7.59495],[109.12084,-7.59495],[109.12084,-7.5954],[109.12039,-7.5954],[109.12039,-7.59585],[109.11993,-7.59585],[109.11993,-7.59629],[109.11993,-7.5963],[109.11993,-7.59675],[109.11948,-7.59675],[109.11902,-7.59675],[109.11902,-7.59629],[109.11857,-7.59629],[109.11857,-7.59584],[109.11903,-7.59584],[109.11948,-7.59584],[109.11993,-7.59584],[109.11993,-7.5954],[109.11993,-7.59539],[109.11948,-7.59539],[109.11903,-7.59539],[109.11858,-7.59539],[109.11858,-7.59494],[109.11813,-7.59494],[109.11813,-7.59539],[109.11767,-7.59539],[109.11767,-7.59493],[109.11723,-7.59493],[109.11722,-7.59493],[109.11677,-7.59493],[109.11677,-7.59448],[109.11632,-7.59448],[109.11632,-7.59402],[109.11632,-7.59357],[109.11678,-7.59357],[109.11678,-7.59402],[109.11678,-7.59448],[109.11722,-7.59448],[109.11722,-7.59403],[109.11768,-7.59403],[109.11768,-7.59448],[109.11813,-7.59448],[109.11858,-7.59448],[109.11858,-7.59403],[109.11813,-7.59403],[109.11813,-7.59358],[109.11768,-7.59358],[109.11723,-7.59358],[109.11722,-7.59358],[109.11722,-7.59312],[109.11723,-7.59312],[109.11768,-7.59312],[109.11768,-7.59267],[109.11723,-7.59267],[109.11722,-7.59267],[109.11678,-7.59267],[109.11677,-7.59267],[109.11677,-7.59222],[109.11633,-7.59222],[109.11633,-7.59267],[109.11588,-7.59267],[109.11588,-7.59312],[109.11542,-7.59312],[109.11542,-7.59267],[109.11542,-7.59266],[109.11496,-7.59266],[109.11496,-7.59221],[109.11542,-7.59221],[109.11587,-7.59221],[109.11587,-7.59176]],[[109.11995,-7.59223],[109.1204,-7.59223],[109.1204,-7.59178],[109.11995,-7.59178],[109.11995,-7.59223]],[[109.1222,-7.5945],[109.1222,-7.59405],[109.12176,-7.59405],[109.12175,-7.59405],[109.12175,-7.5945],[109.1222,-7.5945]],[[109.11813,-7.59267],[109.11813,-7.59223],[109.11813,-7.59222],[109.11768,-7.59222],[109.11768,-7.59267],[109.11813,-7.59267]],[[109.12131,-7.59133],[109.12131,-7.59088],[109.12087,-7.59088],[109.12086,-7.59088],[109.12086,-7.59133],[109.12131,-7.59133]],[[109.11948,-7.59449],[109.11903,-7.59449],[109.11903,-7.59494],[109.11948,-7.59494],[109.11948,-7.59449]],[[109.11904,-7.59313],[109.11904,-7.59358],[109.11904,-7.59403],[109.11949,-7.59403],[109.11949,-7.59449],[109.11993,-7.59449],[109.11993,-7.59404],[109.11994,-7.59404],[109.11994,-7.59359],[109.11949,-7.59359],[109.11949,-7.59313],[109.11904,-7.59313]],[[109.11994,-7.59313],[109.11994,-7.59268],[109.1195,-7.59268],[109.11949,-7.59268],[109.11949,-7.59313],[109.11994,-7.59313]],[[109.11813,-7.59268],[109.11813,-7.59312],[109.11813,-7.59313],[109.11858,-7.59313],[109.11903,-7.59313],[109.11903,-7.59268],[109.11859,-7.59268],[109.11858,-7.59268],[109.11813,-7.59268]]],[[[109.11361,-7.59085],[109.11361,-7.5904],[109.11407,-7.5904],[109.11407,-7.59085],[109.11361,-7.59085]]],[[[109.11606,-7.65457],[109.1156,-7.65457],[109.1156,-7.65412],[109.11606,-7.65412],[109.11606,-7.65457]]],[[[109.11787,-7.65322],[109.11787,-7.65367],[109.11787,-7.65368],[109.11787,-7.65413],[109.11741,-7.65413],[109.11741,-7.65367],[109.11742,-7.65367],[109.11742,-7.65322],[109.11787,-7.65322]]],[[[109.11651,-7.65412],[109.11651,-7.65367],[109.11697,-7.65367],[109.11697,-7.65412],[109.11651,-7.65412]]],[[[109.11697,-7.65322],[109.11697,-7.65277],[109.11742,-7.65277],[109.11742,-7.65322],[109.11697,-7.65322]]],[[[109.117,-7.64463],[109.11655,-7.64463],[109.11655,-7.64418],[109.117,-7.64418],[109.11701,-7.64418],[109.11701,-7.64463],[109.117,-7.64463]]],[[[109.11568,-7.6365],[109.11568,-7.63649],[109.11568,-7.63604],[109.11613,-7.63604],[109.11614,-7.63604],[109.11614,-7.63649],[109.11614,-7.6365],[109.11614,-7.63695],[109.11613,-7.63695],[109.11568,-7.63695],[109.11568,-7.6365]]],[[[109.11705,-7.63334],[109.11705,-7.63289],[109.11751,-7.63289],[109.11751,-7.63334],[109.11705,-7.63334]]],[[[109.11707,-7.62792],[109.11707,-7.62746],[109.11753,-7.62746],[109.11753,-7.62792],[109.11707,-7.62792]]],[[[109.1171,-7.6234],[109.11664,-7.6234],[109.11664,-7.62294],[109.1171,-7.62294],[109.1171,-7.6234]]],[[[109.11574,-7.62203],[109.1162,-7.62203],[109.1162,-7.62204],[109.1162,-7.62249],[109.1162,-7.62294],[109.11574,-7.62294],[109.11574,-7.62249],[109.11574,-7.62204],[109.11574,-7.62203]]],[[[109.11711,-7.619],[109.11711,-7.61888],[109.11711,-7.61843],[109.11712,-7.61843],[109.11712,-7.61798],[109.11712,-7.61797],[109.11758,-7.61797],[109.11758,-7.61798],[109.11758,-7.61843],[109.11757,-7.61843],[109.11757,-7.61888],[109.11757,-7.61933],[109.11801,-7.61933],[109.11802,-7.61933],[109.11802,-7.61888],[109.11847,-7.61888],[109.11847,-7.61843],[109.11893,-7.61843],[109.11893,-7.61889],[109.11848,-7.61889],[109.11848,-7.61934],[109.11893,-7.61934],[109.11893,-7.61979],[109.11938,-7.61979],[109.11938,-7.61934],[109.11983,-7.61934],[109.11983,-7.61889],[109.12028,-7.61889],[109.12028,-7.61844],[109.12029,-7.61844],[109.12073,-7.61844],[109.12074,-7.61844],[109.12119,-7.61844],[109.12119,-7.61861],[109.12119,-7.6189],[109.12074,-7.6189],[109.12073,-7.6189],[109.12073,-7.61889],[109.1207,-7.61889],[109.12029,-7.61889],[109.12029,-7.61918],[109.12029,-7.61934],[109.12074,-7.61934],[109.12074,-7.6198],[109.12074,-7.62025],[109.12119,-7.62025],[109.12119,-7.6207],[109.12074,-7.6207],[109.12074,-7.62115],[109.12028,-7.62115],[109.12028,-7.6216],[109.11982,-7.6216],[109.11982,-7.62205],[109.11937,-7.62205],[109.11937,-7.6225],[109.11981,-7.6225],[109.11982,-7.6225],[109.12027,-7.6225],[109.12027,-7.62251],[109.12027,-7.62296],[109.11982,-7.62296],[109.11982,-7.62341],[109.12027,-7.62341],[109.12027,-7.62386],[109.11981,-7.62386],[109.11936,-7.62386],[109.11935,-7.62386],[109.1189,-7.62386],[109.1189,-7.62341],[109.11845,-7.62341],[109.11845,-7.6234],[109.11845,-7.62295],[109.11845,-7.6225],[109.118,-7.6225],[109.118,-7.62205],[109.118,-7.62204],[109.118,-7.62159],[109.11846,-7.62159],[109.11846,-7.62115],[109.11846,-7.62114],[109.11846,-7.62069],[109.11801,-7.62069],[109.11801,-7.62024],[109.11801,-7.61979],[109.11756,-7.61979],[109.11756,-7.61947],[109.11756,-7.61933],[109.11741,-7.61933],[109.11711,-7.61933],[109.11711,-7.619]],[[109.11938,-7.61995],[109.11938,-7.62024],[109.11983,-7.62024],[109.11983,-7.61979],[109.11955,-7.61979],[109.11938,-7.61979],[109.11938,-7.61995]],[[109.12028,-7.6207],[109.11983,-7.6207],[109.11983,-7.62115],[109.12028,-7.62115],[109.12028,-7.6207]],[[109.11982,-7.62115],[109.11937,-7.62115],[109.11937,-7.6216],[109.11982,-7.6216],[109.11982,-7.62115]],[[109.11853,-7.62024],[109.11854,-7.62024],[109.11892,-7.62024],[109.11892,-7.61979],[109.11847,-7.61979],[109.11847,-7.62016],[109.11847,-7.62024],[109.11853,-7.62024]],[[109.11891,-7.6216],[109.11846,-7.6216],[109.11846,-7.62204],[109.11846,-7.62205],[109.11891,-7.62205],[109.11891,-7.6216]],[[109.12028,-7.61934],[109.12006,-7.61934],[109.11984,-7.61934],[109.11984,-7.61954],[109.11984,-7.61979],[109.12028,-7.61979],[109.12028,-7.61934]]],[[[109.11712,-7.61752],[109.11667,-7.61752],[109.11667,-7.61707],[109.11712,-7.61707],[109.11713,-7.61707],[109.11758,-7.61707],[109.11758,-7.61752],[109.11758,-7.61753],[109.11712,-7.61753],[109.11712,-7.61752]]],[[[109.1167,-7.60984],[109.1167,-7.60939],[109.11716,-7.60939],[109.11716,-7.60984],[109.1167,-7.60984]]],[[[109.11675,-7.5999],[109.11674,-7.5999],[109.11674,-7.59945],[109.11675,-7.59945],[109.1172,-7.59945],[109.1172,-7.5999],[109.11675,-7.5999]]],[[[109.11639,-7.57821],[109.11593,-7.57821],[109.11593,-7.57777],[109.11639,-7.57781],[109.11639,-7.57821]]],[[[109.1183,-7.65955],[109.11784,-7.65955],[109.11784,-7.65938],[109.11784,-7.6591],[109.1183,-7.6591],[109.1183,-7.6593],[109.1183,-7.65955]]],[[[109.11966,-7.6573],[109.11967,-7.6573],[109.12012,-7.6573],[109.12012,-7.65775],[109.11967,-7.65775],[109.11966,-7.65775],[109.11921,-7.65775],[109.11921,-7.6573],[109.11966,-7.6573]]],[[[109.12102,-7.6573],[109.12057,-7.6573],[109.12057,-7.65685],[109.12102,-7.65685],[109.12103,-7.65685],[109.12103,-7.6573],[109.12102,-7.6573]]],[[[109.12103,-7.6564],[109.12058,-7.6564],[109.12057,-7.6564],[109.12013,-7.6564],[109.12013,-7.65685],[109.12012,-7.65685],[109.11967,-7.65685],[109.11967,-7.6564],[109.11967,-7.65639],[109.12012,-7.65639],[109.12012,-7.65595],[109.12012,-7.65594],[109.12057,-7.65594],[109.12058,-7.65594],[109.12058,-7.65595],[109.12103,-7.65595],[109.12103,-7.6564]]],[[[109.11877,-7.65504],[109.11832,-7.65504],[109.11832,-7.65503],[109.11786,-7.65503],[109.11786,-7.65458],[109.11832,-7.65458],[109.11832,-7.65413],[109.11877,-7.65413],[109.11878,-7.65413],[109.11922,-7.65413],[109.11923,-7.65413],[109.11967,-7.65413],[109.11967,-7.65369],[109.11967,-7.65368],[109.11967,-7.65332],[109.11967,-7.65323],[109.11968,-7.65323],[109.11968,-7.65278],[109.12013,-7.65278],[109.12013,-7.65233],[109.12014,-7.65233],[109.12014,-7.65188],[109.12059,-7.65188],[109.1206,-7.65188],[109.12105,-7.65188],[109.12105,-7.65233],[109.1206,-7.65233],[109.12059,-7.65233],[109.12059,-7.65278],[109.12104,-7.65278],[109.12104,-7.65324],[109.12059,-7.65324],[109.12058,-7.65324],[109.12013,-7.65324],[109.12013,-7.65368],[109.12059,-7.65368],[109.12059,-7.65369],[109.12104,-7.65369],[109.12104,-7.65414],[109.12059,-7.65414],[109.12058,-7.65414],[109.12021,-7.65414],[109.12013,-7.65414],[109.11968,-7.65414],[109.11968,-7.65459],[109.11923,-7.65459],[109.11923,-7.65503],[109.11923,-7.65504],[109.1195,-7.65504],[109.11967,-7.65504],[109.11968,-7.65504],[109.11968,-7.65549],[109.11968,-7.65594],[109.11967,-7.65594],[109.11922,-7.65594],[109.11922,-7.65551],[109.11922,-7.65549],[109.11877,-7.65549],[109.11877,-7.65504]]],[[[109.11979,-7.63019],[109.11933,-7.63019],[109.11933,-7.62973],[109.11979,-7.62973],[109.11979,-7.63019]]],[[[109.12026,-7.62657],[109.12025,-7.62657],[109.1198,-7.62657],[109.1198,-7.62612],[109.12025,-7.62612],[109.12026,-7.62612],[109.12026,-7.62657]]],[[[109.12026,-7.62522],[109.12071,-7.62522],[109.12071,-7.62567],[109.12026,-7.62567],[109.12025,-7.62567],[109.1198,-7.62567],[109.1198,-7.62522],[109.12025,-7.62522],[109.12026,-7.62522]]],[[[109.11894,-7.61753],[109.11894,-7.61798],[109.11893,-7.61798],[109.11848,-7.61798],[109.11848,-7.61753],[109.11848,-7.61708],[109.11893,-7.61708],[109.11894,-7.61708],[109.11894,-7.61753]]],[[[109.11939,-7.61663],[109.11893,-7.61663],[109.11893,-7.61618],[109.11893,-7.61617],[109.11939,-7.61617],[109.11939,-7.61618],[109.11939,-7.61663]]],[[[109.11939,-7.61482],[109.11939,-7.61437],[109.11985,-7.61437],[109.11985,-7.61482],[109.11985,-7.61527],[109.11985,-7.61528],[109.11939,-7.61528],[109.11939,-7.61527],[109.11939,-7.61482]]],[[[109.1194,-7.61392],[109.1194,-7.61347],[109.11986,-7.61347],[109.11986,-7.61392],[109.1194,-7.61392]]],[[[109.12032,-7.61257],[109.12031,-7.61257],[109.11986,-7.61257],[109.11986,-7.61211],[109.12031,-7.61211],[109.12032,-7.61211],[109.12069,-7.61211],[109.12072,-7.61211],[109.12077,-7.61218],[109.12077,-7.61224],[109.12077,-7.61257],[109.12032,-7.61257]]],[[[109.11987,-7.61166],[109.11941,-7.61166],[109.11941,-7.61121],[109.11987,-7.61121],[109.11987,-7.61166]]],[[[109.11942,-7.61076],[109.11941,-7.61076],[109.11941,-7.6103],[109.11942,-7.6103],[109.11987,-7.6103],[109.11987,-7.61076],[109.11942,-7.61076]]],[[[109.11852,-7.61075],[109.11851,-7.61075],[109.11806,-7.61075],[109.11806,-7.6103],[109.11851,-7.6103],[109.11852,-7.6103],[109.11897,-7.6103],[109.11897,-7.61075],[109.11852,-7.61075]]],[[[109.11987,-7.60985],[109.11981,-7.60985],[109.11942,-7.60985],[109.11941,-7.60985],[109.11897,-7.60985],[109.11896,-7.60985],[109.11896,-7.60962],[109.11896,-7.60954],[109.11896,-7.6094],[109.11897,-7.6094],[109.11941,-7.6094],[109.11942,-7.6094],[109.11978,-7.6094],[109.11979,-7.6094],[109.11987,-7.60979],[109.11987,-7.60985]]],[[[109.11946,-7.59901],[109.11946,-7.59856],[109.11946,-7.59855],[109.11992,-7.59855],[109.11992,-7.59856],[109.11992,-7.59901],[109.11946,-7.59901]]],[[[109.11765,-7.59809],[109.11766,-7.59809],[109.11766,-7.59764],[109.11812,-7.59764],[109.11812,-7.5981],[109.11811,-7.5981],[109.11811,-7.59855],[109.11765,-7.59855],[109.11765,-7.5981],[109.11765,-7.59809]]],[[[109.11993,-7.59765],[109.11947,-7.59765],[109.11947,-7.5972],[109.11993,-7.5972],[109.11993,-7.59765]]],[[[109.11904,-7.59132],[109.11859,-7.59132],[109.11859,-7.59087],[109.11904,-7.59087],[109.11905,-7.59087],[109.1195,-7.59087],[109.1195,-7.59132],[109.1195,-7.59133],[109.11904,-7.59133],[109.11904,-7.59132]]],[[[109.11769,-7.58996],[109.11769,-7.58951],[109.11815,-7.58951],[109.11815,-7.58996],[109.11815,-7.59041],[109.11815,-7.59042],[109.11769,-7.59042],[109.11769,-7.59041],[109.11769,-7.58996]]],[[[109.1186,-7.58997],[109.1186,-7.58951],[109.11906,-7.58951],[109.11906,-7.58997],[109.1186,-7.58997]]],[[[109.11815,-7.58861],[109.11816,-7.58861],[109.11861,-7.58861],[109.11861,-7.58906],[109.11816,-7.58906],[109.11815,-7.58906],[109.1177,-7.58906],[109.1177,-7.58861],[109.11815,-7.58861]]],[[[109.11952,-7.58861],[109.11951,-7.58861],[109.11906,-7.58861],[109.11906,-7.58816],[109.11951,-7.58816],[109.11952,-7.58816],[109.11952,-7.58861]]],[[[109.11774,-7.57822],[109.11774,-7.57821],[109.11774,-7.57796],[109.11819,-7.57804],[109.11819,-7.57803],[109.11823,-7.57804],[109.11865,-7.57808],[109.11865,-7.57822],[109.1182,-7.57822],[109.11819,-7.57822],[109.11774,-7.57822]]],[[[109.12327,-7.66228],[109.12372,-7.66228],[109.12372,-7.6625],[109.12327,-7.66234],[109.12327,-7.66235],[109.12308,-7.66228],[109.12326,-7.66228],[109.12327,-7.66228]]],[[[109.12509,-7.65913],[109.12509,-7.65958],[109.12464,-7.65958],[109.12464,-7.66003],[109.12418,-7.66003],[109.12418,-7.65958],[109.12463,-7.65958],[109.12463,-7.65913],[109.12418,-7.65913],[109.12418,-7.65867],[109.12464,-7.65867],[109.12464,-7.65822],[109.1251,-7.65822],[109.1251,-7.65868],[109.12464,-7.65868],[109.12464,-7.65913],[109.12509,-7.65913]]],[[[109.12419,-7.65777],[109.12373,-7.65777],[109.12373,-7.65732],[109.12419,-7.65732],[109.12419,-7.65777]]],[[[109.12465,-7.65642],[109.1242,-7.65642],[109.1242,-7.65641],[109.12374,-7.65641],[109.12374,-7.65596],[109.1233,-7.65596],[109.1233,-7.65641],[109.12284,-7.65641],[109.12239,-7.65641],[109.12238,-7.65641],[109.12193,-7.65641],[109.12193,-7.65686],[109.12148,-7.65686],[109.12147,-7.65686],[109.12147,-7.65641],[109.12147,-7.6564],[109.12147,-7.65595],[109.12148,-7.65595],[109.12193,-7.65595],[109.12193,-7.6555],[109.12239,-7.6555],[109.12239,-7.65595],[109.12284,-7.65595],[109.12284,-7.65596],[109.12329,-7.65596],[109.12329,-7.65551],[109.12284,-7.65551],[109.12284,-7.65506],[109.12284,-7.65505],[109.12239,-7.65505],[109.12239,-7.6546],[109.12239,-7.65415],[109.12285,-7.65415],[109.12285,-7.6546],[109.1233,-7.6546],[109.1233,-7.65505],[109.1233,-7.65506],[109.1233,-7.65551],[109.12375,-7.65551],[109.12375,-7.65506],[109.1242,-7.65506],[109.1242,-7.65461],[109.12375,-7.65461],[109.12375,-7.65415],[109.12421,-7.65415],[109.12421,-7.6537],[109.12376,-7.6537],[109.12376,-7.65325],[109.12331,-7.65325],[109.12331,-7.6537],[109.12285,-7.6537],[109.12285,-7.65325],[109.1224,-7.65325],[109.1224,-7.65324],[109.12195,-7.65324],[109.12195,-7.65279],[109.12149,-7.65279],[109.12149,-7.65234],[109.12195,-7.65234],[109.12195,-7.65189],[109.1224,-7.65189],[109.12241,-7.65189],[109.12286,-7.65189],[109.12331,-7.65189],[109.12331,-7.65165],[109.12354,-7.65189],[109.12376,-7.65213],[109.12376,-7.65235],[109.12331,-7.65235],[109.12331,-7.65279],[109.12376,-7.65279],[109.12376,-7.6528],[109.12421,-7.6528],[109.12436,-7.6528],[109.12466,-7.65315],[109.12467,-7.65315],[109.12467,-7.65325],[109.12476,-7.65325],[109.12487,-7.65338],[109.12501,-7.65371],[109.12467,-7.65371],[109.12467,-7.65416],[109.12466,-7.65416],[109.12421,-7.65416],[109.12421,-7.65461],[109.12466,-7.65461],[109.12466,-7.65506],[109.12511,-7.65506],[109.12511,-7.65461],[109.12511,-7.65416],[109.12511,-7.65396],[109.12512,-7.65396],[109.1252,-7.65416],[109.1254,-7.65461],[109.12539,-7.65461],[109.12541,-7.65465],[109.12549,-7.65506],[109.12549,-7.65507],[109.12512,-7.65507],[109.12512,-7.65551],[109.12556,-7.65551],[109.12556,-7.6554],[109.12558,-7.65552],[109.12559,-7.65557],[109.12565,-7.6558],[109.12566,-7.65584],[109.12568,-7.65597],[109.12574,-7.65642],[109.1258,-7.65687],[109.12555,-7.65687],[109.12555,-7.65642],[109.12511,-7.65642],[109.12511,-7.65687],[109.12465,-7.65687],[109.12465,-7.65642]],[[109.12466,-7.6537],[109.12466,-7.65325],[109.12421,-7.65325],[109.12421,-7.6537],[109.12466,-7.6537]],[[109.12421,-7.65506],[109.12421,-7.65551],[109.12466,-7.65551],[109.12466,-7.65506],[109.12421,-7.65506]],[[109.12466,-7.65596],[109.12511,-7.65596],[109.12511,-7.65552],[109.12466,-7.65552],[109.12466,-7.65596]],[[109.12241,-7.65279],[109.12285,-7.65279],[109.12286,-7.65279],[109.12286,-7.65234],[109.12241,-7.65234],[109.12241,-7.65279]]],[[[109.12148,-7.65459],[109.12148,-7.65414],[109.12194,-7.65414],[109.12194,-7.65459],[109.12194,-7.6546],[109.12194,-7.65505],[109.12149,-7.65505],[109.12148,-7.65505],[109.12103,-7.65505],[109.12103,-7.65459],[109.12148,-7.65459]]],[[[109.12149,-7.65369],[109.12149,-7.65324],[109.12195,-7.65324],[109.12195,-7.65369],[109.12149,-7.65369]]],[[[109.12286,-7.65144],[109.12286,-7.65116],[109.12312,-7.65144],[109.12286,-7.65144]]],[[[109.12196,-7.65144],[109.12196,-7.65098],[109.12241,-7.65098],[109.12241,-7.65144],[109.12196,-7.65144]]],[[[109.12068,-7.63155],[109.12068,-7.63109],[109.12114,-7.63109],[109.12114,-7.63155],[109.12068,-7.63155]]],[[[109.12251,-7.62658],[109.12297,-7.62658],[109.12297,-7.62659],[109.12342,-7.62659],[109.12342,-7.62704],[109.12297,-7.62704],[109.12296,-7.62704],[109.12251,-7.62704],[109.12251,-7.62658]]],[[[109.12615,-7.62524],[109.12569,-7.62524],[109.12569,-7.62479],[109.12615,-7.62479],[109.12615,-7.62524]]],[[[109.12725,-7.62389],[109.12713,-7.6241],[109.12706,-7.62419],[109.12706,-7.62419],[109.12695,-7.62434],[109.1266,-7.62434],[109.12614,-7.62434],[109.12614,-7.62389],[109.1266,-7.62389],[109.1266,-7.62344],[109.12706,-7.62344],[109.12706,-7.62389],[109.12725,-7.62389]]],[[[109.12207,-7.62387],[109.12207,-7.62342],[109.12253,-7.62342],[109.12253,-7.62387],[109.12207,-7.62387]]],[[[109.1257,-7.62343],[109.12524,-7.62343],[109.12524,-7.62298],[109.1257,-7.62298],[109.1257,-7.62343]]],[[[109.12254,-7.62207],[109.12253,-7.62207],[109.12253,-7.62161],[109.12254,-7.62161],[109.12299,-7.62161],[109.12299,-7.62207],[109.12254,-7.62207]]],[[[109.12118,-7.62206],[109.12118,-7.62161],[109.12164,-7.62161],[109.12164,-7.62206],[109.12118,-7.62206]]],[[[109.12617,-7.62118],[109.12616,-7.62118],[109.12571,-7.62118],[109.12571,-7.62073],[109.12571,-7.62072],[109.12571,-7.62027],[109.12617,-7.62027],[109.12617,-7.62072],[109.12662,-7.62072],[109.12662,-7.62073],[109.12662,-7.62118],[109.12617,-7.62118]]],[[[109.12299,-7.62116],[109.12254,-7.62116],[109.12253,-7.62116],[109.12253,-7.62071],[109.12254,-7.62071],[109.12299,-7.62071],[109.12299,-7.62116]]],[[[109.12752,-7.61937],[109.12752,-7.61892],[109.12708,-7.61892],[109.12707,-7.61892],[109.12707,-7.61847],[109.12663,-7.61847],[109.12663,-7.61892],[109.12618,-7.61892],[109.12617,-7.61892],[109.12573,-7.61892],[109.12572,-7.61892],[109.12572,-7.61937],[109.12526,-7.61937],[109.12526,-7.61891],[109.12481,-7.61891],[109.12481,-7.61846],[109.12527,-7.61846],[109.12527,-7.61801],[109.12572,-7.61801],[109.12573,-7.61801],[109.12573,-7.61846],[109.12617,-7.61846],[109.12617,-7.61802],[109.12617,-7.61801],[109.12617,-7.61799],[109.12617,-7.61756],[109.12618,-7.61756],[109.12662,-7.61756],[109.12663,-7.61756],[109.12708,-7.61756],[109.12708,-7.61711],[109.12663,-7.61711],[109.12663,-7.61666],[109.12618,-7.61666],[109.12618,-7.61711],[109.12573,-7.61711],[109.12572,-7.61711],[109.12527,-7.61711],[109.12527,-7.61665],[109.12572,-7.61665],[109.12572,-7.61621],[109.12572,-7.6162],[109.12618,-7.6162],[109.12621,-7.61621],[109.1262,-7.61621],[109.12664,-7.61637],[109.12664,-7.61666],[109.12709,-7.61666],[109.12709,-7.61711],[109.12754,-7.61711],[109.12754,-7.61757],[109.12798,-7.61757],[109.12799,-7.61757],[109.12808,-7.61767],[109.12827,-7.61802],[109.12828,-7.61804],[109.12836,-7.61817],[109.12844,-7.61844],[109.12845,-7.61848],[109.12858,-7.61889],[109.12858,-7.61893],[109.12857,-7.61938],[109.12843,-7.61938],[109.12843,-7.61893],[109.12799,-7.61893],[109.12798,-7.61893],[109.12798,-7.61938],[109.12753,-7.61938],[109.12753,-7.61982],[109.12753,-7.61983],[109.12797,-7.61983],[109.12798,-7.61983],[109.12843,-7.61983],[109.12843,-7.62028],[109.12854,-7.62028],[109.12852,-7.62074],[109.12851,-7.62074],[109.12843,-7.62074],[109.12842,-7.62074],[109.12842,-7.62028],[109.12798,-7.62028],[109.12797,-7.62028],[109.12753,-7.62028],[109.12753,-7.62073],[109.12707,-7.62073],[109.12707,-7.62028],[109.12662,-7.62028],[109.12662,-7.61983],[109.12662,-7.61982],[109.12662,-7.61937],[109.12707,-7.61937],[109.12708,-7.61937],[109.12752,-7.61937]],[[109.12708,-7.61803],[109.12708,-7.61847],[109.12753,-7.61847],[109.12753,-7.61804],[109.12753,-7.61803],[109.12753,-7.61802],[109.12753,-7.61757],[109.12708,-7.61757],[109.12708,-7.61802],[109.12708,-7.61803]]],[[[109.12437,-7.61846],[109.12392,-7.61846],[109.12391,-7.61846],[109.12346,-7.61846],[109.12346,-7.618],[109.12391,-7.618],[109.12392,-7.618],[109.12437,-7.618],[109.12437,-7.61846]]],[[[109.12211,-7.61754],[109.12211,-7.61755],[109.12165,-7.61755],[109.12165,-7.61754],[109.12165,-7.61709],[109.12211,-7.61709],[109.12211,-7.61754]]],[[[109.12709,-7.61666],[109.12709,-7.61653],[109.12711,-7.61653],[109.12722,-7.61666],[109.12709,-7.61666]]],[[[109.12393,-7.61529],[109.12392,-7.61529],[109.12347,-7.61529],[109.12347,-7.61492],[109.12392,-7.61521],[109.12393,-7.61521],[109.12393,-7.61529]]],[[[109.12173,-7.59947],[109.12128,-7.59947],[109.12128,-7.59901],[109.12173,-7.59901],[109.12174,-7.59901],[109.12174,-7.59947],[109.12173,-7.59947]]],[[[109.12264,-7.59857],[109.12263,-7.59857],[109.12263,-7.59812],[109.12264,-7.59812],[109.12309,-7.59812],[109.12309,-7.59857],[109.12264,-7.59857]]],[[[109.12401,-7.59677],[109.12355,-7.59677],[109.12355,-7.59631],[109.12401,-7.59631],[109.12401,-7.59677]]],[[[109.12174,-7.59631],[109.12174,-7.59585],[109.1222,-7.59585],[109.1222,-7.59631],[109.12174,-7.59631]]],[[[109.12492,-7.59451],[109.12537,-7.59451],[109.12537,-7.59496],[109.12537,-7.59497],[109.12519,-7.59497],[109.12518,-7.59497],[109.12492,-7.59497],[109.12492,-7.59496],[109.12447,-7.59496],[109.12447,-7.59451],[109.12492,-7.59451]]],[[[109.12583,-7.59316],[109.12583,-7.59271],[109.12629,-7.59271],[109.12629,-7.59316],[109.12629,-7.59361],[109.12583,-7.59361],[109.12537,-7.59361],[109.12537,-7.59316],[109.12583,-7.59316]]],[[[109.12312,-7.5927],[109.12267,-7.5927],[109.12266,-7.5927],[109.12266,-7.59224],[109.12266,-7.59179],[109.12267,-7.59179],[109.12312,-7.59179],[109.12312,-7.59224],[109.12312,-7.5927]]],[[[109.12583,-7.59226],[109.12583,-7.5918],[109.12629,-7.5918],[109.12629,-7.59135],[109.12675,-7.59135],[109.12675,-7.59181],[109.12629,-7.59181],[109.12629,-7.59226],[109.12583,-7.59226]]],[[[109.12539,-7.59225],[109.12495,-7.59225],[109.12493,-7.59225],[109.12493,-7.5918],[109.12496,-7.5918],[109.12539,-7.5918],[109.12539,-7.59225]]],[[[109.12357,-7.59225],[109.12356,-7.59225],[109.12356,-7.59179],[109.12357,-7.59179],[109.12402,-7.59179],[109.12402,-7.59225],[109.12357,-7.59225]]],[[[109.12358,-7.59089],[109.12357,-7.59089],[109.12312,-7.59089],[109.12312,-7.5906],[109.12312,-7.59044],[109.12357,-7.59044],[109.12358,-7.59044],[109.12403,-7.59044],[109.12403,-7.59089],[109.1239,-7.59089],[109.12358,-7.59089]]],[[[109.1272,-7.59091],[109.12675,-7.59091],[109.12675,-7.5909],[109.12629,-7.5909],[109.12629,-7.59045],[109.12675,-7.59045],[109.12675,-7.59],[109.1272,-7.59],[109.12721,-7.59],[109.12721,-7.59045],[109.12721,-7.59091],[109.1272,-7.59091]]],[[[109.1254,-7.59045],[109.12494,-7.59045],[109.12494,-7.58999],[109.1254,-7.58999],[109.1254,-7.59045]]],[[[109.12765,-7.58956],[109.12765,-7.58955],[109.12765,-7.5891],[109.12766,-7.5891],[109.12811,-7.5891],[109.12857,-7.5891],[109.12857,-7.58956],[109.12811,-7.58956],[109.12766,-7.58956],[109.12765,-7.58956]]],[[[109.12767,-7.5882],[109.12721,-7.5882],[109.12721,-7.58774],[109.12767,-7.58774],[109.12767,-7.5882]]],[[[109.12495,-7.58728],[109.1245,-7.58728],[109.1245,-7.58683],[109.12495,-7.58683],[109.12495,-7.58728]]],[[[109.12133,-7.58727],[109.12087,-7.58727],[109.12087,-7.58681],[109.12133,-7.58681],[109.12133,-7.58727]]],[[[109.12541,-7.58548],[109.12541,-7.58593],[109.12541,-7.58638],[109.12586,-7.58638],[109.12586,-7.58683],[109.12541,-7.58683],[109.1254,-7.58683],[109.12495,-7.58683],[109.12495,-7.58638],[109.1245,-7.58638],[109.1245,-7.58592],[109.12495,-7.58592],[109.12495,-7.58548],[109.12495,-7.58547],[109.12495,-7.58502],[109.12541,-7.58502],[109.12541,-7.58547],[109.12541,-7.58548]]],[[[109.12269,-7.58682],[109.12223,-7.58682],[109.12223,-7.58637],[109.12262,-7.58637],[109.12269,-7.58637],[109.12269,-7.58662],[109.12269,-7.58682]]],[[[109.12133,-7.58591],[109.12133,-7.58546],[109.12179,-7.58546],[109.12179,-7.58591],[109.12133,-7.58591]]],[[[109.12904,-7.58504],[109.12904,-7.58549],[109.12859,-7.58549],[109.12858,-7.58549],[109.12813,-7.58549],[109.12813,-7.58504],[109.12813,-7.58458],[109.12859,-7.58458],[109.12859,-7.58504],[109.12904,-7.58504]]],[[[109.12768,-7.58549],[109.12722,-7.58549],[109.12722,-7.58503],[109.12768,-7.58503],[109.12768,-7.58549]]],[[[109.12723,-7.58413],[109.12723,-7.58368],[109.12769,-7.58368],[109.12769,-7.58413],[109.12723,-7.58413]]],[[[109.12679,-7.58368],[109.12633,-7.58368],[109.12633,-7.58367],[109.12633,-7.58322],[109.12678,-7.58322],[109.12678,-7.58277],[109.12724,-7.58277],[109.12724,-7.58322],[109.12724,-7.58323],[109.12679,-7.58323],[109.12679,-7.58367],[109.12679,-7.58368]]],[[[109.12587,-7.58277],[109.12588,-7.58277],[109.12588,-7.58232],[109.12588,-7.58231],[109.12633,-7.58231],[109.12634,-7.58231],[109.12634,-7.58232],[109.12634,-7.58277],[109.12633,-7.58277],[109.12633,-7.58322],[109.12587,-7.58322],[109.12587,-7.58277]]],[[[109.13618,-7.60812],[109.13618,-7.60767],[109.13618,-7.60766],[109.13573,-7.60766],[109.13573,-7.60721],[109.13618,-7.60721],[109.13619,-7.60721],[109.13664,-7.60721],[109.13664,-7.60766],[109.13664,-7.60767],[109.13664,-7.60812],[109.13618,-7.60812]]],[[[109.13664,-7.60631],[109.13664,-7.60586],[109.1371,-7.60586],[109.1371,-7.60631],[109.13664,-7.60631]]],[[[109.1341,-7.60404],[109.13399,-7.60359],[109.13439,-7.60359],[109.13439,-7.60404],[109.13411,-7.60404],[109.1341,-7.60404]]],[[[109.13388,-7.60313],[109.13394,-7.60313],[109.13394,-7.60338],[109.13388,-7.60313]]],[[[109.13554,-7.60314],[109.13543,-7.60314],[109.1353,-7.60314],[109.1353,-7.60269],[109.13576,-7.60269],[109.13576,-7.6028],[109.13576,-7.60282],[109.13576,-7.60314],[109.13554,-7.60314]]],[[[109.13486,-7.60043],[109.1344,-7.60043],[109.1344,-7.59998],[109.1344,-7.59997],[109.13486,-7.59997],[109.13486,-7.59953],[109.13441,-7.59953],[109.13441,-7.59952],[109.13441,-7.59907],[109.13486,-7.59907],[109.13487,-7.59907],[109.13531,-7.59907],[109.13531,-7.59863],[109.13531,-7.59862],[109.13487,-7.59862],[109.13486,-7.59862],[109.13442,-7.59862],[109.13441,-7.59862],[109.13396,-7.59862],[109.13396,-7.59817],[109.13351,-7.59817],[109.13351,-7.59816],[109.13306,-7.59816],[109.13306,-7.59771],[109.13261,-7.59771],[109.13261,-7.59726],[109.13306,-7.59726],[109.13307,-7.59726],[109.13307,-7.59771],[109.13351,-7.59771],[109.13352,-7.59771],[109.13396,-7.59771],[109.13397,-7.59771],[109.13441,-7.59771],[109.13442,-7.59771],[109.13442,-7.59816],[109.13442,-7.59817],[109.13486,-7.59817],[109.13486,-7.59772],[109.13531,-7.59772],[109.13532,-7.59772],[109.13532,-7.59727],[109.13487,-7.59727],[109.13487,-7.59682],[109.13487,-7.59681],[109.13487,-7.59636],[109.13442,-7.59636],[109.13396,-7.59636],[109.13396,-7.59591],[109.13397,-7.59591],[109.13397,-7.59545],[109.13442,-7.59545],[109.13442,-7.595],[109.13397,-7.595],[109.13397,-7.59455],[109.13397,-7.5941],[109.13443,-7.5941],[109.13443,-7.59455],[109.13443,-7.595],[109.13488,-7.595],[109.13488,-7.59455],[109.13534,-7.59455],[109.13534,-7.5941],[109.13579,-7.5941],[109.13579,-7.59366],[109.13579,-7.59365],[109.13535,-7.59365],[109.13534,-7.59365],[109.13489,-7.59365],[109.13444,-7.59365],[109.13443,-7.59365],[109.13399,-7.59365],[109.13398,-7.59365],[109.13353,-7.59365],[109.13307,-7.59365],[109.13307,-7.59364],[109.13262,-7.59364],[109.13262,-7.59319],[109.13217,-7.59319],[109.13217,-7.59274],[109.13217,-7.59273],[109.13263,-7.59273],[109.13263,-7.59274],[109.13263,-7.59319],[109.13307,-7.59319],[109.13308,-7.59319],[109.13308,-7.59274],[109.13354,-7.59274],[109.13354,-7.59319],[109.13398,-7.59319],[109.13399,-7.59319],[109.13444,-7.59319],[109.13444,-7.5932],[109.13489,-7.5932],[109.13534,-7.5932],[109.13535,-7.5932],[109.13579,-7.5932],[109.13579,-7.59275],[109.1358,-7.59275],[109.13624,-7.59275],[109.13624,-7.5923],[109.13625,-7.5923],[109.1367,-7.5923],[109.1367,-7.59275],[109.1367,-7.59276],[109.1367,-7.5932],[109.1367,-7.59321],[109.13715,-7.59321],[109.13715,-7.59366],[109.1376,-7.59366],[109.1376,-7.59411],[109.13715,-7.59411],[109.1367,-7.59411],[109.1367,-7.59456],[109.1367,-7.59501],[109.13715,-7.59501],[109.13715,-7.59456],[109.1376,-7.59456],[109.1376,-7.59502],[109.13805,-7.59502],[109.13805,-7.59547],[109.1376,-7.59547],[109.13715,-7.59547],[109.13715,-7.59592],[109.13715,-7.59637],[109.13753,-7.59637],[109.13754,-7.59637],[109.13759,-7.59637],[109.1376,-7.59637],[109.13804,-7.59637],[109.13805,-7.59637],[109.13805,-7.59629],[109.13805,-7.59592],[109.1385,-7.59592],[109.1385,-7.59547],[109.13895,-7.59547],[109.13941,-7.59547],[109.13941,-7.59548],[109.13941,-7.59578],[109.13941,-7.59579],[109.13941,-7.59593],[109.13985,-7.59593],[109.13985,-7.59584],[109.13985,-7.59582],[109.13985,-7.59548],[109.13986,-7.59548],[109.13986,-7.59503],[109.13986,-7.59458],[109.13986,-7.59413],[109.13986,-7.59412],[109.13941,-7.59412],[109.13941,-7.59367],[109.13986,-7.59367],[109.13987,-7.59367],[109.13987,-7.59366],[109.13987,-7.59364],[109.13987,-7.59322],[109.14032,-7.59322],[109.14032,-7.59277],[109.14078,-7.59277],[109.14078,-7.59322],[109.14033,-7.59322],[109.14033,-7.59367],[109.14078,-7.59367],[109.14078,-7.59413],[109.14078,-7.59458],[109.14123,-7.59458],[109.14123,-7.59503],[109.14167,-7.59503],[109.14167,-7.59458],[109.14177,-7.59458],[109.14183,-7.59501],[109.14183,-7.59503],[109.14183,-7.59504],[109.14192,-7.59549],[109.14168,-7.59549],[109.14167,-7.59549],[109.14167,-7.59594],[109.14167,-7.59639],[109.14167,-7.59684],[109.14121,-7.59684],[109.14121,-7.59639],[109.14121,-7.59594],[109.14077,-7.59594],[109.14076,-7.59594],[109.14031,-7.59594],[109.14031,-7.59638],[109.14031,-7.59639],[109.13986,-7.59639],[109.13986,-7.59683],[109.14031,-7.59683],[109.14031,-7.59684],[109.14031,-7.59729],[109.13986,-7.59729],[109.13986,-7.59774],[109.13985,-7.59774],[109.13941,-7.59774],[109.1394,-7.59774],[109.13895,-7.59774],[109.13849,-7.59774],[109.13849,-7.59773],[109.13849,-7.59728],[109.13849,-7.59683],[109.13805,-7.59683],[109.13804,-7.59683],[109.1376,-7.59683],[109.13759,-7.59683],[109.13759,-7.59727],[109.13759,-7.59728],[109.13759,-7.59773],[109.13759,-7.59818],[109.13759,-7.59863],[109.13803,-7.59863],[109.13804,-7.59863],[109.13849,-7.59863],[109.13849,-7.59864],[109.13849,-7.59909],[109.13804,-7.59909],[109.13804,-7.59954],[109.13848,-7.59954],[109.13849,-7.59954],[109.13894,-7.59954],[109.13894,-7.59999],[109.13849,-7.59999],[109.13848,-7.59999],[109.13803,-7.59999],[109.13803,-7.60044],[109.13757,-7.60044],[109.13757,-7.60089],[109.13712,-7.60089],[109.13711,-7.60089],[109.13683,-7.60089],[109.13667,-7.60089],[109.13666,-7.60089],[109.13665,-7.60089],[109.13622,-7.60089],[109.13621,-7.60089],[109.13621,-7.60044],[109.13621,-7.60043],[109.13621,-7.60036],[109.13621,-7.60025],[109.13621,-7.59998],[109.13622,-7.59998],[109.13666,-7.59998],[109.13666,-7.59953],[109.13667,-7.59953],[109.13667,-7.59937],[109.13667,-7.59927],[109.13667,-7.59908],[109.13667,-7.59863],[109.13623,-7.59863],[109.13622,-7.59863],[109.13622,-7.59908],[109.13577,-7.59908],[109.13577,-7.59953],[109.13577,-7.59998],[109.13577,-7.60011],[109.13568,-7.60015],[109.13577,-7.60012],[109.13577,-7.60043],[109.13577,-7.60088],[109.13576,-7.60088],[109.13532,-7.60088],[109.13531,-7.60088],[109.13531,-7.60133],[109.13486,-7.60133],[109.13485,-7.60133],[109.13441,-7.60133],[109.1344,-7.60133],[109.1344,-7.60178],[109.13394,-7.60178],[109.13394,-7.60133],[109.13395,-7.60133],[109.13395,-7.60088],[109.1344,-7.60088],[109.13441,-7.60088],[109.13485,-7.60088],[109.13486,-7.60088],[109.13486,-7.60043]],[[109.13757,-7.59999],[109.13712,-7.59999],[109.13712,-7.60044],[109.13757,-7.60044],[109.13757,-7.59999]],[[109.13668,-7.59637],[109.13669,-7.59637],[109.13669,-7.59592],[109.13624,-7.59592],[109.13624,-7.59636],[109.13624,-7.59637],[109.13668,-7.59637]],[[109.13579,-7.59546],[109.13579,-7.59591],[109.13623,-7.59591],[109.13623,-7.59546],[109.13579,-7.59546]],[[109.13578,-7.59682],[109.13578,-7.59727],[109.13622,-7.59727],[109.13623,-7.59727],[109.13623,-7.59682],[109.13578,-7.59682]],[[109.13579,-7.59501],[109.13579,-7.59456],[109.13534,-7.59456],[109.13534,-7.59501],[109.13534,-7.59546],[109.13578,-7.59546],[109.13578,-7.59501],[109.13579,-7.59501]],[[109.13487,-7.59546],[109.13443,-7.59546],[109.13443,-7.59591],[109.13487,-7.59591],[109.13487,-7.59546]],[[109.13938,-7.59571],[109.13911,-7.59575],[109.13939,-7.59578],[109.13938,-7.59571]],[[109.14032,-7.59458],[109.14032,-7.59503],[109.14032,-7.59548],[109.14076,-7.59548],[109.14077,-7.59548],[109.14121,-7.59548],[109.14122,-7.59548],[109.14122,-7.59503],[109.14077,-7.59503],[109.14077,-7.59458],[109.14032,-7.59458]]],[[[109.1326,-7.60031],[109.13246,-7.60008],[109.13238,-7.59997],[109.13238,-7.59996],[109.1326,-7.59996],[109.1326,-7.59997],[109.1326,-7.60031]]],[[[109.13171,-7.59635],[109.13125,-7.59635],[109.13125,-7.59589],[109.1308,-7.59589],[109.1308,-7.59544],[109.13126,-7.59544],[109.13126,-7.59589],[109.13171,-7.59589],[109.13171,-7.59635]]],[[[109.13216,-7.59545],[109.13171,-7.59545],[109.13171,-7.59499],[109.13216,-7.59499],[109.13216,-7.59545]]],[[[109.13263,-7.59229],[109.13217,-7.59229],[109.13217,-7.59228],[109.13217,-7.59183],[109.13263,-7.59183],[109.13263,-7.59228],[109.13263,-7.59229]]],[[[109.129,-7.59137],[109.129,-7.59091],[109.12856,-7.59091],[109.12855,-7.59091],[109.12855,-7.59046],[109.12856,-7.59046],[109.12901,-7.59046],[109.12901,-7.59091],[109.12946,-7.59091],[109.12946,-7.59137],[109.12991,-7.59137],[109.12991,-7.59182],[109.13036,-7.59182],[109.13036,-7.59228],[109.12991,-7.59228],[109.1299,-7.59228],[109.1299,-7.59182],[109.12946,-7.59182],[109.12945,-7.59182],[109.12945,-7.59137],[109.12901,-7.59137],[109.129,-7.59137]]],[[[109.13671,-7.59185],[109.13625,-7.59185],[109.13625,-7.5914],[109.13671,-7.5914],[109.13671,-7.59185]]],[[[109.13671,-7.59095],[109.13625,-7.59095],[109.13625,-7.59049],[109.13671,-7.59049],[109.13671,-7.59095]]],[[[109.13173,-7.59048],[109.13173,-7.59002],[109.13219,-7.59002],[109.13219,-7.59048],[109.13173,-7.59048]]],[[[109.12946,-7.58956],[109.12947,-7.58956],[109.12947,-7.58911],[109.12947,-7.58866],[109.12993,-7.58866],[109.12993,-7.58911],[109.12993,-7.58956],[109.12992,-7.58956],[109.12992,-7.59001],[109.12946,-7.59001],[109.12946,-7.58956]]],[[[109.13445,-7.58958],[109.134,-7.58958],[109.13399,-7.58958],[109.13399,-7.58913],[109.134,-7.58913],[109.13445,-7.58913],[109.13491,-7.58913],[109.13491,-7.58958],[109.13445,-7.58958]]],[[[109.13446,-7.58687],[109.13446,-7.58642],[109.13446,-7.58597],[109.13447,-7.58597],[109.13447,-7.58552],[109.13401,-7.58552],[109.13401,-7.58551],[109.13401,-7.58506],[109.13357,-7.58506],[109.13312,-7.58506],[109.13312,-7.58551],[109.13266,-7.58551],[109.13221,-7.58551],[109.1322,-7.58551],[109.1322,-7.58596],[109.13174,-7.58596],[109.13174,-7.5855],[109.13129,-7.5855],[109.13129,-7.58505],[109.13084,-7.58505],[109.13084,-7.5846],[109.13085,-7.5846],[109.13085,-7.58414],[109.13131,-7.58414],[109.13131,-7.5846],[109.13176,-7.5846],[109.13176,-7.58505],[109.1322,-7.58505],[109.1322,-7.5846],[109.13246,-7.5846],[109.13266,-7.58475],[109.13266,-7.58474],[109.13271,-7.58478],[109.13266,-7.58462],[109.13265,-7.5846],[109.13266,-7.5846],[109.13266,-7.58415],[109.13266,-7.5837],[109.13236,-7.5837],[109.13221,-7.58325],[109.13221,-7.58324],[109.13221,-7.58279],[109.13207,-7.58279],[109.13205,-7.58274],[109.13194,-7.58259],[109.13194,-7.58258],[109.13194,-7.58257],[109.13193,-7.58257],[109.13193,-7.58256],[109.13193,-7.58255],[109.13185,-7.58258],[109.13176,-7.58258],[109.13176,-7.58234],[109.13177,-7.58234],[109.13177,-7.58189],[109.13184,-7.58189],[109.13193,-7.58189],[109.13222,-7.58189],[109.13223,-7.58189],[109.13267,-7.58189],[109.13267,-7.58144],[109.13312,-7.58144],[109.13313,-7.58144],[109.13357,-7.58144],[109.13358,-7.58144],[109.13403,-7.58144],[109.13403,-7.58099],[109.13449,-7.58099],[109.13449,-7.58145],[109.13403,-7.58145],[109.13403,-7.5819],[109.13448,-7.5819],[109.13448,-7.58235],[109.13493,-7.58235],[109.13539,-7.58235],[109.13539,-7.58236],[109.13584,-7.58236],[109.13629,-7.58236],[109.1363,-7.58236],[109.13674,-7.58236],[109.13674,-7.58191],[109.1372,-7.58191],[109.1372,-7.58236],[109.13766,-7.58236],[109.13766,-7.58282],[109.1381,-7.58282],[109.1381,-7.58237],[109.13811,-7.58237],[109.13811,-7.58192],[109.13811,-7.58147],[109.13811,-7.58146],[109.13766,-7.58146],[109.13766,-7.58101],[109.13766,-7.58056],[109.13766,-7.58011],[109.13811,-7.58011],[109.13812,-7.58011],[109.13812,-7.58056],[109.13812,-7.58101],[109.13856,-7.58101],[109.13857,-7.58101],[109.13862,-7.58101],[109.13857,-7.58138],[109.13857,-7.58139],[109.13856,-7.58147],[109.13856,-7.58147],[109.13853,-7.58161],[109.13855,-7.5816],[109.13856,-7.5816],[109.13857,-7.58159],[109.13857,-7.58192],[109.13902,-7.58192],[109.13902,-7.58237],[109.13946,-7.58237],[109.13946,-7.58192],[109.13946,-7.58147],[109.13947,-7.58147],[109.13992,-7.58147],[109.13992,-7.58192],[109.14036,-7.58192],[109.14037,-7.58192],[109.14082,-7.58192],[109.14082,-7.58193],[109.14082,-7.58238],[109.14037,-7.58238],[109.14036,-7.58238],[109.13992,-7.58238],[109.13992,-7.58283],[109.14037,-7.58283],[109.14037,-7.58328],[109.13992,-7.58328],[109.13992,-7.58373],[109.13946,-7.58373],[109.13946,-7.58328],[109.13901,-7.58328],[109.13901,-7.58373],[109.13856,-7.58373],[109.13856,-7.58418],[109.1381,-7.58418],[109.1381,-7.58373],[109.1381,-7.58372],[109.13787,-7.58372],[109.13777,-7.58372],[109.13765,-7.58372],[109.13765,-7.58417],[109.13719,-7.58417],[109.13674,-7.58417],[109.13673,-7.58417],[109.13629,-7.58417],[109.13629,-7.58462],[109.13583,-7.58462],[109.13538,-7.58462],[109.13538,-7.58507],[109.13493,-7.58507],[109.13493,-7.58462],[109.13493,-7.58461],[109.13448,-7.58461],[109.13447,-7.58461],[109.13403,-7.58461],[109.13403,-7.58506],[109.13447,-7.58506],[109.13447,-7.58551],[109.13493,-7.58551],[109.13493,-7.58552],[109.13493,-7.58597],[109.13492,-7.58597],[109.13492,-7.58642],[109.13492,-7.58687],[109.13537,-7.58687],[109.13537,-7.58732],[109.13537,-7.58733],[109.13537,-7.58778],[109.13537,-7.58823],[109.13537,-7.58868],[109.13582,-7.58868],[109.13582,-7.58914],[109.13536,-7.58914],[109.13536,-7.58868],[109.13491,-7.58868],[109.13491,-7.58823],[109.13491,-7.58778],[109.13491,-7.58733],[109.13491,-7.58732],[109.13491,-7.58687],[109.13446,-7.58687]],[[109.13675,-7.58236],[109.13675,-7.58281],[109.1363,-7.58281],[109.13629,-7.58281],[109.13584,-7.58281],[109.13584,-7.58326],[109.13628,-7.58326],[109.13629,-7.58326],[109.13674,-7.58326],[109.1372,-7.58326],[109.1372,-7.58327],[109.13764,-7.58327],[109.13765,-7.58327],[109.13765,-7.58282],[109.1372,-7.58282],[109.1372,-7.58236],[109.13675,-7.58236]],[[109.13313,-7.5837],[109.13357,-7.5837],[109.13357,-7.58325],[109.13313,-7.58325],[109.13313,-7.5837]],[[109.13447,-7.58371],[109.13403,-7.58371],[109.13403,-7.58415],[109.13403,-7.58416],[109.13447,-7.58416],[109.13448,-7.58416],[109.13493,-7.58416],[109.13493,-7.58371],[109.13448,-7.58371],[109.13447,-7.58371]],[[109.13312,-7.5828],[109.13312,-7.58235],[109.13268,-7.58235],[109.13268,-7.5828],[109.13312,-7.5828]],[[109.13947,-7.58283],[109.13947,-7.58328],[109.13991,-7.58328],[109.13991,-7.58283],[109.13947,-7.58283]]],[[[109.13355,-7.58822],[109.13309,-7.58822],[109.13309,-7.58777],[109.13355,-7.58777],[109.13355,-7.58822]]],[[[109.12947,-7.58821],[109.12947,-7.58775],[109.12993,-7.58775],[109.12993,-7.58821],[109.12947,-7.58821]]],[[[109.13401,-7.58687],[109.13356,-7.58687],[109.13356,-7.58732],[109.1331,-7.58732],[109.1331,-7.58687],[109.1331,-7.58686],[109.13355,-7.58686],[109.13355,-7.58642],[109.13355,-7.58641],[109.13356,-7.58641],[109.13356,-7.58596],[109.13402,-7.58596],[109.13402,-7.58642],[109.13401,-7.58642],[109.13401,-7.58687]]],[[[109.13039,-7.5864],[109.13084,-7.5864],[109.13129,-7.5864],[109.1313,-7.5864],[109.13175,-7.5864],[109.13175,-7.58641],[109.13175,-7.58686],[109.1322,-7.58686],[109.1322,-7.58731],[109.13174,-7.58731],[109.13174,-7.58686],[109.1313,-7.58686],[109.13129,-7.58686],[109.13084,-7.58686],[109.13039,-7.58686],[109.13039,-7.58685],[109.13039,-7.5864]]],[[[109.12948,-7.5873],[109.12948,-7.58685],[109.12994,-7.58685],[109.12994,-7.5873],[109.12948,-7.5873]]],[[[109.13266,-7.58641],[109.1322,-7.58641],[109.1322,-7.58596],[109.13266,-7.58596],[109.13266,-7.58641]]],[[[109.13538,-7.58552],[109.13538,-7.58507],[109.13583,-7.58507],[109.13583,-7.58552],[109.13538,-7.58552]]],[[[109.13176,-7.58408],[109.13185,-7.58415],[109.13176,-7.58415],[109.13176,-7.58408]]],[[[109.12995,-7.58414],[109.12949,-7.58414],[109.12949,-7.58369],[109.12994,-7.58369],[109.12994,-7.58324],[109.1304,-7.58324],[109.1304,-7.58369],[109.12995,-7.58369],[109.12995,-7.58414]]],[[[109.12904,-7.58414],[109.12859,-7.58414],[109.12859,-7.58368],[109.12904,-7.58368],[109.12904,-7.58414]]],[[[109.13041,-7.58188],[109.13041,-7.58233],[109.13041,-7.58234],[109.12995,-7.58234],[109.12995,-7.58233],[109.12995,-7.58188],[109.12995,-7.58143],[109.13041,-7.58143],[109.13041,-7.58188]]],[[[109.13268,-7.58054],[109.13223,-7.58054],[109.13222,-7.58054],[109.13222,-7.58008],[109.13223,-7.58008],[109.13268,-7.58008],[109.13268,-7.58054]]],[[[109.1363,-7.5801],[109.1363,-7.57965],[109.13676,-7.57965],[109.13676,-7.5801],[109.1363,-7.5801]]],[[[109.13631,-7.5792],[109.13586,-7.5792],[109.13586,-7.57874],[109.13631,-7.57874],[109.13632,-7.57874],[109.13632,-7.5792],[109.13631,-7.5792]]],[[[109.13496,-7.57919],[109.1345,-7.57919],[109.1345,-7.57874],[109.13496,-7.57874],[109.13496,-7.57919]]],[[[109.13496,-7.57783],[109.13541,-7.57783],[109.13541,-7.57784],[109.13541,-7.57829],[109.13495,-7.57829],[109.13495,-7.57784],[109.1345,-7.57784],[109.1345,-7.57783],[109.1345,-7.57738],[109.13496,-7.57738],[109.13496,-7.57783]]],[[[109.13178,-7.57828],[109.13178,-7.57782],[109.13224,-7.57782],[109.13224,-7.57828],[109.13178,-7.57828]]],[[[109.1336,-7.57738],[109.13314,-7.57738],[109.13314,-7.57692],[109.1336,-7.57692],[109.1336,-7.57738]]],[[[109.13823,-7.60903],[109.13844,-7.60903],[109.13844,-7.60914],[109.13799,-7.60908],[109.13798,-7.60908],[109.13798,-7.60903],[109.13799,-7.60903],[109.13823,-7.60903]]],[[[109.13807,-7.60812],[109.13845,-7.60812],[109.13845,-7.60858],[109.13799,-7.60858],[109.13797,-7.60858],[109.13788,-7.60858],[109.13754,-7.60858],[109.13753,-7.60858],[109.13753,-7.60812],[109.13754,-7.60812],[109.13754,-7.60767],[109.138,-7.60767],[109.138,-7.60801],[109.138,-7.60812],[109.13807,-7.60812]]],[[[109.13981,-7.60723],[109.13981,-7.60678],[109.14027,-7.60678],[109.14027,-7.60723],[109.13981,-7.60723]]],[[[109.13991,-7.60542],[109.13991,-7.60533],[109.13982,-7.60533],[109.13982,-7.60497],[109.14027,-7.60497],[109.14027,-7.60542],[109.13991,-7.60542]]],[[[109.14073,-7.60497],[109.14027,-7.60497],[109.14027,-7.60452],[109.14073,-7.60452],[109.14073,-7.60497]]],[[[109.14165,-7.60181],[109.14119,-7.60181],[109.14119,-7.60136],[109.14165,-7.60136],[109.14165,-7.60181]]],[[[109.13893,-7.6009],[109.13893,-7.60045],[109.13939,-7.60045],[109.13939,-7.6009],[109.13893,-7.6009]]],[[[109.1412,-7.5991],[109.14076,-7.5991],[109.14075,-7.5991],[109.1403,-7.5991],[109.1403,-7.59864],[109.14075,-7.59864],[109.14076,-7.59864],[109.14076,-7.59865],[109.1412,-7.59865],[109.14121,-7.59865],[109.14121,-7.5991],[109.1412,-7.5991]]],[[[109.14166,-7.5991],[109.14165,-7.5991],[109.14165,-7.59865],[109.14166,-7.59865],[109.14211,-7.59865],[109.14211,-7.5991],[109.14166,-7.5991]]],[[[109.13985,-7.59909],[109.13939,-7.59909],[109.13939,-7.59864],[109.13985,-7.59864],[109.13985,-7.59909]]],[[[109.14225,-7.5973],[109.14224,-7.5973],[109.14211,-7.5973],[109.14211,-7.59685],[109.14211,-7.59684],[109.14218,-7.59684],[109.14218,-7.59685],[109.14225,-7.5973]]],[[[109.13805,-7.59457],[109.13805,-7.59412],[109.13851,-7.59412],[109.13851,-7.59457],[109.13805,-7.59457]]],[[[109.13942,-7.59187],[109.13942,-7.59186],[109.13925,-7.59186],[109.13917,-7.59186],[109.13897,-7.59186],[109.13897,-7.59141],[109.13897,-7.59096],[109.13943,-7.59096],[109.13943,-7.59137],[109.13943,-7.59141],[109.13952,-7.59141],[109.13988,-7.59141],[109.14033,-7.59141],[109.14033,-7.59096],[109.13988,-7.59096],[109.13988,-7.59051],[109.13988,-7.59006],[109.14033,-7.59006],[109.14034,-7.59006],[109.14079,-7.59006],[109.14079,-7.59051],[109.14124,-7.59051],[109.14124,-7.59097],[109.14079,-7.59097],[109.14079,-7.59141],[109.14079,-7.59142],[109.14079,-7.59187],[109.14034,-7.59187],[109.14033,-7.59187],[109.13988,-7.59187],[109.13988,-7.59232],[109.13942,-7.59232],[109.13942,-7.59277],[109.13929,-7.59277],[109.1392,-7.59277],[109.13896,-7.59277],[109.13896,-7.59231],[109.13916,-7.59231],[109.13924,-7.59231],[109.13942,-7.59231],[109.13942,-7.59187]],[[109.14034,-7.59096],[109.14078,-7.59096],[109.14078,-7.59051],[109.14034,-7.59051],[109.14034,-7.59096]]],[[[109.14165,-7.59158],[109.14164,-7.59187],[109.14124,-7.59187],[109.14123,-7.59187],[109.14123,-7.59142],[109.14124,-7.59142],[109.14166,-7.59142],[109.14165,-7.59158]]],[[[109.14169,-7.58961],[109.14175,-7.58961],[109.14173,-7.59007],[109.14169,-7.59007],[109.14169,-7.58961]]],[[[109.13989,-7.5878],[109.13989,-7.58735],[109.14034,-7.58735],[109.14035,-7.58735],[109.14035,-7.5869],[109.14048,-7.5869],[109.14057,-7.5869],[109.14081,-7.5869],[109.14081,-7.58735],[109.1408,-7.58735],[109.1408,-7.5878],[109.1408,-7.58825],[109.1408,-7.5887],[109.1408,-7.58871],[109.14034,-7.58871],[109.14034,-7.5887],[109.13989,-7.5887],[109.13989,-7.58915],[109.13944,-7.58915],[109.13943,-7.58915],[109.13898,-7.58915],[109.13898,-7.5887],[109.13943,-7.5887],[109.13944,-7.5887],[109.13988,-7.5887],[109.13988,-7.58825],[109.13989,-7.58825],[109.13989,-7.58793],[109.13989,-7.58784],[109.13989,-7.5878]]],[[[109.14035,-7.58599],[109.14036,-7.58599],[109.14081,-7.58599],[109.14081,-7.58645],[109.14056,-7.58645],[109.14035,-7.58645],[109.14035,-7.58644],[109.1399,-7.58644],[109.1399,-7.58636],[109.1399,-7.58599],[109.14035,-7.58599]]],[[[109.13899,-7.58599],[109.13945,-7.58599],[109.13945,-7.58626],[109.13945,-7.58636],[109.13945,-7.58644],[109.13899,-7.58644],[109.13899,-7.58624],[109.13899,-7.58614],[109.13899,-7.58599]]],[[[109.14171,-7.586],[109.14209,-7.586],[109.14205,-7.58645],[109.14171,-7.58645],[109.14171,-7.586]]],[[[109.13763,-7.58598],[109.13763,-7.58553],[109.138,-7.58553],[109.13809,-7.58553],[109.13809,-7.58574],[109.13809,-7.58598],[109.13763,-7.58598]]],[[[109.14217,-7.5851],[109.14217,-7.58464],[109.14222,-7.58464],[109.1422,-7.58479],[109.14217,-7.5851]]],[[[109.14082,-7.58373],[109.14082,-7.58419],[109.14037,-7.58419],[109.14037,-7.58464],[109.13991,-7.58464],[109.13991,-7.58418],[109.14036,-7.58418],[109.14036,-7.58373],[109.14082,-7.58373]]],[[[109.14173,-7.58057],[109.14219,-7.58057],[109.14219,-7.58013],[109.14219,-7.58012],[109.14264,-7.58012],[109.14264,-7.57968],[109.1431,-7.57968],[109.1431,-7.58013],[109.14355,-7.58013],[109.14355,-7.57968],[109.14355,-7.57923],[109.14355,-7.57878],[109.144,-7.57878],[109.14401,-7.57878],[109.14446,-7.57878],[109.14446,-7.57853],[109.14492,-7.57851],[109.14492,-7.57878],[109.14536,-7.57878],[109.14537,-7.57878],[109.14581,-7.57878],[109.14582,-7.57878],[109.14582,-7.57846],[109.14628,-7.57847],[109.14628,-7.57879],[109.14627,-7.57879],[109.14627,-7.57924],[109.14627,-7.57969],[109.14582,-7.57969],[109.14582,-7.58014],[109.14536,-7.58014],[109.14491,-7.58014],[109.14491,-7.58059],[109.14491,-7.58087],[109.1447,-7.58104],[109.14445,-7.58124],[109.14445,-7.58104],[109.14445,-7.58059],[109.14401,-7.58059],[109.14401,-7.58104],[109.144,-7.58104],[109.144,-7.58149],[109.14414,-7.58149],[109.14399,-7.58162],[109.14399,-7.58162],[109.14361,-7.58194],[109.14355,-7.58194],[109.14354,-7.58194],[109.14309,-7.58194],[109.14309,-7.58149],[109.14264,-7.58149],[109.14264,-7.58148],[109.14264,-7.58103],[109.14219,-7.58103],[109.14218,-7.58103],[109.14173,-7.58103],[109.14173,-7.58058],[109.14173,-7.58057]],[[109.14265,-7.58013],[109.14265,-7.58058],[109.14309,-7.58058],[109.1431,-7.58058],[109.1431,-7.58013],[109.14265,-7.58013]],[[109.14446,-7.57923],[109.1449,-7.57923],[109.14491,-7.57923],[109.14491,-7.57878],[109.14446,-7.57878],[109.14446,-7.57923]],[[109.14581,-7.57969],[109.14581,-7.57924],[109.14537,-7.57924],[109.14536,-7.57924],[109.14536,-7.57968],[109.14536,-7.57969],[109.14581,-7.57969]],[[109.14401,-7.57968],[109.14445,-7.57968],[109.14445,-7.57923],[109.14401,-7.57923],[109.14401,-7.57968]]],[[[109.13721,-7.58101],[109.13675,-7.58101],[109.13675,-7.58055],[109.13721,-7.58055],[109.13721,-7.58101]]],[[[109.14084,-7.57967],[109.14129,-7.57967],[109.14129,-7.58012],[109.14084,-7.58012],[109.14083,-7.58012],[109.14083,-7.58057],[109.14037,-7.58057],[109.14037,-7.58012],[109.14038,-7.58012],[109.14038,-7.57984],[109.14042,-7.57982],[109.14068,-7.57973],[109.14073,-7.57967],[109.14084,-7.57953],[109.14084,-7.57967]]],[[[109.14763,-7.57879],[109.14809,-7.57879],[109.14809,-7.57891],[109.14776,-7.57909],[109.14763,-7.57917],[109.1475,-7.57925],[109.14749,-7.57925],[109.14741,-7.5793],[109.1474,-7.57931],[109.14717,-7.57943],[109.14717,-7.57925],[109.14717,-7.57924],[109.14672,-7.57924],[109.14672,-7.57879],[109.14672,-7.57848],[109.14718,-7.57849],[109.14718,-7.57879],[109.14763,-7.57879]]],[[[109.14174,-7.57877],[109.14174,-7.5787],[109.1422,-7.57867],[109.1422,-7.57877],[109.14174,-7.57877]]]]}},{"type":"Feature","properties":{"d":"KESUGIHAN","net":"FWA-Outdoor"},"geometry":{"type":"MultiPolygon","coordinates":[[[[109.05759,-7.66215],[109.05759,-7.66214],[109.05759,-7.66199],[109.0576,-7.66199],[109.05804,-7.66199],[109.05805,-7.66199],[109.0585,-7.66199],[109.0585,-7.662],[109.05895,-7.662],[109.05895,-7.66245],[109.05939,-7.66245],[109.0594,-7.66245],[109.0594,-7.662],[109.05986,-7.662],[109.05986,-7.66245],[109.0603,-7.66245],[109.0603,-7.66201],[109.06031,-7.66201],[109.06031,-7.66156],[109.06031,-7.66155],[109.06031,-7.6611],[109.06031,-7.66065],[109.06031,-7.6602],[109.06077,-7.6602],[109.06123,-7.6602],[109.06123,-7.65975],[109.06168,-7.65975],[109.06168,-7.6593],[109.06123,-7.6593],[109.06123,-7.65885],[109.06168,-7.65885],[109.06213,-7.65885],[109.06213,-7.6584],[109.06213,-7.6582],[109.06259,-7.65802],[109.06279,-7.65795],[109.06278,-7.65795],[109.06304,-7.65785],[109.06304,-7.65785],[109.06306,-7.65784],[109.0635,-7.65769],[109.06396,-7.65753],[109.06396,-7.65754],[109.06405,-7.6575],[109.0644,-7.6575],[109.06441,-7.6575],[109.06441,-7.65738],[109.06477,-7.65725],[109.06486,-7.65721],[109.06487,-7.65721],[109.06487,-7.65722],[109.06487,-7.65751],[109.06531,-7.65751],[109.06531,-7.65706],[109.06531,-7.65703],[109.06532,-7.65703],[109.06538,-7.65701],[109.06575,-7.6567],[109.06574,-7.65661],[109.06576,-7.65661],[109.06576,-7.65616],[109.06571,-7.65616],[109.0657,-7.65616],[109.0657,-7.65615],[109.0657,-7.65595],[109.06576,-7.65588],[109.06576,-7.65588],[109.06583,-7.65581],[109.0659,-7.6557],[109.06591,-7.6557],[109.06593,-7.65567],[109.06601,-7.6555],[109.06612,-7.65525],[109.06617,-7.65514],[109.06622,-7.65499],[109.06622,-7.65498],[109.06627,-7.65485],[109.06628,-7.6548],[109.06629,-7.65476],[109.06623,-7.65465],[109.06618,-7.65456],[109.06611,-7.6544],[109.06609,-7.65435],[109.06607,-7.6543],[109.06605,-7.65419],[109.06604,-7.65412],[109.06603,-7.65403],[109.06603,-7.65394],[109.06602,-7.6539],[109.06602,-7.65387],[109.06601,-7.65378],[109.06596,-7.6537],[109.06579,-7.65373],[109.06579,-7.65373],[109.06533,-7.65382],[109.06494,-7.6539],[109.06491,-7.6539],[109.06487,-7.65391],[109.06487,-7.6539],[109.06487,-7.65389],[109.06442,-7.65389],[109.06397,-7.65389],[109.06396,-7.65389],[109.06352,-7.65389],[109.06351,-7.65389],[109.06313,-7.65389],[109.06313,-7.65388],[109.06306,-7.65383],[109.06306,-7.65344],[109.06306,-7.65343],[109.06262,-7.65343],[109.06262,-7.65349],[109.06261,-7.65349],[109.06254,-7.65343],[109.06261,-7.65343],[109.06261,-7.65298],[109.06261,-7.65253],[109.06242,-7.65253],[109.06238,-7.65207],[109.06261,-7.65207],[109.06261,-7.65162],[109.06307,-7.65162],[109.06352,-7.65162],[109.06352,-7.65118],[109.06398,-7.65118],[109.06403,-7.65118],[109.06404,-7.65118],[109.06444,-7.65118],[109.06444,-7.65163],[109.06488,-7.65163],[109.06488,-7.65118],[109.06489,-7.65118],[109.06489,-7.65073],[109.06444,-7.65073],[109.06404,-7.65073],[109.06403,-7.65073],[109.06398,-7.65073],[109.06398,-7.65027],[109.06403,-7.65027],[109.06444,-7.65027],[109.06444,-7.65028],[109.0649,-7.65028],[109.0649,-7.65073],[109.06535,-7.65073],[109.06535,-7.65118],[109.0658,-7.65118],[109.0658,-7.65073],[109.06625,-7.65073],[109.06625,-7.65028],[109.0667,-7.65028],[109.0667,-7.65029],[109.06715,-7.65029],[109.06716,-7.65029],[109.0676,-7.65029],[109.0676,-7.64984],[109.06716,-7.64984],[109.06715,-7.64984],[109.0667,-7.64984],[109.0667,-7.64939],[109.0667,-7.64938],[109.0667,-7.64893],[109.06716,-7.64893],[109.06761,-7.64893],[109.06761,-7.64848],[109.06807,-7.64848],[109.06852,-7.64848],[109.06852,-7.64804],[109.06852,-7.64803],[109.06852,-7.64758],[109.06808,-7.64758],[109.06808,-7.64803],[109.06762,-7.64803],[109.06762,-7.64758],[109.06807,-7.64758],[109.06807,-7.64731],[109.06817,-7.64731],[109.06853,-7.64731],[109.06853,-7.64758],[109.06898,-7.64758],[109.06898,-7.64714],[109.06898,-7.64713],[109.06854,-7.64713],[109.06853,-7.64713],[109.06853,-7.64695],[109.06835,-7.64695],[109.06835,-7.64668],[109.06835,-7.64641],[109.06809,-7.64641],[109.06808,-7.64641],[109.06799,-7.64641],[109.06763,-7.64641],[109.06763,-7.64659],[109.06762,-7.64659],[109.06762,-7.64667],[109.06762,-7.64668],[109.06718,-7.64668],[109.06718,-7.64712],[109.06718,-7.64713],[109.06672,-7.64713],[109.06672,-7.64712],[109.06626,-7.64712],[109.06626,-7.64667],[109.06672,-7.64667],[109.06717,-7.64667],[109.06717,-7.64622],[109.06673,-7.64622],[109.06672,-7.64622],[109.06627,-7.64622],[109.06582,-7.64622],[109.06582,-7.64667],[109.06536,-7.64667],[109.06536,-7.64621],[109.06491,-7.64621],[109.06491,-7.64576],[109.06491,-7.64531],[109.06447,-7.64531],[109.06446,-7.64531],[109.06446,-7.64576],[109.064,-7.64576],[109.064,-7.6453],[109.06398,-7.6453],[109.06356,-7.6453],[109.06356,-7.64575],[109.0631,-7.64575],[109.06265,-7.64575],[109.06265,-7.6462],[109.06219,-7.6462],[109.06219,-7.64575],[109.06219,-7.6453],[109.06175,-7.6453],[109.06175,-7.64574],[109.06175,-7.64575],[109.06175,-7.6462],[109.06174,-7.6462],[109.06129,-7.6462],[109.06129,-7.64575],[109.06129,-7.64574],[109.06084,-7.64574],[109.06084,-7.64619],[109.06039,-7.64619],[109.06038,-7.64619],[109.05993,-7.64619],[109.05993,-7.64574],[109.05948,-7.64574],[109.05948,-7.64529],[109.05948,-7.64528],[109.05948,-7.64483],[109.05903,-7.64483],[109.05857,-7.64483],[109.05857,-7.64438],[109.05857,-7.64437],[109.05903,-7.64437],[109.05903,-7.64393],[109.05949,-7.64393],[109.05949,-7.64402],[109.05931,-7.64402],[109.05931,-7.64438],[109.05931,-7.64456],[109.05948,-7.64456],[109.05948,-7.64474],[109.05949,-7.64474],[109.05966,-7.64474],[109.05993,-7.64474],[109.05994,-7.64474],[109.06003,-7.64474],[109.06003,-7.64456],[109.06021,-7.64456],[109.06021,-7.64438],[109.06039,-7.64438],[109.06039,-7.64393],[109.05994,-7.64393],[109.05985,-7.64393],[109.05985,-7.64384],[109.05949,-7.64384],[109.05949,-7.64348],[109.05949,-7.64302],[109.05994,-7.64302],[109.05994,-7.64348],[109.06039,-7.64348],[109.0604,-7.64348],[109.0604,-7.64393],[109.06084,-7.64393],[109.06085,-7.64393],[109.06129,-7.64393],[109.0613,-7.64393],[109.0613,-7.64394],[109.06174,-7.64394],[109.06175,-7.64394],[109.0622,-7.64394],[109.0622,-7.64349],[109.06266,-7.64349],[109.06266,-7.64394],[109.06311,-7.64394],[109.06311,-7.64349],[109.06311,-7.64304],[109.06311,-7.64259],[109.06266,-7.64259],[109.06266,-7.64304],[109.0622,-7.64304],[109.0622,-7.64258],[109.06266,-7.64258],[109.06266,-7.64214],[109.06221,-7.64214],[109.06221,-7.64213],[109.06176,-7.64213],[109.06176,-7.64258],[109.06176,-7.64303],[109.0613,-7.64303],[109.0613,-7.64258],[109.0613,-7.64213],[109.06175,-7.64213],[109.06175,-7.64168],[109.06131,-7.64168],[109.0613,-7.64168],[109.06085,-7.64168],[109.06085,-7.64123],[109.06085,-7.64122],[109.06085,-7.64077],[109.06113,-7.64077],[109.06131,-7.64077],[109.06131,-7.64095],[109.06149,-7.64095],[109.0615,-7.64095],[109.06176,-7.64095],[109.06177,-7.64095],[109.06185,-7.64095],[109.06185,-7.64096],[109.06221,-7.64096],[109.06222,-7.64096],[109.06222,-7.64078],[109.06222,-7.64077],[109.0624,-7.64077],[109.0624,-7.64042],[109.06222,-7.64042],[109.06222,-7.64041],[109.0624,-7.64041],[109.0624,-7.64033],[109.0624,-7.64032],[109.0624,-7.63988],[109.06223,-7.63988],[109.06222,-7.63988],[109.06204,-7.63988],[109.06204,-7.63987],[109.06204,-7.63969],[109.06178,-7.63969],[109.06177,-7.63969],[109.06168,-7.63969],[109.06168,-7.63987],[109.06168,-7.64005],[109.0615,-7.64005],[109.06132,-7.64005],[109.06131,-7.64005],[109.06095,-7.64005],[109.06087,-7.64005],[109.06086,-7.64005],[109.06059,-7.64005],[109.06059,-7.63987],[109.06059,-7.63986],[109.06086,-7.63986],[109.06086,-7.63942],[109.06041,-7.63942],[109.06041,-7.63941],[109.05996,-7.63941],[109.0595,-7.63941],[109.0595,-7.63896],[109.05996,-7.63896],[109.05996,-7.63851],[109.06041,-7.63851],[109.06042,-7.63851],[109.06042,-7.63806],[109.06087,-7.63806],[109.06088,-7.63806],[109.06132,-7.63806],[109.06133,-7.63806],[109.06133,-7.63851],[109.06178,-7.63851],[109.06178,-7.63852],[109.06222,-7.63852],[109.06223,-7.63852],[109.06268,-7.63852],[109.06268,-7.63897],[109.06223,-7.63897],[109.06223,-7.63942],[109.06268,-7.63942],[109.06268,-7.63987],[109.06312,-7.63987],[109.06312,-7.63943],[109.06312,-7.63898],[109.06312,-7.63897],[109.06312,-7.63852],[109.06313,-7.63852],[109.06313,-7.63807],[109.06313,-7.63762],[109.06268,-7.63762],[109.06268,-7.63717],[109.06268,-7.63716],[109.06268,-7.63671],[109.06269,-7.63671],[109.06269,-7.63626],[109.06315,-7.63626],[109.06315,-7.63671],[109.0636,-7.63671],[109.0636,-7.63672],[109.06404,-7.63672],[109.06405,-7.63672],[109.0645,-7.63672],[109.06495,-7.63672],[109.06496,-7.63672],[109.0654,-7.63672],[109.06541,-7.63672],[109.06586,-7.63672],[109.06586,-7.63673],[109.06631,-7.63673],[109.06632,-7.63673],[109.06676,-7.63673],[109.06677,-7.63673],[109.06677,-7.63718],[109.06676,-7.63718],[109.06632,-7.63718],[109.06631,-7.63718],[109.06631,-7.63763],[109.06676,-7.63763],[109.06677,-7.63763],[109.06721,-7.63763],[109.06721,-7.63719],[109.06721,-7.63718],[109.06766,-7.63718],[109.06767,-7.63718],[109.06767,-7.63719],[109.06812,-7.63719],[109.06812,-7.63674],[109.06857,-7.63674],[109.06857,-7.63629],[109.06903,-7.63629],[109.06903,-7.63584],[109.06903,-7.63539],[109.06903,-7.63538],[109.06949,-7.63538],[109.06949,-7.63494],[109.06949,-7.63493],[109.06995,-7.63493],[109.06995,-7.63494],[109.06995,-7.63539],[109.06994,-7.63539],[109.06994,-7.63584],[109.06994,-7.63629],[109.06994,-7.63674],[109.07039,-7.63674],[109.07039,-7.63675],[109.07084,-7.63675],[109.07129,-7.63675],[109.0713,-7.63675],[109.07175,-7.63675],[109.07175,-7.6372],[109.07214,-7.6372],[109.0722,-7.6372],[109.0722,-7.63713],[109.0722,-7.63676],[109.0722,-7.63675],[109.07249,-7.63675],[109.07265,-7.63675],[109.07265,-7.63655],[109.07265,-7.63631],[109.07265,-7.6363],[109.07265,-7.63586],[109.07265,-7.63585],[109.07265,-7.6354],[109.07311,-7.6354],[109.07311,-7.63585],[109.07315,-7.63585],[109.07356,-7.63585],[109.07356,-7.63586],[109.07401,-7.63586],[109.07401,-7.63631],[109.07446,-7.63631],[109.07446,-7.63586],[109.07457,-7.63586],[109.07465,-7.63586],[109.07491,-7.63586],[109.07492,-7.63586],[109.07492,-7.63588],[109.07492,-7.63623],[109.07492,-7.63631],[109.07492,-7.63632],[109.07492,-7.63676],[109.07492,-7.63677],[109.07537,-7.63677],[109.07537,-7.63722],[109.07582,-7.63722],[109.07582,-7.63679],[109.07582,-7.63677],[109.0761,-7.63677],[109.07617,-7.63679],[109.07617,-7.6368],[109.07618,-7.6368],[109.07626,-7.63686],[109.07628,-7.63688],[109.07673,-7.637],[109.07673,-7.63722],[109.07673,-7.63723],[109.07691,-7.63723],[109.07693,-7.63727],[109.07693,-7.63728],[109.07693,-7.63729],[109.07692,-7.63768],[109.07673,-7.63768],[109.07672,-7.63768],[109.07627,-7.63768],[109.07627,-7.63723],[109.07582,-7.63723],[109.07582,-7.63767],[109.07582,-7.63768],[109.07536,-7.63768],[109.07536,-7.63767],[109.07536,-7.63722],[109.07492,-7.63722],[109.07491,-7.63722],[109.07446,-7.63722],[109.07401,-7.63722],[109.07401,-7.63766],[109.07401,-7.63767],[109.07445,-7.63767],[109.07446,-7.63767],[109.07491,-7.63767],[109.07491,-7.63812],[109.07535,-7.63812],[109.07536,-7.63812],[109.07581,-7.63812],[109.07581,-7.63813],[109.07581,-7.63858],[109.07627,-7.63858],[109.07627,-7.63903],[109.07581,-7.63903],[109.07581,-7.63948],[109.07626,-7.63948],[109.07667,-7.63948],[109.07671,-7.63948],[109.07671,-7.63971],[109.07671,-7.63994],[109.07666,-7.63994],[109.07657,-7.63994],[109.07626,-7.63994],[109.07626,-7.64039],[109.07646,-7.64039],[109.07656,-7.64039],[109.07671,-7.64039],[109.07671,-7.64084],[109.07716,-7.64084],[109.07716,-7.64129],[109.07716,-7.6413],[109.07716,-7.64175],[109.07671,-7.64175],[109.07671,-7.6422],[109.07626,-7.6422],[109.07625,-7.6422],[109.07612,-7.6422],[109.07603,-7.6422],[109.0758,-7.6422],[109.0758,-7.64264],[109.07594,-7.64264],[109.07603,-7.64264],[109.07625,-7.64264],[109.07625,-7.64265],[109.0767,-7.64265],[109.07671,-7.64265],[109.07715,-7.64265],[109.07716,-7.64265],[109.07761,-7.64265],[109.07761,-7.6422],[109.07806,-7.6422],[109.07806,-7.64265],[109.07806,-7.64266],[109.07806,-7.64311],[109.07761,-7.64311],[109.07761,-7.64355],[109.07761,-7.64356],[109.07806,-7.64356],[109.07806,-7.64401],[109.07806,-7.64446],[109.07851,-7.64446],[109.07851,-7.64402],[109.07851,-7.64401],[109.07851,-7.64356],[109.07851,-7.64311],[109.07896,-7.64311],[109.07896,-7.64266],[109.07851,-7.64266],[109.07851,-7.64221],[109.07851,-7.6422],[109.07851,-7.64176],[109.07851,-7.64175],[109.07807,-7.64175],[109.07806,-7.64175],[109.07761,-7.64175],[109.07761,-7.6413],[109.07761,-7.64085],[109.07806,-7.64085],[109.07807,-7.64085],[109.07852,-7.64085],[109.07897,-7.64085],[109.07898,-7.64085],[109.07943,-7.64085],[109.07943,-7.6413],[109.07943,-7.64131],[109.07943,-7.64176],[109.07987,-7.64176],[109.07987,-7.64131],[109.08033,-7.64131],[109.08033,-7.64086],[109.07988,-7.64086],[109.07988,-7.6404],[109.08034,-7.6404],[109.08034,-7.64086],[109.08078,-7.64086],[109.08079,-7.64086],[109.08124,-7.64086],[109.08124,-7.64131],[109.08124,-7.64177],[109.08169,-7.64177],[109.08169,-7.64222],[109.08214,-7.64222],[109.08259,-7.64222],[109.08259,-7.64177],[109.08214,-7.64177],[109.08214,-7.64132],[109.0826,-7.64132],[109.08305,-7.64132],[109.0835,-7.64132],[109.0835,-7.64177],[109.0835,-7.64178],[109.08391,-7.64178],[109.08391,-7.64181],[109.08395,-7.64181],[109.08409,-7.64181],[109.08409,-7.64178],[109.08409,-7.64154],[109.084,-7.64154],[109.084,-7.64163],[109.08395,-7.64163],[109.08395,-7.64133],[109.08395,-7.64087],[109.08441,-7.64087],[109.08441,-7.64118],[109.08437,-7.64118],[109.08437,-7.64133],[109.08437,-7.64136],[109.0844,-7.64136],[109.08441,-7.64136],[109.08446,-7.64136],[109.08446,-7.64133],[109.08482,-7.64133],[109.08482,-7.64145],[109.08485,-7.64145],[109.08486,-7.64145],[109.08491,-7.64145],[109.08491,-7.64136],[109.08509,-7.64136],[109.08509,-7.64137],[109.08509,-7.64145],[109.08518,-7.64145],[109.08518,-7.64136],[109.08531,-7.64136],[109.08554,-7.64137],[109.08554,-7.64133],[109.08563,-7.64133],[109.08563,-7.64146],[109.08554,-7.64146],[109.08554,-7.64155],[109.08563,-7.64155],[109.08563,-7.64164],[109.08577,-7.64164],[109.08577,-7.64179],[109.0859,-7.64179],[109.0859,-7.64182],[109.08576,-7.64182],[109.08576,-7.64179],[109.08572,-7.64179],[109.08572,-7.64173],[109.08563,-7.64173],[109.08563,-7.64179],[109.08531,-7.64179],[109.08531,-7.64223],[109.08531,-7.64224],[109.08575,-7.64224],[109.08576,-7.64224],[109.08576,-7.64191],[109.08581,-7.64191],[109.08581,-7.64209],[109.08599,-7.64209],[109.08599,-7.64224],[109.08599,-7.64227],[109.08608,-7.64227],[109.08608,-7.64254],[109.08599,-7.64254],[109.08599,-7.64263],[109.08581,-7.64263],[109.08581,-7.64254],[109.08576,-7.64254],[109.08575,-7.64254],[109.08572,-7.64254],[109.08572,-7.64263],[109.08554,-7.64263],[109.08554,-7.64269],[109.08554,-7.64272],[109.08545,-7.64272],[109.08545,-7.64269],[109.08545,-7.64263],[109.08531,-7.64263],[109.0853,-7.64263],[109.08527,-7.64263],[109.08527,-7.64268],[109.08527,-7.64269],[109.08527,-7.64272],[109.0853,-7.64272],[109.08531,-7.64272],[109.08536,-7.64272],[109.08536,-7.6429],[109.08563,-7.6429],[109.08563,-7.64309],[109.08554,-7.64308],[109.08554,-7.64314],[109.08554,-7.64318],[109.08553,-7.64318],[109.08545,-7.64317],[109.08544,-7.64326],[109.08562,-7.64326],[109.08563,-7.64326],[109.08563,-7.64327],[109.08563,-7.64336],[109.08562,-7.64336],[109.08553,-7.64336],[109.08553,-7.64354],[109.08544,-7.64354],[109.08544,-7.64359],[109.08544,-7.64381],[109.08553,-7.64381],[109.08553,-7.6439],[109.08544,-7.6439],[109.08544,-7.64399],[109.08535,-7.64399],[109.08535,-7.64404],[109.08535,-7.64405],[109.08535,-7.64408],[109.08553,-7.64408],[109.08553,-7.64405],[109.08553,-7.64404],[109.08553,-7.64399],[109.08562,-7.64399],[109.08562,-7.64404],[109.08562,-7.64405],[109.08562,-7.64408],[109.08571,-7.64408],[109.08571,-7.64405],[109.08571,-7.64404],[109.08571,-7.64381],[109.08575,-7.64381],[109.08576,-7.64381],[109.08576,-7.64404],[109.0858,-7.64404],[109.0858,-7.64405],[109.0858,-7.6445],[109.0858,-7.64453],[109.08589,-7.64453],[109.08589,-7.6445],[109.08589,-7.64444],[109.08607,-7.64444],[109.08607,-7.6445],[109.08607,-7.64462],[109.08598,-7.64462],[109.08598,-7.64471],[109.08589,-7.64471],[109.08589,-7.6448],[109.08616,-7.6448],[109.08616,-7.64489],[109.0862,-7.64489],[109.08621,-7.64489],[109.08621,-7.64489],[109.08652,-7.6449],[109.08652,-7.64495],[109.08652,-7.64508],[109.08661,-7.64508],[109.08661,-7.64517],[109.08625,-7.64517],[109.08625,-7.64535],[109.08643,-7.64535],[109.08643,-7.6454],[109.08643,-7.64541],[109.08643,-7.64544],[109.08634,-7.64544],[109.08634,-7.64553],[109.08625,-7.64553],[109.08625,-7.64562],[109.08634,-7.64562],[109.08634,-7.6458],[109.08643,-7.6458],[109.08643,-7.64585],[109.08643,-7.64586],[109.08643,-7.64589],[109.0862,-7.64589],[109.08616,-7.64589],[109.08616,-7.64598],[109.0862,-7.64598],[109.08634,-7.64598],[109.08634,-7.64607],[109.08652,-7.64607],[109.08652,-7.64616],[109.08643,-7.64616],[109.08643,-7.64625],[109.08652,-7.64625],[109.08652,-7.64631],[109.08652,-7.64652],[109.08634,-7.64652],[109.08634,-7.64661],[109.08643,-7.64661],[109.08643,-7.6467],[109.08652,-7.6467],[109.08652,-7.64671],[109.08652,-7.64676],[109.08652,-7.64698],[109.08665,-7.64698],[109.0867,-7.64698],[109.0867,-7.64707],[109.08679,-7.64707],[109.08679,-7.64716],[109.08688,-7.64716],[109.08688,-7.64721],[109.08688,-7.64725],[109.08679,-7.64725],[109.08679,-7.64734],[109.0867,-7.64734],[109.08669,-7.64743],[109.08688,-7.64743],[109.08688,-7.64752],[109.08697,-7.64752],[109.08697,-7.64761],[109.08696,-7.64761],[109.08678,-7.64761],[109.08678,-7.64766],[109.08678,-7.64767],[109.08678,-7.6477],[109.08669,-7.6477],[109.08669,-7.64779],[109.08678,-7.64779],[109.08678,-7.64812],[109.08678,-7.64815],[109.08687,-7.64815],[109.08687,-7.64812],[109.08687,-7.64806],[109.08705,-7.64806],[109.08705,-7.64812],[109.08705,-7.64815],[109.08709,-7.64815],[109.0871,-7.64815],[109.08724,-7.64815],[109.08724,-7.64816],[109.08723,-7.64824],[109.08742,-7.64825],[109.08742,-7.64834],[109.08741,-7.64834],[109.08733,-7.64834],[109.08732,-7.64843],[109.08723,-7.64843],[109.08723,-7.64852],[109.08741,-7.64852],[109.08741,-7.64857],[109.08741,-7.6487],[109.08754,-7.6487],[109.08754,-7.64879],[109.0875,-7.64879],[109.0875,-7.64897],[109.08754,-7.64897],[109.08755,-7.64897],[109.08759,-7.64897],[109.08759,-7.64902],[109.08759,-7.64903],[109.08759,-7.64924],[109.08768,-7.64924],[109.08768,-7.64903],[109.08768,-7.64902],[109.08768,-7.64897],[109.08772,-7.64897],[109.08773,-7.64897],[109.08773,-7.64902],[109.08779,-7.64902],[109.08791,-7.64902],[109.08791,-7.64903],[109.08791,-7.6492],[109.08799,-7.6492],[109.088,-7.6492],[109.08827,-7.6492],[109.08827,-7.64915],[109.08832,-7.64915],[109.08832,-7.64906],[109.08841,-7.64906],[109.08841,-7.64915],[109.08845,-7.64915],[109.0885,-7.64915],[109.0885,-7.64916],[109.0885,-7.64924],[109.08859,-7.64925],[109.08859,-7.64943],[109.08845,-7.64943],[109.08832,-7.64943],[109.08832,-7.64942],[109.08832,-7.64934],[109.08814,-7.64933],[109.08814,-7.64948],[109.088,-7.64948],[109.088,-7.64951],[109.088,-7.64952],[109.08786,-7.64951],[109.08786,-7.6496],[109.088,-7.6496],[109.088,-7.64993],[109.08813,-7.64993],[109.08813,-7.64997],[109.08822,-7.64997],[109.08822,-7.65006],[109.08799,-7.65006],[109.08795,-7.65006],[109.08795,-7.65015],[109.08786,-7.65015],[109.08786,-7.65024],[109.08777,-7.65024],[109.08777,-7.65033],[109.08768,-7.65033],[109.08768,-7.65038],[109.08768,-7.65042],[109.08786,-7.65042],[109.08786,-7.6506],[109.08777,-7.6506],[109.08777,-7.65069],[109.08768,-7.65069],[109.08768,-7.65078],[109.08795,-7.65078],[109.08795,-7.65083],[109.08795,-7.65096],[109.08798,-7.65096],[109.08799,-7.65096],[109.08822,-7.65096],[109.08822,-7.65105],[109.08831,-7.65105],[109.08831,-7.65084],[109.08831,-7.65083],[109.08831,-7.65069],[109.08844,-7.65069],[109.08845,-7.65069],[109.08849,-7.65069],[109.08849,-7.6506],[109.08845,-7.6506],[109.08844,-7.6506],[109.08831,-7.6506],[109.08831,-7.65051],[109.08822,-7.65051],[109.08822,-7.6506],[109.08799,-7.6506],[109.08795,-7.6506],[109.08795,-7.65042],[109.08799,-7.65042],[109.08804,-7.65042],[109.08804,-7.65038],[109.08804,-7.65033],[109.08813,-7.65033],[109.08813,-7.65024],[109.08831,-7.65024],[109.08831,-7.65033],[109.08844,-7.65033],[109.08845,-7.65033],[109.08849,-7.65033],[109.08849,-7.65024],[109.08867,-7.65024],[109.08868,-7.64993],[109.08868,-7.64979],[109.08886,-7.64979],[109.08886,-7.6497],[109.0889,-7.6497],[109.08904,-7.6497],[109.08904,-7.64993],[109.08904,-7.64994],[109.08904,-7.65006],[109.08895,-7.65006],[109.08895,-7.65015],[109.0889,-7.65015],[109.08886,-7.65015],[109.08886,-7.65024],[109.08868,-7.65024],[109.08868,-7.65038],[109.08868,-7.65039],[109.08868,-7.65039],[109.08867,-7.6506],[109.08858,-7.6506],[109.08858,-7.65083],[109.08858,-7.65084],[109.08858,-7.65096],[109.08867,-7.65096],[109.08867,-7.65084],[109.08867,-7.65083],[109.08867,-7.65078],[109.08885,-7.65078],[109.08885,-7.65083],[109.08885,-7.65084],[109.0888,-7.65084],[109.0888,-7.65096],[109.08876,-7.65096],[109.08876,-7.65114],[109.0888,-7.65114],[109.0888,-7.65129],[109.0888,-7.65138],[109.08885,-7.65138],[109.08885,-7.65169],[109.08849,-7.65169],[109.08849,-7.65174],[109.08849,-7.65178],[109.08844,-7.65178],[109.08843,-7.65178],[109.0884,-7.65178],[109.0884,-7.65187],[109.08843,-7.65187],[109.08844,-7.65187],[109.08849,-7.65187],[109.08849,-7.65196],[109.08844,-7.65196],[109.08843,-7.65196],[109.0884,-7.65196],[109.0884,-7.65214],[109.08843,-7.65214],[109.08844,-7.65214],[109.08858,-7.65214],[109.08858,-7.65216],[109.08855,-7.65217],[109.08854,-7.65217],[109.08844,-7.65219],[109.08844,-7.65219],[109.08843,-7.65219],[109.08842,-7.65219],[109.08798,-7.65219],[109.08798,-7.65227],[109.08753,-7.65235],[109.08753,-7.65235],[109.08731,-7.65239],[109.0873,-7.65239],[109.08728,-7.65239],[109.08707,-7.65243],[109.08707,-7.65219],[109.08707,-7.65218],[109.08662,-7.65218],[109.08662,-7.65209],[109.08663,-7.65209],[109.08699,-7.65209],[109.08699,-7.65173],[109.08707,-7.65173],[109.08708,-7.65173],[109.08717,-7.65173],[109.08717,-7.65155],[109.08753,-7.65155],[109.08753,-7.65129],[109.08753,-7.65128],[109.08753,-7.65101],[109.08717,-7.65101],[109.08717,-7.65083],[109.08717,-7.65065],[109.08708,-7.65065],[109.08681,-7.65065],[109.08663,-7.65065],[109.08662,-7.65065],[109.08645,-7.65065],[109.08626,-7.65065],[109.08618,-7.65065],[109.08617,-7.65065],[109.08591,-7.65065],[109.0859,-7.65065],[109.0859,-7.65064],[109.08572,-7.65064],[109.08536,-7.65064],[109.08536,-7.65046],[109.08527,-7.65046],[109.08518,-7.65046],[109.085,-7.65046],[109.085,-7.65037],[109.085,-7.65028],[109.08482,-7.65028],[109.08446,-7.65028],[109.08446,-7.65036],[109.08446,-7.65037],[109.08446,-7.65064],[109.08437,-7.65064],[109.08428,-7.65064],[109.08428,-7.65082],[109.08427,-7.65082],[109.08427,-7.65064],[109.0841,-7.65064],[109.08392,-7.65064],[109.08391,-7.65064],[109.08374,-7.65064],[109.08374,-7.65081],[109.08374,-7.65082],[109.08374,-7.65099],[109.08391,-7.65099],[109.08392,-7.65099],[109.08409,-7.65099],[109.08409,-7.651],[109.08409,-7.65118],[109.08427,-7.65118],[109.08427,-7.65127],[109.08427,-7.65136],[109.08427,-7.65172],[109.08436,-7.65172],[109.08445,-7.65172],[109.08445,-7.6519],[109.08481,-7.6519],[109.08481,-7.65173],[109.08481,-7.65172],[109.08482,-7.65172],[109.08518,-7.65172],[109.08518,-7.65173],[109.08518,-7.65208],[109.08527,-7.65208],[109.08554,-7.65208],[109.08554,-7.65173],[109.08554,-7.65172],[109.08572,-7.65172],[109.08572,-7.65173],[109.08572,-7.65209],[109.08608,-7.65209],[109.08608,-7.65191],[109.08617,-7.65191],[109.08617,-7.65218],[109.08572,-7.65218],[109.08572,-7.65263],[109.08527,-7.65263],[109.08527,-7.65275],[109.08481,-7.65283],[109.08481,-7.65263],[109.08436,-7.65263],[109.08436,-7.65291],[109.0839,-7.653],[109.0839,-7.65262],[109.08345,-7.65262],[109.08345,-7.65307],[109.08345,-7.65308],[109.08344,-7.65308],[109.08343,-7.65308],[109.08339,-7.65307],[109.08341,-7.65307],[109.08336,-7.65306],[109.08336,-7.65307],[109.08335,-7.65308],[109.08345,-7.65341],[109.08345,-7.65352],[109.08322,-7.65352],[109.08305,-7.65318],[109.08302,-7.65316],[109.08317,-7.65316],[109.08317,-7.65307],[109.08317,-7.65298],[109.08336,-7.65298],[109.08336,-7.65262],[109.08336,-7.65244],[109.08318,-7.65244],[109.08318,-7.65217],[109.08318,-7.65208],[109.083,-7.65208],[109.083,-7.6519],[109.08282,-7.6519],[109.08282,-7.65189],[109.08255,-7.65189],[109.08254,-7.65189],[109.08246,-7.65189],[109.08246,-7.65208],[109.08245,-7.65208],[109.08245,-7.65216],[109.08245,-7.65261],[109.08254,-7.65261],[109.08255,-7.65261],[109.08281,-7.65261],[109.08281,-7.65244],[109.08281,-7.65243],[109.08282,-7.65243],[109.08282,-7.65244],[109.08282,-7.65262],[109.08281,-7.65262],[109.08255,-7.65262],[109.08254,-7.65262],[109.08245,-7.65262],[109.08245,-7.65298],[109.08254,-7.65298],[109.08264,-7.65298],[109.08281,-7.65298],[109.08281,-7.65307],[109.08281,-7.65309],[109.08277,-7.65313],[109.08274,-7.65329],[109.08273,-7.6533],[109.08273,-7.65331],[109.08272,-7.65331],[109.08272,-7.65332],[109.08271,-7.65332],[109.0827,-7.65333],[109.08254,-7.65336],[109.08244,-7.65338],[109.08243,-7.65338],[109.08208,-7.65339],[109.08208,-7.65307],[109.08164,-7.65307],[109.08164,-7.65328],[109.08162,-7.6533],[109.08161,-7.6533],[109.0816,-7.65331],[109.08147,-7.65336],[109.08147,-7.65337],[109.08146,-7.65337],[109.08145,-7.65337],[109.08119,-7.65338],[109.08119,-7.65338],[109.08074,-7.65339],[109.08074,-7.65339],[109.08028,-7.65341],[109.08013,-7.65341],[109.08008,-7.65343],[109.08006,-7.65343],[109.08007,-7.65351],[109.07983,-7.65351],[109.07982,-7.65351],[109.07937,-7.65351],[109.07937,-7.65349],[109.07937,-7.65343],[109.07937,-7.65342],[109.07937,-7.65306],[109.07937,-7.65305],[109.07893,-7.65305],[109.07892,-7.65305],[109.07847,-7.65305],[109.07847,-7.65295],[109.07847,-7.6526],[109.07818,-7.6526],[109.07817,-7.6526],[109.07801,-7.6526],[109.07801,-7.6522],[109.07801,-7.65219],[109.07801,-7.65214],[109.078,-7.65214],[109.07799,-7.65214],[109.07757,-7.65214],[109.07757,-7.65259],[109.07756,-7.65259],[109.07756,-7.65304],[109.07756,-7.65305],[109.07756,-7.6533],[109.07756,-7.65331],[109.07756,-7.6535],[109.07711,-7.6535],[109.07711,-7.65395],[109.0771,-7.65395],[109.0771,-7.6544],[109.07665,-7.6544],[109.07664,-7.6544],[109.07664,-7.65395],[109.07664,-7.65394],[109.07665,-7.65394],[109.07665,-7.6535],[109.07665,-7.65349],[109.07659,-7.65349],[109.07649,-7.65349],[109.0762,-7.65349],[109.0762,-7.65364],[109.0762,-7.65368],[109.0762,-7.65394],[109.07575,-7.65394],[109.07575,-7.65439],[109.07574,-7.65439],[109.0753,-7.65439],[109.0753,-7.65484],[109.07529,-7.65484],[109.07484,-7.65484],[109.07484,-7.65439],[109.07448,-7.65439],[109.07439,-7.65439],[109.07439,-7.65442],[109.07439,-7.65484],[109.07439,-7.65529],[109.07393,-7.65529],[109.07393,-7.65484],[109.07348,-7.65484],[109.07321,-7.65484],[109.07302,-7.65484],[109.07302,-7.65483],[109.07285,-7.65483],[109.07257,-7.65483],[109.07257,-7.65438],[109.07212,-7.65438],[109.07167,-7.65438],[109.07167,-7.65483],[109.07121,-7.65483],[109.07076,-7.65483],[109.07075,-7.65483],[109.07075,-7.65482],[109.07031,-7.65482],[109.07031,-7.65513],[109.07031,-7.65522],[109.07031,-7.65527],[109.0703,-7.65527],[109.06985,-7.65527],[109.06985,-7.65522],[109.06985,-7.65513],[109.06985,-7.65482],[109.06941,-7.65482],[109.06941,-7.65514],[109.06941,-7.65522],[109.06941,-7.65527],[109.0694,-7.65527],[109.06899,-7.65527],[109.06897,-7.65527],[109.06895,-7.65527],[109.06895,-7.65544],[109.06888,-7.65545],[109.06884,-7.65526],[109.06885,-7.65526],[109.06883,-7.65521],[109.06883,-7.65522],[109.06882,-7.65522],[109.06882,-7.65523],[109.06881,-7.65523],[109.06868,-7.65527],[109.06866,-7.65527],[109.0685,-7.65532],[109.0685,-7.65532],[109.06804,-7.65544],[109.06759,-7.65557],[109.06759,-7.65557],[109.06713,-7.6557],[109.06713,-7.65569],[109.06708,-7.65571],[109.06709,-7.65571],[109.06668,-7.65582],[109.06668,-7.65582],[109.06648,-7.65588],[109.06647,-7.65588],[109.06646,-7.65588],[109.06645,-7.65588],[109.06644,-7.65588],[109.06644,-7.65587],[109.06634,-7.65581],[109.06637,-7.65597],[109.0664,-7.65616],[109.06622,-7.65616],[109.06622,-7.65659],[109.06622,-7.65661],[109.06622,-7.65706],[109.06667,-7.65706],[109.06667,-7.65661],[109.06712,-7.65661],[109.06712,-7.65643],[109.06712,-7.65642],[109.06712,-7.65634],[109.06724,-7.65633],[109.06724,-7.65632],[109.06725,-7.65632],[109.06725,-7.65633],[109.06726,-7.65633],[109.06727,-7.65633],[109.06728,-7.65634],[109.06728,-7.65635],[109.06729,-7.65635],[109.06729,-7.65636],[109.0673,-7.65639],[109.06734,-7.65658],[109.06741,-7.65642],[109.06742,-7.65641],[109.06743,-7.6564],[109.06744,-7.6564],[109.06758,-7.65635],[109.06758,-7.65661],[109.06758,-7.65662],[109.06803,-7.65662],[109.06803,-7.65626],[109.06803,-7.65619],[109.06809,-7.65617],[109.06848,-7.65617],[109.06849,-7.65617],[109.06849,-7.65602],[109.06868,-7.65595],[109.06869,-7.65595],[109.06885,-7.65593],[109.06886,-7.65593],[109.06887,-7.65593],[109.06888,-7.65593],[109.06889,-7.65593],[109.06889,-7.65594],[109.0689,-7.65594],[109.0689,-7.65593],[109.0689,-7.65592],[109.06892,-7.65572],[109.06895,-7.6555],[109.06895,-7.65572],[109.06895,-7.65598],[109.06894,-7.65598],[109.06893,-7.65598],[109.06893,-7.65597],[109.06892,-7.65597],[109.06891,-7.65597],[109.06895,-7.65608],[109.06895,-7.65612],[109.06895,-7.65617],[109.06894,-7.65617],[109.06894,-7.65662],[109.06894,-7.65707],[109.06894,-7.65752],[109.06894,-7.65753],[109.06894,-7.65798],[109.06938,-7.65798],[109.06939,-7.65798],[109.06954,-7.65798],[109.06954,-7.65799],[109.06954,-7.658],[109.06954,-7.65801],[109.06953,-7.65817],[109.06974,-7.65836],[109.06975,-7.65798],[109.06984,-7.65798],[109.06984,-7.65843],[109.06939,-7.65843],[109.06938,-7.65843],[109.06893,-7.65843],[109.06893,-7.65888],[109.06893,-7.65933],[109.06938,-7.65933],[109.06938,-7.65888],[109.06984,-7.65888],[109.06984,-7.65934],[109.06938,-7.65934],[109.06938,-7.65979],[109.06893,-7.65979],[109.06892,-7.65979],[109.06892,-7.66024],[109.06847,-7.66024],[109.06847,-7.65979],[109.06847,-7.65978],[109.06847,-7.65933],[109.06847,-7.65888],[109.06802,-7.65888],[109.06757,-7.65888],[109.06712,-7.65888],[109.06712,-7.65932],[109.06712,-7.65933],[109.06712,-7.65978],[109.06757,-7.65978],[109.06757,-7.66023],[109.06712,-7.66023],[109.06712,-7.66068],[109.06756,-7.66068],[109.06757,-7.66068],[109.06802,-7.66068],[109.06802,-7.66114],[109.06847,-7.66114],[109.06847,-7.66159],[109.06847,-7.66204],[109.06801,-7.66204],[109.06801,-7.66249],[109.06801,-7.66294],[109.06801,-7.6634],[109.06845,-7.6634],[109.06845,-7.66295],[109.06846,-7.66295],[109.06846,-7.66249],[109.06891,-7.66249],[109.06891,-7.66204],[109.06892,-7.66204],[109.06892,-7.66159],[109.06937,-7.66159],[109.06937,-7.66204],[109.06937,-7.66205],[109.06982,-7.66205],[109.0699,-7.66205],[109.07,-7.66205],[109.07027,-7.66205],[109.07028,-7.66205],[109.07028,-7.6625],[109.07072,-7.6625],[109.07073,-7.6625],[109.07073,-7.66253],[109.07073,-7.66255],[109.07073,-7.66296],[109.07117,-7.66296],[109.07117,-7.66251],[109.07163,-7.66251],[109.07163,-7.66296],[109.07207,-7.66296],[109.07208,-7.66296],[109.07253,-7.66296],[109.07253,-7.66329],[109.07253,-7.66339],[109.07253,-7.6634],[109.07253,-7.66342],[109.07247,-7.66342],[109.07218,-7.66342],[109.07208,-7.66342],[109.07208,-7.66345],[109.07208,-7.66354],[109.07208,-7.66386],[109.07208,-7.66387],[109.07252,-7.66387],[109.07253,-7.66387],[109.07298,-7.66387],[109.07298,-7.66342],[109.07298,-7.66334],[109.07298,-7.66325],[109.07298,-7.66297],[109.07298,-7.66267],[109.07298,-7.66251],[109.07299,-7.66251],[109.07299,-7.66231],[109.07299,-7.66206],[109.07344,-7.66206],[109.07344,-7.66162],[109.07344,-7.66161],[109.07344,-7.66116],[109.0739,-7.66116],[109.0739,-7.66071],[109.07345,-7.66071],[109.07345,-7.66026],[109.073,-7.66026],[109.073,-7.6598],[109.07346,-7.6598],[109.07346,-7.66026],[109.0739,-7.66026],[109.07391,-7.66026],[109.07391,-7.65981],[109.07436,-7.65981],[109.07481,-7.65981],[109.07481,-7.66026],[109.07526,-7.66026],[109.07526,-7.66009],[109.07526,-7.65982],[109.07526,-7.65981],[109.07526,-7.65936],[109.07572,-7.65936],[109.07572,-7.65981],[109.07617,-7.65981],[109.07617,-7.65982],[109.07662,-7.65982],[109.07663,-7.65982],[109.07707,-7.65982],[109.07708,-7.65982],[109.07708,-7.65937],[109.07708,-7.65892],[109.07663,-7.65892],[109.07617,-7.65892],[109.07617,-7.65891],[109.07572,-7.65891],[109.07572,-7.65846],[109.07572,-7.65801],[109.07618,-7.65801],[109.07618,-7.65846],[109.07663,-7.65846],[109.07708,-7.65846],[109.07708,-7.65801],[109.07754,-7.65801],[109.07754,-7.65802],[109.07772,-7.65802],[109.07799,-7.65802],[109.078,-7.65802],[109.07808,-7.65802],[109.07808,-7.65784],[109.07809,-7.65784],[109.07826,-7.65784],[109.07844,-7.65784],[109.07845,-7.65784],[109.07863,-7.65784],[109.07863,-7.65757],[109.07863,-7.65712],[109.07863,-7.65694],[109.07845,-7.65694],[109.07844,-7.65694],[109.07826,-7.65694],[109.07826,-7.65711],[109.07826,-7.65712],[109.07808,-7.65712],[109.07808,-7.6573],[109.078,-7.6573],[109.07799,-7.6573],[109.07799,-7.65712],[109.07754,-7.65712],[109.07754,-7.65711],[109.07709,-7.65711],[109.07709,-7.65666],[109.07709,-7.65621],[109.07754,-7.65621],[109.07754,-7.65576],[109.07755,-7.65576],[109.07799,-7.65576],[109.078,-7.65576],[109.07845,-7.65576],[109.07891,-7.65576],[109.07891,-7.65621],[109.07936,-7.65621],[109.07936,-7.65622],[109.07954,-7.65622],[109.07954,-7.6564],[109.07936,-7.6564],[109.07936,-7.65667],[109.07936,-7.65676],[109.07954,-7.65676],[109.07954,-7.65712],[109.07954,-7.65748],[109.07971,-7.65748],[109.0798,-7.65748],[109.07981,-7.65748],[109.08008,-7.65748],[109.08008,-7.65757],[109.08008,-7.65758],[109.08008,-7.65767],[109.0798,-7.65767],[109.07971,-7.65767],[109.07971,-7.65802],[109.0798,-7.65802],[109.0799,-7.65802],[109.0799,-7.65803],[109.08025,-7.65803],[109.08026,-7.65803],[109.08026,-7.65785],[109.08044,-7.65785],[109.08044,-7.65803],[109.08062,-7.65803],[109.0807,-7.65803],[109.08071,-7.65803],[109.0808,-7.65803],[109.0808,-7.65839],[109.08071,-7.65839],[109.0807,-7.65839],[109.08062,-7.65839],[109.08043,-7.65839],[109.08025,-7.65839],[109.08007,-7.65839],[109.0798,-7.65839],[109.07971,-7.65839],[109.07971,-7.65848],[109.07971,-7.65857],[109.07953,-7.65857],[109.07953,-7.65893],[109.07935,-7.65893],[109.07935,-7.65929],[109.07952,-7.65929],[109.07971,-7.65929],[109.0798,-7.65929],[109.07989,-7.65929],[109.08007,-7.65929],[109.08007,-7.65938],[109.08007,-7.65947],[109.0798,-7.65947],[109.07971,-7.65947],[109.07971,-7.65965],[109.0797,-7.65965],[109.07935,-7.65965],[109.07934,-7.65965],[109.07916,-7.65965],[109.07916,-7.65947],[109.0789,-7.65947],[109.07889,-7.65947],[109.0788,-7.65947],[109.0788,-7.65965],[109.07879,-7.65965],[109.07844,-7.65965],[109.07825,-7.65965],[109.07798,-7.65965],[109.07798,-7.65937],[109.07799,-7.65937],[109.07799,-7.65928],[109.07826,-7.65928],[109.07826,-7.6591],[109.07844,-7.6591],[109.07844,-7.65893],[109.07844,-7.65892],[109.07845,-7.65892],[109.0788,-7.65892],[109.0788,-7.65847],[109.0788,-7.65838],[109.07845,-7.65838],[109.07844,-7.65838],[109.07826,-7.65838],[109.078,-7.65838],[109.07799,-7.65838],[109.0779,-7.65838],[109.0779,-7.65847],[109.0779,-7.65856],[109.07789,-7.65856],[109.07754,-7.65856],[109.07753,-7.65856],[109.07753,-7.65892],[109.07754,-7.65892],[109.07754,-7.65937],[109.07754,-7.65982],[109.07789,-7.65982],[109.07789,-7.65983],[109.07771,-7.65983],[109.07771,-7.66001],[109.07753,-7.66001],[109.07717,-7.66001],[109.07717,-7.66027],[109.07717,-7.66028],[109.07717,-7.66072],[109.07752,-7.66072],[109.07752,-7.66073],[109.07752,-7.66091],[109.07753,-7.66091],[109.07771,-7.66091],[109.07771,-7.66118],[109.07771,-7.66127],[109.0777,-7.66127],[109.07752,-7.66127],[109.07716,-7.66127],[109.07716,-7.66145],[109.07707,-7.66145],[109.07706,-7.66145],[109.07698,-7.66145],[109.07698,-7.66163],[109.07662,-7.66163],[109.07661,-7.66163],[109.07652,-7.66163],[109.07643,-7.66163],[109.07643,-7.66199],[109.07661,-7.66199],[109.07662,-7.66199],[109.07662,-7.66208],[109.07662,-7.66217],[109.07661,-7.66217],[109.07643,-7.66217],[109.07643,-7.66253],[109.07661,-7.66253],[109.07662,-7.66253],[109.07679,-7.66253],[109.07679,-7.66289],[109.07662,-7.66289],[109.07661,-7.66289],[109.07661,-7.66271],[109.07625,-7.66271],[109.07625,-7.66289],[109.07616,-7.66289],[109.07607,-7.66289],[109.07607,-7.66298],[109.07607,-7.66307],[109.07606,-7.66307],[109.07606,-7.66298],[109.07606,-7.66289],[109.07571,-7.66289],[109.07571,-7.66253],[109.07526,-7.66253],[109.07526,-7.66297],[109.07526,-7.66298],[109.0757,-7.66298],[109.0757,-7.66307],[109.07553,-7.66307],[109.07553,-7.66325],[109.07552,-7.66325],[109.07552,-7.66343],[109.07552,-7.66361],[109.0757,-7.66361],[109.07571,-7.66361],[109.07588,-7.66361],[109.07588,-7.66343],[109.07615,-7.66343],[109.07616,-7.66343],[109.07625,-7.66343],[109.07625,-7.66325],[109.07643,-7.66325],[109.07643,-7.66343],[109.07661,-7.66343],[109.07661,-7.66361],[109.07697,-7.66361],[109.07697,-7.66344],[109.07697,-7.66343],[109.07706,-7.66343],[109.07707,-7.66343],[109.07715,-7.66343],[109.07715,-7.6632],[109.07715,-7.66307],[109.07751,-7.66307],[109.07751,-7.66299],[109.07751,-7.66298],[109.07751,-7.66289],[109.07752,-7.66289],[109.0777,-7.66289],[109.0777,-7.66271],[109.07788,-7.66272],[109.07788,-7.6629],[109.07796,-7.6629],[109.07797,-7.6629],[109.07824,-7.6629],[109.07824,-7.66272],[109.07825,-7.66272],[109.07842,-7.66272],[109.0786,-7.66272],[109.0786,-7.66254],[109.07861,-7.66254],[109.07878,-7.66254],[109.07878,-7.6629],[109.07887,-7.6629],[109.07888,-7.6629],[109.07897,-7.6629],[109.07932,-7.6629],[109.07933,-7.6629],[109.07933,-7.66255],[109.07933,-7.66254],[109.07952,-7.66254],[109.07978,-7.66254],[109.07979,-7.66254],[109.08005,-7.66254],[109.08005,-7.66236],[109.08006,-7.66236],[109.08023,-7.66236],[109.08024,-7.66236],[109.08024,-7.66237],[109.0806,-7.66237],[109.0806,-7.6621],[109.0806,-7.66209],[109.0806,-7.66201],[109.08042,-7.66201],[109.08024,-7.66201],[109.08024,-7.662],[109.07988,-7.662],[109.07988,-7.66164],[109.07979,-7.66164],[109.07969,-7.66164],[109.07969,-7.66146],[109.07952,-7.66146],[109.07952,-7.66119],[109.07952,-7.6611],[109.07979,-7.6611],[109.07988,-7.6611],[109.07988,-7.66074],[109.08006,-7.66074],[109.08006,-7.66038],[109.08006,-7.66037],[109.08024,-7.66037],[109.08024,-7.66029],[109.08024,-7.66028],[109.08024,-7.6602],[109.08024,-7.66019],[109.08025,-7.66019],[109.08043,-7.66019],[109.08043,-7.66002],[109.08043,-7.66001],[109.08061,-7.66002],[109.08061,-7.6602],[109.0807,-7.6602],[109.08079,-7.6602],[109.08079,-7.66029],[109.08079,-7.66074],[109.08079,-7.66119],[109.08079,-7.6612],[109.08079,-7.66128],[109.08115,-7.66128],[109.08115,-7.6612],[109.08115,-7.66119],[109.08115,-7.66092],[109.08133,-7.66092],[109.08133,-7.66075],[109.08133,-7.66074],[109.08151,-7.66074],[109.08151,-7.66056],[109.08152,-7.66056],[109.08152,-7.66074],[109.0816,-7.66074],[109.08188,-7.66074],[109.08188,-7.66039],[109.08169,-7.66039],[109.08169,-7.66038],[109.08205,-7.66038],[109.08206,-7.66038],[109.08206,-7.6603],[109.08206,-7.66029],[109.08206,-7.6602],[109.08224,-7.6602],[109.08224,-7.66002],[109.08242,-7.66002],[109.08251,-7.66002],[109.08278,-7.66002],[109.08278,-7.65985],[109.08278,-7.65984],[109.08296,-7.65984],[109.08297,-7.65984],[109.08297,-7.65949],[109.08296,-7.65949],[109.08261,-7.65949],[109.08261,-7.65967],[109.0826,-7.65967],[109.0826,-7.65948],[109.08261,-7.65948],[109.08296,-7.65948],[109.08297,-7.65948],[109.08297,-7.6594],[109.08297,-7.6593],[109.08315,-7.6593],[109.08315,-7.65931],[109.08315,-7.6594],[109.08315,-7.65949],[109.08342,-7.65949],[109.08342,-7.65985],[109.08387,-7.65985],[109.08387,-7.6594],[109.08351,-7.6594],[109.08351,-7.65895],[109.08343,-7.65895],[109.08342,-7.65895],[109.08315,-7.65895],[109.08297,-7.65895],[109.08278,-7.65895],[109.08278,-7.65894],[109.08279,-7.65894],[109.08279,-7.65849],[109.08279,-7.6584],[109.08297,-7.6584],[109.08298,-7.6584],[109.08333,-7.6584],[109.08333,-7.65804],[109.08316,-7.65804],[109.08316,-7.65759],[109.08316,-7.6575],[109.08316,-7.65714],[109.08343,-7.65714],[109.08343,-7.65669],[109.08388,-7.65669],[109.08388,-7.65624],[109.08344,-7.65624],[109.08343,-7.65624],[109.08299,-7.65624],[109.08299,-7.6566],[109.08298,-7.6566],[109.08298,-7.65641],[109.08262,-7.65641],[109.08262,-7.65659],[109.08253,-7.65659],[109.08253,-7.65623],[109.08226,-7.65623],[109.08226,-7.65578],[109.08226,-7.65569],[109.08209,-7.65569],[109.08208,-7.65569],[109.0819,-7.65569],[109.08163,-7.65569],[109.08154,-7.65569],[109.08154,-7.65577],[109.08154,-7.65578],[109.08154,-7.65587],[109.08153,-7.65587],[109.08117,-7.65587],[109.08117,-7.65622],[109.08135,-7.65622],[109.08162,-7.65622],[109.08163,-7.65622],[109.08171,-7.65622],[109.08171,-7.65623],[109.0819,-7.65623],[109.08208,-7.65623],[109.08208,-7.65668],[109.08225,-7.65668],[109.08226,-7.65668],[109.08226,-7.65677],[109.08225,-7.65677],[109.08208,-7.65677],[109.08207,-7.65677],[109.08207,-7.65695],[109.08189,-7.65695],[109.08171,-7.65695],[109.08171,-7.65668],[109.08171,-7.65641],[109.08163,-7.65641],[109.08162,-7.65641],[109.08153,-7.65641],[109.08153,-7.65623],[109.08117,-7.65623],[109.08081,-7.65623],[109.08081,-7.6564],[109.0808,-7.6564],[109.08072,-7.6564],[109.08071,-7.6564],[109.08063,-7.6564],[109.08062,-7.6564],[109.08027,-7.6564],[109.08027,-7.65622],[109.08044,-7.65622],[109.08044,-7.65604],[109.08045,-7.65604],[109.08045,-7.65586],[109.08062,-7.65586],[109.08062,-7.65578],[109.08062,-7.65577],[109.08062,-7.6555],[109.08045,-7.6555],[109.08045,-7.65542],[109.08072,-7.65541],[109.0809,-7.65541],[109.08113,-7.6554],[109.08117,-7.6554],[109.08163,-7.65537],[109.08196,-7.65536],[109.082,-7.65535],[109.08206,-7.65532],[109.08208,-7.65532],[109.08209,-7.65532],[109.08233,-7.65532],[109.08253,-7.65532],[109.08254,-7.65532],[109.08254,-7.65533],[109.08269,-7.65533],[109.0828,-7.65533],[109.08298,-7.65533],[109.08298,-7.6551],[109.08298,-7.655],[109.08298,-7.6549],[109.08298,-7.65488],[109.08298,-7.65472],[109.08324,-7.65456],[109.08325,-7.65456],[109.08325,-7.65455],[109.08344,-7.6545],[109.0836,-7.65446],[109.08361,-7.65446],[109.08362,-7.65446],[109.08363,-7.65446],[109.08366,-7.65445],[109.08364,-7.65443],[109.08365,-7.65443],[109.08344,-7.654],[109.08344,-7.65398],[109.08362,-7.65398],[109.08375,-7.65443],[109.08375,-7.65444],[109.08376,-7.65444],[109.08376,-7.65445],[109.08377,-7.65445],[109.08383,-7.65456],[109.08389,-7.65454],[109.08389,-7.65454],[109.08419,-7.65446],[109.08419,-7.65443],[109.08418,-7.65438],[109.08418,-7.65437],[109.08418,-7.65436],[109.08419,-7.65435],[109.08419,-7.65434],[109.0842,-7.65434],[109.0842,-7.65433],[109.08421,-7.65433],[109.08422,-7.65433],[109.08423,-7.65433],[109.08435,-7.65433],[109.08435,-7.65443],[109.08436,-7.65443],[109.0848,-7.65443],[109.0848,-7.65433],[109.0848,-7.65427],[109.08509,-7.65418],[109.08526,-7.65412],[109.08526,-7.65413],[109.08542,-7.65407],[109.08568,-7.65398],[109.0857,-7.65398],[109.08572,-7.65397],[109.08572,-7.65399],[109.08616,-7.65399],[109.08616,-7.65383],[109.08641,-7.65374],[109.08642,-7.65374],[109.08643,-7.65374],[109.08644,-7.65374],[109.08644,-7.65375],[109.08645,-7.65375],[109.08646,-7.65375],[109.08646,-7.65376],[109.08647,-7.65376],[109.08647,-7.65377],[109.08647,-7.65378],[109.08647,-7.65379],[109.08646,-7.65399],[109.08617,-7.65399],[109.08617,-7.65405],[109.08617,-7.65408],[109.08589,-7.65408],[109.08571,-7.65408],[109.08571,-7.65409],[109.08571,-7.6541],[109.08571,-7.65444],[109.08552,-7.65444],[109.08526,-7.65444],[109.08525,-7.65444],[109.08516,-7.65444],[109.08516,-7.6548],[109.08525,-7.6548],[109.08526,-7.6548],[109.08534,-7.6548],[109.08535,-7.6548],[109.08535,-7.65489],[109.08535,-7.65516],[109.08553,-7.65516],[109.0857,-7.65516],[109.08571,-7.65516],[109.08606,-7.65516],[109.08606,-7.65498],[109.08607,-7.65498],[109.08615,-7.65498],[109.08616,-7.65498],[109.08621,-7.65498],[109.08619,-7.6553],[109.08624,-7.65534],[109.08625,-7.65534],[109.08625,-7.65534],[109.08628,-7.65498],[109.08643,-7.65498],[109.08643,-7.65489],[109.08643,-7.65462],[109.08641,-7.65462],[109.08631,-7.65462],[109.08625,-7.65462],[109.08625,-7.65444],[109.08642,-7.65444],[109.08641,-7.65455],[109.08662,-7.65452],[109.08662,-7.65489],[109.08706,-7.65489],[109.08706,-7.65445],[109.08713,-7.65444],[109.08752,-7.65444],[109.08752,-7.65438],[109.08798,-7.65431],[109.08798,-7.65445],[109.08797,-7.65445],[109.08752,-7.65445],[109.08752,-7.65489],[109.08752,-7.6549],[109.08797,-7.6549],[109.08798,-7.6549],[109.08798,-7.65535],[109.08842,-7.65535],[109.08843,-7.65535],[109.08887,-7.65535],[109.08887,-7.6549],[109.08925,-7.6549],[109.08932,-7.6549],[109.08932,-7.65482],[109.08932,-7.65445],[109.08919,-7.65445],[109.08912,-7.65445],[109.08887,-7.65445],[109.08887,-7.65417],[109.08902,-7.65415],[109.08895,-7.654],[109.08931,-7.654],[109.08933,-7.65403],[109.08933,-7.65445],[109.08968,-7.65445],[109.08972,-7.65451],[109.08972,-7.6545],[109.08973,-7.6545],[109.08974,-7.65449],[109.08975,-7.65449],[109.08975,-7.65448],[109.08975,-7.65447],[109.08976,-7.65447],[109.08976,-7.65446],[109.08977,-7.65446],[109.08978,-7.65445],[109.08978,-7.65444],[109.08979,-7.65444],[109.08979,-7.65443],[109.09017,-7.654],[109.0902,-7.654],[109.0902,-7.65423],[109.09011,-7.65423],[109.09011,-7.65431],[109.0902,-7.65432],[109.0902,-7.65446],[109.0902,-7.6545],[109.09024,-7.6545],[109.09024,-7.65491],[109.08978,-7.65491],[109.08935,-7.65491],[109.08933,-7.65491],[109.08933,-7.65501],[109.08933,-7.65502],[109.08933,-7.65535],[109.08933,-7.65536],[109.08933,-7.65581],[109.08932,-7.65581],[109.08888,-7.65581],[109.08888,-7.65626],[109.08887,-7.65626],[109.08842,-7.65626],[109.08842,-7.65671],[109.08797,-7.65671],[109.08796,-7.65671],[109.08796,-7.65716],[109.08751,-7.65716],[109.08751,-7.65761],[109.08705,-7.65761],[109.08705,-7.65806],[109.0875,-7.65806],[109.0875,-7.65851],[109.0875,-7.65896],[109.0875,-7.65941],[109.0875,-7.65942],[109.08795,-7.65942],[109.08795,-7.6595],[109.08795,-7.65959],[109.08795,-7.65987],[109.0875,-7.65987],[109.08749,-7.65987],[109.08704,-7.65987],[109.08704,-7.66032],[109.08749,-7.66032],[109.08794,-7.66032],[109.08839,-7.66032],[109.08839,-7.65987],[109.08885,-7.65987],[109.08885,-7.66032],[109.08885,-7.66033],[109.08885,-7.66078],[109.0884,-7.66078],[109.08839,-7.66078],[109.08794,-7.66078],[109.08794,-7.66077],[109.08749,-7.66077],[109.08704,-7.66077],[109.08704,-7.66122],[109.08749,-7.66122],[109.08794,-7.66122],[109.08794,-7.66168],[109.08749,-7.66168],[109.08749,-7.66213],[109.08703,-7.66213],[109.08703,-7.66168],[109.08703,-7.66167],[109.08703,-7.66122],[109.08659,-7.66122],[109.08658,-7.66122],[109.08613,-7.66122],[109.08613,-7.66077],[109.08568,-7.66077],[109.08568,-7.66076],[109.08523,-7.66076],[109.08523,-7.66121],[109.08523,-7.66166],[109.08523,-7.66167],[109.08522,-7.66167],[109.08522,-7.66212],[109.08476,-7.66212],[109.08476,-7.66166],[109.08477,-7.66166],[109.08477,-7.66121],[109.08432,-7.66121],[109.08432,-7.66166],[109.08387,-7.66166],[109.08386,-7.66166],[109.08341,-7.66166],[109.08296,-7.66166],[109.08296,-7.66211],[109.0834,-7.66211],[109.08341,-7.66211],[109.08386,-7.66211],[109.08386,-7.66256],[109.08386,-7.66301],[109.0843,-7.66301],[109.0843,-7.66257],[109.0843,-7.66256],[109.08476,-7.66256],[109.08476,-7.66257],[109.08476,-7.66302],[109.08431,-7.66302],[109.08431,-7.6634],[109.08431,-7.66341],[109.08431,-7.66347],[109.08431,-7.66392],[109.08386,-7.66392],[109.08386,-7.66437],[109.0843,-7.66437],[109.08431,-7.66437],[109.08475,-7.66437],[109.08476,-7.66437],[109.08476,-7.66483],[109.0852,-7.66483],[109.08521,-7.66483],[109.08565,-7.66483],[109.08566,-7.66483],[109.08566,-7.66438],[109.08612,-7.66438],[109.08612,-7.66483],[109.08656,-7.66483],[109.08657,-7.66483],[109.08702,-7.66483],[109.08702,-7.66438],[109.08748,-7.66438],[109.08748,-7.66439],[109.08792,-7.66439],[109.08793,-7.66439],[109.08793,-7.66394],[109.08838,-7.66394],[109.08838,-7.66349],[109.08793,-7.66349],[109.08793,-7.66303],[109.08839,-7.66303],[109.08884,-7.66303],[109.08885,-7.66303],[109.08885,-7.66304],[109.08929,-7.66304],[109.08929,-7.66261],[109.08929,-7.66259],[109.08974,-7.66259],[109.08975,-7.66259],[109.08977,-7.66259],[109.08978,-7.66259],[109.08979,-7.66259],[109.08998,-7.66259],[109.0902,-7.66259],[109.0902,-7.66304],[109.09058,-7.66304],[109.09065,-7.66304],[109.09065,-7.66295],[109.09065,-7.66259],[109.0909,-7.66259],[109.09102,-7.66259],[109.09111,-7.66259],[109.09111,-7.66305],[109.09069,-7.66305],[109.09065,-7.66305],[109.09065,-7.6631],[109.09065,-7.66349],[109.09065,-7.6635],[109.09065,-7.66395],[109.0911,-7.66395],[109.0911,-7.6644],[109.09155,-7.6644],[109.09155,-7.66395],[109.09201,-7.66395],[109.09201,-7.66441],[109.09155,-7.66441],[109.09155,-7.66486],[109.0911,-7.66486],[109.09109,-7.66486],[109.09109,-7.6644],[109.09064,-7.6644],[109.09064,-7.66395],[109.0902,-7.66395],[109.09019,-7.66395],[109.08975,-7.66395],[109.08974,-7.66395],[109.08929,-7.66395],[109.08929,-7.66394],[109.08929,-7.6635],[109.08929,-7.66349],[109.08913,-7.66349],[109.08885,-7.66349],[109.08884,-7.66349],[109.08884,-7.66394],[109.08884,-7.66439],[109.08884,-7.66484],[109.08838,-7.66484],[109.08838,-7.66511],[109.08838,-7.6652],[109.08838,-7.66529],[109.08813,-7.66529],[109.08793,-7.66529],[109.08792,-7.66529],[109.08792,-7.66538],[109.08792,-7.66574],[109.08792,-7.66619],[109.08792,-7.6662],[109.08792,-7.66665],[109.08746,-7.66665],[109.08746,-7.6662],[109.08746,-7.66619],[109.08701,-7.66619],[109.08701,-7.66574],[109.08656,-7.66574],[109.08615,-7.66574],[109.08614,-7.66574],[109.08611,-7.66574],[109.08611,-7.66619],[109.08611,-7.66664],[109.08611,-7.66709],[109.08655,-7.66709],[109.08656,-7.66709],[109.08701,-7.66709],[109.08701,-7.66755],[109.08656,-7.66755],[109.08655,-7.66755],[109.0861,-7.66755],[109.0861,-7.66754],[109.0861,-7.66709],[109.08566,-7.66709],[109.08566,-7.66754],[109.08565,-7.66754],[109.08565,-7.66799],[109.0852,-7.66799],[109.08519,-7.66799],[109.085,-7.66799],[109.0848,-7.66799],[109.08474,-7.66799],[109.08474,-7.66844],[109.08474,-7.66889],[109.08476,-7.66889],[109.08519,-7.66889],[109.08519,-7.66844],[109.08565,-7.66844],[109.08565,-7.6689],[109.0861,-7.6689],[109.0861,-7.66845],[109.08655,-7.66845],[109.08655,-7.668],[109.08701,-7.668],[109.08701,-7.66845],[109.08656,-7.66845],[109.08656,-7.6689],[109.08701,-7.6689],[109.08701,-7.66935],[109.08745,-7.66935],[109.08745,-7.66891],[109.08745,-7.6689],[109.08745,-7.66845],[109.08745,-7.668],[109.08746,-7.668],[109.08791,-7.668],[109.08836,-7.668],[109.08836,-7.66845],[109.08836,-7.66846],[109.08881,-7.66846],[109.08881,-7.66801],[109.08927,-7.66801],[109.08927,-7.66756],[109.08972,-7.66756],[109.08972,-7.66711],[109.08927,-7.66711],[109.08927,-7.66666],[109.08927,-7.66665],[109.08927,-7.6662],[109.08973,-7.6662],[109.08973,-7.66665],[109.08973,-7.66666],[109.09018,-7.66666],[109.09018,-7.66621],[109.09018,-7.66575],[109.08973,-7.66575],[109.08973,-7.6653],[109.08928,-7.6653],[109.08928,-7.66486],[109.08928,-7.66485],[109.08931,-7.66485],[109.08974,-7.66485],[109.08974,-7.6653],[109.09019,-7.6653],[109.09019,-7.66575],[109.09064,-7.66575],[109.09064,-7.66621],[109.09109,-7.66621],[109.09109,-7.66576],[109.09154,-7.66576],[109.09154,-7.66531],[109.09155,-7.66531],[109.092,-7.66531],[109.092,-7.66576],[109.09245,-7.66576],[109.09245,-7.66622],[109.09282,-7.66622],[109.0929,-7.66622],[109.0929,-7.66667],[109.0929,-7.66668],[109.09283,-7.66676],[109.09285,-7.66712],[109.09245,-7.66712],[109.09245,-7.66757],[109.09245,-7.66802],[109.09245,-7.66847],[109.09265,-7.66847],[109.0928,-7.66847],[109.0928,-7.66865],[109.0928,-7.66866],[109.0928,-7.66867],[109.09279,-7.66867],[109.09279,-7.66868],[109.09278,-7.66869],[109.09282,-7.66893],[109.09268,-7.66893],[109.09244,-7.66893],[109.09244,-7.66938],[109.09244,-7.66983],[109.09243,-7.66983],[109.09243,-7.67028],[109.09198,-7.67028],[109.09197,-7.67028],[109.09152,-7.67028],[109.09152,-7.66983],[109.09197,-7.66983],[109.09198,-7.66983],[109.09198,-7.66938],[109.09153,-7.66938],[109.09107,-7.66938],[109.09107,-7.66937],[109.09062,-7.66937],[109.09062,-7.66892],[109.09017,-7.66892],[109.09017,-7.66937],[109.09017,-7.66982],[109.09062,-7.66982],[109.09062,-7.67027],[109.09062,-7.67028],[109.09016,-7.67028],[109.09016,-7.67072],[109.08971,-7.67072],[109.08971,-7.67027],[109.08971,-7.66982],[109.08926,-7.66982],[109.08926,-7.66937],[109.08881,-7.66937],[109.08881,-7.66936],[109.08836,-7.66936],[109.08836,-7.66981],[109.08791,-7.66981],[109.08791,-7.67026],[109.08791,-7.67071],[109.08745,-7.67071],[109.08745,-7.67116],[109.08745,-7.67162],[109.0879,-7.67162],[109.0879,-7.67207],[109.08744,-7.67207],[109.08699,-7.67207],[109.08699,-7.67252],[109.08743,-7.67252],[109.08744,-7.67252],[109.08789,-7.67252],[109.08835,-7.67252],[109.08835,-7.67298],[109.08834,-7.67298],[109.08834,-7.67343],[109.08788,-7.67343],[109.08788,-7.67297],[109.08744,-7.67297],[109.08744,-7.67342],[109.08698,-7.67342],[109.08698,-7.67387],[109.08743,-7.67387],[109.08743,-7.67433],[109.08698,-7.67433],[109.08698,-7.67477],[109.08698,-7.67478],[109.08742,-7.67478],[109.08743,-7.67478],[109.08787,-7.67478],[109.08788,-7.67478],[109.08833,-7.67478],[109.08878,-7.67478],[109.08878,-7.67433],[109.08879,-7.67433],[109.08879,-7.67388],[109.08924,-7.67388],[109.08925,-7.67388],[109.0897,-7.67388],[109.0897,-7.67433],[109.0897,-7.67434],[109.09014,-7.67434],[109.09015,-7.67434],[109.09015,-7.67389],[109.09015,-7.67344],[109.09015,-7.67343],[109.09015,-7.67299],[109.09015,-7.67298],[109.09015,-7.67253],[109.09016,-7.67253],[109.09016,-7.67208],[109.09061,-7.67208],[109.09062,-7.67208],[109.09106,-7.67208],[109.09107,-7.67208],[109.09107,-7.67253],[109.09107,-7.67254],[109.09107,-7.67299],[109.09151,-7.67299],[109.09152,-7.67299],[109.09196,-7.67299],[109.09197,-7.67299],[109.0922,-7.67299],[109.09222,-7.67299],[109.09236,-7.67319],[109.0923,-7.67312],[109.09236,-7.6732],[109.09237,-7.67321],[109.09242,-7.67329],[109.09242,-7.67329],[109.09252,-7.67344],[109.09253,-7.67344],[109.09264,-7.67361],[109.09265,-7.67362],[109.09282,-7.67387],[109.09283,-7.67387],[109.09283,-7.67388],[109.09283,-7.67389],[109.09284,-7.6739],[109.09285,-7.67391],[109.09285,-7.67392],[109.09286,-7.67393],[109.09286,-7.67393],[109.09289,-7.67398],[109.0929,-7.67398],[109.0929,-7.67399],[109.09301,-7.67415],[109.09302,-7.67415],[109.09302,-7.67416],[109.09303,-7.67416],[109.09304,-7.67417],[109.09307,-7.67421],[109.09314,-7.6743],[109.09318,-7.67435],[109.09332,-7.67453],[109.09332,-7.67453],[109.09354,-7.6748],[109.09355,-7.6748],[109.09357,-7.67483],[109.09377,-7.67499],[109.09377,-7.675],[109.09378,-7.675],[109.09405,-7.67526],[109.09407,-7.67528],[109.09408,-7.67528],[109.09421,-7.67544],[109.09413,-7.67544],[109.09395,-7.67544],[109.09377,-7.67544],[109.09376,-7.67544],[109.09376,-7.67526],[109.09359,-7.67526],[109.09332,-7.67526],[109.09331,-7.67526],[109.09323,-7.67526],[109.09323,-7.67562],[109.09304,-7.67562],[109.09304,-7.67571],[109.09304,-7.67598],[109.09304,-7.67616],[109.09304,-7.67652],[109.09304,-7.67661],[109.09304,-7.6767],[109.09303,-7.6767],[109.09286,-7.6767],[109.09285,-7.6767],[109.09285,-7.67706],[109.09286,-7.67706],[109.09303,-7.67706],[109.09304,-7.67706],[109.09304,-7.67742],[109.09322,-7.67742],[109.09331,-7.67742],[109.09331,-7.67743],[109.09331,-7.67751],[109.09331,-7.67752],[109.09376,-7.67752],[109.09376,-7.67797],[109.09376,-7.67842],[109.09421,-7.67842],[109.09421,-7.67797],[109.09467,-7.67797],[109.09467,-7.67843],[109.09421,-7.67843],[109.09421,-7.67888],[109.09375,-7.67888],[109.09375,-7.67887],[109.0933,-7.67887],[109.0933,-7.67932],[109.09285,-7.67932],[109.09284,-7.67932],[109.09239,-7.67932],[109.09194,-7.67932],[109.09193,-7.67932],[109.09148,-7.67932],[109.09148,-7.67976],[109.09148,-7.67977],[109.09148,-7.68022],[109.09103,-7.68022],[109.09058,-7.68022],[109.09058,-7.68067],[109.09103,-7.68067],[109.09103,-7.68112],[109.09103,-7.68157],[109.09057,-7.68157],[109.09057,-7.68112],[109.09057,-7.68067],[109.09012,-7.68067],[109.09012,-7.68112],[109.08967,-7.68112],[109.08966,-7.68112],[109.08921,-7.68112],[109.08921,-7.68156],[109.08921,-7.68157],[109.08875,-7.68157],[109.08875,-7.68156],[109.08875,-7.68111],[109.08876,-7.68111],[109.08876,-7.68066],[109.08876,-7.68021],[109.08831,-7.68021],[109.08786,-7.68021],[109.08786,-7.68065],[109.08786,-7.68066],[109.08785,-7.68066],[109.08785,-7.6811],[109.08785,-7.68111],[109.08785,-7.68156],[109.08785,-7.68201],[109.08829,-7.68201],[109.0883,-7.68201],[109.08875,-7.68201],[109.08875,-7.68247],[109.0883,-7.68247],[109.0883,-7.68292],[109.08784,-7.68292],[109.08784,-7.68291],[109.08739,-7.68291],[109.08739,-7.68246],[109.08695,-7.68246],[109.08695,-7.68291],[109.08694,-7.68291],[109.08694,-7.68336],[109.08649,-7.68336],[109.08648,-7.68336],[109.08603,-7.68336],[109.08603,-7.68291],[109.08603,-7.68245],[109.08559,-7.68245],[109.08558,-7.68245],[109.08513,-7.68245],[109.08513,-7.682],[109.08468,-7.682],[109.08468,-7.68245],[109.08422,-7.68245],[109.08422,-7.6829],[109.08381,-7.6829],[109.08376,-7.6829],[109.08376,-7.68247],[109.08376,-7.68244],[109.08422,-7.68244],[109.08422,-7.682],[109.08422,-7.68199],[109.08422,-7.68154],[109.08468,-7.68154],[109.08514,-7.68154],[109.08514,-7.68155],[109.08558,-7.68155],[109.08559,-7.68155],[109.08559,-7.6811],[109.08559,-7.68065],[109.08559,-7.68064],[109.08559,-7.6802],[109.08559,-7.68019],[109.08559,-7.67974],[109.08514,-7.67974],[109.08514,-7.67929],[109.08469,-7.67929],[109.08469,-7.67884],[109.08469,-7.67883],[109.08469,-7.67838],[109.08469,-7.67793],[109.08424,-7.67793],[109.08424,-7.67748],[109.08424,-7.67702],[109.0847,-7.67702],[109.0847,-7.67703],[109.08515,-7.67703],[109.08515,-7.67658],[109.0847,-7.67658],[109.0847,-7.67612],[109.08425,-7.67612],[109.08425,-7.67657],[109.0838,-7.67657],[109.0838,-7.67702],[109.08379,-7.67702],[109.08379,-7.67747],[109.08334,-7.67747],[109.08334,-7.67702],[109.08289,-7.67702],[109.08288,-7.67702],[109.08244,-7.67702],[109.08244,-7.67747],[109.08199,-7.67747],[109.08198,-7.67747],[109.08196,-7.67747],[109.08153,-7.67747],[109.08153,-7.67701],[109.08108,-7.67701],[109.08108,-7.67746],[109.08108,-7.67791],[109.08062,-7.67791],[109.08062,-7.67836],[109.08017,-7.67836],[109.08016,-7.67836],[109.07971,-7.67836],[109.07971,-7.67881],[109.08016,-7.67881],[109.08062,-7.67881],[109.08062,-7.67927],[109.08106,-7.67927],[109.08106,-7.67882],[109.08152,-7.67882],[109.08197,-7.67882],[109.08198,-7.67882],[109.08216,-7.67882],[109.08243,-7.67882],[109.08243,-7.67927],[109.08243,-7.67928],[109.08243,-7.67973],[109.08288,-7.67973],[109.08288,-7.68018],[109.08261,-7.68018],[109.0826,-7.68018],[109.08242,-7.68018],[109.08242,-7.68063],[109.08197,-7.68063],[109.08197,-7.68108],[109.08242,-7.68108],[109.08242,-7.68153],[109.08242,-7.68154],[109.08196,-7.68154],[109.08196,-7.68198],[109.08151,-7.68198],[109.08151,-7.68243],[109.08106,-7.68243],[109.08105,-7.68243],[109.08061,-7.68243],[109.0806,-7.68243],[109.08015,-7.68243],[109.08015,-7.68198],[109.0797,-7.68198],[109.0797,-7.68243],[109.07924,-7.68243],[109.07924,-7.68197],[109.07924,-7.68152],[109.0788,-7.68152],[109.0788,-7.68197],[109.07834,-7.68197],[109.07834,-7.68152],[109.07879,-7.68152],[109.07879,-7.68107],[109.07925,-7.68107],[109.07925,-7.68062],[109.0788,-7.68062],[109.07835,-7.68062],[109.07835,-7.68106],[109.07789,-7.68106],[109.07789,-7.68097],[109.07798,-7.68097],[109.07798,-7.68061],[109.07834,-7.68061],[109.07834,-7.68016],[109.07835,-7.68016],[109.07835,-7.67971],[109.0779,-7.67971],[109.07789,-7.67971],[109.07744,-7.67971],[109.07744,-7.67926],[109.07744,-7.67925],[109.07699,-7.67925],[109.07699,-7.6788],[109.07699,-7.67835],[109.077,-7.67835],[109.077,-7.6779],[109.077,-7.67789],[109.077,-7.67745],[109.077,-7.67744],[109.07655,-7.67744],[109.07654,-7.67744],[109.07654,-7.67699],[109.0761,-7.67699],[109.0761,-7.67744],[109.07564,-7.67744],[109.07564,-7.67699],[109.07519,-7.67699],[109.07519,-7.67698],[109.07474,-7.67698],[109.07429,-7.67698],[109.07428,-7.67698],[109.07383,-7.67698],[109.07383,-7.67743],[109.07383,-7.67788],[109.07428,-7.67788],[109.07428,-7.67833],[109.07428,-7.67834],[109.07428,-7.67879],[109.07427,-7.67879],[109.07427,-7.67924],[109.07472,-7.67924],[109.07472,-7.67879],[109.07518,-7.67879],[109.07518,-7.67924],[109.07563,-7.67924],[109.07563,-7.67969],[109.07563,-7.6797],[109.07563,-7.68015],[109.07563,-7.6806],[109.07608,-7.6806],[109.07608,-7.68015],[109.07654,-7.68015],[109.07654,-7.6806],[109.07654,-7.68061],[109.07608,-7.68061],[109.07608,-7.68105],[109.07653,-7.68105],[109.07653,-7.68151],[109.07607,-7.68151],[109.07607,-7.68105],[109.07563,-7.68105],[109.07562,-7.68105],[109.07562,-7.6815],[109.07562,-7.68196],[109.07516,-7.68196],[109.07516,-7.6815],[109.07472,-7.6815],[109.07471,-7.6815],[109.07427,-7.6815],[109.07426,-7.6815],[109.07404,-7.6815],[109.07394,-7.6815],[109.07382,-7.6815],[109.07382,-7.68195],[109.07381,-7.68195],[109.07336,-7.68195],[109.07336,-7.6815],[109.07336,-7.68149],[109.07291,-7.68149],[109.0729,-7.68149],[109.07245,-7.68149],[109.07245,-7.68104],[109.0729,-7.68104],[109.07291,-7.68104],[109.07291,-7.68059],[109.0729,-7.68059],[109.0729,-7.68023],[109.07273,-7.68023],[109.07273,-7.68022],[109.07291,-7.68022],[109.07291,-7.68014],[109.07291,-7.67987],[109.07255,-7.67987],[109.07255,-7.68005],[109.07246,-7.68005],[109.07237,-7.68005],[109.07237,-7.68013],[109.07237,-7.68059],[109.072,-7.68059],[109.072,-7.68058],[109.07155,-7.68058],[109.07109,-7.68058],[109.07109,-7.68013],[109.07064,-7.68013],[109.07064,-7.67967],[109.07065,-7.67967],[109.07065,-7.67923],[109.07065,-7.67922],[109.07065,-7.67877],[109.0702,-7.67877],[109.0702,-7.67841],[109.07056,-7.67841],[109.07056,-7.67832],[109.07056,-7.67823],[109.07057,-7.67823],[109.07066,-7.67823],[109.07074,-7.67823],[109.0711,-7.67823],[109.0711,-7.67787],[109.07093,-7.67787],[109.07075,-7.67787],[109.07074,-7.67787],[109.07066,-7.67787],[109.07039,-7.67787],[109.07039,-7.67786],[109.07039,-7.67769],[109.07021,-7.67769],[109.0702,-7.67769],[109.07003,-7.67769],[109.07003,-7.67786],[109.07003,-7.67787],[109.07002,-7.67787],[109.07002,-7.67832],[109.06975,-7.67832],[109.06975,-7.67876],[109.06975,-7.67877],[109.06975,-7.67922],[109.06975,-7.67967],[109.06929,-7.67967],[109.06929,-7.67922],[109.06929,-7.67877],[109.06884,-7.67877],[109.06884,-7.67876],[109.06838,-7.67876],[109.06838,-7.67831],[109.06884,-7.67831],[109.06929,-7.67831],[109.06929,-7.67786],[109.0693,-7.67786],[109.0693,-7.67741],[109.06975,-7.67741],[109.06975,-7.67696],[109.06975,-7.67651],[109.06976,-7.67651],[109.07021,-7.67651],[109.07021,-7.67696],[109.07021,-7.67741],[109.07066,-7.67741],[109.07066,-7.67696],[109.07111,-7.67696],[109.07111,-7.67741],[109.07111,-7.67742],[109.07156,-7.67742],[109.07156,-7.67697],[109.07156,-7.67652],[109.07156,-7.67651],[109.07202,-7.67651],[109.07202,-7.67652],[109.07247,-7.67652],[109.07247,-7.67607],[109.07292,-7.67607],[109.07293,-7.67607],[109.07338,-7.67607],[109.07338,-7.67562],[109.07357,-7.67562],[109.07369,-7.67562],[109.07383,-7.67562],[109.07384,-7.67562],[109.07384,-7.67517],[109.07338,-7.67517],[109.07338,-7.67494],[109.07338,-7.67486],[109.07338,-7.67472],[109.07339,-7.67472],[109.07339,-7.67427],[109.07339,-7.67426],[109.07294,-7.67426],[109.07294,-7.67381],[109.07339,-7.67381],[109.07339,-7.67336],[109.07295,-7.67336],[109.07294,-7.67336],[109.07249,-7.67336],[109.07249,-7.67291],[109.07249,-7.6729],[109.07294,-7.6729],[109.07294,-7.67246],[109.07294,-7.67245],[109.0734,-7.67245],[109.0734,-7.67246],[109.0734,-7.67291],[109.0734,-7.67336],[109.07384,-7.67336],[109.07385,-7.67336],[109.07385,-7.67381],[109.07385,-7.67382],[109.07385,-7.67426],[109.07385,-7.67427],[109.07385,-7.67466],[109.07385,-7.67472],[109.07393,-7.67472],[109.07429,-7.67472],[109.07429,-7.67457],[109.07429,-7.67448],[109.07429,-7.67427],[109.07474,-7.67427],[109.07474,-7.67382],[109.07474,-7.67337],[109.07475,-7.67337],[109.07475,-7.67292],[109.0743,-7.67292],[109.0743,-7.67291],[109.0743,-7.67246],[109.07475,-7.67246],[109.07476,-7.67246],[109.07521,-7.67246],[109.07521,-7.67291],[109.07521,-7.67292],[109.07521,-7.67337],[109.07565,-7.67337],[109.07566,-7.67337],[109.07611,-7.67337],[109.07611,-7.67292],[109.07657,-7.67292],[109.07657,-7.67337],[109.07697,-7.67337],[109.07702,-7.67337],[109.07702,-7.67335],[109.07702,-7.67293],[109.07702,-7.67292],[109.07702,-7.67247],[109.07747,-7.67247],[109.07748,-7.67247],[109.07789,-7.67247],[109.07793,-7.67247],[109.07793,-7.67248],[109.07793,-7.67256],[109.07793,-7.67293],[109.07799,-7.67293],[109.078,-7.67293],[109.07814,-7.67293],[109.07818,-7.67293],[109.07838,-7.67293],[109.07883,-7.67293],[109.07884,-7.67293],[109.07884,-7.67338],[109.07884,-7.67339],[109.07883,-7.67339],[109.07883,-7.67384],[109.07838,-7.67384],[109.07837,-7.67384],[109.07792,-7.67384],[109.07792,-7.67428],[109.07792,-7.67429],[109.07792,-7.67463],[109.07792,-7.67472],[109.07792,-7.67474],[109.07774,-7.67474],[109.07746,-7.67474],[109.07746,-7.67468],[109.07746,-7.67429],[109.07746,-7.67428],[109.07703,-7.67428],[109.07702,-7.67428],[109.07701,-7.67428],[109.07693,-7.67428],[109.07656,-7.67428],[109.07656,-7.67473],[109.07701,-7.67473],[109.07701,-7.67518],[109.07701,-7.67564],[109.07655,-7.67564],[109.07655,-7.67596],[109.07655,-7.67608],[109.07655,-7.67609],[109.077,-7.67609],[109.07745,-7.67609],[109.07746,-7.67609],[109.07791,-7.67609],[109.07791,-7.67654],[109.07836,-7.67654],[109.07836,-7.67655],[109.07882,-7.67655],[109.07882,-7.677],[109.07926,-7.677],[109.07926,-7.67655],[109.07972,-7.67655],[109.07972,-7.677],[109.08017,-7.677],[109.08017,-7.67655],[109.08063,-7.67655],[109.08063,-7.67611],[109.08063,-7.6761],[109.08063,-7.67565],[109.08109,-7.67565],[109.08109,-7.6761],[109.08109,-7.67611],[109.08109,-7.67656],[109.08153,-7.67656],[109.08153,-7.67611],[109.08153,-7.67566],[109.08153,-7.67521],[109.08153,-7.6752],[109.08153,-7.67475],[109.08154,-7.67475],[109.08198,-7.67475],[109.08199,-7.67475],[109.08199,-7.67431],[109.08199,-7.6743],[109.08154,-7.6743],[109.08109,-7.6743],[109.08108,-7.6743],[109.08105,-7.6743],[109.08104,-7.6743],[109.08064,-7.6743],[109.08063,-7.6743],[109.08063,-7.67385],[109.08063,-7.67384],[109.08064,-7.67384],[109.08091,-7.67384],[109.08109,-7.67384],[109.08109,-7.67385],[109.08154,-7.67385],[109.08154,-7.6734],[109.08154,-7.67295],[109.08154,-7.67294],[109.082,-7.67294],[109.082,-7.67295],[109.08245,-7.67295],[109.08246,-7.67295],[109.08291,-7.67295],[109.08291,-7.6725],[109.08246,-7.6725],[109.08245,-7.6725],[109.08201,-7.6725],[109.082,-7.6725],[109.08155,-7.6725],[109.08155,-7.67249],[109.0811,-7.67249],[109.08109,-7.67249],[109.08065,-7.67249],[109.08064,-7.67249],[109.08045,-7.67249],[109.08019,-7.67249],[109.08019,-7.67204],[109.08019,-7.67203],[109.08031,-7.67203],[109.08064,-7.67203],[109.08064,-7.67159],[109.08041,-7.67159],[109.08037,-7.67159],[109.08019,-7.67159],[109.08019,-7.67158],[109.08017,-7.67158],[109.07974,-7.67158],[109.07974,-7.67113],[109.07978,-7.67113],[109.07995,-7.67113],[109.08003,-7.67113],[109.08019,-7.67113],[109.0802,-7.67113],[109.08065,-7.67113],[109.0811,-7.67113],[109.0811,-7.67068],[109.08065,-7.67068],[109.08065,-7.67023],[109.08111,-7.67023],[109.08111,-7.67068],[109.08156,-7.67068],[109.08156,-7.67023],[109.08202,-7.67023],[109.08202,-7.67069],[109.08156,-7.67069],[109.08156,-7.67114],[109.08201,-7.67114],[109.08247,-7.67114],[109.08247,-7.67159],[109.08246,-7.67159],[109.08246,-7.67204],[109.08246,-7.67205],[109.08291,-7.67205],[109.08336,-7.67205],[109.08336,-7.6716],[109.08291,-7.6716],[109.08291,-7.67114],[109.08292,-7.67114],[109.08292,-7.67069],[109.08337,-7.67069],[109.08337,-7.67024],[109.08337,-7.66979],[109.08292,-7.66979],[109.08292,-7.66934],[109.08292,-7.66889],[109.08277,-7.66889],[109.08247,-7.66889],[109.08247,-7.66888],[109.08202,-7.66888],[109.08202,-7.66903],[109.08202,-7.66912],[109.08202,-7.66933],[109.08157,-7.66933],[109.08157,-7.66978],[109.08112,-7.66978],[109.08111,-7.66978],[109.08066,-7.66978],[109.08028,-7.66978],[109.08021,-7.66978],[109.08021,-7.66981],[109.08021,-7.67023],[109.0802,-7.67023],[109.0802,-7.67068],[109.07974,-7.67068],[109.07974,-7.67023],[109.07963,-7.67023],[109.07949,-7.67023],[109.07932,-7.67023],[109.0793,-7.67023],[109.0793,-7.67068],[109.07884,-7.67068],[109.07884,-7.67113],[109.07838,-7.67113],[109.07838,-7.67067],[109.07838,-7.67022],[109.07838,-7.66977],[109.07793,-7.66977],[109.07793,-7.66931],[109.07794,-7.66931],[109.07794,-7.66887],[109.07794,-7.66886],[109.07794,-7.66841],[109.07749,-7.66841],[109.07749,-7.66886],[109.07704,-7.66886],[109.07703,-7.66886],[109.07658,-7.66886],[109.07658,-7.66841],[109.07658,-7.6684],[109.07658,-7.66833],[109.07658,-7.66824],[109.07658,-7.66795],[109.07613,-7.66795],[109.07613,-7.6684],[109.07613,-7.66843],[109.07613,-7.66853],[109.07613,-7.66874],[109.07613,-7.66885],[109.0761,-7.66885],[109.07568,-7.66885],[109.07523,-7.66885],[109.07523,-7.6693],[109.07523,-7.66975],[109.07568,-7.66975],[109.07568,-7.66976],[109.07613,-7.66976],[109.07613,-7.66931],[109.07632,-7.66931],[109.07641,-7.66931],[109.07658,-7.66931],[109.07658,-7.66965],[109.07658,-7.66976],[109.07664,-7.66976],[109.07703,-7.66976],[109.07748,-7.66976],[109.07748,-7.67022],[109.07703,-7.67022],[109.07703,-7.67021],[109.07686,-7.67021],[109.07677,-7.67021],[109.07658,-7.67021],[109.07613,-7.67021],[109.07568,-7.67021],[109.07567,-7.67021],[109.07523,-7.67021],[109.07522,-7.67021],[109.07522,-7.67066],[109.07476,-7.67066],[109.07476,-7.6702],[109.07477,-7.6702],[109.07477,-7.66975],[109.07432,-7.66975],[109.07432,-7.6693],[109.07477,-7.6693],[109.07477,-7.66885],[109.07433,-7.66885],[109.07432,-7.66885],[109.0742,-7.66885],[109.07406,-7.66885],[109.07387,-7.66885],[109.07387,-7.66898],[109.07387,-7.66909],[109.07387,-7.6693],[109.07356,-7.6693],[109.07341,-7.6693],[109.07341,-7.66939],[109.07341,-7.66974],[109.07341,-7.66975],[109.07341,-7.6702],[109.07296,-7.6702],[109.07295,-7.6702],[109.07295,-7.67065],[109.07295,-7.6711],[109.07295,-7.67155],[109.07295,-7.672],[109.07249,-7.672],[109.07249,-7.67155],[109.07249,-7.6711],[109.07205,-7.6711],[109.07205,-7.67155],[109.07204,-7.67155],[109.07159,-7.67155],[109.07159,-7.67109],[109.07114,-7.67109],[109.07114,-7.67154],[109.07068,-7.67154],[109.07068,-7.67109],[109.07024,-7.67109],[109.07024,-7.67154],[109.07023,-7.67154],[109.07023,-7.67199],[109.06978,-7.67199],[109.06978,-7.67244],[109.07023,-7.67244],[109.07023,-7.67289],[109.07023,-7.6729],[109.06977,-7.6729],[109.06977,-7.67334],[109.06977,-7.67335],[109.06931,-7.67335],[109.06931,-7.67334],[109.06931,-7.67289],[109.06932,-7.67289],[109.06932,-7.67244],[109.06886,-7.67244],[109.06886,-7.67199],[109.06886,-7.67198],[109.06887,-7.67198],[109.06887,-7.67153],[109.06842,-7.67153],[109.06842,-7.67108],[109.06887,-7.67108],[109.06887,-7.67063],[109.06843,-7.67063],[109.06842,-7.67063],[109.06797,-7.67063],[109.06752,-7.67063],[109.06752,-7.67107],[109.06752,-7.67108],[109.06752,-7.67153],[109.06751,-7.67153],[109.06751,-7.67198],[109.06706,-7.67198],[109.06706,-7.67243],[109.06706,-7.67288],[109.0675,-7.67288],[109.0675,-7.67243],[109.06751,-7.67243],[109.06796,-7.67243],[109.06796,-7.67288],[109.06796,-7.67289],[109.06751,-7.67289],[109.06751,-7.67333],[109.06796,-7.67333],[109.06796,-7.67379],[109.06841,-7.67379],[109.06841,-7.67424],[109.06796,-7.67424],[109.06795,-7.67424],[109.06795,-7.67379],[109.06751,-7.67379],[109.0675,-7.67379],[109.0675,-7.67333],[109.06705,-7.67333],[109.06705,-7.67288],[109.0666,-7.67288],[109.0666,-7.67243],[109.06616,-7.67243],[109.06616,-7.67288],[109.06615,-7.67288],[109.06615,-7.67333],[109.06615,-7.67378],[109.0657,-7.67378],[109.06569,-7.67378],[109.06524,-7.67378],[109.06524,-7.67423],[109.06524,-7.67468],[109.06524,-7.67494],[109.06487,-7.67512],[109.06486,-7.67512],[109.06478,-7.67507],[109.06458,-7.67496],[109.06435,-7.67513],[109.06433,-7.67513],[109.06433,-7.67514],[109.0642,-7.67524],[109.06387,-7.67536],[109.06366,-7.67545],[109.06342,-7.67553],[109.06341,-7.67553],[109.06341,-7.67513],[109.06341,-7.67512],[109.06342,-7.67512],[109.0637,-7.67512],[109.0637,-7.67494],[109.06387,-7.67494],[109.06405,-7.67494],[109.06405,-7.67468],[109.06405,-7.67467],[109.06405,-7.67459],[109.06388,-7.67459],[109.06387,-7.67459],[109.06387,-7.67458],[109.0637,-7.67458],[109.0637,-7.67422],[109.06387,-7.67422],[109.06387,-7.67377],[109.06343,-7.67377],[109.06342,-7.67377],[109.06298,-7.67377],[109.06297,-7.67377],[109.06252,-7.67377],[109.06252,-7.67422],[109.06207,-7.67422],[109.06206,-7.67422],[109.06206,-7.67376],[109.06207,-7.67376],[109.06252,-7.67376],[109.06252,-7.67331],[109.06252,-7.67324],[109.06273,-7.67315],[109.06261,-7.67286],[109.0626,-7.67283],[109.06297,-7.67271],[109.06331,-7.67253],[109.06343,-7.67247],[109.06354,-7.67241],[109.06388,-7.67224],[109.06388,-7.67224],[109.06407,-7.67215],[109.064,-7.67196],[109.06434,-7.67196],[109.06434,-7.67152],[109.06434,-7.67151],[109.06389,-7.67151],[109.06389,-7.67106],[109.06389,-7.67061],[109.06435,-7.67061],[109.0648,-7.67061],[109.0648,-7.67016],[109.06435,-7.67016],[109.0639,-7.67016],[109.06344,-7.67016],[109.06344,-7.67015],[109.06344,-7.6697],[109.0639,-7.6697],[109.06435,-7.6697],[109.06435,-7.66926],[109.06435,-7.66925],[109.0639,-7.66925],[109.06345,-7.66925],[109.06304,-7.66925],[109.063,-7.66913],[109.063,-7.6688],[109.06288,-7.6688],[109.06271,-7.66834],[109.06259,-7.66802],[109.06255,-7.6679],[109.06255,-7.66789],[109.06254,-7.66789],[109.06239,-7.66744],[109.06235,-7.66734],[109.06223,-7.66698],[109.06255,-7.66698],[109.06255,-7.66654],[109.06255,-7.66653],[109.06255,-7.66608],[109.0621,-7.66608],[109.0621,-7.66653],[109.0621,-7.66659],[109.06208,-7.66653],[109.06202,-7.66635],[109.06192,-7.66608],[109.06193,-7.66608],[109.0619,-7.66601],[109.06175,-7.66563],[109.06165,-7.66536],[109.06158,-7.66518],[109.06158,-7.66518],[109.06158,-7.66517],[109.06158,-7.66516],[109.06143,-7.66472],[109.06127,-7.66427],[109.06125,-7.6642],[109.0612,-7.66409],[109.0612,-7.66409],[109.06108,-7.66382],[109.06097,-7.66356],[109.06087,-7.66336],[109.0612,-7.66336],[109.06121,-7.66336],[109.06166,-7.66336],[109.06166,-7.66337],[109.06211,-7.66337],[109.06211,-7.66292],[109.06212,-7.66292],[109.06212,-7.66275],[109.06212,-7.66265],[109.06212,-7.66247],[109.06257,-7.66247],[109.06257,-7.66202],[109.06212,-7.66202],[109.06212,-7.66201],[109.06167,-7.66201],[109.06122,-7.66201],[109.06122,-7.66246],[109.06076,-7.66246],[109.06031,-7.66246],[109.06031,-7.6628],[109.06031,-7.66281],[109.06016,-7.66269],[109.05985,-7.66267],[109.05939,-7.66262],[109.05934,-7.66262],[109.05903,-7.66264],[109.05895,-7.66262],[109.05895,-7.66263],[109.05879,-7.66259],[109.05878,-7.66265],[109.05892,-7.66265],[109.05893,-7.66265],[109.05849,-7.66269],[109.05849,-7.66253],[109.05849,-7.66251],[109.05849,-7.66245],[109.05831,-7.66245],[109.05827,-7.66245],[109.05805,-7.66245],[109.05805,-7.66253],[109.05804,-7.66253],[109.05789,-7.66245],[109.05759,-7.66228],[109.05759,-7.66217],[109.05759,-7.66216],[109.05759,-7.66215]],[[109.06123,-7.66065],[109.06168,-7.66065],[109.06168,-7.66021],[109.06168,-7.6602],[109.06123,-7.6602],[109.06123,-7.66065]],[[109.06084,-7.64529],[109.06084,-7.64484],[109.06039,-7.64484],[109.06039,-7.64529],[109.05994,-7.64529],[109.05994,-7.64574],[109.06038,-7.64574],[109.06039,-7.64574],[109.06084,-7.64574],[109.06084,-7.64529]],[[109.06812,-7.63764],[109.06856,-7.63764],[109.06857,-7.63764],[109.06857,-7.63719],[109.06812,-7.63719],[109.06812,-7.63764]],[[109.08665,-7.64779],[109.08664,-7.64779],[109.0866,-7.64779],[109.0866,-7.64788],[109.08664,-7.64788],[109.08665,-7.64788],[109.08669,-7.64788],[109.08669,-7.64779],[109.08665,-7.64779]],[[109.06801,-7.66159],[109.06801,-7.66114],[109.06757,-7.66114],[109.06756,-7.66114],[109.06711,-7.66114],[109.06711,-7.66158],[109.06756,-7.66158],[109.06756,-7.66204],[109.06801,-7.66204],[109.06801,-7.66159]],[[109.07436,-7.66026],[109.07436,-7.66071],[109.07436,-7.66116],[109.07481,-7.66116],[109.07481,-7.66117],[109.07481,-7.66162],[109.07436,-7.66162],[109.07436,-7.66207],[109.07481,-7.66207],[109.07481,-7.66252],[109.07525,-7.66252],[109.07525,-7.66207],[109.07526,-7.66207],[109.07526,-7.66162],[109.07526,-7.66117],[109.07526,-7.66072],[109.07481,-7.66072],[109.07481,-7.66026],[109.07436,-7.66026]],[[109.08474,-7.66754],[109.08429,-7.66754],[109.08429,-7.66798],[109.08429,-7.66799],[109.08474,-7.66799],[109.08474,-7.66754]],[[109.0861,-7.66935],[109.08654,-7.66935],[109.08655,-7.66935],[109.08655,-7.6689],[109.0861,-7.6689],[109.0861,-7.66935]],[[109.08927,-7.66846],[109.08971,-7.66846],[109.08972,-7.66846],[109.08972,-7.66801],[109.08927,-7.66801],[109.08927,-7.66846]],[[109.08791,-7.66936],[109.08746,-7.66936],[109.08746,-7.66981],[109.08791,-7.66981],[109.08791,-7.66936]],[[109.08062,-7.67746],[109.08017,-7.67746],[109.07971,-7.67746],[109.07971,-7.677],[109.07927,-7.677],[109.07927,-7.67745],[109.07926,-7.67745],[109.07926,-7.6779],[109.07971,-7.6779],[109.07971,-7.67791],[109.08016,-7.67791],[109.08017,-7.67791],[109.08062,-7.67791],[109.08062,-7.67746]],[[109.08242,-7.67973],[109.08197,-7.67973],[109.08197,-7.68017],[109.08197,-7.68018],[109.08242,-7.68018],[109.08242,-7.67973]],[[109.0788,-7.67971],[109.0788,-7.67926],[109.07835,-7.67926],[109.07835,-7.67971],[109.0788,-7.67971]],[[109.07925,-7.67926],[109.0797,-7.67926],[109.0797,-7.67881],[109.07925,-7.67881],[109.07925,-7.67836],[109.07925,-7.67791],[109.0788,-7.67791],[109.0788,-7.67745],[109.07881,-7.67745],[109.07881,-7.677],[109.07836,-7.677],[109.07836,-7.67745],[109.07791,-7.67745],[109.0779,-7.67745],[109.07745,-7.67745],[109.07745,-7.67789],[109.07745,-7.6779],[109.0779,-7.6779],[109.07835,-7.6779],[109.07835,-7.67835],[109.0788,-7.67835],[109.0788,-7.6788],[109.0788,-7.67881],[109.0788,-7.67926],[109.07925,-7.67926]],[[109.07644,-7.67589],[109.07633,-7.67588],[109.07631,-7.6759],[109.07638,-7.67596],[109.07654,-7.67597],[109.07655,-7.67596],[109.07644,-7.67589]],[[109.08291,-7.6734],[109.08291,-7.67385],[109.08291,-7.67386],[109.0829,-7.67386],[109.0829,-7.6743],[109.0829,-7.67431],[109.08335,-7.67431],[109.08335,-7.67386],[109.08381,-7.67386],[109.08381,-7.67341],[109.08381,-7.67296],[109.08381,-7.67295],[109.08381,-7.6725],[109.08382,-7.6725],[109.08382,-7.67205],[109.08337,-7.67205],[109.08337,-7.6725],[109.08337,-7.67295],[109.08291,-7.67295],[109.08291,-7.6734]],[[109.08202,-7.66843],[109.08157,-7.66843],[109.08157,-7.66888],[109.08202,-7.66888],[109.08202,-7.66843]],[[109.08247,-7.66843],[109.08292,-7.66843],[109.08292,-7.66798],[109.08248,-7.66798],[109.08247,-7.66798],[109.08202,-7.66798],[109.08202,-7.66843],[109.08247,-7.66843]],[[109.07613,-7.6675],[109.07578,-7.6675],[109.07569,-7.6675],[109.07568,-7.6675],[109.07568,-7.66758],[109.07568,-7.66795],[109.07613,-7.66795],[109.07613,-7.6675]],[[109.07523,-7.6684],[109.07478,-7.6684],[109.07478,-7.66885],[109.07523,-7.66885],[109.07523,-7.6684]],[[109.07204,-7.67109],[109.07204,-7.67065],[109.07204,-7.67064],[109.07159,-7.67064],[109.07159,-7.67109],[109.07204,-7.67109]],[[109.08878,-7.67659],[109.08923,-7.67659],[109.08968,-7.67659],[109.08968,-7.67615],[109.08923,-7.67615],[109.08923,-7.67614],[109.08878,-7.67614],[109.08878,-7.67659]],[[109.08833,-7.67704],[109.08832,-7.67704],[109.08832,-7.67659],[109.08788,-7.67659],[109.08788,-7.67704],[109.08788,-7.67749],[109.08787,-7.67749],[109.08787,-7.67794],[109.08832,-7.67794],[109.08832,-7.6784],[109.08877,-7.6784],[109.08877,-7.67795],[109.08923,-7.67795],[109.08923,-7.6784],[109.08923,-7.67885],[109.08968,-7.67885],[109.08968,-7.67841],[109.08968,-7.6784],[109.08968,-7.67795],[109.09013,-7.67795],[109.09058,-7.67795],[109.09058,-7.67841],[109.09013,-7.67841],[109.09013,-7.67886],[109.09013,-7.67931],[109.08968,-7.67931],[109.08968,-7.67976],[109.09013,-7.67976],[109.09013,-7.68021],[109.09058,-7.68021],[109.09058,-7.67976],[109.09103,-7.67976],[109.09103,-7.67932],[109.09103,-7.67931],[109.09103,-7.67886],[109.09148,-7.67886],[109.09148,-7.67841],[109.09194,-7.67841],[109.09194,-7.67796],[109.09149,-7.67796],[109.09103,-7.67796],[109.09103,-7.67751],[109.09149,-7.67751],[109.09194,-7.67751],[109.09194,-7.67706],[109.09149,-7.67706],[109.09149,-7.67661],[109.09104,-7.67661],[109.09104,-7.6766],[109.09104,-7.67615],[109.09059,-7.67615],[109.09059,-7.6757],[109.09014,-7.6757],[109.09014,-7.67614],[109.09014,-7.67615],[109.09014,-7.6766],[109.09014,-7.67705],[109.09013,-7.67705],[109.09013,-7.6775],[109.08968,-7.6775],[109.08968,-7.67705],[109.08923,-7.67705],[109.08878,-7.67705],[109.08877,-7.67705],[109.08877,-7.67704],[109.08833,-7.67704]],[[109.0758,-7.63993],[109.0758,-7.63948],[109.07536,-7.63948],[109.07536,-7.63993],[109.0758,-7.63993]],[[109.0749,-7.64084],[109.0749,-7.64129],[109.07535,-7.64129],[109.07535,-7.64174],[109.0758,-7.64174],[109.0758,-7.64129],[109.0758,-7.64084],[109.0758,-7.64039],[109.07536,-7.64039],[109.07536,-7.64084],[109.0749,-7.64084]],[[109.07533,-7.64535],[109.07532,-7.64535],[109.07488,-7.64535],[109.07487,-7.64535],[109.07443,-7.64535],[109.07443,-7.6458],[109.07442,-7.6458],[109.07398,-7.6458],[109.07397,-7.6458],[109.07353,-7.6458],[109.07352,-7.6458],[109.07352,-7.64625],[109.07342,-7.64625],[109.07342,-7.6458],[109.07342,-7.64571],[109.07307,-7.64571],[109.07306,-7.64571],[109.07306,-7.64579],[109.07306,-7.6458],[109.07306,-7.64607],[109.07288,-7.64607],[109.07288,-7.64625],[109.0727,-7.64625],[109.07262,-7.64625],[109.07261,-7.64625],[109.07234,-7.64625],[109.07234,-7.64659],[109.07234,-7.6467],[109.07234,-7.64679],[109.0726,-7.64679],[109.07261,-7.64679],[109.07269,-7.64679],[109.0727,-7.64679],[109.07276,-7.64679],[109.07306,-7.64679],[109.07306,-7.6467],[109.07306,-7.64661],[109.07324,-7.64661],[109.07324,-7.6467],[109.07324,-7.64679],[109.07342,-7.64679],[109.07342,-7.64697],[109.07352,-7.64697],[109.07352,-7.64714],[109.07352,-7.64715],[109.07354,-7.64715],[109.07396,-7.64715],[109.07396,-7.64697],[109.07397,-7.64697],[109.07415,-7.64697],[109.07415,-7.64671],[109.07415,-7.6467],[109.07415,-7.64661],[109.07397,-7.64661],[109.07397,-7.64625],[109.07442,-7.64625],[109.07443,-7.64625],[109.07443,-7.64671],[109.07487,-7.64671],[109.07488,-7.64671],[109.07488,-7.64716],[109.07532,-7.64716],[109.07533,-7.64716],[109.07533,-7.64734],[109.07532,-7.64734],[109.07505,-7.64734],[109.07505,-7.64752],[109.07487,-7.64752],[109.07487,-7.64716],[109.07442,-7.64716],[109.07442,-7.64756],[109.07442,-7.64757],[109.07442,-7.64761],[109.07451,-7.64761],[109.07469,-7.64761],[109.07469,-7.64769],[109.07469,-7.64788],[109.07487,-7.64788],[109.07487,-7.64806],[109.07442,-7.64806],[109.07441,-7.64806],[109.07396,-7.64806],[109.07396,-7.64761],[109.07351,-7.64761],[109.07351,-7.64715],[109.07306,-7.64715],[109.07261,-7.64715],[109.0726,-7.64715],[109.07215,-7.64715],[109.07215,-7.6467],[109.0717,-7.6467],[109.0717,-7.64624],[109.07125,-7.64624],[109.07079,-7.64624],[109.07079,-7.64579],[109.0708,-7.64579],[109.0708,-7.64534],[109.0708,-7.64533],[109.07035,-7.64533],[109.0699,-7.64533],[109.0699,-7.64578],[109.07035,-7.64578],[109.07035,-7.64624],[109.07034,-7.64624],[109.07034,-7.64668],[109.07034,-7.64669],[109.07079,-7.64669],[109.07125,-7.64669],[109.07125,-7.64714],[109.07079,-7.64714],[109.07034,-7.64714],[109.07033,-7.64714],[109.06989,-7.64714],[109.06989,-7.64759],[109.07034,-7.64759],[109.07034,-7.64804],[109.07078,-7.64804],[109.07079,-7.64804],[109.07124,-7.64804],[109.07124,-7.6476],[109.07124,-7.64759],[109.0717,-7.64759],[109.0717,-7.6476],[109.07214,-7.6476],[109.07215,-7.6476],[109.0726,-7.6476],[109.0726,-7.64805],[109.07215,-7.64805],[109.07215,-7.6485],[109.07215,-7.64895],[109.0726,-7.64895],[109.0726,-7.64896],[109.07269,-7.64896],[109.07269,-7.64941],[109.07269,-7.6495],[109.07304,-7.6495],[109.07305,-7.6495],[109.07341,-7.6495],[109.07341,-7.64941],[109.07349,-7.64941],[109.0735,-7.64941],[109.07395,-7.64941],[109.07395,-7.64896],[109.07441,-7.64896],[109.07441,-7.64941],[109.07441,-7.64942],[109.07441,-7.64987],[109.07395,-7.64987],[109.0735,-7.64987],[109.07349,-7.64987],[109.07304,-7.64987],[109.07304,-7.65031],[109.0735,-7.65031],[109.0735,-7.65032],[109.07395,-7.65032],[109.07395,-7.65077],[109.0735,-7.65077],[109.07349,-7.65077],[109.07304,-7.65077],[109.07304,-7.65122],[109.07349,-7.65122],[109.07394,-7.65122],[109.07439,-7.65122],[109.07439,-7.65077],[109.07485,-7.65077],[109.07485,-7.65032],[109.07531,-7.65032],[109.07531,-7.65077],[109.07531,-7.65078],[109.07531,-7.65123],[109.07575,-7.65123],[109.07576,-7.65123],[109.07621,-7.65123],[109.07621,-7.65078],[109.07621,-7.65033],[109.07667,-7.65033],[109.07667,-7.65078],[109.07712,-7.65078],[109.07712,-7.65124],[109.07667,-7.65124],[109.07667,-7.65169],[109.07711,-7.65169],[109.07712,-7.65169],[109.07756,-7.65169],[109.07757,-7.65169],[109.07784,-7.65169],[109.07793,-7.65169],[109.07796,-7.65169],[109.07802,-7.65169],[109.07847,-7.65169],[109.07847,-7.65124],[109.07802,-7.65124],[109.07802,-7.65079],[109.07848,-7.65079],[109.07848,-7.65034],[109.07893,-7.65034],[109.07893,-7.65079],[109.07938,-7.65079],[109.07938,-7.65035],[109.07938,-7.65034],[109.07938,-7.64989],[109.07984,-7.64989],[109.07984,-7.65034],[109.07984,-7.65035],[109.07984,-7.6508],[109.07983,-7.6508],[109.07983,-7.65125],[109.07983,-7.6517],[109.08028,-7.6517],[109.08028,-7.65125],[109.08028,-7.6508],[109.08074,-7.6508],[109.08074,-7.65035],[109.08029,-7.65035],[109.08029,-7.6499],[109.08029,-7.64989],[109.08075,-7.64989],[109.08075,-7.6499],[109.08075,-7.65035],[109.08119,-7.65035],[109.0812,-7.65035],[109.08164,-7.65035],[109.08165,-7.65035],[109.08165,-7.6499],[109.0812,-7.6499],[109.0812,-7.64945],[109.08075,-7.64945],[109.08029,-7.64945],[109.08029,-7.64944],[109.07984,-7.64944],[109.07938,-7.64944],[109.07938,-7.64899],[109.07894,-7.64899],[109.07894,-7.64944],[109.07848,-7.64944],[109.07803,-7.64944],[109.07803,-7.64943],[109.07803,-7.64898],[109.07758,-7.64898],[109.07757,-7.64898],[109.07757,-7.64853],[109.07739,-7.64853],[109.0772,-7.64853],[109.07713,-7.64853],[109.07712,-7.64853],[109.07712,-7.64807],[109.07713,-7.64807],[109.07758,-7.64807],[109.07758,-7.64763],[109.07758,-7.64762],[109.07713,-7.64762],[109.07713,-7.64717],[109.07713,-7.64672],[109.07757,-7.64672],[109.07758,-7.64672],[109.07758,-7.64658],[109.07758,-7.64627],[109.07759,-7.64627],[109.07759,-7.64582],[109.07759,-7.64537],[109.07759,-7.64536],[109.07759,-7.64491],[109.0776,-7.64491],[109.0776,-7.64446],[109.0776,-7.64401],[109.07715,-7.64401],[109.07715,-7.64446],[109.07715,-7.64491],[109.07715,-7.64536],[109.07714,-7.64536],[109.07714,-7.64581],[109.07714,-7.64599],[109.07714,-7.64609],[109.07714,-7.64627],[109.07668,-7.64627],[109.07668,-7.64605],[109.07668,-7.64596],[109.07668,-7.64581],[109.07668,-7.64536],[109.07669,-7.64536],[109.07669,-7.64491],[109.07624,-7.64491],[109.07579,-7.64491],[109.07578,-7.64491],[109.07539,-7.64491],[109.07533,-7.64491],[109.07533,-7.64535]],[[109.07259,-7.65122],[109.07259,-7.65077],[109.07259,-7.65076],[109.07259,-7.65032],[109.07259,-7.65031],[109.07214,-7.65031],[109.07169,-7.65031],[109.07124,-7.65031],[109.07123,-7.65031],[109.07078,-7.65031],[109.07078,-7.65075],[109.07078,-7.65076],[109.07123,-7.65076],[109.07124,-7.65076],[109.07168,-7.65076],[109.07169,-7.65076],[109.07214,-7.65076],[109.07214,-7.65121],[109.07214,-7.65166],[109.07214,-7.65167],[109.07258,-7.65167],[109.07259,-7.65167],[109.07304,-7.65167],[109.07304,-7.65122],[109.07259,-7.65122]],[[109.07848,-7.64898],[109.07893,-7.64898],[109.07893,-7.64853],[109.07894,-7.64853],[109.07894,-7.64808],[109.07849,-7.64808],[109.07848,-7.64808],[109.0782,-7.64808],[109.07804,-7.64808],[109.07803,-7.64808],[109.07803,-7.64817],[109.07803,-7.64853],[109.07803,-7.64898],[109.07848,-7.64898]],[[109.07575,-7.65213],[109.07575,-7.65168],[109.0753,-7.65168],[109.0753,-7.65213],[109.07575,-7.65213]],[[109.07706,-7.6638],[109.07697,-7.6638],[109.07661,-7.6638],[109.07661,-7.66388],[109.07661,-7.66389],[109.07661,-7.66416],[109.07678,-7.66416],[109.07697,-7.66416],[109.07706,-7.66416],[109.07707,-7.66416],[109.07715,-7.66416],[109.07715,-7.66434],[109.07715,-7.6647],[109.0775,-7.6647],[109.07751,-7.6647],[109.07751,-7.66434],[109.07752,-7.66434],[109.07796,-7.66434],[109.07796,-7.66389],[109.07752,-7.66389],[109.07752,-7.66398],[109.07751,-7.66398],[109.0774,-7.66398],[109.07733,-7.66398],[109.07733,-7.66389],[109.07739,-7.66389],[109.07751,-7.66389],[109.07751,-7.66344],[109.07724,-7.66344],[109.07707,-7.66344],[109.07707,-7.6638],[109.07706,-7.6638]],[[109.07661,-7.66479],[109.07705,-7.66479],[109.07706,-7.66479],[109.07706,-7.66434],[109.07661,-7.66434],[109.07661,-7.66479]],[[109.07705,-7.66643],[109.07705,-7.6666],[109.07727,-7.6666],[109.07731,-7.6666],[109.07734,-7.6666],[109.0775,-7.6666],[109.0775,-7.66615],[109.07711,-7.66615],[109.07705,-7.66615],[109.07705,-7.66634],[109.07705,-7.66643]],[[109.07659,-7.66795],[109.07703,-7.66795],[109.07704,-7.66795],[109.07704,-7.66751],[109.07704,-7.6675],[109.07659,-7.6675],[109.07659,-7.66795]],[[109.07659,-7.66705],[109.07628,-7.66705],[109.07615,-7.66705],[109.07614,-7.66705],[109.07614,-7.66717],[109.07614,-7.6675],[109.07659,-7.6675],[109.07659,-7.66705]],[[109.06833,-7.6502],[109.06833,-7.65021],[109.06816,-7.65021],[109.06816,-7.65029],[109.06816,-7.65056],[109.06833,-7.65056],[109.06833,-7.65074],[109.06833,-7.65075],[109.06833,-7.65092],[109.06851,-7.65092],[109.06869,-7.65092],[109.06869,-7.65075],[109.06869,-7.65074],[109.0687,-7.65074],[109.0687,-7.65075],[109.06887,-7.65075],[109.06887,-7.65093],[109.06896,-7.65093],[109.06897,-7.65093],[109.06923,-7.65093],[109.06923,-7.65075],[109.06923,-7.65057],[109.06924,-7.65057],[109.06924,-7.65075],[109.06941,-7.65075],[109.06942,-7.65075],[109.0696,-7.65075],[109.0696,-7.65057],[109.06978,-7.65057],[109.06978,-7.6503],[109.06978,-7.65003],[109.06978,-7.64985],[109.06978,-7.64967],[109.06988,-7.64967],[109.07015,-7.64967],[109.07015,-7.64949],[109.07033,-7.64949],[109.07034,-7.64949],[109.07051,-7.64949],[109.07051,-7.6494],[109.07051,-7.64913],[109.07034,-7.64913],[109.07033,-7.64913],[109.07033,-7.64895],[109.07033,-7.64894],[109.07033,-7.64859],[109.07033,-7.6485],[109.06998,-7.6485],[109.06997,-7.6485],[109.06997,-7.64849],[109.06997,-7.64822],[109.06998,-7.64822],[109.07033,-7.64822],[109.07033,-7.64804],[109.07033,-7.64786],[109.07016,-7.64786],[109.07016,-7.64768],[109.06998,-7.64768],[109.06997,-7.64768],[109.06989,-7.64768],[109.06988,-7.64768],[109.06979,-7.64768],[109.06979,-7.64759],[109.06979,-7.6475],[109.06944,-7.6475],[109.06943,-7.6475],[109.06943,-7.64758],[109.06943,-7.64759],[109.06943,-7.64804],[109.06943,-7.64822],[109.06925,-7.64822],[109.06925,-7.64849],[109.06898,-7.64849],[109.06898,-7.64894],[109.06898,-7.64939],[109.06942,-7.64939],[109.06942,-7.64967],[109.06924,-7.64967],[109.06924,-7.64984],[109.06924,-7.64985],[109.06924,-7.65003],[109.06906,-7.65003],[109.06906,-7.64985],[109.06897,-7.64985],[109.0687,-7.64985],[109.0687,-7.65003],[109.06869,-7.65003],[109.06852,-7.65003],[109.06851,-7.65003],[109.06833,-7.65003],[109.06833,-7.6502]],[[109.06895,-7.653],[109.06895,-7.65256],[109.06895,-7.65255],[109.06895,-7.65211],[109.06895,-7.6521],[109.06851,-7.6521],[109.06851,-7.65255],[109.06851,-7.653],[109.06895,-7.653]],[[109.06832,-7.65472],[109.0685,-7.65472],[109.06867,-7.65472],[109.06895,-7.65472],[109.06896,-7.65472],[109.06904,-7.65472],[109.06904,-7.65437],[109.06904,-7.65436],[109.06904,-7.65418],[109.06896,-7.65418],[109.06895,-7.65418],[109.0685,-7.65418],[109.0685,-7.65436],[109.06832,-7.65436],[109.06832,-7.65472]],[[109.068,-7.66475],[109.06804,-7.66475],[109.06832,-7.66475],[109.06844,-7.66475],[109.06845,-7.66475],[109.06845,-7.66471],[109.06845,-7.66461],[109.06845,-7.6643],[109.06845,-7.66385],[109.068,-7.66385],[109.068,-7.6643],[109.068,-7.66475]],[[109.06891,-7.66475],[109.06935,-7.66475],[109.06935,-7.66441],[109.06935,-7.66431],[109.06935,-7.6643],[109.06936,-7.6643],[109.06936,-7.66385],[109.06891,-7.66385],[109.06891,-7.6643],[109.06891,-7.66446],[109.06891,-7.66455],[109.06891,-7.66475]],[[109.06844,-7.66792],[109.06889,-7.66792],[109.06889,-7.66747],[109.06844,-7.66747],[109.06844,-7.66791],[109.06844,-7.66792]],[[109.06843,-7.66864],[109.06843,-7.66837],[109.06799,-7.66837],[109.06799,-7.66882],[109.06825,-7.66882],[109.06825,-7.669],[109.06806,-7.669],[109.06806,-7.66927],[109.06806,-7.66936],[109.06806,-7.66972],[109.06825,-7.66972],[109.06842,-7.66972],[109.06843,-7.66972],[109.06843,-7.6699],[109.06861,-7.6699],[109.06888,-7.6699],[109.06897,-7.6699],[109.06897,-7.66973],[109.06897,-7.66955],[109.06889,-7.66955],[109.06888,-7.66955],[109.06879,-7.66955],[109.06861,-7.66955],[109.06861,-7.66954],[109.06861,-7.66927],[109.06861,-7.66918],[109.06879,-7.66918],[109.06879,-7.66927],[109.06879,-7.66954],[109.06888,-7.66954],[109.06889,-7.66954],[109.06915,-7.66954],[109.06915,-7.66936],[109.06916,-7.66936],[109.06916,-7.66954],[109.06933,-7.66955],[109.06933,-7.66973],[109.06934,-7.66973],[109.06969,-7.66973],[109.06969,-7.66955],[109.0697,-7.66955],[109.0697,-7.66937],[109.06979,-7.66937],[109.06988,-7.66937],[109.07006,-7.66937],[109.07024,-7.66937],[109.07036,-7.66937],[109.07042,-7.66937],[109.07042,-7.6693],[109.07042,-7.66928],[109.07042,-7.66901],[109.07069,-7.66901],[109.07078,-7.66901],[109.07078,-7.66883],[109.07079,-7.66883],[109.07079,-7.66919],[109.07114,-7.66919],[109.07115,-7.66919],[109.07115,-7.66883],[109.07133,-7.66883],[109.07133,-7.66847],[109.07115,-7.66847],[109.07115,-7.66838],[109.07115,-7.66829],[109.07079,-7.66829],[109.07079,-7.66838],[109.07079,-7.66847],[109.0707,-7.66847],[109.07069,-7.66847],[109.07061,-7.66847],[109.07061,-7.66865],[109.0706,-7.66865],[109.07025,-7.66865],[109.07025,-7.66883],[109.07025,-7.66901],[109.07024,-7.66901],[109.07006,-7.66901],[109.06988,-7.66901],[109.06979,-7.66901],[109.06969,-7.66901],[109.06959,-7.66901],[109.06952,-7.66901],[109.06952,-7.669],[109.06959,-7.669],[109.06968,-7.669],[109.06979,-7.669],[109.06988,-7.669],[109.06988,-7.66883],[109.06988,-7.66865],[109.06979,-7.66865],[109.0697,-7.66865],[109.06952,-7.66865],[109.0695,-7.66865],[109.06941,-7.66865],[109.06934,-7.66865],[109.06933,-7.66865],[109.06933,-7.66864],[109.06916,-7.66864],[109.06898,-7.66864],[109.06897,-7.66864],[109.06897,-7.66846],[109.06889,-7.66846],[109.06861,-7.66846],[109.06861,-7.66864],[109.06843,-7.66864]],[[109.06502,-7.66212],[109.0652,-7.66212],[109.06528,-7.66212],[109.06529,-7.66212],[109.06539,-7.66212],[109.06574,-7.66212],[109.06575,-7.66212],[109.06575,-7.66203],[109.06575,-7.66158],[109.06539,-7.66158],[109.06539,-7.66176],[109.06538,-7.66176],[109.06538,-7.66158],[109.06538,-7.6614],[109.06529,-7.6614],[109.06529,-7.66113],[109.06529,-7.66112],[109.06529,-7.66067],[109.06485,-7.66067],[109.06484,-7.66067],[109.06484,-7.66112],[109.06484,-7.66157],[109.06502,-7.66157],[109.06502,-7.66203],[109.06502,-7.66212]],[[109.0662,-7.66158],[109.0662,-7.66203],[109.06665,-7.66203],[109.06665,-7.66158],[109.06665,-7.66113],[109.06665,-7.66068],[109.0662,-7.66068],[109.0662,-7.66023],[109.06575,-7.66023],[109.06575,-7.66022],[109.0653,-7.66022],[109.0653,-7.66067],[109.06575,-7.66067],[109.06575,-7.66112],[109.06575,-7.66113],[109.06575,-7.66158],[109.0662,-7.66158]],[[109.06528,-7.66383],[109.06528,-7.66347],[109.06528,-7.66338],[109.06526,-7.66338],[109.06484,-7.66338],[109.06484,-7.66351],[109.06484,-7.66361],[109.06484,-7.66383],[109.06528,-7.66383]],[[109.06528,-7.66519],[109.06483,-7.66519],[109.06483,-7.66564],[109.06527,-7.66564],[109.06528,-7.66564],[109.06528,-7.66519]],[[109.06481,-7.66681],[109.06481,-7.66682],[109.06446,-7.66682],[109.06446,-7.66699],[109.06446,-7.667],[109.06446,-7.66717],[109.06464,-7.66717],[109.06481,-7.66717],[109.06481,-7.66718],[109.06482,-7.66718],[109.065,-7.66718],[109.06526,-7.66718],[109.06527,-7.66718],[109.06536,-7.66718],[109.06536,-7.667],[109.06536,-7.66682],[109.06527,-7.66682],[109.06518,-7.66682],[109.06518,-7.66664],[109.065,-7.66664],[109.065,-7.66655],[109.065,-7.66654],[109.065,-7.66646],[109.06482,-7.66646],[109.06464,-7.66646],[109.06464,-7.66654],[109.06464,-7.66681],[109.06481,-7.66681]],[[109.06481,-7.6679],[109.06481,-7.66835],[109.06526,-7.66835],[109.06526,-7.6679],[109.06481,-7.6679]],[[109.06258,-7.66202],[109.06303,-7.66202],[109.06303,-7.66157],[109.06258,-7.66157],[109.06258,-7.66202]],[[109.0582,-7.66227],[109.0582,-7.66226],[109.05821,-7.66226],[109.05821,-7.66225],[109.05822,-7.66225],[109.05822,-7.66224],[109.0583,-7.6622],[109.05831,-7.66218],[109.05829,-7.66217],[109.05818,-7.66216],[109.05809,-7.66223],[109.05827,-7.66237],[109.05827,-7.66237],[109.05822,-7.66233],[109.05822,-7.66232],[109.05821,-7.66232],[109.05821,-7.66231],[109.0582,-7.66231],[109.0582,-7.6623],[109.0582,-7.66229],[109.0582,-7.66228],[109.0582,-7.66227]],[[109.06168,-7.66156],[109.06212,-7.66156],[109.06212,-7.66111],[109.06168,-7.66111],[109.06168,-7.66156]],[[109.06347,-7.66473],[109.06347,-7.66428],[109.06302,-7.66428],[109.06257,-7.66428],[109.06257,-7.66473],[109.06301,-7.66473],[109.06302,-7.66473],[109.06346,-7.66473],[109.06347,-7.66473]],[[109.06255,-7.66563],[109.06255,-7.66518],[109.06256,-7.66518],[109.06256,-7.66473],[109.06211,-7.66473],[109.06211,-7.66517],[109.06211,-7.66518],[109.06211,-7.66563],[109.06255,-7.66563]],[[109.06301,-7.66564],[109.06301,-7.66608],[109.06346,-7.66608],[109.06346,-7.66609],[109.06391,-7.66609],[109.06391,-7.66564],[109.06347,-7.66564],[109.06346,-7.66564],[109.06301,-7.66564]],[[109.06392,-7.66519],[109.06392,-7.66564],[109.06437,-7.66564],[109.06437,-7.66519],[109.06392,-7.66519]],[[109.06399,-7.66364],[109.06398,-7.66366],[109.06398,-7.66373],[109.06398,-7.66374],[109.06397,-7.66375],[109.06397,-7.66376],[109.06396,-7.66376],[109.06396,-7.66377],[109.06402,-7.66377],[109.06403,-7.66376],[109.06406,-7.66371],[109.06399,-7.66364]],[[109.06393,-7.66202],[109.06348,-7.66202],[109.06348,-7.66247],[109.06393,-7.66247],[109.06393,-7.66202]],[[109.06394,-7.66112],[109.06394,-7.66157],[109.06438,-7.66157],[109.06438,-7.66112],[109.06394,-7.66112]],[[109.06461,-7.67296],[109.06443,-7.67296],[109.06443,-7.67332],[109.06442,-7.67332],[109.06434,-7.67332],[109.06433,-7.67332],[109.06406,-7.67332],[109.06406,-7.67287],[109.06406,-7.67278],[109.06389,-7.67278],[109.06388,-7.67278],[109.0637,-7.67278],[109.0637,-7.67286],[109.0637,-7.67287],[109.0637,-7.67332],[109.0637,-7.67368],[109.06388,-7.67368],[109.06406,-7.67368],[109.06406,-7.67377],[109.06406,-7.67386],[109.06388,-7.67386],[109.06388,-7.67422],[109.06406,-7.67422],[109.06406,-7.67458],[109.06433,-7.67458],[109.06433,-7.67467],[109.06478,-7.67467],[109.06478,-7.67423],[109.06478,-7.67422],[109.06479,-7.67422],[109.06479,-7.67386],[109.06514,-7.67386],[109.06514,-7.67378],[109.06514,-7.67377],[109.06514,-7.67351],[109.06497,-7.67351],[109.06497,-7.6735],[109.06497,-7.67332],[109.06524,-7.67332],[109.06524,-7.67287],[109.06497,-7.67287],[109.06497,-7.67278],[109.0648,-7.67278],[109.06479,-7.67278],[109.06461,-7.67278],[109.06461,-7.67287],[109.06461,-7.67296]],[[109.0667,-7.65209],[109.06715,-7.65209],[109.06715,-7.65164],[109.0676,-7.65164],[109.0676,-7.6512],[109.0676,-7.65119],[109.0676,-7.65074],[109.06716,-7.65074],[109.06715,-7.65074],[109.0667,-7.65074],[109.06625,-7.65074],[109.06625,-7.65119],[109.0667,-7.65119],[109.0667,-7.65164],[109.0667,-7.65209]],[[109.06669,-7.65299],[109.06669,-7.65255],[109.06669,-7.65254],[109.06669,-7.65209],[109.06625,-7.65209],[109.06625,-7.65254],[109.06624,-7.65254],[109.06624,-7.65299],[109.06669,-7.65299]],[[109.06667,-7.65707],[109.06667,-7.65751],[109.06667,-7.65752],[109.06712,-7.65752],[109.06712,-7.65707],[109.06667,-7.65707]],[[109.06666,-7.66022],[109.06666,-7.66023],[109.06711,-7.66023],[109.06711,-7.65978],[109.06666,-7.65978],[109.06666,-7.65933],[109.06666,-7.65932],[109.06622,-7.65932],[109.06621,-7.65932],[109.06621,-7.65977],[109.06621,-7.66022],[109.06666,-7.66022]],[[109.06466,-7.65977],[109.06466,-7.65976],[109.06466,-7.65941],[109.06449,-7.65941],[109.06449,-7.6594],[109.06449,-7.65932],[109.06449,-7.65931],[109.06449,-7.65922],[109.0644,-7.65922],[109.06413,-7.65922],[109.06413,-7.65931],[109.06413,-7.65958],[109.0643,-7.65958],[109.0643,-7.65976],[109.0643,-7.65977],[109.06412,-7.65977],[109.06412,-7.66021],[109.06412,-7.66022],[109.06412,-7.66031],[109.0643,-7.66031],[109.06439,-7.66031],[109.06466,-7.66031],[109.06466,-7.66022],[109.06466,-7.65977]],[[109.06306,-7.65253],[109.06306,-7.65208],[109.06262,-7.65208],[109.06262,-7.65253],[109.06306,-7.65253]],[[109.06531,-7.65977],[109.06575,-7.65977],[109.06575,-7.65932],[109.06531,-7.65932],[109.06531,-7.65977]],[[109.06578,-7.65316],[109.06578,-7.653],[109.06578,-7.65299],[109.06555,-7.65299],[109.06534,-7.65299],[109.06533,-7.65299],[109.06533,-7.65344],[109.06578,-7.65344],[109.06578,-7.65316]],[[109.06667,-7.66294],[109.06665,-7.66294],[109.06665,-7.66295],[109.06665,-7.66339],[109.06709,-7.66339],[109.06709,-7.66294],[109.06667,-7.66294]],[[109.06754,-7.6643],[109.06709,-7.6643],[109.06664,-7.6643],[109.06664,-7.66474],[109.06709,-7.66474],[109.06709,-7.66475],[109.06754,-7.66475],[109.06754,-7.6643]],[[109.06618,-7.66384],[109.06574,-7.66384],[109.06574,-7.66429],[109.06574,-7.66474],[109.06574,-7.66519],[109.06618,-7.66519],[109.06619,-7.66519],[109.06663,-7.66519],[109.06663,-7.66475],[109.06619,-7.66475],[109.06618,-7.66475],[109.06618,-7.66474],[109.06618,-7.66429],[109.06618,-7.66384]],[[109.06663,-7.66646],[109.06664,-7.66646],[109.06681,-7.66646],[109.067,-7.66646],[109.06708,-7.66646],[109.06709,-7.66646],[109.06736,-7.66646],[109.06736,-7.66641],[109.06736,-7.66624],[109.06736,-7.66613],[109.06736,-7.66611],[109.06733,-7.66611],[109.06718,-7.66611],[109.06717,-7.66611],[109.06717,-7.6661],[109.06732,-7.6661],[109.06745,-7.6661],[109.06753,-7.6661],[109.06753,-7.66566],[109.06753,-7.66565],[109.0671,-7.66565],[109.06709,-7.66565],[109.06709,-7.66581],[109.06709,-7.6661],[109.06699,-7.6661],[109.06699,-7.66592],[109.06664,-7.66592],[109.06663,-7.66592],[109.06663,-7.6661],[109.06645,-7.6661],[109.06645,-7.66646],[109.06663,-7.66646]],[[109.06571,-7.67062],[109.06525,-7.67062],[109.06525,-7.67106],[109.06525,-7.67107],[109.06525,-7.67151],[109.06525,-7.67152],[109.06525,-7.67197],[109.06525,-7.67242],[109.0657,-7.67242],[109.0657,-7.67197],[109.0657,-7.67152],[109.0657,-7.67107],[109.06615,-7.67107],[109.06616,-7.67107],[109.0666,-7.67107],[109.06661,-7.67107],[109.06706,-7.67107],[109.06706,-7.67062],[109.06751,-7.67062],[109.06751,-7.67017],[109.06707,-7.67017],[109.06706,-7.67017],[109.06662,-7.67017],[109.06661,-7.67017],[109.06616,-7.67017],[109.06571,-7.67017],[109.06571,-7.67061],[109.06571,-7.67062]],[[109.06705,-7.67197],[109.06705,-7.67153],[109.0666,-7.67153],[109.0666,-7.67152],[109.06616,-7.67152],[109.06616,-7.67197],[109.0666,-7.67197],[109.06661,-7.67197],[109.06705,-7.67197]],[[109.06529,-7.66293],[109.06529,-7.66337],[109.06529,-7.66338],[109.06553,-7.66338],[109.06573,-7.66338],[109.06573,-7.6633],[109.06573,-7.66321],[109.06573,-7.66293],[109.06529,-7.66293]],[[109.06526,-7.66971],[109.06525,-7.66971],[109.06525,-7.67016],[109.0657,-7.67016],[109.0657,-7.66971],[109.06526,-7.66971]],[[109.06571,-7.66926],[109.06616,-7.66926],[109.06616,-7.66881],[109.06572,-7.66881],[109.06571,-7.66881],[109.06571,-7.66926]],[[109.06572,-7.6679],[109.06617,-7.6679],[109.06617,-7.66746],[109.06617,-7.66745],[109.06572,-7.66745],[109.06572,-7.6679]],[[109.06753,-7.66791],[109.06798,-7.66791],[109.06798,-7.66746],[109.06798,-7.66701],[109.06754,-7.66701],[109.06754,-7.66746],[109.06709,-7.66746],[109.06708,-7.66746],[109.06708,-7.66791],[109.06753,-7.66791]],[[109.0679,-7.66538],[109.06791,-7.66538],[109.06791,-7.6652],[109.06791,-7.66502],[109.06772,-7.66502],[109.06754,-7.66502],[109.06752,-7.66502],[109.06731,-7.66502],[109.06718,-7.66502],[109.06718,-7.6652],[109.06718,-7.66521],[109.06718,-7.66537],[109.06718,-7.66538],[109.06736,-7.66538],[109.06736,-7.66556],[109.06753,-7.66556],[109.06754,-7.66556],[109.0679,-7.66556],[109.0679,-7.66538]],[[109.06755,-7.66204],[109.06711,-7.66204],[109.06711,-7.66249],[109.06755,-7.66249],[109.06755,-7.66204]],[[109.06715,-7.653],[109.06715,-7.65345],[109.06759,-7.65345],[109.0676,-7.65345],[109.0676,-7.653],[109.06715,-7.653]],[[109.06805,-7.653],[109.06805,-7.65255],[109.0676,-7.65255],[109.0676,-7.653],[109.06805,-7.653]],[[109.06721,-7.63899],[109.06721,-7.63854],[109.06676,-7.63854],[109.06676,-7.63899],[109.0672,-7.63899],[109.06721,-7.63899]],[[109.06674,-7.64034],[109.06675,-7.64034],[109.06675,-7.6399],[109.06675,-7.63989],[109.0663,-7.63989],[109.0663,-7.64034],[109.06674,-7.64034]],[[109.06766,-7.63945],[109.06721,-7.63945],[109.06721,-7.63989],[109.06721,-7.6399],[109.06765,-7.6399],[109.06766,-7.6399],[109.06766,-7.63945]],[[109.06856,-7.64125],[109.06856,-7.64126],[109.06901,-7.64126],[109.06926,-7.64126],[109.06946,-7.64126],[109.06946,-7.64093],[109.06946,-7.64081],[109.06901,-7.64081],[109.06901,-7.64036],[109.06856,-7.64036],[109.06856,-7.6408],[109.06856,-7.64081],[109.06856,-7.64125]],[[109.06855,-7.64306],[109.06855,-7.64307],[109.06855,-7.64316],[109.06854,-7.64316],[109.06847,-7.64316],[109.06846,-7.64316],[109.06836,-7.64316],[109.06836,-7.64351],[109.06854,-7.64351],[109.06854,-7.64352],[109.06855,-7.64352],[109.06856,-7.64352],[109.06873,-7.64352],[109.06873,-7.64385],[109.06873,-7.64388],[109.06874,-7.64388],[109.0689,-7.64388],[109.0689,-7.64397],[109.0689,-7.6442],[109.0689,-7.64424],[109.06892,-7.64424],[109.06899,-7.64424],[109.069,-7.64424],[109.06926,-7.64424],[109.06926,-7.64397],[109.06926,-7.64388],[109.06927,-7.64388],[109.06927,-7.64397],[109.06927,-7.64406],[109.06944,-7.64406],[109.06945,-7.64406],[109.06981,-7.64406],[109.06981,-7.64398],[109.06981,-7.64397],[109.06981,-7.64388],[109.0699,-7.64388],[109.06991,-7.64388],[109.06999,-7.64388],[109.06999,-7.64353],[109.06999,-7.64352],[109.06991,-7.64352],[109.0699,-7.64352],[109.06963,-7.64352],[109.06963,-7.64316],[109.06946,-7.64316],[109.06945,-7.64316],[109.06927,-7.64316],[109.06927,-7.64307],[109.06927,-7.64298],[109.069,-7.64298],[109.06891,-7.64298],[109.06891,-7.64297],[109.06891,-7.64262],[109.06891,-7.64261],[109.06891,-7.64244],[109.06855,-7.64244],[109.06855,-7.64261],[109.06855,-7.6428],[109.06855,-7.64306]],[[109.06898,-7.64578],[109.06899,-7.64578],[109.06943,-7.64578],[109.06944,-7.64578],[109.06944,-7.64533],[109.06899,-7.64533],[109.06898,-7.64533],[109.06854,-7.64533],[109.06854,-7.64577],[109.06854,-7.64578],[109.06898,-7.64578]],[[109.06265,-7.64485],[109.0631,-7.64485],[109.0631,-7.6444],[109.06265,-7.6444],[109.06265,-7.64439],[109.0622,-7.64439],[109.0622,-7.64484],[109.06265,-7.64484],[109.06265,-7.64485]],[[109.06085,-7.64484],[109.06129,-7.64484],[109.0613,-7.64484],[109.0613,-7.64529],[109.06174,-7.64529],[109.06174,-7.64484],[109.06174,-7.64439],[109.0613,-7.64439],[109.06129,-7.64439],[109.06085,-7.64439],[109.06085,-7.64484]],[[109.06267,-7.64123],[109.06276,-7.64123],[109.06276,-7.64132],[109.06275,-7.64132],[109.06275,-7.64168],[109.06275,-7.64169],[109.06267,-7.64169],[109.06267,-7.64213],[109.06294,-7.64213],[109.06294,-7.64214],[109.06294,-7.64241],[109.06311,-7.64241],[109.06312,-7.64241],[109.0633,-7.64241],[109.0633,-7.64223],[109.06348,-7.64223],[109.06348,-7.64214],[109.06348,-7.64205],[109.06357,-7.64205],[109.06358,-7.64205],[109.06384,-7.64205],[109.06384,-7.64169],[109.06384,-7.64133],[109.06367,-7.64133],[109.06366,-7.64133],[109.06366,-7.64124],[109.06366,-7.64123],[109.06366,-7.64115],[109.06358,-7.64115],[109.06357,-7.64115],[109.06357,-7.64078],[109.06357,-7.64033],[109.06313,-7.64033],[109.06313,-7.6406],[109.06312,-7.6406],[109.06312,-7.64042],[109.06276,-7.64042],[109.06276,-7.6406],[109.06268,-7.6406],[109.06267,-7.6406],[109.06258,-7.6406],[109.06258,-7.64078],[109.0624,-7.64078],[109.0624,-7.64114],[109.06258,-7.64114],[109.06267,-7.64114],[109.06267,-7.64123]],[[109.06221,-7.64168],[109.06221,-7.64123],[109.06177,-7.64123],[109.06176,-7.64123],[109.06176,-7.64168],[109.06221,-7.64168]],[[109.06422,-7.63952],[109.06421,-7.63952],[109.06421,-7.63943],[109.06421,-7.63916],[109.06404,-7.63916],[109.06404,-7.63898],[109.06403,-7.63898],[109.0639,-7.63898],[109.06386,-7.63898],[109.06386,-7.63862],[109.06358,-7.63862],[109.06349,-7.63862],[109.06349,-7.63897],[109.06349,-7.63898],[109.06349,-7.63916],[109.06331,-7.63916],[109.06331,-7.63943],[109.06331,-7.63952],[109.06349,-7.63952],[109.06349,-7.63988],[109.06357,-7.63988],[109.06358,-7.63988],[109.06385,-7.63988],[109.06385,-7.6397],[109.06386,-7.6397],[109.06386,-7.63952],[109.06403,-7.63952],[109.06404,-7.63952],[109.06404,-7.63988],[109.06448,-7.63988],[109.06458,-7.63988],[109.06458,-7.63943],[109.06458,-7.63898],[109.06494,-7.63898],[109.06494,-7.63853],[109.06449,-7.63853],[109.06449,-7.63898],[109.06422,-7.63898],[109.06422,-7.63943],[109.06422,-7.63952]],[[109.06448,-7.64079],[109.06493,-7.64079],[109.06493,-7.64034],[109.06448,-7.64034],[109.06403,-7.64034],[109.06403,-7.64078],[109.06448,-7.64078],[109.06448,-7.64079]],[[109.06493,-7.6426],[109.06538,-7.6426],[109.06538,-7.64305],[109.06583,-7.64305],[109.06583,-7.6426],[109.06628,-7.6426],[109.06673,-7.6426],[109.06673,-7.64216],[109.06673,-7.64215],[109.06629,-7.64215],[109.06628,-7.64215],[109.06583,-7.64215],[109.06583,-7.6417],[109.06538,-7.6417],[109.06493,-7.6417],[109.06493,-7.64169],[109.06448,-7.64169],[109.06448,-7.64214],[109.06493,-7.64214],[109.06493,-7.64259],[109.06493,-7.6426]],[[109.06448,-7.64124],[109.06403,-7.64124],[109.06403,-7.64169],[109.06448,-7.64169],[109.06448,-7.64124]],[[109.06447,-7.64296],[109.06438,-7.64296],[109.06438,-7.64304],[109.06438,-7.64305],[109.06438,-7.64332],[109.06447,-7.64332],[109.06448,-7.64332],[109.06456,-7.64332],[109.06456,-7.6435],[109.06456,-7.64368],[109.06492,-7.64368],[109.06492,-7.6435],[109.06493,-7.6435],[109.06511,-7.6435],[109.06511,-7.64314],[109.06493,-7.64314],[109.06492,-7.64314],[109.06492,-7.64305],[109.06492,-7.64278],[109.06456,-7.64278],[109.06456,-7.64296],[109.06448,-7.64296],[109.06447,-7.64296]],[[109.06581,-7.64576],[109.06627,-7.64576],[109.06627,-7.64532],[109.06627,-7.64531],[109.06627,-7.64486],[109.06583,-7.64486],[109.06582,-7.64486],[109.06537,-7.64486],[109.06537,-7.64499],[109.06537,-7.64531],[109.06537,-7.64576],[109.06537,-7.64621],[109.06581,-7.64621],[109.06581,-7.64576]],[[109.06402,-7.64331],[109.0642,-7.64331],[109.0642,-7.64305],[109.0642,-7.64304],[109.0642,-7.6426],[109.0642,-7.64259],[109.06402,-7.64259],[109.06402,-7.64241],[109.06402,-7.64214],[109.06358,-7.64214],[109.06357,-7.64214],[109.06357,-7.64259],[109.06348,-7.64259],[109.06348,-7.64304],[109.06348,-7.64331],[109.06356,-7.64331],[109.06357,-7.64331],[109.06365,-7.64331],[109.06384,-7.64331],[109.06402,-7.64331]],[[109.06402,-7.64404],[109.06402,-7.6444],[109.06446,-7.6444],[109.06446,-7.64395],[109.0642,-7.64395],[109.0642,-7.6435],[109.06402,-7.6435],[109.06384,-7.6435],[109.06384,-7.64368],[109.06365,-7.64368],[109.06365,-7.64386],[109.06357,-7.64386],[109.06356,-7.64386],[109.06329,-7.64386],[109.06329,-7.64395],[109.06311,-7.64395],[109.06311,-7.64404],[109.06293,-7.64404],[109.06293,-7.64439],[109.0631,-7.64439],[109.06311,-7.64439],[109.06311,-7.6444],[109.06329,-7.6444],[109.06329,-7.64458],[109.06355,-7.64458],[109.06356,-7.64458],[109.06365,-7.64458],[109.06365,-7.6444],[109.06383,-7.6444],[109.06383,-7.64404],[109.06384,-7.64404],[109.06402,-7.64404]],[[109.06674,-7.64351],[109.06718,-7.64351],[109.06718,-7.64306],[109.06674,-7.64306],[109.06673,-7.64306],[109.06628,-7.64306],[109.06628,-7.6435],[109.06628,-7.64351],[109.06673,-7.64351],[109.06674,-7.64351]],[[109.06718,-7.64441],[109.06718,-7.64396],[109.06674,-7.64396],[109.06674,-7.64441],[109.06718,-7.64441]],[[109.06629,-7.6408],[109.06629,-7.64124],[109.06629,-7.64125],[109.06674,-7.64125],[109.06674,-7.6408],[109.06629,-7.6408]],[[109.06674,-7.6417],[109.06719,-7.6417],[109.06719,-7.64125],[109.06674,-7.64125],[109.06674,-7.6417]],[[109.06629,-7.64079],[109.06629,-7.64034],[109.06585,-7.64034],[109.06584,-7.64034],[109.06539,-7.64034],[109.06539,-7.64079],[109.06583,-7.64079],[109.06584,-7.64079],[109.06629,-7.64079]],[[109.06808,-7.64429],[109.06808,-7.64397],[109.06809,-7.64397],[109.06809,-7.64352],[109.06809,-7.64351],[109.06809,-7.64307],[109.06809,-7.64306],[109.06764,-7.64306],[109.06764,-7.64351],[109.06719,-7.64351],[109.06719,-7.64396],[109.06764,-7.64396],[109.06764,-7.6442],[109.06764,-7.64441],[109.06764,-7.64442],[109.06808,-7.64442],[109.06808,-7.64429]],[[109.06933,-7.67199],[109.06977,-7.67199],[109.06977,-7.67154],[109.06978,-7.67154],[109.06978,-7.67109],[109.06933,-7.67109],[109.06933,-7.67108],[109.06888,-7.67108],[109.06888,-7.67153],[109.06933,-7.67153],[109.06933,-7.67199]],[[109.07216,-7.64534],[109.07171,-7.64534],[109.07171,-7.64579],[109.07216,-7.64579],[109.07216,-7.64534]],[[109.07197,-7.64878],[109.07197,-7.64877],[109.07197,-7.64859],[109.07178,-7.64859],[109.07169,-7.64859],[109.0716,-7.64859],[109.07124,-7.64859],[109.07124,-7.64877],[109.07123,-7.64877],[109.07106,-7.64877],[109.07106,-7.64895],[109.07106,-7.64913],[109.07123,-7.64913],[109.07124,-7.64913],[109.07142,-7.64913],[109.07142,-7.64932],[109.07141,-7.64932],[109.07141,-7.6494],[109.07141,-7.64941],[109.07141,-7.64967],[109.0716,-7.64967],[109.0716,-7.64985],[109.07169,-7.64985],[109.07178,-7.64985],[109.07178,-7.64986],[109.07214,-7.64986],[109.07214,-7.64968],[109.07232,-7.64968],[109.07232,-7.6495],[109.07251,-7.6495],[109.07251,-7.64941],[109.07251,-7.64914],[109.07232,-7.64914],[109.07232,-7.64896],[109.07215,-7.64896],[109.07214,-7.64896],[109.07214,-7.64895],[109.07214,-7.64878],[109.07197,-7.64878]],[[109.07177,-7.65167],[109.07177,-7.65166],[109.07177,-7.65148],[109.07168,-7.65148],[109.07168,-7.65121],[109.07124,-7.65121],[109.07123,-7.65121],[109.07078,-7.65121],[109.07078,-7.65166],[109.07122,-7.65166],[109.07123,-7.65166],[109.07141,-7.65166],[109.07141,-7.65184],[109.07159,-7.65184],[109.07159,-7.65203],[109.07141,-7.65203],[109.07141,-7.65211],[109.07141,-7.65212],[109.07141,-7.65238],[109.07159,-7.65238],[109.07159,-7.65239],[109.07167,-7.65239],[109.07168,-7.65239],[109.07176,-7.65239],[109.07176,-7.65257],[109.07195,-7.65257],[109.07212,-7.65257],[109.07213,-7.65257],[109.07231,-7.65257],[109.07231,-7.65221],[109.07249,-7.65221],[109.07249,-7.65212],[109.07249,-7.65185],[109.07231,-7.65185],[109.07214,-7.65185],[109.07213,-7.65185],[109.07213,-7.65167],[109.07195,-7.65167],[109.07177,-7.65167]],[[109.07258,-7.65393],[109.07258,-7.65438],[109.07302,-7.65438],[109.07302,-7.65393],[109.07258,-7.65393]],[[109.07083,-7.63856],[109.07038,-7.63856],[109.07038,-7.639],[109.07038,-7.63901],[109.07082,-7.63901],[109.07083,-7.63901],[109.07083,-7.63856]],[[109.07037,-7.63992],[109.07037,-7.63991],[109.06992,-7.63991],[109.06992,-7.64019],[109.06992,-7.64036],[109.07037,-7.64036],[109.07037,-7.63992]],[[109.06857,-7.63854],[109.06857,-7.63855],[109.06901,-7.63855],[109.06901,-7.6381],[109.06857,-7.6381],[109.06857,-7.63854]],[[109.06767,-7.63854],[109.06811,-7.63854],[109.06811,-7.63809],[109.06767,-7.63809],[109.06766,-7.63809],[109.06722,-7.63809],[109.06722,-7.63854],[109.06766,-7.63854],[109.06767,-7.63854]],[[109.06946,-7.63945],[109.06946,-7.639],[109.06947,-7.639],[109.06947,-7.63855],[109.06902,-7.63855],[109.06902,-7.639],[109.06902,-7.63945],[109.06946,-7.63945]],[[109.06902,-7.63991],[109.06902,-7.64036],[109.06946,-7.64036],[109.06946,-7.63991],[109.06902,-7.63991]],[[109.07078,-7.64985],[109.07034,-7.64985],[109.07033,-7.64985],[109.07033,-7.6503],[109.07078,-7.6503],[109.07078,-7.64986],[109.07078,-7.64985]],[[109.06987,-7.65121],[109.06987,-7.65166],[109.07032,-7.65166],[109.07032,-7.65121],[109.06987,-7.65121]],[[109.0705,-7.6531],[109.07076,-7.6531],[109.07077,-7.6531],[109.07086,-7.6531],[109.07086,-7.65302],[109.07086,-7.65301],[109.07086,-7.65293],[109.07122,-7.65293],[109.07122,-7.65275],[109.07122,-7.65274],[109.0714,-7.65274],[109.0714,-7.65257],[109.0714,-7.65239],[109.07123,-7.65239],[109.07122,-7.65239],[109.07104,-7.65239],[109.07077,-7.65239],[109.07068,-7.65239],[109.07068,-7.65256],[109.07068,-7.65275],[109.0705,-7.65275],[109.0705,-7.65301],[109.0705,-7.65302],[109.0705,-7.6531]],[[109.06941,-7.6512],[109.06897,-7.6512],[109.06896,-7.6512],[109.06896,-7.65165],[109.06941,-7.65165],[109.06941,-7.6512]],[[109.06995,-7.6522],[109.06987,-7.6522],[109.06986,-7.6522],[109.06941,-7.6522],[109.06941,-7.65211],[109.06986,-7.65211],[109.06986,-7.65166],[109.06941,-7.65166],[109.06941,-7.65202],[109.06905,-7.65202],[109.06905,-7.6521],[109.06905,-7.65211],[109.06905,-7.65255],[109.06905,-7.65256],[109.06905,-7.65301],[109.06905,-7.6531],[109.0694,-7.6531],[109.06941,-7.6531],[109.06941,-7.65301],[109.06941,-7.65274],[109.06959,-7.65274],[109.06986,-7.65274],[109.06995,-7.65274],[109.06995,-7.65256],[109.06995,-7.6522]],[[109.07384,-7.65438],[109.07393,-7.65438],[109.07394,-7.65438],[109.07421,-7.65438],[109.07439,-7.65438],[109.07439,-7.65433],[109.07439,-7.65394],[109.07393,-7.65394],[109.07393,-7.65393],[109.07349,-7.65393],[109.07348,-7.65393],[109.07348,-7.65438],[109.07382,-7.65438],[109.07384,-7.65438]],[[109.07409,-7.65448],[109.07409,-7.65448],[109.07407,-7.65447],[109.07409,-7.65448]],[[109.0761,-7.65371],[109.07595,-7.65376],[109.07597,-7.6538],[109.0761,-7.65371]],[[109.07665,-7.65345],[109.0769,-7.65337],[109.07683,-7.65338],[109.07681,-7.65334],[109.07665,-7.65345]],[[109.07311,-7.63631],[109.07311,-7.63676],[109.07355,-7.63676],[109.07355,-7.63631],[109.07311,-7.63631]],[[109.07401,-7.63902],[109.07401,-7.63947],[109.07445,-7.63947],[109.07445,-7.63903],[109.07445,-7.63902],[109.07445,-7.63857],[109.074,-7.63857],[109.074,-7.63812],[109.07356,-7.63812],[109.07356,-7.63857],[109.07355,-7.63857],[109.07355,-7.63902],[109.074,-7.63902],[109.07401,-7.63902]],[[109.07353,-7.64354],[109.07353,-7.64399],[109.07397,-7.64399],[109.07397,-7.64354],[109.07353,-7.64354]],[[109.07442,-7.6449],[109.07487,-7.6449],[109.07487,-7.64445],[109.07443,-7.64445],[109.07442,-7.64445],[109.07398,-7.64445],[109.07398,-7.64489],[109.07398,-7.6449],[109.07398,-7.64535],[109.07442,-7.64535],[109.07442,-7.6449]],[[109.07262,-7.64398],[109.07262,-7.64399],[109.07307,-7.64399],[109.07307,-7.64354],[109.07262,-7.64354],[109.07262,-7.64398]],[[109.07307,-7.64489],[109.07307,-7.64444],[109.07262,-7.64444],[109.07262,-7.64489],[109.07307,-7.64489]],[[109.07489,-7.64219],[109.07489,-7.64174],[109.07489,-7.64129],[109.07445,-7.64129],[109.07445,-7.64174],[109.07444,-7.64174],[109.07444,-7.64218],[109.07444,-7.64219],[109.07489,-7.64219]],[[109.0749,-7.63857],[109.0749,-7.63812],[109.07446,-7.63812],[109.07446,-7.63857],[109.0749,-7.63857]],[[109.07252,-7.66477],[109.07208,-7.66477],[109.07208,-7.66522],[109.07252,-7.66522],[109.07252,-7.66477]],[[109.07225,-7.66757],[109.07224,-7.66757],[109.07224,-7.66775],[109.07206,-7.66775],[109.0717,-7.66775],[109.0717,-7.66793],[109.07161,-7.66793],[109.0716,-7.66793],[109.07151,-7.66793],[109.07151,-7.66829],[109.0716,-7.66829],[109.07161,-7.66829],[109.07187,-7.66829],[109.07187,-7.66811],[109.07188,-7.66811],[109.07188,-7.66829],[109.07205,-7.66829],[109.07206,-7.66829],[109.07224,-7.66829],[109.07224,-7.66811],[109.07242,-7.66811],[109.07242,-7.66794],[109.07242,-7.66793],[109.07251,-7.66793],[109.07252,-7.66793],[109.0726,-7.66793],[109.0726,-7.66775],[109.07261,-7.66775],[109.07261,-7.66749],[109.07261,-7.66748],[109.07261,-7.66739],[109.07252,-7.66739],[109.07251,-7.66739],[109.07225,-7.66739],[109.07225,-7.66748],[109.07225,-7.66757]],[[109.07069,-7.67048],[109.07069,-7.67026],[109.07069,-7.67019],[109.07065,-7.67019],[109.07055,-7.67019],[109.07024,-7.67019],[109.07024,-7.67063],[109.07069,-7.67063],[109.07069,-7.67048]],[[109.07114,-7.67019],[109.07114,-7.66974],[109.07069,-7.66974],[109.07069,-7.67019],[109.07114,-7.67019]],[[109.06933,-7.67063],[109.06978,-7.67063],[109.06978,-7.67018],[109.06934,-7.67018],[109.06933,-7.67018],[109.06933,-7.67063]],[[109.06937,-7.6632],[109.06937,-7.6633],[109.06937,-7.6634],[109.06937,-7.66385],[109.06981,-7.66385],[109.06981,-7.6634],[109.07027,-7.6634],[109.07027,-7.66386],[109.07027,-7.66401],[109.07027,-7.6641],[109.07027,-7.66431],[109.06982,-7.66431],[109.06981,-7.66431],[109.06981,-7.66476],[109.07026,-7.66476],[109.07072,-7.66476],[109.07072,-7.66521],[109.07117,-7.66521],[109.07117,-7.66477],[109.07117,-7.66476],[109.07117,-7.66432],[109.07117,-7.66431],[109.07117,-7.66386],[109.07117,-7.66382],[109.07117,-7.66374],[109.07117,-7.66341],[109.07072,-7.66341],[109.07072,-7.66296],[109.07027,-7.66296],[109.07027,-7.66295],[109.07013,-7.66295],[109.07011,-7.66295],[109.06982,-7.66295],[109.06937,-7.66295],[109.06937,-7.6632]],[[109.0698,-7.66702],[109.0698,-7.66725],[109.0698,-7.66735],[109.0698,-7.66747],[109.07024,-7.66747],[109.07025,-7.66747],[109.07025,-7.66722],[109.07025,-7.66713],[109.07025,-7.66702],[109.0698,-7.66702]],[[109.07026,-7.66567],[109.07026,-7.66566],[109.07026,-7.66561],[109.07026,-7.6654],[109.0699,-7.6654],[109.0699,-7.66557],[109.06989,-7.66557],[109.06981,-7.66557],[109.0698,-7.66557],[109.06953,-7.66557],[109.06953,-7.66566],[109.06953,-7.66581],[109.06953,-7.6659],[109.06953,-7.66611],[109.06953,-7.66612],[109.06953,-7.66629],[109.0698,-7.66629],[109.07007,-7.66629],[109.07007,-7.66612],[109.07007,-7.66611],[109.07025,-7.66611],[109.07026,-7.66611],[109.07026,-7.66571],[109.07026,-7.66567]],[[109.07079,-7.67067],[109.07085,-7.67065],[109.07085,-7.67064],[109.07079,-7.67055],[109.07079,-7.67064],[109.07079,-7.67067]],[[109.07105,-7.6707],[109.07097,-7.67071],[109.07097,-7.67071],[109.07101,-7.67079],[109.07107,-7.67076],[109.07104,-7.67074],[109.07106,-7.6707],[109.07105,-7.6707]],[[109.07118,-7.66341],[109.07162,-7.66341],[109.07162,-7.66296],[109.07118,-7.66296],[109.07118,-7.66341]],[[109.0739,-7.66161],[109.07435,-7.66161],[109.07435,-7.66117],[109.0739,-7.66117],[109.0739,-7.66161]],[[109.07388,-7.66568],[109.07433,-7.66568],[109.07433,-7.66523],[109.07388,-7.66523],[109.07388,-7.66568]],[[109.07423,-7.66776],[109.07423,-7.66758],[109.07424,-7.66758],[109.07424,-7.66776],[109.07432,-7.66776],[109.07433,-7.66776],[109.07477,-7.66776],[109.07478,-7.66776],[109.07478,-7.66758],[109.07496,-7.66758],[109.07523,-7.66758],[109.07532,-7.66758],[109.07532,-7.6675],[109.07532,-7.66749],[109.07532,-7.6674],[109.07551,-7.6674],[109.07551,-7.66705],[109.07532,-7.66705],[109.07532,-7.66704],[109.07523,-7.66704],[109.07514,-7.66704],[109.07514,-7.66686],[109.07523,-7.66686],[109.07533,-7.66686],[109.07551,-7.66686],[109.07568,-7.66686],[109.07569,-7.66686],[109.07569,-7.66704],[109.07587,-7.66704],[109.07614,-7.66704],[109.07615,-7.66704],[109.07623,-7.66704],[109.07623,-7.66698],[109.07623,-7.66687],[109.07623,-7.66686],[109.07635,-7.66686],[109.07641,-7.66686],[109.07641,-7.66681],[109.07641,-7.66669],[109.07641,-7.66668],[109.07656,-7.66668],[109.07659,-7.66668],[109.0766,-7.66668],[109.0766,-7.66665],[109.0766,-7.6666],[109.0766,-7.66651],[109.07676,-7.66651],[109.07689,-7.66651],[109.07696,-7.66651],[109.07696,-7.66645],[109.07696,-7.66633],[109.07696,-7.66615],[109.07677,-7.66615],[109.0766,-7.66615],[109.07659,-7.66615],[109.07641,-7.66615],[109.07623,-7.66615],[109.07623,-7.66614],[109.07641,-7.66614],[109.07641,-7.66569],[109.07641,-7.66542],[109.07624,-7.66542],[109.07615,-7.66542],[109.07614,-7.66542],[109.07588,-7.66542],[109.07588,-7.6656],[109.0757,-7.6656],[109.07569,-7.6656],[109.07569,-7.66569],[109.07569,-7.66578],[109.07551,-7.66578],[109.07524,-7.66578],[109.07523,-7.66578],[109.07515,-7.66578],[109.07515,-7.66596],[109.07479,-7.66596],[109.07479,-7.66614],[109.07479,-7.66632],[109.07478,-7.66632],[109.07442,-7.66632],[109.07442,-7.66659],[109.07442,-7.66668],[109.0746,-7.66668],[109.07477,-7.66668],[109.07478,-7.66668],[109.07478,-7.66686],[109.07477,-7.66686],[109.07442,-7.66686],[109.07442,-7.66704],[109.07442,-7.66722],[109.07441,-7.66722],[109.07433,-7.66722],[109.07432,-7.66722],[109.07405,-7.66722],[109.07405,-7.6674],[109.07388,-7.6674],[109.07387,-7.6674],[109.07387,-7.66749],[109.07387,-7.66776],[109.07388,-7.66776],[109.07423,-7.66776]],[[109.07333,-7.66848],[109.07333,-7.66866],[109.07341,-7.66866],[109.07342,-7.66866],[109.07369,-7.66866],[109.07369,-7.66839],[109.07369,-7.66812],[109.07351,-7.66812],[109.07351,-7.66794],[109.07342,-7.66794],[109.07332,-7.66794],[109.07297,-7.66794],[109.07296,-7.66794],[109.07296,-7.6683],[109.07278,-7.6683],[109.07278,-7.66839],[109.07278,-7.66866],[109.0726,-7.66866],[109.0726,-7.66884],[109.0726,-7.66902],[109.07296,-7.66902],[109.07296,-7.66884],[109.07314,-7.66884],[109.07314,-7.66866],[109.07332,-7.66866],[109.07332,-7.66848],[109.07333,-7.66848]],[[109.07552,-7.66488],[109.07534,-7.66488],[109.07534,-7.66524],[109.07551,-7.66524],[109.07569,-7.66524],[109.0757,-7.66524],[109.07587,-7.66524],[109.07587,-7.66506],[109.07588,-7.66506],[109.07615,-7.66506],[109.07624,-7.66506],[109.07624,-7.66479],[109.07624,-7.6647],[109.07616,-7.6647],[109.07615,-7.6647],[109.07606,-7.6647],[109.07605,-7.6647],[109.07588,-7.6647],[109.0757,-7.6647],[109.0757,-7.66434],[109.0757,-7.66433],[109.0757,-7.66388],[109.07525,-7.66388],[109.0748,-7.66388],[109.0748,-7.66433],[109.07525,-7.66433],[109.07525,-7.66478],[109.07552,-7.66478],[109.07552,-7.66488]],[[109.07616,-7.66162],[109.07616,-7.66126],[109.07641,-7.66126],[109.07644,-7.66126],[109.07644,-7.66118],[109.07644,-7.66117],[109.07644,-7.66108],[109.07661,-7.66108],[109.07662,-7.66108],[109.07698,-7.66108],[109.07698,-7.6609],[109.07699,-7.6609],[109.07699,-7.66073],[109.07699,-7.66072],[109.07699,-7.66055],[109.0768,-7.66054],[109.0768,-7.66036],[109.07662,-7.66036],[109.07644,-7.66036],[109.07644,-7.66072],[109.07626,-7.66072],[109.07626,-7.66085],[109.07626,-7.6609],[109.07617,-7.6609],[109.07616,-7.6609],[109.07608,-7.6609],[109.07608,-7.66117],[109.07607,-7.66117],[109.07571,-7.66117],[109.07571,-7.66162],[109.07616,-7.66162]],[[109.07237,-7.67823],[109.07238,-7.67823],[109.07246,-7.67823],[109.07247,-7.67823],[109.07256,-7.67823],[109.07256,-7.67824],[109.07274,-7.67824],[109.07291,-7.67824],[109.07292,-7.67824],[109.07292,-7.67833],[109.07292,-7.67842],[109.07328,-7.67842],[109.07328,-7.67833],[109.07328,-7.67806],[109.07337,-7.67806],[109.07341,-7.67806],[109.07346,-7.67806],[109.07346,-7.67788],[109.07351,-7.67788],[109.07364,-7.67788],[109.07364,-7.67752],[109.07346,-7.67752],[109.07346,-7.67743],[109.07346,-7.67734],[109.07338,-7.67734],[109.07337,-7.67734],[109.07311,-7.67734],[109.0731,-7.67734],[109.0731,-7.67736],[109.0731,-7.67742],[109.0731,-7.67743],[109.0731,-7.67746],[109.0731,-7.67749],[109.0731,-7.67788],[109.07292,-7.67788],[109.07274,-7.67788],[109.07255,-7.67788],[109.07247,-7.67788],[109.07246,-7.67788],[109.07219,-7.67788],[109.07219,-7.67823],[109.07237,-7.67823]],[[109.07156,-7.67832],[109.07156,-7.67787],[109.07111,-7.67787],[109.07111,-7.67832],[109.07156,-7.67832]],[[109.07429,-7.67563],[109.07429,-7.67608],[109.07474,-7.67608],[109.07519,-7.67608],[109.07519,-7.67563],[109.07564,-7.67563],[109.07564,-7.67518],[109.0752,-7.67518],[109.07519,-7.67518],[109.07475,-7.67518],[109.07475,-7.67563],[109.07429,-7.67563]],[[109.07411,-7.67608],[109.07399,-7.67608],[109.07384,-7.67608],[109.07384,-7.67653],[109.07428,-7.67653],[109.07428,-7.67639],[109.07428,-7.67626],[109.07428,-7.67608],[109.07411,-7.67608]],[[109.07337,-7.67697],[109.07337,-7.67652],[109.07293,-7.67652],[109.07293,-7.67697],[109.07337,-7.67697]],[[109.07655,-7.67563],[109.07655,-7.67518],[109.07655,-7.67473],[109.07611,-7.67473],[109.0761,-7.67473],[109.0761,-7.67518],[109.0761,-7.67563],[109.07655,-7.67563]],[[109.07609,-7.67599],[109.07609,-7.67589],[109.07609,-7.67563],[109.07565,-7.67563],[109.07565,-7.67608],[109.07567,-7.67608],[109.07589,-7.67608],[109.07609,-7.67608],[109.07609,-7.67599]],[[109.08167,-7.64538],[109.08167,-7.64583],[109.08212,-7.64583],[109.08212,-7.64539],[109.08212,-7.64538],[109.08212,-7.64494],[109.08212,-7.64493],[109.08168,-7.64493],[109.08167,-7.64493],[109.08167,-7.64538]],[[109.08257,-7.64674],[109.08302,-7.64674],[109.08302,-7.64719],[109.08302,-7.6472],[109.08347,-7.6472],[109.08347,-7.64675],[109.08347,-7.64629],[109.08348,-7.64629],[109.08348,-7.64585],[109.08348,-7.64584],[109.08348,-7.64539],[109.08303,-7.64539],[109.08258,-7.64539],[109.08258,-7.64584],[109.08212,-7.64584],[109.08212,-7.64629],[109.08257,-7.64629],[109.08257,-7.64674]],[[109.08166,-7.64764],[109.08122,-7.64764],[109.08121,-7.64764],[109.08076,-7.64764],[109.08031,-7.64764],[109.0803,-7.64764],[109.07985,-7.64764],[109.07985,-7.64808],[109.0803,-7.64808],[109.0803,-7.64809],[109.0803,-7.64854],[109.08075,-7.64854],[109.08075,-7.64899],[109.08121,-7.64899],[109.08121,-7.64945],[109.08165,-7.64945],[109.08166,-7.64945],[109.0821,-7.64945],[109.08211,-7.64945],[109.08211,-7.649],[109.08166,-7.649],[109.08166,-7.64855],[109.08166,-7.64854],[109.08212,-7.64854],[109.08212,-7.64855],[109.08256,-7.64855],[109.08256,-7.6481],[109.08212,-7.6481],[109.08211,-7.6481],[109.08166,-7.6481],[109.08166,-7.64764]],[[109.08165,-7.65126],[109.08209,-7.65126],[109.0821,-7.65126],[109.0821,-7.65081],[109.08165,-7.65081],[109.08165,-7.65125],[109.08165,-7.65126]],[[109.07938,-7.6526],[109.07938,-7.65215],[109.07893,-7.65215],[109.07893,-7.6526],[109.07937,-7.6526],[109.07938,-7.6526]],[[109.07807,-7.65238],[109.07802,-7.65223],[109.07803,-7.65239],[109.07804,-7.65245],[109.07807,-7.6524],[109.07808,-7.6524],[109.07807,-7.65238]],[[109.07939,-7.64899],[109.07984,-7.64899],[109.08029,-7.64899],[109.08029,-7.64854],[109.07984,-7.64854],[109.07984,-7.64809],[109.0794,-7.64809],[109.0794,-7.64853],[109.0794,-7.64854],[109.07939,-7.64854],[109.07939,-7.64899]],[[109.0785,-7.64492],[109.07806,-7.64492],[109.07805,-7.64492],[109.07805,-7.64536],[109.07805,-7.64537],[109.0785,-7.64537],[109.0785,-7.64492]],[[109.07895,-7.64492],[109.07896,-7.64492],[109.07896,-7.64447],[109.07851,-7.64447],[109.07851,-7.64492],[109.07895,-7.64492]],[[109.07994,-7.65321],[109.07982,-7.65331],[109.07982,-7.65331],[109.07981,-7.65332],[109.0798,-7.65332],[109.0798,-7.65333],[109.07979,-7.65333],[109.07946,-7.65341],[109.07982,-7.65336],[109.07982,-7.65336],[109.07992,-7.65335],[109.07993,-7.65335],[109.07994,-7.65335],[109.07997,-7.65335],[109.07996,-7.65332],[109.07996,-7.65318],[109.07995,-7.65319],[109.07995,-7.6532],[109.07994,-7.6532],[109.07994,-7.65321]],[[109.08078,-7.64221],[109.08123,-7.64221],[109.08123,-7.64177],[109.08078,-7.64177],[109.08078,-7.64221]],[[109.08078,-7.64357],[109.08122,-7.64357],[109.08122,-7.64312],[109.08078,-7.64312],[109.08078,-7.64357]],[[109.08167,-7.64403],[109.08123,-7.64403],[109.08122,-7.64403],[109.08077,-7.64403],[109.08077,-7.64447],[109.08122,-7.64447],[109.08122,-7.64448],[109.08167,-7.64448],[109.08167,-7.64403]],[[109.07986,-7.64583],[109.07986,-7.64628],[109.07986,-7.64673],[109.0803,-7.64673],[109.08031,-7.64673],[109.08076,-7.64673],[109.08121,-7.64673],[109.08121,-7.64628],[109.08077,-7.64628],[109.08076,-7.64628],[109.08031,-7.64628],[109.08031,-7.64583],[109.07987,-7.64583],[109.07986,-7.64583]],[[109.07987,-7.64493],[109.07987,-7.64537],[109.08031,-7.64537],[109.08031,-7.64493],[109.07987,-7.64493]],[[109.08166,-7.64628],[109.08166,-7.64583],[109.08122,-7.64583],[109.08122,-7.64628],[109.08166,-7.64628]],[[109.08168,-7.64267],[109.08123,-7.64267],[109.08123,-7.64312],[109.08168,-7.64312],[109.08168,-7.64267]],[[109.08483,-7.64901],[109.08528,-7.64901],[109.08528,-7.64938],[109.08519,-7.64938],[109.08519,-7.64937],[109.08482,-7.64937],[109.08464,-7.64937],[109.08464,-7.64946],[109.08437,-7.64946],[109.08437,-7.64991],[109.08482,-7.64991],[109.08482,-7.64973],[109.08483,-7.64973],[109.08483,-7.64991],[109.08483,-7.64992],[109.08483,-7.6501],[109.085,-7.6501],[109.08518,-7.6501],[109.08518,-7.65028],[109.08527,-7.65028],[109.08555,-7.65028],[109.08555,-7.64992],[109.08536,-7.64992],[109.08536,-7.64974],[109.08555,-7.64974],[109.08555,-7.64947],[109.08555,-7.64946],[109.08573,-7.64946],[109.08573,-7.64947],[109.08573,-7.64992],[109.08617,-7.64992],[109.08618,-7.64992],[109.08663,-7.64992],[109.08663,-7.64947],[109.08708,-7.64947],[109.08709,-7.64947],[109.08754,-7.64947],[109.08754,-7.64903],[109.08754,-7.64902],[109.0871,-7.64902],[109.08709,-7.64902],[109.08664,-7.64902],[109.08618,-7.64902],[109.08618,-7.64857],[109.08618,-7.64811],[109.08574,-7.64811],[109.08574,-7.64856],[109.08528,-7.64856],[109.08483,-7.64856],[109.08483,-7.64901]],[[109.08302,-7.64765],[109.08302,-7.6481],[109.08346,-7.6481],[109.08346,-7.64765],[109.08302,-7.64765]],[[109.08347,-7.64946],[109.08347,-7.64991],[109.08391,-7.64991],[109.08391,-7.64946],[109.08391,-7.64901],[109.08347,-7.64901],[109.08346,-7.64901],[109.08302,-7.64901],[109.08302,-7.64945],[109.08347,-7.64945],[109.08347,-7.64946]],[[109.08256,-7.6499],[109.08301,-7.6499],[109.08301,-7.64946],[109.08256,-7.64946],[109.08256,-7.6499]],[[109.08395,-7.64449],[109.08439,-7.64449],[109.08439,-7.64404],[109.08395,-7.64404],[109.08395,-7.64449]],[[109.08394,-7.64494],[109.08394,-7.64539],[109.08439,-7.64539],[109.08439,-7.64495],[109.08439,-7.64494],[109.08394,-7.64494]],[[109.08438,-7.64675],[109.08438,-7.6472],[109.08483,-7.6472],[109.08483,-7.64675],[109.08439,-7.64675],[109.08438,-7.64675]],[[109.08392,-7.64901],[109.08437,-7.64901],[109.08437,-7.64856],[109.08482,-7.64856],[109.08482,-7.64811],[109.08483,-7.64811],[109.08483,-7.64766],[109.08437,-7.64766],[109.08437,-7.64765],[109.08393,-7.64765],[109.08392,-7.64765],[109.08392,-7.6481],[109.08392,-7.64855],[109.08392,-7.64856],[109.08392,-7.64901]],[[109.08391,-7.65036],[109.08391,-7.65063],[109.08392,-7.65063],[109.08409,-7.65063],[109.08437,-7.65063],[109.08445,-7.65063],[109.08445,-7.65037],[109.08445,-7.65036],[109.08445,-7.65009],[109.08437,-7.65009],[109.08428,-7.65009],[109.08428,-7.64991],[109.08392,-7.64991],[109.08392,-7.65009],[109.08391,-7.65009],[109.08391,-7.65036]],[[109.08663,-7.64993],[109.08663,-7.65037],[109.08708,-7.65037],[109.08708,-7.64993],[109.08663,-7.64993]],[[109.08722,-7.65042],[109.08708,-7.65042],[109.08704,-7.65041],[109.08704,-7.6505],[109.08708,-7.6505],[109.08722,-7.6505],[109.08722,-7.65042]],[[109.08607,-7.6463],[109.08607,-7.64631],[109.08607,-7.64634],[109.08615,-7.64634],[109.08615,-7.64631],[109.08615,-7.6463],[109.08615,-7.6463],[109.08616,-7.64625],[109.08607,-7.64625],[109.08607,-7.6463]],[[109.08714,-7.64833],[109.08714,-7.64825],[109.0871,-7.64825],[109.08709,-7.64825],[109.08709,-7.64825],[109.08696,-7.64824],[109.08696,-7.64842],[109.08705,-7.64842],[109.08705,-7.64833],[109.08709,-7.64833],[109.0871,-7.64833],[109.08714,-7.64833]],[[109.0862,-7.6468],[109.08619,-7.6468],[109.08619,-7.6468],[109.08615,-7.64679],[109.08615,-7.64688],[109.08619,-7.64688],[109.0862,-7.64688],[109.08633,-7.64688],[109.08633,-7.6468],[109.0862,-7.6468]],[[109.08731,-7.65038],[109.08732,-7.65033],[109.08723,-7.65032],[109.08723,-7.65038],[109.08723,-7.65041],[109.08731,-7.65041],[109.08731,-7.65038]],[[109.0875,-7.65038],[109.0875,-7.65024],[109.08741,-7.65024],[109.08741,-7.65038],[109.08741,-7.65042],[109.0875,-7.65042],[109.0875,-7.65038]],[[109.08858,-7.65133],[109.08844,-7.65133],[109.08843,-7.65133],[109.08843,-7.65133],[109.08804,-7.65132],[109.08804,-7.65141],[109.08843,-7.65141],[109.08844,-7.65141],[109.08858,-7.65141],[109.08858,-7.65133]],[[109.08777,-7.65128],[109.08777,-7.65129],[109.08777,-7.65129],[109.08776,-7.65132],[109.08795,-7.65132],[109.08795,-7.65129],[109.08795,-7.65128],[109.08795,-7.65114],[109.08786,-7.65114],[109.08786,-7.65105],[109.08758,-7.65105],[109.08758,-7.65114],[109.08768,-7.65114],[109.08767,-7.65123],[109.08777,-7.65123],[109.08777,-7.65128]],[[109.08425,-7.67521],[109.08425,-7.67477],[109.0838,-7.67477],[109.0838,-7.67476],[109.08335,-7.67476],[109.08335,-7.67521],[109.0838,-7.67521],[109.08425,-7.67521]],[[109.0779,-7.67881],[109.0779,-7.67925],[109.07835,-7.67925],[109.07835,-7.67881],[109.0779,-7.67881]],[[109.07971,-7.67971],[109.08015,-7.67971],[109.08015,-7.67927],[109.07971,-7.67927],[109.07971,-7.67971]],[[109.08244,-7.67521],[109.08199,-7.67521],[109.08199,-7.67566],[109.08199,-7.67611],[109.08243,-7.67611],[109.08243,-7.67566],[109.08244,-7.67566],[109.08244,-7.67521]],[[109.08199,-7.67701],[109.08243,-7.67701],[109.08243,-7.67657],[109.08243,-7.67656],[109.08199,-7.67656],[109.08199,-7.67701]],[[109.0816,-7.6621],[109.0816,-7.66255],[109.08205,-7.66255],[109.08205,-7.663],[109.08205,-7.66301],[109.0825,-7.66301],[109.0825,-7.66346],[109.08205,-7.66346],[109.08205,-7.66391],[109.08205,-7.66436],[109.08249,-7.66436],[109.0825,-7.66436],[109.08295,-7.66436],[109.08295,-7.66482],[109.08339,-7.66482],[109.0834,-7.66482],[109.08385,-7.66482],[109.08385,-7.66437],[109.0834,-7.66437],[109.0834,-7.66392],[109.08295,-7.66392],[109.08295,-7.66347],[109.08295,-7.66346],[109.08295,-7.66301],[109.0834,-7.66301],[109.0834,-7.66267],[109.0834,-7.66266],[109.0834,-7.66256],[109.08295,-7.66256],[109.08295,-7.66211],[109.0825,-7.66211],[109.0825,-7.66166],[109.0825,-7.66165],[109.0825,-7.66129],[109.08259,-7.66129],[109.08259,-7.6612],[109.08259,-7.66111],[109.0826,-7.66111],[109.0826,-7.6612],[109.0826,-7.66129],[109.08295,-7.66129],[109.08296,-7.66129],[109.08296,-7.66121],[109.08296,-7.6612],[109.08296,-7.66111],[109.08314,-7.66111],[109.08314,-7.66075],[109.08314,-7.66057],[109.08296,-7.66057],[109.08296,-7.6603],[109.08296,-7.66021],[109.0826,-7.66021],[109.0826,-7.6603],[109.0826,-7.66075],[109.08251,-7.66075],[109.0825,-7.66075],[109.08242,-7.66075],[109.08242,-7.66093],[109.08241,-7.66093],[109.08223,-7.66093],[109.08223,-7.66111],[109.08206,-7.66111],[109.08206,-7.6612],[109.08205,-7.6612],[109.08205,-7.66165],[109.08205,-7.6621],[109.0816,-7.6621]],[[109.07932,-7.6648],[109.07932,-7.66525],[109.07976,-7.66525],[109.07976,-7.6648],[109.07932,-7.6648]],[[109.07976,-7.66661],[109.07977,-7.66661],[109.08021,-7.66661],[109.08022,-7.66661],[109.08066,-7.66661],[109.08066,-7.66616],[109.08022,-7.66616],[109.08021,-7.66616],[109.07977,-7.66616],[109.07976,-7.66616],[109.07976,-7.66571],[109.07932,-7.66571],[109.07932,-7.66615],[109.07932,-7.66616],[109.07932,-7.66661],[109.07976,-7.66661]],[[109.0793,-7.66887],[109.0793,-7.66932],[109.07975,-7.66932],[109.07976,-7.66932],[109.0802,-7.66932],[109.08021,-7.66932],[109.08021,-7.66888],[109.08021,-7.66887],[109.08021,-7.66842],[109.08021,-7.66797],[109.07977,-7.66797],[109.07976,-7.66797],[109.07931,-7.66797],[109.07931,-7.66841],[109.07931,-7.66842],[109.07931,-7.66887],[109.0793,-7.66887]],[[109.07885,-7.66932],[109.07884,-7.66932],[109.07859,-7.66932],[109.0784,-7.66932],[109.07839,-7.66932],[109.07839,-7.66977],[109.07881,-7.66977],[109.07884,-7.66977],[109.07929,-7.66977],[109.0793,-7.66977],[109.0793,-7.66932],[109.07885,-7.66932]],[[109.07796,-7.66471],[109.07769,-7.66471],[109.07769,-7.66479],[109.07769,-7.6648],[109.07769,-7.66489],[109.07756,-7.66489],[109.07751,-7.66489],[109.07751,-7.66514],[109.07751,-7.66524],[109.07768,-7.66524],[109.07768,-7.66525],[109.07769,-7.66525],[109.07769,-7.66543],[109.07796,-7.66543],[109.07805,-7.66543],[109.07805,-7.66525],[109.07805,-7.66507],[109.07823,-7.66507],[109.07823,-7.6648],[109.07823,-7.66479],[109.07823,-7.66478],[109.07823,-7.66471],[109.07805,-7.66471],[109.07797,-7.66471],[109.07796,-7.66471]],[[109.07841,-7.66616],[109.07841,-7.66615],[109.07796,-7.66615],[109.07796,-7.6666],[109.0784,-7.6666],[109.07841,-7.6666],[109.07841,-7.66616]],[[109.07784,-7.66779],[109.0779,-7.66781],[109.07791,-7.66781],[109.0779,-7.66777],[109.07789,-7.66777],[109.07784,-7.66779]],[[109.08112,-7.66662],[109.08067,-7.66662],[109.08067,-7.66706],[109.08067,-7.66707],[109.08111,-7.66707],[109.08112,-7.66707],[109.08112,-7.66662]],[[109.08157,-7.66662],[109.08157,-7.66617],[109.08157,-7.66572],[109.08203,-7.66572],[109.08203,-7.66527],[109.08158,-7.66527],[109.08158,-7.66526],[109.08113,-7.66526],[109.08068,-7.66526],[109.08068,-7.66571],[109.08113,-7.66571],[109.08113,-7.66617],[109.08112,-7.66617],[109.08112,-7.66662],[109.08157,-7.66662]],[[109.08203,-7.66617],[109.08248,-7.66617],[109.08248,-7.66572],[109.08203,-7.66572],[109.08203,-7.66617]],[[109.08067,-7.66797],[109.08111,-7.66797],[109.08111,-7.66752],[109.08067,-7.66752],[109.08066,-7.66752],[109.08022,-7.66752],[109.08022,-7.66797],[109.08066,-7.66797],[109.08067,-7.66797]],[[109.08023,-7.66255],[109.07987,-7.66255],[109.07987,-7.66291],[109.08015,-7.66291],[109.08023,-7.66291],[109.08023,-7.663],[109.08023,-7.66309],[109.08024,-7.66309],[109.08042,-7.66309],[109.0806,-7.66309],[109.0806,-7.66327],[109.08068,-7.66327],[109.08069,-7.66327],[109.08096,-7.66327],[109.08096,-7.663],[109.08096,-7.66291],[109.08078,-7.66291],[109.08078,-7.66255],[109.08069,-7.66255],[109.0806,-7.66255],[109.08059,-7.66255],[109.08042,-7.66255],[109.08024,-7.66255],[109.08023,-7.66255]],[[109.08023,-7.66418],[109.08023,-7.66435],[109.08023,-7.66436],[109.08023,-7.66453],[109.08041,-7.66453],[109.08041,-7.66471],[109.08068,-7.66471],[109.08077,-7.66471],[109.08077,-7.66436],[109.08077,-7.66391],[109.08077,-7.6639],[109.08077,-7.66381],[109.08069,-7.66381],[109.08068,-7.66381],[109.08041,-7.66381],[109.08041,-7.6639],[109.08041,-7.66418],[109.08023,-7.66418]],[[109.08067,-7.66481],[109.08023,-7.66481],[109.08022,-7.66481],[109.08022,-7.66526],[109.08067,-7.66526],[109.08067,-7.66481]],[[109.08248,-7.66753],[109.08292,-7.66753],[109.08293,-7.66753],[109.08293,-7.66708],[109.08248,-7.66708],[109.08202,-7.66708],[109.08202,-7.66707],[109.08158,-7.66707],[109.08157,-7.66707],[109.08157,-7.66752],[109.08202,-7.66752],[109.08248,-7.66752],[109.08248,-7.66753]],[[109.08011,-7.67132],[109.08011,-7.67133],[109.08014,-7.67134],[109.08011,-7.67132]],[[109.081,-7.67133],[109.08084,-7.67134],[109.08086,-7.67139],[109.081,-7.67133]],[[109.08382,-7.6716],[109.08382,-7.67115],[109.08382,-7.6707],[109.08337,-7.6707],[109.08337,-7.67114],[109.08337,-7.67115],[109.08337,-7.6716],[109.08382,-7.6716]],[[109.08427,-7.6707],[109.08427,-7.67025],[109.08382,-7.67025],[109.08382,-7.6707],[109.08427,-7.6707]],[[109.08615,-7.65579],[109.08615,-7.65537],[109.08615,-7.65535],[109.08615,-7.65534],[109.08604,-7.65534],[109.08571,-7.65534],[109.08571,-7.65547],[109.08571,-7.65556],[109.08571,-7.65579],[109.08615,-7.65579]],[[109.08479,-7.65579],[109.08434,-7.65579],[109.08434,-7.65624],[109.08434,-7.65669],[109.08478,-7.65669],[109.08479,-7.65669],[109.08524,-7.65669],[109.08524,-7.65714],[109.08524,-7.65715],[109.08524,-7.6576],[109.08569,-7.6576],[109.08569,-7.65715],[109.08615,-7.65715],[109.08615,-7.6576],[109.08656,-7.6576],[109.08656,-7.65764],[109.08659,-7.65764],[109.0866,-7.65764],[109.08665,-7.65764],[109.08665,-7.65761],[109.08665,-7.6576],[109.08665,-7.65755],[109.08674,-7.65755],[109.08674,-7.65746],[109.08683,-7.65746],[109.08683,-7.65728],[109.08659,-7.65728],[109.08659,-7.65715],[109.0866,-7.65715],[109.0866,-7.6567],[109.08665,-7.6567],[109.08665,-7.65674],[109.08683,-7.65674],[109.08683,-7.6567],[109.08705,-7.6567],[109.08705,-7.65625],[109.08751,-7.65625],[109.08796,-7.65625],[109.08797,-7.65625],[109.08806,-7.65625],[109.08819,-7.65625],[109.08842,-7.65625],[109.08842,-7.65601],[109.08842,-7.65587],[109.08842,-7.65581],[109.08797,-7.65581],[109.08797,-7.6558],[109.08797,-7.65535],[109.08752,-7.65535],[109.08707,-7.65535],[109.08706,-7.65535],[109.08661,-7.65535],[109.08661,-7.65538],[109.08661,-7.65539],[109.08657,-7.65538],[109.08657,-7.65548],[109.08648,-7.65547],[109.08648,-7.65575],[109.08657,-7.65575],[109.08657,-7.65579],[109.08657,-7.6558],[109.08657,-7.65584],[109.08648,-7.65584],[109.08648,-7.65625],[109.08647,-7.65625],[109.08615,-7.65625],[109.08569,-7.65625],[109.08569,-7.65579],[109.08525,-7.65579],[109.08525,-7.65624],[109.08479,-7.65624],[109.08479,-7.65579]],[[109.08569,-7.65805],[109.08524,-7.65805],[109.08524,-7.6585],[109.08568,-7.6585],[109.08569,-7.6585],[109.08614,-7.6585],[109.08614,-7.65806],[109.08614,-7.65805],[109.08614,-7.6576],[109.08569,-7.6576],[109.08569,-7.65805]],[[109.08614,-7.65896],[109.08614,-7.65941],[109.08659,-7.65941],[109.08659,-7.65896],[109.08614,-7.65896]],[[109.08659,-7.65986],[109.08704,-7.65986],[109.08704,-7.65942],[109.08704,-7.65941],[109.08659,-7.65941],[109.08659,-7.65986]],[[109.08614,-7.65986],[109.08614,-7.66031],[109.08659,-7.66031],[109.08659,-7.65986],[109.08614,-7.65986]],[[109.08434,-7.65479],[109.08407,-7.65479],[109.08407,-7.65488],[109.08407,-7.65533],[109.08434,-7.65533],[109.08435,-7.65533],[109.08443,-7.65533],[109.08443,-7.65515],[109.08444,-7.65515],[109.08462,-7.65515],[109.08479,-7.65515],[109.0848,-7.65515],[109.08498,-7.65515],[109.08498,-7.65489],[109.08498,-7.65488],[109.08498,-7.6548],[109.0848,-7.6548],[109.08462,-7.6548],[109.08443,-7.6548],[109.08443,-7.65479],[109.08435,-7.65479],[109.08434,-7.65479]],[[109.08433,-7.65759],[109.08433,-7.65715],[109.08433,-7.65714],[109.08389,-7.65714],[109.08389,-7.65759],[109.08433,-7.65759]],[[109.08719,-7.65942],[109.08719,-7.65942],[109.08723,-7.65951],[109.08723,-7.65951],[109.08721,-7.65942],[109.08721,-7.65942],[109.08714,-7.65911],[109.08713,-7.65907],[109.0871,-7.65909],[109.08705,-7.65918],[109.08707,-7.6592],[109.08708,-7.65921],[109.08719,-7.65942]],[[109.08719,-7.65971],[109.08725,-7.65972],[109.08727,-7.65971],[109.08724,-7.65954],[109.08719,-7.65971]],[[109.08711,-7.65656],[109.08711,-7.6567],[109.08711,-7.65671],[109.08711,-7.65692],[109.0872,-7.65692],[109.0872,-7.65683],[109.08729,-7.65683],[109.08729,-7.65671],[109.08729,-7.6567],[109.08729,-7.65665],[109.0872,-7.65665],[109.0872,-7.65656],[109.08711,-7.65656]],[[109.08607,-7.67387],[109.08607,-7.67342],[109.08563,-7.67342],[109.08563,-7.67386],[109.08563,-7.67387],[109.08607,-7.67387]],[[109.08517,-7.67477],[109.08517,-7.67522],[109.08471,-7.67522],[109.08471,-7.67567],[109.08471,-7.67612],[109.08515,-7.67612],[109.08516,-7.67612],[109.08561,-7.67612],[109.08561,-7.67613],[109.08607,-7.67613],[109.08607,-7.67658],[109.08606,-7.67658],[109.08606,-7.67703],[109.08651,-7.67703],[109.08651,-7.67658],[109.08651,-7.67613],[109.08652,-7.67613],[109.08652,-7.67568],[109.08652,-7.67523],[109.08607,-7.67523],[109.08607,-7.67568],[109.08561,-7.67568],[109.08561,-7.67522],[109.08607,-7.67522],[109.08607,-7.67478],[109.08607,-7.67477],[109.08607,-7.67432],[109.08563,-7.67432],[109.08562,-7.67432],[109.08517,-7.67432],[109.08517,-7.67477]],[[109.08431,-7.66483],[109.08431,-7.66528],[109.08475,-7.66528],[109.08475,-7.66483],[109.08431,-7.66483]],[[109.08519,-7.66754],[109.0852,-7.66754],[109.0852,-7.66749],[109.0852,-7.66742],[109.0852,-7.66709],[109.08565,-7.66709],[109.08565,-7.66664],[109.08521,-7.66664],[109.0852,-7.66664],[109.08488,-7.66664],[109.08479,-7.66664],[109.08475,-7.66664],[109.08475,-7.66663],[109.0843,-7.66663],[109.0843,-7.66708],[109.08475,-7.66708],[109.08475,-7.66754],[109.08519,-7.66754]],[[109.08564,-7.6689],[109.08519,-7.6689],[109.08519,-7.66934],[109.08519,-7.66935],[109.08564,-7.66935],[109.08564,-7.6689]],[[109.08742,-7.67568],[109.08698,-7.67568],[109.08698,-7.67613],[109.08742,-7.67613],[109.08742,-7.67569],[109.08742,-7.67568]],[[109.08743,-7.67659],[109.08787,-7.67659],[109.08787,-7.67614],[109.08743,-7.67614],[109.08743,-7.67659]],[[109.0923,-7.67815],[109.0923,-7.67841],[109.0923,-7.67842],[109.0923,-7.67887],[109.09239,-7.67887],[109.09267,-7.67887],[109.09284,-7.67887],[109.09285,-7.67887],[109.09321,-7.67887],[109.09321,-7.67842],[109.09321,-7.67833],[109.09303,-7.67833],[109.09285,-7.67833],[109.09266,-7.67833],[109.09266,-7.67815],[109.0924,-7.67815],[109.09239,-7.67815],[109.0923,-7.67815]],[[109.09012,-7.68066],[109.09012,-7.68021],[109.08967,-7.68021],[109.08967,-7.68066],[109.09012,-7.68066]],[[109.09109,-7.66756],[109.09154,-7.66756],[109.09154,-7.66712],[109.09109,-7.66712],[109.09109,-7.66756]],[[109.092,-7.66666],[109.092,-7.66667],[109.09244,-7.66667],[109.09244,-7.66622],[109.092,-7.66622],[109.092,-7.66666]],[[109.09155,-7.66576],[109.09155,-7.66621],[109.09199,-7.66621],[109.09199,-7.66576],[109.09155,-7.66576]],[[109.09019,-7.6634],[109.09019,-7.66331],[109.09019,-7.66304],[109.08975,-7.66304],[109.08975,-7.66336],[109.08975,-7.66345],[109.08975,-7.66349],[109.09019,-7.66349],[109.09019,-7.6634]]],[[[109.05941,-7.66064],[109.05941,-7.66019],[109.05987,-7.66019],[109.05987,-7.66065],[109.05986,-7.66065],[109.05986,-7.6611],[109.05941,-7.6611],[109.05941,-7.66155],[109.05895,-7.66155],[109.0585,-7.66155],[109.05849,-7.66155],[109.05804,-7.66155],[109.05804,-7.66109],[109.05849,-7.66109],[109.0585,-7.66109],[109.05895,-7.66109],[109.05895,-7.66064],[109.05941,-7.66064]]],[[[109.05821,-7.66023],[109.05828,-7.66026],[109.05841,-7.66019],[109.0585,-7.66019],[109.0585,-7.66013],[109.05896,-7.65987],[109.05896,-7.66019],[109.05851,-7.66019],[109.05851,-7.66064],[109.05805,-7.66064],[109.05805,-7.6603],[109.05821,-7.66023]]],[[[109.05689,-7.65169],[109.05673,-7.65179],[109.05673,-7.6516],[109.05703,-7.6516],[109.05689,-7.65169]]],[[[109.05566,-7.65114],[109.05567,-7.65088],[109.05566,-7.65082],[109.05557,-7.65069],[109.05546,-7.65052],[109.05537,-7.65053],[109.05537,-7.65052],[109.05537,-7.65024],[109.05517,-7.65024],[109.05513,-7.65024],[109.05504,-7.65024],[109.05492,-7.65013],[109.05492,-7.65012],[109.05487,-7.65008],[109.05487,-7.65007],[109.05492,-7.65005],[109.05492,-7.65005],[109.05496,-7.65004],[109.05504,-7.65],[109.05492,-7.64993],[109.05472,-7.64987],[109.05472,-7.64987],[109.05466,-7.64985],[109.05449,-7.64981],[109.05448,-7.64981],[109.05447,-7.64981],[109.05447,-7.64981],[109.05402,-7.64978],[109.05389,-7.64978],[109.05389,-7.64977],[109.05402,-7.64977],[109.05402,-7.64954],[109.05409,-7.64956],[109.05404,-7.6495],[109.05404,-7.64949],[109.05403,-7.64948],[109.05403,-7.64947],[109.05403,-7.64933],[109.05403,-7.64932],[109.05403,-7.64887],[109.05448,-7.64887],[109.05448,-7.64888],[109.05493,-7.64888],[109.05539,-7.64888],[109.05539,-7.64933],[109.05584,-7.64933],[109.05584,-7.64942],[109.05548,-7.64942],[109.05548,-7.6496],[109.05548,-7.64961],[109.05539,-7.64961],[109.05538,-7.64961],[109.05529,-7.64961],[109.05529,-7.64978],[109.05529,-7.64996],[109.05538,-7.64996],[109.05548,-7.64996],[109.05548,-7.65014],[109.05565,-7.65014],[109.05583,-7.65014],[109.05584,-7.65014],[109.05601,-7.65014],[109.05601,-7.64979],[109.05601,-7.64978],[109.05629,-7.64978],[109.05629,-7.64979],[109.05629,-7.65024],[109.05629,-7.65069],[109.05629,-7.65114],[109.05628,-7.65114],[109.05628,-7.65159],[109.05628,-7.6516],[109.0562,-7.6516],[109.05611,-7.65141],[109.05591,-7.65152],[109.05591,-7.65151],[109.0559,-7.6515],[109.05583,-7.65151],[109.05583,-7.65151],[109.05582,-7.65151],[109.0558,-7.65151],[109.05579,-7.65151],[109.05565,-7.65139],[109.05566,-7.65114]],[[109.05504,-7.65009],[109.05504,-7.6501],[109.05508,-7.65014],[109.05505,-7.65009],[109.05496,-7.65004],[109.05504,-7.65009]]],[[[109.05719,-7.65025],[109.05719,-7.65024],[109.05719,-7.64979],[109.05765,-7.64979],[109.05765,-7.65009],[109.05765,-7.6501],[109.05738,-7.65011],[109.05741,-7.65024],[109.05741,-7.65025],[109.05719,-7.65025]]],[[[109.05675,-7.64889],[109.05675,-7.64888],[109.05693,-7.64888],[109.05693,-7.64853],[109.05675,-7.64853],[109.05675,-7.64844],[109.05675,-7.64843],[109.05675,-7.64798],[109.05721,-7.64798],[109.05721,-7.64843],[109.05721,-7.64844],[109.05765,-7.64844],[109.05766,-7.64844],[109.0581,-7.64844],[109.05811,-7.64844],[109.05856,-7.64844],[109.05856,-7.64889],[109.059,-7.64889],[109.059,-7.64844],[109.05901,-7.64844],[109.05946,-7.64844],[109.05946,-7.64845],[109.05991,-7.64845],[109.05992,-7.64845],[109.06037,-7.64845],[109.06037,-7.6489],[109.06037,-7.64935],[109.06082,-7.64935],[109.06082,-7.64976],[109.06052,-7.64981],[109.06053,-7.64981],[109.06042,-7.64982],[109.06036,-7.64985],[109.05991,-7.65004],[109.0599,-7.65004],[109.0596,-7.65009],[109.05946,-7.65004],[109.05946,-7.6498],[109.05901,-7.6498],[109.059,-7.6498],[109.05856,-7.6498],[109.05855,-7.6498],[109.0581,-7.6498],[109.0581,-7.64935],[109.0581,-7.64934],[109.05766,-7.64934],[109.05765,-7.64934],[109.0572,-7.64934],[109.0572,-7.64889],[109.05675,-7.64889]],[[109.06036,-7.64935],[109.05991,-7.64935],[109.05991,-7.6498],[109.06036,-7.6498],[109.06036,-7.64935]]],[[[109.05307,-7.6489],[109.05312,-7.64895],[109.05312,-7.64914],[109.05267,-7.64889],[109.05267,-7.64888],[109.05266,-7.64888],[109.05266,-7.64887],[109.05266,-7.64854],[109.05269,-7.64856],[109.0527,-7.64856],[109.0527,-7.64857],[109.05287,-7.64881],[109.05302,-7.64887],[109.05301,-7.64887],[109.05306,-7.64889],[109.05307,-7.64889],[109.05307,-7.6489]]],[[[109.05458,-7.64833],[109.05458,-7.64797],[109.05494,-7.64797],[109.05494,-7.64843],[109.05457,-7.64843],[109.05457,-7.64833],[109.05458,-7.64833]]],[[[109.05404,-7.64752],[109.05404,-7.64797],[109.05422,-7.64797],[109.05422,-7.64815],[109.05421,-7.64815],[109.05421,-7.64842],[109.05403,-7.64842],[109.05403,-7.64797],[109.05403,-7.64754],[109.05403,-7.64753],[109.05404,-7.64752]]],[[[109.0581,-7.64799],[109.0581,-7.64754],[109.05811,-7.64754],[109.05856,-7.64754],[109.05856,-7.64799],[109.05811,-7.64799],[109.0581,-7.64799]]],[[[109.05585,-7.64707],[109.0563,-7.64707],[109.05631,-7.64707],[109.05631,-7.64726],[109.0563,-7.64726],[109.05603,-7.64726],[109.05603,-7.64744],[109.05602,-7.64744],[109.05585,-7.64744],[109.05584,-7.64744],[109.05584,-7.64752],[109.05584,-7.64753],[109.05584,-7.6478],[109.05567,-7.6478],[109.05567,-7.64798],[109.05539,-7.64798],[109.05539,-7.64753],[109.05539,-7.64752],[109.05512,-7.64752],[109.05512,-7.64707],[109.05539,-7.64707],[109.0554,-7.64707],[109.05585,-7.64707]]],[[[109.0562,-7.64762],[109.0563,-7.64762],[109.0563,-7.6478],[109.0562,-7.6478],[109.0562,-7.64762]]],[[[109.05766,-7.64672],[109.05766,-7.64708],[109.05748,-7.64708],[109.05748,-7.64672],[109.05766,-7.64672]]],[[[109.05676,-7.64708],[109.05675,-7.64708],[109.05675,-7.64663],[109.05676,-7.64663],[109.05693,-7.64663],[109.05693,-7.6469],[109.05712,-7.6469],[109.05712,-7.64708],[109.05676,-7.64708]]],[[[109.05676,-7.64572],[109.05631,-7.64572],[109.05631,-7.64617],[109.05631,-7.64662],[109.05631,-7.64663],[109.0563,-7.64663],[109.05585,-7.64663],[109.05585,-7.64662],[109.05585,-7.64617],[109.05585,-7.64572],[109.0563,-7.64572],[109.0563,-7.64538],[109.05634,-7.64536],[109.05633,-7.64529],[109.05633,-7.64528],[109.05633,-7.64527],[109.05676,-7.64527],[109.05676,-7.64572]]],[[[109.0554,-7.64617],[109.0554,-7.64662],[109.05494,-7.64662],[109.05494,-7.64629],[109.05513,-7.64617],[109.0554,-7.64617]]],[[[109.05948,-7.64618],[109.05948,-7.64619],[109.05993,-7.64619],[109.05993,-7.64664],[109.05993,-7.64709],[109.05992,-7.64709],[109.05992,-7.64754],[109.05992,-7.64755],[109.05946,-7.64755],[109.05946,-7.64754],[109.05946,-7.64709],[109.05947,-7.64709],[109.05947,-7.64664],[109.05902,-7.64664],[109.05856,-7.64664],[109.05856,-7.64618],[109.05811,-7.64618],[109.05811,-7.64573],[109.05857,-7.64573],[109.05857,-7.64618],[109.05902,-7.64618],[109.05948,-7.64618]]],[[[109.05767,-7.64572],[109.05767,-7.64573],[109.05767,-7.64582],[109.05766,-7.64582],[109.05749,-7.64582],[109.05748,-7.64582],[109.05748,-7.64573],[109.05749,-7.64573],[109.05749,-7.64572],[109.05766,-7.64572],[109.05767,-7.64572]]],[[[109.05134,-7.64525],[109.05153,-7.6457],[109.05132,-7.6457],[109.05132,-7.64525],[109.05134,-7.64525]]],[[[109.05087,-7.64524],[109.05087,-7.64539],[109.05079,-7.64524],[109.05087,-7.64524]]],[[[109.05054,-7.64368],[109.05055,-7.64368],[109.05056,-7.64368],[109.05057,-7.64368],[109.05058,-7.64369],[109.05059,-7.64369],[109.05059,-7.6437],[109.0506,-7.6437],[109.0506,-7.64371],[109.05069,-7.64389],[109.05042,-7.64389],[109.05042,-7.64371],[109.05054,-7.64368]]],[[[109.05722,-7.64301],[109.05722,-7.64256],[109.05768,-7.64256],[109.05814,-7.64256],[109.05814,-7.64302],[109.05768,-7.64302],[109.05768,-7.64347],[109.05723,-7.64347],[109.05722,-7.64347],[109.05677,-7.64347],[109.05677,-7.64301],[109.05722,-7.64301]]],[[[109.05022,-7.6422],[109.05021,-7.6422],[109.05021,-7.64219],[109.0502,-7.64219],[109.05019,-7.64219],[109.05019,-7.64218],[109.05018,-7.64218],[109.05018,-7.64217],[109.05018,-7.64216],[109.05014,-7.64208],[109.05044,-7.64208],[109.05044,-7.64219],[109.05022,-7.6422]]],[[[109.05859,-7.64212],[109.05814,-7.64212],[109.05814,-7.64184],[109.05823,-7.64184],[109.05859,-7.64184],[109.05859,-7.64212]]],[[[109.05587,-7.64179],[109.05619,-7.64184],[109.05619,-7.64176],[109.05633,-7.64176],[109.05633,-7.64211],[109.05587,-7.64211],[109.05587,-7.64179]]],[[[109.05677,-7.64166],[109.05723,-7.64166],[109.05723,-7.64211],[109.05677,-7.64211],[109.05677,-7.64166]]],[[[109.05769,-7.64166],[109.05769,-7.64121],[109.05814,-7.64121],[109.05859,-7.64121],[109.05859,-7.64076],[109.05904,-7.64076],[109.05904,-7.64031],[109.0595,-7.64031],[109.0595,-7.63986],[109.05995,-7.63986],[109.05996,-7.63986],[109.06023,-7.63986],[109.06023,-7.63987],[109.06022,-7.63987],[109.05996,-7.63987],[109.05995,-7.63987],[109.05986,-7.63987],[109.05986,-7.64022],[109.05995,-7.64022],[109.05996,-7.64022],[109.06005,-7.64022],[109.06005,-7.64031],[109.06005,-7.64032],[109.06005,-7.6404],[109.06023,-7.6404],[109.06023,-7.64041],[109.05996,-7.64041],[109.05995,-7.64041],[109.05986,-7.64041],[109.05986,-7.64059],[109.05968,-7.64059],[109.05968,-7.64076],[109.05968,-7.64077],[109.05968,-7.64094],[109.05986,-7.64095],[109.05986,-7.64113],[109.05995,-7.64113],[109.06022,-7.64113],[109.06022,-7.64077],[109.06041,-7.64077],[109.06041,-7.64122],[109.05995,-7.64122],[109.05995,-7.64167],[109.05949,-7.64167],[109.05949,-7.64122],[109.05905,-7.64122],[109.05904,-7.64122],[109.05904,-7.64167],[109.05859,-7.64167],[109.05859,-7.64166],[109.05877,-7.64166],[109.05877,-7.6413],[109.05859,-7.6413],[109.05841,-7.6413],[109.05814,-7.6413],[109.05805,-7.6413],[109.05805,-7.64166],[109.05769,-7.64166]]],[[[109.05044,-7.64118],[109.05062,-7.64118],[109.05062,-7.64145],[109.0508,-7.64145],[109.0509,-7.64145],[109.0509,-7.64163],[109.05044,-7.64163],[109.05044,-7.64118]]],[[[109.05171,-7.64127],[109.05171,-7.64118],[109.0518,-7.64118],[109.0518,-7.64163],[109.05135,-7.64163],[109.05135,-7.64127],[109.05171,-7.64127]]],[[[109.05253,-7.64073],[109.05225,-7.64073],[109.05225,-7.64028],[109.05271,-7.64028],[109.05271,-7.64041],[109.05253,-7.64073]]],[[[109.05679,-7.63985],[109.05722,-7.63985],[109.05724,-7.63985],[109.05724,-7.6403],[109.05717,-7.6403],[109.05679,-7.6403],[109.05678,-7.6403],[109.05678,-7.63985],[109.05679,-7.63985]]],[[[109.05497,-7.6403],[109.05497,-7.64029],[109.05497,-7.63984],[109.05543,-7.63984],[109.05543,-7.64029],[109.05543,-7.6403],[109.05497,-7.6403]]],[[[109.05369,-7.64029],[109.05361,-7.64],[109.05361,-7.63984],[109.05361,-7.63983],[109.05407,-7.63983],[109.05407,-7.63984],[109.05452,-7.63984],[109.05452,-7.64029],[109.05407,-7.64029],[109.05406,-7.64029],[109.05369,-7.64029]]],[[[109.0568,-7.63759],[109.05725,-7.63759],[109.05725,-7.63804],[109.05725,-7.63849],[109.05746,-7.63849],[109.05756,-7.63849],[109.0577,-7.63849],[109.0577,-7.6385],[109.0577,-7.63895],[109.0577,-7.6394],[109.05736,-7.6394],[109.05727,-7.6394],[109.05724,-7.6394],[109.05724,-7.63895],[109.05724,-7.6385],[109.05679,-7.6385],[109.05679,-7.63804],[109.05634,-7.63804],[109.05634,-7.63759],[109.05679,-7.63759],[109.0568,-7.63759]]],[[[109.05588,-7.63894],[109.05588,-7.63849],[109.05589,-7.63849],[109.05634,-7.63849],[109.05634,-7.63894],[109.05589,-7.63894],[109.05588,-7.63894]]],[[[109.05363,-7.63848],[109.05363,-7.63893],[109.05331,-7.63893],[109.05327,-7.6388],[109.05327,-7.63879],[109.05327,-7.63878],[109.05327,-7.63877],[109.05328,-7.63877],[109.05328,-7.63876],[109.05328,-7.63875],[109.05329,-7.63875],[109.05338,-7.63866],[109.05317,-7.63864],[109.05317,-7.63848],[109.05363,-7.63848]]],[[[109.05181,-7.63851],[109.05181,-7.63874],[109.05171,-7.63874],[109.05181,-7.63851]]],[[[109.05499,-7.63848],[109.05499,-7.63849],[109.05498,-7.63849],[109.05453,-7.63849],[109.05453,-7.63848],[109.05453,-7.63803],[109.05453,-7.63758],[109.05453,-7.63713],[109.05408,-7.63713],[109.05408,-7.63667],[109.05363,-7.63667],[109.05363,-7.63622],[109.05319,-7.63622],[109.05319,-7.63667],[109.05318,-7.63667],[109.05273,-7.63667],[109.05273,-7.63694],[109.05263,-7.63694],[109.05263,-7.63676],[109.05245,-7.63676],[109.05227,-7.63676],[109.05227,-7.63675],[109.05245,-7.63675],[109.05245,-7.63667],[109.05245,-7.63657],[109.05263,-7.63657],[109.05263,-7.63622],[109.05263,-7.63621],[109.05264,-7.63621],[109.05264,-7.63586],[109.05228,-7.63586],[109.05228,-7.63604],[109.05227,-7.63604],[109.05227,-7.63621],[109.05227,-7.63639],[109.05191,-7.63639],[109.05191,-7.63666],[109.05191,-7.63667],[109.05191,-7.63693],[109.05209,-7.63693],[109.05209,-7.63712],[109.05182,-7.63712],[109.05182,-7.63726],[109.05165,-7.63722],[109.05154,-7.63712],[109.05153,-7.63712],[109.05136,-7.63696],[109.05136,-7.63693],[109.05155,-7.63693],[109.05155,-7.63675],[109.05172,-7.63675],[109.05172,-7.63666],[109.05172,-7.63639],[109.05173,-7.63639],[109.05173,-7.63621],[109.05182,-7.63621],[109.05182,-7.63603],[109.05192,-7.63603],[109.05192,-7.63576],[109.05227,-7.63576],[109.05228,-7.63576],[109.05228,-7.63531],[109.05246,-7.63531],[109.05246,-7.63549],[109.05264,-7.63549],[109.05264,-7.63567],[109.05273,-7.63567],[109.05274,-7.63567],[109.05282,-7.63567],[109.05318,-7.63567],[109.05318,-7.63532],[109.053,-7.63532],[109.053,-7.63531],[109.053,-7.63513],[109.05318,-7.63513],[109.05318,-7.63486],[109.05318,-7.63459],[109.05282,-7.63459],[109.05282,-7.63486],[109.05282,-7.63495],[109.05273,-7.63495],[109.05273,-7.63486],[109.05273,-7.63441],[109.05318,-7.63441],[109.05318,-7.63396],[109.05273,-7.63396],[109.05273,-7.63351],[109.05273,-7.6335],[109.05319,-7.6335],[109.05319,-7.63351],[109.05364,-7.63351],[109.05364,-7.63396],[109.05409,-7.63396],[109.0541,-7.63396],[109.05454,-7.63396],[109.05455,-7.63396],[109.055,-7.63396],[109.055,-7.63397],[109.05545,-7.63397],[109.05545,-7.63352],[109.05546,-7.63352],[109.05546,-7.63307],[109.05546,-7.63306],[109.05592,-7.63306],[109.05592,-7.63307],[109.05636,-7.63307],[109.05637,-7.63307],[109.05682,-7.63307],[109.05727,-7.63307],[109.05727,-7.63262],[109.05682,-7.63262],[109.05637,-7.63262],[109.05637,-7.63217],[109.05637,-7.63171],[109.05682,-7.63171],[109.05682,-7.63217],[109.05727,-7.63217],[109.05727,-7.63172],[109.05727,-7.63127],[109.05773,-7.63127],[109.05773,-7.63172],[109.05773,-7.63217],[109.05818,-7.63217],[109.05818,-7.63262],[109.05818,-7.63263],[109.05818,-7.63308],[109.05862,-7.63308],[109.05862,-7.63263],[109.05863,-7.63263],[109.05863,-7.63218],[109.05863,-7.63173],[109.05863,-7.63172],[109.05818,-7.63172],[109.05818,-7.63127],[109.05818,-7.63082],[109.05818,-7.63037],[109.05819,-7.63037],[109.05819,-7.62996],[109.05843,-7.63],[109.05844,-7.62991],[109.05845,-7.62991],[109.05865,-7.62991],[109.05865,-7.63037],[109.0591,-7.63037],[109.0591,-7.63082],[109.05864,-7.63082],[109.05864,-7.63127],[109.05909,-7.63127],[109.05954,-7.63127],[109.05954,-7.63082],[109.06,-7.63082],[109.06,-7.63128],[109.06,-7.63173],[109.06045,-7.63173],[109.06045,-7.63218],[109.06045,-7.63239],[109.06045,-7.63263],[109.06045,-7.63264],[109.06045,-7.63309],[109.06044,-7.63309],[109.06044,-7.63354],[109.06089,-7.63354],[109.06089,-7.63309],[109.06089,-7.63264],[109.06134,-7.63264],[109.06135,-7.63264],[109.0618,-7.63264],[109.06226,-7.63264],[109.06226,-7.6331],[109.06271,-7.6331],[109.06271,-7.63337],[109.06268,-7.63355],[109.06225,-7.63355],[109.06225,-7.6331],[109.0618,-7.6331],[109.0618,-7.63309],[109.06135,-7.63309],[109.06135,-7.63354],[109.0618,-7.63354],[109.0618,-7.63399],[109.0618,-7.634],[109.0618,-7.63445],[109.06134,-7.63445],[109.06134,-7.634],[109.06089,-7.634],[109.06089,-7.63444],[109.06089,-7.63445],[109.06043,-7.63445],[109.06043,-7.63444],[109.05998,-7.63444],[109.05998,-7.63399],[109.05998,-7.63354],[109.05998,-7.63326],[109.05998,-7.63309],[109.05998,-7.63308],[109.05999,-7.63308],[109.05999,-7.63304],[109.05999,-7.63264],[109.05999,-7.63263],[109.05999,-7.63218],[109.05954,-7.63218],[109.05954,-7.63263],[109.05954,-7.63308],[109.05908,-7.63308],[109.05908,-7.63353],[109.05953,-7.63353],[109.05953,-7.6339],[109.05953,-7.63398],[109.05953,-7.63399],[109.05953,-7.6341],[109.05953,-7.63444],[109.05935,-7.63444],[109.05916,-7.63444],[109.05908,-7.63444],[109.05907,-7.63444],[109.05906,-7.63444],[109.05894,-7.63444],[109.05863,-7.63444],[109.05863,-7.63488],[109.05863,-7.63489],[109.05863,-7.6349],[109.05863,-7.635],[109.05863,-7.63534],[109.05862,-7.63534],[109.05862,-7.63579],[109.05862,-7.63624],[109.05816,-7.63624],[109.05816,-7.63585],[109.05816,-7.63579],[109.05816,-7.63576],[109.05816,-7.63575],[109.05816,-7.63574],[109.05816,-7.63534],[109.05772,-7.63534],[109.05772,-7.63579],[109.05726,-7.63579],[109.05726,-7.63533],[109.05681,-7.63533],[109.05636,-7.63533],[109.05636,-7.63578],[109.05681,-7.63578],[109.05681,-7.63623],[109.05635,-7.63623],[109.05635,-7.63578],[109.0559,-7.63578],[109.05545,-7.63578],[109.05545,-7.63623],[109.05499,-7.63623],[109.05454,-7.63623],[109.05453,-7.63623],[109.05453,-7.63577],[109.05409,-7.63577],[109.05409,-7.63622],[109.05409,-7.63667],[109.05453,-7.63667],[109.05454,-7.63667],[109.05454,-7.63668],[109.05499,-7.63668],[109.05499,-7.63713],[109.05544,-7.63713],[109.05544,-7.63758],[109.05544,-7.63804],[109.05499,-7.63804],[109.05499,-7.63848]],[[109.05862,-7.63399],[109.05862,-7.63398],[109.05862,-7.63353],[109.05817,-7.63353],[109.05817,-7.63398],[109.05817,-7.63443],[109.05862,-7.63443],[109.05862,-7.63399]],[[109.05817,-7.63308],[109.05772,-7.63308],[109.05772,-7.63352],[109.05772,-7.63353],[109.05817,-7.63353],[109.05817,-7.63308]],[[109.05772,-7.63443],[109.05727,-7.63443],[109.05726,-7.63443],[109.05682,-7.63443],[109.05681,-7.63443],[109.05636,-7.63443],[109.05636,-7.63488],[109.05681,-7.63488],[109.05727,-7.63488],[109.05727,-7.63533],[109.05771,-7.63533],[109.05771,-7.63488],[109.05817,-7.63488],[109.05817,-7.63443],[109.05772,-7.63443]],[[109.05364,-7.63486],[109.05409,-7.63486],[109.05409,-7.63442],[109.05364,-7.63442],[109.05364,-7.63486]],[[109.05455,-7.63442],[109.05455,-7.63487],[109.05499,-7.63487],[109.05499,-7.63442],[109.05455,-7.63442]],[[109.0559,-7.63487],[109.0559,-7.63443],[109.0559,-7.63442],[109.05546,-7.63442],[109.05545,-7.63442],[109.05545,-7.63487],[109.0559,-7.63487]],[[109.05835,-7.63564],[109.05836,-7.63564],[109.05837,-7.63564],[109.0584,-7.63564],[109.05834,-7.63556],[109.05829,-7.63562],[109.05827,-7.63567],[109.05834,-7.63564],[109.05835,-7.63564]],[[109.05499,-7.63577],[109.05544,-7.63577],[109.05544,-7.63533],[109.05544,-7.63532],[109.055,-7.63532],[109.05499,-7.63532],[109.05454,-7.63532],[109.05454,-7.63577],[109.05499,-7.63577]],[[109.0559,-7.63488],[109.0559,-7.63532],[109.0559,-7.63533],[109.05635,-7.63533],[109.05635,-7.63488],[109.0559,-7.63488]]],[[[109.05318,-7.63712],[109.05363,-7.63712],[109.05363,-7.63758],[109.05353,-7.63758],[109.05353,-7.63731],[109.05318,-7.63731],[109.05317,-7.63731],[109.05317,-7.63748],[109.05281,-7.63748],[109.05281,-7.6373],[109.05282,-7.6373],[109.05282,-7.63712],[109.05317,-7.63712],[109.05318,-7.63712]]],[[[109.05092,-7.63621],[109.05119,-7.63621],[109.05119,-7.63639],[109.05136,-7.63639],[109.05136,-7.63657],[109.05119,-7.63657],[109.05119,-7.63666],[109.05103,-7.63666],[109.05091,-7.63656],[109.05091,-7.63655],[109.05082,-7.63648],[109.05082,-7.63621],[109.05091,-7.63621],[109.05092,-7.63621]]],[[[109.05066,-7.6353],[109.05076,-7.63489],[109.05076,-7.63485],[109.05076,-7.6344],[109.05092,-7.6344],[109.05092,-7.63395],[109.05138,-7.63395],[109.05138,-7.6344],[109.05138,-7.63485],[109.05183,-7.63485],[109.05183,-7.6344],[109.05228,-7.6344],[109.05228,-7.63459],[109.0521,-7.63459],[109.0521,-7.63477],[109.05192,-7.63477],[109.05192,-7.63486],[109.05183,-7.63486],[109.05183,-7.63495],[109.05173,-7.63495],[109.05156,-7.63495],[109.05137,-7.63495],[109.05137,-7.63485],[109.05093,-7.63485],[109.05093,-7.6353],[109.05092,-7.6353],[109.05092,-7.63567],[109.05083,-7.63567],[109.05083,-7.63575],[109.05083,-7.63576],[109.05083,-7.63585],[109.05082,-7.63585],[109.05082,-7.63621],[109.05064,-7.63621],[109.05064,-7.63603],[109.05049,-7.63603],[109.05049,-7.636],[109.05055,-7.63575],[109.05055,-7.63575],[109.05066,-7.6353]]],[[[109.05155,-7.6353],[109.05155,-7.63531],[109.05174,-7.63531],[109.05183,-7.63531],[109.05183,-7.63567],[109.05173,-7.63567],[109.05173,-7.63549],[109.05137,-7.63549],[109.05137,-7.63531],[109.05137,-7.6353],[109.05155,-7.6353]]],[[[109.05409,-7.63306],[109.05455,-7.63306],[109.05455,-7.63351],[109.05409,-7.63351],[109.05409,-7.63306]]],[[[109.05149,-7.6326],[109.05149,-7.63259],[109.05184,-7.63259],[109.05184,-7.6326],[109.05184,-7.63305],[109.05147,-7.63305],[109.05149,-7.6326]]],[[[109.05501,-7.63216],[109.05547,-7.63216],[109.05547,-7.63261],[109.05501,-7.63261],[109.05501,-7.63216]]],[[[109.05546,-7.63171],[109.05546,-7.63126],[109.05547,-7.63126],[109.05592,-7.63126],[109.05592,-7.63171],[109.05547,-7.63171],[109.05546,-7.63171]]],[[[109.05456,-7.6308],[109.05502,-7.6308],[109.05502,-7.63126],[109.05456,-7.63126],[109.05456,-7.6308]]],[[[109.05546,-7.63081],[109.05546,-7.63035],[109.05547,-7.63035],[109.05592,-7.63035],[109.05592,-7.63081],[109.05547,-7.63081],[109.05546,-7.63081]]],[[[109.05683,-7.62986],[109.05685,-7.62986],[109.05726,-7.62988],[109.05729,-7.62988],[109.05729,-7.62991],[109.05683,-7.62991],[109.05683,-7.62986]]],[[[109.05734,-7.61771],[109.05779,-7.61771],[109.05779,-7.61816],[109.05779,-7.61817],[109.05734,-7.61817],[109.05733,-7.61817],[109.05733,-7.61816],[109.05733,-7.61771],[109.05734,-7.61771]]],[[[109.05734,-7.61636],[109.05734,-7.61635],[109.0578,-7.61635],[109.0578,-7.61636],[109.0578,-7.61681],[109.05734,-7.61681],[109.05734,-7.61636]]],[[[109.0569,-7.61409],[109.0569,-7.61364],[109.05736,-7.61364],[109.05736,-7.61334],[109.05777,-7.61319],[109.05776,-7.61319],[109.05782,-7.61318],[109.05782,-7.61319],[109.05782,-7.61364],[109.05782,-7.61365],[109.05782,-7.6141],[109.05826,-7.6141],[109.05826,-7.61365],[109.05872,-7.61365],[109.05872,-7.61401],[109.05871,-7.61401],[109.05871,-7.6141],[109.05827,-7.6141],[109.05827,-7.61455],[109.05781,-7.61455],[109.05736,-7.61455],[109.05735,-7.61455],[109.0569,-7.61455],[109.0569,-7.6141],[109.0569,-7.61409]]],[[[109.05795,-7.61227],[109.05795,-7.61226],[109.05795,-7.61225],[109.05795,-7.61224],[109.05786,-7.61226],[109.05781,-7.61224],[109.05781,-7.61202],[109.05782,-7.61202],[109.058,-7.61202],[109.05826,-7.61202],[109.05827,-7.61202],[109.05836,-7.61202],[109.05836,-7.61229],[109.05836,-7.6123],[109.05836,-7.61238],[109.05854,-7.61238],[109.05854,-7.61274],[109.05872,-7.61274],[109.05872,-7.61275],[109.05833,-7.61275],[109.05826,-7.61261],[109.05826,-7.6123],[109.05826,-7.61229],[109.05797,-7.61229],[109.05796,-7.61228],[109.05796,-7.61227],[109.05795,-7.61227]]],[[[109.05762,-7.6118],[109.0576,-7.6118],[109.05761,-7.61178],[109.05752,-7.61177],[109.05752,-7.61176],[109.05751,-7.61173],[109.0575,-7.61172],[109.0575,-7.61171],[109.0575,-7.6117],[109.05751,-7.61169],[109.05737,-7.61165],[109.05763,-7.61165],[109.05763,-7.61166],[109.05764,-7.61166],[109.05764,-7.61184],[109.05763,-7.61184],[109.05762,-7.6118]]],[[[109.05529,-7.61117],[109.05529,-7.61116],[109.05529,-7.61115],[109.05529,-7.61114],[109.05529,-7.61113],[109.05529,-7.61112],[109.05536,-7.61092],[109.05556,-7.61092],[109.05556,-7.61048],[109.05556,-7.61047],[109.05556,-7.61037],[109.05568,-7.61002],[109.05584,-7.60957],[109.05601,-7.60957],[109.05601,-7.60912],[109.05601,-7.60909],[109.05612,-7.60879],[109.05601,-7.60875],[109.05601,-7.60867],[109.05584,-7.60867],[109.05559,-7.60855],[109.05558,-7.60855],[109.05556,-7.60854],[109.05556,-7.60821],[109.05557,-7.60821],[109.05602,-7.60821],[109.05602,-7.60777],[109.05602,-7.60776],[109.05557,-7.60776],[109.05557,-7.60731],[109.05512,-7.60731],[109.05512,-7.60686],[109.05467,-7.60686],[109.05467,-7.6064],[109.05467,-7.60595],[109.05467,-7.6055],[109.05467,-7.60505],[109.05468,-7.60505],[109.05468,-7.6046],[109.05468,-7.60459],[109.05513,-7.60459],[109.05513,-7.60415],[109.05468,-7.60415],[109.05468,-7.60414],[109.05468,-7.60369],[109.05468,-7.60324],[109.05469,-7.60324],[109.05469,-7.60279],[109.05469,-7.60234],[109.05469,-7.60188],[109.05514,-7.60188],[109.05514,-7.60144],[109.05514,-7.60143],[109.05514,-7.60098],[109.05515,-7.60098],[109.0556,-7.60098],[109.0556,-7.60143],[109.0556,-7.60144],[109.0556,-7.60189],[109.05605,-7.60189],[109.05605,-7.60234],[109.0556,-7.60234],[109.05559,-7.60234],[109.05559,-7.60189],[109.05515,-7.60189],[109.05515,-7.60234],[109.05515,-7.60279],[109.0556,-7.60279],[109.0556,-7.60324],[109.05515,-7.60324],[109.05514,-7.60324],[109.05514,-7.60369],[109.05514,-7.60414],[109.05559,-7.60414],[109.05559,-7.60415],[109.05559,-7.6046],[109.05559,-7.60505],[109.05604,-7.60505],[109.05604,-7.6055],[109.05649,-7.6055],[109.05649,-7.60506],[109.05649,-7.60505],[109.05649,-7.6046],[109.05695,-7.6046],[109.05695,-7.60505],[109.05695,-7.60506],[109.0574,-7.60506],[109.0574,-7.60551],[109.05695,-7.60551],[109.05695,-7.60596],[109.0574,-7.60596],[109.0574,-7.60641],[109.05785,-7.60641],[109.05785,-7.60642],[109.05785,-7.60687],[109.0583,-7.60687],[109.0583,-7.60732],[109.05874,-7.60732],[109.05875,-7.60732],[109.0592,-7.60732],[109.0592,-7.60778],[109.05875,-7.60778],[109.05875,-7.60823],[109.05919,-7.60823],[109.0592,-7.60823],[109.05965,-7.60823],[109.05965,-7.60868],[109.0601,-7.60868],[109.0601,-7.60869],[109.06055,-7.60869],[109.06056,-7.60869],[109.06056,-7.60914],[109.061,-7.60914],[109.06101,-7.60914],[109.06101,-7.60959],[109.061,-7.60959],[109.06055,-7.60959],[109.06055,-7.60914],[109.0601,-7.60914],[109.0601,-7.60959],[109.05965,-7.60959],[109.05964,-7.60959],[109.05964,-7.61004],[109.05964,-7.61049],[109.05964,-7.61076],[109.05945,-7.61076],[109.05945,-7.61049],[109.05945,-7.6104],[109.05919,-7.6104],[109.05918,-7.6104],[109.05909,-7.6104],[109.05909,-7.61049],[109.05909,-7.61058],[109.05891,-7.61058],[109.05891,-7.61049],[109.05891,-7.6104],[109.05873,-7.6104],[109.05855,-7.6104],[109.05855,-7.61049],[109.05828,-7.61049],[109.05828,-7.61094],[109.05827,-7.61094],[109.05818,-7.61094],[109.05818,-7.61112],[109.058,-7.61112],[109.05782,-7.61112],[109.05781,-7.61112],[109.05746,-7.61112],[109.05746,-7.6113],[109.05737,-7.6113],[109.05736,-7.6113],[109.05728,-7.6113],[109.05728,-7.61138],[109.05728,-7.61139],[109.05692,-7.61139],[109.05691,-7.61139],[109.05691,-7.61138],[109.05691,-7.61093],[109.05647,-7.61093],[109.05646,-7.61093],[109.05602,-7.61093],[109.05602,-7.61133],[109.05602,-7.61135],[109.05602,-7.61136],[109.05601,-7.61136],[109.05601,-7.61135],[109.056,-7.61135],[109.056,-7.61133],[109.056,-7.61111],[109.05564,-7.61111],[109.05564,-7.61125],[109.05562,-7.61125],[109.05556,-7.61123],[109.05532,-7.61119],[109.0553,-7.61118],[109.0553,-7.61117],[109.05529,-7.61117]],[[109.0592,-7.60868],[109.05919,-7.60868],[109.05874,-7.60868],[109.05874,-7.60913],[109.05919,-7.60913],[109.05964,-7.60913],[109.05964,-7.60868],[109.0592,-7.60868]],[[109.05692,-7.61002],[109.05692,-7.60958],[109.05647,-7.60958],[109.05647,-7.61002],[109.05692,-7.61002]],[[109.05603,-7.60596],[109.05603,-7.60551],[109.05558,-7.60551],[109.05558,-7.6055],[109.05558,-7.60505],[109.05514,-7.60505],[109.05513,-7.60505],[109.05513,-7.6055],[109.05513,-7.60595],[109.05558,-7.60595],[109.05558,-7.6064],[109.05558,-7.60641],[109.05603,-7.60641],[109.05649,-7.60641],[109.05649,-7.60686],[109.05693,-7.60686],[109.05693,-7.60641],[109.05694,-7.60641],[109.05694,-7.60596],[109.05649,-7.60596],[109.05603,-7.60596]]],[[[109.0592,-7.60462],[109.0592,-7.60461],[109.05966,-7.60461],[109.05966,-7.60462],[109.05966,-7.60507],[109.06011,-7.60507],[109.06011,-7.60552],[109.05966,-7.60552],[109.05966,-7.60597],[109.0592,-7.60597],[109.0592,-7.60642],[109.05875,-7.60642],[109.05875,-7.60597],[109.0583,-7.60597],[109.0583,-7.60552],[109.0583,-7.60551],[109.05875,-7.60551],[109.05875,-7.60507],[109.05875,-7.60506],[109.0592,-7.60506],[109.0592,-7.60462]],[[109.05965,-7.60552],[109.05965,-7.60507],[109.05921,-7.60507],[109.05921,-7.60552],[109.05965,-7.60552]]],[[[109.05377,-7.60505],[109.05377,-7.60504],[109.05377,-7.60459],[109.05423,-7.60459],[109.05423,-7.60504],[109.05423,-7.60505],[109.05377,-7.60505]]],[[[109.05785,-7.60461],[109.0574,-7.60461],[109.0574,-7.60416],[109.05695,-7.60416],[109.05695,-7.60415],[109.0565,-7.60415],[109.05649,-7.60415],[109.05649,-7.6037],[109.0565,-7.6037],[109.05695,-7.6037],[109.0574,-7.6037],[109.05785,-7.6037],[109.05785,-7.60415],[109.05785,-7.60416],[109.05785,-7.60461]]],[[[109.0542,-7.60369],[109.05378,-7.60369],[109.05332,-7.60369],[109.05332,-7.60335],[109.05332,-7.60323],[109.05319,-7.60323],[109.05287,-7.60323],[109.05287,-7.60293],[109.05287,-7.60281],[109.05287,-7.60278],[109.05333,-7.60278],[109.05378,-7.60278],[109.05378,-7.60233],[109.05333,-7.60233],[109.05333,-7.60188],[109.05333,-7.60143],[109.05379,-7.60143],[109.05379,-7.60098],[109.05424,-7.60098],[109.05425,-7.60098],[109.05425,-7.60143],[109.05425,-7.60188],[109.05424,-7.60188],[109.05379,-7.60188],[109.05379,-7.60233],[109.05424,-7.60233],[109.05424,-7.60279],[109.05379,-7.60279],[109.05379,-7.60323],[109.05424,-7.60323],[109.05424,-7.60324],[109.05424,-7.60337],[109.05424,-7.60349],[109.05424,-7.60364],[109.05424,-7.60369],[109.0542,-7.60369]]],[[[109.05741,-7.60235],[109.0574,-7.60235],[109.05695,-7.60235],[109.05695,-7.6019],[109.05695,-7.60189],[109.05695,-7.60144],[109.05696,-7.60144],[109.05696,-7.60099],[109.05742,-7.60099],[109.05742,-7.60144],[109.05787,-7.60144],[109.05787,-7.60145],[109.05832,-7.60145],[109.05832,-7.6019],[109.05876,-7.6019],[109.05877,-7.6019],[109.05877,-7.60145],[109.05923,-7.60145],[109.05923,-7.6019],[109.05968,-7.6019],[109.05968,-7.60191],[109.06013,-7.60191],[109.06013,-7.60146],[109.05968,-7.60146],[109.05968,-7.601],[109.06013,-7.601],[109.06014,-7.601],[109.06058,-7.601],[109.06058,-7.60056],[109.06058,-7.60055],[109.06058,-7.6001],[109.06059,-7.6001],[109.06103,-7.6001],[109.06104,-7.6001],[109.06104,-7.59966],[109.06104,-7.59965],[109.06104,-7.59936],[109.06104,-7.59933],[109.06104,-7.5992],[109.06104,-7.59875],[109.06132,-7.59875],[109.06132,-7.59884],[109.0615,-7.59884],[109.0615,-7.59902],[109.06178,-7.59902],[109.06186,-7.59902],[109.06186,-7.599],[109.06186,-7.59875],[109.06187,-7.59875],[109.06195,-7.59875],[109.06196,-7.59875],[109.0624,-7.59875],[109.0624,-7.5983],[109.06241,-7.5983],[109.06241,-7.59785],[109.06196,-7.59785],[109.06196,-7.5974],[109.06163,-7.5974],[109.06153,-7.5974],[109.06151,-7.5974],[109.06105,-7.5974],[109.06105,-7.59694],[109.06106,-7.59694],[109.06114,-7.59694],[109.06151,-7.59694],[109.06151,-7.59649],[109.06106,-7.59649],[109.06106,-7.59631],[109.06115,-7.59631],[109.06115,-7.59613],[109.06151,-7.59613],[109.06151,-7.59604],[109.06151,-7.59559],[109.06151,-7.59523],[109.06115,-7.59523],[109.06115,-7.59541],[109.06107,-7.59541],[109.06106,-7.59541],[109.06085,-7.59541],[109.06093,-7.59513],[109.06106,-7.59513],[109.06107,-7.59513],[109.06152,-7.59513],[109.06152,-7.59514],[109.06152,-7.59559],[109.06197,-7.59559],[109.06197,-7.59604],[109.06197,-7.59649],[109.06197,-7.59694],[109.06197,-7.59695],[109.06197,-7.5974],[109.06242,-7.5974],[109.06242,-7.59785],[109.06287,-7.59785],[109.06287,-7.59831],[109.06286,-7.59831],[109.06286,-7.59876],[109.06241,-7.59876],[109.06241,-7.5992],[109.06241,-7.59921],[109.06286,-7.59921],[109.06286,-7.59966],[109.06331,-7.59966],[109.06331,-7.60011],[109.06331,-7.60012],[109.06285,-7.60012],[109.06285,-7.60011],[109.06285,-7.59966],[109.06241,-7.59966],[109.0624,-7.59966],[109.0624,-7.59995],[109.0624,-7.60011],[109.06195,-7.60011],[109.06195,-7.60056],[109.0624,-7.60056],[109.0624,-7.60101],[109.0624,-7.60102],[109.06194,-7.60102],[109.06194,-7.60146],[109.06194,-7.60147],[109.06194,-7.60192],[109.06149,-7.60192],[109.06149,-7.60236],[109.06149,-7.60237],[109.06149,-7.60282],[109.06149,-7.60327],[109.06148,-7.60327],[109.06148,-7.60372],[109.06194,-7.60372],[109.06194,-7.60418],[109.06238,-7.60418],[109.06238,-7.60373],[109.06238,-7.60327],[109.06239,-7.60327],[109.06284,-7.60327],[109.06284,-7.60328],[109.06329,-7.60328],[109.06329,-7.60373],[109.06329,-7.60418],[109.06329,-7.60463],[109.06329,-7.60508],[109.06329,-7.60509],[109.06283,-7.60509],[109.06283,-7.60508],[109.06283,-7.60463],[109.06283,-7.60418],[109.06239,-7.60418],[109.06239,-7.60463],[109.06238,-7.60463],[109.06238,-7.60508],[109.06193,-7.60508],[109.06192,-7.60508],[109.06148,-7.60508],[109.06147,-7.60508],[109.06102,-7.60508],[109.06102,-7.60553],[109.06056,-7.60553],[109.06056,-7.60508],[109.06056,-7.60507],[109.06011,-7.60507],[109.06011,-7.60462],[109.06056,-7.60462],[109.06057,-7.60462],[109.06057,-7.60417],[109.06012,-7.60417],[109.05966,-7.60417],[109.05966,-7.60372],[109.05966,-7.60371],[109.05966,-7.60326],[109.06012,-7.60326],[109.06012,-7.60281],[109.05968,-7.60281],[109.05967,-7.60281],[109.05922,-7.60281],[109.05877,-7.60281],[109.05877,-7.60326],[109.05922,-7.60326],[109.05922,-7.60371],[109.05876,-7.60371],[109.05876,-7.60326],[109.05831,-7.60326],[109.05831,-7.60281],[109.05831,-7.6028],[109.05831,-7.60235],[109.05831,-7.6019],[109.05787,-7.6019],[109.05786,-7.6019],[109.05786,-7.60235],[109.05741,-7.60235]],[[109.06187,-7.59915],[109.06187,-7.59914],[109.06178,-7.59902],[109.06187,-7.59915]],[[109.06193,-7.60462],[109.06193,-7.60418],[109.06148,-7.60418],[109.06148,-7.60417],[109.06103,-7.60417],[109.06103,-7.60462],[109.06147,-7.60462],[109.06148,-7.60462],[109.06193,-7.60462]],[[109.06204,-7.59946],[109.06203,-7.59948],[109.06206,-7.59951],[109.06207,-7.59952],[109.06207,-7.59949],[109.06204,-7.59946]]],[[[109.0574,-7.6028],[109.05786,-7.6028],[109.05786,-7.60325],[109.0574,-7.60325],[109.0574,-7.6028]]],[[[109.05604,-7.60325],[109.05604,-7.60279],[109.05605,-7.60279],[109.0565,-7.60279],[109.0565,-7.60325],[109.05605,-7.60325],[109.05604,-7.60325]]],[[[109.05242,-7.60187],[109.05288,-7.60187],[109.05288,-7.60233],[109.05242,-7.60233],[109.05242,-7.60187]]],[[[109.0503,-7.6008],[109.05031,-7.60081],[109.05049,-7.60088],[109.05063,-7.60088],[109.05063,-7.60096],[109.05088,-7.60096],[109.05108,-7.60112],[109.05108,-7.60142],[109.05152,-7.60142],[109.05153,-7.60142],[109.05198,-7.60142],[109.05198,-7.60187],[109.05153,-7.60187],[109.05152,-7.60187],[109.05107,-7.60187],[109.05062,-7.60187],[109.05062,-7.60223],[109.05062,-7.60232],[109.05016,-7.60232],[109.05016,-7.60186],[109.05061,-7.60186],[109.05061,-7.60141],[109.05062,-7.60141],[109.05062,-7.60096],[109.05017,-7.60096],[109.05017,-7.60077],[109.05019,-7.60079],[109.0503,-7.6008]]],[[[109.05243,-7.60097],[109.05289,-7.60097],[109.05289,-7.60142],[109.05243,-7.60142],[109.05243,-7.60097]]],[[[109.05095,-7.60096],[109.05108,-7.60096],[109.05108,-7.60107],[109.05095,-7.60096]]],[[[109.05038,-7.60079],[109.05037,-7.60079],[109.05037,-7.6008],[109.05036,-7.6008],[109.05035,-7.6008],[109.05034,-7.6008],[109.05033,-7.6008],[109.05017,-7.60077],[109.05017,-7.60051],[109.05063,-7.60051],[109.05063,-7.60088],[109.05056,-7.60086],[109.05055,-7.60086],[109.05055,-7.60085],[109.05046,-7.60079],[109.05045,-7.60079],[109.05045,-7.6008],[109.05044,-7.6008],[109.05043,-7.6008],[109.05042,-7.6008],[109.05041,-7.6008],[109.05038,-7.60078],[109.05038,-7.60079]]],[[[109.05742,-7.60009],[109.05742,-7.60054],[109.05696,-7.60054],[109.05696,-7.60009],[109.05696,-7.60008],[109.05742,-7.60009]]],[[[109.04836,-7.59996],[109.04836,-7.60005],[109.04825,-7.60005],[109.04829,-7.60001],[109.04833,-7.59996],[109.04836,-7.59996]]],[[[109.05754,-7.60008],[109.05788,-7.5998],[109.05788,-7.60009],[109.05748,-7.60009],[109.05754,-7.60008]]],[[[109.06224,-7.67607],[109.06223,-7.67602],[109.06237,-7.67602],[109.06225,-7.67607],[109.06224,-7.67607]]],[[[109.06296,-7.67467],[109.06296,-7.67422],[109.06297,-7.67422],[109.06333,-7.67422],[109.06333,-7.6744],[109.06315,-7.6744],[109.06315,-7.67467],[109.06315,-7.67512],[109.06297,-7.67512],[109.06297,-7.67557],[109.06332,-7.67557],[109.06297,-7.67575],[109.06296,-7.67575],[109.06251,-7.67596],[109.06251,-7.67557],[109.06206,-7.67557],[109.06206,-7.67512],[109.06251,-7.67512],[109.06252,-7.67512],[109.06296,-7.67512],[109.06296,-7.67467]]],[[[109.06069,-7.65884],[109.06078,-7.65884],[109.06078,-7.65929],[109.06078,-7.6593],[109.06078,-7.65975],[109.06033,-7.65975],[109.06032,-7.65975],[109.05987,-7.65975],[109.05987,-7.65934],[109.05993,-7.65929],[109.06032,-7.65929],[109.06032,-7.65903],[109.0604,-7.65898],[109.06069,-7.65884]]],[[[109.06127,-7.64936],[109.06127,-7.64891],[109.06173,-7.64891],[109.06173,-7.64936],[109.06127,-7.64936]]],[[[109.06127,-7.648],[109.06173,-7.648],[109.06173,-7.64846],[109.06127,-7.64846],[109.06127,-7.648]]],[[[109.06083,-7.648],[109.06083,-7.64845],[109.06037,-7.64845],[109.06037,-7.648],[109.06037,-7.64755],[109.06083,-7.64755],[109.06083,-7.648]]],[[[109.06037,-7.64664],[109.06083,-7.64664],[109.06083,-7.6471],[109.06037,-7.6471],[109.06037,-7.64664]]],[[[109.05904,-7.64257],[109.05949,-7.64257],[109.05949,-7.64302],[109.05904,-7.64302],[109.05904,-7.64257]]],[[[109.06039,-7.64258],[109.06039,-7.64212],[109.06085,-7.64212],[109.06085,-7.64258],[109.06039,-7.64258]]],[[[109.06077,-7.64077],[109.06041,-7.64077],[109.06041,-7.64059],[109.06059,-7.64059],[109.06077,-7.64059],[109.06077,-7.64077]]],[[[109.05996,-7.6376],[109.06042,-7.6376],[109.06042,-7.63806],[109.05996,-7.63806],[109.05996,-7.6376]]],[[[109.06178,-7.63581],[109.06178,-7.6358],[109.06224,-7.6358],[109.06224,-7.63581],[109.06224,-7.63626],[109.06178,-7.63626],[109.06178,-7.63581]]],[[[109.06088,-7.6358],[109.06043,-7.6358],[109.06043,-7.63625],[109.05997,-7.63625],[109.05997,-7.6358],[109.06042,-7.6358],[109.06042,-7.63535],[109.06088,-7.63535],[109.06088,-7.6358]]],[[[109.06091,-7.62993],[109.06136,-7.62993],[109.06136,-7.63038],[109.06091,-7.63038],[109.06091,-7.63083],[109.06045,-7.63083],[109.06045,-7.63038],[109.0609,-7.63038],[109.0609,-7.62993],[109.06091,-7.62993]]],[[[109.06196,-7.6227],[109.0623,-7.6227],[109.0623,-7.62307],[109.06222,-7.62292],[109.06197,-7.62289],[109.06196,-7.6227]]],[[[109.06192,-7.6227],[109.06194,-7.62289],[109.06184,-7.62288],[109.06184,-7.6227],[109.06192,-7.6227]]],[[[109.06184,-7.6218],[109.0623,-7.6218],[109.0623,-7.62225],[109.06184,-7.62225],[109.06184,-7.6218]]],[[[109.0614,-7.61908],[109.06186,-7.61908],[109.06186,-7.61954],[109.0614,-7.61954],[109.0614,-7.61908]]],[[[109.06004,-7.61908],[109.0605,-7.61908],[109.0605,-7.61953],[109.06004,-7.61953],[109.06004,-7.61908]]],[[[109.06096,-7.61818],[109.06142,-7.61818],[109.06142,-7.61863],[109.06096,-7.61863],[109.06096,-7.61818]]],[[[109.06006,-7.61727],[109.06006,-7.61682],[109.06006,-7.61637],[109.05962,-7.61637],[109.05961,-7.61637],[109.05916,-7.61637],[109.05916,-7.61636],[109.0587,-7.61636],[109.0587,-7.61591],[109.05916,-7.61591],[109.05961,-7.61591],[109.05961,-7.61546],[109.05916,-7.61546],[109.05916,-7.61501],[109.05962,-7.61501],[109.05962,-7.61546],[109.06007,-7.61546],[109.06007,-7.61501],[109.06007,-7.61456],[109.06052,-7.61456],[109.06097,-7.61456],[109.06097,-7.61502],[109.06143,-7.61502],[109.06143,-7.61547],[109.06143,-7.61592],[109.06187,-7.61592],[109.06187,-7.61547],[109.06233,-7.61547],[109.06233,-7.61592],[109.06233,-7.61593],[109.06233,-7.61637],[109.06233,-7.61638],[109.06233,-7.61683],[109.06277,-7.61683],[109.06277,-7.61638],[109.06277,-7.61593],[109.06323,-7.61593],[109.06323,-7.61548],[109.06368,-7.61548],[109.06369,-7.61548],[109.06414,-7.61548],[109.06414,-7.61503],[109.06459,-7.61503],[109.0646,-7.61503],[109.06505,-7.61503],[109.06505,-7.61548],[109.06505,-7.61549],[109.06523,-7.61549],[109.06523,-7.61585],[109.06505,-7.61585],[109.06504,-7.61585],[109.06504,-7.61594],[109.06504,-7.61639],[109.06505,-7.61639],[109.06505,-7.61675],[109.06504,-7.61675],[109.06504,-7.61684],[109.06504,-7.61729],[109.06504,-7.61765],[109.0654,-7.61765],[109.06549,-7.61765],[109.06576,-7.61765],[109.06576,-7.6173],[109.06576,-7.61729],[109.06576,-7.61694],[109.06559,-7.61694],[109.06559,-7.61693],[109.06559,-7.61684],[109.06594,-7.61684],[109.06595,-7.61684],[109.06595,-7.6164],[109.06595,-7.61639],[109.06595,-7.61621],[109.06595,-7.61594],[109.06595,-7.61585],[109.06577,-7.61585],[109.06577,-7.61567],[109.06559,-7.61567],[109.06559,-7.61549],[109.06595,-7.61549],[109.06596,-7.61549],[109.06641,-7.61549],[109.06641,-7.61594],[109.06641,-7.61639],[109.06641,-7.6164],[109.06641,-7.61685],[109.0664,-7.61685],[109.0664,-7.6173],[109.06685,-7.6173],[109.06685,-7.61685],[109.06685,-7.6164],[109.06731,-7.6164],[109.06731,-7.61685],[109.06776,-7.61685],[109.06777,-7.61685],[109.06821,-7.61685],[109.06821,-7.61641],[109.06821,-7.6164],[109.06776,-7.6164],[109.06776,-7.61595],[109.06776,-7.6155],[109.06821,-7.6155],[109.06822,-7.6155],[109.06866,-7.6155],[109.06867,-7.6155],[109.06912,-7.6155],[109.06912,-7.61505],[109.06867,-7.61505],[109.06867,-7.6146],[109.06867,-7.61415],[109.06913,-7.61415],[109.06913,-7.6146],[109.06913,-7.61505],[109.06958,-7.61505],[109.06958,-7.61461],[109.06958,-7.6146],[109.06958,-7.61415],[109.06967,-7.61415],[109.07004,-7.61415],[109.07004,-7.61428],[109.07004,-7.6146],[109.07004,-7.61461],[109.07004,-7.61506],[109.06958,-7.61506],[109.06958,-7.61551],[109.06958,-7.61596],[109.06958,-7.61605],[109.06976,-7.61605],[109.06994,-7.61605],[109.07003,-7.61605],[109.07003,-7.61641],[109.07003,-7.61686],[109.07002,-7.61686],[109.07002,-7.61731],[109.07002,-7.61732],[109.06975,-7.61732],[109.06975,-7.6175],[109.06956,-7.6175],[109.06956,-7.61732],[109.06956,-7.61731],[109.06912,-7.61731],[109.06911,-7.61731],[109.06867,-7.61731],[109.06866,-7.61731],[109.06822,-7.61731],[109.06821,-7.61731],[109.06776,-7.61731],[109.06776,-7.61776],[109.06731,-7.61776],[109.06731,-7.61821],[109.0673,-7.61821],[109.0673,-7.61866],[109.06775,-7.61866],[109.06775,-7.61821],[109.06821,-7.61821],[109.06821,-7.61866],[109.06821,-7.61911],[109.06821,-7.61912],[109.06775,-7.61912],[109.06775,-7.61956],[109.06775,-7.61957],[109.06729,-7.61957],[109.06729,-7.61956],[109.06684,-7.61956],[109.06639,-7.61956],[109.06638,-7.61956],[109.06593,-7.61956],[109.06593,-7.62001],[109.06548,-7.62001],[109.06547,-7.62001],[109.06547,-7.61955],[109.06548,-7.61955],[109.06593,-7.61955],[109.06593,-7.61911],[109.06548,-7.61911],[109.06548,-7.6191],[109.06503,-7.6191],[109.06503,-7.61955],[109.06458,-7.61955],[109.06457,-7.61955],[109.06457,-7.6191],[109.06457,-7.61865],[109.06413,-7.61865],[109.06413,-7.61909],[109.06413,-7.6191],[109.06413,-7.61955],[109.06412,-7.61955],[109.06367,-7.61955],[109.06367,-7.6191],[109.06367,-7.61909],[109.06367,-7.61865],[109.06367,-7.61864],[109.06367,-7.61819],[109.06323,-7.61819],[109.06322,-7.61819],[109.06277,-7.61819],[109.06277,-7.61774],[109.06232,-7.61774],[109.06232,-7.61773],[109.06188,-7.61773],[109.06187,-7.61773],[109.06142,-7.61773],[109.06142,-7.61728],[109.06097,-7.61728],[109.06096,-7.61728],[109.06051,-7.61728],[109.06051,-7.61727],[109.06006,-7.61727]],[[109.06052,-7.61502],[109.06052,-7.61546],[109.06052,-7.61547],[109.06097,-7.61547],[109.06097,-7.61502],[109.06052,-7.61502]],[[109.06396,-7.61566],[109.06378,-7.61566],[109.06369,-7.61566],[109.06368,-7.61566],[109.06342,-7.61566],[109.06342,-7.61593],[109.06342,-7.61602],[109.06324,-7.61602],[109.06324,-7.61638],[109.06324,-7.61656],[109.06323,-7.61656],[109.06305,-7.61656],[109.06305,-7.61683],[109.06305,-7.61692],[109.06322,-7.61692],[109.06323,-7.61692],[109.06324,-7.61692],[109.06341,-7.61692],[109.06368,-7.61692],[109.06395,-7.61692],[109.06395,-7.61684],[109.06395,-7.61683],[109.06395,-7.61675],[109.06395,-7.61674],[109.06396,-7.61674],[109.06413,-7.61674],[109.06414,-7.61674],[109.06414,-7.61657],[109.06414,-7.61656],[109.06432,-7.61656],[109.06432,-7.61639],[109.0645,-7.61639],[109.0645,-7.61638],[109.0645,-7.61621],[109.0645,-7.6162],[109.06459,-7.6162],[109.0646,-7.6162],[109.06468,-7.6162],[109.06468,-7.61594],[109.06468,-7.61585],[109.0646,-7.61585],[109.06459,-7.61585],[109.06432,-7.61585],[109.06432,-7.61566],[109.06414,-7.61566],[109.06396,-7.61566]],[[109.06278,-7.61729],[109.06278,-7.61773],[109.06322,-7.61773],[109.06322,-7.61729],[109.06278,-7.61729]],[[109.06902,-7.61677],[109.06885,-7.61677],[109.06885,-7.61686],[109.06885,-7.61713],[109.06911,-7.61713],[109.06912,-7.61713],[109.06921,-7.61713],[109.06956,-7.61713],[109.06957,-7.61713],[109.06957,-7.61686],[109.06957,-7.61677],[109.06939,-7.61677],[109.06939,-7.61641],[109.06957,-7.61641],[109.06957,-7.61596],[109.06957,-7.61551],[109.06912,-7.61551],[109.06912,-7.61595],[109.06912,-7.61596],[109.06912,-7.61641],[109.06903,-7.61641],[109.06903,-7.61677],[109.06902,-7.61677]]],[[[109.05915,-7.61682],[109.05915,-7.61681],[109.05961,-7.61681],[109.05961,-7.61682],[109.05961,-7.61727],[109.05915,-7.61727],[109.05915,-7.61682]]],[[[109.06233,-7.61502],[109.06187,-7.61502],[109.06187,-7.61457],[109.06233,-7.61457],[109.06279,-7.61457],[109.06279,-7.61502],[109.06233,-7.61502]]],[[[109.06098,-7.61321],[109.06143,-7.61321],[109.06144,-7.61321],[109.06189,-7.61321],[109.06189,-7.61366],[109.06144,-7.61366],[109.06143,-7.61366],[109.06098,-7.61366],[109.06052,-7.61366],[109.06052,-7.61348],[109.06071,-7.61348],[109.06071,-7.6133],[109.0609,-7.6133],[109.0609,-7.61321],[109.06098,-7.61321]]],[[[109.06126,-7.61185],[109.06099,-7.61185],[109.06099,-7.6114],[109.06145,-7.6114],[109.06145,-7.61185],[109.06145,-7.61186],[109.06126,-7.61186],[109.06126,-7.61185]]],[[[109.06054,-7.61049],[109.061,-7.61049],[109.061,-7.6105],[109.06145,-7.6105],[109.0619,-7.6105],[109.06191,-7.6105],[109.06191,-7.61095],[109.0619,-7.61095],[109.06145,-7.61095],[109.061,-7.61095],[109.06099,-7.61095],[109.06072,-7.61095],[109.06054,-7.61095],[109.06054,-7.6105],[109.06054,-7.61049]]],[[[109.061,-7.60733],[109.06146,-7.60733],[109.06146,-7.60779],[109.061,-7.60779],[109.061,-7.60733]]],[[[109.05965,-7.60688],[109.05965,-7.60643],[109.05965,-7.60642],[109.06011,-7.60642],[109.06011,-7.60643],[109.06011,-7.60688],[109.05965,-7.60688]]],[[[109.06059,-7.59784],[109.06105,-7.59784],[109.06105,-7.5983],[109.06059,-7.5983],[109.06059,-7.59784]]],[[[109.06106,-7.59468],[109.06106,-7.59465],[109.06107,-7.59465],[109.06107,-7.59468],[109.06106,-7.59468]]],[[[109.06389,-7.67151],[109.06389,-7.67166],[109.06383,-7.67151],[109.06389,-7.67151]]],[[[109.06535,-7.64847],[109.06535,-7.64802],[109.06535,-7.64757],[109.0649,-7.64757],[109.0649,-7.64712],[109.0649,-7.64711],[109.06536,-7.64711],[109.06536,-7.64712],[109.06581,-7.64712],[109.06581,-7.64757],[109.06581,-7.64802],[109.06581,-7.64847],[109.06626,-7.64847],[109.06626,-7.64848],[109.06626,-7.64893],[109.0658,-7.64893],[109.06535,-7.64893],[109.0649,-7.64893],[109.0649,-7.64937],[109.06444,-7.64937],[109.06444,-7.64892],[109.06489,-7.64892],[109.06489,-7.64847],[109.0649,-7.64847],[109.06535,-7.64847]]],[[[109.06309,-7.64666],[109.06309,-7.6462],[109.0631,-7.6462],[109.06355,-7.6462],[109.06355,-7.64666],[109.0631,-7.64666],[109.06309,-7.64666]]],[[[109.06451,-7.63582],[109.06405,-7.63582],[109.06405,-7.63547],[109.0642,-7.6355],[109.06421,-7.6355],[109.0643,-7.63536],[109.06451,-7.63536],[109.06451,-7.63582]]],[[[109.06407,-7.6313],[109.06453,-7.6313],[109.06453,-7.63175],[109.06407,-7.63175],[109.06407,-7.6313]]],[[[109.06226,-7.63129],[109.06271,-7.63129],[109.06271,-7.63174],[109.06226,-7.63174],[109.06226,-7.63129]]],[[[109.06226,-7.63039],[109.06226,-7.62993],[109.06272,-7.62993],[109.06272,-7.63039],[109.06226,-7.63039]]],[[[109.06365,-7.62362],[109.06365,-7.62361],[109.06365,-7.62316],[109.06411,-7.62316],[109.06411,-7.62361],[109.06411,-7.62362],[109.06365,-7.62362]]],[[[109.06275,-7.62271],[109.06275,-7.6227],[109.06321,-7.6227],[109.06321,-7.62271],[109.06321,-7.62316],[109.06275,-7.62316],[109.06275,-7.62271]]],[[[109.06456,-7.62272],[109.06456,-7.62271],[109.06411,-7.62271],[109.06365,-7.62271],[109.06365,-7.62226],[109.06411,-7.62226],[109.06456,-7.62226],[109.06457,-7.62226],[109.06502,-7.62226],[109.06548,-7.62226],[109.06548,-7.62272],[109.06502,-7.62272],[109.06456,-7.62272]]],[[[109.06547,-7.62136],[109.06548,-7.62136],[109.06592,-7.62136],[109.06592,-7.62091],[109.06548,-7.62091],[109.06547,-7.62091],[109.06547,-7.62046],[109.06548,-7.62046],[109.06592,-7.62046],[109.06593,-7.62046],[109.06593,-7.62001],[109.06639,-7.62001],[109.06639,-7.62046],[109.06638,-7.62046],[109.06638,-7.62091],[109.06638,-7.62137],[109.06593,-7.62137],[109.06593,-7.62182],[109.06637,-7.62182],[109.06638,-7.62182],[109.06683,-7.62182],[109.06728,-7.62182],[109.06774,-7.62182],[109.06774,-7.62228],[109.06728,-7.62228],[109.06728,-7.62227],[109.06683,-7.62227],[109.06638,-7.62227],[109.06637,-7.62227],[109.06593,-7.62227],[109.06592,-7.62227],[109.06592,-7.62182],[109.06547,-7.62182],[109.06547,-7.62181],[109.06502,-7.62181],[109.06502,-7.62136],[109.06457,-7.62136],[109.06457,-7.62091],[109.06503,-7.62091],[109.06503,-7.62136],[109.06547,-7.62136]]],[[[109.06432,-7.61603],[109.06414,-7.61603],[109.06414,-7.61602],[109.06432,-7.61602],[109.06432,-7.61603]]],[[[109.06325,-7.61412],[109.06325,-7.61457],[109.0637,-7.61457],[109.0637,-7.61503],[109.06324,-7.61503],[109.06324,-7.61457],[109.06279,-7.61457],[109.06279,-7.61412],[109.06325,-7.61412]]],[[[109.06233,-7.61367],[109.06279,-7.61367],[109.06279,-7.61412],[109.06233,-7.61412],[109.06233,-7.61367]]],[[[109.06234,-7.61186],[109.0628,-7.61186],[109.0628,-7.61231],[109.06234,-7.61231],[109.06234,-7.61186]]],[[[109.06235,-7.61096],[109.06235,-7.61095],[109.06281,-7.61095],[109.06281,-7.61096],[109.06281,-7.61141],[109.06235,-7.61141],[109.06235,-7.61096]]],[[[109.06282,-7.60735],[109.06282,-7.60734],[109.06282,-7.60689],[109.06328,-7.60689],[109.06328,-7.60734],[109.06328,-7.60735],[109.06282,-7.60735]]],[[[109.06555,-7.60419],[109.06555,-7.60374],[109.0651,-7.60374],[109.06464,-7.60374],[109.06464,-7.60328],[109.06429,-7.60328],[109.06419,-7.60328],[109.06419,-7.60304],[109.06419,-7.60283],[109.06419,-7.60238],[109.06465,-7.60238],[109.06465,-7.60193],[109.0651,-7.60193],[109.06511,-7.60193],[109.06556,-7.60193],[109.06556,-7.60148],[109.06601,-7.60148],[109.06602,-7.60148],[109.06602,-7.60103],[109.06647,-7.60103],[109.06648,-7.60103],[109.06648,-7.60148],[109.06692,-7.60148],[109.06693,-7.60148],[109.06693,-7.60149],[109.06738,-7.60149],[109.06738,-7.60194],[109.06782,-7.60194],[109.06783,-7.60194],[109.06828,-7.60194],[109.06828,-7.60239],[109.06828,-7.6024],[109.06828,-7.60285],[109.06828,-7.6033],[109.06873,-7.6033],[109.06873,-7.60375],[109.06873,-7.6042],[109.06873,-7.60421],[109.06873,-7.60466],[109.06872,-7.60466],[109.06872,-7.60511],[109.06827,-7.60511],[109.06827,-7.60556],[109.06826,-7.60556],[109.06826,-7.60601],[109.06872,-7.60601],[109.06872,-7.60646],[109.06917,-7.60646],[109.06917,-7.60647],[109.06962,-7.60647],[109.06962,-7.60692],[109.07007,-7.60692],[109.07007,-7.60647],[109.07052,-7.60647],[109.07052,-7.60602],[109.07098,-7.60602],[109.07098,-7.60647],[109.07098,-7.60648],[109.07053,-7.60648],[109.07053,-7.60692],[109.07053,-7.60693],[109.07007,-7.60693],[109.07007,-7.60737],[109.07007,-7.60738],[109.06961,-7.60738],[109.06961,-7.60737],[109.06961,-7.60692],[109.06917,-7.60692],[109.06916,-7.60692],[109.06916,-7.60737],[109.0687,-7.60737],[109.0687,-7.60692],[109.06871,-7.60692],[109.06871,-7.60647],[109.06826,-7.60647],[109.06826,-7.60646],[109.0678,-7.60646],[109.0678,-7.60601],[109.06735,-7.60601],[109.06735,-7.60646],[109.0669,-7.60646],[109.06689,-7.60646],[109.06645,-7.60646],[109.06644,-7.60646],[109.06599,-7.60646],[109.06599,-7.60645],[109.06554,-7.60645],[109.06554,-7.606],[109.06509,-7.606],[109.06509,-7.60555],[109.06483,-7.60555],[109.06464,-7.60555],[109.06464,-7.60554],[109.06464,-7.60509],[109.06419,-7.60509],[109.06419,-7.60464],[109.06374,-7.60464],[109.06374,-7.60419],[109.06374,-7.60418],[109.06374,-7.60373],[109.06419,-7.60373],[109.06419,-7.60418],[109.06419,-7.60419],[109.06464,-7.60419],[109.06486,-7.60419],[109.06509,-7.60419],[109.0651,-7.60419],[109.06555,-7.60419]],[[109.06599,-7.606],[109.066,-7.606],[109.06644,-7.606],[109.06644,-7.60555],[109.066,-7.60555],[109.06599,-7.60555],[109.06555,-7.60555],[109.06554,-7.60555],[109.06554,-7.606],[109.06599,-7.606]],[[109.066,-7.60509],[109.066,-7.6051],[109.06645,-7.6051],[109.06645,-7.60465],[109.06601,-7.60465],[109.066,-7.60465],[109.066,-7.60509]],[[109.0669,-7.606],[109.06735,-7.606],[109.06735,-7.60556],[109.06735,-7.60555],[109.06735,-7.6051],[109.06736,-7.6051],[109.06736,-7.60465],[109.06691,-7.60465],[109.06691,-7.6051],[109.06691,-7.60555],[109.0669,-7.60555],[109.0669,-7.606]],[[109.0651,-7.60464],[109.0651,-7.60509],[109.06554,-7.60509],[109.06554,-7.60464],[109.0651,-7.60464]]],[[[109.06329,-7.60237],[109.06375,-7.60237],[109.06375,-7.60283],[109.06329,-7.60283],[109.06329,-7.60237]]],[[[109.06702,-7.68146],[109.06702,-7.68182],[109.06702,-7.68188],[109.06697,-7.68183],[109.06678,-7.68165],[109.06668,-7.68156],[109.06659,-7.68151],[109.06657,-7.6815],[109.06657,-7.6815],[109.0665,-7.68146],[109.06656,-7.68146],[109.06657,-7.68146],[109.06702,-7.68146]]],[[[109.06607,-7.68079],[109.06593,-7.68056],[109.06612,-7.68056],[109.06612,-7.68087],[109.06607,-7.68079]]],[[[109.06546,-7.67965],[109.06537,-7.67944],[109.06529,-7.6792],[109.06567,-7.6792],[109.06612,-7.6792],[109.06612,-7.67965],[109.06612,-7.68011],[109.06568,-7.68011],[109.06566,-7.68007],[109.06547,-7.67968],[109.06546,-7.67965]]],[[[109.06503,-7.67764],[109.06505,-7.67739],[109.06507,-7.67724],[109.0651,-7.67694],[109.06522,-7.67694],[109.06522,-7.67739],[109.06567,-7.67739],[109.06567,-7.67784],[109.06567,-7.67785],[109.06522,-7.67785],[109.06522,-7.67829],[109.06522,-7.67874],[109.06522,-7.67875],[109.06522,-7.67894],[109.06516,-7.67875],[109.06516,-7.67875],[109.06516,-7.67874],[109.06508,-7.6785],[109.06506,-7.67841],[109.06504,-7.67829],[109.06502,-7.67815],[109.06502,-7.67788],[109.06502,-7.67784],[109.06503,-7.67764]]],[[[109.06613,-7.67604],[109.06659,-7.67604],[109.06659,-7.67649],[109.06613,-7.67649],[109.06613,-7.67604]]],[[[109.06568,-7.67649],[109.06524,-7.67649],[109.06533,-7.67635],[109.06553,-7.6761],[109.06559,-7.67603],[109.06568,-7.67603],[109.06568,-7.67604],[109.06568,-7.67649]]],[[[109.06568,-7.67559],[109.06568,-7.67513],[109.06614,-7.67513],[109.06614,-7.67559],[109.06568,-7.67559]]],[[[109.06569,-7.67423],[109.06615,-7.67423],[109.06615,-7.67468],[109.06569,-7.67468],[109.06569,-7.67423]]],[[[109.0658,-7.64983],[109.06625,-7.64983],[109.06625,-7.65028],[109.0658,-7.65028],[109.0658,-7.64983]]],[[[109.06535,-7.64938],[109.0658,-7.64938],[109.0658,-7.64983],[109.06535,-7.64983],[109.06535,-7.64938]]],[[[109.06586,-7.63582],[109.06541,-7.63582],[109.06541,-7.63537],[109.06541,-7.63492],[109.06496,-7.63492],[109.06496,-7.63446],[109.06541,-7.63446],[109.06542,-7.63446],[109.06542,-7.63492],[109.06586,-7.63492],[109.06587,-7.63492],[109.06587,-7.63537],[109.06587,-7.63582],[109.06586,-7.63582]]],[[[109.06497,-7.63175],[109.06497,-7.6313],[109.06543,-7.6313],[109.06543,-7.63175],[109.06497,-7.63175]]],[[[109.06589,-7.62859],[109.0659,-7.62859],[109.0659,-7.62904],[109.0659,-7.62905],[109.0659,-7.6295],[109.06589,-7.6295],[109.06552,-7.6295],[109.06545,-7.6295],[109.06544,-7.6295],[109.06499,-7.6295],[109.06499,-7.62949],[109.06499,-7.6292],[109.06499,-7.62919],[109.06514,-7.62916],[109.06515,-7.62905],[109.06515,-7.62904],[109.06538,-7.62904],[109.06544,-7.62904],[109.06544,-7.62859],[109.06589,-7.62859]]],[[[109.06541,-7.61621],[109.06541,-7.61639],[109.0654,-7.61639],[109.0654,-7.61621],[109.06541,-7.61621]]],[[[109.0646,-7.61368],[109.06506,-7.61368],[109.06506,-7.61413],[109.0646,-7.61413],[109.0646,-7.61368]]],[[[109.06603,-7.60013],[109.06602,-7.60013],[109.06557,-7.60013],[109.06557,-7.59968],[109.06557,-7.59967],[109.06512,-7.59967],[109.06512,-7.59922],[109.06557,-7.59922],[109.06558,-7.59922],[109.06602,-7.59922],[109.06603,-7.59922],[109.06603,-7.59967],[109.06603,-7.59968],[109.06603,-7.60013]]],[[[109.06557,-7.59832],[109.06557,-7.59787],[109.06603,-7.59787],[109.06649,-7.59787],[109.06649,-7.59832],[109.06603,-7.59832],[109.06557,-7.59832]]],[[[109.06603,-7.59696],[109.06649,-7.59696],[109.06649,-7.59742],[109.06603,-7.59742],[109.06603,-7.59696]]],[[[109.06558,-7.59606],[109.06604,-7.59606],[109.06604,-7.59651],[109.06558,-7.59651],[109.06558,-7.59606]]],[[[109.06559,-7.59561],[109.06559,-7.59516],[109.06559,-7.59515],[109.06605,-7.59515],[109.06605,-7.59516],[109.06605,-7.59561],[109.06559,-7.59561]]],[[[109.06792,-7.68102],[109.06792,-7.68057],[109.06838,-7.68057],[109.06838,-7.68102],[109.06793,-7.68102],[109.06793,-7.68147],[109.06792,-7.68147],[109.06747,-7.68147],[109.06747,-7.68102],[109.06792,-7.68102]]],[[[109.06657,-7.68011],[109.06702,-7.68011],[109.06702,-7.68056],[109.06657,-7.68056],[109.06657,-7.68011]]],[[[109.06679,-7.63086],[109.06725,-7.63086],[109.06725,-7.63131],[109.06679,-7.63131],[109.06679,-7.63086]]],[[[109.06725,-7.6277],[109.06771,-7.6277],[109.06771,-7.62815],[109.06725,-7.62815],[109.06725,-7.6277]]],[[[109.06682,-7.62408],[109.06728,-7.62408],[109.06728,-7.62453],[109.06682,-7.62453],[109.06682,-7.62408]]],[[[109.06818,-7.62364],[109.06818,-7.62363],[109.06818,-7.62318],[109.06864,-7.62318],[109.06864,-7.62363],[109.06864,-7.62364],[109.06818,-7.62364]]],[[[109.06773,-7.62273],[109.06818,-7.62273],[109.06818,-7.62318],[109.06773,-7.62318],[109.06773,-7.62273]]],[[[109.06774,-7.62092],[109.06774,-7.62047],[109.06819,-7.62047],[109.0682,-7.62047],[109.06865,-7.62047],[109.06865,-7.62092],[109.0682,-7.62092],[109.06819,-7.62092],[109.06819,-7.62137],[109.06773,-7.62137],[109.06773,-7.62092],[109.06774,-7.62092]]],[[[109.06938,-7.61776],[109.06938,-7.61803],[109.06956,-7.61803],[109.06957,-7.61803],[109.06975,-7.61803],[109.06975,-7.61786],[109.07002,-7.61786],[109.07002,-7.61822],[109.07046,-7.61822],[109.07047,-7.61822],[109.07047,-7.61777],[109.07093,-7.61777],[109.07093,-7.61822],[109.07138,-7.61822],[109.07138,-7.61868],[109.07137,-7.61868],[109.07137,-7.61913],[109.07092,-7.61913],[109.07092,-7.61958],[109.07047,-7.61958],[109.07046,-7.61958],[109.07001,-7.61958],[109.07001,-7.61913],[109.07001,-7.61912],[109.07001,-7.61867],[109.06956,-7.61867],[109.06956,-7.61822],[109.06912,-7.61822],[109.06911,-7.61822],[109.06866,-7.61822],[109.06866,-7.61821],[109.06821,-7.61821],[109.06821,-7.61776],[109.06866,-7.61776],[109.06867,-7.61776],[109.06911,-7.61776],[109.06912,-7.61776],[109.06938,-7.61776]]],[[[109.06779,-7.61008],[109.06779,-7.60962],[109.06824,-7.60962],[109.06825,-7.60962],[109.06825,-7.61008],[109.06824,-7.61008],[109.06779,-7.61008]]],[[[109.06784,-7.59833],[109.06739,-7.59833],[109.06739,-7.59787],[109.06785,-7.59787],[109.06785,-7.59788],[109.0683,-7.59788],[109.0683,-7.59833],[109.06785,-7.59833],[109.06784,-7.59833]]],[[[109.06652,-7.58974],[109.06698,-7.58974],[109.06698,-7.59019],[109.06652,-7.59019],[109.06652,-7.58974]]],[[[109.07062,-7.68465],[109.07062,-7.68464],[109.07103,-7.68464],[109.07108,-7.68464],[109.07108,-7.68465],[109.07108,-7.68469],[109.07108,-7.6851],[109.07063,-7.6851],[109.07063,-7.68523],[109.07063,-7.68524],[109.07062,-7.68524],[109.07052,-7.68519],[109.07038,-7.68511],[109.07036,-7.68509],[109.07062,-7.68509],[109.07062,-7.68465]]],[[[109.06885,-7.67425],[109.06885,-7.67379],[109.06886,-7.67379],[109.06931,-7.67379],[109.06931,-7.67425],[109.06886,-7.67425],[109.06885,-7.67425]]],[[[109.06951,-7.66918],[109.06951,-7.66919],[109.06934,-7.66919],[109.06934,-7.66918],[109.06951,-7.66918]]],[[[109.06897,-7.66901],[109.06889,-7.66901],[109.06888,-7.66901],[109.06879,-7.66901],[109.06879,-7.669],[109.06879,-7.66882],[109.0688,-7.66882],[109.0688,-7.669],[109.06888,-7.669],[109.06889,-7.669],[109.06897,-7.669],[109.06897,-7.66901]]],[[[109.06892,-7.66069],[109.06937,-7.66069],[109.06937,-7.66114],[109.06892,-7.66114],[109.06892,-7.66069]]],[[[109.0694,-7.65753],[109.06939,-7.65753],[109.06939,-7.6575],[109.0694,-7.65753]]],[[[109.06977,-7.65708],[109.06978,-7.65662],[109.06985,-7.65662],[109.06985,-7.65708],[109.06985,-7.65753],[109.06976,-7.65753],[109.06977,-7.65708]]],[[[109.06888,-7.65038],[109.06888,-7.65039],[109.06869,-7.65039],[109.06869,-7.65038],[109.06888,-7.65038]]],[[[109.06961,-7.64912],[109.06979,-7.64912],[109.06988,-7.64912],[109.06997,-7.64912],[109.06997,-7.64913],[109.06988,-7.64913],[109.06978,-7.64913],[109.06942,-7.64913],[109.06942,-7.64894],[109.06943,-7.64894],[109.06943,-7.64858],[109.06961,-7.64858],[109.06961,-7.64876],[109.06961,-7.64877],[109.06961,-7.64894],[109.06961,-7.64895],[109.06961,-7.64912]]],[[[109.06998,-7.62455],[109.06998,-7.62454],[109.07044,-7.62454],[109.07044,-7.62455],[109.07044,-7.625],[109.06998,-7.625],[109.06998,-7.62455]]],[[[109.07045,-7.62138],[109.07046,-7.62138],[109.07091,-7.62138],[109.07091,-7.62093],[109.07136,-7.62093],[109.07136,-7.62049],[109.07091,-7.62049],[109.07091,-7.62048],[109.07091,-7.62003],[109.07136,-7.62003],[109.07137,-7.62003],[109.07182,-7.62003],[109.07182,-7.62048],[109.07182,-7.62049],[109.07227,-7.62049],[109.07227,-7.62094],[109.07182,-7.62094],[109.07182,-7.62139],[109.07227,-7.62139],[109.07227,-7.62184],[109.07182,-7.62184],[109.07181,-7.62184],[109.07137,-7.62184],[109.07136,-7.62184],[109.07091,-7.62184],[109.07046,-7.62184],[109.07045,-7.62184],[109.07,-7.62184],[109.07,-7.62229],[109.06954,-7.62229],[109.06954,-7.62183],[109.07,-7.62183],[109.07,-7.62138],[109.07045,-7.62138]]],[[[109.07001,-7.62002],[109.07001,-7.62003],[109.07001,-7.62048],[109.07046,-7.62048],[109.07047,-7.62048],[109.07047,-7.62093],[109.07046,-7.62093],[109.07001,-7.62093],[109.06955,-7.62093],[109.06955,-7.62048],[109.0691,-7.62048],[109.0691,-7.62002],[109.06865,-7.62002],[109.06865,-7.61957],[109.06911,-7.61957],[109.06911,-7.62002],[109.06955,-7.62002],[109.06956,-7.62002],[109.07001,-7.62002]]],[[[109.06911,-7.61957],[109.06911,-7.61912],[109.06956,-7.61912],[109.06957,-7.61912],[109.06957,-7.61957],[109.06956,-7.61957],[109.06911,-7.61957]]],[[[109.06914,-7.61008],[109.06914,-7.60963],[109.06915,-7.60963],[109.0696,-7.60963],[109.0696,-7.61008],[109.06915,-7.61008],[109.06914,-7.61008]]],[[[109.06961,-7.60783],[109.06961,-7.60782],[109.07007,-7.60782],[109.07007,-7.60783],[109.07007,-7.60828],[109.06961,-7.60828],[109.06961,-7.60783]]],[[[109.06963,-7.60557],[109.06962,-7.60557],[109.06917,-7.60557],[109.06917,-7.60511],[109.06917,-7.60466],[109.06963,-7.60466],[109.06963,-7.60421],[109.07008,-7.60421],[109.07008,-7.60466],[109.07008,-7.60511],[109.07008,-7.60512],[109.07008,-7.60557],[109.06963,-7.60557]]],[[[109.07008,-7.60331],[109.07054,-7.60331],[109.07054,-7.60376],[109.07008,-7.60376],[109.07008,-7.60331]]],[[[109.06873,-7.60014],[109.06919,-7.60014],[109.06919,-7.60059],[109.06873,-7.60059],[109.06873,-7.60014]]],[[[109.06919,-7.59969],[109.06964,-7.59969],[109.06965,-7.59969],[109.0701,-7.59969],[109.0701,-7.60014],[109.0701,-7.60015],[109.06964,-7.60015],[109.06964,-7.60014],[109.06919,-7.60014],[109.06919,-7.59969]]],[[[109.06875,-7.59698],[109.06921,-7.59698],[109.06921,-7.59743],[109.06875,-7.59743],[109.06875,-7.59698]]],[[[109.06966,-7.59698],[109.07011,-7.59698],[109.07011,-7.59743],[109.06966,-7.59743],[109.06966,-7.59698]]],[[[109.06876,-7.59517],[109.06921,-7.59517],[109.06921,-7.59562],[109.06921,-7.59607],[109.06921,-7.59608],[109.06876,-7.59608],[109.06876,-7.59607],[109.06876,-7.59562],[109.06876,-7.59517]]],[[[109.07241,-7.68944],[109.07242,-7.68944],[109.0725,-7.68944],[109.07287,-7.68944],[109.07287,-7.68918],[109.07287,-7.68917],[109.07287,-7.6889],[109.07269,-7.6889],[109.07269,-7.68872],[109.07251,-7.68872],[109.07242,-7.68872],[109.07215,-7.68872],[109.07215,-7.68886],[109.0721,-7.68872],[109.07197,-7.68827],[109.07197,-7.68827],[109.07197,-7.68826],[109.07197,-7.68781],[109.07242,-7.68781],[109.07242,-7.68736],[109.07288,-7.68736],[109.07288,-7.68737],[109.07333,-7.68737],[109.07378,-7.68737],[109.07378,-7.68782],[109.07423,-7.68782],[109.07423,-7.68737],[109.07423,-7.68719],[109.07423,-7.68709],[109.07423,-7.68692],[109.07468,-7.68692],[109.07469,-7.68692],[109.07469,-7.68647],[109.07424,-7.68647],[109.07424,-7.68602],[109.0747,-7.68602],[109.0747,-7.68647],[109.07514,-7.68647],[109.07514,-7.68602],[109.0756,-7.68602],[109.0756,-7.68647],[109.07605,-7.68647],[109.07605,-7.68648],[109.07609,-7.68648],[109.07619,-7.68648],[109.07651,-7.68648],[109.07651,-7.68693],[109.07695,-7.68693],[109.07696,-7.68693],[109.07696,-7.68648],[109.07696,-7.68603],[109.07742,-7.68603],[109.07742,-7.68648],[109.07786,-7.68648],[109.07786,-7.68604],[109.07786,-7.68603],[109.07786,-7.68558],[109.07742,-7.68558],[109.07741,-7.68558],[109.07741,-7.68513],[109.07741,-7.68468],[109.07697,-7.68468],[109.07696,-7.68468],[109.07696,-7.68467],[109.07696,-7.68422],[109.07697,-7.68422],[109.07742,-7.68422],[109.07742,-7.68467],[109.07787,-7.68467],[109.07787,-7.68468],[109.07832,-7.68468],[109.07878,-7.68468],[109.07878,-7.68513],[109.07877,-7.68513],[109.07877,-7.68558],[109.07923,-7.68558],[109.07923,-7.68559],[109.07967,-7.68559],[109.07968,-7.68559],[109.07968,-7.68514],[109.07968,-7.68469],[109.07968,-7.68468],[109.08014,-7.68468],[109.08014,-7.68469],[109.08059,-7.68469],[109.08059,-7.68514],[109.08014,-7.68514],[109.08014,-7.68559],[109.08058,-7.68559],[109.08059,-7.68559],[109.08104,-7.68559],[109.08104,-7.68604],[109.08104,-7.68605],[109.08104,-7.6865],[109.08148,-7.6865],[109.08149,-7.6865],[109.08149,-7.68605],[109.08149,-7.6856],[109.08149,-7.68515],[109.08149,-7.68514],[109.08195,-7.68514],[109.08195,-7.68515],[109.08195,-7.6856],[109.0824,-7.6856],[109.0824,-7.68605],[109.08195,-7.68605],[109.08195,-7.6865],[109.08194,-7.6865],[109.08194,-7.68695],[109.08194,-7.68696],[109.08149,-7.68696],[109.08149,-7.6874],[109.08149,-7.68741],[109.08103,-7.68741],[109.08103,-7.6874],[109.08057,-7.6874],[109.08057,-7.68695],[109.08058,-7.68695],[109.08058,-7.6865],[109.08013,-7.6865],[109.08012,-7.6865],[109.07967,-7.6865],[109.07967,-7.68694],[109.07967,-7.68695],[109.07967,-7.68739],[109.07967,-7.6874],[109.08012,-7.6874],[109.08012,-7.68785],[109.07967,-7.68785],[109.07922,-7.68785],[109.07922,-7.6883],[109.07877,-7.6883],[109.07877,-7.68875],[109.07876,-7.68875],[109.07876,-7.6892],[109.07921,-7.6892],[109.07921,-7.68965],[109.07876,-7.68965],[109.07876,-7.6901],[109.0783,-7.6901],[109.0783,-7.69036],[109.07814,-7.69038],[109.07807,-7.69039],[109.07789,-7.69042],[109.07785,-7.69042],[109.07784,-7.69042],[109.07784,-7.6901],[109.07784,-7.68965],[109.07739,-7.68965],[109.07739,-7.68919],[109.0774,-7.68919],[109.0774,-7.68874],[109.07695,-7.68874],[109.07694,-7.68874],[109.07649,-7.68874],[109.07649,-7.68829],[109.07604,-7.68829],[109.07604,-7.68874],[109.07558,-7.68874],[109.07558,-7.68873],[109.07541,-7.68873],[109.07541,-7.68855],[109.07541,-7.68828],[109.07541,-7.68819],[109.07514,-7.68819],[109.07513,-7.68819],[109.07505,-7.68819],[109.07505,-7.68828],[109.07505,-7.68837],[109.07504,-7.68837],[109.07487,-7.68837],[109.07486,-7.68837],[109.07468,-7.68837],[109.0745,-7.68837],[109.0745,-7.68873],[109.07468,-7.68873],[109.07469,-7.68873],[109.07469,-7.68891],[109.07486,-7.68891],[109.07504,-7.68891],[109.07505,-7.68891],[109.07513,-7.68891],[109.07514,-7.68891],[109.07514,-7.68918],[109.07514,-7.68963],[109.07514,-7.69009],[109.07513,-7.69009],[109.07468,-7.69009],[109.07468,-7.68964],[109.07468,-7.68963],[109.07468,-7.68918],[109.07423,-7.68918],[109.07423,-7.68963],[109.07378,-7.68963],[109.07378,-7.69008],[109.07332,-7.69008],[109.07287,-7.69008],[109.07287,-7.69053],[109.07264,-7.69053],[109.07251,-7.69007],[109.07286,-7.69007],[109.07286,-7.68963],[109.07242,-7.68963],[109.07242,-7.68978],[109.07237,-7.68962],[109.07226,-7.68926],[109.07232,-7.68926],[109.07232,-7.68917],[109.07232,-7.68908],[109.07233,-7.68908],[109.07233,-7.68917],[109.07233,-7.68944],[109.07241,-7.68944]],[[109.07333,-7.68782],[109.07333,-7.68827],[109.07378,-7.68827],[109.07378,-7.68782],[109.07333,-7.68782]],[[109.07341,-7.68917],[109.07341,-7.68918],[109.07341,-7.68927],[109.07333,-7.68927],[109.07332,-7.68927],[109.07323,-7.68927],[109.07323,-7.68962],[109.07323,-7.68963],[109.07332,-7.68963],[109.07359,-7.68963],[109.07359,-7.68945],[109.0736,-7.68945],[109.07377,-7.68945],[109.07378,-7.68945],[109.07396,-7.68945],[109.07396,-7.68918],[109.07396,-7.68909],[109.07414,-7.68909],[109.07414,-7.68873],[109.07378,-7.68873],[109.07378,-7.68891],[109.07377,-7.68891],[109.07341,-7.68891],[109.07341,-7.68917]],[[109.07514,-7.68738],[109.07469,-7.68738],[109.07469,-7.68783],[109.07513,-7.68783],[109.07514,-7.68783],[109.07559,-7.68783],[109.07559,-7.68738],[109.07604,-7.68738],[109.07605,-7.68738],[109.07605,-7.68706],[109.07605,-7.68697],[109.07605,-7.68693],[109.0756,-7.68693],[109.07559,-7.68693],[109.07514,-7.68693],[109.07514,-7.68703],[109.07514,-7.68713],[109.07514,-7.68738]],[[109.07628,-7.68693],[109.07622,-7.68677],[109.0762,-7.68675],[109.07619,-7.68677],[109.07619,-7.68693],[109.07619,-7.68696],[109.07629,-7.68697],[109.07629,-7.68696],[109.07628,-7.68693]],[[109.07787,-7.68513],[109.07787,-7.68558],[109.07831,-7.68558],[109.07831,-7.68513],[109.07787,-7.68513]],[[109.07832,-7.68739],[109.07877,-7.68739],[109.07877,-7.68694],[109.07832,-7.68694],[109.07832,-7.68739]],[[109.07877,-7.68784],[109.07922,-7.68784],[109.07922,-7.6874],[109.07922,-7.68739],[109.07877,-7.68739],[109.07877,-7.68784]]],[[[109.07197,-7.68646],[109.07198,-7.68646],[109.07243,-7.68646],[109.07288,-7.68646],[109.07288,-7.68691],[109.07278,-7.68691],[109.07243,-7.68691],[109.07241,-7.68691],[109.07198,-7.68691],[109.07197,-7.68691],[109.07197,-7.6868],[109.07197,-7.6867],[109.07197,-7.68646]]],[[[109.07197,-7.68601],[109.07197,-7.68555],[109.07198,-7.68555],[109.07243,-7.68555],[109.07243,-7.68601],[109.07198,-7.68601],[109.07197,-7.68601]]],[[[109.07062,-7.68346],[109.07062,-7.68329],[109.07063,-7.68329],[109.07108,-7.68329],[109.07108,-7.68374],[109.07064,-7.68374],[109.07063,-7.68374],[109.07062,-7.68374],[109.07062,-7.68346]]],[[[109.07289,-7.68375],[109.07289,-7.6842],[109.07289,-7.68465],[109.07289,-7.68466],[109.07243,-7.68466],[109.07243,-7.68465],[109.07243,-7.6842],[109.07243,-7.68375],[109.07198,-7.68375],[109.07198,-7.6833],[109.07198,-7.68329],[109.07244,-7.68329],[109.07244,-7.6833],[109.07244,-7.68375],[109.07289,-7.68375]]],[[[109.07199,-7.68285],[109.07199,-7.68284],[109.07199,-7.68239],[109.07245,-7.68239],[109.07245,-7.68284],[109.07245,-7.68285],[109.07199,-7.68285]]],[[[109.07067,-7.67335],[109.07113,-7.67335],[109.07113,-7.6738],[109.07067,-7.6738],[109.07067,-7.67335]]],[[[109.07113,-7.6729],[109.07159,-7.6729],[109.07159,-7.67335],[109.07113,-7.67335],[109.07113,-7.6729]]],[[[109.07159,-7.67245],[109.07114,-7.67245],[109.07113,-7.67245],[109.07068,-7.67245],[109.07068,-7.67199],[109.07113,-7.67199],[109.07114,-7.67199],[109.07159,-7.67199],[109.07159,-7.672],[109.07159,-7.67245]]],[[[109.07163,-7.66161],[109.07163,-7.6616],[109.07163,-7.66115],[109.07209,-7.66115],[109.07209,-7.6607],[109.07254,-7.6607],[109.07255,-7.6607],[109.073,-7.6607],[109.073,-7.66071],[109.073,-7.66116],[109.07255,-7.66116],[109.07254,-7.66116],[109.07209,-7.66116],[109.07209,-7.6616],[109.07209,-7.66161],[109.07209,-7.66206],[109.07163,-7.66206],[109.07163,-7.66161]]],[[[109.07074,-7.65753],[109.0712,-7.65753],[109.0712,-7.65799],[109.07074,-7.65799],[109.07074,-7.65753]]],[[[109.07221,-7.6354],[109.07221,-7.63585],[109.07221,-7.6363],[109.0722,-7.6363],[109.07175,-7.6363],[109.07175,-7.63585],[109.07175,-7.6354],[109.0722,-7.6354],[109.07221,-7.6354]]],[[[109.07039,-7.63584],[109.07039,-7.63539],[109.07085,-7.63539],[109.07085,-7.63494],[109.0713,-7.63494],[109.07131,-7.63494],[109.07131,-7.6354],[109.0713,-7.6354],[109.07085,-7.6354],[109.07085,-7.63584],[109.07085,-7.63585],[109.07039,-7.63585],[109.07039,-7.63584]]],[[[109.0713,-7.63359],[109.07176,-7.63359],[109.07176,-7.63404],[109.07148,-7.63404],[109.0713,-7.63404],[109.0713,-7.63394],[109.0713,-7.63359]]],[[[109.07195,-7.63269],[109.07202,-7.63269],[109.07205,-7.63269],[109.07221,-7.63269],[109.07222,-7.63269],[109.07267,-7.63269],[109.07267,-7.63306],[109.07267,-7.63307],[109.07267,-7.63314],[109.07262,-7.63314],[109.07222,-7.63314],[109.07221,-7.63314],[109.07176,-7.63314],[109.07176,-7.63269],[109.07195,-7.63269]],[[109.07238,-7.63296],[109.07224,-7.63286],[109.07222,-7.6329],[109.07238,-7.63296]]],[[[109.07087,-7.63043],[109.07087,-7.63042],[109.07087,-7.62997],[109.07133,-7.62997],[109.07133,-7.63042],[109.07133,-7.63043],[109.07087,-7.63043]]],[[[109.07269,-7.62998],[109.07224,-7.62998],[109.07223,-7.62998],[109.07178,-7.62998],[109.07178,-7.62952],[109.07223,-7.62952],[109.07224,-7.62952],[109.07269,-7.62952],[109.07269,-7.62953],[109.07269,-7.62998]]],[[[109.07181,-7.62274],[109.07181,-7.62229],[109.07227,-7.62229],[109.07227,-7.62275],[109.07227,-7.6232],[109.07181,-7.6232],[109.07135,-7.6232],[109.07135,-7.62274],[109.07091,-7.62274],[109.0709,-7.62274],[109.07045,-7.62274],[109.07045,-7.62229],[109.0709,-7.62229],[109.07091,-7.62229],[109.07136,-7.62229],[109.07136,-7.62274],[109.07181,-7.62274]]],[[[109.07093,-7.61687],[109.07093,-7.61642],[109.07048,-7.61642],[109.07048,-7.61623],[109.07066,-7.61623],[109.07066,-7.61596],[109.07094,-7.61596],[109.07094,-7.61642],[109.07138,-7.61642],[109.07139,-7.61642],[109.07183,-7.61642],[109.07184,-7.61642],[109.07229,-7.61642],[109.07229,-7.61603],[109.07229,-7.61597],[109.07229,-7.61552],[109.07229,-7.61507],[109.07184,-7.61507],[109.07184,-7.61461],[109.07139,-7.61461],[109.07139,-7.61425],[109.07139,-7.61416],[109.0714,-7.61416],[109.0714,-7.61425],[109.07176,-7.61425],[109.07176,-7.61416],[109.07176,-7.61407],[109.07185,-7.61407],[109.07185,-7.61416],[109.07185,-7.61461],[109.0723,-7.61461],[109.0723,-7.61507],[109.07275,-7.61507],[109.0732,-7.61507],[109.0732,-7.61552],[109.0732,-7.61597],[109.0732,-7.61639],[109.0732,-7.61642],[109.0732,-7.61643],[109.07329,-7.61643],[109.07365,-7.61643],[109.0741,-7.61643],[109.07411,-7.61643],[109.07411,-7.61688],[109.0741,-7.61688],[109.07405,-7.61688],[109.07365,-7.61688],[109.07365,-7.61733],[109.07319,-7.61733],[109.07319,-7.61688],[109.07275,-7.61688],[109.07274,-7.61688],[109.07274,-7.61733],[109.07229,-7.61733],[109.07229,-7.61778],[109.07183,-7.61778],[109.07183,-7.61733],[109.07183,-7.61732],[109.07183,-7.61687],[109.07139,-7.61687],[109.07138,-7.61687],[109.07093,-7.61687]]],[[[109.07049,-7.6137],[109.07049,-7.61325],[109.07067,-7.61325],[109.07067,-7.6137],[109.07086,-7.6137],[109.07086,-7.61371],[109.07086,-7.61388],[109.07095,-7.61388],[109.07095,-7.61416],[109.07049,-7.61416],[109.07049,-7.61371],[109.07049,-7.6137]]],[[[109.07121,-7.61299],[109.07104,-7.61299],[109.07104,-7.61316],[109.07104,-7.61317],[109.07103,-7.61317],[109.07103,-7.61316],[109.07095,-7.61316],[109.07094,-7.61316],[109.07094,-7.6128],[109.07095,-7.6128],[109.0714,-7.6128],[109.07185,-7.6128],[109.07185,-7.61325],[109.07185,-7.61326],[109.07185,-7.61335],[109.07158,-7.61335],[109.0714,-7.61335],[109.07122,-7.61335],[109.07122,-7.61334],[109.0714,-7.61334],[109.07176,-7.61334],[109.07176,-7.61326],[109.07176,-7.61325],[109.07176,-7.61299],[109.07158,-7.61299],[109.07158,-7.61281],[109.0714,-7.61281],[109.07122,-7.61281],[109.07122,-7.61298],[109.07121,-7.61298],[109.07121,-7.61299]]],[[[109.07051,-7.60918],[109.07096,-7.60918],[109.07096,-7.60873],[109.07142,-7.60873],[109.07142,-7.60874],[109.07187,-7.60874],[109.07188,-7.60874],[109.07233,-7.60874],[109.07233,-7.60919],[109.07233,-7.60964],[109.07187,-7.60964],[109.07141,-7.60964],[109.07141,-7.60919],[109.07097,-7.60919],[109.07097,-7.60964],[109.07051,-7.60964],[109.07051,-7.60918]]],[[[109.07234,-7.60693],[109.07278,-7.60693],[109.07278,-7.60648],[109.07323,-7.60648],[109.07323,-7.60603],[109.07324,-7.60603],[109.07324,-7.60558],[109.07324,-7.60513],[109.07279,-7.60513],[109.07279,-7.60468],[109.07234,-7.60468],[109.07234,-7.60422],[109.07279,-7.60422],[109.0728,-7.60422],[109.0728,-7.60377],[109.07325,-7.60377],[109.07325,-7.60332],[109.0737,-7.60332],[109.07371,-7.60332],[109.07371,-7.60326],[109.07371,-7.60287],[109.07415,-7.60287],[109.07416,-7.60291],[109.07416,-7.60288],[109.07417,-7.60294],[109.07417,-7.60295],[109.07417,-7.60296],[109.07419,-7.60313],[109.07419,-7.60314],[109.07419,-7.60315],[109.07419,-7.60316],[109.07419,-7.60317],[109.07418,-7.60317],[109.07418,-7.60318],[109.07417,-7.60318],[109.07417,-7.60319],[109.07416,-7.60319],[109.07409,-7.60321],[109.07411,-7.60323],[109.07412,-7.60323],[109.07412,-7.60324],[109.07412,-7.60325],[109.07413,-7.60325],[109.07413,-7.60326],[109.07414,-7.60332],[109.07414,-7.60332],[109.07416,-7.6034],[109.07416,-7.60378],[109.07424,-7.60378],[109.07432,-7.60416],[109.07462,-7.60409],[109.07462,-7.60423],[109.07461,-7.60423],[109.07461,-7.60468],[109.07428,-7.60468],[109.07416,-7.60468],[109.07416,-7.60513],[109.07424,-7.60513],[109.07461,-7.60513],[109.07461,-7.60514],[109.07506,-7.60514],[109.07506,-7.60559],[109.07551,-7.60559],[109.07551,-7.60514],[109.07596,-7.60514],[109.07597,-7.60514],[109.07641,-7.60514],[109.07642,-7.60514],[109.07642,-7.60469],[109.07597,-7.60469],[109.07552,-7.60469],[109.07551,-7.60469],[109.07506,-7.60469],[109.07506,-7.60423],[109.07551,-7.60423],[109.07551,-7.60388],[109.07583,-7.6038],[109.07584,-7.6038],[109.07585,-7.6038],[109.07586,-7.6038],[109.07587,-7.60381],[109.07597,-7.60389],[109.07597,-7.60388],[109.07598,-7.6039],[109.07612,-7.60379],[109.07642,-7.60379],[109.07642,-7.6036],[109.07655,-7.60353],[109.07656,-7.60353],[109.07687,-7.60341],[109.07687,-7.60341],[109.07709,-7.60334],[109.07708,-7.60334],[109.07726,-7.60328],[109.07733,-7.60323],[109.07742,-7.60318],[109.07739,-7.60289],[109.07778,-7.60289],[109.07779,-7.60289],[109.07823,-7.60289],[109.07824,-7.60289],[109.07869,-7.60289],[109.07869,-7.60245],[109.07869,-7.60244],[109.07869,-7.60199],[109.07869,-7.60154],[109.0787,-7.60154],[109.0787,-7.60109],[109.07825,-7.60109],[109.07825,-7.60064],[109.07825,-7.60063],[109.07825,-7.60018],[109.07825,-7.59973],[109.0787,-7.59973],[109.0787,-7.59928],[109.07916,-7.59928],[109.07916,-7.59973],[109.07961,-7.59973],[109.07961,-7.59974],[109.08006,-7.59974],[109.08006,-7.59929],[109.08006,-7.59884],[109.08006,-7.59883],[109.08006,-7.59838],[109.08052,-7.59838],[109.08052,-7.59793],[109.08052,-7.59748],[109.08098,-7.59748],[109.08143,-7.59748],[109.08143,-7.59703],[109.08099,-7.59703],[109.08098,-7.59703],[109.08053,-7.59703],[109.08053,-7.59658],[109.08098,-7.59658],[109.08099,-7.59658],[109.08144,-7.59658],[109.08144,-7.59703],[109.08189,-7.59703],[109.08234,-7.59703],[109.08234,-7.59704],[109.08234,-7.59749],[109.08189,-7.59749],[109.08189,-7.59794],[109.08233,-7.59794],[109.08234,-7.59794],[109.08279,-7.59794],[109.08324,-7.59794],[109.08324,-7.59749],[109.08369,-7.59749],[109.0837,-7.59749],[109.0837,-7.59794],[109.0837,-7.59795],[109.08414,-7.59795],[109.08414,-7.5975],[109.08414,-7.59705],[109.08369,-7.59705],[109.08369,-7.59704],[109.08324,-7.59704],[109.08324,-7.59659],[109.08369,-7.59659],[109.0837,-7.59659],[109.08415,-7.59659],[109.08415,-7.59614],[109.08442,-7.59614],[109.08443,-7.59614],[109.0846,-7.59614],[109.0846,-7.59569],[109.08506,-7.59569],[109.08552,-7.59569],[109.08552,-7.59615],[109.08506,-7.59615],[109.08461,-7.59615],[109.08461,-7.59659],[109.08461,-7.5966],[109.08461,-7.59705],[109.08506,-7.59705],[109.08506,-7.5975],[109.0846,-7.5975],[109.0846,-7.59795],[109.08505,-7.59795],[109.08505,-7.5984],[109.0846,-7.5984],[109.0846,-7.59885],[109.08505,-7.59885],[109.08505,-7.59931],[109.0855,-7.59931],[109.0855,-7.59976],[109.08505,-7.59976],[109.08504,-7.59976],[109.0846,-7.59976],[109.0846,-7.60021],[109.08459,-7.60021],[109.08459,-7.60066],[109.08459,-7.60111],[109.08459,-7.60156],[109.08459,-7.60157],[109.08459,-7.60202],[109.08503,-7.60202],[109.08503,-7.60157],[109.08504,-7.60157],[109.08504,-7.60112],[109.08504,-7.60111],[109.08549,-7.60111],[109.08549,-7.60067],[109.08549,-7.60066],[109.08594,-7.60066],[109.08595,-7.60066],[109.08595,-7.60067],[109.08595,-7.60112],[109.08639,-7.60112],[109.08639,-7.60067],[109.0864,-7.60067],[109.08684,-7.60067],[109.08685,-7.60067],[109.0873,-7.60067],[109.0873,-7.60022],[109.08775,-7.60022],[109.08776,-7.60022],[109.08821,-7.60022],[109.08821,-7.60068],[109.08866,-7.60068],[109.08866,-7.60023],[109.08912,-7.60023],[109.08912,-7.60068],[109.08957,-7.60068],[109.08957,-7.60113],[109.09002,-7.60113],[109.09002,-7.60069],[109.09002,-7.60068],[109.09048,-7.60068],[109.09048,-7.60069],[109.09093,-7.60069],[109.09138,-7.60069],[109.09138,-7.60024],[109.09093,-7.60024],[109.09093,-7.59979],[109.09138,-7.59979],[109.09139,-7.59979],[109.09183,-7.59979],[109.09184,-7.59979],[109.09229,-7.59979],[109.09229,-7.60024],[109.09184,-7.60024],[109.09184,-7.60069],[109.09184,-7.60114],[109.09184,-7.60115],[109.09183,-7.60115],[109.09138,-7.60115],[109.09138,-7.60159],[109.09183,-7.60159],[109.09183,-7.6016],[109.09229,-7.6016],[109.09229,-7.60205],[109.09183,-7.60205],[109.09183,-7.6025],[109.09137,-7.6025],[109.09137,-7.60205],[109.09137,-7.6016],[109.09093,-7.6016],[109.09093,-7.60204],[109.09093,-7.60205],[109.09047,-7.60205],[109.09047,-7.60204],[109.09001,-7.60204],[109.09001,-7.60159],[109.08956,-7.60159],[109.08956,-7.60114],[109.08912,-7.60114],[109.08912,-7.60158],[109.08912,-7.60159],[109.08911,-7.60159],[109.08911,-7.60203],[109.08911,-7.60204],[109.08911,-7.60249],[109.08866,-7.60249],[109.08865,-7.60249],[109.08865,-7.60294],[109.08911,-7.60294],[109.08911,-7.60339],[109.08865,-7.60339],[109.0882,-7.60339],[109.0882,-7.60384],[109.0882,-7.60429],[109.08865,-7.60429],[109.08865,-7.60475],[109.08819,-7.60475],[109.08819,-7.60474],[109.08775,-7.60474],[109.08774,-7.60474],[109.08729,-7.60474],[109.08729,-7.60519],[109.08729,-7.60564],[109.08683,-7.60564],[109.08683,-7.60609],[109.08683,-7.60654],[109.08683,-7.60655],[109.08683,-7.607],[109.08727,-7.607],[109.08727,-7.60655],[109.08773,-7.60655],[109.08819,-7.60655],[109.08819,-7.607],[109.08863,-7.607],[109.08864,-7.607],[109.08909,-7.607],[109.08909,-7.60656],[109.08909,-7.60655],[109.08955,-7.60655],[109.08955,-7.60656],[109.08999,-7.60656],[109.09,-7.60656],[109.09,-7.60611],[109.09045,-7.60611],[109.0909,-7.60611],[109.0909,-7.60656],[109.09135,-7.60656],[109.09135,-7.60612],[109.09135,-7.60611],[109.09135,-7.60566],[109.0909,-7.60566],[109.0909,-7.60521],[109.0909,-7.60476],[109.09136,-7.60476],[109.09136,-7.60521],[109.09136,-7.60566],[109.09181,-7.60566],[109.09181,-7.60611],[109.09226,-7.60611],[109.09226,-7.60567],[109.09271,-7.60567],[109.09271,-7.60522],[109.09317,-7.60522],[109.09363,-7.60522],[109.09363,-7.60567],[109.09317,-7.60567],[109.09317,-7.60612],[109.09317,-7.60657],[109.09317,-7.60702],[109.09362,-7.60702],[109.09362,-7.60703],[109.09362,-7.60748],[109.09406,-7.60748],[109.09407,-7.60748],[109.09452,-7.60748],[109.09498,-7.60748],[109.09498,-7.60794],[109.09543,-7.60794],[109.09543,-7.60839],[109.09588,-7.60839],[109.09588,-7.60884],[109.09588,-7.60885],[109.09588,-7.6093],[109.09587,-7.6093],[109.09587,-7.60975],[109.09632,-7.60975],[109.09632,-7.6102],[109.09586,-7.6102],[109.09586,-7.60975],[109.0955,-7.60975],[109.0955,-7.60966],[109.09542,-7.60966],[109.09541,-7.60966],[109.09514,-7.60966],[109.09514,-7.60974],[109.09514,-7.60975],[109.09514,-7.6102],[109.09496,-7.6102],[109.09496,-7.61038],[109.09495,-7.61038],[109.09478,-7.61038],[109.09478,-7.61065],[109.09478,-7.61074],[109.09496,-7.61074],[109.09496,-7.6111],[109.09451,-7.6111],[109.09451,-7.61155],[109.09405,-7.61155],[109.09405,-7.6111],[109.09405,-7.61065],[109.09405,-7.61064],[109.09405,-7.61019],[109.09405,-7.60974],[109.09361,-7.60974],[109.09361,-7.61019],[109.09361,-7.61064],[109.0936,-7.61064],[109.09316,-7.61064],[109.09315,-7.61064],[109.09315,-7.61109],[109.09269,-7.61109],[109.09269,-7.61064],[109.09225,-7.61064],[109.09224,-7.61064],[109.09179,-7.61064],[109.09179,-7.61109],[109.09133,-7.61109],[109.09133,-7.61063],[109.09088,-7.61063],[109.09088,-7.61018],[109.09044,-7.61018],[109.09043,-7.61018],[109.09043,-7.61063],[109.08997,-7.61063],[109.08997,-7.61017],[109.08953,-7.61017],[109.08953,-7.61062],[109.08952,-7.61062],[109.08952,-7.61107],[109.08952,-7.61108],[109.08952,-7.61153],[109.08907,-7.61153],[109.08906,-7.61153],[109.08906,-7.61108],[109.08906,-7.61107],[109.08862,-7.61107],[109.08862,-7.61152],[109.08817,-7.61152],[109.08816,-7.61152],[109.08772,-7.61152],[109.08771,-7.61152],[109.08771,-7.61197],[109.08771,-7.61242],[109.08816,-7.61242],[109.08861,-7.61242],[109.08861,-7.61198],[109.08907,-7.61198],[109.08907,-7.61243],[109.08952,-7.61243],[109.08952,-7.61288],[109.08952,-7.61333],[109.08952,-7.61334],[109.08907,-7.61334],[109.08907,-7.61378],[109.08907,-7.61379],[109.08861,-7.61379],[109.08861,-7.61423],[109.08861,-7.61424],[109.08861,-7.61469],[109.08905,-7.61469],[109.08906,-7.61469],[109.08951,-7.61469],[109.08951,-7.61514],[109.08951,-7.61559],[109.08951,-7.6156],[109.08905,-7.6156],[109.08905,-7.61604],[109.08905,-7.61649],[109.08905,-7.6165],[109.08949,-7.6165],[109.0895,-7.6165],[109.08995,-7.6165],[109.08995,-7.61605],[109.0904,-7.61605],[109.09041,-7.61605],[109.09086,-7.61605],[109.09086,-7.6165],[109.09086,-7.61695],[109.09086,-7.61696],[109.09131,-7.61696],[109.09176,-7.61696],[109.09177,-7.61696],[109.09222,-7.61696],[109.09222,-7.61741],[109.09267,-7.61741],[109.09267,-7.61742],[109.09312,-7.61742],[109.09312,-7.61697],[109.09312,-7.61651],[109.09357,-7.61651],[109.09358,-7.61651],[109.09358,-7.61697],[109.09358,-7.61742],[109.09402,-7.61742],[109.09403,-7.61742],[109.09403,-7.61787],[109.09447,-7.61787],[109.09448,-7.61787],[109.09448,-7.61833],[109.09492,-7.61833],[109.09493,-7.61833],[109.09538,-7.61833],[109.09538,-7.61878],[109.09583,-7.61878],[109.09583,-7.61923],[109.09583,-7.61924],[109.09627,-7.61924],[109.09627,-7.61879],[109.09628,-7.61879],[109.09673,-7.61879],[109.09719,-7.61879],[109.09719,-7.61924],[109.09763,-7.61924],[109.09764,-7.61924],[109.09809,-7.61924],[109.09809,-7.61925],[109.09854,-7.61925],[109.09854,-7.6188],[109.099,-7.6188],[109.09946,-7.6188],[109.09946,-7.61925],[109.09945,-7.61925],[109.09945,-7.61955],[109.09899,-7.61954],[109.09899,-7.61954],[109.09854,-7.61953],[109.09854,-7.61953],[109.09809,-7.61952],[109.09763,-7.61951],[109.09726,-7.61951],[109.09725,-7.6197],[109.09725,-7.6197],[109.09724,-7.61997],[109.09718,-7.61997],[109.09709,-7.61997],[109.09709,-7.61979],[109.09691,-7.61979],[109.09673,-7.61979],[109.09655,-7.61979],[109.09655,-7.61978],[109.09628,-7.61978],[109.09627,-7.61978],[109.09619,-7.61978],[109.09619,-7.62014],[109.09619,-7.62032],[109.09627,-7.62032],[109.09628,-7.62032],[109.09637,-7.62032],[109.09637,-7.62033],[109.09636,-7.62033],[109.09636,-7.62059],[109.09636,-7.6206],[109.09636,-7.62068],[109.09672,-7.62068],[109.09672,-7.6206],[109.09672,-7.62059],[109.09672,-7.62051],[109.09672,-7.6205],[109.09673,-7.6205],[109.09709,-7.6205],[109.09709,-7.62033],[109.09709,-7.62032],[109.09718,-7.62032],[109.09723,-7.62032],[109.09722,-7.6206],[109.09721,-7.62087],[109.0972,-7.62087],[109.0972,-7.62088],[109.09718,-7.62103],[109.09719,-7.62105],[109.09725,-7.62117],[109.09725,-7.62118],[109.09726,-7.62118],[109.09726,-7.62119],[109.09727,-7.62133],[109.09727,-7.62134],[109.09724,-7.62151],[109.09724,-7.62151],[109.09718,-7.62183],[109.09718,-7.62188],[109.09716,-7.62195],[109.09709,-7.6224],[109.09711,-7.62236],[109.09716,-7.62238],[109.09716,-7.6224],[109.09716,-7.62241],[109.09716,-7.62251],[109.09716,-7.62252],[109.09716,-7.62253],[109.09717,-7.62253],[109.09717,-7.62254],[109.09718,-7.62254],[109.09718,-7.62255],[109.09719,-7.62255],[109.09737,-7.62259],[109.09737,-7.62256],[109.09737,-7.62255],[109.09738,-7.62255],[109.09738,-7.62254],[109.09738,-7.62253],[109.09739,-7.62253],[109.0974,-7.62252],[109.09741,-7.62252],[109.09742,-7.62252],[109.09763,-7.6225],[109.09763,-7.62251],[109.09808,-7.62248],[109.09853,-7.62245],[109.09853,-7.62286],[109.09853,-7.62332],[109.09808,-7.62332],[109.09808,-7.62331],[109.09763,-7.62331],[109.09762,-7.62331],[109.09762,-7.62345],[109.09762,-7.62346],[109.09762,-7.62376],[109.09808,-7.62376],[109.09808,-7.62377],[109.09853,-7.62377],[109.09853,-7.62422],[109.09897,-7.62422],[109.09898,-7.62422],[109.09943,-7.62422],[109.09943,-7.62467],[109.09943,-7.62468],[109.09897,-7.62468],[109.09897,-7.62467],[109.09853,-7.62467],[109.09852,-7.62467],[109.09807,-7.62467],[109.09762,-7.62467],[109.09761,-7.62467],[109.09716,-7.62467],[109.09716,-7.62511],[109.09716,-7.62512],[109.09761,-7.62512],[109.09761,-7.62557],[109.09716,-7.62557],[109.09715,-7.62557],[109.0971,-7.62557],[109.0969,-7.62557],[109.09689,-7.62557],[109.09673,-7.62557],[109.0967,-7.62557],[109.0967,-7.62556],[109.0967,-7.62547],[109.0967,-7.62512],[109.09625,-7.62512],[109.09625,-7.62538],[109.09625,-7.62547],[109.09625,-7.62556],[109.09625,-7.62557],[109.09625,-7.62602],[109.09579,-7.62602],[109.09579,-7.62557],[109.09579,-7.62556],[109.09534,-7.62556],[109.09534,-7.62537],[109.09534,-7.62527],[109.09534,-7.62511],[109.09534,-7.62466],[109.09489,-7.62466],[109.09489,-7.62421],[109.09489,-7.6242],[109.09489,-7.62375],[109.09444,-7.62375],[109.09444,-7.62348],[109.09444,-7.6233],[109.0949,-7.6233],[109.0949,-7.62346],[109.0949,-7.62347],[109.0949,-7.62375],[109.09535,-7.62375],[109.09535,-7.6242],[109.09535,-7.62421],[109.09535,-7.62466],[109.0958,-7.62466],[109.0958,-7.62421],[109.0958,-7.62376],[109.0958,-7.62344],[109.0958,-7.6233],[109.09535,-7.6233],[109.09535,-7.62285],[109.09491,-7.62285],[109.0949,-7.62285],[109.09446,-7.62285],[109.09445,-7.62285],[109.094,-7.62285],[109.094,-7.62329],[109.094,-7.6233],[109.094,-7.62348],[109.094,-7.62375],[109.09399,-7.62375],[109.09399,-7.6242],[109.09354,-7.6242],[109.09354,-7.62375],[109.09309,-7.62375],[109.09309,-7.62374],[109.09264,-7.62374],[109.09219,-7.62374],[109.09174,-7.62374],[109.09173,-7.62374],[109.09157,-7.62374],[109.09128,-7.62374],[109.09128,-7.6234],[109.09128,-7.62329],[109.09128,-7.62328],[109.09083,-7.62328],[109.09083,-7.62339],[109.09083,-7.62373],[109.09038,-7.62373],[109.09037,-7.62373],[109.09037,-7.62418],[109.08991,-7.62418],[109.08991,-7.62373],[109.08947,-7.62373],[109.08946,-7.62373],[109.08902,-7.62373],[109.08901,-7.62373],[109.08901,-7.62418],[109.08856,-7.62418],[109.08856,-7.62462],[109.08856,-7.62463],[109.08901,-7.62463],[109.08901,-7.62508],[109.08901,-7.62553],[109.08945,-7.62553],[109.08945,-7.62508],[109.08946,-7.62508],[109.08946,-7.62463],[109.08991,-7.62463],[109.08992,-7.62463],[109.09036,-7.62463],[109.09037,-7.62463],[109.09082,-7.62463],[109.09082,-7.62419],[109.09127,-7.62419],[109.09128,-7.62419],[109.09157,-7.62419],[109.09173,-7.62419],[109.09173,-7.62464],[109.09218,-7.62464],[109.09218,-7.62419],[109.09264,-7.62419],[109.09264,-7.62465],[109.09218,-7.62465],[109.09218,-7.62509],[109.09264,-7.62509],[109.09264,-7.6251],[109.09264,-7.62555],[109.09218,-7.62555],[109.09173,-7.62555],[109.09173,-7.626],[109.09218,-7.626],[109.09218,-7.62645],[109.09217,-7.62645],[109.09217,-7.6269],[109.09263,-7.6269],[109.09263,-7.62736],[109.09217,-7.62736],[109.09217,-7.62781],[109.09172,-7.62781],[109.09171,-7.62781],[109.09171,-7.62826],[109.0914,-7.62826],[109.09126,-7.62826],[109.09125,-7.62826],[109.09125,-7.62825],[109.09081,-7.62825],[109.0908,-7.62825],[109.09036,-7.62825],[109.09035,-7.62825],[109.08991,-7.62825],[109.0899,-7.62825],[109.0899,-7.62839],[109.0899,-7.62847],[109.0899,-7.6287],[109.08944,-7.6287],[109.08944,-7.6284],[109.08944,-7.62825],[109.08945,-7.62825],[109.08945,-7.62809],[109.08945,-7.6278],[109.089,-7.6278],[109.089,-7.62779],[109.089,-7.62734],[109.089,-7.62689],[109.08915,-7.62689],[109.08933,-7.62689],[109.08945,-7.62689],[109.08945,-7.62644],[109.08901,-7.62644],[109.089,-7.62644],[109.08855,-7.62644],[109.0885,-7.62644],[109.08819,-7.62644],[109.0881,-7.62644],[109.0881,-7.6265],[109.0881,-7.62678],[109.0881,-7.62688],[109.0881,-7.62689],[109.08806,-7.62689],[109.08797,-7.62689],[109.08765,-7.62689],[109.08765,-7.62713],[109.08765,-7.62723],[109.08765,-7.62733],[109.0881,-7.62733],[109.0881,-7.62734],[109.08855,-7.62734],[109.08855,-7.62779],[109.08855,-7.62824],[109.08809,-7.62824],[109.08809,-7.62779],[109.08764,-7.62779],[109.08764,-7.62734],[109.0875,-7.62734],[109.0874,-7.62734],[109.08719,-7.62734],[109.08719,-7.62764],[109.08719,-7.62774],[109.08719,-7.62778],[109.08719,-7.62779],[109.08719,-7.62824],[109.08673,-7.62824],[109.08673,-7.62823],[109.08627,-7.62823],[109.08627,-7.62778],[109.08628,-7.62778],[109.08628,-7.62733],[109.08582,-7.62733],[109.08582,-7.62688],[109.08538,-7.62688],[109.08538,-7.62732],[109.08538,-7.62733],[109.08499,-7.62733],[109.08496,-7.62733],[109.08492,-7.62733],[109.08492,-7.62732],[109.08447,-7.62732],[109.08446,-7.62732],[109.08402,-7.62732],[109.08401,-7.62732],[109.08401,-7.62687],[109.08356,-7.62687],[109.08356,-7.62641],[109.08401,-7.62641],[109.08402,-7.62641],[109.08402,-7.62597],[109.08402,-7.62596],[109.08356,-7.62596],[109.08356,-7.62551],[109.08312,-7.62551],[109.08312,-7.62596],[109.08266,-7.62596],[109.08266,-7.62551],[109.08221,-7.62551],[109.08221,-7.6255],[109.08221,-7.62505],[109.08176,-7.62505],[109.08131,-7.62505],[109.08086,-7.62505],[109.08086,-7.62549],[109.08086,-7.6255],[109.08086,-7.62595],[109.0804,-7.62595],[109.0804,-7.6255],[109.07995,-7.6255],[109.07995,-7.62549],[109.07995,-7.62504],[109.0804,-7.62504],[109.0804,-7.62459],[109.07995,-7.62459],[109.07995,-7.62414],[109.07996,-7.62414],[109.07996,-7.62369],[109.07951,-7.62369],[109.07951,-7.62413],[109.07951,-7.62414],[109.07951,-7.62459],[109.0795,-7.62459],[109.0795,-7.62504],[109.07905,-7.62504],[109.07905,-7.62549],[109.0795,-7.62549],[109.0795,-7.62594],[109.07904,-7.62594],[109.07858,-7.62594],[109.07858,-7.62549],[109.07859,-7.62549],[109.07859,-7.62504],[109.07859,-7.62503],[109.07859,-7.62459],[109.07859,-7.62458],[109.07814,-7.62458],[109.07814,-7.62413],[109.07769,-7.62413],[109.07769,-7.62368],[109.07769,-7.62323],[109.07769,-7.62322],[109.07725,-7.62322],[109.07724,-7.62322],[109.07724,-7.62367],[109.07696,-7.62367],[109.07679,-7.62367],[109.07678,-7.62367],[109.07633,-7.62367],[109.07633,-7.62412],[109.07587,-7.62412],[109.07587,-7.62367],[109.07543,-7.62367],[109.07542,-7.62367],[109.07497,-7.62367],[109.07497,-7.62321],[109.07497,-7.62276],[109.07497,-7.62231],[109.07498,-7.62231],[109.07498,-7.62186],[109.07498,-7.6214],[109.07544,-7.6214],[109.07544,-7.62141],[109.07584,-7.62141],[109.07589,-7.62141],[109.07634,-7.62141],[109.07635,-7.62141],[109.07679,-7.62141],[109.0768,-7.62141],[109.07725,-7.62141],[109.07725,-7.62097],[109.07725,-7.62096],[109.07725,-7.62051],[109.07725,-7.62006],[109.07726,-7.62006],[109.07771,-7.62006],[109.07771,-7.62051],[109.07771,-7.62096],[109.07771,-7.62097],[109.07771,-7.62141],[109.07771,-7.62142],[109.07815,-7.62142],[109.07815,-7.62097],[109.07816,-7.62097],[109.0786,-7.62097],[109.0786,-7.62052],[109.07816,-7.62052],[109.07815,-7.62052],[109.07815,-7.62007],[109.07815,-7.62006],[109.07815,-7.61961],[109.07771,-7.61961],[109.0777,-7.61961],[109.0777,-7.61916],[109.07726,-7.61916],[109.07725,-7.61916],[109.07725,-7.6187],[109.07726,-7.6187],[109.07771,-7.6187],[109.07771,-7.61916],[109.07816,-7.61916],[109.07816,-7.61871],[109.07816,-7.61826],[109.07771,-7.61826],[109.07771,-7.6178],[109.07817,-7.6178],[109.07817,-7.61825],[109.07862,-7.61825],[109.07862,-7.61781],[109.07907,-7.61781],[109.07908,-7.61781],[109.07908,-7.61736],[109.07862,-7.61736],[109.07862,-7.6169],[109.07817,-7.6169],[109.07817,-7.61645],[109.07818,-7.61645],[109.07818,-7.616],[109.07773,-7.616],[109.07773,-7.61599],[109.07728,-7.61599],[109.07728,-7.61644],[109.07682,-7.61644],[109.07682,-7.61599],[109.07727,-7.61599],[109.07727,-7.61554],[109.07683,-7.61554],[109.07682,-7.61554],[109.07637,-7.61554],[109.07637,-7.61599],[109.07637,-7.61644],[109.07637,-7.61689],[109.07591,-7.61689],[109.07591,-7.61644],[109.07591,-7.61599],[109.07546,-7.61599],[109.07546,-7.61553],[109.07546,-7.61508],[109.07591,-7.61508],[109.07592,-7.61508],[109.07592,-7.61463],[109.07637,-7.61463],[109.07637,-7.61418],[109.07593,-7.61418],[109.07592,-7.61418],[109.07548,-7.61418],[109.07547,-7.61418],[109.07547,-7.61463],[109.07502,-7.61463],[109.07502,-7.61508],[109.07501,-7.61508],[109.07501,-7.61553],[109.07455,-7.61553],[109.07455,-7.61508],[109.07456,-7.61508],[109.07456,-7.61463],[109.07411,-7.61463],[109.07411,-7.61507],[109.07411,-7.61508],[109.07365,-7.61508],[109.07365,-7.61507],[109.07365,-7.61462],[109.0732,-7.61462],[109.0732,-7.61417],[109.07365,-7.61417],[109.07366,-7.61417],[109.0741,-7.61417],[109.07411,-7.61417],[109.07411,-7.61372],[109.07366,-7.61372],[109.0732,-7.61372],[109.0732,-7.61326],[109.07366,-7.61326],[109.07412,-7.61326],[109.07412,-7.61327],[109.07412,-7.61372],[109.07456,-7.61372],[109.07456,-7.61327],[109.07457,-7.61327],[109.07457,-7.61282],[109.07457,-7.61237],[109.07457,-7.61236],[109.07503,-7.61236],[109.07503,-7.61237],[109.07548,-7.61237],[109.07594,-7.61237],[109.07594,-7.61282],[109.07593,-7.61282],[109.07593,-7.61327],[109.07593,-7.61328],[109.07593,-7.61372],[109.07593,-7.61373],[109.07638,-7.61373],[109.07638,-7.61328],[109.07638,-7.61283],[109.07638,-7.61282],[109.07638,-7.61237],[109.07684,-7.61237],[109.07684,-7.61282],[109.07684,-7.61283],[109.07729,-7.61283],[109.07774,-7.61283],[109.07774,-7.61238],[109.07819,-7.61238],[109.07819,-7.61193],[109.07774,-7.61193],[109.07774,-7.61148],[109.07774,-7.61103],[109.07774,-7.61102],[109.07729,-7.61102],[109.07729,-7.61057],[109.07729,-7.61012],[109.07685,-7.61012],[109.07685,-7.61057],[109.07684,-7.61057],[109.07684,-7.61102],[109.07639,-7.61102],[109.07638,-7.61102],[109.07638,-7.61057],[109.07639,-7.61057],[109.07639,-7.61012],[109.07639,-7.61011],[109.07594,-7.61011],[109.07593,-7.61011],[109.07593,-7.60995],[109.07593,-7.60966],[109.07583,-7.60966],[109.07549,-7.60966],[109.07549,-7.60921],[109.07504,-7.60921],[109.07503,-7.60921],[109.07503,-7.60875],[109.07459,-7.60875],[109.07458,-7.60875],[109.07414,-7.60875],[109.07414,-7.6092],[109.07414,-7.60965],[109.07458,-7.60965],[109.07459,-7.60965],[109.07459,-7.61011],[109.07458,-7.61011],[109.07413,-7.61011],[109.07413,-7.60965],[109.07369,-7.60965],[109.07368,-7.60965],[109.07323,-7.60965],[109.07277,-7.60965],[109.07277,-7.60919],[109.07323,-7.60919],[109.07323,-7.6092],[109.07368,-7.6092],[109.07368,-7.60875],[109.07368,-7.6083],[109.07323,-7.6083],[109.07323,-7.60829],[109.07323,-7.60784],[109.07279,-7.60784],[109.07279,-7.60829],[109.07278,-7.60829],[109.07233,-7.60829],[109.07233,-7.60784],[109.07278,-7.60784],[109.07278,-7.60739],[109.07233,-7.60739],[109.07233,-7.60693],[109.07188,-7.60693],[109.07143,-7.60693],[109.07143,-7.60648],[109.07188,-7.60648],[109.07233,-7.60648],[109.07234,-7.60648],[109.07234,-7.60693]],[[109.08006,-7.60019],[109.08051,-7.60019],[109.08051,-7.60064],[109.08015,-7.60064],[109.08015,-7.60055],[109.08006,-7.60055],[109.08005,-7.60055],[109.07997,-7.60055],[109.07997,-7.60037],[109.07979,-7.60037],[109.07979,-7.60019],[109.07979,-7.60001],[109.07961,-7.60001],[109.0796,-7.60001],[109.07943,-7.60001],[109.07943,-7.59983],[109.07916,-7.59983],[109.07915,-7.59983],[109.07907,-7.59983],[109.07907,-7.60001],[109.07888,-7.60001],[109.07888,-7.60018],[109.07888,-7.60019],[109.0787,-7.60019],[109.0787,-7.60018],[109.0787,-7.6],[109.07834,-7.6],[109.07834,-7.60018],[109.07834,-7.60054],[109.07852,-7.60054],[109.07852,-7.60063],[109.07852,-7.60064],[109.07852,-7.60073],[109.07834,-7.60073],[109.07834,-7.60108],[109.0787,-7.60108],[109.07871,-7.60108],[109.07888,-7.60108],[109.07888,-7.60109],[109.07907,-7.60109],[109.07915,-7.60109],[109.07916,-7.60109],[109.07924,-7.60109],[109.07924,-7.60145],[109.0796,-7.60145],[109.0796,-7.60109],[109.0796,-7.60091],[109.07961,-7.60091],[109.07961,-7.60109],[109.07961,-7.60154],[109.08006,-7.60154],[109.08006,-7.60199],[109.08006,-7.602],[109.0805,-7.602],[109.08051,-7.602],[109.08095,-7.602],[109.08095,-7.60155],[109.08096,-7.60155],[109.08141,-7.60155],[109.08141,-7.6011],[109.08186,-7.6011],[109.08186,-7.60065],[109.08232,-7.60065],[109.08232,-7.6011],[109.08277,-7.6011],[109.08277,-7.60065],[109.08278,-7.60065],[109.08278,-7.6002],[109.08323,-7.6002],[109.08323,-7.60004],[109.08323,-7.59975],[109.08308,-7.59975],[109.08278,-7.59975],[109.08278,-7.59932],[109.08278,-7.5993],[109.08323,-7.5993],[109.08324,-7.5993],[109.08324,-7.59885],[109.08279,-7.59885],[109.08279,-7.5984],[109.08279,-7.59839],[109.08252,-7.59839],[109.08252,-7.59821],[109.08234,-7.59821],[109.08233,-7.59821],[109.08197,-7.59821],[109.08197,-7.59839],[109.08197,-7.59875],[109.08188,-7.59875],[109.08179,-7.59875],[109.08179,-7.59884],[109.08142,-7.59884],[109.08142,-7.59839],[109.08188,-7.59839],[109.08188,-7.59794],[109.08144,-7.59794],[109.08143,-7.59794],[109.08098,-7.59794],[109.08098,-7.59839],[109.08052,-7.59839],[109.08052,-7.59883],[109.08052,-7.59884],[109.08052,-7.59929],[109.08052,-7.59974],[109.08006,-7.59974],[109.08006,-7.60019]],[[109.08187,-7.6011],[109.08187,-7.60155],[109.08187,-7.602],[109.08231,-7.602],[109.08231,-7.60156],[109.08231,-7.60155],[109.08232,-7.60155],[109.08232,-7.6011],[109.08187,-7.6011]],[[109.07633,-7.62335],[109.07633,-7.62322],[109.07608,-7.62322],[109.07607,-7.62322],[109.07588,-7.62322],[109.07588,-7.62367],[109.07633,-7.62367],[109.07633,-7.62335]],[[109.0873,-7.60112],[109.08775,-7.60112],[109.08775,-7.60113],[109.0882,-7.60113],[109.0882,-7.60068],[109.08776,-7.60068],[109.08775,-7.60068],[109.0873,-7.60068],[109.0873,-7.60112]],[[109.08685,-7.60158],[109.08684,-7.60158],[109.0864,-7.60158],[109.08639,-7.60158],[109.08639,-7.60157],[109.08595,-7.60157],[109.08595,-7.60202],[109.08639,-7.60202],[109.0864,-7.60202],[109.08685,-7.60202],[109.08685,-7.60203],[109.08729,-7.60203],[109.08729,-7.60158],[109.08685,-7.60158]],[[109.08863,-7.60927],[109.08863,-7.60972],[109.08817,-7.60972],[109.08817,-7.60927],[109.08817,-7.60926],[109.08817,-7.60881],[109.08772,-7.60881],[109.08772,-7.60926],[109.08727,-7.60926],[109.08726,-7.60926],[109.08726,-7.60881],[109.08682,-7.60881],[109.08681,-7.60881],[109.08637,-7.60881],[109.08637,-7.60925],[109.08681,-7.60925],[109.08682,-7.60925],[109.08682,-7.60971],[109.08682,-7.61016],[109.08681,-7.61016],[109.08636,-7.61016],[109.08636,-7.60971],[109.08636,-7.60926],[109.08591,-7.60926],[109.08591,-7.60925],[109.08546,-7.60925],[109.08546,-7.6088],[109.08546,-7.60835],[109.08546,-7.6079],[109.08546,-7.60789],[109.08591,-7.60789],[109.08591,-7.60745],[109.08591,-7.60744],[109.08637,-7.60744],[109.08637,-7.60745],[109.08681,-7.60745],[109.08682,-7.60745],[109.08682,-7.607],[109.08637,-7.607],[109.08637,-7.60655],[109.08637,-7.60654],[109.08637,-7.60609],[109.08637,-7.60564],[109.08637,-7.60519],[109.08592,-7.60519],[109.08592,-7.60473],[109.08593,-7.60473],[109.08593,-7.60428],[109.08548,-7.60428],[109.08548,-7.60383],[109.08548,-7.60338],[109.08503,-7.60338],[109.08458,-7.60338],[109.08458,-7.60382],[109.08457,-7.60382],[109.08457,-7.60428],[109.08412,-7.60428],[109.08412,-7.60473],[109.08456,-7.60473],[109.08457,-7.60473],[109.08502,-7.60473],[109.08502,-7.60518],[109.08547,-7.60518],[109.08547,-7.60563],[109.08547,-7.60564],[109.08547,-7.60609],[109.08592,-7.60609],[109.08592,-7.60654],[109.08547,-7.60654],[109.08547,-7.60699],[109.08502,-7.60699],[109.08501,-7.60699],[109.08456,-7.60699],[109.08456,-7.60744],[109.08456,-7.60789],[109.08411,-7.60789],[109.0841,-7.60789],[109.08388,-7.60789],[109.08366,-7.60789],[109.08365,-7.60789],[109.0832,-7.60789],[109.0832,-7.60834],[109.08274,-7.60834],[109.08274,-7.60788],[109.0832,-7.60788],[109.0832,-7.60743],[109.08365,-7.60743],[109.08366,-7.60743],[109.08385,-7.60743],[109.08411,-7.60743],[109.08411,-7.60699],[109.08392,-7.60699],[109.08365,-7.60699],[109.08365,-7.60698],[109.08321,-7.60698],[109.0832,-7.60698],[109.08275,-7.60698],[109.08275,-7.60743],[109.0823,-7.60743],[109.0823,-7.60788],[109.08229,-7.60788],[109.08229,-7.60833],[109.08183,-7.60833],[109.08183,-7.60788],[109.08138,-7.60788],[109.08138,-7.60743],[109.08138,-7.60742],[109.08184,-7.60742],[109.08184,-7.60698],[109.08184,-7.60697],[109.08229,-7.60697],[109.08229,-7.60653],[109.08184,-7.60653],[109.08184,-7.60652],[109.0814,-7.60652],[109.08139,-7.60652],[109.08094,-7.60652],[109.08049,-7.60652],[109.08049,-7.60697],[109.08094,-7.60697],[109.08094,-7.60742],[109.08093,-7.60742],[109.08093,-7.60787],[109.08093,-7.60788],[109.08093,-7.60832],[109.08093,-7.60833],[109.08093,-7.60878],[109.08138,-7.60878],[109.08138,-7.60923],[109.08093,-7.60923],[109.08093,-7.60968],[109.08092,-7.60968],[109.08048,-7.60968],[109.08047,-7.60968],[109.08003,-7.60968],[109.08002,-7.60968],[109.08002,-7.61013],[109.08002,-7.61058],[109.08047,-7.61058],[109.08092,-7.61058],[109.08093,-7.61058],[109.08093,-7.61104],[109.08092,-7.61104],[109.08092,-7.61149],[109.08092,-7.61176],[109.08092,-7.61194],[109.08093,-7.61194],[109.08137,-7.61194],[109.08137,-7.61149],[109.08182,-7.61149],[109.08182,-7.61104],[109.08228,-7.61104],[109.08228,-7.6115],[109.08183,-7.6115],[109.08183,-7.61194],[109.08183,-7.61195],[109.08228,-7.61195],[109.08228,-7.6124],[109.08272,-7.6124],[109.08272,-7.61195],[109.08273,-7.61195],[109.08317,-7.61195],[109.08317,-7.6115],[109.08273,-7.6115],[109.08272,-7.6115],[109.08272,-7.61105],[109.08272,-7.61059],[109.08228,-7.61059],[109.08227,-7.61059],[109.08183,-7.61059],[109.08182,-7.61059],[109.08182,-7.61014],[109.08183,-7.61014],[109.08227,-7.61014],[109.08228,-7.61014],[109.08228,-7.60969],[109.08183,-7.60969],[109.08183,-7.60924],[109.08183,-7.60923],[109.08183,-7.60878],[109.08229,-7.60878],[109.08229,-7.60923],[109.08229,-7.60924],[109.08273,-7.60924],[109.08274,-7.60924],[109.08319,-7.60924],[109.08319,-7.60879],[109.08365,-7.60879],[109.08365,-7.60924],[109.084,-7.60924],[109.08409,-7.60924],[109.0841,-7.60924],[109.0841,-7.60879],[109.08455,-7.60879],[109.08456,-7.60879],[109.08501,-7.60879],[109.08501,-7.6088],[109.08501,-7.60925],[109.08456,-7.60925],[109.08455,-7.60925],[109.08455,-7.6097],[109.085,-7.6097],[109.085,-7.61015],[109.085,-7.6106],[109.08545,-7.6106],[109.08545,-7.61061],[109.0859,-7.61061],[109.08591,-7.61061],[109.08636,-7.61061],[109.08636,-7.61106],[109.0868,-7.61106],[109.08681,-7.61106],[109.08726,-7.61106],[109.08726,-7.61107],[109.08771,-7.61107],[109.08772,-7.61107],[109.08816,-7.61107],[109.08817,-7.61107],[109.08861,-7.61107],[109.08861,-7.61062],[109.08817,-7.61062],[109.08816,-7.61062],[109.08816,-7.61017],[109.08817,-7.61017],[109.08862,-7.61017],[109.08862,-7.61062],[109.08906,-7.61062],[109.08907,-7.61062],[109.08907,-7.61017],[109.08952,-7.61017],[109.08952,-7.60972],[109.08998,-7.60972],[109.08998,-7.60927],[109.08954,-7.60927],[109.08953,-7.60927],[109.08908,-7.60927],[109.08863,-7.60927]],[[109.08862,-7.61243],[109.08862,-7.61288],[109.08906,-7.61288],[109.08906,-7.61243],[109.08862,-7.61243]],[[109.08859,-7.6174],[109.08859,-7.61758],[109.08859,-7.61785],[109.08889,-7.61785],[109.08903,-7.61785],[109.08904,-7.61785],[109.08904,-7.6174],[109.08859,-7.6174]],[[109.08859,-7.61966],[109.08858,-7.61966],[109.08858,-7.62011],[109.08902,-7.62011],[109.08903,-7.62011],[109.08904,-7.62011],[109.08948,-7.62011],[109.08948,-7.61966],[109.08948,-7.61921],[109.08904,-7.61921],[109.08904,-7.61966],[109.08903,-7.61966],[109.08899,-7.61966],[109.08859,-7.61966]],[[109.08903,-7.62128],[109.08903,-7.62146],[109.08903,-7.62147],[109.08947,-7.62147],[109.08948,-7.62147],[109.08948,-7.62102],[109.08906,-7.62102],[109.08903,-7.62102],[109.08903,-7.62128]],[[109.08901,-7.62321],[109.08901,-7.6232],[109.089,-7.6232],[109.08901,-7.62321]],[[109.08856,-7.62553],[109.08856,-7.62598],[109.089,-7.62598],[109.089,-7.62553],[109.08856,-7.62553]],[[109.07504,-7.60784],[109.07504,-7.60757],[109.07504,-7.6074],[109.0746,-7.6074],[109.07459,-7.6074],[109.07414,-7.6074],[109.07414,-7.60739],[109.07369,-7.60739],[109.07369,-7.60784],[109.07369,-7.60829],[109.07414,-7.60829],[109.07414,-7.6083],[109.07458,-7.6083],[109.07459,-7.6083],[109.07504,-7.6083],[109.07504,-7.60875],[109.07549,-7.60875],[109.07549,-7.60831],[109.07549,-7.6083],[109.07549,-7.60817],[109.07549,-7.60785],[109.07505,-7.60785],[109.07504,-7.60784]],[[109.07415,-7.60536],[109.07415,-7.60513],[109.0737,-7.60513],[109.0737,-7.60558],[109.07406,-7.60558],[109.07407,-7.60558],[109.07415,-7.60558],[109.07415,-7.60536]],[[109.07543,-7.62231],[109.07543,-7.62276],[109.07543,-7.62321],[109.07588,-7.62321],[109.07588,-7.62276],[109.07599,-7.62276],[109.076,-7.62276],[109.07634,-7.62276],[109.07634,-7.62231],[109.07679,-7.62231],[109.07679,-7.62187],[109.07679,-7.62186],[109.07635,-7.62186],[109.07634,-7.62186],[109.07597,-7.62186],[109.07589,-7.62186],[109.07544,-7.62186],[109.07544,-7.62231],[109.07543,-7.62231]],[[109.08089,-7.61782],[109.08089,-7.61826],[109.08089,-7.61827],[109.08134,-7.61827],[109.08135,-7.61827],[109.08135,-7.61872],[109.08134,-7.61872],[109.08089,-7.61872],[109.08044,-7.61872],[109.08043,-7.61872],[109.07998,-7.61872],[109.07998,-7.61916],[109.07998,-7.61917],[109.08043,-7.61917],[109.08089,-7.61917],[109.08089,-7.61962],[109.08088,-7.61962],[109.08088,-7.62007],[109.08088,-7.62008],[109.08043,-7.62008],[109.08043,-7.62052],[109.08043,-7.62053],[109.08042,-7.62053],[109.08042,-7.62097],[109.08042,-7.62098],[109.08042,-7.62143],[109.08042,-7.62188],[109.08086,-7.62188],[109.08087,-7.62188],[109.08087,-7.62143],[109.08133,-7.62143],[109.08133,-7.62188],[109.08132,-7.62188],[109.08132,-7.62234],[109.08086,-7.62234],[109.08086,-7.62233],[109.08041,-7.62233],[109.08041,-7.62188],[109.07997,-7.62188],[109.07996,-7.62188],[109.07996,-7.62233],[109.07951,-7.62233],[109.07951,-7.62278],[109.07951,-7.62323],[109.07996,-7.62323],[109.08041,-7.62323],[109.08041,-7.62369],[109.08041,-7.62414],[109.08041,-7.62459],[109.08086,-7.62459],[109.08131,-7.62459],[109.08131,-7.62415],[109.08131,-7.62414],[109.08131,-7.62369],[109.08176,-7.62369],[109.08176,-7.62324],[109.08132,-7.62324],[109.08131,-7.62324],[109.08086,-7.62324],[109.08086,-7.62279],[109.08131,-7.62279],[109.08132,-7.62279],[109.08177,-7.62279],[109.08177,-7.62324],[109.08222,-7.62324],[109.08222,-7.62279],[109.08222,-7.62234],[109.08177,-7.62234],[109.08177,-7.62189],[109.08177,-7.62143],[109.08223,-7.62143],[109.08223,-7.62189],[109.08268,-7.62189],[109.08268,-7.62234],[109.08314,-7.62234],[109.08314,-7.6228],[109.08358,-7.6228],[109.08358,-7.62235],[109.08359,-7.62235],[109.08359,-7.62189],[109.08404,-7.62189],[109.08404,-7.62145],[109.08359,-7.62145],[109.08359,-7.62144],[109.08359,-7.62099],[109.08404,-7.62099],[109.08404,-7.62054],[109.08405,-7.62054],[109.08449,-7.62054],[109.0845,-7.62054],[109.08495,-7.62054],[109.08495,-7.62099],[109.08495,-7.621],[109.0854,-7.621],[109.08585,-7.621],[109.08585,-7.62055],[109.0854,-7.62055],[109.0854,-7.6201],[109.0854,-7.62009],[109.0854,-7.61964],[109.08586,-7.61964],[109.08586,-7.61919],[109.08632,-7.61919],[109.08632,-7.61964],[109.08632,-7.61965],[109.08677,-7.61965],[109.08677,-7.6192],[109.08722,-7.6192],[109.08723,-7.6192],[109.08767,-7.6192],[109.08768,-7.6192],[109.08813,-7.6192],[109.08813,-7.61875],[109.08768,-7.61875],[109.08768,-7.6183],[109.08768,-7.61785],[109.08813,-7.61785],[109.08813,-7.6174],[109.08768,-7.6174],[109.08768,-7.61739],[109.08752,-7.61739],[109.08736,-7.61739],[109.08724,-7.61739],[109.08724,-7.61784],[109.08723,-7.61784],[109.08723,-7.6183],[109.08677,-7.6183],[109.08677,-7.61784],[109.08678,-7.61784],[109.08678,-7.61739],[109.08723,-7.61739],[109.08723,-7.61704],[109.08723,-7.61694],[109.08707,-7.61694],[109.08679,-7.61694],[109.08678,-7.61694],[109.08633,-7.61694],[109.08633,-7.61649],[109.08633,-7.61648],[109.08633,-7.61603],[109.08588,-7.61603],[109.08588,-7.61648],[109.08588,-7.61693],[109.08543,-7.61693],[109.08542,-7.61693],[109.08497,-7.61693],[109.08497,-7.61648],[109.08497,-7.61603],[109.08452,-7.61603],[109.08452,-7.61558],[109.08452,-7.61557],[109.08452,-7.61512],[109.08407,-7.61512],[109.08407,-7.61557],[109.08407,-7.61602],[109.08362,-7.61602],[109.08361,-7.61602],[109.08316,-7.61602],[109.08316,-7.61647],[109.08361,-7.61647],[109.08407,-7.61647],[109.08407,-7.61693],[109.08361,-7.61693],[109.08361,-7.61692],[109.08316,-7.61692],[109.08316,-7.61737],[109.0827,-7.61737],[109.0827,-7.61782],[109.0827,-7.61827],[109.0827,-7.61828],[109.0827,-7.61872],[109.0827,-7.61873],[109.0827,-7.61918],[109.08314,-7.61918],[109.08315,-7.61918],[109.0836,-7.61918],[109.0836,-7.61963],[109.0836,-7.61964],[109.08315,-7.61964],[109.08314,-7.61964],[109.08314,-7.61963],[109.08269,-7.61963],[109.08269,-7.61918],[109.08225,-7.61918],[109.08224,-7.61918],[109.08179,-7.61918],[109.08179,-7.61873],[109.08179,-7.61872],[109.08179,-7.61827],[109.08179,-7.61782],[109.08135,-7.61782],[109.08134,-7.61782],[109.08089,-7.61782]],[[109.08677,-7.6201],[109.08721,-7.6201],[109.08722,-7.6201],[109.08767,-7.6201],[109.08812,-7.6201],[109.08812,-7.61966],[109.08767,-7.61966],[109.08767,-7.61965],[109.08723,-7.61965],[109.08722,-7.61965],[109.08677,-7.61965],[109.08677,-7.6201]],[[109.08407,-7.61467],[109.08407,-7.61422],[109.08407,-7.61421],[109.08408,-7.61421],[109.08408,-7.61385],[109.08408,-7.61384],[109.08408,-7.61376],[109.08368,-7.61376],[109.08367,-7.61376],[109.08363,-7.61376],[109.08363,-7.61366],[109.08363,-7.61331],[109.08318,-7.61331],[109.08318,-7.6134],[109.08318,-7.61376],[109.08318,-7.61421],[109.08272,-7.61421],[109.08272,-7.61466],[109.08316,-7.61466],[109.08317,-7.61466],[109.08362,-7.61466],[109.08362,-7.61511],[109.08362,-7.61512],[109.08407,-7.61512],[109.08407,-7.61467]],[[109.08414,-7.61376],[109.08441,-7.61376],[109.08442,-7.61376],[109.08453,-7.61376],[109.08453,-7.61386],[109.08453,-7.61421],[109.08453,-7.61422],[109.08453,-7.61467],[109.08466,-7.61467],[109.08498,-7.61467],[109.08498,-7.61422],[109.08498,-7.61377],[109.08498,-7.61332],[109.08453,-7.61332],[109.08453,-7.61331],[109.08453,-7.61286],[109.08498,-7.61286],[109.08499,-7.61286],[109.08543,-7.61286],[109.08544,-7.61286],[109.08544,-7.61242],[109.08544,-7.61241],[109.08498,-7.61241],[109.08498,-7.61196],[109.08454,-7.61196],[109.08454,-7.61241],[109.08408,-7.61241],[109.08408,-7.61286],[109.08408,-7.61331],[109.08408,-7.61376],[109.08414,-7.61376]],[[109.08498,-7.61481],[109.08498,-7.61512],[109.08498,-7.61557],[109.08498,-7.61558],[109.08498,-7.61603],[109.08542,-7.61603],[109.08543,-7.61603],[109.08543,-7.61558],[109.08588,-7.61558],[109.08588,-7.61539],[109.08588,-7.61513],[109.08575,-7.61513],[109.08564,-7.61513],[109.08543,-7.61513],[109.08543,-7.61481],[109.08543,-7.61467],[109.08498,-7.61467],[109.08498,-7.61481]],[[109.08588,-7.61467],[109.08633,-7.61467],[109.08633,-7.61423],[109.08633,-7.61422],[109.08633,-7.61377],[109.08679,-7.61377],[109.08679,-7.61333],[109.08679,-7.61332],[109.08635,-7.61332],[109.08634,-7.61332],[109.08589,-7.61332],[109.08589,-7.61377],[109.08589,-7.61422],[109.08543,-7.61422],[109.08543,-7.61467],[109.08588,-7.61467]],[[109.07822,-7.6047],[109.07823,-7.6047],[109.0785,-7.6047],[109.07868,-7.6047],[109.07886,-7.6047],[109.07886,-7.60452],[109.07905,-7.60452],[109.07905,-7.60425],[109.07905,-7.60416],[109.07869,-7.60416],[109.07868,-7.60416],[109.0785,-7.60416],[109.07823,-7.60416],[109.07814,-7.60416],[109.07814,-7.60425],[109.07814,-7.6047],[109.07822,-7.6047]],[[109.07732,-7.6056],[109.07732,-7.60605],[109.07687,-7.60605],[109.07687,-7.6056],[109.07642,-7.6056],[109.07641,-7.6056],[109.07597,-7.6056],[109.07597,-7.60605],[109.07596,-7.60605],[109.07596,-7.60649],[109.07596,-7.6065],[109.07641,-7.6065],[109.07641,-7.60695],[109.07686,-7.60695],[109.07686,-7.6074],[109.07732,-7.6074],[109.07732,-7.60741],[109.07732,-7.60786],[109.07686,-7.60786],[109.07686,-7.60831],[109.07731,-7.60831],[109.07731,-7.60876],[109.07776,-7.60876],[109.07822,-7.60876],[109.07822,-7.60877],[109.07866,-7.60877],[109.07867,-7.60877],[109.07912,-7.60877],[109.07912,-7.60832],[109.07957,-7.60832],[109.07958,-7.60832],[109.07958,-7.60877],[109.08002,-7.60877],[109.08002,-7.60833],[109.08002,-7.60832],[109.08002,-7.60787],[109.07957,-7.60787],[109.07957,-7.60742],[109.07957,-7.60697],[109.07957,-7.60696],[109.07957,-7.60651],[109.08003,-7.60651],[109.08003,-7.60606],[109.08048,-7.60606],[109.08048,-7.60561],[109.08004,-7.60561],[109.08003,-7.60561],[109.07959,-7.60561],[109.07958,-7.60561],[109.07913,-7.60561],[109.07868,-7.60561],[109.07867,-7.60561],[109.07822,-7.60561],[109.07822,-7.60515],[109.07778,-7.60515],[109.07777,-7.60515],[109.07732,-7.60515],[109.07732,-7.6056]],[[109.07912,-7.60922],[109.07957,-7.60922],[109.07957,-7.60877],[109.07912,-7.60877],[109.07912,-7.60922]],[[109.08044,-7.6142],[109.08045,-7.6142],[109.08045,-7.61375],[109.08,-7.61375],[109.07955,-7.61375],[109.07955,-7.61419],[109.08,-7.61419],[109.08,-7.6142],[109.08044,-7.6142]],[[109.07864,-7.61555],[109.07864,-7.616],[109.07864,-7.61645],[109.07908,-7.61645],[109.07908,-7.616],[109.07954,-7.616],[109.07954,-7.61555],[109.07999,-7.61555],[109.07999,-7.6151],[109.07999,-7.61465],[109.07954,-7.61465],[109.07954,-7.6151],[109.07909,-7.6151],[109.07909,-7.61555],[109.07864,-7.61555]],[[109.07998,-7.61871],[109.07998,-7.61827],[109.07998,-7.61826],[109.07998,-7.61781],[109.07954,-7.61781],[109.07953,-7.61781],[109.07953,-7.61826],[109.07953,-7.61871],[109.07998,-7.61871]],[[109.07951,-7.62187],[109.07951,-7.62142],[109.07996,-7.62142],[109.07996,-7.62098],[109.07951,-7.62098],[109.07951,-7.62097],[109.07906,-7.62097],[109.07906,-7.62142],[109.07906,-7.62187],[109.07951,-7.62187]],[[109.07727,-7.61509],[109.07728,-7.61509],[109.07773,-7.61509],[109.07773,-7.61464],[109.07728,-7.61464],[109.07728,-7.61419],[109.07683,-7.61419],[109.07683,-7.61463],[109.07683,-7.61464],[109.07683,-7.61508],[109.07683,-7.61509],[109.07727,-7.61509]],[[109.07641,-7.60741],[109.07641,-7.60785],[109.07686,-7.60785],[109.07686,-7.60741],[109.07641,-7.60741]],[[109.07613,-7.60867],[109.07613,-7.60876],[109.07613,-7.60885],[109.07595,-7.60885],[109.07595,-7.60921],[109.07622,-7.60921],[109.07623,-7.60921],[109.0763,-7.60921],[109.0763,-7.60924],[109.0763,-7.60925],[109.0763,-7.60949],[109.0763,-7.60957],[109.07639,-7.60957],[109.0764,-7.60957],[109.07647,-7.60957],[109.07667,-7.60957],[109.07667,-7.60939],[109.07685,-7.60939],[109.07703,-7.60939],[109.07703,-7.60933],[109.07703,-7.60922],[109.07703,-7.60921],[109.07703,-7.60903],[109.07721,-7.60903],[109.07721,-7.60876],[109.07721,-7.60867],[109.07703,-7.60867],[109.07703,-7.60849],[109.07686,-7.60849],[109.07685,-7.60849],[109.0764,-7.60849],[109.07631,-7.60849],[109.07631,-7.60867],[109.07613,-7.60867]],[[109.07596,-7.6074],[109.0764,-7.6074],[109.0764,-7.60695],[109.07596,-7.60695],[109.07596,-7.6074]],[[109.07774,-7.61464],[109.07819,-7.61464],[109.07819,-7.61419],[109.07774,-7.61419],[109.07774,-7.61464]],[[109.07819,-7.61509],[109.07863,-7.61509],[109.07864,-7.61509],[109.07909,-7.61509],[109.07909,-7.61465],[109.07909,-7.61464],[109.07909,-7.6142],[109.07909,-7.61419],[109.07909,-7.61374],[109.07864,-7.61374],[109.07864,-7.61419],[109.07864,-7.61464],[109.07819,-7.61464],[109.07819,-7.61509]],[[109.07731,-7.60922],[109.07731,-7.60939],[109.07731,-7.6094],[109.07731,-7.60967],[109.0773,-7.60967],[109.0773,-7.61012],[109.07766,-7.61012],[109.07775,-7.61012],[109.07775,-7.60967],[109.07775,-7.60922],[109.07731,-7.60922]],[[109.07862,-7.61826],[109.07862,-7.61871],[109.07862,-7.61916],[109.07862,-7.61961],[109.07861,-7.61961],[109.07861,-7.62006],[109.07906,-7.62006],[109.07906,-7.61962],[109.07906,-7.61961],[109.07906,-7.61916],[109.07907,-7.61916],[109.07907,-7.61871],[109.07907,-7.61826],[109.07862,-7.61826]],[[109.08003,-7.60742],[109.08003,-7.60787],[109.08047,-7.60787],[109.08047,-7.60742],[109.08003,-7.60742]],[[109.08047,-7.60878],[109.08003,-7.60878],[109.08003,-7.60922],[109.08003,-7.60923],[109.08047,-7.60923],[109.08047,-7.60878]],[[109.08091,-7.61239],[109.08091,-7.61201],[109.08091,-7.612],[109.08091,-7.61199],[109.08091,-7.61194],[109.08053,-7.61194],[109.08047,-7.61194],[109.08046,-7.61194],[109.08046,-7.61202],[109.08046,-7.61239],[109.08079,-7.61239],[109.08091,-7.61239]],[[109.08045,-7.61646],[109.08045,-7.61691],[109.08089,-7.61691],[109.08089,-7.61646],[109.08045,-7.61646]],[[109.08089,-7.61736],[109.08044,-7.61736],[109.08044,-7.61781],[109.08089,-7.61781],[109.08089,-7.61737],[109.08089,-7.61736]],[[109.08044,-7.61691],[109.07999,-7.61691],[109.07999,-7.61736],[109.08044,-7.61736],[109.08044,-7.61691]],[[109.08042,-7.61962],[109.07998,-7.61962],[109.07998,-7.62007],[109.08042,-7.62007],[109.08042,-7.61962]],[[109.08135,-7.61646],[109.08135,-7.61691],[109.08179,-7.61691],[109.08179,-7.61646],[109.08135,-7.61646]],[[109.08449,-7.6219],[109.08405,-7.6219],[109.08405,-7.62235],[109.08449,-7.62235],[109.08449,-7.6219]],[[109.08312,-7.6237],[109.08312,-7.62325],[109.08268,-7.62325],[109.08268,-7.6237],[109.08312,-7.6237]],[[109.08363,-7.6106],[109.08363,-7.61015],[109.08319,-7.61015],[109.08319,-7.6106],[109.08318,-7.6106],[109.08318,-7.61105],[109.08318,-7.6115],[109.08363,-7.6115],[109.08363,-7.61195],[109.08408,-7.61195],[109.08408,-7.61151],[109.08408,-7.6115],[109.08408,-7.61105],[109.08448,-7.61105],[109.08454,-7.61105],[109.08499,-7.61105],[109.08499,-7.6106],[109.08454,-7.6106],[109.08454,-7.61015],[109.08421,-7.61015],[109.08409,-7.61015],[109.08409,-7.6106],[109.08363,-7.6106]],[[109.08409,-7.60991],[109.08409,-7.6097],[109.084,-7.6097],[109.08399,-7.6097],[109.08364,-7.6097],[109.08364,-7.61015],[109.08409,-7.61015],[109.08409,-7.60991]],[[109.08274,-7.60969],[109.08274,-7.61014],[109.08318,-7.61014],[109.08318,-7.60969],[109.08274,-7.60969]],[[109.08631,-7.62145],[109.08631,-7.62146],[109.08631,-7.62191],[109.08675,-7.62191],[109.08675,-7.62146],[109.08721,-7.62146],[109.08766,-7.62146],[109.08766,-7.62101],[109.08721,-7.62101],[109.08721,-7.62056],[109.08676,-7.62056],[109.08676,-7.621],[109.08676,-7.62101],[109.08631,-7.62101],[109.08631,-7.62145]],[[109.08766,-7.62236],[109.08766,-7.62191],[109.08721,-7.62191],[109.08721,-7.62236],[109.08721,-7.62281],[109.08766,-7.62281],[109.08766,-7.62237],[109.08766,-7.62236]],[[109.0872,-7.62462],[109.08765,-7.62462],[109.08765,-7.62417],[109.0872,-7.62417],[109.0872,-7.62462]],[[109.0881,-7.62417],[109.0881,-7.62372],[109.08766,-7.62372],[109.08765,-7.62372],[109.08765,-7.62417],[109.0881,-7.62417]],[[109.0881,-7.62598],[109.0881,-7.62553],[109.08765,-7.62553],[109.0872,-7.62553],[109.0872,-7.62597],[109.0872,-7.62598],[109.08764,-7.62598],[109.08765,-7.62598],[109.0881,-7.62598]],[[109.08855,-7.62553],[109.08855,-7.62508],[109.0881,-7.62508],[109.0881,-7.62553],[109.08855,-7.62553]],[[109.08519,-7.62687],[109.08524,-7.62687],[109.08525,-7.62687],[109.08537,-7.62687],[109.08537,-7.62642],[109.08515,-7.62642],[109.08513,-7.62642],[109.08493,-7.62642],[109.08493,-7.62687],[109.08519,-7.62687]],[[109.08643,-7.62721],[109.08637,-7.62725],[109.08647,-7.62733],[109.08673,-7.62755],[109.08673,-7.62755],[109.0868,-7.62761],[109.08715,-7.62778],[109.08716,-7.62778],[109.08718,-7.62779],[109.08717,-7.62778],[109.08717,-7.62778],[109.08714,-7.62774],[109.08682,-7.62756],[109.08681,-7.62756],[109.08681,-7.62755],[109.08674,-7.62749],[109.08674,-7.62749],[109.08656,-7.62733],[109.08643,-7.62721]],[[109.0863,-7.62236],[109.0863,-7.62281],[109.08675,-7.62281],[109.08675,-7.62236],[109.0863,-7.62236]],[[109.08635,-7.61242],[109.0868,-7.61242],[109.0868,-7.61199],[109.0868,-7.61197],[109.08725,-7.61197],[109.08725,-7.61152],[109.08681,-7.61152],[109.0868,-7.61152],[109.08635,-7.61152],[109.08635,-7.61151],[109.0859,-7.61151],[109.0859,-7.61162],[109.0859,-7.61196],[109.08635,-7.61196],[109.08635,-7.61241],[109.08635,-7.61242]],[[109.085,-7.61106],[109.085,-7.61144],[109.085,-7.61151],[109.08544,-7.61151],[109.08544,-7.6115],[109.08544,-7.61106],[109.085,-7.61106]],[[109.08678,-7.61513],[109.08679,-7.61513],[109.08723,-7.61513],[109.08724,-7.61513],[109.08724,-7.61511],[109.08724,-7.61468],[109.08679,-7.61468],[109.08678,-7.61468],[109.08633,-7.61468],[109.08633,-7.61485],[109.08633,-7.61513],[109.08678,-7.61513]],[[109.08811,-7.62191],[109.08811,-7.62146],[109.08767,-7.62146],[109.08767,-7.62191],[109.08811,-7.62191]],[[109.08815,-7.61378],[109.08815,-7.61353],[109.08815,-7.61333],[109.08798,-7.61333],[109.08771,-7.61333],[109.0877,-7.61333],[109.0877,-7.61378],[109.08815,-7.61378]],[[109.0845,-7.59931],[109.0845,-7.59895],[109.08414,-7.59895],[109.08414,-7.5993],[109.08414,-7.59931],[109.08378,-7.59931],[109.08378,-7.59948],[109.08378,-7.59949],[109.08369,-7.59949],[109.0836,-7.59949],[109.0836,-7.59975],[109.0836,-7.59984],[109.08368,-7.59984],[109.08369,-7.59984],[109.08396,-7.59984],[109.08396,-7.59976],[109.08396,-7.59975],[109.08396,-7.59966],[109.08414,-7.59966],[109.08415,-7.59966],[109.08432,-7.59966],[109.08459,-7.59966],[109.0846,-7.59966],[109.08468,-7.59966],[109.08468,-7.59949],[109.08487,-7.59949],[109.08487,-7.59931],[109.08487,-7.59913],[109.0846,-7.59913],[109.08459,-7.59913],[109.08451,-7.59913],[109.08451,-7.59931],[109.0845,-7.59931]],[[109.08501,-7.60608],[109.08501,-7.60564],[109.08501,-7.60563],[109.08501,-7.60518],[109.08457,-7.60518],[109.08457,-7.60563],[109.08456,-7.60563],[109.08456,-7.60608],[109.08501,-7.60608]],[[109.08411,-7.60608],[109.08411,-7.60653],[109.08456,-7.60653],[109.08456,-7.60608],[109.08411,-7.60608]],[[109.08278,-7.60111],[109.08278,-7.60156],[109.08322,-7.60156],[109.08322,-7.60111],[109.08278,-7.60111]],[[109.08277,-7.60246],[109.08321,-7.60246],[109.08322,-7.60246],[109.08322,-7.60201],[109.08277,-7.60201],[109.08232,-7.60201],[109.08232,-7.60246],[109.08276,-7.60246],[109.08277,-7.60246]],[[109.08368,-7.60205],[109.08368,-7.60246],[109.08412,-7.60246],[109.08412,-7.60202],[109.0837,-7.60202],[109.08368,-7.60202],[109.08368,-7.60205]],[[109.0855,-7.60112],[109.0855,-7.60157],[109.08594,-7.60157],[109.08594,-7.60112],[109.0855,-7.60112]],[[109.08549,-7.60248],[109.08549,-7.60292],[109.08594,-7.60292],[109.08594,-7.60248],[109.08549,-7.60248]],[[109.08684,-7.60384],[109.08684,-7.60428],[109.08684,-7.60429],[109.08729,-7.60429],[109.08729,-7.60384],[109.08684,-7.60384]],[[109.09035,-7.62734],[109.09035,-7.6269],[109.08991,-7.6269],[109.08991,-7.62734],[109.09035,-7.62734]],[[109.09672,-7.62376],[109.09672,-7.62421],[109.09671,-7.62421],[109.09671,-7.62466],[109.09681,-7.62466],[109.09683,-7.62466],[109.09716,-7.62466],[109.09716,-7.62451],[109.09716,-7.62422],[109.09716,-7.62421],[109.09716,-7.62376],[109.09716,-7.62345],[109.09716,-7.62342],[109.09716,-7.62331],[109.09717,-7.62331],[109.09717,-7.62321],[109.09717,-7.62317],[109.09717,-7.62286],[109.09672,-7.62286],[109.09672,-7.62331],[109.09672,-7.62345],[109.09672,-7.62376]],[[109.09175,-7.62057],[109.09175,-7.62058],[109.09174,-7.62058],[109.09174,-7.62102],[109.09174,-7.62103],[109.09174,-7.62148],[109.09219,-7.62148],[109.09219,-7.62103],[109.09265,-7.62103],[109.09265,-7.62148],[109.09309,-7.62148],[109.0931,-7.62148],[109.09355,-7.62148],[109.09355,-7.62149],[109.094,-7.62149],[109.094,-7.62104],[109.09355,-7.62104],[109.09355,-7.62058],[109.09401,-7.62058],[109.09401,-7.62104],[109.09446,-7.62104],[109.09446,-7.62059],[109.09446,-7.62014],[109.09401,-7.62014],[109.09401,-7.62013],[109.09356,-7.62013],[109.09311,-7.62013],[109.09311,-7.62058],[109.09265,-7.62058],[109.09219,-7.62058],[109.09219,-7.62013],[109.09175,-7.62013],[109.09175,-7.62057]],[[109.09174,-7.62238],[109.09174,-7.62283],[109.09219,-7.62283],[109.09219,-7.62329],[109.09264,-7.62329],[109.09309,-7.62329],[109.09354,-7.62329],[109.09354,-7.62284],[109.09354,-7.62239],[109.09309,-7.62239],[109.09309,-7.62194],[109.09264,-7.62194],[109.09264,-7.62239],[109.09219,-7.62239],[109.09219,-7.62238],[109.09174,-7.62238]],[[109.09039,-7.62193],[109.09039,-7.62238],[109.09083,-7.62238],[109.09083,-7.62193],[109.09039,-7.62193]],[[109.08949,-7.61876],[109.08949,-7.61921],[109.08993,-7.61921],[109.08993,-7.61876],[109.08949,-7.61876]],[[109.09492,-7.62013],[109.09492,-7.62014],[109.09537,-7.62014],[109.09537,-7.61969],[109.09537,-7.61924],[109.09537,-7.61923],[109.09537,-7.61878],[109.09493,-7.61878],[109.09493,-7.61923],[109.09493,-7.61968],[109.09493,-7.61969],[109.09492,-7.61969],[109.09492,-7.62013]],[[109.09401,-7.61968],[109.09401,-7.61923],[109.09357,-7.61923],[109.09357,-7.61968],[109.09401,-7.61968]],[[109.09402,-7.61923],[109.09447,-7.61923],[109.09447,-7.61878],[109.09447,-7.61833],[109.09403,-7.61833],[109.09402,-7.61833],[109.09357,-7.61833],[109.09357,-7.61877],[109.09402,-7.61877],[109.09402,-7.61878],[109.09402,-7.61923]],[[109.09271,-7.60703],[109.09271,-7.60747],[109.09316,-7.60747],[109.09316,-7.60703],[109.09271,-7.60703]],[[109.0927,-7.60973],[109.0927,-7.60929],[109.0927,-7.60928],[109.09226,-7.60928],[109.09225,-7.60928],[109.09225,-7.60973],[109.0927,-7.60973]],[[109.09497,-7.60839],[109.09497,-7.60794],[109.09452,-7.60794],[109.09452,-7.60838],[109.09452,-7.60839],[109.09496,-7.60839],[109.09497,-7.60839]],[[109.09496,-7.60974],[109.09451,-7.60974],[109.09451,-7.61019],[109.09496,-7.61019],[109.09496,-7.60975],[109.09496,-7.60974]],[[109.09405,-7.60884],[109.0937,-7.60884],[109.0937,-7.60874],[109.09388,-7.60874],[109.09388,-7.60839],[109.0937,-7.60839],[109.0937,-7.60838],[109.09361,-7.60838],[109.09334,-7.60838],[109.09334,-7.60883],[109.09334,-7.60884],[109.09334,-7.60893],[109.09333,-7.60893],[109.09333,-7.60928],[109.0936,-7.60928],[109.09361,-7.60928],[109.09361,-7.60929],[109.09405,-7.60929],[109.09405,-7.60884]]],[[[109.07053,-7.60467],[109.07098,-7.60467],[109.07098,-7.60512],[109.07053,-7.60512],[109.07053,-7.60467]]],[[[109.07236,-7.60241],[109.07236,-7.60287],[109.0719,-7.60287],[109.07145,-7.60287],[109.07145,-7.60331],[109.07099,-7.60331],[109.07099,-7.60286],[109.07144,-7.60286],[109.07144,-7.60241],[109.07099,-7.60241],[109.07099,-7.60196],[109.07099,-7.60151],[109.07099,-7.6015],[109.07145,-7.6015],[109.07145,-7.60151],[109.07145,-7.60196],[109.0719,-7.60196],[109.0719,-7.60241],[109.07236,-7.60241]]],[[[109.07318,-7.68646],[109.07288,-7.68646],[109.07288,-7.68601],[109.07288,-7.68557],[109.07288,-7.68556],[109.07298,-7.68556],[109.07334,-7.68556],[109.07334,-7.68601],[109.07334,-7.68646],[109.07328,-7.68646],[109.07318,-7.68646]]],[[[109.07426,-7.68375],[109.07426,-7.68376],[109.07426,-7.68421],[109.07425,-7.68421],[109.07425,-7.68466],[109.0747,-7.68466],[109.07515,-7.68466],[109.07516,-7.68466],[109.07561,-7.68466],[109.07561,-7.68467],[109.07561,-7.68512],[109.07516,-7.68512],[109.07515,-7.68512],[109.0747,-7.68512],[109.07424,-7.68512],[109.07424,-7.68511],[109.07424,-7.68466],[109.0738,-7.68466],[109.07379,-7.68466],[109.07334,-7.68466],[109.07334,-7.68421],[109.07334,-7.6842],[109.0738,-7.6842],[109.0738,-7.68376],[109.0738,-7.68375],[109.07426,-7.68375]]],[[[109.07335,-7.68285],[109.07381,-7.68285],[109.07381,-7.6833],[109.07335,-7.6833],[109.07335,-7.68285]]],[[[109.07392,-7.65664],[109.07392,-7.6571],[109.07364,-7.6571],[109.07346,-7.6571],[109.07346,-7.65689],[109.07346,-7.65664],[109.07392,-7.65664]]],[[[109.07256,-7.65664],[109.07256,-7.65652],[109.07256,-7.65619],[109.07302,-7.65619],[109.07302,-7.65664],[109.07295,-7.65664],[109.07294,-7.65664],[109.07256,-7.65664]]],[[[109.07266,-7.63476],[109.07266,-7.63495],[109.0722,-7.63495],[109.0722,-7.6345],[109.07223,-7.6345],[109.07255,-7.6345],[109.07266,-7.6345],[109.07266,-7.63454],[109.07266,-7.63475],[109.07266,-7.63476]]],[[[109.07357,-7.63405],[109.07311,-7.63405],[109.07311,-7.6336],[109.07357,-7.6336],[109.07403,-7.6336],[109.07403,-7.63405],[109.07357,-7.63405]]],[[[109.07313,-7.63179],[109.07358,-7.63179],[109.07358,-7.63224],[109.07313,-7.63224],[109.07312,-7.63224],[109.07267,-7.63224],[109.07267,-7.63179],[109.07222,-7.63179],[109.07222,-7.63134],[109.07222,-7.63133],[109.07222,-7.63088],[109.07268,-7.63088],[109.07268,-7.63133],[109.07268,-7.63134],[109.07268,-7.63179],[109.07312,-7.63179],[109.07313,-7.63179]]],[[[109.07317,-7.6232],[109.07362,-7.6232],[109.07362,-7.62366],[109.07317,-7.62366],[109.07317,-7.6232]]],[[[109.07317,-7.6223],[109.07362,-7.6223],[109.07362,-7.62275],[109.07317,-7.62275],[109.07317,-7.6223]]],[[[109.07272,-7.62004],[109.07227,-7.62004],[109.07227,-7.61959],[109.07227,-7.61958],[109.07227,-7.61914],[109.07227,-7.61913],[109.07227,-7.61868],[109.07228,-7.61868],[109.07228,-7.61823],[109.07274,-7.61823],[109.07274,-7.61868],[109.07273,-7.61868],[109.07273,-7.61913],[109.07318,-7.61913],[109.07318,-7.61914],[109.07363,-7.61914],[109.07364,-7.61914],[109.07409,-7.61914],[109.07454,-7.61914],[109.07455,-7.61914],[109.07486,-7.61914],[109.075,-7.61914],[109.075,-7.61945],[109.075,-7.6196],[109.07455,-7.6196],[109.07454,-7.6196],[109.07409,-7.6196],[109.07409,-7.61959],[109.07364,-7.61959],[109.07364,-7.62004],[109.07408,-7.62004],[109.07409,-7.62004],[109.07454,-7.62004],[109.07454,-7.62005],[109.07454,-7.6205],[109.07499,-7.6205],[109.07499,-7.62095],[109.07453,-7.62095],[109.07453,-7.6205],[109.07409,-7.6205],[109.07408,-7.6205],[109.07363,-7.6205],[109.07317,-7.6205],[109.07317,-7.62049],[109.07317,-7.62004],[109.07273,-7.62004],[109.07272,-7.62004]]],[[[109.07321,-7.61146],[109.07367,-7.61146],[109.07367,-7.61191],[109.07321,-7.61191],[109.07321,-7.61146]]],[[[109.07359,-7.60242],[109.07344,-7.60242],[109.07344,-7.60199],[109.07344,-7.60198],[109.07344,-7.60197],[109.07343,-7.60197],[109.07326,-7.60197],[109.07326,-7.60179],[109.07326,-7.60152],[109.07326,-7.60151],[109.07372,-7.60151],[109.07372,-7.60152],[109.07372,-7.60197],[109.07372,-7.60242],[109.07359,-7.60242]]],[[[109.07309,-7.59383],[109.0729,-7.59338],[109.07329,-7.59338],[109.0733,-7.59338],[109.07375,-7.59338],[109.07375,-7.59384],[109.0733,-7.59384],[109.07329,-7.59384],[109.07329,-7.59383],[109.07309,-7.59383]]],[[[109.07513,-7.69099],[109.07513,-7.69054],[109.07558,-7.69054],[109.07559,-7.69054],[109.07559,-7.69099],[109.07558,-7.69099],[109.07513,-7.69099]]],[[[109.07516,-7.68422],[109.07516,-7.68421],[109.0747,-7.68421],[109.0747,-7.68376],[109.07516,-7.68376],[109.07546,-7.68376],[109.07559,-7.68376],[109.07561,-7.68376],[109.07561,-7.68331],[109.07561,-7.68286],[109.07562,-7.68286],[109.07606,-7.68286],[109.07607,-7.68286],[109.07652,-7.68286],[109.07652,-7.68332],[109.07607,-7.68332],[109.07607,-7.68376],[109.07607,-7.68377],[109.07606,-7.68377],[109.07562,-7.68377],[109.07562,-7.68379],[109.07562,-7.68416],[109.07562,-7.68421],[109.07562,-7.68422],[109.07561,-7.68422],[109.07516,-7.68422]]],[[[109.07473,-7.67789],[109.07473,-7.67788],[109.07519,-7.67788],[109.07519,-7.67789],[109.07519,-7.67834],[109.07473,-7.67834],[109.07473,-7.67789]]],[[[109.07567,-7.67111],[109.07567,-7.67066],[109.07613,-7.67066],[109.07613,-7.67111],[109.07657,-7.67111],[109.07657,-7.67066],[109.07699,-7.67066],[109.07703,-7.67066],[109.07703,-7.67074],[109.07703,-7.67112],[109.07703,-7.67157],[109.07658,-7.67157],[109.07657,-7.67157],[109.07612,-7.67157],[109.07566,-7.67157],[109.07566,-7.67156],[109.07522,-7.67156],[109.07521,-7.67156],[109.07476,-7.67156],[109.07476,-7.67111],[109.07521,-7.67111],[109.07522,-7.67111],[109.07566,-7.67111],[109.07567,-7.67111]]],[[[109.07486,-7.64897],[109.07531,-7.64897],[109.07531,-7.64852],[109.07577,-7.64852],[109.07577,-7.64843],[109.07595,-7.64843],[109.07595,-7.64829],[109.07595,-7.64828],[109.07595,-7.64825],[109.07613,-7.64825],[109.07613,-7.64807],[109.07613,-7.64789],[109.07613,-7.64762],[109.07613,-7.64761],[109.07613,-7.64753],[109.07578,-7.64753],[109.07577,-7.64753],[109.07577,-7.64716],[109.07578,-7.64716],[109.07622,-7.64716],[109.07622,-7.64671],[109.07623,-7.64671],[109.07668,-7.64671],[109.07668,-7.64717],[109.07623,-7.64717],[109.07623,-7.64761],[109.07623,-7.64762],[109.07623,-7.64807],[109.07623,-7.64841],[109.07623,-7.64842],[109.07623,-7.64852],[109.07623,-7.64897],[109.07667,-7.64897],[109.07668,-7.64897],[109.07698,-7.64897],[109.07706,-7.64897],[109.0771,-7.64897],[109.07713,-7.64897],[109.07713,-7.64898],[109.07713,-7.64903],[109.07713,-7.64912],[109.07713,-7.64927],[109.07713,-7.64943],[109.0772,-7.64943],[109.07726,-7.64943],[109.07731,-7.64943],[109.07758,-7.64943],[109.07758,-7.64988],[109.07751,-7.64988],[109.07746,-7.64988],[109.07742,-7.64988],[109.07712,-7.64988],[109.07712,-7.64943],[109.07668,-7.64943],[109.07667,-7.64943],[109.07622,-7.64943],[109.07622,-7.64897],[109.07577,-7.64897],[109.07532,-7.64897],[109.07532,-7.64942],[109.07486,-7.64942],[109.07486,-7.64897]]],[[[109.07493,-7.63406],[109.07539,-7.63406],[109.07539,-7.63451],[109.07493,-7.63451],[109.07493,-7.63406]]],[[[109.07357,-7.63315],[109.07357,-7.63269],[109.07403,-7.63269],[109.07403,-7.63315],[109.07357,-7.63315]]],[[[109.07494,-7.63089],[109.07539,-7.63089],[109.07583,-7.63089],[109.07584,-7.63089],[109.07584,-7.63066],[109.07584,-7.63045],[109.07584,-7.63044],[109.07585,-7.63044],[109.07585,-7.62999],[109.0763,-7.62999],[109.0763,-7.62954],[109.07585,-7.62954],[109.07585,-7.62909],[109.07631,-7.62909],[109.07631,-7.62954],[109.07676,-7.62954],[109.07676,-7.62909],[109.07722,-7.62909],[109.07722,-7.6291],[109.07767,-7.6291],[109.07771,-7.6291],[109.07812,-7.6291],[109.07812,-7.62865],[109.07788,-7.62865],[109.07787,-7.62865],[109.07767,-7.62865],[109.07767,-7.62819],[109.07722,-7.62819],[109.07722,-7.6278],[109.07722,-7.62778],[109.07722,-7.62774],[109.07677,-7.62774],[109.07677,-7.62729],[109.07677,-7.62683],[109.07722,-7.62683],[109.07723,-7.62683],[109.07723,-7.62729],[109.0773,-7.62729],[109.07767,-7.62729],[109.07767,-7.62684],[109.07768,-7.62684],[109.07813,-7.62684],[109.07813,-7.62639],[109.07858,-7.62639],[109.07859,-7.62639],[109.07904,-7.62639],[109.07904,-7.62684],[109.07904,-7.62685],[109.07904,-7.6273],[109.07948,-7.6273],[109.07949,-7.6273],[109.07994,-7.6273],[109.08039,-7.6273],[109.0804,-7.6273],[109.08085,-7.6273],[109.08085,-7.62775],[109.08085,-7.62776],[109.08085,-7.62821],[109.08129,-7.62821],[109.0813,-7.62821],[109.08175,-7.62821],[109.08175,-7.62866],[109.0813,-7.62866],[109.08129,-7.62866],[109.08129,-7.62899],[109.08129,-7.62908],[109.08129,-7.62911],[109.08084,-7.62911],[109.08083,-7.62911],[109.08039,-7.62911],[109.08038,-7.62911],[109.08038,-7.62956],[109.07993,-7.62956],[109.07992,-7.62956],[109.07992,-7.62926],[109.07992,-7.62916],[109.07992,-7.62911],[109.07948,-7.62911],[109.07948,-7.62926],[109.07948,-7.62935],[109.07948,-7.62956],[109.07903,-7.62956],[109.07902,-7.62956],[109.07902,-7.62941],[109.07902,-7.62939],[109.07902,-7.62911],[109.07902,-7.6291],[109.07858,-7.6291],[109.07858,-7.62955],[109.07857,-7.62955],[109.07813,-7.62955],[109.07812,-7.62955],[109.07812,-7.63],[109.07812,-7.63028],[109.07812,-7.63045],[109.07819,-7.63045],[109.07857,-7.63045],[109.07857,-7.63046],[109.07857,-7.63091],[109.07902,-7.63091],[109.07902,-7.63136],[109.07947,-7.63136],[109.07947,-7.63182],[109.07901,-7.63182],[109.07901,-7.63136],[109.07857,-7.63136],[109.07856,-7.63136],[109.07812,-7.63136],[109.07811,-7.63136],[109.07805,-7.63136],[109.07799,-7.63136],[109.07766,-7.63136],[109.07764,-7.63136],[109.07762,-7.63136],[109.07739,-7.63136],[109.07738,-7.63136],[109.07721,-7.63136],[109.07721,-7.63181],[109.07675,-7.63181],[109.07629,-7.63181],[109.07629,-7.6318],[109.07585,-7.6318],[109.07584,-7.6318],[109.07584,-7.63225],[109.07539,-7.63225],[109.07539,-7.63198],[109.07539,-7.63181],[109.07539,-7.6318],[109.07539,-7.63135],[109.07494,-7.63135],[109.07494,-7.63089]],[[109.07813,-7.62729],[109.07768,-7.62729],[109.07768,-7.62774],[109.07768,-7.62792],[109.07768,-7.62819],[109.07793,-7.62819],[109.07794,-7.62819],[109.07812,-7.62819],[109.07812,-7.62774],[109.07813,-7.62774],[109.07857,-7.62774],[109.07857,-7.62729],[109.07858,-7.62729],[109.07858,-7.62685],[109.07858,-7.62684],[109.07813,-7.62684],[109.07813,-7.62729]],[[109.07993,-7.62866],[109.08038,-7.62866],[109.08038,-7.62821],[109.07993,-7.62821],[109.07993,-7.6282],[109.07949,-7.6282],[109.07948,-7.6282],[109.07948,-7.62865],[109.07993,-7.62865],[109.07993,-7.62866]],[[109.07631,-7.63],[109.07631,-7.63045],[109.07675,-7.63045],[109.07675,-7.63],[109.07631,-7.63]],[[109.07676,-7.6309],[109.07676,-7.63135],[109.0772,-7.63135],[109.0772,-7.63091],[109.0772,-7.6309],[109.07676,-7.6309]],[[109.07811,-7.63046],[109.0781,-7.63046],[109.07766,-7.63046],[109.07766,-7.6309],[109.07804,-7.6309],[109.07811,-7.6309],[109.07811,-7.63046]],[[109.07759,-7.63104],[109.07755,-7.63119],[109.0776,-7.6312],[109.07759,-7.63104]],[[109.07753,-7.63079],[109.07753,-7.63079],[109.07752,-7.63084],[109.07753,-7.63079]]],[[[109.07403,-7.63089],[109.07403,-7.63044],[109.07404,-7.63044],[109.07449,-7.63044],[109.07449,-7.63089],[109.07404,-7.63089],[109.07403,-7.63089]]],[[[109.07449,-7.62999],[109.07449,-7.62954],[109.07495,-7.62954],[109.07495,-7.62999],[109.07449,-7.62999]]],[[[109.07358,-7.62998],[109.07358,-7.62953],[109.07358,-7.62908],[109.07359,-7.62908],[109.07404,-7.62908],[109.07404,-7.62953],[109.07404,-7.62998],[109.07404,-7.62999],[109.07359,-7.62999],[109.07358,-7.62999],[109.07358,-7.62998]]],[[[109.07359,-7.62772],[109.07405,-7.62772],[109.07405,-7.62818],[109.07359,-7.62818],[109.07359,-7.62772]]],[[[109.07405,-7.62682],[109.07451,-7.62682],[109.07451,-7.62728],[109.07405,-7.62728],[109.07405,-7.62682]]],[[[109.07407,-7.62321],[109.07452,-7.62321],[109.07452,-7.62366],[109.07407,-7.62366],[109.07407,-7.62321]]],[[[109.07545,-7.61824],[109.07546,-7.61824],[109.07546,-7.61869],[109.07546,-7.6187],[109.07545,-7.6187],[109.075,-7.6187],[109.075,-7.61869],[109.075,-7.61824],[109.07545,-7.61824]]],[[[109.07501,-7.61688],[109.07501,-7.61689],[109.07545,-7.61689],[109.07546,-7.61689],[109.07591,-7.61689],[109.07591,-7.61734],[109.07546,-7.61734],[109.07546,-7.61779],[109.07545,-7.61779],[109.075,-7.61779],[109.075,-7.61734],[109.07455,-7.61734],[109.07455,-7.61688],[109.075,-7.61688],[109.07501,-7.61688]]],[[[109.07508,-7.59836],[109.07554,-7.59836],[109.07554,-7.59881],[109.07541,-7.59881],[109.07508,-7.59846],[109.07508,-7.59836]]],[[[109.07463,-7.59745],[109.07464,-7.59745],[109.07464,-7.59748],[109.07463,-7.59745]]],[[[109.07649,-7.68964],[109.07649,-7.69009],[109.07649,-7.69054],[109.07649,-7.69055],[109.07603,-7.69055],[109.07603,-7.69054],[109.07603,-7.69009],[109.07603,-7.68964],[109.07649,-7.68964]]],[[[109.07608,-7.6788],[109.07608,-7.67879],[109.07654,-7.67879],[109.07654,-7.6788],[109.07654,-7.67925],[109.07608,-7.67925],[109.07608,-7.6788]]],[[[109.07566,-7.67202],[109.07566,-7.67201],[109.07612,-7.67201],[109.07612,-7.67202],[109.07612,-7.67247],[109.07566,-7.67247],[109.07566,-7.67202]]],[[[109.07587,-7.66651],[109.07578,-7.66651],[109.07569,-7.6665],[109.07587,-7.6665],[109.07587,-7.66651]]],[[[109.07679,-7.66235],[109.0768,-7.66235],[109.07681,-7.66235],[109.07697,-7.66235],[109.07698,-7.66235],[109.07698,-7.66253],[109.07697,-7.66253],[109.07689,-7.66253],[109.07688,-7.66253],[109.07679,-7.66253],[109.07679,-7.66235]]],[[[109.07559,-7.64789],[109.07541,-7.64789],[109.07541,-7.64771],[109.07532,-7.64771],[109.07532,-7.6477],[109.07541,-7.6477],[109.07541,-7.64761],[109.07577,-7.64761],[109.07577,-7.64771],[109.07559,-7.64771],[109.07559,-7.64789]]],[[[109.0769,-7.63859],[109.07672,-7.63859],[109.07672,-7.63858],[109.07672,-7.63813],[109.07691,-7.63813],[109.0769,-7.63859]]],[[[109.07634,-7.63587],[109.07634,-7.63632],[109.07628,-7.63632],[109.07628,-7.63587],[109.07634,-7.63587]]],[[[109.0772,-7.63316],[109.07674,-7.63316],[109.07674,-7.63271],[109.07629,-7.63271],[109.07629,-7.63226],[109.07629,-7.63225],[109.07675,-7.63225],[109.07675,-7.63226],[109.07675,-7.63271],[109.0772,-7.63271],[109.0772,-7.63316]]],[[[109.07586,-7.62773],[109.07632,-7.62773],[109.07632,-7.62819],[109.07586,-7.62819],[109.07586,-7.62773]]],[[[109.07723,-7.62639],[109.07677,-7.62639],[109.07677,-7.62638],[109.07632,-7.62638],[109.07632,-7.62593],[109.07677,-7.62593],[109.07678,-7.62593],[109.07723,-7.62593],[109.07723,-7.62638],[109.07723,-7.62639]]],[[[109.0759,-7.6196],[109.07635,-7.6196],[109.07636,-7.6196],[109.07636,-7.62005],[109.07636,-7.62006],[109.07635,-7.62006],[109.07635,-7.62051],[109.07589,-7.62051],[109.07589,-7.62005],[109.0759,-7.62005],[109.0759,-7.6196]]],[[[109.0759,-7.6187],[109.0759,-7.61825],[109.0759,-7.61824],[109.07636,-7.61824],[109.07636,-7.61825],[109.07636,-7.6187],[109.0759,-7.6187]]],[[[109.07548,-7.61192],[109.07548,-7.61147],[109.07548,-7.61101],[109.07594,-7.61101],[109.07594,-7.61147],[109.07594,-7.61192],[109.07548,-7.61192]]],[[[109.0769,-7.59837],[109.07691,-7.59837],[109.07691,-7.59882],[109.0769,-7.59882],[109.07645,-7.59882],[109.07645,-7.59927],[109.076,-7.59927],[109.07599,-7.59927],[109.07583,-7.59927],[109.07554,-7.59895],[109.07554,-7.59881],[109.07599,-7.59881],[109.07599,-7.59836],[109.07645,-7.59836],[109.07645,-7.59837],[109.0769,-7.59837]]],[[[109.07646,-7.59521],[109.07646,-7.5952],[109.07646,-7.59475],[109.07692,-7.59475],[109.07692,-7.5952],[109.07692,-7.59521],[109.07646,-7.59521]]],[[[109.07647,-7.59385],[109.07692,-7.59385],[109.07692,-7.5943],[109.07647,-7.5943],[109.07646,-7.5943],[109.07601,-7.5943],[109.07555,-7.5943],[109.07555,-7.59384],[109.07601,-7.59384],[109.07601,-7.59385],[109.07646,-7.59385],[109.07647,-7.59385]]],[[[109.07557,-7.59068],[109.07558,-7.59067],[109.07558,-7.59068],[109.07557,-7.59068]]],[[[109.07718,-7.69051],[109.07716,-7.69052],[109.0771,-7.69054],[109.07708,-7.69055],[109.07693,-7.69055],[109.07693,-7.6901],[109.07693,-7.69009],[109.07739,-7.69009],[109.07739,-7.6901],[109.07739,-7.69046],[109.07729,-7.69048],[109.07727,-7.69048],[109.07726,-7.69048],[109.07725,-7.69049],[109.07724,-7.69049],[109.07723,-7.69049],[109.07722,-7.6905],[109.0772,-7.6905],[109.07718,-7.69051]]],[[[109.07787,-7.68423],[109.07787,-7.68377],[109.07833,-7.68377],[109.07833,-7.68423],[109.07787,-7.68423]]],[[[109.07789,-7.68242],[109.07743,-7.68242],[109.07743,-7.68287],[109.07697,-7.68287],[109.07697,-7.68241],[109.07743,-7.68241],[109.07743,-7.68196],[109.07789,-7.68196],[109.07789,-7.68242]]],[[[109.07697,-7.68196],[109.07697,-7.68151],[109.07743,-7.68151],[109.07743,-7.68196],[109.07697,-7.68196]]],[[[109.0779,-7.68016],[109.0779,-7.68061],[109.0778,-7.68061],[109.0778,-7.68016],[109.0779,-7.68016]]],[[[109.07836,-7.67519],[109.07837,-7.67519],[109.07837,-7.67515],[109.07837,-7.67505],[109.07837,-7.67474],[109.07837,-7.67468],[109.07837,-7.67459],[109.07837,-7.67429],[109.07882,-7.67429],[109.07883,-7.67429],[109.07928,-7.67429],[109.07973,-7.67429],[109.07973,-7.67384],[109.08018,-7.67384],[109.08019,-7.67384],[109.08019,-7.67429],[109.08019,-7.6743],[109.08018,-7.6743],[109.07974,-7.6743],[109.07974,-7.67474],[109.07974,-7.67475],[109.07973,-7.67475],[109.07928,-7.67475],[109.07928,-7.67519],[109.07928,-7.6752],[109.07928,-7.67565],[109.07927,-7.67565],[109.07927,-7.6761],[109.07882,-7.6761],[109.07881,-7.6761],[109.07836,-7.6761],[109.07836,-7.67609],[109.07791,-7.67609],[109.07791,-7.67564],[109.07746,-7.67564],[109.07746,-7.67559],[109.07746,-7.67549],[109.07746,-7.67519],[109.07791,-7.67519],[109.07792,-7.67519],[109.07809,-7.67519],[109.07829,-7.67519],[109.07836,-7.67519]]],[[[109.07824,-7.66209],[109.07824,-7.66217],[109.07842,-7.66217],[109.07843,-7.66217],[109.0786,-7.66217],[109.0786,-7.66209],[109.0786,-7.662],[109.0786,-7.66199],[109.07861,-7.66199],[109.07861,-7.66164],[109.07861,-7.66163],[109.07879,-7.66163],[109.07879,-7.66164],[109.07879,-7.66182],[109.07888,-7.66182],[109.07897,-7.66182],[109.07933,-7.66182],[109.07933,-7.662],[109.07888,-7.662],[109.07879,-7.662],[109.07879,-7.66209],[109.07879,-7.66218],[109.0786,-7.66218],[109.07843,-7.66218],[109.07842,-7.66218],[109.07807,-7.66218],[109.07807,-7.66236],[109.07806,-7.66236],[109.07797,-7.66236],[109.07788,-7.66236],[109.0777,-7.66236],[109.0777,-7.66209],[109.0777,-7.66208],[109.0777,-7.66199],[109.07789,-7.66199],[109.07789,-7.66181],[109.07797,-7.66181],[109.07798,-7.66181],[109.07807,-7.66181],[109.07807,-7.66199],[109.07824,-7.66199],[109.07824,-7.66208],[109.07824,-7.66209]]],[[[109.07846,-7.65486],[109.07891,-7.65486],[109.07936,-7.65486],[109.07936,-7.65441],[109.07891,-7.65441],[109.07891,-7.65396],[109.07891,-7.65395],[109.07937,-7.65395],[109.07937,-7.65396],[109.07982,-7.65396],[109.07983,-7.65396],[109.08014,-7.65396],[109.08016,-7.65404],[109.08019,-7.65423],[109.08018,-7.65423],[109.07991,-7.65423],[109.07991,-7.65441],[109.07983,-7.65441],[109.07982,-7.65441],[109.07955,-7.65441],[109.07955,-7.65477],[109.07973,-7.65477],[109.07973,-7.65486],[109.07973,-7.65495],[109.07982,-7.65495],[109.07982,-7.65531],[109.0799,-7.65531],[109.07991,-7.65531],[109.08009,-7.65531],[109.08009,-7.65532],[109.08009,-7.6555],[109.08009,-7.65577],[109.08009,-7.65586],[109.08008,-7.65586],[109.08008,-7.65604],[109.07991,-7.65604],[109.07991,-7.65622],[109.0799,-7.65622],[109.0799,-7.65604],[109.07981,-7.65604],[109.07981,-7.65577],[109.07981,-7.65532],[109.07936,-7.65532],[109.07936,-7.65531],[109.07891,-7.65531],[109.07845,-7.65531],[109.07845,-7.65486],[109.078,-7.65486],[109.078,-7.6544],[109.07755,-7.6544],[109.07755,-7.65395],[109.07801,-7.65395],[109.07801,-7.6544],[109.07846,-7.6544],[109.07846,-7.65486]]],[[[109.07716,-7.64175],[109.07761,-7.64175],[109.07761,-7.6422],[109.07716,-7.6422],[109.07716,-7.64175]]],[[[109.07762,-7.63949],[109.07762,-7.63994],[109.07807,-7.63994],[109.07807,-7.6404],[109.07761,-7.6404],[109.07761,-7.63994],[109.07716,-7.63994],[109.07716,-7.63949],[109.07762,-7.63949]]],[[[109.07718,-7.63813],[109.07718,-7.63858],[109.07718,-7.63859],[109.07706,-7.63859],[109.07717,-7.63813],[109.07718,-7.63813]]],[[[109.07764,-7.63723],[109.07739,-7.63723],[109.07742,-7.63714],[109.07742,-7.63713],[109.07742,-7.63712],[109.07743,-7.63712],[109.07743,-7.63711],[109.07744,-7.63711],[109.07745,-7.6371],[109.07746,-7.6371],[109.07747,-7.6371],[109.07748,-7.6371],[109.0775,-7.63711],[109.07764,-7.63713],[109.07764,-7.63723]]],[[[109.07855,-7.63678],[109.07855,-7.63723],[109.07855,-7.63724],[109.07854,-7.63724],[109.07851,-7.63724],[109.07809,-7.63724],[109.07809,-7.63723],[109.07809,-7.63716],[109.07809,-7.63678],[109.07776,-7.63678],[109.07797,-7.63633],[109.07809,-7.63633],[109.07854,-7.63633],[109.07855,-7.63633],[109.07855,-7.63678]]],[[[109.07719,-7.63497],[109.07719,-7.63452],[109.07764,-7.63452],[109.07765,-7.63452],[109.07765,-7.63497],[109.07764,-7.63497],[109.07719,-7.63497]]],[[[109.07768,-7.62593],[109.07813,-7.62593],[109.07813,-7.62594],[109.07813,-7.62639],[109.07768,-7.62639],[109.07767,-7.62639],[109.07767,-7.62594],[109.07767,-7.62593],[109.07768,-7.62593]]],[[[109.07776,-7.60741],[109.07822,-7.60741],[109.07822,-7.60786],[109.07776,-7.60786],[109.07776,-7.60741]]],[[[109.07747,-7.60102],[109.07746,-7.60102],[109.07734,-7.60089],[109.07734,-7.60063],[109.0771,-7.60063],[109.07689,-7.6004],[109.07689,-7.60018],[109.07689,-7.60017],[109.07735,-7.60017],[109.07735,-7.60018],[109.0778,-7.60018],[109.0778,-7.60063],[109.0778,-7.60108],[109.0778,-7.60153],[109.0778,-7.60154],[109.07779,-7.60154],[109.07779,-7.60199],[109.07743,-7.60199],[109.07753,-7.60154],[109.07752,-7.60154],[109.07761,-7.6011],[109.07761,-7.60109],[109.07762,-7.60109],[109.07762,-7.60108],[109.07763,-7.60104],[109.07761,-7.60103],[109.0775,-7.60103],[109.07749,-7.60103],[109.07748,-7.60103],[109.07747,-7.60103],[109.07747,-7.60102]]],[[[109.0769,-7.59701],[109.07736,-7.59701],[109.07736,-7.59747],[109.0769,-7.59747],[109.0769,-7.59701]]],[[[109.07921,-7.6892],[109.07921,-7.68875],[109.07967,-7.68875],[109.07967,-7.6892],[109.08012,-7.6892],[109.08012,-7.68875],[109.08057,-7.68875],[109.08057,-7.68876],[109.08102,-7.68876],[109.08102,-7.68921],[109.08057,-7.68921],[109.08057,-7.68966],[109.08012,-7.68966],[109.08012,-7.68993],[109.0801,-7.68994],[109.08007,-7.68994],[109.07984,-7.69002],[109.07982,-7.69002],[109.07979,-7.69003],[109.07978,-7.69004],[109.07975,-7.69004],[109.07967,-7.69007],[109.07967,-7.69007],[109.07966,-7.69007],[109.07963,-7.69008],[109.07961,-7.69008],[109.0796,-7.69008],[109.07959,-7.69009],[109.07958,-7.69009],[109.07956,-7.69009],[109.07955,-7.69009],[109.07953,-7.69009],[109.07952,-7.69009],[109.0795,-7.6901],[109.07946,-7.6901],[109.07945,-7.6901],[109.07942,-7.6901],[109.07938,-7.6901],[109.07935,-7.6901],[109.07935,-7.69011],[109.07931,-7.69011],[109.07924,-7.69011],[109.07921,-7.69012],[109.0792,-7.69012],[109.0792,-7.69011],[109.0792,-7.6901],[109.07921,-7.6901],[109.07921,-7.68965],[109.07966,-7.68965],[109.07966,-7.6892],[109.07921,-7.6892]]],[[[109.07883,-7.67248],[109.07838,-7.67248],[109.07838,-7.67203],[109.07883,-7.67203],[109.07884,-7.67203],[109.07884,-7.67248],[109.07883,-7.67248]]],[[[109.07889,-7.66109],[109.07897,-7.66109],[109.07897,-7.6611],[109.07889,-7.6611],[109.07888,-7.6611],[109.07879,-7.6611],[109.07861,-7.6611],[109.07861,-7.66109],[109.07862,-7.66109],[109.07888,-7.66109],[109.07889,-7.66109]]],[[[109.07809,-7.63452],[109.07831,-7.63452],[109.07855,-7.63452],[109.07855,-7.63498],[109.07822,-7.63498],[109.07809,-7.63498],[109.07809,-7.63452]]],[[[109.07867,-7.60651],[109.07867,-7.60606],[109.07913,-7.60606],[109.07913,-7.60651],[109.07867,-7.60651]]],[[[109.07919,-7.59251],[109.07918,-7.59251],[109.07918,-7.59205],[109.07919,-7.59205],[109.07964,-7.59205],[109.07964,-7.59251],[109.07919,-7.59251]]],[[[109.07828,-7.5925],[109.07828,-7.59205],[109.07829,-7.59205],[109.07874,-7.59205],[109.07874,-7.5925],[109.07829,-7.5925],[109.07828,-7.5925]]],[[[109.07967,-7.68875],[109.07967,-7.6883],[109.08012,-7.6883],[109.08012,-7.68875],[109.07967,-7.68875]]],[[[109.08012,-7.68785],[109.08057,-7.68785],[109.08057,-7.6883],[109.08012,-7.6883],[109.08012,-7.68785]]],[[[109.07969,-7.68288],[109.08014,-7.68288],[109.08015,-7.68288],[109.0806,-7.68288],[109.08105,-7.68288],[109.08106,-7.68288],[109.0815,-7.68288],[109.08151,-7.68288],[109.08151,-7.68289],[109.08195,-7.68289],[109.08196,-7.68289],[109.0824,-7.68289],[109.0824,-7.68244],[109.08241,-7.68244],[109.08286,-7.68244],[109.08286,-7.68289],[109.08241,-7.68289],[109.08241,-7.68334],[109.08196,-7.68334],[109.08195,-7.68334],[109.08151,-7.68334],[109.0815,-7.68334],[109.08106,-7.68334],[109.08105,-7.68334],[109.08105,-7.68379],[109.0815,-7.68379],[109.0815,-7.68424],[109.08104,-7.68424],[109.08104,-7.68379],[109.0806,-7.68379],[109.08059,-7.68379],[109.08014,-7.68379],[109.08014,-7.68333],[109.07969,-7.68333],[109.07969,-7.68288]]],[[[109.07987,-7.66209],[109.07987,-7.6621],[109.07987,-7.66218],[109.07987,-7.66219],[109.07979,-7.66219],[109.07978,-7.66219],[109.07969,-7.66218],[109.07969,-7.66209],[109.07969,-7.662],[109.07978,-7.662],[109.07979,-7.662],[109.07987,-7.662],[109.07987,-7.66209]]],[[[109.0797,-7.66074],[109.07934,-7.66074],[109.07934,-7.66073],[109.07952,-7.66073],[109.0797,-7.66073],[109.0797,-7.66074]]],[[[109.0797,-7.66038],[109.07952,-7.66038],[109.07952,-7.66029],[109.07952,-7.66028],[109.07952,-7.66019],[109.07971,-7.66019],[109.07971,-7.6602],[109.0797,-7.6602],[109.0797,-7.66028],[109.0797,-7.66029],[109.0797,-7.66038]]],[[[109.08025,-7.65947],[109.08025,-7.65948],[109.08007,-7.65948],[109.08007,-7.65947],[109.08025,-7.65947]]],[[[109.08071,-7.65875],[109.0808,-7.65875],[109.0808,-7.65857],[109.08098,-7.65857],[109.08098,-7.65876],[109.08071,-7.65876],[109.0807,-7.65876],[109.08062,-7.65876],[109.08062,-7.65875],[109.0807,-7.65875],[109.08071,-7.65875]]],[[[109.07989,-7.63814],[109.08034,-7.63814],[109.08034,-7.6377],[109.0799,-7.6377],[109.07989,-7.6377],[109.07989,-7.63769],[109.07989,-7.63748],[109.07989,-7.63724],[109.07945,-7.63724],[109.07944,-7.63724],[109.07944,-7.63679],[109.07944,-7.63634],[109.07944,-7.63633],[109.07945,-7.63633],[109.0799,-7.63633],[109.0799,-7.63634],[109.08035,-7.63634],[109.08035,-7.63589],[109.08035,-7.63544],[109.0808,-7.63544],[109.08081,-7.63544],[109.08126,-7.63544],[109.08126,-7.63589],[109.08081,-7.63589],[109.08081,-7.63634],[109.08081,-7.63679],[109.0808,-7.63679],[109.0808,-7.63724],[109.0808,-7.63725],[109.08035,-7.63725],[109.08035,-7.63757],[109.08035,-7.63769],[109.0808,-7.63769],[109.0808,-7.6377],[109.08109,-7.6377],[109.08125,-7.6377],[109.08125,-7.63773],[109.08125,-7.63815],[109.0808,-7.63815],[109.08079,-7.63815],[109.08035,-7.63815],[109.08035,-7.6386],[109.0808,-7.6386],[109.0808,-7.63905],[109.08125,-7.63905],[109.08125,-7.63951],[109.08079,-7.63951],[109.08079,-7.63905],[109.08034,-7.63905],[109.08034,-7.6386],[109.07989,-7.6386],[109.07989,-7.63905],[109.07943,-7.63905],[109.07943,-7.6386],[109.07943,-7.63859],[109.07989,-7.63859],[109.07989,-7.63815],[109.07989,-7.63814]]],[[[109.07945,-7.63362],[109.07991,-7.63362],[109.07991,-7.63408],[109.07945,-7.63408],[109.07945,-7.63362]]],[[[109.07947,-7.63092],[109.07947,-7.63091],[109.07947,-7.63046],[109.07993,-7.63046],[109.07993,-7.63091],[109.07993,-7.63092],[109.07947,-7.63092]]],[[[109.08129,-7.63002],[109.08083,-7.63002],[109.08083,-7.63047],[109.08038,-7.63047],[109.08037,-7.63047],[109.08037,-7.63001],[109.08038,-7.63001],[109.08083,-7.63001],[109.08083,-7.62956],[109.08129,-7.62956],[109.08129,-7.63002]]],[[[109.08131,-7.62686],[109.08085,-7.62686],[109.08085,-7.62685],[109.0804,-7.62685],[109.08039,-7.62685],[109.07994,-7.62685],[109.07994,-7.6264],[109.08039,-7.6264],[109.0804,-7.6264],[109.08085,-7.6264],[109.08131,-7.6264],[109.08131,-7.62685],[109.08131,-7.62686]]],[[[109.08127,-7.5926],[109.08127,-7.59251],[109.08127,-7.59224],[109.08145,-7.59224],[109.08146,-7.59224],[109.08146,-7.59206],[109.08191,-7.59206],[109.08191,-7.59252],[109.08145,-7.59252],[109.08145,-7.59296],[109.08145,-7.59297],[109.08145,-7.59342],[109.081,-7.59342],[109.081,-7.59387],[109.08099,-7.59387],[109.08099,-7.59432],[109.08099,-7.59477],[109.08054,-7.59477],[109.08054,-7.59432],[109.08054,-7.59387],[109.08054,-7.59342],[109.08054,-7.59341],[109.08009,-7.59341],[109.07964,-7.59341],[109.07963,-7.59341],[109.07963,-7.59314],[109.07964,-7.59314],[109.07964,-7.59332],[109.08,-7.59332],[109.08,-7.59314],[109.08009,-7.59314],[109.08018,-7.59314],[109.08018,-7.59296],[109.08054,-7.59296],[109.08055,-7.59296],[109.08099,-7.59296],[109.08099,-7.5926],[109.08127,-7.5926]]],[[[109.08073,-7.59251],[109.08054,-7.59251],[109.08054,-7.59242],[109.08055,-7.59242],[109.08073,-7.59242],[109.08073,-7.59251]]],[[[109.08055,-7.5907],[109.08055,-7.59025],[109.08101,-7.59025],[109.08147,-7.59025],[109.08147,-7.59071],[109.08101,-7.59071],[109.08056,-7.59071],[109.08056,-7.59115],[109.08101,-7.59115],[109.08101,-7.59161],[109.08101,-7.59206],[109.08073,-7.59206],[109.08055,-7.59206],[109.08055,-7.59161],[109.0801,-7.59161],[109.0801,-7.59116],[109.0801,-7.59115],[109.0801,-7.5907],[109.08055,-7.5907]]],[[[109.08102,-7.68966],[109.08102,-7.68921],[109.08147,-7.68921],[109.08148,-7.68921],[109.08148,-7.68966],[109.08147,-7.68966],[109.08102,-7.68966]]],[[[109.08238,-7.68876],[109.08192,-7.68876],[109.08192,-7.68831],[109.08147,-7.68831],[109.08147,-7.68786],[109.08193,-7.68786],[109.08193,-7.68831],[109.08238,-7.68831],[109.08238,-7.68876]]],[[[109.08195,-7.68424],[109.08196,-7.68424],[109.08196,-7.68469],[109.08196,-7.6847],[109.08195,-7.6847],[109.0815,-7.6847],[109.0815,-7.68469],[109.0815,-7.68424],[109.08195,-7.68424]]],[[[109.08206,-7.65985],[109.08188,-7.65985],[109.08188,-7.65984],[109.08206,-7.65984],[109.08206,-7.65985]]],[[[109.08206,-7.65939],[109.08206,-7.65948],[109.08188,-7.65948],[109.08161,-7.65948],[109.0816,-7.65948],[109.08152,-7.65948],[109.08152,-7.65939],[109.08152,-7.65894],[109.0816,-7.65894],[109.08161,-7.65894],[109.08188,-7.65894],[109.08188,-7.65912],[109.08206,-7.65912],[109.08206,-7.65939]]],[[[109.08162,-7.65821],[109.0817,-7.65821],[109.08171,-7.65821],[109.08171,-7.65822],[109.0817,-7.65822],[109.08162,-7.65822],[109.08161,-7.65822],[109.08153,-7.65822],[109.08153,-7.65821],[109.08161,-7.65821],[109.08162,-7.65821]]],[[[109.08189,-7.65803],[109.08189,-7.65804],[109.08171,-7.65804],[109.08171,-7.65803],[109.08189,-7.65803]]],[[[109.08171,-7.65759],[109.08171,-7.65758],[109.08171,-7.65749],[109.08189,-7.65749],[109.08189,-7.65731],[109.08207,-7.65731],[109.08207,-7.65749],[109.08225,-7.65749],[109.08226,-7.65749],[109.08226,-7.6575],[109.08225,-7.6575],[109.08207,-7.6575],[109.08207,-7.65758],[109.08207,-7.65759],[109.08207,-7.65768],[109.08188,-7.65768],[109.08171,-7.65768],[109.08171,-7.65767],[109.08171,-7.65759]]],[[[109.08098,-7.65749],[109.0808,-7.65749],[109.0808,-7.65731],[109.08098,-7.65731],[109.08098,-7.65749]]],[[[109.08124,-7.64086],[109.08124,-7.64041],[109.0817,-7.64041],[109.0817,-7.64086],[109.08124,-7.64086]]],[[[109.0817,-7.6368],[109.08171,-7.6368],[109.08171,-7.63635],[109.08171,-7.63634],[109.08171,-7.6359],[109.08171,-7.63589],[109.08171,-7.63544],[109.08217,-7.63544],[109.08263,-7.63544],[109.08263,-7.6359],[109.08217,-7.6359],[109.08217,-7.63634],[109.08217,-7.63635],[109.08217,-7.6368],[109.08216,-7.6368],[109.08216,-7.63725],[109.0817,-7.63725],[109.0817,-7.6368]]],[[[109.08172,-7.63454],[109.08218,-7.63454],[109.08218,-7.63499],[109.08172,-7.63499],[109.08126,-7.63499],[109.08126,-7.63454],[109.08172,-7.63454]]],[[[109.08128,-7.63138],[109.08128,-7.63137],[109.08128,-7.63092],[109.08173,-7.63092],[109.08173,-7.63137],[109.08173,-7.63138],[109.08128,-7.63138]]],[[[109.08175,-7.62641],[109.08175,-7.6264],[109.08221,-7.6264],[109.08221,-7.62641],[109.08221,-7.62686],[109.08175,-7.62686],[109.08175,-7.62641]]],[[[109.08178,-7.61963],[109.08224,-7.61963],[109.08224,-7.62008],[109.08178,-7.62008],[109.08178,-7.61963]]],[[[109.08188,-7.59929],[109.08188,-7.59911],[109.08197,-7.59911],[109.08233,-7.59911],[109.08233,-7.59884],[109.08233,-7.59875],[109.08234,-7.59875],[109.08234,-7.59884],[109.08234,-7.5993],[109.08233,-7.5993],[109.08233,-7.59975],[109.08278,-7.59975],[109.08278,-7.6002],[109.08233,-7.6002],[109.08232,-7.6002],[109.08188,-7.6002],[109.08187,-7.6002],[109.08142,-7.6002],[109.08142,-7.59975],[109.08142,-7.59974],[109.08142,-7.59929],[109.08187,-7.59929],[109.08188,-7.59929]]],[[[109.08189,-7.59568],[109.08234,-7.59568],[109.08234,-7.59613],[109.08189,-7.59613],[109.08144,-7.59613],[109.08144,-7.59568],[109.08189,-7.59568]]],[[[109.08099,-7.59523],[109.08099,-7.59522],[109.08099,-7.59477],[109.08144,-7.59477],[109.08144,-7.59522],[109.08144,-7.59523],[109.08099,-7.59523]]],[[[109.08144,-7.59387],[109.0819,-7.59387],[109.0819,-7.59432],[109.08144,-7.59432],[109.08144,-7.59387]]],[[[109.08146,-7.59116],[109.08192,-7.59116],[109.08192,-7.59161],[109.08146,-7.59161],[109.08146,-7.59116]]],[[[109.08056,-7.5889],[109.08056,-7.58889],[109.08102,-7.58889],[109.08102,-7.5889],[109.08102,-7.58935],[109.08056,-7.58935],[109.08056,-7.5889]]],[[[109.08147,-7.5889],[109.08147,-7.58845],[109.08192,-7.58845],[109.08193,-7.58845],[109.08193,-7.5889],[109.08192,-7.5889],[109.08147,-7.5889]]],[[[109.08195,-7.58285],[109.08186,-7.58285],[109.08186,-7.58303],[109.0815,-7.58303],[109.0815,-7.58257],[109.08195,-7.58257],[109.08196,-7.58257],[109.08196,-7.58285],[109.08195,-7.58285]]],[[[109.08374,-7.68933],[109.08373,-7.68933],[109.08371,-7.68933],[109.08369,-7.68933],[109.08367,-7.68933],[109.08361,-7.68934],[109.08359,-7.68934],[109.08354,-7.68935],[109.08344,-7.68936],[109.0834,-7.68936],[109.08338,-7.68936],[109.08336,-7.68936],[109.08333,-7.68937],[109.0833,-7.68937],[109.08328,-7.68938],[109.08328,-7.68922],[109.08283,-7.68922],[109.08283,-7.68877],[109.08329,-7.68877],[109.08329,-7.68922],[109.08374,-7.68922],[109.08374,-7.68933]]],[[[109.08193,-7.68786],[109.08193,-7.68741],[109.08239,-7.68741],[109.08239,-7.68786],[109.08193,-7.68786]]],[[[109.08285,-7.6856],[109.08285,-7.68515],[109.08331,-7.68515],[109.08331,-7.6856],[109.08369,-7.6856],[109.08376,-7.6856],[109.08376,-7.68561],[109.08376,-7.686],[109.08376,-7.68606],[109.08376,-7.68651],[109.08384,-7.68651],[109.08421,-7.68651],[109.08421,-7.68696],[109.08421,-7.68697],[109.08392,-7.68697],[109.08375,-7.68697],[109.08375,-7.68696],[109.08375,-7.68651],[109.0833,-7.68651],[109.0833,-7.68606],[109.08285,-7.68606],[109.08285,-7.68561],[109.08285,-7.6856]]],[[[109.08243,-7.67792],[109.08289,-7.67792],[109.08289,-7.67837],[109.08243,-7.67837],[109.08243,-7.67792]]],[[[109.0828,-7.65768],[109.0828,-7.65786],[109.08279,-7.65786],[109.08279,-7.65768],[109.0828,-7.65768]]],[[[109.0826,-7.64042],[109.0826,-7.63996],[109.08305,-7.63996],[109.08305,-7.64042],[109.08305,-7.64087],[109.0826,-7.64087],[109.0826,-7.64042]]],[[[109.0826,-7.63816],[109.08306,-7.63816],[109.08306,-7.63861],[109.0826,-7.63861],[109.0826,-7.63816]]],[[[109.08261,-7.63635],[109.08307,-7.63635],[109.08307,-7.6368],[109.08261,-7.6368],[109.08261,-7.63635]]],[[[109.08221,-7.62731],[109.08221,-7.62686],[109.08266,-7.62686],[109.08267,-7.62686],[109.08267,-7.62731],[109.08266,-7.62731],[109.08221,-7.62731]]],[[[109.08189,-7.59477],[109.08235,-7.59477],[109.08235,-7.59478],[109.0828,-7.59478],[109.0828,-7.59523],[109.08235,-7.59523],[109.08234,-7.59523],[109.08189,-7.59523],[109.08189,-7.59478],[109.08189,-7.59477]]],[[[109.08372,-7.59343],[109.08327,-7.59343],[109.08326,-7.59343],[109.08281,-7.59343],[109.08281,-7.59297],[109.08326,-7.59297],[109.08327,-7.59297],[109.08372,-7.59297],[109.08372,-7.59343]]],[[[109.08237,-7.58891],[109.08237,-7.5889],[109.08237,-7.58845],[109.08283,-7.58845],[109.08283,-7.5889],[109.08283,-7.58891],[109.08237,-7.58891]]],[[[109.08237,-7.58755],[109.08283,-7.58755],[109.08283,-7.588],[109.08237,-7.588],[109.08237,-7.58755]]],[[[109.08239,-7.58439],[109.08239,-7.58438],[109.08285,-7.58438],[109.08285,-7.58439],[109.08285,-7.58484],[109.08239,-7.58484],[109.08239,-7.58439]]],[[[109.08286,-7.58348],[109.08286,-7.58393],[109.08286,-7.58394],[109.0824,-7.58394],[109.0824,-7.58393],[109.0824,-7.58375],[109.08258,-7.58375],[109.08258,-7.58348],[109.08286,-7.58348]]],[[[109.08241,-7.58303],[109.08241,-7.58339],[109.0824,-7.58339],[109.0824,-7.58321],[109.08222,-7.58321],[109.08222,-7.58303],[109.0824,-7.58303],[109.08241,-7.58303]]],[[[109.08511,-7.68832],[109.08466,-7.68832],[109.08465,-7.68832],[109.0842,-7.68832],[109.0842,-7.68787],[109.0842,-7.68742],[109.08465,-7.68742],[109.08466,-7.68742],[109.08511,-7.68742],[109.08511,-7.68787],[109.08511,-7.68832]]],[[[109.08334,-7.67883],[109.08334,-7.67838],[109.08334,-7.67792],[109.08379,-7.67792],[109.08379,-7.67838],[109.08379,-7.67883],[109.08334,-7.67883]]],[[[109.08464,-7.63997],[109.08464,-7.64001],[109.08482,-7.64001],[109.08482,-7.64019],[109.08473,-7.64019],[109.08473,-7.64037],[109.08441,-7.64037],[109.08437,-7.64037],[109.08437,-7.64042],[109.08395,-7.64042],[109.08395,-7.63997],[109.08396,-7.63997],[109.08396,-7.63952],[109.08396,-7.63907],[109.08438,-7.63907],[109.08438,-7.6391],[109.08442,-7.6391],[109.08442,-7.63952],[109.08442,-7.63997],[109.08464,-7.63997]]],[[[109.08369,-7.63816],[109.08397,-7.63816],[109.08397,-7.63821],[109.08397,-7.63861],[109.08397,-7.63862],[109.08351,-7.63862],[109.08351,-7.63861],[109.08351,-7.63816],[109.08369,-7.63816]]],[[[109.08401,-7.62822],[109.08401,-7.62777],[109.08402,-7.62777],[109.08447,-7.62777],[109.08447,-7.62822],[109.08402,-7.62822],[109.08401,-7.62822]]],[[[109.08496,-7.61783],[109.08496,-7.61738],[109.08542,-7.61738],[109.08542,-7.61783],[109.08542,-7.61784],[109.08587,-7.61784],[109.08587,-7.61829],[109.08632,-7.61829],[109.08632,-7.61874],[109.08587,-7.61874],[109.08586,-7.61874],[109.08542,-7.61874],[109.08541,-7.61874],[109.08541,-7.61919],[109.08495,-7.61919],[109.08495,-7.61874],[109.08451,-7.61874],[109.0845,-7.61874],[109.08405,-7.61874],[109.08405,-7.61873],[109.08405,-7.61828],[109.0845,-7.61828],[109.08451,-7.61828],[109.08451,-7.61783],[109.08496,-7.61783]]],[[[109.08325,-7.59523],[109.08371,-7.59523],[109.08371,-7.59569],[109.08325,-7.59569],[109.08325,-7.59523]]],[[[109.08509,-7.58937],[109.08464,-7.58937],[109.08463,-7.58937],[109.08418,-7.58937],[109.08418,-7.58936],[109.08418,-7.58891],[109.08463,-7.58891],[109.08464,-7.58891],[109.08509,-7.58891],[109.08509,-7.58937]]],[[[109.08511,-7.58665],[109.08511,-7.58684],[109.08492,-7.58684],[109.08492,-7.58711],[109.08492,-7.58738],[109.0851,-7.58738],[109.08528,-7.58738],[109.08528,-7.58756],[109.0851,-7.58756],[109.08464,-7.58756],[109.08464,-7.58711],[109.08421,-7.58711],[109.08419,-7.58711],[109.08419,-7.58678],[109.08419,-7.58675],[109.08419,-7.58665],[109.08465,-7.58665],[109.08511,-7.58665]]],[[[109.08443,-7.58172],[109.08443,-7.58168],[109.08467,-7.58168],[109.08467,-7.58214],[109.08441,-7.58214],[109.08421,-7.58214],[109.08421,-7.58186],[109.08435,-7.58194],[109.08437,-7.5819],[109.08441,-7.58184],[109.08443,-7.58172]]],[[[109.08647,-7.68562],[109.08647,-7.68607],[109.08602,-7.68607],[109.08602,-7.68652],[109.08602,-7.68697],[109.08601,-7.68697],[109.08601,-7.68742],[109.08601,-7.68743],[109.08556,-7.68743],[109.08556,-7.68742],[109.08556,-7.68697],[109.08556,-7.68652],[109.08556,-7.68607],[109.08556,-7.68562],[109.08556,-7.68561],[109.08556,-7.68516],[109.08602,-7.68516],[109.08602,-7.68561],[109.08602,-7.68562],[109.08647,-7.68562]]],[[[109.08466,-7.68607],[109.08466,-7.68606],[109.08466,-7.68561],[109.08511,-7.68561],[109.08511,-7.68606],[109.08511,-7.68607],[109.08466,-7.68607]]],[[[109.08603,-7.68426],[109.08603,-7.68471],[109.08557,-7.68471],[109.08511,-7.68471],[109.08511,-7.68426],[109.08557,-7.68426],[109.08557,-7.68381],[109.08603,-7.68381],[109.08603,-7.68426]]],[[[109.08657,-7.66298],[109.08657,-7.66297],[109.08657,-7.66258],[109.08657,-7.66257],[109.08703,-7.66257],[109.08703,-7.66258],[109.08749,-7.66258],[109.08749,-7.66285],[109.08749,-7.66303],[109.08703,-7.66303],[109.08658,-7.66303],[109.08658,-7.66348],[109.08612,-7.66348],[109.08566,-7.66348],[109.08566,-7.66319],[109.08566,-7.66302],[109.08522,-7.66302],[109.08522,-7.66333],[109.08522,-7.66347],[109.08476,-7.66347],[109.08476,-7.6634],[109.08476,-7.66302],[109.08521,-7.66302],[109.08521,-7.66257],[109.08567,-7.66257],[109.08567,-7.66302],[109.08612,-7.66302],[109.08621,-7.66302],[109.08657,-7.66302],[109.08657,-7.66298]]],[[[109.08567,-7.66167],[109.08613,-7.66167],[109.08613,-7.66212],[109.08567,-7.66212],[109.08567,-7.66167]]],[[[109.08554,-7.65128],[109.08554,-7.65127],[109.08554,-7.65118],[109.08572,-7.65118],[109.08572,-7.65127],[109.08572,-7.65128],[109.08572,-7.65137],[109.08554,-7.65137],[109.08554,-7.65136],[109.08554,-7.65128]]],[[[109.08554,-7.651],[109.08554,-7.65118],[109.08536,-7.65118],[109.08536,-7.651],[109.08554,-7.651]]],[[[109.08581,-7.643],[109.08576,-7.643],[109.08575,-7.643],[109.08572,-7.643],[109.08572,-7.64299],[109.08572,-7.6429],[109.08575,-7.6429],[109.08576,-7.6429],[109.0859,-7.6429],[109.0859,-7.64291],[109.0859,-7.64309],[109.08581,-7.64309],[109.08581,-7.643]]],[[[109.08581,-7.64281],[109.08581,-7.64272],[109.0859,-7.64272],[109.0859,-7.64282],[109.08581,-7.64281]]],[[[109.08563,-7.64281],[109.08554,-7.64281],[109.08554,-7.64272],[109.08563,-7.64272],[109.08563,-7.64281]]],[[[109.08486,-7.64118],[109.08491,-7.64118],[109.08491,-7.64127],[109.08486,-7.64127],[109.08486,-7.64118]]],[[[109.08565,-7.63847],[109.08565,-7.63856],[109.08547,-7.63856],[109.08547,-7.63862],[109.08546,-7.63862],[109.08532,-7.63862],[109.08532,-7.63847],[109.08565,-7.63847]]],[[[109.08443,-7.6341],[109.08489,-7.6341],[109.08489,-7.63455],[109.08443,-7.63455],[109.08443,-7.6341]]],[[[109.0845,-7.61964],[109.08496,-7.61964],[109.08496,-7.62009],[109.0845,-7.62009],[109.0845,-7.61964]]],[[[109.08598,-7.59524],[109.08598,-7.59525],[109.08552,-7.59525],[109.08552,-7.59524],[109.08552,-7.59479],[109.08507,-7.59479],[109.08507,-7.59461],[109.08525,-7.59461],[109.08525,-7.59443],[109.08543,-7.59443],[109.08543,-7.59434],[109.08553,-7.59434],[109.08553,-7.59479],[109.08598,-7.59479],[109.08598,-7.59524]]],[[[109.08561,-7.59389],[109.08561,-7.59371],[109.08562,-7.59371],[109.0858,-7.59371],[109.0858,-7.59344],[109.08598,-7.59344],[109.08598,-7.59389],[109.08561,-7.59389]]],[[[109.08543,-7.59343],[109.08544,-7.59343],[109.08544,-7.59353],[109.08543,-7.59353],[109.08543,-7.59343]]],[[[109.08555,-7.58756],[109.08601,-7.58756],[109.08601,-7.58802],[109.08555,-7.58802],[109.08555,-7.58756]]],[[[109.08556,-7.5853],[109.08601,-7.5853],[109.08601,-7.58576],[109.08556,-7.58576],[109.08556,-7.5853]]],[[[109.08646,-7.68878],[109.08691,-7.68878],[109.08736,-7.68878],[109.08736,-7.68834],[109.08736,-7.68833],[109.08736,-7.68788],[109.08692,-7.68788],[109.08691,-7.68788],[109.08646,-7.68788],[109.08646,-7.68743],[109.08646,-7.68698],[109.08646,-7.68697],[109.08692,-7.68697],[109.08692,-7.68698],[109.08737,-7.68698],[109.08737,-7.68653],[109.08692,-7.68653],[109.08692,-7.68607],[109.08737,-7.68607],[109.08738,-7.68607],[109.08738,-7.68563],[109.08738,-7.68562],[109.08693,-7.68562],[109.08692,-7.68562],[109.08647,-7.68562],[109.08647,-7.68517],[109.08692,-7.68517],[109.08693,-7.68517],[109.08738,-7.68517],[109.08783,-7.68517],[109.08783,-7.68472],[109.08829,-7.68472],[109.08874,-7.68472],[109.08875,-7.68472],[109.08875,-7.68473],[109.08919,-7.68473],[109.08919,-7.68428],[109.0892,-7.68428],[109.08965,-7.68428],[109.08965,-7.68473],[109.0892,-7.68473],[109.0892,-7.68518],[109.08875,-7.68518],[109.08875,-7.68563],[109.08919,-7.68563],[109.0892,-7.68563],[109.08964,-7.68563],[109.08965,-7.68563],[109.09009,-7.68563],[109.09009,-7.68519],[109.09009,-7.68518],[109.09009,-7.68473],[109.0901,-7.68473],[109.0901,-7.68428],[109.0901,-7.68383],[109.09056,-7.68383],[109.09056,-7.68428],[109.09101,-7.68428],[109.09101,-7.68473],[109.09101,-7.68474],[109.09101,-7.68519],[109.091,-7.68519],[109.091,-7.68564],[109.09145,-7.68564],[109.0919,-7.68564],[109.0919,-7.68519],[109.09236,-7.68519],[109.09282,-7.68519],[109.09282,-7.68565],[109.09236,-7.68565],[109.09191,-7.68565],[109.09191,-7.68609],[109.09236,-7.68609],[109.09236,-7.6861],[109.09281,-7.6861],[109.09281,-7.68655],[109.09281,-7.687],[109.09322,-7.687],[109.09326,-7.68724],[109.09326,-7.68745],[109.09326,-7.68746],[109.09325,-7.68747],[109.09322,-7.68755],[109.09318,-7.68768],[109.09318,-7.68774],[109.09322,-7.68782],[109.09322,-7.68788],[109.09322,-7.68791],[109.09281,-7.68791],[109.0928,-7.68791],[109.0928,-7.68824],[109.09279,-7.68824],[109.09275,-7.68826],[109.09274,-7.68826],[109.09274,-7.68827],[109.09273,-7.68827],[109.09272,-7.68827],[109.09271,-7.68827],[109.0927,-7.68827],[109.0927,-7.68828],[109.09269,-7.68828],[109.09268,-7.68828],[109.09267,-7.68828],[109.09266,-7.68827],[109.09262,-7.6883],[109.09261,-7.6883],[109.0926,-7.6883],[109.09259,-7.6883],[109.09258,-7.6883],[109.09257,-7.6883],[109.09254,-7.68832],[109.09253,-7.68832],[109.09252,-7.68832],[109.09252,-7.68833],[109.09251,-7.68833],[109.0925,-7.68833],[109.09249,-7.68833],[109.09249,-7.68834],[109.09248,-7.68834],[109.09247,-7.68834],[109.09246,-7.68834],[109.09245,-7.68834],[109.09245,-7.68835],[109.09244,-7.68835],[109.09243,-7.68835],[109.09242,-7.68835],[109.09237,-7.68835],[109.09236,-7.68836],[109.09235,-7.68837],[109.09235,-7.68836],[109.0919,-7.68836],[109.0919,-7.68791],[109.0919,-7.6879],[109.0919,-7.68745],[109.09145,-7.68745],[109.09145,-7.6879],[109.09145,-7.68815],[109.09139,-7.68815],[109.09132,-7.68816],[109.0912,-7.68817],[109.091,-7.6882],[109.09079,-7.68822],[109.09054,-7.68827],[109.09027,-7.68833],[109.09027,-7.68835],[109.09031,-7.68848],[109.09009,-7.68852],[109.09009,-7.68852],[109.08963,-7.6886],[109.08917,-7.68868],[109.08917,-7.68867],[109.08873,-7.68875],[109.08873,-7.68875],[109.0887,-7.68876],[109.08866,-7.68863],[109.08865,-7.68863],[109.08854,-7.68863],[109.08846,-7.68863],[109.08841,-7.68865],[109.08831,-7.68867],[109.08827,-7.68868],[109.08822,-7.68868],[109.08814,-7.68872],[109.08802,-7.68874],[109.08787,-7.68874],[109.08782,-7.68875],[109.08782,-7.68875],[109.08766,-7.68877],[109.08759,-7.68879],[109.0875,-7.68883],[109.08739,-7.68886],[109.08736,-7.68887],[109.08728,-7.68891],[109.08724,-7.68893],[109.08717,-7.68896],[109.0871,-7.689],[109.08708,-7.68906],[109.08709,-7.68913],[109.08713,-7.68924],[109.08714,-7.68927],[109.08714,-7.68928],[109.08716,-7.68945],[109.08715,-7.68959],[109.08713,-7.68969],[109.08691,-7.68969],[109.08691,-7.68924],[109.08646,-7.68924],[109.08646,-7.68923],[109.08601,-7.68923],[109.08601,-7.68878],[109.08646,-7.68878]],[[109.09235,-7.68745],[109.0928,-7.68745],[109.0928,-7.687],[109.09236,-7.687],[109.09235,-7.687],[109.0919,-7.687],[109.0919,-7.68745],[109.09235,-7.68745]],[[109.08828,-7.68608],[109.08828,-7.68563],[109.08784,-7.68563],[109.08784,-7.68608],[109.08783,-7.68608],[109.08783,-7.68653],[109.08828,-7.68653],[109.08873,-7.68653],[109.08873,-7.68608],[109.08828,-7.68608]],[[109.08873,-7.68744],[109.08873,-7.68789],[109.08873,-7.68834],[109.08917,-7.68834],[109.08918,-7.68834],[109.08918,-7.68789],[109.08918,-7.68744],[109.08874,-7.68744],[109.08873,-7.68744]],[[109.09054,-7.6879],[109.09099,-7.6879],[109.09099,-7.68745],[109.09055,-7.68745],[109.09054,-7.68745],[109.09009,-7.68745],[109.09009,-7.68789],[109.09054,-7.68789],[109.09054,-7.6879]],[[109.08936,-7.68681],[109.08937,-7.68681],[109.08937,-7.68699],[109.08964,-7.68699],[109.08973,-7.68699],[109.08973,-7.68654],[109.09009,-7.68654],[109.09009,-7.68609],[109.08965,-7.68609],[109.08965,-7.68627],[109.08937,-7.68627],[109.08919,-7.68627],[109.08901,-7.68627],[109.08901,-7.68653],[109.08901,-7.68654],[109.08901,-7.68662],[109.08919,-7.68662],[109.08919,-7.6868],[109.08936,-7.68681]]],[[[109.08655,-7.66664],[109.08655,-7.66619],[109.08656,-7.66619],[109.08701,-7.66619],[109.08701,-7.66664],[109.08656,-7.66664],[109.08655,-7.66664]]],[[[109.08662,-7.65251],[109.08617,-7.65259],[109.08617,-7.65218],[109.08662,-7.65218],[109.08662,-7.65251]]],[[[109.08627,-7.65173],[109.08626,-7.65173],[109.08626,-7.65155],[109.08627,-7.65155],[109.08627,-7.65173]]],[[[109.08706,-7.64743],[109.08706,-7.64752],[109.08697,-7.64752],[109.08697,-7.64743],[109.08706,-7.64743]]],[[[109.08715,-7.64743],[109.0871,-7.64743],[109.08706,-7.64743],[109.08706,-7.64734],[109.0871,-7.64734],[109.08715,-7.64734],[109.08715,-7.64743]]],[[[109.08697,-7.64725],[109.08706,-7.64725],[109.08706,-7.64734],[109.08697,-7.64734],[109.08697,-7.64725]]],[[[109.08697,-7.64707],[109.08697,-7.64716],[109.08688,-7.64716],[109.08688,-7.64707],[109.08697,-7.64707]]],[[[109.08706,-7.64689],[109.08697,-7.64689],[109.08697,-7.6468],[109.08706,-7.6468],[109.08706,-7.64689]]],[[[109.08688,-7.64676],[109.08688,-7.64671],[109.08697,-7.64671],[109.08697,-7.64676],[109.08697,-7.6468],[109.08688,-7.6468],[109.08688,-7.64676]]],[[[109.08679,-7.64662],[109.08679,-7.64652],[109.08688,-7.64653],[109.08688,-7.64662],[109.08679,-7.64662]]],[[[109.08688,-7.64644],[109.08679,-7.64644],[109.08679,-7.64643],[109.08679,-7.64634],[109.08688,-7.64634],[109.08688,-7.64635],[109.08688,-7.64644]]],[[[109.08697,-7.64586],[109.08706,-7.64586],[109.08706,-7.64589],[109.08697,-7.64589],[109.08697,-7.64586]]],[[[109.08666,-7.64541],[109.08666,-7.64544],[109.08665,-7.64544],[109.08661,-7.64544],[109.08661,-7.64541],[109.08661,-7.6454],[109.08661,-7.64535],[109.08665,-7.64535],[109.08666,-7.64535],[109.08666,-7.6454],[109.08666,-7.64541]]],[[[109.08652,-7.64526],[109.08652,-7.64535],[109.08643,-7.64535],[109.08643,-7.64526],[109.08652,-7.64526]]],[[[109.08671,-7.6439],[109.08671,-7.64399],[109.08665,-7.64399],[109.08665,-7.6439],[109.08671,-7.6439]]],[[[109.08617,-7.643],[109.08617,-7.64309],[109.08608,-7.64309],[109.08608,-7.643],[109.08617,-7.643]]],[[[109.08599,-7.6429],[109.08608,-7.64291],[109.08608,-7.643],[109.08599,-7.643],[109.08599,-7.6429]]],[[[109.0861,-7.63938],[109.08619,-7.63938],[109.08619,-7.63953],[109.0861,-7.63953],[109.08609,-7.63953],[109.0861,-7.63938]]],[[[109.0861,-7.63817],[109.0861,-7.63821],[109.08601,-7.6382],[109.08601,-7.63817],[109.0861,-7.63817]]],[[[109.08665,-7.59344],[109.08688,-7.59344],[109.08688,-7.59389],[109.08657,-7.59389],[109.08643,-7.59389],[109.08643,-7.59344],[109.08665,-7.59344]]],[[[109.08599,-7.59028],[109.08599,-7.58982],[109.08645,-7.58982],[109.08645,-7.59028],[109.08599,-7.59028]]],[[[109.08646,-7.58576],[109.08692,-7.58576],[109.08692,-7.58621],[109.08646,-7.58621],[109.08646,-7.58576]]],[[[109.08834,-7.67162],[109.0888,-7.67162],[109.0888,-7.67117],[109.08926,-7.67117],[109.08926,-7.67162],[109.08926,-7.67208],[109.08971,-7.67208],[109.08971,-7.67253],[109.08925,-7.67253],[109.08925,-7.67208],[109.0888,-7.67208],[109.0888,-7.67207],[109.08834,-7.67207],[109.08834,-7.67162]]],[[[109.08882,-7.6671],[109.08882,-7.66755],[109.08882,-7.66756],[109.08836,-7.66756],[109.08836,-7.66755],[109.08791,-7.66755],[109.08791,-7.6671],[109.08836,-7.6671],[109.08837,-7.6671],[109.08882,-7.6671]]],[[[109.08837,-7.6662],[109.08883,-7.6662],[109.08883,-7.66665],[109.08837,-7.66665],[109.08837,-7.6662]]],[[[109.08839,-7.66258],[109.08794,-7.66258],[109.08794,-7.66213],[109.08839,-7.66213],[109.08884,-7.66213],[109.08885,-7.66213],[109.08885,-7.66258],[109.08884,-7.66258],[109.08884,-7.66259],[109.08839,-7.66259],[109.08839,-7.66258]]],[[[109.0884,-7.65942],[109.08825,-7.65942],[109.08795,-7.65942],[109.08795,-7.65897],[109.08795,-7.65851],[109.08841,-7.65851],[109.08841,-7.65852],[109.08886,-7.65852],[109.08886,-7.65897],[109.08886,-7.65939],[109.08886,-7.65942],[109.08841,-7.65942],[109.0884,-7.65942]]],[[[109.08796,-7.65716],[109.08842,-7.65716],[109.08842,-7.65761],[109.08796,-7.65761],[109.08796,-7.65716]]],[[[109.08876,-7.65178],[109.08876,-7.65187],[109.08858,-7.65187],[109.08858,-7.65178],[109.08876,-7.65178]]],[[[109.08876,-7.65051],[109.08876,-7.65039],[109.08876,-7.65038],[109.08877,-7.65033],[109.08886,-7.65033],[109.08886,-7.65024],[109.0889,-7.65024],[109.08895,-7.65024],[109.08895,-7.65015],[109.08913,-7.65015],[109.08913,-7.65006],[109.08935,-7.65006],[109.08936,-7.65006],[109.08949,-7.65006],[109.08949,-7.65015],[109.08958,-7.65015],[109.08958,-7.64997],[109.08967,-7.64997],[109.08967,-7.65006],[109.08976,-7.65006],[109.08976,-7.65016],[109.08967,-7.65015],[109.08967,-7.65024],[109.08981,-7.65024],[109.08981,-7.65025],[109.08981,-7.65039],[109.08981,-7.65052],[109.08935,-7.65052],[109.08889,-7.65051],[109.08876,-7.65051]],[[109.08895,-7.65038],[109.08895,-7.65039],[109.08895,-7.65042],[109.08904,-7.65042],[109.08904,-7.65039],[109.08904,-7.65038],[109.08904,-7.65024],[109.08895,-7.65024],[109.08895,-7.65038]]],[[[109.08886,-7.64907],[109.08886,-7.64916],[109.08877,-7.64916],[109.08877,-7.64925],[109.08859,-7.64925],[109.08859,-7.64906],[109.08886,-7.64907]]],[[[109.08768,-7.64888],[109.08768,-7.64884],[109.08769,-7.64884],[109.08772,-7.64884],[109.08773,-7.64884],[109.08773,-7.64888],[109.08772,-7.64888],[109.08768,-7.64888]]],[[[109.08854,-7.62915],[109.08854,-7.62869],[109.089,-7.62869],[109.089,-7.62915],[109.08854,-7.62915]]],[[[109.08763,-7.62869],[109.08809,-7.62869],[109.08809,-7.62914],[109.08763,-7.62914],[109.08763,-7.62869]]],[[[109.08821,-7.59932],[109.08867,-7.59932],[109.08867,-7.59978],[109.08821,-7.59978],[109.08821,-7.59932]]],[[[109.08781,-7.58712],[109.08781,-7.58667],[109.08827,-7.58667],[109.08827,-7.58712],[109.08781,-7.58712]]],[[[109.09056,-7.68338],[109.09102,-7.68338],[109.09102,-7.68383],[109.09056,-7.68383],[109.09056,-7.68338]]],[[[109.08919,-7.68337],[109.0892,-7.68337],[109.08965,-7.68337],[109.08965,-7.68292],[109.09011,-7.68292],[109.09011,-7.68338],[109.08965,-7.68338],[109.08965,-7.68383],[109.0892,-7.68383],[109.08919,-7.68383],[109.08919,-7.68337]]],[[[109.09148,-7.68202],[109.09148,-7.68203],[109.09192,-7.68203],[109.09193,-7.68203],[109.09193,-7.68158],[109.09238,-7.68158],[109.09239,-7.68158],[109.09283,-7.68158],[109.09284,-7.68158],[109.09328,-7.68158],[109.09328,-7.68113],[109.09373,-7.68113],[109.09374,-7.68113],[109.09419,-7.68113],[109.09419,-7.68069],[109.09419,-7.68068],[109.09419,-7.68023],[109.09375,-7.68023],[109.09374,-7.68023],[109.09329,-7.68023],[109.09283,-7.68023],[109.09283,-7.67977],[109.09329,-7.67977],[109.09375,-7.67977],[109.09375,-7.67978],[109.09418,-7.67978],[109.0942,-7.67978],[109.0942,-7.68017],[109.0942,-7.68023],[109.09435,-7.68023],[109.09465,-7.68023],[109.09465,-7.67978],[109.0951,-7.67978],[109.09511,-7.67978],[109.09556,-7.67978],[109.09556,-7.67934],[109.09556,-7.67933],[109.09511,-7.67933],[109.09511,-7.67888],[109.09556,-7.67888],[109.09557,-7.67888],[109.09602,-7.67888],[109.09602,-7.67933],[109.09602,-7.67934],[109.09647,-7.67934],[109.09647,-7.67979],[109.09647,-7.68024],[109.09647,-7.68069],[109.09646,-7.68069],[109.09646,-7.68114],[109.09692,-7.68114],[109.09692,-7.68115],[109.09736,-7.68115],[109.09737,-7.68115],[109.09737,-7.6807],[109.09691,-7.6807],[109.09691,-7.68024],[109.09692,-7.68024],[109.09692,-7.67979],[109.09737,-7.67979],[109.09737,-7.67934],[109.09782,-7.67934],[109.09782,-7.67889],[109.09828,-7.67889],[109.09828,-7.67844],[109.09783,-7.67844],[109.09783,-7.67799],[109.09783,-7.67754],[109.09738,-7.67754],[109.09738,-7.67709],[109.09738,-7.67708],[109.09738,-7.67663],[109.09693,-7.67663],[109.09648,-7.67663],[109.09647,-7.67663],[109.09602,-7.67663],[109.09602,-7.67617],[109.09557,-7.67617],[109.09557,-7.67572],[109.09603,-7.67572],[109.09603,-7.67527],[109.09648,-7.67527],[109.09648,-7.67482],[109.09667,-7.67482],[109.09667,-7.67509],[109.09685,-7.67509],[109.09694,-7.67509],[109.09694,-7.67527],[109.09739,-7.67527],[109.09739,-7.67482],[109.0974,-7.67482],[109.09784,-7.67482],[109.09785,-7.67482],[109.09785,-7.67438],[109.09785,-7.67437],[109.09785,-7.67419],[109.09794,-7.67419],[109.0983,-7.67419],[109.09831,-7.67419],[109.09848,-7.67419],[109.09848,-7.67437],[109.09848,-7.67438],[109.09848,-7.67474],[109.09866,-7.67474],[109.09866,-7.67483],[109.09831,-7.67483],[109.0983,-7.67483],[109.0983,-7.6751],[109.09829,-7.6751],[109.09812,-7.6751],[109.09812,-7.67492],[109.09785,-7.67492],[109.09784,-7.67492],[109.09776,-7.67492],[109.09776,-7.67527],[109.09776,-7.67528],[109.09784,-7.67528],[109.09785,-7.67528],[109.09793,-7.67528],[109.09793,-7.67546],[109.09785,-7.67546],[109.09784,-7.67546],[109.09775,-7.67546],[109.09757,-7.67546],[109.09739,-7.67546],[109.09739,-7.67528],[109.09703,-7.67528],[109.09703,-7.67546],[109.09702,-7.67546],[109.09694,-7.67546],[109.09693,-7.67546],[109.09685,-7.67546],[109.09685,-7.67564],[109.09667,-7.67564],[109.09667,-7.67572],[109.09667,-7.67573],[109.09667,-7.67599],[109.09684,-7.67599],[109.09693,-7.67599],[109.09694,-7.67599],[109.0972,-7.67599],[109.0972,-7.67581],[109.09721,-7.67581],[109.09721,-7.67618],[109.09738,-7.67618],[109.09739,-7.67618],[109.09775,-7.67618],[109.09784,-7.67618],[109.09784,-7.67663],[109.09829,-7.67663],[109.09829,-7.67619],[109.09829,-7.67618],[109.09811,-7.67618],[109.09811,-7.67573],[109.09811,-7.67564],[109.09812,-7.67564],[109.09812,-7.67573],[109.09812,-7.67582],[109.09829,-7.67582],[109.0983,-7.67582],[109.09848,-7.67582],[109.09848,-7.67573],[109.09848,-7.67528],[109.09875,-7.67528],[109.09875,-7.67492],[109.09902,-7.67492],[109.09902,-7.67483],[109.09902,-7.67456],[109.09884,-7.67456],[109.09884,-7.67438],[109.09884,-7.67401],[109.09903,-7.67401],[109.09903,-7.67393],[109.09903,-7.67392],[109.09903,-7.67366],[109.09884,-7.67366],[109.09884,-7.67365],[109.09885,-7.67365],[109.0992,-7.67365],[109.09921,-7.67365],[109.09921,-7.67348],[109.09921,-7.6733],[109.09903,-7.6733],[109.09903,-7.67329],[109.09876,-7.67329],[109.09875,-7.67329],[109.09867,-7.67329],[109.09831,-7.67329],[109.09831,-7.67347],[109.0983,-7.67347],[109.0983,-7.67302],[109.09786,-7.67302],[109.09786,-7.67347],[109.09794,-7.67347],[109.09794,-7.67365],[109.09785,-7.67365],[109.09785,-7.67347],[109.09741,-7.67347],[109.0974,-7.67347],[109.0974,-7.67392],[109.0974,-7.67401],[109.09739,-7.67401],[109.09721,-7.67401],[109.09704,-7.67401],[109.09695,-7.67401],[109.09694,-7.67401],[109.09667,-7.67401],[109.09667,-7.67437],[109.09649,-7.67437],[109.09649,-7.67392],[109.09604,-7.67392],[109.09604,-7.67436],[109.09604,-7.67437],[109.09604,-7.67482],[109.09595,-7.67482],[109.09594,-7.67437],[109.09594,-7.67437],[109.09593,-7.67391],[109.09604,-7.67391],[109.09604,-7.67346],[109.09604,-7.67301],[109.09592,-7.67301],[109.09592,-7.67296],[109.09567,-7.67301],[109.09559,-7.67301],[109.09514,-7.67301],[109.09513,-7.67301],[109.09468,-7.67301],[109.09468,-7.673],[109.09449,-7.673],[109.09447,-7.67255],[109.09445,-7.6721],[109.09445,-7.67195],[109.09445,-7.67194],[109.09445,-7.67193],[109.09454,-7.67165],[109.09453,-7.67165],[109.09467,-7.67119],[109.09469,-7.67119],[109.09469,-7.67114],[109.09471,-7.67105],[109.09469,-7.67104],[109.09469,-7.67075],[109.09439,-7.67075],[109.09431,-7.67052],[109.0943,-7.67052],[109.09425,-7.67029],[109.09469,-7.67029],[109.0947,-7.67029],[109.0947,-7.66984],[109.0947,-7.66939],[109.09425,-7.66939],[109.09415,-7.66939],[109.09419,-7.66893],[109.09425,-7.66893],[109.09425,-7.66867],[109.09427,-7.66866],[109.0943,-7.66856],[109.09429,-7.66856],[109.09429,-7.66855],[109.09425,-7.6685],[109.09425,-7.66849],[109.09425,-7.66848],[109.09425,-7.66803],[109.09425,-7.66758],[109.09471,-7.66758],[109.09471,-7.66803],[109.09515,-7.66803],[109.09515,-7.66758],[109.09516,-7.66758],[109.09516,-7.6675],[109.09516,-7.66741],[109.09516,-7.66713],[109.09516,-7.66668],[109.09471,-7.66668],[109.09471,-7.66713],[109.09425,-7.66713],[109.09425,-7.66668],[109.09425,-7.66622],[109.09381,-7.66622],[109.0938,-7.66622],[109.09335,-7.66622],[109.09335,-7.66577],[109.0938,-7.66577],[109.09381,-7.66577],[109.09426,-7.66577],[109.09426,-7.66622],[109.09471,-7.66622],[109.09471,-7.66578],[109.09471,-7.66577],[109.09471,-7.66568],[109.09507,-7.66568],[109.09507,-7.6655],[109.09508,-7.6655],[109.09508,-7.66577],[109.09508,-7.66578],[109.09508,-7.66587],[109.09517,-7.66587],[109.09517,-7.66623],[109.09562,-7.66623],[109.09562,-7.66668],[109.09607,-7.66668],[109.09607,-7.66623],[109.09652,-7.66623],[109.09652,-7.66578],[109.09653,-7.66578],[109.09653,-7.66533],[109.09608,-7.66533],[109.09608,-7.66578],[109.09563,-7.66578],[109.09562,-7.66578],[109.09544,-7.66578],[109.09544,-7.66569],[109.09544,-7.66568],[109.09562,-7.66568],[109.09562,-7.66533],[109.09562,-7.66532],[109.09562,-7.66515],[109.09526,-7.66515],[109.09518,-7.66515],[109.09517,-7.66515],[109.0949,-7.66515],[109.0949,-7.66532],[109.0949,-7.66533],[109.09471,-7.66533],[109.09471,-7.66532],[109.09426,-7.66532],[109.09426,-7.66487],[109.09472,-7.66487],[109.09517,-7.66487],[109.09517,-7.66442],[109.09472,-7.66442],[109.09472,-7.66397],[109.09518,-7.66397],[109.09518,-7.66442],[109.09563,-7.66442],[109.09608,-7.66442],[109.09608,-7.66397],[109.09653,-7.66397],[109.09654,-7.66397],[109.0969,-7.66397],[109.0969,-7.66398],[109.0969,-7.66443],[109.09671,-7.66443],[109.09671,-7.66461],[109.09654,-7.66461],[109.09653,-7.66461],[109.09653,-7.66488],[109.09653,-7.66515],[109.09654,-7.66515],[109.09689,-7.66515],[109.09689,-7.66488],[109.09689,-7.66479],[109.0969,-7.66479],[109.09698,-7.66479],[109.09699,-7.66479],[109.09725,-7.66479],[109.09743,-7.66479],[109.09744,-7.66479],[109.09762,-7.66479],[109.09789,-7.66479],[109.09789,-7.66488],[109.09834,-7.66488],[109.09834,-7.66534],[109.09789,-7.66534],[109.09789,-7.66579],[109.09834,-7.66579],[109.09834,-7.66624],[109.09879,-7.66624],[109.09879,-7.66669],[109.09879,-7.6667],[109.09923,-7.6667],[109.09923,-7.66625],[109.09924,-7.66625],[109.09969,-7.66625],[109.09969,-7.6667],[109.09969,-7.66715],[109.09969,-7.6676],[109.09924,-7.6676],[109.09923,-7.6676],[109.09879,-7.6676],[109.09878,-7.6676],[109.09878,-7.66715],[109.09834,-7.66715],[109.09834,-7.66759],[109.09834,-7.6676],[109.09834,-7.66769],[109.09833,-7.66769],[109.09815,-7.66769],[109.09815,-7.6676],[109.09815,-7.66759],[109.09815,-7.66715],[109.09797,-7.66715],[109.09788,-7.66715],[109.09761,-7.66715],[109.09761,-7.66732],[109.0976,-7.66732],[109.09743,-7.66732],[109.09742,-7.66732],[109.09742,-7.66759],[109.09742,-7.66769],[109.09725,-7.66769],[109.09725,-7.66804],[109.09742,-7.66804],[109.09743,-7.66804],[109.09778,-7.66804],[109.09778,-7.66768],[109.09779,-7.66768],[109.09779,-7.66804],[109.09779,-7.66805],[109.09761,-7.66805],[109.09761,-7.6685],[109.09761,-7.66877],[109.09787,-7.66877],[109.09788,-7.66877],[109.09797,-7.66877],[109.09797,-7.6685],[109.09832,-7.6685],[109.09833,-7.6685],[109.09878,-7.6685],[109.09924,-7.6685],[109.09924,-7.66896],[109.09878,-7.66896],[109.09862,-7.66896],[109.09854,-7.66896],[109.09833,-7.66896],[109.09833,-7.66895],[109.09832,-7.66895],[109.09814,-7.66895],[109.09799,-7.66895],[109.09788,-7.66895],[109.09787,-7.66895],[109.09778,-7.66895],[109.09778,-7.66907],[109.09778,-7.66913],[109.09769,-7.66913],[109.09741,-7.66913],[109.09741,-7.669],[109.09741,-7.66895],[109.09742,-7.66895],[109.09742,-7.66891],[109.09742,-7.66877],[109.0976,-7.66877],[109.0976,-7.6685],[109.0976,-7.66841],[109.09743,-7.66841],[109.09742,-7.66841],[109.09724,-7.66841],[109.09724,-7.66823],[109.09697,-7.66823],[109.09688,-7.66823],[109.09688,-7.66822],[109.09697,-7.66822],[109.09706,-7.66822],[109.09706,-7.66805],[109.09706,-7.66804],[109.09706,-7.66768],[109.09697,-7.66768],[109.0967,-7.66768],[109.09661,-7.66768],[109.09652,-7.66768],[109.09651,-7.66768],[109.09634,-7.66768],[109.09634,-7.66773],[109.09634,-7.66804],[109.09634,-7.6684],[109.09651,-7.6684],[109.09652,-7.6684],[109.09668,-7.6684],[109.09677,-7.6684],[109.09688,-7.6684],[109.09688,-7.66849],[109.09688,-7.6685],[109.09688,-7.66859],[109.09687,-7.66859],[109.09687,-7.66882],[109.09687,-7.66894],[109.09687,-7.66895],[109.09697,-7.66895],[109.09697,-7.66913],[109.09687,-7.66913],[109.09687,-7.66931],[109.09669,-7.66931],[109.09651,-7.66931],[109.09633,-7.66931],[109.09633,-7.6693],[109.09633,-7.66895],[109.09615,-7.66895],[109.09615,-7.66894],[109.09633,-7.66894],[109.09633,-7.66858],[109.09615,-7.66858],[109.09606,-7.66858],[109.09597,-7.66858],[109.09597,-7.66849],[109.09597,-7.6684],[109.09561,-7.6684],[109.09561,-7.66849],[109.09561,-7.66858],[109.0956,-7.66858],[109.09543,-7.66858],[109.09543,-7.66894],[109.09542,-7.66894],[109.09542,-7.6693],[109.09524,-7.6693],[109.09524,-7.66939],[109.09524,-7.66984],[109.0956,-7.66984],[109.0956,-7.66966],[109.09578,-7.66966],[109.09578,-7.66984],[109.09605,-7.66984],[109.09606,-7.66984],[109.09614,-7.66984],[109.09614,-7.66967],[109.09614,-7.66966],[109.09633,-7.66966],[109.09633,-7.66967],[109.09633,-7.66985],[109.09615,-7.66985],[109.09615,-7.67021],[109.09651,-7.67021],[109.09651,-7.6703],[109.09605,-7.6703],[109.09605,-7.67075],[109.0965,-7.67075],[109.09669,-7.67075],[109.09669,-7.67093],[109.09695,-7.67093],[109.09696,-7.67093],[109.09705,-7.67093],[109.09705,-7.67075],[109.09741,-7.67075],[109.09741,-7.67057],[109.09759,-7.67057],[109.09759,-7.67031],[109.09759,-7.6703],[109.09759,-7.67022],[109.09741,-7.67022],[109.09723,-7.67022],[109.09723,-7.67021],[109.09705,-7.67021],[109.09705,-7.67003],[109.09695,-7.67003],[109.09695,-7.66985],[109.09706,-7.66985],[109.09706,-7.67003],[109.09741,-7.67003],[109.09742,-7.67003],[109.09742,-7.66986],[109.09742,-7.66985],[109.09759,-7.66985],[109.09759,-7.66967],[109.0976,-7.66967],[109.0976,-7.66985],[109.0976,-7.66986],[109.0976,-7.67021],[109.09777,-7.67021],[109.09786,-7.67021],[109.09787,-7.67021],[109.09813,-7.67021],[109.09813,-7.67003],[109.09814,-7.67003],[109.09814,-7.66986],[109.09814,-7.66985],[109.09832,-7.66985],[109.09832,-7.66967],[109.09833,-7.66967],[109.0985,-7.66967],[109.0985,-7.66941],[109.0985,-7.6694],[109.09854,-7.6694],[109.09862,-7.6694],[109.09878,-7.6694],[109.09878,-7.66941],[109.09878,-7.66953],[109.09878,-7.66962],[109.09878,-7.66986],[109.09923,-7.66986],[109.09923,-7.67031],[109.09923,-7.67076],[109.09935,-7.67076],[109.09945,-7.67076],[109.09968,-7.67076],[109.09968,-7.67077],[109.10013,-7.67077],[109.10013,-7.67122],[109.09968,-7.67122],[109.09968,-7.67167],[109.0996,-7.67167],[109.09952,-7.67167],[109.09922,-7.67167],[109.09922,-7.67203],[109.09903,-7.67203],[109.09903,-7.67212],[109.09903,-7.67221],[109.09886,-7.67221],[109.09886,-7.67239],[109.09885,-7.67239],[109.09885,-7.67221],[109.09885,-7.67212],[109.09885,-7.67185],[109.09876,-7.67185],[109.09876,-7.67167],[109.09868,-7.67167],[109.09868,-7.67166],[109.09876,-7.67166],[109.09877,-7.67166],[109.09903,-7.67166],[109.09903,-7.67148],[109.09904,-7.67148],[109.09904,-7.67122],[109.09904,-7.67121],[109.09904,-7.67095],[109.09877,-7.67095],[109.09876,-7.67095],[109.09868,-7.67095],[109.09868,-7.67112],[109.09868,-7.67113],[109.0985,-7.67113],[109.0985,-7.67121],[109.0985,-7.67148],[109.0985,-7.67149],[109.09849,-7.67149],[109.09849,-7.67148],[109.09849,-7.6713],[109.09831,-7.6713],[109.09831,-7.67121],[109.09831,-7.67076],[109.09787,-7.67076],[109.09786,-7.67076],[109.09741,-7.67076],[109.09741,-7.67094],[109.09741,-7.67121],[109.09741,-7.6713],[109.09759,-7.6713],[109.09759,-7.67148],[109.09741,-7.67148],[109.09741,-7.67166],[109.09741,-7.67184],[109.09759,-7.67184],[109.09776,-7.67184],[109.09777,-7.67184],[109.09777,-7.67202],[109.09785,-7.67202],[109.09786,-7.67202],[109.09795,-7.67202],[109.09813,-7.67202],[109.09831,-7.67202],[109.09831,-7.67203],[109.09813,-7.67203],[109.09813,-7.67212],[109.09785,-7.67212],[109.09785,-7.67211],[109.09741,-7.67211],[109.09741,-7.67238],[109.0974,-7.67238],[109.0974,-7.67211],[109.0974,-7.67202],[109.09704,-7.67202],[109.09704,-7.67211],[109.09704,-7.67256],[109.09696,-7.67256],[109.09695,-7.67256],[109.09686,-7.67256],[109.09686,-7.67292],[109.09695,-7.67292],[109.09696,-7.67292],[109.09696,-7.67301],[109.0974,-7.67301],[109.0974,-7.67292],[109.0974,-7.67274],[109.09741,-7.67274],[109.09758,-7.67274],[109.09758,-7.67293],[109.09785,-7.67293],[109.09786,-7.67293],[109.09794,-7.67293],[109.09794,-7.67257],[109.0983,-7.67257],[109.0983,-7.67239],[109.0983,-7.67238],[109.09831,-7.67238],[109.09831,-7.67239],[109.09831,-7.67257],[109.09831,-7.67275],[109.09849,-7.67275],[109.09849,-7.67293],[109.09875,-7.67293],[109.09876,-7.67293],[109.09885,-7.67293],[109.09885,-7.67275],[109.09921,-7.67275],[109.09921,-7.67257],[109.09939,-7.67257],[109.09939,-7.67212],[109.09962,-7.67212],[109.09967,-7.67212],[109.09967,-7.67234],[109.09967,-7.67257],[109.09972,-7.67257],[109.09981,-7.67257],[109.10012,-7.67257],[109.10012,-7.67303],[109.10012,-7.67344],[109.10012,-7.67348],[109.10014,-7.67348],[109.10057,-7.67348],[109.10057,-7.67393],[109.10041,-7.67393],[109.10032,-7.67393],[109.10012,-7.67393],[109.10011,-7.67393],[109.10011,-7.67438],[109.10049,-7.67438],[109.10057,-7.67438],[109.10057,-7.67458],[109.10057,-7.67484],[109.10072,-7.67484],[109.10082,-7.67484],[109.10102,-7.67484],[109.10102,-7.67519],[109.10102,-7.67529],[109.10098,-7.67529],[109.10056,-7.67529],[109.10011,-7.67529],[109.10011,-7.67574],[109.10055,-7.67574],[109.10056,-7.67574],[109.101,-7.67574],[109.10101,-7.67574],[109.1011,-7.67574],[109.10119,-7.67574],[109.10146,-7.67574],[109.10185,-7.67574],[109.10191,-7.67574],[109.10191,-7.67572],[109.10191,-7.6753],[109.10191,-7.67529],[109.10192,-7.67529],[109.10192,-7.67484],[109.10238,-7.67484],[109.10238,-7.6753],[109.10237,-7.6753],[109.10237,-7.67556],[109.10237,-7.67564],[109.10237,-7.67575],[109.10237,-7.6762],[109.10282,-7.6762],[109.10282,-7.67665],[109.10282,-7.67666],[109.10236,-7.67666],[109.10236,-7.67665],[109.10236,-7.6762],[109.10192,-7.6762],[109.10191,-7.6762],[109.10191,-7.67665],[109.10191,-7.6771],[109.10191,-7.67755],[109.10191,-7.67801],[109.10146,-7.67801],[109.10146,-7.67846],[109.101,-7.67846],[109.101,-7.678],[109.101,-7.67755],[109.101,-7.6771],[109.10056,-7.6771],[109.10056,-7.67755],[109.10011,-7.67755],[109.1001,-7.67755],[109.09965,-7.67755],[109.09965,-7.67799],[109.09965,-7.678],[109.10009,-7.678],[109.1001,-7.678],[109.10055,-7.678],[109.10055,-7.67845],[109.10055,-7.6789],[109.10055,-7.67935],[109.10055,-7.67936],[109.101,-7.67936],[109.101,-7.67981],[109.10145,-7.67981],[109.10145,-7.67936],[109.10191,-7.67936],[109.10191,-7.67981],[109.10235,-7.67981],[109.10235,-7.67936],[109.10236,-7.67936],[109.10236,-7.67891],[109.10281,-7.67891],[109.10326,-7.67891],[109.10326,-7.67892],[109.10371,-7.67892],[109.10417,-7.67892],[109.10417,-7.67937],[109.10371,-7.67937],[109.10371,-7.67982],[109.10371,-7.68018],[109.10335,-7.68018],[109.10335,-7.68027],[109.10335,-7.68036],[109.10335,-7.68037],[109.10334,-7.68037],[109.10334,-7.68072],[109.10334,-7.68073],[109.10334,-7.6809],[109.10334,-7.68091],[109.10325,-7.68091],[109.10325,-7.6809],[109.10325,-7.68072],[109.10326,-7.68072],[109.10326,-7.68027],[109.10281,-7.68027],[109.10281,-7.68072],[109.10235,-7.68072],[109.10235,-7.68108],[109.10226,-7.68108],[109.10225,-7.68108],[109.1019,-7.68108],[109.10189,-7.68108],[109.10189,-7.68117],[109.10189,-7.68126],[109.10153,-7.68126],[109.10144,-7.68126],[109.10135,-7.68126],[109.10135,-7.68117],[109.10135,-7.68116],[109.10135,-7.68108],[109.10099,-7.68108],[109.10098,-7.68108],[109.10081,-7.68108],[109.1008,-7.68108],[109.10063,-7.68107],[109.10081,-7.68107],[109.10098,-7.68107],[109.10099,-7.68107],[109.10135,-7.68107],[109.10135,-7.68072],[109.10135,-7.68071],[109.10135,-7.68054],[109.10117,-7.68054],[109.10117,-7.68053],[109.10099,-7.68053],[109.10099,-7.68026],[109.10054,-7.68026],[109.10054,-7.67981],[109.10009,-7.67981],[109.10009,-7.67936],[109.10009,-7.67935],[109.09964,-7.67935],[109.09919,-7.67935],[109.09918,-7.67935],[109.09873,-7.67935],[109.09873,-7.6789],[109.09828,-7.6789],[109.09828,-7.67934],[109.09828,-7.67935],[109.09828,-7.6798],[109.09872,-7.6798],[109.09873,-7.6798],[109.09918,-7.6798],[109.09918,-7.68025],[109.09918,-7.6807],[109.09954,-7.6807],[109.09954,-7.68071],[109.09954,-7.68089],[109.09936,-7.68089],[109.09936,-7.68116],[109.09936,-7.68125],[109.09935,-7.68125],[109.09918,-7.68125],[109.09917,-7.68125],[109.099,-7.68125],[109.099,-7.68116],[109.099,-7.68115],[109.099,-7.68107],[109.09873,-7.68107],[109.09872,-7.68107],[109.09864,-7.68107],[109.09864,-7.68115],[109.09864,-7.68116],[109.09864,-7.68125],[109.09863,-7.68125],[109.09845,-7.68125],[109.09845,-7.68116],[109.09845,-7.68115],[109.09845,-7.68106],[109.09827,-7.68106],[109.09809,-7.68106],[109.09809,-7.68115],[109.09809,-7.68124],[109.09791,-7.68124],[109.09791,-7.68142],[109.09782,-7.68142],[109.09754,-7.68142],[109.09754,-7.6816],[109.09737,-7.6816],[109.09736,-7.6816],[109.09692,-7.6816],[109.09691,-7.6816],[109.09691,-7.68205],[109.097,-7.68205],[109.097,-7.68214],[109.09736,-7.68214],[109.09736,-7.68206],[109.09736,-7.68205],[109.09736,-7.68196],[109.09772,-7.68196],[109.09772,-7.68178],[109.09773,-7.68178],[109.09773,-7.68196],[109.09781,-7.68196],[109.09782,-7.68196],[109.0979,-7.68196],[109.09826,-7.68196],[109.09826,-7.68161],[109.09809,-7.68161],[109.09809,-7.6816],[109.09827,-7.6816],[109.09827,-7.68161],[109.09827,-7.68178],[109.09845,-7.68178],[109.09845,-7.68179],[109.09863,-7.68179],[109.09863,-7.68197],[109.09872,-7.68197],[109.09873,-7.68197],[109.09881,-7.68197],[109.09899,-7.68197],[109.09899,-7.68206],[109.09873,-7.68206],[109.09872,-7.68206],[109.09827,-7.68206],[109.09827,-7.68251],[109.09782,-7.68251],[109.09782,-7.68296],[109.09781,-7.68296],[109.09781,-7.68341],[109.09754,-7.68341],[109.09754,-7.68377],[109.09771,-7.68377],[109.09771,-7.68386],[109.09771,-7.68395],[109.0978,-7.68395],[109.09781,-7.68395],[109.09789,-7.68395],[109.09789,-7.68396],[109.09781,-7.68396],[109.0978,-7.68396],[109.09771,-7.68396],[109.09771,-7.68431],[109.09771,-7.68467],[109.0978,-7.68467],[109.09789,-7.68467],[109.0979,-7.68467],[109.09807,-7.68467],[109.09807,-7.68468],[109.09825,-7.68468],[109.09826,-7.68468],[109.09843,-7.68468],[109.09843,-7.6845],[109.09844,-7.6845],[109.09844,-7.68477],[109.09844,-7.68486],[109.09862,-7.68486],[109.0987,-7.68486],[109.09871,-7.68486],[109.09898,-7.68486],[109.09898,-7.68477],[109.09898,-7.6845],[109.0988,-7.6845],[109.0988,-7.68432],[109.0988,-7.68414],[109.09871,-7.68414],[109.09871,-7.68396],[109.09871,-7.68395],[109.09898,-7.68395],[109.09898,-7.68387],[109.09917,-7.68387],[109.09917,-7.68432],[109.09962,-7.68432],[109.09962,-7.68477],[109.09962,-7.68522],[109.09955,-7.68519],[109.09943,-7.68515],[109.09916,-7.68509],[109.09909,-7.68507],[109.09893,-7.68507],[109.09883,-7.68507],[109.09875,-7.6851],[109.09871,-7.68511],[109.09871,-7.68511],[109.09866,-7.68512],[109.09846,-7.68515],[109.09833,-7.6852],[109.09826,-7.68522],[109.09826,-7.68522],[109.09825,-7.68522],[109.09824,-7.68522],[109.09811,-7.68522],[109.09806,-7.68522],[109.09795,-7.68521],[109.09786,-7.68518],[109.09781,-7.68517],[109.0978,-7.68517],[109.09763,-7.6852],[109.09754,-7.68522],[109.09755,-7.68522],[109.09734,-7.68526],[109.09703,-7.6853],[109.09695,-7.68531],[109.09694,-7.68531],[109.09689,-7.68533],[109.09689,-7.68522],[109.09689,-7.68521],[109.09644,-7.68521],[109.09643,-7.68521],[109.09599,-7.68521],[109.09599,-7.68566],[109.09599,-7.68585],[109.09594,-7.68588],[109.09587,-7.68593],[109.0958,-7.686],[109.09575,-7.68604],[109.09565,-7.68611],[109.09563,-7.68611],[109.09553,-7.68611],[109.09553,-7.68566],[109.09509,-7.68566],[109.09508,-7.68566],[109.09463,-7.68566],[109.09463,-7.68521],[109.09463,-7.6852],[109.09463,-7.68475],[109.09463,-7.6843],[109.09463,-7.68385],[109.09418,-7.68385],[109.09418,-7.6834],[109.09418,-7.68339],[109.09418,-7.68295],[109.09418,-7.68294],[109.09418,-7.68249],[109.09374,-7.68249],[109.09374,-7.68294],[109.09373,-7.68294],[109.09329,-7.68294],[109.09329,-7.68339],[109.09328,-7.68339],[109.09283,-7.68339],[109.09283,-7.68384],[109.09283,-7.68429],[109.09328,-7.68429],[109.09328,-7.68475],[109.09282,-7.68475],[109.09282,-7.68474],[109.09236,-7.68474],[109.09236,-7.68429],[109.09237,-7.68429],[109.09237,-7.68384],[109.09192,-7.68384],[109.09191,-7.68384],[109.09146,-7.68384],[109.09146,-7.68338],[109.09147,-7.68338],[109.09147,-7.68293],[109.09102,-7.68293],[109.09101,-7.68293],[109.09056,-7.68293],[109.09056,-7.68248],[109.09056,-7.68247],[109.09056,-7.68202],[109.09011,-7.68202],[109.09011,-7.68157],[109.09057,-7.68157],[109.09057,-7.68202],[109.09102,-7.68202],[109.09148,-7.68202]],[[109.09603,-7.67617],[109.09647,-7.67617],[109.09648,-7.67617],[109.09648,-7.67573],[109.09648,-7.67572],[109.09603,-7.67572],[109.09603,-7.67617]],[[109.0956,-7.67075],[109.0956,-7.6712],[109.09515,-7.6712],[109.09515,-7.67165],[109.09559,-7.67165],[109.0956,-7.67165],[109.09605,-7.67165],[109.09605,-7.6712],[109.09605,-7.67075],[109.0956,-7.67075]],[[109.10145,-7.68026],[109.10189,-7.68026],[109.1019,-7.68026],[109.1019,-7.68027],[109.1019,-7.68036],[109.10189,-7.68036],[109.10153,-7.68036],[109.10153,-7.68071],[109.10172,-7.68071],[109.10172,-7.68072],[109.10189,-7.68072],[109.1019,-7.68072],[109.10226,-7.68072],[109.10226,-7.68036],[109.10235,-7.68036],[109.10262,-7.68036],[109.10262,-7.68027],[109.1028,-7.68027],[109.1028,-7.67982],[109.10236,-7.67982],[109.10236,-7.68],[109.10208,-7.68],[109.10208,-7.68018],[109.1019,-7.68018],[109.1019,-7.67981],[109.10145,-7.67981],[109.10145,-7.68026]],[[109.09283,-7.68294],[109.09238,-7.68294],[109.09238,-7.68339],[109.09283,-7.68339],[109.09283,-7.68294]],[[109.09782,-7.6807],[109.09827,-7.6807],[109.09827,-7.68025],[109.09827,-7.6798],[109.09782,-7.6798],[109.09782,-7.68024],[109.09782,-7.68025],[109.09782,-7.6807]],[[109.09464,-7.68249],[109.09464,-7.68294],[109.09509,-7.68294],[109.09509,-7.6825],[109.09509,-7.68249],[109.09509,-7.68205],[109.09509,-7.68204],[109.09464,-7.68204],[109.09419,-7.68204],[109.09419,-7.68249],[109.09464,-7.68249]],[[109.09509,-7.68475],[109.09509,-7.6852],[109.09509,-7.68521],[109.09553,-7.68521],[109.09554,-7.68521],[109.09598,-7.68521],[109.09598,-7.68476],[109.09599,-7.68476],[109.09643,-7.68476],[109.09644,-7.68476],[109.09644,-7.68431],[109.09599,-7.68431],[109.09554,-7.68431],[109.09553,-7.68431],[109.09553,-7.68385],[109.09554,-7.68385],[109.09599,-7.68385],[109.09599,-7.6834],[109.09554,-7.6834],[109.09554,-7.68295],[109.09509,-7.68295],[109.09509,-7.6834],[109.09509,-7.68385],[109.09509,-7.6843],[109.09509,-7.68475]],[[109.09591,-7.68159],[109.09591,-7.6816],[109.09591,-7.68177],[109.096,-7.68177],[109.09601,-7.68177],[109.09609,-7.68177],[109.09609,-7.68205],[109.09609,-7.68214],[109.09627,-7.68214],[109.09627,-7.68232],[109.09645,-7.68232],[109.09646,-7.68232],[109.09663,-7.68232],[109.09663,-7.68214],[109.09664,-7.68214],[109.09664,-7.68205],[109.09664,-7.68178],[109.09664,-7.6816],[109.09664,-7.68144],[109.09664,-7.68142],[109.09662,-7.68142],[109.09646,-7.68142],[109.09627,-7.68142],[109.09601,-7.68142],[109.096,-7.68142],[109.09591,-7.68142],[109.09591,-7.68159]],[[109.09599,-7.68286],[109.096,-7.68286],[109.09609,-7.68286],[109.09627,-7.68286],[109.09627,-7.68295],[109.09627,-7.6834],[109.09644,-7.6834],[109.09645,-7.6834],[109.09681,-7.6834],[109.09681,-7.68322],[109.0969,-7.68322],[109.09691,-7.68322],[109.09699,-7.68322],[109.097,-7.68322],[109.09718,-7.68322],[109.09718,-7.68323],[109.09735,-7.68323],[109.09736,-7.68323],[109.09754,-7.68323],[109.09754,-7.68296],[109.09754,-7.68287],[109.09736,-7.68287],[109.09736,-7.68269],[109.09706,-7.68269],[109.09691,-7.68269],[109.0969,-7.68269],[109.09681,-7.68269],[109.09681,-7.68295],[109.09681,-7.68296],[109.09681,-7.68305],[109.09663,-7.68305],[109.09663,-7.68304],[109.09663,-7.68296],[109.09663,-7.68295],[109.09663,-7.68268],[109.09645,-7.68268],[109.09645,-7.6825],[109.09627,-7.6825],[109.096,-7.6825],[109.09591,-7.6825],[109.09591,-7.68286],[109.09599,-7.68286]],[[109.09601,-7.68024],[109.09601,-7.67979],[109.09559,-7.67979],[109.09558,-7.67979],[109.09556,-7.67979],[109.09556,-7.68017],[109.09556,-7.68024],[109.09601,-7.68024]],[[109.09552,-7.68024],[109.09511,-7.68024],[109.09511,-7.68043],[109.09511,-7.68069],[109.09555,-7.68069],[109.09555,-7.68024],[109.09552,-7.68024]],[[109.09634,-7.66696],[109.09634,-7.66714],[109.09634,-7.66732],[109.09652,-7.66732],[109.0967,-7.66732],[109.0967,-7.66714],[109.09671,-7.66714],[109.09671,-7.66732],[109.09697,-7.66732],[109.09698,-7.66732],[109.09707,-7.66732],[109.09707,-7.66714],[109.09742,-7.66714],[109.09743,-7.66714],[109.09743,-7.66669],[109.09742,-7.66669],[109.09742,-7.6666],[109.09725,-7.6666],[109.09725,-7.66624],[109.09698,-7.66624],[109.09689,-7.66624],[109.09689,-7.66642],[109.09671,-7.66642],[109.09671,-7.6666],[109.0967,-7.6666],[109.09653,-7.6666],[109.09652,-7.6666],[109.09652,-7.66668],[109.09652,-7.66669],[109.09652,-7.66696],[109.09634,-7.66696]],[[109.09514,-7.6721],[109.09514,-7.67255],[109.09559,-7.67255],[109.09559,-7.67211],[109.09559,-7.6721],[109.09515,-7.6721],[109.09514,-7.6721]],[[109.09828,-7.67709],[109.09784,-7.67709],[109.09784,-7.67754],[109.09828,-7.67754],[109.09828,-7.67709]],[[109.09938,-7.67483],[109.09938,-7.67492],[109.09921,-7.67492],[109.0992,-7.67492],[109.0992,-7.6751],[109.09902,-7.6751],[109.09902,-7.67528],[109.09902,-7.67546],[109.0992,-7.67546],[109.09921,-7.67546],[109.09939,-7.67546],[109.09939,-7.67529],[109.09939,-7.67528],[109.09965,-7.67528],[109.09966,-7.67528],[109.09974,-7.67528],[109.09974,-7.67492],[109.09975,-7.67492],[109.09975,-7.6751],[109.09993,-7.6751],[109.1001,-7.6751],[109.10011,-7.6751],[109.10029,-7.6751],[109.10029,-7.67493],[109.10029,-7.67492],[109.10047,-7.67492],[109.10047,-7.67484],[109.10047,-7.67483],[109.10047,-7.67457],[109.10029,-7.67457],[109.10011,-7.67457],[109.09993,-7.67457],[109.09993,-7.67456],[109.09966,-7.67456],[109.09965,-7.67456],[109.09957,-7.67456],[109.09957,-7.67474],[109.09938,-7.67474],[109.09938,-7.67483]],[[109.09966,-7.67619],[109.1001,-7.67619],[109.1001,-7.67574],[109.09966,-7.67574],[109.09966,-7.67619]],[[109.09829,-7.67799],[109.09829,-7.67844],[109.09873,-7.67844],[109.09873,-7.67799],[109.09919,-7.67799],[109.09919,-7.67754],[109.09919,-7.67709],[109.09875,-7.67709],[109.09874,-7.67709],[109.09874,-7.67754],[109.09829,-7.67754],[109.09829,-7.67799]],[[109.09875,-7.67664],[109.09919,-7.67664],[109.0992,-7.67664],[109.0992,-7.67619],[109.09875,-7.67619],[109.09875,-7.67663],[109.09875,-7.67664]]],[[[109.08875,-7.68292],[109.08875,-7.68247],[109.08921,-7.68247],[109.08921,-7.68292],[109.08875,-7.68292]]],[[[109.08923,-7.67795],[109.08923,-7.6775],[109.08968,-7.6775],[109.08968,-7.67795],[109.08923,-7.67795]]],[[[109.08879,-7.67298],[109.08879,-7.67253],[109.08925,-7.67253],[109.08925,-7.67298],[109.08879,-7.67298]]],[[[109.08971,-7.67117],[109.09016,-7.67117],[109.09016,-7.67163],[109.08971,-7.67163],[109.08971,-7.67117]]],[[[109.08931,-7.65897],[109.08931,-7.65852],[109.08976,-7.65852],[109.08977,-7.65852],[109.09022,-7.65852],[109.09022,-7.65898],[109.08977,-7.65898],[109.08977,-7.65933],[109.08977,-7.65943],[109.08931,-7.65943],[109.08931,-7.65936],[109.08931,-7.65897]]],[[[109.08978,-7.65581],[109.08977,-7.65581],[109.08977,-7.65536],[109.08978,-7.65536],[109.09023,-7.65536],[109.09023,-7.65581],[109.08978,-7.65581]]],[[[109.09029,-7.65446],[109.09029,-7.65441],[109.09047,-7.65441],[109.09047,-7.65446],[109.09029,-7.65446]]],[[[109.09056,-7.65432],[109.09065,-7.65432],[109.09065,-7.65401],[109.09065,-7.65377],[109.0907,-7.65377],[109.0907,-7.65378],[109.0907,-7.65401],[109.09069,-7.65401],[109.09069,-7.65446],[109.09056,-7.65446],[109.09056,-7.65432]]],[[[109.09069,-7.65355],[109.09084,-7.65352],[109.09084,-7.65356],[109.0907,-7.65356],[109.0907,-7.65359],[109.0907,-7.6536],[109.0906,-7.6536],[109.09056,-7.65359],[109.09056,-7.65358],[109.09063,-7.65357],[109.09069,-7.65355]]],[[[109.08939,-7.65169],[109.08935,-7.65169],[109.08934,-7.65169],[109.08912,-7.65169],[109.08912,-7.6516],[109.08894,-7.6516],[109.08894,-7.65142],[109.08934,-7.65142],[109.08935,-7.65142],[109.0894,-7.65142],[109.08939,-7.65169]]],[[[109.09085,-7.65152],[109.09084,-7.65152],[109.09075,-7.65152],[109.09075,-7.65161],[109.09071,-7.65161],[109.0907,-7.65161],[109.09057,-7.65161],[109.09057,-7.6516],[109.09057,-7.65152],[109.09048,-7.65151],[109.09048,-7.65133],[109.0907,-7.65133],[109.09071,-7.65133],[109.09085,-7.65133],[109.09085,-7.65134],[109.09085,-7.65152]]],[[[109.09025,-7.6516],[109.09012,-7.6516],[109.09012,-7.65151],[109.09021,-7.65151],[109.09021,-7.65133],[109.09025,-7.65133],[109.09039,-7.65133],[109.09039,-7.6516],[109.09025,-7.6516]]],[[[109.09076,-7.65079],[109.09097,-7.65079],[109.09098,-7.65079],[109.09098,-7.65084],[109.09098,-7.65085],[109.09116,-7.65085],[109.09134,-7.65085],[109.09152,-7.65085],[109.09152,-7.65103],[109.09157,-7.65103],[109.09157,-7.65107],[109.09161,-7.65107],[109.09166,-7.65107],[109.09166,-7.65116],[109.09161,-7.65116],[109.09148,-7.65116],[109.09148,-7.65089],[109.0913,-7.65089],[109.0913,-7.65098],[109.09121,-7.65098],[109.09121,-7.65116],[109.09116,-7.65116],[109.09076,-7.65115],[109.09076,-7.65124],[109.09071,-7.65124],[109.09067,-7.65124],[109.09066,-7.65124],[109.09066,-7.65106],[109.09057,-7.65106],[109.09058,-7.65084],[109.09058,-7.65061],[109.09071,-7.65061],[109.09076,-7.65061],[109.09076,-7.65079]]],[[[109.09048,-7.65115],[109.09026,-7.65115],[109.09025,-7.65115],[109.09021,-7.65115],[109.09021,-7.65124],[109.08994,-7.65124],[109.08994,-7.65115],[109.08989,-7.65115],[109.08989,-7.65084],[109.09021,-7.65084],[109.09021,-7.65088],[109.09025,-7.65088],[109.09026,-7.65088],[109.09049,-7.65088],[109.09048,-7.65115]]],[[[109.08885,-7.65078],[109.08885,-7.6506],[109.08886,-7.6506],[109.08889,-7.6506],[109.0889,-7.6506],[109.08922,-7.6506],[109.08922,-7.65069],[109.08931,-7.65069],[109.08931,-7.6507],[109.08931,-7.65079],[109.08935,-7.65079],[109.0894,-7.65079],[109.0894,-7.65084],[109.08935,-7.65084],[109.08917,-7.65084],[109.08917,-7.65102],[109.08916,-7.65102],[109.08916,-7.65084],[109.08904,-7.65084],[109.08903,-7.65084],[109.08904,-7.65078],[109.0889,-7.65078],[109.08889,-7.65078],[109.08885,-7.65078]]],[[[109.08981,-7.65061],[109.08981,-7.6507],[109.08976,-7.6507],[109.08976,-7.65079],[109.08981,-7.65079],[109.08981,-7.65084],[109.08953,-7.65084],[109.08949,-7.65084],[109.08949,-7.65079],[109.0894,-7.65079],[109.0894,-7.6506],[109.08981,-7.65061]]],[[[109.08996,-7.6147],[109.08996,-7.61469],[109.08996,-7.61424],[109.09042,-7.61424],[109.09042,-7.61469],[109.09042,-7.6147],[109.08996,-7.6147]]],[[[109.09088,-7.61198],[109.09088,-7.61199],[109.09133,-7.61199],[109.09133,-7.61244],[109.09133,-7.61289],[109.09133,-7.61334],[109.09178,-7.61334],[109.09178,-7.6138],[109.09132,-7.6138],[109.09087,-7.6138],[109.09087,-7.61379],[109.09087,-7.61334],[109.09087,-7.61289],[109.09087,-7.61244],[109.09042,-7.61244],[109.08997,-7.61244],[109.08997,-7.61198],[109.09042,-7.61198],[109.09088,-7.61198]]],[[[109.08909,-7.60565],[109.08955,-7.60565],[109.08955,-7.60611],[109.08909,-7.60611],[109.08909,-7.60565]]],[[[109.09092,-7.6025],[109.09092,-7.60295],[109.09047,-7.60295],[109.09046,-7.60295],[109.09001,-7.60295],[109.09001,-7.60249],[109.09046,-7.60249],[109.09047,-7.60249],[109.09092,-7.60249],[109.09092,-7.6025]]],[[[109.08958,-7.59752],[109.08913,-7.59752],[109.08913,-7.59707],[109.08958,-7.59707],[109.08959,-7.59707],[109.08959,-7.59752],[109.08958,-7.59752]]],[[[109.09193,-7.68113],[109.09148,-7.68113],[109.09148,-7.68112],[109.09148,-7.68067],[109.09193,-7.68067],[109.09193,-7.68112],[109.09193,-7.68113]]],[[[109.09196,-7.67254],[109.09196,-7.67209],[109.09151,-7.67209],[109.09151,-7.67163],[109.09197,-7.67163],[109.09197,-7.67164],[109.09208,-7.67164],[109.09211,-7.67164],[109.09211,-7.67174],[109.09211,-7.67175],[109.09211,-7.67209],[109.09211,-7.67235],[109.09213,-7.67254],[109.09204,-7.67254],[109.09196,-7.67254]]],[[[109.09106,-7.67028],[109.09152,-7.67028],[109.09152,-7.67073],[109.09106,-7.67073],[109.09106,-7.67028]]],[[[109.09383,-7.6608],[109.09338,-7.6608],[109.09338,-7.66035],[109.09338,-7.65989],[109.09383,-7.65989],[109.09383,-7.65945],[109.09383,-7.65944],[109.09339,-7.65944],[109.09338,-7.65944],[109.09293,-7.65944],[109.09293,-7.65899],[109.09248,-7.65899],[109.09203,-7.65899],[109.09203,-7.65853],[109.09248,-7.65853],[109.09293,-7.65853],[109.09293,-7.65809],[109.09293,-7.65808],[109.09293,-7.65763],[109.09248,-7.65763],[109.09248,-7.65718],[109.09248,-7.65673],[109.09294,-7.65673],[109.09294,-7.65628],[109.09327,-7.65628],[109.09327,-7.65632],[109.09336,-7.65632],[109.09336,-7.65628],[109.09339,-7.65628],[109.0934,-7.65628],[109.0934,-7.65614],[109.09345,-7.65614],[109.09345,-7.65596],[109.09354,-7.65596],[109.09354,-7.65583],[109.09354,-7.65578],[109.09363,-7.65578],[109.09364,-7.6556],[109.09373,-7.6556],[109.09373,-7.65551],[109.09385,-7.65551],[109.09386,-7.65551],[109.09391,-7.65551],[109.09391,-7.65538],[109.09391,-7.65533],[109.094,-7.65533],[109.094,-7.65506],[109.09409,-7.65506],[109.09409,-7.65515],[109.09427,-7.65515],[109.09427,-7.65505],[109.09432,-7.65502],[109.09432,-7.65502],[109.09443,-7.65493],[109.09445,-7.65493],[109.09446,-7.65493],[109.09445,-7.65506],[109.09454,-7.65506],[109.09454,-7.65497],[109.09463,-7.65497],[109.09463,-7.65493],[109.09464,-7.65493],[109.09476,-7.65493],[109.09476,-7.65463],[109.09492,-7.65448],[109.09521,-7.65448],[109.09521,-7.65403],[109.09522,-7.65403],[109.09522,-7.65358],[109.09522,-7.65334],[109.09528,-7.65334],[109.09528,-7.65325],[109.09537,-7.65325],[109.09537,-7.65334],[109.09546,-7.65334],[109.09546,-7.65343],[109.09567,-7.65343],[109.09568,-7.65343],[109.09568,-7.65343],[109.09573,-7.65344],[109.09573,-7.65325],[109.09582,-7.65325],[109.09582,-7.65335],[109.09591,-7.65335],[109.09591,-7.65313],[109.09591,-7.65299],[109.09573,-7.65298],[109.09573,-7.65307],[109.09567,-7.65307],[109.09567,-7.65288],[109.09567,-7.65272],[109.09567,-7.65271],[109.0957,-7.65271],[109.09582,-7.65271],[109.09582,-7.65268],[109.09582,-7.65267],[109.09582,-7.65265],[109.09582,-7.65253],[109.09591,-7.65253],[109.09591,-7.65244],[109.09592,-7.65244],[109.09601,-7.65244],[109.09601,-7.65235],[109.09592,-7.65235],[109.09592,-7.65227],[109.09592,-7.65226],[109.09596,-7.65226],[109.09597,-7.65226],[109.09601,-7.65226],[109.09601,-7.65225],[109.09601,-7.65223],[109.09601,-7.65222],[109.09601,-7.65217],[109.09592,-7.65217],[109.09592,-7.65199],[109.09583,-7.65199],[109.09583,-7.65208],[109.09569,-7.65208],[109.09568,-7.65208],[109.09565,-7.65208],[109.09565,-7.65222],[109.09564,-7.6523],[109.09564,-7.65253],[109.09537,-7.65253],[109.09537,-7.65262],[109.09523,-7.65262],[109.09522,-7.65262],[109.09501,-7.65262],[109.09501,-7.65267],[109.09501,-7.65271],[109.09492,-7.65271],[109.09492,-7.6528],[109.09477,-7.6528],[109.09465,-7.6528],[109.09465,-7.65289],[109.09464,-7.65289],[109.09455,-7.65289],[109.09455,-7.65271],[109.09446,-7.65271],[109.09446,-7.65267],[109.09446,-7.65262],[109.09465,-7.65262],[109.09465,-7.65253],[109.09477,-7.65253],[109.09478,-7.65253],[109.09492,-7.65253],[109.09492,-7.65244],[109.0951,-7.65244],[109.0951,-7.65235],[109.09522,-7.65235],[109.09523,-7.65235],[109.09537,-7.65235],[109.09537,-7.65244],[109.09546,-7.65244],[109.09546,-7.65222],[109.09546,-7.65208],[109.09549,-7.65208],[109.09555,-7.65208],[109.09555,-7.65199],[109.09549,-7.65199],[109.09548,-7.65199],[109.09546,-7.65199],[109.09546,-7.6519],[109.09547,-7.6519],[109.09548,-7.6519],[109.09555,-7.6519],[109.09555,-7.65177],[109.09556,-7.65172],[109.09568,-7.65172],[109.09569,-7.65172],[109.09574,-7.65172],[109.09574,-7.65163],[109.09583,-7.65163],[109.09583,-7.65172],[109.09592,-7.65172],[109.09592,-7.65177],[109.09592,-7.6519],[109.09613,-7.6519],[109.09614,-7.6519],[109.09619,-7.6519],[109.09619,-7.65199],[109.09628,-7.65199],[109.09628,-7.6519],[109.09637,-7.6519],[109.09637,-7.65181],[109.09614,-7.65181],[109.09613,-7.65181],[109.0961,-7.65181],[109.0961,-7.65177],[109.0961,-7.65172],[109.09614,-7.65172],[109.09619,-7.65172],[109.09619,-7.65163],[109.09614,-7.65163],[109.0961,-7.65163],[109.0961,-7.65145],[109.09614,-7.65145],[109.09619,-7.65145],[109.09619,-7.65136],[109.09614,-7.65136],[109.0961,-7.65136],[109.0961,-7.65132],[109.0961,-7.651],[109.09592,-7.651],[109.09592,-7.6509],[109.09601,-7.65091],[109.09601,-7.65087],[109.09601,-7.65082],[109.09583,-7.65082],[109.09583,-7.65087],[109.09583,-7.6509],[109.09583,-7.65091],[109.09569,-7.65091],[109.09565,-7.6509],[109.09565,-7.65087],[109.09565,-7.65086],[109.09565,-7.65072],[109.09569,-7.65072],[109.09574,-7.65072],[109.09574,-7.65063],[109.09569,-7.65063],[109.09556,-7.65063],[109.09556,-7.65072],[109.09547,-7.65072],[109.09547,-7.65086],[109.09547,-7.65087],[109.09547,-7.6509],[109.09538,-7.6509],[109.09538,-7.65087],[109.09538,-7.65086],[109.09538,-7.65081],[109.09529,-7.65081],[109.09529,-7.65041],[109.09569,-7.65041],[109.09569,-7.64996],[109.09614,-7.64996],[109.09615,-7.64996],[109.0963,-7.64996],[109.09639,-7.64996],[109.0966,-7.64996],[109.0966,-7.64952],[109.0966,-7.64951],[109.09705,-7.64951],[109.09705,-7.64952],[109.09705,-7.64997],[109.0975,-7.64997],[109.0975,-7.65042],[109.09795,-7.65042],[109.09795,-7.64997],[109.09841,-7.64997],[109.09841,-7.65042],[109.09841,-7.65043],[109.09841,-7.65088],[109.0984,-7.65088],[109.0984,-7.65133],[109.09885,-7.65133],[109.0993,-7.65133],[109.0993,-7.65088],[109.09931,-7.65088],[109.09931,-7.65043],[109.09931,-7.64998],[109.09976,-7.64998],[109.09977,-7.64998],[109.10022,-7.64998],[109.10022,-7.64953],[109.10022,-7.64908],[109.10068,-7.64908],[109.10068,-7.64863],[109.10023,-7.64863],[109.10023,-7.64818],[109.10068,-7.64818],[109.10069,-7.64818],[109.10069,-7.64863],[109.10113,-7.64863],[109.10114,-7.64863],[109.10158,-7.64863],[109.10159,-7.64863],[109.10204,-7.64863],[109.10204,-7.64864],[109.10248,-7.64864],[109.10248,-7.64819],[109.10249,-7.64819],[109.10294,-7.64819],[109.10339,-7.64819],[109.10339,-7.64774],[109.1034,-7.64774],[109.1034,-7.64729],[109.10385,-7.64729],[109.10385,-7.64684],[109.10431,-7.64684],[109.10476,-7.64684],[109.10476,-7.64658],[109.10522,-7.64659],[109.10568,-7.6466],[109.10572,-7.6466],[109.10573,-7.6466],[109.10574,-7.6466],[109.10575,-7.64661],[109.10583,-7.64667],[109.1059,-7.64662],[109.10612,-7.64647],[109.10612,-7.64646],[109.1062,-7.6464],[109.10621,-7.64639],[109.10622,-7.64639],[109.10622,-7.64639],[109.10637,-7.64628],[109.10638,-7.64628],[109.10658,-7.64619],[109.10658,-7.64625],[109.10658,-7.64639],[109.10658,-7.6464],[109.10658,-7.64685],[109.10702,-7.64685],[109.10702,-7.6464],[109.10702,-7.64606],[109.10702,-7.64605],[109.10702,-7.64595],[109.10703,-7.64595],[109.10703,-7.6457],[109.10706,-7.64562],[109.10703,-7.6456],[109.10703,-7.6455],[109.10694,-7.6455],[109.10694,-7.64549],[109.10694,-7.64548],[109.10694,-7.64547],[109.10694,-7.64546],[109.10695,-7.64546],[109.10695,-7.64545],[109.10696,-7.64545],[109.10661,-7.64536],[109.10658,-7.64536],[109.10616,-7.64532],[109.10612,-7.64531],[109.10612,-7.64504],[109.10613,-7.64504],[109.10613,-7.64459],[109.10613,-7.64432],[109.10613,-7.64414],[109.10582,-7.64414],[109.10571,-7.64389],[109.1057,-7.64389],[109.10568,-7.64388],[109.10568,-7.6438],[109.10568,-7.64368],[109.10568,-7.64323],[109.10568,-7.64278],[109.10614,-7.64278],[109.10614,-7.64323],[109.10659,-7.64323],[109.10705,-7.64323],[109.10705,-7.64369],[109.1075,-7.64369],[109.1075,-7.64414],[109.10794,-7.64414],[109.10795,-7.64414],[109.1084,-7.64414],[109.1084,-7.6437],[109.1084,-7.64369],[109.1084,-7.64324],[109.10886,-7.64324],[109.10886,-7.64369],[109.10886,-7.6437],[109.10886,-7.64415],[109.1084,-7.64415],[109.1084,-7.6446],[109.10795,-7.6446],[109.10795,-7.64505],[109.10839,-7.64505],[109.1084,-7.64505],[109.10884,-7.64505],[109.10885,-7.64505],[109.1093,-7.64505],[109.1093,-7.6455],[109.10976,-7.6455],[109.10976,-7.64551],[109.1102,-7.64551],[109.11021,-7.64551],[109.11021,-7.64506],[109.11066,-7.64506],[109.11067,-7.64506],[109.11067,-7.64551],[109.11066,-7.64551],[109.11066,-7.64596],[109.11021,-7.64596],[109.11021,-7.64641],[109.10975,-7.64641],[109.10975,-7.64686],[109.1093,-7.64686],[109.10929,-7.64686],[109.10884,-7.64686],[109.10884,-7.64722],[109.10884,-7.64731],[109.10842,-7.64731],[109.10838,-7.64731],[109.10838,-7.64686],[109.10838,-7.6464],[109.10794,-7.6464],[109.10793,-7.6464],[109.10748,-7.6464],[109.10748,-7.64685],[109.10748,-7.6473],[109.10703,-7.6473],[109.10702,-7.6473],[109.10658,-7.6473],[109.10658,-7.64774],[109.10658,-7.64775],[109.10657,-7.64775],[109.10613,-7.64775],[109.10612,-7.64775],[109.10612,-7.6482],[109.10612,-7.64865],[109.10612,-7.64873],[109.10612,-7.6491],[109.10657,-7.6491],[109.10657,-7.64889],[109.10657,-7.64888],[109.10657,-7.64866],[109.10657,-7.64865],[109.10657,-7.6482],[109.10702,-7.6482],[109.10703,-7.6482],[109.10703,-7.64865],[109.10703,-7.64866],[109.10748,-7.64866],[109.10748,-7.64911],[109.10792,-7.64911],[109.10793,-7.64911],[109.10837,-7.64911],[109.10837,-7.64866],[109.10838,-7.64866],[109.10883,-7.64866],[109.10883,-7.64911],[109.10883,-7.64912],[109.10883,-7.64957],[109.10928,-7.64957],[109.10928,-7.65002],[109.10928,-7.65047],[109.10928,-7.65048],[109.10906,-7.65048],[109.10883,-7.65048],[109.10883,-7.65092],[109.10883,-7.65093],[109.10837,-7.65093],[109.10837,-7.65092],[109.10792,-7.65092],[109.10792,-7.65137],[109.10837,-7.65137],[109.10837,-7.65182],[109.10837,-7.65183],[109.10881,-7.65183],[109.10882,-7.65183],[109.10927,-7.65183],[109.10927,-7.65138],[109.10927,-7.65135],[109.10927,-7.65093],[109.10973,-7.65093],[109.10973,-7.65048],[109.11018,-7.65048],[109.11063,-7.65048],[109.11063,-7.65093],[109.11108,-7.65093],[109.11109,-7.65093],[109.11154,-7.65093],[109.11154,-7.65049],[109.11108,-7.65049],[109.11108,-7.65048],[109.11108,-7.65003],[109.11154,-7.65003],[109.11154,-7.65048],[109.11199,-7.65048],[109.11199,-7.65004],[109.11199,-7.65003],[109.11245,-7.65003],[109.11245,-7.65004],[109.1129,-7.65004],[109.11291,-7.65004],[109.11294,-7.65004],[109.11304,-7.65004],[109.11335,-7.65004],[109.11335,-7.64984],[109.11335,-7.64975],[109.11335,-7.64959],[109.11381,-7.64959],[109.11381,-7.64934],[109.11381,-7.64929],[109.11381,-7.64914],[109.11374,-7.64914],[109.11372,-7.64914],[109.11336,-7.64914],[109.11336,-7.64869],[109.11336,-7.64868],[109.11381,-7.64868],[109.11381,-7.64858],[109.11381,-7.64824],[109.11381,-7.64823],[109.11381,-7.64779],[109.11381,-7.64778],[109.11381,-7.64738],[109.11381,-7.64736],[109.11382,-7.64736],[109.11382,-7.64737],[109.11382,-7.64738],[109.11385,-7.64737],[109.11381,-7.64735],[109.11381,-7.64733],[109.11379,-7.64733],[109.11379,-7.64732],[109.11378,-7.64732],[109.11368,-7.64688],[109.11381,-7.64688],[109.11382,-7.64688],[109.11382,-7.64643],[109.11337,-7.64643],[109.11321,-7.64643],[109.11315,-7.64642],[109.11314,-7.64642],[109.11314,-7.64641],[109.11313,-7.64641],[109.11312,-7.6464],[109.11291,-7.64607],[109.11291,-7.64597],[109.11292,-7.64597],[109.11337,-7.64597],[109.11383,-7.64597],[109.11383,-7.64598],[109.11427,-7.64598],[109.11428,-7.64598],[109.11428,-7.64553],[109.1142,-7.64553],[109.1141,-7.64553],[109.11382,-7.64553],[109.11382,-7.64552],[109.11337,-7.64552],[109.11337,-7.64507],[109.11293,-7.64507],[109.11292,-7.64507],[109.11292,-7.64552],[109.11257,-7.64552],[109.11246,-7.64535],[109.11246,-7.64507],[109.11202,-7.64507],[109.11201,-7.64507],[109.11157,-7.64507],[109.11157,-7.64551],[109.11201,-7.64551],[109.11202,-7.64551],[109.11202,-7.64552],[109.11246,-7.64552],[109.11246,-7.64547],[109.11248,-7.64552],[109.11247,-7.64552],[109.11247,-7.64597],[109.11214,-7.64597],[109.11202,-7.64594],[109.11202,-7.64595],[109.11198,-7.64597],[109.11157,-7.64597],[109.11157,-7.64642],[109.11156,-7.64642],[109.11111,-7.64642],[109.11111,-7.64596],[109.11156,-7.64596],[109.11156,-7.64551],[109.11111,-7.64551],[109.11111,-7.64506],[109.11156,-7.64506],[109.11156,-7.64461],[109.11156,-7.64416],[109.11201,-7.64416],[109.11202,-7.64416],[109.11247,-7.64416],[109.11247,-7.64371],[109.11247,-7.64326],[109.11248,-7.64326],[109.11248,-7.64281],[109.11293,-7.64281],[109.11294,-7.64281],[109.1132,-7.64281],[109.11328,-7.64281],[109.11338,-7.64281],[109.11339,-7.64281],[109.11339,-7.64236],[109.11313,-7.64236],[109.11305,-7.64236],[109.11294,-7.64236],[109.11294,-7.64203],[109.11294,-7.64191],[109.11294,-7.6419],[109.11294,-7.64187],[109.11294,-7.64146],[109.11294,-7.64145],[109.11294,-7.641],[109.11249,-7.641],[109.11249,-7.64055],[109.11295,-7.64055],[109.11295,-7.641],[109.11308,-7.641],[109.11316,-7.641],[109.11339,-7.641],[109.11339,-7.64055],[109.1134,-7.64055],[109.11385,-7.64055],[109.1143,-7.64055],[109.1143,-7.6409],[109.11395,-7.64101],[109.11385,-7.64101],[109.11385,-7.64104],[109.11339,-7.64119],[109.11339,-7.64118],[109.11317,-7.64125],[109.11322,-7.64145],[109.11322,-7.64145],[109.11326,-7.64159],[109.1134,-7.6417],[109.1134,-7.64172],[109.1134,-7.64182],[109.1134,-7.6419],[109.1134,-7.64191],[109.1134,-7.64236],[109.11384,-7.64236],[109.11385,-7.64236],[109.1143,-7.64236],[109.1143,-7.64281],[109.11475,-7.64281],[109.11475,-7.64237],[109.11475,-7.64236],[109.1152,-7.64236],[109.1152,-7.64237],[109.1152,-7.64282],[109.1152,-7.64327],[109.1152,-7.64372],[109.11565,-7.64372],[109.11565,-7.64328],[109.11565,-7.64327],[109.11565,-7.64282],[109.11565,-7.64237],[109.1161,-7.64237],[109.1161,-7.64282],[109.1161,-7.64327],[109.1161,-7.64328],[109.1161,-7.64373],[109.11565,-7.64373],[109.11565,-7.64417],[109.11565,-7.64418],[109.11565,-7.64463],[109.1161,-7.64463],[109.1161,-7.64508],[109.11565,-7.64508],[109.11565,-7.64553],[109.1161,-7.64553],[109.1161,-7.64599],[109.11655,-7.64599],[109.11655,-7.64644],[109.11609,-7.64644],[109.11609,-7.64599],[109.11564,-7.64599],[109.11564,-7.64553],[109.11519,-7.64553],[109.11519,-7.64598],[109.11519,-7.64643],[109.11518,-7.64643],[109.11518,-7.64679],[109.11518,-7.6468],[109.11518,-7.64689],[109.11472,-7.64689],[109.11472,-7.64679],[109.11472,-7.64678],[109.11472,-7.64643],[109.11428,-7.64643],[109.11428,-7.64688],[109.11427,-7.64688],[109.11427,-7.64703],[109.11427,-7.64733],[109.11472,-7.64733],[109.11472,-7.64734],[109.11518,-7.64734],[109.11518,-7.64779],[109.11518,-7.64824],[109.11562,-7.64824],[109.11563,-7.64824],[109.11608,-7.64824],[109.11608,-7.6487],[109.11563,-7.6487],[109.11562,-7.6487],[109.11517,-7.6487],[109.11517,-7.64914],[109.11517,-7.64915],[109.11472,-7.64915],[109.11471,-7.64915],[109.11471,-7.64914],[109.11427,-7.64914],[109.11427,-7.64959],[109.11472,-7.64959],[109.11472,-7.65005],[109.11516,-7.65005],[109.11516,-7.6496],[109.11517,-7.6496],[109.11562,-7.6496],[109.11607,-7.6496],[109.11607,-7.65005],[109.11607,-7.6505],[109.11607,-7.65051],[109.11607,-7.65096],[109.11562,-7.65096],[109.11562,-7.65051],[109.11562,-7.6505],[109.11562,-7.65005],[109.11517,-7.65005],[109.11517,-7.6505],[109.11517,-7.65095],[109.11517,-7.6514],[109.11562,-7.6514],[109.11562,-7.65186],[109.11607,-7.65186],[109.11607,-7.65231],[109.11652,-7.65231],[109.11652,-7.65186],[109.11697,-7.65186],[109.11742,-7.65186],[109.11742,-7.65232],[109.11787,-7.65232],[109.11832,-7.65232],[109.11832,-7.65187],[109.11877,-7.65187],[109.11878,-7.65187],[109.11923,-7.65187],[109.11923,-7.65232],[109.11923,-7.65233],[109.11953,-7.65233],[109.11968,-7.65233],[109.11968,-7.65188],[109.12014,-7.65188],[109.12014,-7.65233],[109.12014,-7.65278],[109.11969,-7.65278],[109.11968,-7.65278],[109.11968,-7.65323],[109.11968,-7.65334],[109.11968,-7.65368],[109.11923,-7.65368],[109.11923,-7.65413],[109.11878,-7.65413],[109.11877,-7.65413],[109.11833,-7.65413],[109.11833,-7.65458],[109.11832,-7.65458],[109.11787,-7.65458],[109.11787,-7.65503],[109.11832,-7.65503],[109.11832,-7.65548],[109.11832,-7.65549],[109.11786,-7.65549],[109.11786,-7.65593],[109.11832,-7.65593],[109.11832,-7.65594],[109.11877,-7.65594],[109.11877,-7.65615],[109.11877,-7.65639],[109.1186,-7.65639],[109.11832,-7.65639],[109.11831,-7.65639],[109.11831,-7.65684],[109.11785,-7.65684],[109.11785,-7.65639],[109.11786,-7.65639],[109.11786,-7.65594],[109.1174,-7.65594],[109.1174,-7.65593],[109.11696,-7.65593],[109.11695,-7.65593],[109.1165,-7.65593],[109.1165,-7.65548],[109.11605,-7.65548],[109.11605,-7.65502],[109.1156,-7.65502],[109.1156,-7.65547],[109.11514,-7.65547],[109.11469,-7.65547],[109.11468,-7.65547],[109.11424,-7.65547],[109.11423,-7.65547],[109.11419,-7.65547],[109.11408,-7.65547],[109.11378,-7.65547],[109.11378,-7.65502],[109.11378,-7.65501],[109.11378,-7.65495],[109.11378,-7.65487],[109.11378,-7.65456],[109.11378,-7.65411],[109.11334,-7.65411],[109.11333,-7.65411],[109.113,-7.65411],[109.11291,-7.65411],[109.11289,-7.65411],[109.11288,-7.65411],[109.11244,-7.65411],[109.11244,-7.65456],[109.11243,-7.65456],[109.11198,-7.65456],[109.11198,-7.6541],[109.11153,-7.6541],[109.11153,-7.65455],[109.11108,-7.65455],[109.11107,-7.65455],[109.11107,-7.655],[109.11107,-7.65545],[109.11152,-7.65545],[109.11152,-7.65591],[109.11107,-7.65591],[109.11107,-7.65636],[109.11106,-7.65636],[109.11106,-7.65681],[109.11106,-7.65726],[109.1106,-7.65726],[109.1106,-7.65771],[109.11105,-7.65771],[109.11106,-7.65771],[109.11151,-7.65771],[109.11151,-7.65816],[109.11151,-7.65817],[109.11151,-7.65862],[109.1115,-7.65862],[109.1115,-7.65907],[109.1115,-7.65952],[109.1115,-7.65997],[109.1115,-7.66043],[109.11105,-7.66043],[109.11105,-7.66042],[109.1106,-7.66042],[109.1106,-7.66087],[109.11014,-7.66087],[109.10969,-7.66087],[109.10969,-7.66132],[109.10923,-7.66132],[109.10878,-7.66132],[109.10878,-7.66177],[109.10923,-7.66177],[109.10923,-7.66222],[109.10922,-7.66222],[109.10922,-7.66267],[109.10922,-7.66268],[109.10922,-7.66313],[109.10967,-7.66313],[109.10967,-7.66268],[109.11013,-7.66268],[109.11013,-7.66313],[109.11013,-7.66358],[109.10967,-7.66358],[109.10967,-7.66403],[109.10922,-7.66403],[109.10922,-7.66448],[109.10948,-7.66448],[109.10949,-7.66448],[109.10922,-7.66491],[109.1092,-7.66493],[109.10915,-7.66501],[109.10886,-7.66539],[109.10885,-7.66539],[109.10876,-7.66552],[109.10868,-7.66562],[109.10848,-7.66584],[109.10847,-7.66584],[109.10831,-7.66602],[109.10831,-7.66602],[109.10809,-7.66626],[109.10808,-7.66626],[109.10806,-7.66629],[109.10784,-7.66648],[109.10784,-7.66648],[109.10755,-7.66674],[109.10739,-7.66674],[109.10739,-7.66628],[109.10694,-7.66628],[109.10694,-7.66583],[109.10739,-7.66583],[109.1074,-7.66583],[109.10785,-7.66583],[109.10785,-7.66538],[109.10785,-7.66493],[109.10831,-7.66493],[109.10831,-7.66448],[109.10831,-7.66403],[109.10831,-7.66358],[109.10831,-7.66357],[109.10831,-7.66312],[109.10876,-7.66312],[109.10876,-7.66268],[109.10876,-7.66267],[109.10832,-7.66267],[109.10831,-7.66267],[109.10787,-7.66267],[109.10787,-7.66312],[109.10787,-7.66357],[109.10786,-7.66357],[109.10741,-7.66357],[109.10741,-7.66402],[109.10786,-7.66402],[109.10786,-7.66448],[109.1074,-7.66448],[109.1074,-7.66402],[109.10696,-7.66402],[109.10696,-7.66447],[109.1065,-7.66447],[109.1065,-7.66492],[109.10605,-7.66492],[109.10604,-7.66492],[109.10559,-7.66492],[109.10559,-7.66447],[109.10559,-7.66402],[109.10514,-7.66402],[109.10514,-7.66401],[109.10469,-7.66401],[109.10469,-7.66446],[109.10514,-7.66446],[109.10514,-7.66491],[109.10514,-7.66492],[109.10514,-7.66537],[109.10468,-7.66537],[109.10468,-7.66582],[109.10512,-7.66582],[109.10513,-7.66582],[109.10558,-7.66582],[109.10558,-7.66627],[109.10513,-7.66627],[109.10512,-7.66627],[109.10468,-7.66627],[109.10468,-7.66672],[109.10512,-7.66672],[109.10513,-7.66672],[109.10558,-7.66672],[109.10558,-7.66718],[109.10513,-7.66718],[109.10512,-7.66718],[109.10468,-7.66718],[109.10467,-7.66718],[109.10467,-7.66672],[109.10422,-7.66672],[109.10422,-7.66627],[109.10377,-7.66627],[109.10377,-7.66582],[109.10377,-7.66581],[109.10332,-7.66581],[109.10332,-7.66536],[109.10332,-7.66491],[109.10315,-7.66491],[109.10292,-7.66491],[109.10288,-7.66491],[109.10287,-7.66491],[109.10242,-7.66491],[109.10242,-7.6649],[109.10197,-7.6649],[109.10182,-7.6649],[109.10152,-7.6649],[109.10151,-7.6649],[109.10106,-7.6649],[109.10106,-7.66445],[109.10151,-7.66445],[109.10152,-7.66445],[109.10152,-7.664],[109.10152,-7.66355],[109.10107,-7.66355],[109.10107,-7.66354],[109.10061,-7.66354],[109.10061,-7.66309],[109.10107,-7.66309],[109.10107,-7.66264],[109.10062,-7.66264],[109.10017,-7.66264],[109.09971,-7.66264],[109.09971,-7.66263],[109.09926,-7.66263],[109.09926,-7.66218],[109.09926,-7.66173],[109.09881,-7.66173],[109.09881,-7.66218],[109.09835,-7.66218],[109.09835,-7.66172],[109.0979,-7.66172],[109.0979,-7.66127],[109.09836,-7.66127],[109.09836,-7.66172],[109.09881,-7.66172],[109.09881,-7.66128],[109.09881,-7.66127],[109.09881,-7.66082],[109.09927,-7.66082],[109.09927,-7.66037],[109.09882,-7.66037],[109.09837,-7.66037],[109.09836,-7.66037],[109.09791,-7.66037],[109.09791,-7.65992],[109.09791,-7.65991],[109.09791,-7.65946],[109.09747,-7.65946],[109.09747,-7.65991],[109.09746,-7.65991],[109.09746,-7.66036],[109.097,-7.66036],[109.097,-7.65991],[109.09656,-7.65991],[109.09656,-7.66036],[109.0961,-7.66036],[109.09565,-7.66036],[109.09564,-7.66036],[109.09519,-7.66036],[109.09519,-7.6608],[109.09519,-7.66081],[109.09564,-7.66081],[109.09564,-7.66126],[109.09609,-7.66126],[109.09609,-7.66171],[109.09654,-7.66171],[109.09654,-7.66217],[109.09608,-7.66217],[109.09608,-7.66171],[109.09563,-7.66171],[109.09563,-7.66126],[109.09519,-7.66126],[109.09518,-7.66126],[109.09474,-7.66126],[109.09473,-7.66126],[109.09428,-7.66126],[109.09428,-7.6608],[109.09383,-7.6608]],[[109.09795,-7.65133],[109.09795,-7.65178],[109.0984,-7.65178],[109.0984,-7.65133],[109.09795,-7.65133]],[[109.10068,-7.64953],[109.10113,-7.64953],[109.10158,-7.64953],[109.10158,-7.64909],[109.10113,-7.64909],[109.10113,-7.64908],[109.10068,-7.64908],[109.10068,-7.64953]],[[109.10973,-7.65138],[109.11018,-7.65138],[109.11018,-7.65093],[109.10973,-7.65093],[109.10973,-7.65138]],[[109.11651,-7.65502],[109.11651,-7.65548],[109.11695,-7.65548],[109.11695,-7.65503],[109.11696,-7.65503],[109.11696,-7.65458],[109.1165,-7.65458],[109.1165,-7.65457],[109.11605,-7.65457],[109.11605,-7.65502],[109.11651,-7.65502]],[[109.11605,-7.65412],[109.1156,-7.65412],[109.1156,-7.65457],[109.11605,-7.65457],[109.11605,-7.65412]],[[109.1106,-7.65681],[109.11016,-7.65681],[109.11015,-7.65681],[109.11015,-7.65726],[109.1106,-7.65726],[109.1106,-7.65681]],[[109.10831,-7.66538],[109.10876,-7.66538],[109.10876,-7.66493],[109.10831,-7.66493],[109.10831,-7.66538]],[[109.10611,-7.65136],[109.10656,-7.65136],[109.10656,-7.65137],[109.107,-7.65137],[109.10701,-7.65137],[109.10701,-7.65092],[109.10746,-7.65092],[109.10746,-7.65047],[109.10702,-7.65047],[109.10701,-7.65047],[109.10656,-7.65047],[109.10656,-7.65046],[109.10611,-7.65046],[109.10611,-7.65091],[109.10611,-7.65136]],[[109.10882,-7.65047],[109.10882,-7.65012],[109.10882,-7.65002],[109.10874,-7.65002],[109.10838,-7.65002],[109.10838,-7.65047],[109.10882,-7.65047]],[[109.10881,-7.65454],[109.10835,-7.65454],[109.1079,-7.65454],[109.10789,-7.65454],[109.10744,-7.65454],[109.10744,-7.65453],[109.107,-7.65453],[109.107,-7.65498],[109.10699,-7.65498],[109.10655,-7.65498],[109.10655,-7.65543],[109.10654,-7.65543],[109.10654,-7.65588],[109.10654,-7.65589],[109.10654,-7.6561],[109.10654,-7.65633],[109.10654,-7.65634],[109.10654,-7.65679],[109.10608,-7.65679],[109.10608,-7.65724],[109.10653,-7.65724],[109.10698,-7.65724],[109.10698,-7.65679],[109.10698,-7.65634],[109.10744,-7.65634],[109.10789,-7.65634],[109.1079,-7.65634],[109.10834,-7.65634],[109.10835,-7.65634],[109.10879,-7.65634],[109.10879,-7.6559],[109.10879,-7.65589],[109.10879,-7.65544],[109.1088,-7.65544],[109.10925,-7.65544],[109.10925,-7.655],[109.10925,-7.65499],[109.10925,-7.65454],[109.10971,-7.65454],[109.10971,-7.65409],[109.11016,-7.65409],[109.11017,-7.65409],[109.11062,-7.65409],[109.11062,-7.65364],[109.11108,-7.65364],[109.11108,-7.65319],[109.11063,-7.65319],[109.11062,-7.65319],[109.11018,-7.65319],[109.11017,-7.65319],[109.11017,-7.65364],[109.10971,-7.65364],[109.10971,-7.65319],[109.10928,-7.65319],[109.10927,-7.65319],[109.10927,-7.65364],[109.10881,-7.65364],[109.10881,-7.65409],[109.10881,-7.65454]],[[109.11153,-7.65319],[109.11153,-7.65275],[109.11153,-7.65274],[109.11153,-7.65229],[109.11198,-7.65229],[109.11198,-7.65184],[109.11198,-7.65139],[109.11199,-7.65139],[109.11199,-7.65094],[109.11154,-7.65094],[109.11154,-7.65139],[109.11154,-7.65184],[109.11108,-7.65184],[109.11063,-7.65184],[109.11063,-7.65229],[109.11108,-7.65229],[109.11108,-7.65274],[109.11108,-7.65319],[109.11153,-7.65319]],[[109.10925,-7.6577],[109.10925,-7.65816],[109.10969,-7.65816],[109.1097,-7.65816],[109.11014,-7.65816],[109.11014,-7.65771],[109.11014,-7.65726],[109.1097,-7.65726],[109.10969,-7.65726],[109.10969,-7.6568],[109.10925,-7.6568],[109.10925,-7.65725],[109.1088,-7.65725],[109.1088,-7.6577],[109.10925,-7.6577]],[[109.10834,-7.65725],[109.10834,-7.6568],[109.1079,-7.6568],[109.10789,-7.6568],[109.10744,-7.6568],[109.10744,-7.65724],[109.10789,-7.65724],[109.10789,-7.65725],[109.10789,-7.6577],[109.10789,-7.65815],[109.10833,-7.65815],[109.10834,-7.65815],[109.10879,-7.65815],[109.10879,-7.6577],[109.10834,-7.6577],[109.10834,-7.65725]],[[109.10924,-7.65861],[109.10924,-7.65816],[109.10879,-7.65816],[109.10879,-7.65861],[109.10924,-7.65861]],[[109.10834,-7.65861],[109.10834,-7.65905],[109.10834,-7.65906],[109.10834,-7.65951],[109.10833,-7.65951],[109.10833,-7.65996],[109.10833,-7.66041],[109.10878,-7.66041],[109.10923,-7.66041],[109.10923,-7.65996],[109.10878,-7.65996],[109.10878,-7.65951],[109.10924,-7.65951],[109.10924,-7.65996],[109.10969,-7.65996],[109.10969,-7.65951],[109.11015,-7.65951],[109.11015,-7.65997],[109.11015,-7.66042],[109.11059,-7.66042],[109.11059,-7.65997],[109.11105,-7.65997],[109.11105,-7.65952],[109.11105,-7.65907],[109.1106,-7.65907],[109.11059,-7.65907],[109.11015,-7.65907],[109.11014,-7.65907],[109.11014,-7.65861],[109.1097,-7.65861],[109.1097,-7.65906],[109.10925,-7.65906],[109.10924,-7.65906],[109.10879,-7.65906],[109.10879,-7.65861],[109.10834,-7.65861]],[[109.10832,-7.66086],[109.10788,-7.66086],[109.10787,-7.66086],[109.10787,-7.66131],[109.10832,-7.66131],[109.10877,-7.66131],[109.10877,-7.66087],[109.10832,-7.66087],[109.10832,-7.66086]],[[109.10786,-7.66177],[109.10786,-7.66131],[109.10742,-7.66131],[109.10742,-7.66176],[109.10741,-7.66176],[109.10741,-7.66221],[109.10741,-7.66222],[109.10741,-7.66267],[109.10786,-7.66267],[109.10786,-7.66222],[109.10831,-7.66222],[109.10832,-7.66222],[109.10876,-7.66222],[109.10877,-7.66222],[109.10877,-7.66177],[109.10832,-7.66177],[109.10786,-7.66177]],[[109.10696,-7.66267],[109.10696,-7.66311],[109.10696,-7.66312],[109.10741,-7.66312],[109.10741,-7.66267],[109.10696,-7.66267]],[[109.09704,-7.65404],[109.09703,-7.65404],[109.09658,-7.65404],[109.09658,-7.65358],[109.09658,-7.65313],[109.09658,-7.65268],[109.09703,-7.65268],[109.09704,-7.65268],[109.09704,-7.65223],[109.09682,-7.65223],[109.09673,-7.65223],[109.09659,-7.65223],[109.09614,-7.65223],[109.09614,-7.65224],[109.09614,-7.65257],[109.09584,-7.65266],[109.09584,-7.65267],[109.09585,-7.65267],[109.09587,-7.65272],[109.09596,-7.65267],[109.09597,-7.65267],[109.09601,-7.65265],[109.09601,-7.65267],[109.09601,-7.65268],[109.09601,-7.65271],[109.096,-7.65271],[109.09591,-7.65271],[109.09591,-7.65277],[109.09591,-7.6528],[109.09609,-7.6528],[109.09609,-7.65271],[109.0961,-7.65271],[109.09613,-7.65271],[109.09613,-7.65313],[109.09613,-7.65358],[109.09613,-7.65403],[109.09568,-7.65403],[109.09567,-7.65403],[109.09567,-7.65448],[109.09612,-7.65448],[109.09658,-7.65448],[109.09658,-7.65449],[109.09702,-7.65449],[109.09703,-7.65449],[109.09748,-7.65449],[109.09794,-7.65449],[109.09794,-7.65494],[109.09839,-7.65494],[109.09839,-7.65495],[109.09884,-7.65495],[109.09884,-7.6554],[109.09884,-7.65585],[109.09884,-7.6563],[109.09929,-7.6563],[109.09929,-7.65675],[109.09929,-7.65676],[109.09929,-7.65721],[109.09973,-7.65721],[109.09973,-7.65676],[109.09974,-7.65676],[109.09974,-7.65631],[109.10019,-7.65631],[109.10019,-7.65586],[109.10065,-7.65586],[109.10065,-7.65541],[109.1002,-7.65541],[109.09975,-7.65541],[109.09975,-7.65585],[109.09975,-7.65586],[109.09929,-7.65586],[109.09929,-7.65585],[109.09929,-7.6554],[109.09929,-7.65495],[109.09929,-7.6545],[109.09885,-7.6545],[109.09884,-7.6545],[109.09839,-7.6545],[109.09839,-7.65404],[109.09794,-7.65404],[109.09749,-7.65404],[109.09748,-7.65404],[109.09704,-7.65404]],[[109.09748,-7.65584],[109.09748,-7.65585],[109.09748,-7.6563],[109.09792,-7.6563],[109.09792,-7.65585],[109.09838,-7.65585],[109.09838,-7.6554],[109.09794,-7.6554],[109.09793,-7.6554],[109.09748,-7.6554],[109.09748,-7.65584]],[[109.09792,-7.6572],[109.09792,-7.65765],[109.09837,-7.65765],[109.09837,-7.65721],[109.09837,-7.6572],[109.09883,-7.6572],[109.09883,-7.65676],[109.09883,-7.65675],[109.09883,-7.6563],[109.09838,-7.6563],[109.09793,-7.6563],[109.09793,-7.65675],[109.09792,-7.65675],[109.09792,-7.6572]],[[109.09429,-7.65854],[109.09384,-7.65854],[109.09384,-7.65899],[109.09429,-7.65899],[109.09429,-7.65855],[109.09429,-7.65854]],[[109.09475,-7.6581],[109.09475,-7.65854],[109.0952,-7.65854],[109.0952,-7.6581],[109.09475,-7.6581]],[[109.09294,-7.6579],[109.09312,-7.6579],[109.09312,-7.65808],[109.09339,-7.65808],[109.09348,-7.65808],[109.09348,-7.65764],[109.09348,-7.65763],[109.09348,-7.65737],[109.0934,-7.65737],[109.09339,-7.65737],[109.09339,-7.65737],[109.09331,-7.65736],[109.0933,-7.65736],[109.0933,-7.65718],[109.09294,-7.65718],[109.09294,-7.65754],[109.09294,-7.65755],[109.09294,-7.65763],[109.09294,-7.6579]],[[109.09656,-7.65629],[109.09612,-7.65629],[109.09612,-7.65674],[109.09656,-7.65674],[109.09656,-7.6563],[109.09656,-7.65629]],[[109.09657,-7.6572],[109.09701,-7.6572],[109.09701,-7.65675],[109.09657,-7.65675],[109.09657,-7.6572]],[[109.09656,-7.6572],[109.09612,-7.6572],[109.09612,-7.65764],[109.09612,-7.65765],[109.09656,-7.65765],[109.09656,-7.6572]],[[109.09746,-7.65901],[109.09702,-7.65901],[109.09701,-7.65901],[109.09656,-7.65901],[109.09656,-7.65945],[109.09656,-7.65946],[109.09701,-7.65946],[109.09746,-7.65946],[109.09746,-7.65901]],[[109.09422,-7.65592],[109.09403,-7.65592],[109.09403,-7.6561],[109.09386,-7.6561],[109.09385,-7.6561],[109.09385,-7.65628],[109.09385,-7.65646],[109.09403,-7.65646],[109.09403,-7.65664],[109.0943,-7.65664],[109.09431,-7.65664],[109.09439,-7.65664],[109.09475,-7.65664],[109.09475,-7.65646],[109.09476,-7.65646],[109.09476,-7.65673],[109.09476,-7.65674],[109.09521,-7.65674],[109.09521,-7.65629],[109.09494,-7.65629],[109.09494,-7.65584],[109.09494,-7.65583],[109.09494,-7.65574],[109.09477,-7.65574],[109.09476,-7.65574],[109.09458,-7.65574],[109.09431,-7.65574],[109.09422,-7.65574],[109.09422,-7.65583],[109.09422,-7.65592]],[[109.09566,-7.65719],[109.09521,-7.65719],[109.09521,-7.65764],[109.09566,-7.65764],[109.09566,-7.6572],[109.09566,-7.65719]],[[109.0961,-7.65855],[109.09566,-7.65855],[109.09566,-7.659],[109.0961,-7.659],[109.0961,-7.65855]],[[109.09612,-7.65538],[109.09612,-7.65494],[109.09567,-7.65494],[109.09567,-7.65538],[109.09612,-7.65538]],[[109.09567,-7.65584],[109.09567,-7.65629],[109.09611,-7.65629],[109.09611,-7.65584],[109.09567,-7.65584]],[[109.09568,-7.65389],[109.09567,-7.65389],[109.09564,-7.65389],[109.09564,-7.6538],[109.09555,-7.6538],[109.09555,-7.65362],[109.09546,-7.65362],[109.09546,-7.65358],[109.09546,-7.65353],[109.09528,-7.65352],[109.09528,-7.65358],[109.09528,-7.65361],[109.09537,-7.65361],[109.09537,-7.65362],[109.09537,-7.6538],[109.09546,-7.6538],[109.09546,-7.65403],[109.09546,-7.65407],[109.09555,-7.65407],[109.09555,-7.65416],[109.09564,-7.65416],[109.09564,-7.65403],[109.09564,-7.65398],[109.09567,-7.65398],[109.09568,-7.65398],[109.09573,-7.65398],[109.09573,-7.65389],[109.09568,-7.65389]],[[109.09746,-7.65811],[109.09702,-7.65811],[109.09702,-7.65855],[109.09746,-7.65855],[109.09746,-7.65811]],[[109.10067,-7.65044],[109.10067,-7.65089],[109.10112,-7.65089],[109.10113,-7.65089],[109.10157,-7.65089],[109.10158,-7.65089],[109.10158,-7.65044],[109.10113,-7.65044],[109.10112,-7.65044],[109.10068,-7.65044],[109.10067,-7.65044]],[[109.1013,-7.65135],[109.1013,-7.65161],[109.10148,-7.65161],[109.10148,-7.65162],[109.1013,-7.65162],[109.1013,-7.65179],[109.1013,-7.6518],[109.10112,-7.6518],[109.10111,-7.6518],[109.10094,-7.6518],[109.10094,-7.65215],[109.10111,-7.65215],[109.10112,-7.65215],[109.1013,-7.65215],[109.1013,-7.65216],[109.10157,-7.65216],[109.10166,-7.65216],[109.10166,-7.65225],[109.10166,-7.65234],[109.10184,-7.65234],[109.10202,-7.65234],[109.10221,-7.65234],[109.10247,-7.65234],[109.10248,-7.65234],[109.10257,-7.65234],[109.10257,-7.65226],[109.10257,-7.65225],[109.10257,-7.6518],[109.10248,-7.6518],[109.10221,-7.6518],[109.10221,-7.65144],[109.10203,-7.65144],[109.10202,-7.65144],[109.10184,-7.65144],[109.10166,-7.65144],[109.10166,-7.65135],[109.10166,-7.65134],[109.10166,-7.65126],[109.10158,-7.65126],[109.10157,-7.65126],[109.1013,-7.65126],[109.1013,-7.65134],[109.1013,-7.65135]],[[109.10111,-7.65306],[109.10111,-7.65288],[109.10075,-7.65288],[109.10075,-7.65315],[109.10075,-7.65342],[109.10075,-7.6536],[109.10075,-7.65378],[109.10093,-7.65378],[109.10093,-7.65396],[109.1011,-7.65396],[109.10111,-7.65396],[109.10156,-7.65396],[109.10165,-7.65396],[109.10165,-7.65361],[109.10165,-7.6536],[109.10166,-7.6536],[109.10166,-7.65361],[109.10166,-7.65378],[109.10183,-7.65378],[109.10201,-7.65378],[109.10201,-7.65379],[109.10202,-7.65379],[109.10238,-7.65379],[109.10238,-7.65361],[109.10238,-7.65343],[109.10219,-7.65343],[109.10202,-7.65343],[109.10201,-7.65343],[109.10184,-7.65343],[109.10183,-7.65343],[109.10183,-7.65315],[109.10183,-7.65306],[109.10165,-7.65306],[109.10157,-7.65306],[109.10156,-7.65306],[109.10148,-7.65306],[109.1012,-7.65306],[109.10111,-7.65306]],[[109.10111,-7.65496],[109.10155,-7.65496],[109.10155,-7.65451],[109.10155,-7.65406],[109.10111,-7.65406],[109.10111,-7.6545],[109.10111,-7.65451],[109.10111,-7.65496]],[[109.10109,-7.65677],[109.10065,-7.65677],[109.10065,-7.65721],[109.10065,-7.65722],[109.10064,-7.65722],[109.10064,-7.65766],[109.10064,-7.65767],[109.1011,-7.65767],[109.1011,-7.65812],[109.10064,-7.65812],[109.10064,-7.65857],[109.10019,-7.65857],[109.10018,-7.65857],[109.09973,-7.65857],[109.09928,-7.65857],[109.09927,-7.65857],[109.09882,-7.65857],[109.09882,-7.65901],[109.09927,-7.65901],[109.09927,-7.65902],[109.09973,-7.65902],[109.09973,-7.65947],[109.09927,-7.65947],[109.09927,-7.65992],[109.09972,-7.65992],[109.10017,-7.65992],[109.10017,-7.65947],[109.10063,-7.65947],[109.10063,-7.65902],[109.10108,-7.65902],[109.10108,-7.65857],[109.10154,-7.65857],[109.10154,-7.65813],[109.10154,-7.65812],[109.10154,-7.65767],[109.102,-7.65767],[109.10245,-7.65767],[109.10246,-7.65767],[109.10246,-7.65813],[109.1029,-7.65813],[109.1029,-7.65768],[109.1029,-7.65723],[109.1029,-7.65722],[109.1029,-7.65678],[109.1029,-7.65677],[109.10246,-7.65677],[109.10245,-7.65677],[109.10201,-7.65677],[109.102,-7.65677],[109.10156,-7.65677],[109.10155,-7.65677],[109.10155,-7.65722],[109.10109,-7.65722],[109.10109,-7.65677]],[[109.102,-7.65948],[109.10154,-7.65948],[109.10109,-7.65948],[109.10108,-7.65948],[109.10063,-7.65948],[109.10063,-7.65993],[109.10108,-7.65993],[109.10108,-7.66038],[109.10062,-7.66038],[109.10062,-7.65993],[109.10018,-7.65993],[109.10018,-7.66038],[109.09972,-7.66038],[109.09972,-7.66082],[109.09972,-7.66083],[109.10017,-7.66083],[109.10017,-7.66128],[109.10017,-7.66173],[109.09972,-7.66173],[109.09972,-7.66218],[109.10017,-7.66218],[109.10062,-7.66218],[109.10107,-7.66218],[109.10107,-7.66174],[109.10062,-7.66174],[109.10062,-7.66173],[109.10062,-7.66128],[109.10107,-7.66128],[109.10107,-7.66173],[109.10153,-7.66173],[109.10153,-7.66174],[109.10153,-7.66219],[109.10153,-7.66264],[109.10197,-7.66264],[109.10198,-7.66264],[109.10242,-7.66264],[109.10242,-7.66219],[109.10243,-7.66219],[109.10243,-7.66189],[109.10243,-7.66174],[109.10288,-7.66174],[109.10289,-7.66174],[109.10334,-7.66174],[109.10334,-7.66219],[109.10334,-7.6622],[109.10378,-7.6622],[109.10379,-7.6622],[109.10424,-7.6622],[109.10424,-7.66265],[109.10469,-7.66265],[109.10469,-7.6622],[109.10515,-7.6622],[109.10561,-7.6622],[109.10561,-7.66221],[109.10606,-7.66221],[109.10606,-7.66266],[109.10561,-7.66266],[109.1056,-7.66266],[109.1056,-7.66311],[109.10605,-7.66311],[109.1065,-7.66311],[109.1065,-7.66266],[109.10651,-7.66266],[109.10651,-7.66221],[109.10651,-7.66176],[109.10606,-7.66176],[109.10606,-7.66131],[109.10561,-7.66131],[109.10561,-7.66175],[109.10561,-7.66176],[109.10515,-7.66176],[109.10515,-7.66175],[109.10515,-7.6613],[109.10471,-7.6613],[109.1047,-7.6613],[109.10425,-7.6613],[109.1038,-7.6613],[109.10379,-7.6613],[109.10334,-7.6613],[109.10334,-7.66084],[109.10379,-7.66084],[109.1038,-7.66084],[109.10425,-7.66084],[109.10425,-7.66085],[109.1047,-7.66085],[109.1047,-7.6604],[109.10425,-7.6604],[109.10425,-7.65994],[109.1038,-7.65994],[109.1038,-7.65949],[109.10336,-7.65949],[109.10335,-7.65949],[109.1031,-7.65949],[109.1029,-7.65949],[109.1029,-7.65903],[109.1029,-7.65858],[109.10245,-7.65858],[109.102,-7.65858],[109.10199,-7.65858],[109.10154,-7.65858],[109.10154,-7.65902],[109.10154,-7.65903],[109.102,-7.65903],[109.102,-7.65948]],[[109.09972,-7.66128],[109.09927,-7.66128],[109.09927,-7.66173],[109.09972,-7.66173],[109.09972,-7.66128]],[[109.09975,-7.65179],[109.09975,-7.65134],[109.09931,-7.65134],[109.09931,-7.65179],[109.0993,-7.65179],[109.0993,-7.65224],[109.09975,-7.65224],[109.09975,-7.65179]],[[109.0993,-7.65314],[109.09975,-7.65314],[109.09975,-7.65269],[109.0993,-7.65269],[109.0993,-7.65314]],[[109.0984,-7.65223],[109.09885,-7.65223],[109.09885,-7.65179],[109.0984,-7.65179],[109.0984,-7.65223]],[[109.10064,-7.65631],[109.1002,-7.65631],[109.1002,-7.65676],[109.10064,-7.65676],[109.10064,-7.65631]],[[109.10066,-7.65224],[109.10066,-7.6518],[109.10066,-7.65179],[109.10066,-7.65134],[109.10021,-7.65134],[109.10021,-7.65179],[109.10021,-7.65224],[109.10066,-7.65224]],[[109.10021,-7.65089],[109.09977,-7.65089],[109.09976,-7.65089],[109.09976,-7.65134],[109.10021,-7.65134],[109.10021,-7.65089]],[[109.09976,-7.65405],[109.09976,-7.6545],[109.1002,-7.6545],[109.10021,-7.6545],[109.10065,-7.6545],[109.10065,-7.65405],[109.1002,-7.65405],[109.1002,-7.6536],[109.09976,-7.6536],[109.09976,-7.65405]],[[109.10243,-7.6631],[109.10243,-7.66355],[109.10243,-7.664],[109.10287,-7.664],[109.10287,-7.66355],[109.10287,-7.6631],[109.10299,-7.6631],[109.10333,-7.6631],[109.10378,-7.6631],[109.10378,-7.66265],[109.10334,-7.66265],[109.10333,-7.66265],[109.10288,-7.66265],[109.10283,-7.66265],[109.10243,-7.66265],[109.10243,-7.66309],[109.10243,-7.6631]],[[109.10423,-7.66401],[109.10423,-7.66356],[109.10379,-7.66356],[109.10378,-7.66356],[109.10378,-7.664],[109.10378,-7.66401],[109.10423,-7.66401]],[[109.10514,-7.66311],[109.10514,-7.66266],[109.1047,-7.66266],[109.1047,-7.66311],[109.10469,-7.66311],[109.10469,-7.66356],[109.10514,-7.66356],[109.10514,-7.66311]],[[109.1043,-7.6491],[109.1043,-7.64955],[109.10475,-7.64955],[109.10475,-7.6491],[109.10475,-7.64865],[109.10431,-7.64865],[109.1043,-7.64865],[109.10385,-7.64865],[109.10385,-7.64864],[109.1034,-7.64864],[109.1034,-7.64909],[109.10384,-7.64909],[109.10385,-7.64909],[109.1043,-7.64909],[109.1043,-7.6491]],[[109.10294,-7.64999],[109.10339,-7.64999],[109.10339,-7.64955],[109.10294,-7.64955],[109.10294,-7.64954],[109.10249,-7.64954],[109.10249,-7.64999],[109.10294,-7.64999]],[[109.10338,-7.6518],[109.10338,-7.65135],[109.10384,-7.65135],[109.10429,-7.65135],[109.10429,-7.65091],[109.10384,-7.65091],[109.10384,-7.6509],[109.1042,-7.6509],[109.1042,-7.65054],[109.10429,-7.65054],[109.10439,-7.65054],[109.10456,-7.65054],[109.10456,-7.6509],[109.10474,-7.6509],[109.10475,-7.6509],[109.10475,-7.65091],[109.10474,-7.65091],[109.10474,-7.65136],[109.10519,-7.65136],[109.10519,-7.65181],[109.10564,-7.65181],[109.10565,-7.65181],[109.1061,-7.65181],[109.1061,-7.65137],[109.10565,-7.65137],[109.10565,-7.65136],[109.10565,-7.65091],[109.10565,-7.65046],[109.1052,-7.65046],[109.10493,-7.65046],[109.10493,-7.65036],[109.1052,-7.65036],[109.10529,-7.65036],[109.10529,-7.65001],[109.10521,-7.65001],[109.1052,-7.65001],[109.10512,-7.65001],[109.10512,-7.65],[109.10512,-7.64983],[109.10475,-7.64983],[109.10475,-7.65],[109.10457,-7.65],[109.10438,-7.65],[109.10438,-7.64982],[109.10429,-7.64982],[109.10429,-7.64955],[109.10385,-7.64955],[109.10384,-7.64955],[109.10384,-7.65],[109.10385,-7.65],[109.10385,-7.65018],[109.10384,-7.65018],[109.10366,-7.65018],[109.10366,-7.65045],[109.10366,-7.65054],[109.10348,-7.65054],[109.10348,-7.6509],[109.10339,-7.6509],[109.10339,-7.65045],[109.10294,-7.65045],[109.10294,-7.6509],[109.10294,-7.65135],[109.10294,-7.6518],[109.10338,-7.6518]],[[109.10429,-7.65136],[109.10429,-7.65181],[109.10474,-7.65181],[109.10474,-7.65136],[109.10429,-7.65136]],[[109.10201,-7.65496],[109.10201,-7.65541],[109.10246,-7.65541],[109.10246,-7.65586],[109.10246,-7.65587],[109.10246,-7.65632],[109.1029,-7.65632],[109.1029,-7.65587],[109.10291,-7.65587],[109.10291,-7.65542],[109.10336,-7.65542],[109.10336,-7.65497],[109.10382,-7.65497],[109.10427,-7.65497],[109.10428,-7.65497],[109.10472,-7.65497],[109.10473,-7.65497],[109.10473,-7.65452],[109.10428,-7.65452],[109.10383,-7.65452],[109.10382,-7.65452],[109.10337,-7.65452],[109.10337,-7.65407],[109.10337,-7.65406],[109.10292,-7.65406],[109.10247,-7.65406],[109.10247,-7.65451],[109.10247,-7.65496],[109.10201,-7.65496]],[[109.10427,-7.65587],[109.10427,-7.65543],[109.10427,-7.65542],[109.10382,-7.65542],[109.10337,-7.65542],[109.10337,-7.65587],[109.10381,-7.65587],[109.10382,-7.65587],[109.10426,-7.65587],[109.10427,-7.65587]],[[109.10516,-7.65995],[109.10561,-7.65995],[109.10561,-7.6595],[109.10606,-7.6595],[109.10606,-7.65905],[109.10561,-7.65905],[109.10561,-7.65904],[109.10516,-7.65904],[109.10516,-7.65859],[109.10516,-7.65814],[109.10562,-7.65814],[109.10562,-7.65769],[109.10517,-7.65769],[109.10516,-7.65769],[109.10472,-7.65769],[109.10471,-7.65769],[109.10471,-7.65814],[109.10426,-7.65814],[109.10426,-7.65858],[109.10426,-7.65859],[109.10466,-7.65859],[109.10471,-7.65859],[109.10471,-7.65904],[109.10471,-7.65949],[109.10426,-7.65949],[109.10426,-7.65994],[109.10471,-7.65994],[109.10471,-7.6604],[109.10516,-7.6604],[109.10516,-7.65995]],[[109.10562,-7.65859],[109.10606,-7.65859],[109.10607,-7.65859],[109.10607,-7.65814],[109.10562,-7.65814],[109.10562,-7.65859]],[[109.10607,-7.65769],[109.10607,-7.65724],[109.10563,-7.65724],[109.10562,-7.65724],[109.10562,-7.65769],[109.10607,-7.65769]],[[109.10474,-7.65407],[109.10474,-7.65452],[109.10518,-7.65452],[109.10518,-7.65416],[109.10546,-7.65416],[109.10546,-7.65434],[109.10564,-7.65434],[109.10582,-7.65434],[109.10582,-7.65416],[109.106,-7.65416],[109.106,-7.65408],[109.106,-7.65407],[109.106,-7.65398],[109.10609,-7.65398],[109.1061,-7.65398],[109.10636,-7.65398],[109.10636,-7.65363],[109.10618,-7.65363],[109.10618,-7.65362],[109.1061,-7.65362],[109.10609,-7.65362],[109.10564,-7.65362],[109.10564,-7.65317],[109.10519,-7.65317],[109.10519,-7.65362],[109.10519,-7.6538],[109.1051,-7.6538],[109.1051,-7.65407],[109.10474,-7.65407]],[[109.10519,-7.65272],[109.10474,-7.65272],[109.10474,-7.65316],[109.10474,-7.65317],[109.10519,-7.65317],[109.10519,-7.65272]],[[109.10563,-7.65498],[109.10519,-7.65498],[109.10518,-7.65498],[109.10518,-7.65542],[109.10518,-7.65543],[109.10563,-7.65543],[109.10563,-7.65498]],[[109.10608,-7.65588],[109.10608,-7.65543],[109.10564,-7.65543],[109.10564,-7.65588],[109.10608,-7.65588]],[[109.10402,-7.65199],[109.10402,-7.65181],[109.10402,-7.65163],[109.10384,-7.65163],[109.10366,-7.65163],[109.10366,-7.6518],[109.10366,-7.65181],[109.10365,-7.65181],[109.10347,-7.65181],[109.10347,-7.65217],[109.10347,-7.65226],[109.10347,-7.65253],[109.10383,-7.65253],[109.10383,-7.65235],[109.10384,-7.65235],[109.10401,-7.65235],[109.10429,-7.65235],[109.10438,-7.65235],[109.10438,-7.65226],[109.10438,-7.65199],[109.10429,-7.65199],[109.10419,-7.65199],[109.10402,-7.65199]],[[109.10383,-7.65316],[109.10383,-7.65361],[109.10428,-7.65361],[109.10428,-7.65317],[109.10428,-7.65316],[109.10384,-7.65316],[109.10383,-7.65316]],[[109.10742,-7.66086],[109.10742,-7.66041],[109.10742,-7.65996],[109.10697,-7.65996],[109.10697,-7.66041],[109.10651,-7.66041],[109.10651,-7.66085],[109.10651,-7.66086],[109.10696,-7.66086],[109.10741,-7.66086],[109.10742,-7.66086]],[[109.10608,-7.65814],[109.10652,-7.65814],[109.10652,-7.65769],[109.10608,-7.65769],[109.10608,-7.65814]],[[109.10673,-7.6529],[109.10673,-7.65272],[109.10691,-7.65272],[109.10691,-7.65308],[109.107,-7.65308],[109.10727,-7.65308],[109.10727,-7.65309],[109.10745,-7.65309],[109.10746,-7.65309],[109.10746,-7.65318],[109.10746,-7.65327],[109.10782,-7.65327],[109.10782,-7.65318],[109.10782,-7.65309],[109.1079,-7.65309],[109.10791,-7.65309],[109.108,-7.65309],[109.108,-7.65273],[109.10791,-7.65273],[109.1079,-7.65273],[109.10782,-7.65273],[109.10782,-7.65255],[109.10746,-7.65255],[109.10746,-7.65228],[109.10746,-7.65227],[109.10746,-7.652],[109.10745,-7.652],[109.10728,-7.652],[109.10727,-7.652],[109.10701,-7.652],[109.107,-7.652],[109.10692,-7.652],[109.10673,-7.652],[109.10673,-7.65182],[109.10673,-7.65164],[109.10656,-7.65164],[109.10655,-7.65164],[109.10637,-7.65164],[109.10637,-7.65182],[109.10619,-7.65182],[109.1061,-7.65182],[109.1061,-7.65227],[109.10619,-7.65227],[109.10619,-7.65236],[109.1061,-7.65236],[109.10609,-7.65236],[109.10601,-7.65236],[109.10601,-7.65272],[109.10601,-7.6529],[109.10609,-7.6529],[109.1061,-7.6529],[109.10619,-7.6529],[109.10619,-7.65308],[109.10636,-7.65308],[109.10654,-7.65308],[109.10655,-7.65308],[109.10672,-7.65308],[109.10672,-7.6529],[109.10673,-7.6529]],[[109.10877,-7.66358],[109.10877,-7.66403],[109.10921,-7.66403],[109.10921,-7.66358],[109.10921,-7.66313],[109.10877,-7.66313],[109.10877,-7.66357],[109.10877,-7.66358]],[[109.10747,-7.64911],[109.10713,-7.64911],[109.10703,-7.64911],[109.10702,-7.64911],[109.10702,-7.64956],[109.10747,-7.64956],[109.10747,-7.64927],[109.10747,-7.64911]],[[109.10657,-7.6473],[109.10657,-7.64685],[109.10613,-7.64685],[109.10613,-7.6473],[109.10657,-7.6473]],[[109.10614,-7.64369],[109.10614,-7.64413],[109.10658,-7.64413],[109.10658,-7.64369],[109.10614,-7.64369]],[[109.11652,-7.65277],[109.11697,-7.65277],[109.11697,-7.65232],[109.11652,-7.65232],[109.11652,-7.65276],[109.11652,-7.65277]],[[109.11697,-7.65322],[109.11742,-7.65322],[109.11742,-7.65277],[109.11697,-7.65277],[109.11697,-7.65322]],[[109.11742,-7.65367],[109.11742,-7.65412],[109.11787,-7.65412],[109.11787,-7.65368],[109.11787,-7.65367],[109.11787,-7.65323],[109.11787,-7.65322],[109.11742,-7.65322],[109.11742,-7.65367]],[[109.11363,-7.65095],[109.11363,-7.65113],[109.1138,-7.65113],[109.11381,-7.65113],[109.11416,-7.65113],[109.11416,-7.65095],[109.11417,-7.65095],[109.11425,-7.65095],[109.11426,-7.65095],[109.11453,-7.65095],[109.11453,-7.6505],[109.11471,-7.6505],[109.11471,-7.65005],[109.11427,-7.65005],[109.11427,-7.65041],[109.11417,-7.65041],[109.11417,-7.65049],[109.11417,-7.6505],[109.11417,-7.65059],[109.11399,-7.65059],[109.11399,-7.65077],[109.11398,-7.65077],[109.11381,-7.65077],[109.1138,-7.65077],[109.11363,-7.65077],[109.11363,-7.65094],[109.11363,-7.65095]],[[109.11016,-7.655],[109.11061,-7.655],[109.11061,-7.65455],[109.11017,-7.65455],[109.11016,-7.65455],[109.10971,-7.65455],[109.10971,-7.65499],[109.11016,-7.65499],[109.11016,-7.655]],[[109.11016,-7.6559],[109.11061,-7.6559],[109.11061,-7.65545],[109.11016,-7.65545],[109.11016,-7.6559]],[[109.1106,-7.65816],[109.1106,-7.65861],[109.11105,-7.65861],[109.11105,-7.65817],[109.11105,-7.65816],[109.1106,-7.65816]],[[109.10968,-7.66087],[109.10968,-7.66042],[109.10924,-7.66042],[109.10924,-7.66087],[109.10968,-7.66087]],[[109.10971,-7.6559],[109.1097,-7.6559],[109.10925,-7.6559],[109.10925,-7.65635],[109.1097,-7.65635],[109.11015,-7.65635],[109.11015,-7.6559],[109.10971,-7.6559]],[[109.11335,-7.64326],[109.11294,-7.64326],[109.11293,-7.64326],[109.11293,-7.64371],[109.11338,-7.64371],[109.11338,-7.64416],[109.11338,-7.64417],[109.11338,-7.64462],[109.1138,-7.64462],[109.11383,-7.64462],[109.11383,-7.64443],[109.11383,-7.64417],[109.11383,-7.64372],[109.11429,-7.64372],[109.11429,-7.64327],[109.11384,-7.64327],[109.11344,-7.64327],[109.11338,-7.64327],[109.11338,-7.64326],[109.11335,-7.64326]],[[109.11292,-7.64461],[109.11292,-7.64417],[109.11247,-7.64417],[109.11247,-7.64461],[109.11292,-7.64461]],[[109.11382,-7.64877],[109.11382,-7.64914],[109.11426,-7.64914],[109.11426,-7.64869],[109.11387,-7.64869],[109.11386,-7.64863],[109.11385,-7.64862],[109.11385,-7.64869],[109.11382,-7.64869],[109.11382,-7.64876],[109.11382,-7.64877]],[[109.1136,-7.64887],[109.11359,-7.64887],[109.1136,-7.64887],[109.1136,-7.64887]],[[109.11516,-7.65231],[109.11516,-7.65276],[109.1156,-7.65276],[109.11561,-7.65276],[109.11561,-7.65231],[109.11516,-7.65231]],[[109.11515,-7.65411],[109.1156,-7.65411],[109.1156,-7.65367],[109.11515,-7.65367],[109.11515,-7.65411]],[[109.11515,-7.65502],[109.11559,-7.65502],[109.11559,-7.65457],[109.11515,-7.65457],[109.11515,-7.65502]],[[109.11652,-7.65367],[109.11651,-7.65367],[109.11651,-7.65412],[109.11696,-7.65412],[109.11696,-7.65367],[109.11652,-7.65367]],[[109.11633,-7.65322],[109.11633,-7.65313],[109.11615,-7.65313],[109.11606,-7.65313],[109.11579,-7.65313],[109.11579,-7.65321],[109.11579,-7.65322],[109.11579,-7.65331],[109.11561,-7.65331],[109.1156,-7.65331],[109.1156,-7.65366],[109.11561,-7.65366],[109.11579,-7.65366],[109.11579,-7.65367],[109.11579,-7.65385],[109.11605,-7.65385],[109.11606,-7.65385],[109.11615,-7.65385],[109.11615,-7.65367],[109.11615,-7.65349],[109.11633,-7.65349],[109.11633,-7.65322]]],[[[109.09113,-7.65676],[109.09109,-7.65676],[109.09109,-7.65685],[109.09113,-7.65685],[109.09113,-7.65707],[109.09113,-7.65713],[109.09113,-7.65714],[109.09113,-7.65717],[109.09111,-7.65717],[109.0911,-7.65717],[109.09107,-7.65717],[109.09068,-7.65717],[109.09067,-7.65717],[109.09067,-7.65672],[109.09068,-7.65672],[109.09113,-7.65672],[109.09113,-7.65676]]],[[[109.09205,-7.65532],[109.09205,-7.65537],[109.09201,-7.65537],[109.092,-7.65537],[109.092,-7.65536],[109.092,-7.65535],[109.092,-7.65535],[109.09201,-7.65532],[109.09204,-7.65532],[109.09205,-7.65532]]],[[[109.09159,-7.65537],[109.09159,-7.65505],[109.09159,-7.65504],[109.09174,-7.65505],[109.09174,-7.65514],[109.09182,-7.65514],[109.09183,-7.65492],[109.09201,-7.65492],[109.09201,-7.65496],[109.09192,-7.65496],[109.09192,-7.65537],[109.09191,-7.65537],[109.09159,-7.65537]]],[[[109.09237,-7.65487],[109.09237,-7.65451],[109.09228,-7.65451],[109.09228,-7.65487],[109.09219,-7.65487],[109.09219,-7.65469],[109.0921,-7.65469],[109.0921,-7.65487],[109.09204,-7.65487],[109.09204,-7.65447],[109.0925,-7.65447],[109.0925,-7.65492],[109.09246,-7.65492],[109.09246,-7.65487],[109.09237,-7.65487]]],[[[109.09093,-7.65356],[109.09093,-7.65351],[109.0909,-7.65351],[109.09093,-7.6535],[109.09102,-7.6535],[109.09102,-7.65348],[109.09115,-7.65345],[109.09115,-7.65351],[109.09111,-7.65351],[109.09111,-7.65356],[109.09093,-7.65356]]],[[[109.09247,-7.65333],[109.09251,-7.65333],[109.09251,-7.65356],[109.09247,-7.65356],[109.09247,-7.65351],[109.09238,-7.65351],[109.09238,-7.65356],[109.09206,-7.65356],[109.09205,-7.65356],[109.09201,-7.65356],[109.09201,-7.65333],[109.09202,-7.65333],[109.09205,-7.65333],[109.09206,-7.65333],[109.09229,-7.65333],[109.09229,-7.65324],[109.0922,-7.65324],[109.0922,-7.65315],[109.09251,-7.65315],[109.09251,-7.65324],[109.09247,-7.65324],[109.09247,-7.65333]]],[[[109.09194,-7.65311],[109.09205,-7.65311],[109.09205,-7.65297],[109.0922,-7.65297],[109.0922,-7.65311],[109.0922,-7.65315],[109.09206,-7.65315],[109.09205,-7.65315],[109.09192,-7.65315],[109.09194,-7.65311]]],[[[109.09256,-7.65279],[109.09251,-7.65279],[109.09247,-7.65279],[109.09247,-7.65297],[109.09238,-7.65297],[109.09238,-7.65288],[109.0922,-7.65288],[109.0922,-7.65266],[109.0922,-7.65261],[109.09229,-7.65261],[109.09229,-7.65252],[109.09247,-7.65252],[109.09247,-7.65261],[109.09251,-7.65261],[109.09256,-7.65261],[109.09256,-7.65266],[109.09256,-7.65279]]],[[[109.09157,-7.65152],[109.09157,-7.65175],[109.09157,-7.65176],[109.09144,-7.65179],[109.09121,-7.65179],[109.09121,-7.65175],[109.09121,-7.65152],[109.09157,-7.65152]]],[[[109.09284,-7.65153],[109.09284,-7.65161],[109.09284,-7.65162],[109.09276,-7.65162],[109.09257,-7.65161],[109.09257,-7.65152],[109.09284,-7.65152],[109.09284,-7.65153]]],[[[109.09148,-7.6513],[109.09148,-7.65125],[109.09161,-7.65125],[109.09184,-7.65125],[109.09184,-7.65116],[109.09206,-7.65116],[109.09248,-7.65116],[109.09248,-7.6513],[109.09248,-7.65131],[109.09248,-7.65152],[109.0922,-7.65152],[109.0922,-7.65134],[109.09211,-7.65134],[109.09211,-7.65143],[109.09206,-7.65143],[109.09195,-7.65143],[109.09195,-7.65142],[109.09192,-7.65133],[109.09186,-7.65137],[109.09185,-7.6514],[109.09185,-7.65143],[109.09166,-7.65143],[109.09166,-7.65152],[109.09161,-7.65152],[109.09157,-7.65152],[109.09157,-7.65143],[109.09148,-7.65143],[109.09148,-7.6513]]],[[[109.09203,-7.65089],[109.09206,-7.65089],[109.09212,-7.65089],[109.09212,-7.65085],[109.09212,-7.65062],[109.0923,-7.65062],[109.0923,-7.6508],[109.09248,-7.6508],[109.09248,-7.65062],[109.09251,-7.65062],[109.09252,-7.65062],[109.09257,-7.65062],[109.09257,-7.65071],[109.09266,-7.65071],[109.09266,-7.65062],[109.09275,-7.65062],[109.09275,-7.6508],[109.09284,-7.6508],[109.09284,-7.65071],[109.09297,-7.65071],[109.09302,-7.65071],[109.09302,-7.65062],[109.09311,-7.65062],[109.09311,-7.65053],[109.09312,-7.65053],[109.09321,-7.65053],[109.0932,-7.65071],[109.09311,-7.65071],[109.09311,-7.65085],[109.09311,-7.65086],[109.09311,-7.65089],[109.09308,-7.65089],[109.09302,-7.65089],[109.09302,-7.65098],[109.09297,-7.65098],[109.09296,-7.65098],[109.09275,-7.65098],[109.09275,-7.65107],[109.09252,-7.65107],[109.09251,-7.65107],[109.0923,-7.65107],[109.0923,-7.65098],[109.09212,-7.65098],[109.09212,-7.65107],[109.09211,-7.65107],[109.09206,-7.65107],[109.09184,-7.65107],[109.09184,-7.65103],[109.09189,-7.65103],[109.09189,-7.65085],[109.09203,-7.65085],[109.09203,-7.65089]]],[[[109.09239,-7.65053],[109.09239,-7.65062],[109.0923,-7.65062],[109.0923,-7.65053],[109.09239,-7.65053]]],[[[109.09221,-7.65053],[109.09221,-7.65044],[109.0923,-7.65044],[109.0923,-7.65053],[109.09221,-7.65053]]],[[[109.09254,-7.64655],[109.09254,-7.64664],[109.0925,-7.64664],[109.0925,-7.64655],[109.09254,-7.64655]]],[[[109.09241,-7.64637],[109.09241,-7.64646],[109.09236,-7.64646],[109.09232,-7.64646],[109.09232,-7.64637],[109.09241,-7.64637]]],[[[109.0918,-7.64067],[109.09189,-7.64067],[109.09189,-7.64076],[109.0918,-7.64076],[109.0918,-7.64067]]],[[[109.09189,-7.64049],[109.09189,-7.64046],[109.09198,-7.64046],[109.09198,-7.64049],[109.09189,-7.64049]]],[[[109.09153,-7.64045],[109.09153,-7.64049],[109.09135,-7.64049],[109.09135,-7.64045],[109.09153,-7.64045]]],[[[109.09124,-7.63142],[109.09124,-7.63097],[109.09124,-7.63096],[109.0917,-7.63096],[109.0917,-7.63097],[109.0917,-7.63142],[109.09124,-7.63142]]],[[[109.0908,-7.62916],[109.09126,-7.62916],[109.09126,-7.62961],[109.0908,-7.62961],[109.0908,-7.62916]]],[[[109.09222,-7.61651],[109.09222,-7.61606],[109.09267,-7.61606],[109.09268,-7.61606],[109.09268,-7.61651],[109.09267,-7.61651],[109.09222,-7.61651]]],[[[109.09177,-7.61515],[109.09177,-7.6156],[109.09177,-7.61561],[109.09132,-7.61561],[109.09132,-7.61605],[109.09086,-7.61605],[109.09086,-7.6156],[109.09132,-7.6156],[109.09132,-7.61515],[109.09177,-7.61515]]],[[[109.09313,-7.61425],[109.09313,-7.61471],[109.09268,-7.61471],[109.09267,-7.61471],[109.09222,-7.61471],[109.09222,-7.6147],[109.09222,-7.61425],[109.09222,-7.6138],[109.09268,-7.6138],[109.09268,-7.61425],[109.09313,-7.61425]]],[[[109.09224,-7.61199],[109.09224,-7.61244],[109.09224,-7.61289],[109.09224,-7.6129],[109.09178,-7.6129],[109.09178,-7.61289],[109.09178,-7.61244],[109.09178,-7.61199],[109.09224,-7.61199]]],[[[109.09181,-7.60476],[109.09227,-7.60476],[109.09227,-7.60521],[109.09181,-7.60521],[109.09181,-7.60476]]],[[[109.09229,-7.60069],[109.09273,-7.60069],[109.09273,-7.60025],[109.09273,-7.60024],[109.09274,-7.60024],[109.09274,-7.5998],[109.09274,-7.59979],[109.09229,-7.59979],[109.09229,-7.59934],[109.09274,-7.59934],[109.09275,-7.59934],[109.09319,-7.59934],[109.0932,-7.59934],[109.09365,-7.59934],[109.09365,-7.59979],[109.09365,-7.5998],[109.0941,-7.5998],[109.09455,-7.5998],[109.09455,-7.59935],[109.09501,-7.59935],[109.09546,-7.59935],[109.09546,-7.5989],[109.09547,-7.5989],[109.09547,-7.59845],[109.09501,-7.59845],[109.09501,-7.598],[109.09547,-7.598],[109.09592,-7.598],[109.09593,-7.598],[109.09637,-7.598],[109.09638,-7.598],[109.09682,-7.598],[109.09683,-7.598],[109.09683,-7.59845],[109.09683,-7.59846],[109.09728,-7.59846],[109.09728,-7.59891],[109.09728,-7.59936],[109.09727,-7.59936],[109.097,-7.59936],[109.097,-7.59946],[109.097,-7.59955],[109.097,-7.59968],[109.097,-7.59972],[109.097,-7.59981],[109.097,-7.60005],[109.097,-7.60008],[109.09701,-7.60008],[109.09712,-7.60008],[109.09727,-7.60008],[109.09728,-7.60008],[109.09736,-7.60008],[109.09736,-7.5999],[109.09754,-7.5999],[109.09772,-7.5999],[109.09773,-7.5999],[109.09791,-7.5999],[109.09791,-7.59982],[109.09791,-7.59981],[109.09791,-7.59955],[109.09773,-7.59955],[109.09772,-7.59955],[109.09772,-7.59954],[109.09772,-7.59937],[109.09758,-7.59937],[109.09759,-7.59936],[109.09772,-7.59936],[109.09773,-7.59936],[109.09817,-7.59936],[109.09817,-7.59901],[109.09817,-7.59891],[109.09773,-7.59891],[109.09772,-7.59891],[109.09772,-7.59846],[109.09773,-7.59846],[109.09818,-7.59846],[109.09864,-7.59846],[109.09864,-7.59871],[109.09853,-7.5988],[109.09864,-7.59873],[109.09864,-7.59892],[109.09908,-7.59892],[109.09909,-7.59892],[109.09918,-7.59892],[109.09918,-7.59919],[109.09909,-7.59919],[109.09908,-7.59919],[109.09899,-7.59919],[109.09899,-7.59937],[109.09899,-7.59973],[109.09908,-7.59973],[109.09909,-7.59973],[109.09918,-7.59973],[109.09918,-7.59982],[109.09918,-7.60009],[109.09935,-7.60009],[109.09953,-7.60009],[109.09971,-7.60009],[109.09971,-7.59991],[109.09972,-7.59991],[109.09999,-7.59991],[109.09999,-7.6001],[109.09989,-7.6001],[109.09989,-7.60027],[109.09989,-7.60028],[109.09971,-7.60028],[109.09971,-7.60064],[109.09998,-7.60064],[109.09999,-7.60064],[109.10007,-7.60064],[109.10007,-7.60046],[109.10008,-7.60046],[109.10008,-7.60073],[109.10008,-7.60082],[109.10043,-7.60082],[109.10044,-7.60082],[109.10044,-7.60073],[109.10044,-7.60064],[109.10062,-7.60064],[109.10062,-7.60028],[109.1008,-7.60028],[109.1008,-7.59992],[109.10062,-7.59992],[109.10044,-7.59992],[109.10044,-7.59983],[109.10044,-7.59956],[109.10026,-7.59956],[109.10026,-7.59938],[109.10008,-7.59938],[109.10008,-7.59937],[109.10008,-7.59892],[109.10008,-7.59865],[109.09999,-7.59865],[109.09999,-7.59847],[109.09999,-7.59802],[109.1,-7.59802],[109.1,-7.59779],[109.1,-7.59757],[109.1,-7.59711],[109.09955,-7.59711],[109.09955,-7.59666],[109.09955,-7.59621],[109.10001,-7.59621],[109.10001,-7.59666],[109.10001,-7.59711],[109.10046,-7.59711],[109.10046,-7.59712],[109.10091,-7.59712],[109.10091,-7.59667],[109.10136,-7.59667],[109.1014,-7.59667],[109.10149,-7.59667],[109.10181,-7.59667],[109.10181,-7.59622],[109.10138,-7.59622],[109.10136,-7.59622],[109.10129,-7.59622],[109.10091,-7.59622],[109.10091,-7.59577],[109.10091,-7.59576],[109.10091,-7.59531],[109.10115,-7.59531],[109.10124,-7.59531],[109.10136,-7.59531],[109.10136,-7.59486],[109.10182,-7.59486],[109.10227,-7.59486],[109.10227,-7.59442],[109.10227,-7.59441],[109.10227,-7.59428],[109.10227,-7.59419],[109.10227,-7.59396],[109.10254,-7.59396],[109.10263,-7.59396],[109.10265,-7.59396],[109.10273,-7.59396],[109.10273,-7.59441],[109.10273,-7.59442],[109.10273,-7.59472],[109.10273,-7.59486],[109.10273,-7.59487],[109.10275,-7.59487],[109.10318,-7.59487],[109.10318,-7.59442],[109.10364,-7.59442],[109.10364,-7.59397],[109.10409,-7.59397],[109.1041,-7.59397],[109.10455,-7.59397],[109.10455,-7.59442],[109.10455,-7.59487],[109.105,-7.59487],[109.105,-7.59488],[109.105,-7.59533],[109.10544,-7.59533],[109.10544,-7.59488],[109.1059,-7.59488],[109.10635,-7.59488],[109.1068,-7.59488],[109.1068,-7.59443],[109.10635,-7.59443],[109.10635,-7.59398],[109.10635,-7.59353],[109.1059,-7.59353],[109.1059,-7.59308],[109.1059,-7.59307],[109.1059,-7.59262],[109.10636,-7.59262],[109.10636,-7.59307],[109.10681,-7.59307],[109.10681,-7.59308],[109.10681,-7.59353],[109.10681,-7.59398],[109.10681,-7.59443],[109.10726,-7.59443],[109.10726,-7.59489],[109.1077,-7.59489],[109.10771,-7.59489],[109.10771,-7.59453],[109.10789,-7.59453],[109.10816,-7.59453],[109.10817,-7.59453],[109.10825,-7.59453],[109.10825,-7.59444],[109.10861,-7.59444],[109.10861,-7.59399],[109.10862,-7.59399],[109.10862,-7.59354],[109.10817,-7.59354],[109.10817,-7.59398],[109.10817,-7.59399],[109.10817,-7.59417],[109.10808,-7.59417],[109.10789,-7.59417],[109.10789,-7.59416],[109.10808,-7.59416],[109.10808,-7.59399],[109.10808,-7.59398],[109.10808,-7.59381],[109.10789,-7.59381],[109.10772,-7.59381],[109.10772,-7.5938],[109.10808,-7.5938],[109.10808,-7.59353],[109.10817,-7.59353],[109.10817,-7.59308],[109.10863,-7.59308],[109.10863,-7.59354],[109.10907,-7.59354],[109.10907,-7.59309],[109.10953,-7.59309],[109.10953,-7.59354],[109.10908,-7.59354],[109.10908,-7.59399],[109.10952,-7.59399],[109.10953,-7.59399],[109.10998,-7.59399],[109.10998,-7.59355],[109.10998,-7.59354],[109.10998,-7.59309],[109.11043,-7.59309],[109.11043,-7.59264],[109.11044,-7.59264],[109.11088,-7.59264],[109.11089,-7.59264],[109.11134,-7.59264],[109.11179,-7.59264],[109.11179,-7.59265],[109.11224,-7.59265],[109.11225,-7.59265],[109.11232,-7.59265],[109.11233,-7.59265],[109.1127,-7.59265],[109.1127,-7.5931],[109.1127,-7.59355],[109.1127,-7.59356],[109.1127,-7.59401],[109.11314,-7.59401],[109.11314,-7.59356],[109.1136,-7.59356],[109.1136,-7.59311],[109.11406,-7.59311],[109.11406,-7.59356],[109.1145,-7.59356],[109.11451,-7.59356],[109.11451,-7.59311],[109.11451,-7.59266],[109.11451,-7.59221],[109.11451,-7.59176],[109.11406,-7.59176],[109.11406,-7.59175],[109.11406,-7.5913],[109.11361,-7.5913],[109.11361,-7.59085],[109.11316,-7.59085],[109.11316,-7.5904],[109.11316,-7.59039],[109.11316,-7.58994],[109.11317,-7.58994],[109.11317,-7.58949],[109.11317,-7.58904],[109.11362,-7.58904],[109.11362,-7.58859],[109.11371,-7.58859],[109.11371,-7.58823],[109.11362,-7.58823],[109.11354,-7.58823],[109.11354,-7.58822],[109.11362,-7.58822],[109.11371,-7.58822],[109.11371,-7.58814],[109.11407,-7.58814],[109.11408,-7.58814],[109.11444,-7.58814],[109.11444,-7.58841],[109.11426,-7.58841],[109.11426,-7.58859],[109.11426,-7.58895],[109.11444,-7.58895],[109.11452,-7.58895],[109.11453,-7.58895],[109.11462,-7.58895],[109.1148,-7.58895],[109.1148,-7.58896],[109.11462,-7.58896],[109.11462,-7.58904],[109.11462,-7.58905],[109.11462,-7.58931],[109.11497,-7.58931],[109.11498,-7.58931],[109.11498,-7.5895],[109.11497,-7.5895],[109.11479,-7.5895],[109.11479,-7.58986],[109.11497,-7.58986],[109.11498,-7.58986],[109.11534,-7.58986],[109.11534,-7.5895],[109.11543,-7.5895],[109.11543,-7.58995],[109.11543,-7.5904],[109.11498,-7.5904],[109.11498,-7.59085],[109.11542,-7.59085],[109.11543,-7.59085],[109.11543,-7.5913],[109.11543,-7.59131],[109.11588,-7.59131],[109.11588,-7.59176],[109.11588,-7.59221],[109.11543,-7.59221],[109.11542,-7.59221],[109.11497,-7.59221],[109.11497,-7.59266],[109.11542,-7.59266],[109.11542,-7.59311],[109.11587,-7.59311],[109.11587,-7.59267],[109.11587,-7.59266],[109.11633,-7.59266],[109.11633,-7.59267],[109.11678,-7.59267],[109.11678,-7.59312],[109.11723,-7.59312],[109.11723,-7.59357],[109.11768,-7.59357],[109.11768,-7.59358],[109.11813,-7.59358],[109.11813,-7.59403],[109.11858,-7.59403],[109.11858,-7.59448],[109.11813,-7.59448],[109.11768,-7.59448],[109.11768,-7.59403],[109.11723,-7.59403],[109.11723,-7.59448],[109.11677,-7.59448],[109.11677,-7.59493],[109.11631,-7.59493],[109.11631,-7.59447],[109.11587,-7.59447],[109.11587,-7.59492],[109.11541,-7.59492],[109.11541,-7.59537],[109.11495,-7.59537],[109.11495,-7.59582],[109.11495,-7.59628],[109.11449,-7.59628],[109.11449,-7.59627],[109.11404,-7.59627],[109.11404,-7.59582],[109.11449,-7.59582],[109.11449,-7.59537],[109.11404,-7.59537],[109.11404,-7.59492],[109.11405,-7.59492],[109.11405,-7.59446],[109.11451,-7.59446],[109.11451,-7.59447],[109.11495,-7.59447],[109.11495,-7.59402],[109.1145,-7.59402],[109.1145,-7.59401],[109.11406,-7.59401],[109.11405,-7.59401],[109.1136,-7.59401],[109.1136,-7.59446],[109.11315,-7.59446],[109.11314,-7.59446],[109.11269,-7.59446],[109.11269,-7.59491],[109.11269,-7.59536],[109.11269,-7.59581],[109.11269,-7.59626],[109.11269,-7.59627],[109.11269,-7.59672],[109.11314,-7.59672],[109.11314,-7.59717],[109.11268,-7.59717],[109.11268,-7.59672],[109.11246,-7.59672],[109.11245,-7.59672],[109.11223,-7.59672],[109.11223,-7.59627],[109.11223,-7.59626],[109.11223,-7.59581],[109.11179,-7.59581],[109.11178,-7.59581],[109.11133,-7.59581],[109.11133,-7.59626],[109.11178,-7.59626],[109.11178,-7.59671],[109.11178,-7.59716],[109.11178,-7.59717],[109.11178,-7.59752],[109.11132,-7.5976],[109.11132,-7.59717],[109.11132,-7.59716],[109.11132,-7.59671],[109.11088,-7.59671],[109.11087,-7.59671],[109.11087,-7.59716],[109.11041,-7.59716],[109.11041,-7.59671],[109.11042,-7.59671],[109.11042,-7.59626],[109.10997,-7.59626],[109.10997,-7.59671],[109.10951,-7.59671],[109.10951,-7.59716],[109.10905,-7.59716],[109.10905,-7.59715],[109.10861,-7.59715],[109.1086,-7.59715],[109.10816,-7.59715],[109.10816,-7.5976],[109.1086,-7.5976],[109.10861,-7.5976],[109.10905,-7.5976],[109.10906,-7.5976],[109.10906,-7.59761],[109.10951,-7.59761],[109.10951,-7.59791],[109.10921,-7.59796],[109.10921,-7.59797],[109.1092,-7.59797],[109.10919,-7.59797],[109.10906,-7.59799],[109.10906,-7.59799],[109.10882,-7.59802],[109.10881,-7.59802],[109.10881,-7.59801],[109.1088,-7.59801],[109.10879,-7.59801],[109.10878,-7.598],[109.10877,-7.59802],[109.10877,-7.59803],[109.10876,-7.59803],[109.10876,-7.59804],[109.10875,-7.59804],[109.10875,-7.59805],[109.10874,-7.59805],[109.10872,-7.59806],[109.10861,-7.59806],[109.10861,-7.59808],[109.10815,-7.59809],[109.10815,-7.59806],[109.10815,-7.59805],[109.1077,-7.59805],[109.1077,-7.5976],[109.1077,-7.59715],[109.10725,-7.59715],[109.10679,-7.59715],[109.10679,-7.59669],[109.10635,-7.59669],[109.10635,-7.59714],[109.10634,-7.59714],[109.10634,-7.59759],[109.1068,-7.59759],[109.1068,-7.5976],[109.10725,-7.5976],[109.10725,-7.59805],[109.1068,-7.59805],[109.10679,-7.59805],[109.10634,-7.59805],[109.10588,-7.59805],[109.10588,-7.59759],[109.10588,-7.59714],[109.10544,-7.59714],[109.10543,-7.59714],[109.10499,-7.59714],[109.10498,-7.59714],[109.10498,-7.59759],[109.10544,-7.59759],[109.10544,-7.59804],[109.10543,-7.59804],[109.10543,-7.59849],[109.10498,-7.59849],[109.10498,-7.59894],[109.10452,-7.59894],[109.10452,-7.59849],[109.10452,-7.59804],[109.10452,-7.59759],[109.10407,-7.59759],[109.10407,-7.59804],[109.10362,-7.59804],[109.10362,-7.59848],[109.10362,-7.59849],[109.10407,-7.59849],[109.10407,-7.59894],[109.10362,-7.59894],[109.10361,-7.59894],[109.10317,-7.59894],[109.10316,-7.59894],[109.10298,-7.59894],[109.10272,-7.59894],[109.10272,-7.59938],[109.10272,-7.59939],[109.10271,-7.59939],[109.10271,-7.59983],[109.10271,-7.59984],[109.10316,-7.59984],[109.10316,-7.59939],[109.10361,-7.59939],[109.10362,-7.59939],[109.10362,-7.59984],[109.10406,-7.59984],[109.10407,-7.59984],[109.10407,-7.60019],[109.10388,-7.6003],[109.10387,-7.6003],[109.10361,-7.6003],[109.10361,-7.60074],[109.10406,-7.60074],[109.10407,-7.60074],[109.10407,-7.60075],[109.10407,-7.60104],[109.10407,-7.60107],[109.10407,-7.6011],[109.10407,-7.6012],[109.10432,-7.6012],[109.10434,-7.60123],[109.10435,-7.60123],[109.10435,-7.60124],[109.10436,-7.60124],[109.10436,-7.60125],[109.10437,-7.60125],[109.10437,-7.60126],[109.10437,-7.60127],[109.10437,-7.60128],[109.10433,-7.60165],[109.10406,-7.60165],[109.10406,-7.6012],[109.10404,-7.6012],[109.10361,-7.6012],[109.10316,-7.6012],[109.10316,-7.60165],[109.1027,-7.60165],[109.1027,-7.6012],[109.1027,-7.60119],[109.1027,-7.60117],[109.1027,-7.60108],[109.1027,-7.60074],[109.10225,-7.60074],[109.10225,-7.60117],[109.10179,-7.60118],[109.10179,-7.60074],[109.10135,-7.60074],[109.10134,-7.60074],[109.10134,-7.60118],[109.10134,-7.60119],[109.10134,-7.60137],[109.10116,-7.60136],[109.10108,-7.60148],[109.10106,-7.60164],[109.10105,-7.60178],[109.10105,-7.60179],[109.10105,-7.6018],[109.10104,-7.6018],[109.10099,-7.6019],[109.101,-7.60191],[109.10133,-7.60174],[109.10133,-7.60174],[109.10154,-7.60164],[109.10179,-7.60164],[109.10179,-7.60209],[109.10179,-7.60254],[109.10179,-7.60255],[109.10133,-7.60255],[109.10133,-7.60254],[109.10088,-7.60254],[109.10088,-7.60299],[109.10043,-7.60299],[109.10043,-7.60344],[109.10043,-7.60389],[109.09997,-7.60389],[109.09997,-7.60344],[109.09997,-7.60299],[109.09953,-7.60299],[109.09952,-7.60299],[109.09945,-7.60299],[109.09919,-7.60299],[109.09907,-7.60299],[109.09907,-7.60298],[109.09862,-7.60298],[109.09862,-7.60306],[109.09862,-7.60321],[109.09862,-7.60343],[109.09862,-7.60389],[109.09816,-7.60389],[109.09816,-7.60349],[109.09816,-7.60343],[109.09802,-7.60343],[109.09771,-7.60343],[109.09771,-7.60388],[109.09771,-7.60433],[109.09771,-7.60479],[109.09725,-7.60479],[109.09725,-7.60478],[109.09679,-7.60478],[109.09679,-7.60433],[109.09679,-7.60388],[109.09635,-7.60388],[109.09634,-7.60388],[109.09589,-7.60388],[109.09589,-7.60433],[109.09544,-7.60433],[109.09544,-7.60432],[109.09499,-7.60432],[109.09499,-7.60387],[109.09499,-7.60342],[109.09454,-7.60342],[109.09454,-7.60297],[109.09409,-7.60297],[109.09409,-7.60296],[109.09408,-7.60296],[109.09408,-7.60251],[109.09364,-7.60251],[109.09363,-7.60251],[109.09319,-7.60251],[109.09318,-7.60251],[109.09273,-7.60251],[109.09273,-7.60206],[109.09273,-7.60205],[109.09273,-7.6016],[109.09318,-7.6016],[109.09319,-7.6016],[109.09363,-7.6016],[109.09363,-7.60115],[109.09319,-7.60115],[109.09318,-7.60115],[109.09274,-7.60115],[109.09273,-7.60115],[109.09229,-7.60115],[109.09228,-7.60115],[109.09228,-7.6007],[109.09228,-7.60069],[109.09229,-7.60069]],[[109.10364,-7.59487],[109.10408,-7.59487],[109.10409,-7.59487],[109.10409,-7.59442],[109.10364,-7.59442],[109.10364,-7.59487]],[[109.11269,-7.59401],[109.11248,-7.59401],[109.11224,-7.59401],[109.11224,-7.59446],[109.11236,-7.59446],[109.11269,-7.59446],[109.11269,-7.59401]],[[109.11179,-7.59446],[109.11179,-7.5949],[109.11179,-7.59491],[109.11224,-7.59491],[109.11224,-7.59446],[109.11179,-7.59446]],[[109.10316,-7.60029],[109.10361,-7.60029],[109.10361,-7.59992],[109.10361,-7.59984],[109.10352,-7.59984],[109.10316,-7.59984],[109.10316,-7.60029]],[[109.10545,-7.59578],[109.10589,-7.59578],[109.10589,-7.59533],[109.10545,-7.59533],[109.10545,-7.59578]],[[109.10544,-7.59624],[109.10544,-7.59668],[109.10544,-7.59669],[109.10589,-7.59669],[109.10634,-7.59669],[109.10634,-7.59624],[109.1068,-7.59624],[109.1068,-7.59669],[109.10725,-7.59669],[109.10725,-7.59624],[109.10725,-7.59579],[109.1077,-7.59579],[109.1077,-7.59534],[109.10725,-7.59534],[109.10725,-7.59489],[109.1068,-7.59489],[109.1068,-7.59533],[109.1068,-7.59534],[109.1068,-7.59579],[109.10635,-7.59579],[109.1059,-7.59579],[109.1059,-7.59624],[109.10544,-7.59624]],[[109.09592,-7.59918],[109.09591,-7.59918],[109.09591,-7.59935],[109.09591,-7.59936],[109.09591,-7.59972],[109.09592,-7.59972],[109.09609,-7.59972],[109.09609,-7.59981],[109.09609,-7.5999],[109.09628,-7.5999],[109.09636,-7.5999],[109.09637,-7.5999],[109.09664,-7.5999],[109.09664,-7.59981],[109.09664,-7.59954],[109.09682,-7.59954],[109.09682,-7.59936],[109.09682,-7.599],[109.09664,-7.599],[109.09646,-7.599],[109.09638,-7.599],[109.09637,-7.599],[109.09592,-7.599],[109.09592,-7.59918]],[[109.09591,-7.60098],[109.0959,-7.60098],[109.0959,-7.60116],[109.0959,-7.60134],[109.09572,-7.60134],[109.09546,-7.60134],[109.09545,-7.60134],[109.09536,-7.60134],[109.09536,-7.60161],[109.09536,-7.6017],[109.09545,-7.6017],[109.09554,-7.6017],[109.09555,-7.6017],[109.09572,-7.6017],[109.09572,-7.60189],[109.09554,-7.60189],[109.09554,-7.60206],[109.09554,-7.60207],[109.09554,-7.60224],[109.0959,-7.60224],[109.0959,-7.60207],[109.09627,-7.60207],[109.09627,-7.60189],[109.09635,-7.60189],[109.09636,-7.60189],[109.09644,-7.60189],[109.09645,-7.60189],[109.09681,-7.60189],[109.09681,-7.60171],[109.09699,-7.60171],[109.09699,-7.60162],[109.09699,-7.60153],[109.097,-7.60153],[109.097,-7.60162],[109.097,-7.60171],[109.09717,-7.60171],[109.09717,-7.60189],[109.09726,-7.60189],[109.09727,-7.60189],[109.09754,-7.60189],[109.09754,-7.60207],[109.09758,-7.60207],[109.09771,-7.60207],[109.09771,-7.60208],[109.09753,-7.60208],[109.09726,-7.60208],[109.09717,-7.60208],[109.09717,-7.60243],[109.09726,-7.60243],[109.09735,-7.60243],[109.09735,-7.60252],[109.09735,-7.60253],[109.09735,-7.60279],[109.09771,-7.60279],[109.09771,-7.60262],[109.09772,-7.60262],[109.09787,-7.60262],[109.09789,-7.60262],[109.0979,-7.60262],[109.0979,-7.6028],[109.09795,-7.6028],[109.09816,-7.6028],[109.09817,-7.6028],[109.09826,-7.6028],[109.09826,-7.60253],[109.09826,-7.60226],[109.09817,-7.60226],[109.09807,-7.60226],[109.09807,-7.60208],[109.09807,-7.60207],[109.09817,-7.60207],[109.09826,-7.60207],[109.09826,-7.60172],[109.09817,-7.60172],[109.09807,-7.60172],[109.0979,-7.60172],[109.09783,-7.60172],[109.09774,-7.60172],[109.09772,-7.60172],[109.09772,-7.60171],[109.09774,-7.60171],[109.09783,-7.60171],[109.09808,-7.60171],[109.09808,-7.60163],[109.09808,-7.60162],[109.09808,-7.60117],[109.0979,-7.60117],[109.09776,-7.60117],[109.09773,-7.60117],[109.09772,-7.60117],[109.09767,-7.60117],[109.09754,-7.60117],[109.09754,-7.60099],[109.09772,-7.60099],[109.09772,-7.60072],[109.09772,-7.60063],[109.09736,-7.60063],[109.09736,-7.60072],[109.09736,-7.60081],[109.09727,-7.60081],[109.09718,-7.60081],[109.09718,-7.60099],[109.09717,-7.60099],[109.09717,-7.60081],[109.097,-7.60081],[109.09682,-7.60081],[109.09681,-7.60081],[109.09664,-7.60081],[109.09664,-7.60099],[109.09663,-7.60099],[109.09663,-7.60081],[109.09636,-7.60081],[109.09627,-7.60081],[109.09627,-7.60098],[109.09591,-7.60098]],[[109.09627,-7.60261],[109.09627,-7.60252],[109.09627,-7.60225],[109.0959,-7.60225],[109.0959,-7.60243],[109.09572,-7.60243],[109.09572,-7.60252],[109.09572,-7.60297],[109.09572,-7.60315],[109.09589,-7.60315],[109.0959,-7.60315],[109.0959,-7.60342],[109.0959,-7.60351],[109.09608,-7.60351],[109.09634,-7.60351],[109.09635,-7.60351],[109.09644,-7.60351],[109.09644,-7.60343],[109.09644,-7.60342],[109.09644,-7.60316],[109.09635,-7.60316],[109.09626,-7.60315],[109.09635,-7.60315],[109.09644,-7.60315],[109.09644,-7.60298],[109.09644,-7.60297],[109.09644,-7.60279],[109.09636,-7.60279],[109.09635,-7.60279],[109.09627,-7.60279],[109.09627,-7.60261]],[[109.09319,-7.6007],[109.09364,-7.6007],[109.09364,-7.60025],[109.0932,-7.60025],[109.09319,-7.60025],[109.09319,-7.6007]],[[109.10226,-7.59577],[109.10227,-7.59577],[109.10227,-7.59532],[109.10182,-7.59532],[109.10137,-7.59532],[109.10137,-7.59576],[109.10182,-7.59576],[109.10182,-7.59577],[109.10226,-7.59577]],[[109.10499,-7.59578],[109.10499,-7.59533],[109.10454,-7.59533],[109.10454,-7.59578],[109.10499,-7.59578]],[[109.11632,-7.59402],[109.11632,-7.59447],[109.11677,-7.59447],[109.11677,-7.59403],[109.11677,-7.59402],[109.11677,-7.59357],[109.11633,-7.59357],[109.11632,-7.59357],[109.11632,-7.59402]],[[109.11088,-7.5949],[109.11043,-7.5949],[109.11043,-7.59535],[109.11087,-7.59535],[109.11088,-7.59535],[109.11088,-7.5949]],[[109.10907,-7.59535],[109.10907,-7.5958],[109.10951,-7.5958],[109.10951,-7.59535],[109.10907,-7.59535]],[[109.11362,-7.5904],[109.11362,-7.59085],[109.11406,-7.59085],[109.11407,-7.59085],[109.11407,-7.5904],[109.11362,-7.5904]]],[[[109.09184,-7.59798],[109.0923,-7.59798],[109.0923,-7.59844],[109.09184,-7.59844],[109.09184,-7.59798]]],[[[109.09185,-7.59572],[109.09231,-7.59572],[109.09231,-7.59618],[109.09185,-7.59618],[109.09185,-7.59572]]],[[[109.09186,-7.59211],[109.09187,-7.59211],[109.09232,-7.59211],[109.09232,-7.59256],[109.09277,-7.59256],[109.09323,-7.59256],[109.09323,-7.59302],[109.09277,-7.59302],[109.09277,-7.59347],[109.09232,-7.59347],[109.09231,-7.59347],[109.09231,-7.59302],[109.09231,-7.59301],[109.09231,-7.59256],[109.09187,-7.59256],[109.09186,-7.59256],[109.09186,-7.59211]]],[[[109.09372,-7.68655],[109.09372,-7.68668],[109.09326,-7.68682],[109.09326,-7.68655],[109.09372,-7.68655]]],[[[109.09412,-7.67743],[109.09412,-7.67707],[109.09422,-7.67707],[109.09422,-7.67752],[109.09376,-7.67752],[109.09376,-7.67743],[109.09412,-7.67743]]],[[[109.0943,-7.67617],[109.0943,-7.67616],[109.0943,-7.67599],[109.09422,-7.67599],[109.09421,-7.67599],[109.09395,-7.67599],[109.09377,-7.67598],[109.09394,-7.67598],[109.09421,-7.67598],[109.09422,-7.67598],[109.0943,-7.67598],[109.0943,-7.6758],[109.09431,-7.6758],[109.09431,-7.67572],[109.09431,-7.67571],[109.09431,-7.6756],[109.09436,-7.67571],[109.09437,-7.67571],[109.09451,-7.676],[109.09457,-7.67597],[109.09467,-7.67592],[109.09467,-7.67616],[109.09467,-7.67617],[109.09512,-7.67617],[109.09512,-7.67662],[109.09481,-7.67662],[109.09467,-7.67662],[109.09467,-7.67707],[109.09499,-7.67707],[109.09512,-7.67707],[109.09512,-7.67737],[109.09512,-7.67752],[109.09466,-7.67752],[109.09466,-7.67707],[109.0943,-7.67707],[109.0943,-7.67662],[109.0943,-7.67653],[109.09422,-7.67653],[109.09421,-7.67653],[109.09412,-7.67653],[109.09412,-7.67634],[109.09421,-7.67634],[109.09422,-7.67634],[109.0943,-7.67634],[109.0943,-7.67617]]],[[[109.09376,-7.6758],[109.09377,-7.6758],[109.09377,-7.67598],[109.09376,-7.67598],[109.09376,-7.6758]]],[[[109.09418,-7.66996],[109.09418,-7.66995],[109.09418,-7.66994],[109.09418,-7.66993],[109.09418,-7.66992],[109.09417,-7.66992],[109.09417,-7.66991],[109.09417,-7.6699],[109.09417,-7.66985],[109.09417,-7.66984],[109.09425,-7.66984],[109.09425,-7.67026],[109.09418,-7.66996]]],[[[109.09289,-7.66932],[109.0929,-7.66938],[109.09292,-7.66953],[109.09292,-7.66954],[109.09292,-7.66955],[109.09289,-7.66964],[109.09289,-7.66938],[109.09289,-7.66932]]],[[[109.09334,-7.66713],[109.09334,-7.66667],[109.09335,-7.66667],[109.0938,-7.66667],[109.0938,-7.66713],[109.09335,-7.66713],[109.09334,-7.66713]]],[[[109.09473,-7.66216],[109.09518,-7.66216],[109.09519,-7.66216],[109.09519,-7.66261],[109.09549,-7.66261],[109.09563,-7.66261],[109.09564,-7.66261],[109.09609,-7.66261],[109.09609,-7.66262],[109.09609,-7.66307],[109.09564,-7.66307],[109.09563,-7.66307],[109.09518,-7.66307],[109.09518,-7.66281],[109.09518,-7.66261],[109.09473,-7.66261],[109.09473,-7.66306],[109.09428,-7.66306],[109.09428,-7.66261],[109.09428,-7.66216],[109.09473,-7.66216]]],[[[109.09274,-7.66079],[109.09293,-7.66079],[109.09293,-7.6608],[109.09338,-7.6608],[109.09338,-7.66125],[109.09383,-7.66125],[109.09383,-7.6617],[109.09428,-7.6617],[109.09428,-7.66216],[109.09383,-7.66216],[109.09337,-7.66216],[109.09337,-7.66215],[109.09292,-7.66215],[109.09292,-7.6617],[109.09273,-7.6617],[109.09281,-7.66156],[109.09278,-7.66125],[109.09278,-7.66125],[109.09274,-7.66079]]],[[[109.09269,-7.65989],[109.09293,-7.65989],[109.09293,-7.66034],[109.0927,-7.66034],[109.09268,-7.66021],[109.09268,-7.6602],[109.09269,-7.66019],[109.09271,-7.66008],[109.09269,-7.65989]]],[[[109.09295,-7.65537],[109.0934,-7.65537],[109.09341,-7.65537],[109.09355,-7.65537],[109.09355,-7.65538],[109.09354,-7.65578],[109.09345,-7.65578],[109.09345,-7.65569],[109.09341,-7.65569],[109.0934,-7.65569],[109.09336,-7.65569],[109.09336,-7.65583],[109.09295,-7.65583],[109.09295,-7.65537]]],[[[109.09386,-7.65524],[109.09386,-7.65515],[109.09386,-7.65514],[109.09391,-7.65515],[109.09391,-7.65524],[109.09386,-7.65524]]],[[[109.09391,-7.65506],[109.09391,-7.65505],[109.09391,-7.65497],[109.09386,-7.65497],[109.09386,-7.65496],[109.09386,-7.65493],[109.09386,-7.65486],[109.09393,-7.65493],[109.094,-7.65498],[109.094,-7.65506],[109.09391,-7.65506]]],[[[109.09313,-7.65447],[109.09318,-7.65447],[109.09322,-7.65447],[109.09337,-7.65447],[109.09341,-7.6545],[109.09341,-7.65492],[109.09295,-7.65492],[109.09295,-7.6547],[109.09295,-7.65468],[109.09295,-7.65467],[109.09295,-7.65448],[109.09303,-7.65458],[109.09303,-7.65458],[109.09313,-7.65447]]],[[[109.09386,-7.65367],[109.09386,-7.65357],[109.09393,-7.65357],[109.09386,-7.65367]]],[[[109.09477,-7.65357],[109.09477,-7.65364],[109.09472,-7.65357],[109.09473,-7.65357],[109.09464,-7.65345],[109.09464,-7.65343],[109.09477,-7.65343],[109.09477,-7.65357]]],[[[109.09463,-7.65343],[109.09457,-7.65334],[109.09464,-7.65334],[109.09464,-7.65343],[109.09463,-7.65343]]],[[[109.09451,-7.65325],[109.09455,-7.65325],[109.09455,-7.65332],[109.09451,-7.65325]]],[[[109.09431,-7.65301],[109.09431,-7.653],[109.09431,-7.65298],[109.09437,-7.65298],[109.09437,-7.65289],[109.09455,-7.65289],[109.09455,-7.65298],[109.09455,-7.653],[109.09455,-7.65309],[109.09455,-7.65312],[109.09455,-7.65316],[109.09446,-7.65316],[109.09446,-7.65312],[109.09446,-7.65307],[109.0944,-7.65307],[109.09437,-7.65307],[109.09437,-7.65312],[109.09437,-7.65315],[109.09434,-7.65316],[109.09431,-7.65316],[109.09431,-7.65312],[109.09431,-7.65301]]],[[[109.09274,-7.65252],[109.09283,-7.65252],[109.09283,-7.65243],[109.09274,-7.65243],[109.09274,-7.65221],[109.09274,-7.65216],[109.09283,-7.65216],[109.09284,-7.65207],[109.09293,-7.65207],[109.09293,-7.65221],[109.09292,-7.65266],[109.09292,-7.65297],[109.09296,-7.65297],[109.09301,-7.65297],[109.09301,-7.65306],[109.0931,-7.65306],[109.0931,-7.65312],[109.09296,-7.65312],[109.09296,-7.65311],[109.09283,-7.65311],[109.09283,-7.65288],[109.09274,-7.65288],[109.09274,-7.6527],[109.09265,-7.6527],[109.09265,-7.65266],[109.09265,-7.65261],[109.09274,-7.65261],[109.09274,-7.65252]]],[[[109.09438,-7.65226],[109.09437,-7.65262],[109.09432,-7.65262],[109.09419,-7.65262],[109.09419,-7.65267],[109.09387,-7.65267],[109.09387,-7.65312],[109.09356,-7.65312],[109.09356,-7.65297],[109.09347,-7.65297],[109.09347,-7.65266],[109.09386,-7.65266],[109.09386,-7.65252],[109.09392,-7.65252],[109.09392,-7.65243],[109.09401,-7.65243],[109.09401,-7.65234],[109.0941,-7.65234],[109.0941,-7.65225],[109.09432,-7.65225],[109.09438,-7.65225],[109.09438,-7.65226]]],[[[109.09302,-7.65221],[109.09302,-7.65216],[109.09311,-7.65216],[109.09311,-7.65221],[109.09302,-7.65221]]],[[[109.09393,-7.65176],[109.09393,-7.65177],[109.09393,-7.65179],[109.09392,-7.65189],[109.09401,-7.65189],[109.09402,-7.65189],[109.09401,-7.65198],[109.09392,-7.65198],[109.09392,-7.65207],[109.09387,-7.65207],[109.09386,-7.65207],[109.09374,-7.65207],[109.09374,-7.65216],[109.09356,-7.65216],[109.09356,-7.65207],[109.09347,-7.65207],[109.09347,-7.65189],[109.09365,-7.65189],[109.09365,-7.6518],[109.09383,-7.6518],[109.09383,-7.65176],[109.09383,-7.65171],[109.09387,-7.65171],[109.09392,-7.65171],[109.09393,-7.65171],[109.09393,-7.65176]]],[[[109.09302,-7.65207],[109.09302,-7.65198],[109.09296,-7.65198],[109.09293,-7.65198],[109.09293,-7.6518],[109.09296,-7.6518],[109.09311,-7.6518],[109.09311,-7.65207],[109.09302,-7.65207]]],[[[109.09384,-7.65126],[109.09384,-7.65131],[109.09384,-7.65135],[109.09366,-7.65135],[109.09365,-7.65144],[109.09384,-7.65144],[109.09384,-7.65153],[109.09383,-7.65153],[109.09356,-7.65153],[109.09356,-7.65131],[109.09356,-7.65126],[109.09384,-7.65126]]],[[[109.09297,-7.65135],[109.09296,-7.65135],[109.09296,-7.65135],[109.09293,-7.65134],[109.09293,-7.65143],[109.09293,-7.65144],[109.09275,-7.65143],[109.09275,-7.65134],[109.09284,-7.65134],[109.09284,-7.65131],[109.09284,-7.6513],[109.09284,-7.65125],[109.09293,-7.65125],[109.09293,-7.65116],[109.09296,-7.65116],[109.09297,-7.65116],[109.09302,-7.65116],[109.09302,-7.65131],[109.09302,-7.65134],[109.09301,-7.65135],[109.09297,-7.65135]]],[[[109.0942,-7.65108],[109.0942,-7.65117],[109.09411,-7.65117],[109.09411,-7.65108],[109.0942,-7.65108]]],[[[109.09329,-7.65116],[109.09329,-7.65108],[109.09322,-7.65108],[109.0932,-7.65107],[109.0932,-7.65104],[109.0932,-7.65098],[109.09316,-7.65098],[109.09311,-7.65098],[109.09311,-7.65092],[109.09311,-7.65089],[109.0932,-7.65089],[109.0932,-7.65086],[109.0932,-7.65085],[109.0932,-7.6508],[109.09329,-7.6508],[109.0933,-7.65053],[109.09342,-7.65053],[109.09343,-7.65053],[109.09348,-7.65053],[109.09348,-7.65062],[109.09357,-7.65062],[109.09357,-7.65053],[109.09384,-7.65053],[109.09384,-7.65063],[109.09375,-7.65062],[109.09375,-7.65072],[109.09366,-7.65071],[109.09366,-7.65081],[109.09357,-7.6508],[109.09357,-7.65086],[109.09357,-7.65098],[109.09366,-7.65099],[109.09366,-7.65108],[109.09384,-7.65108],[109.09384,-7.65099],[109.09387,-7.65099],[109.09388,-7.65099],[109.09393,-7.65099],[109.09393,-7.65117],[109.09388,-7.65117],[109.09387,-7.65117],[109.09356,-7.65117],[109.09356,-7.65108],[109.09342,-7.65108],[109.09338,-7.65108],[109.09338,-7.65116],[109.09338,-7.65117],[109.09329,-7.65117],[109.09329,-7.65116]]],[[[109.09433,-7.6509],[109.09438,-7.6509],[109.09438,-7.65099],[109.09433,-7.65099],[109.09432,-7.65099],[109.09429,-7.65099],[109.09429,-7.6509],[109.09432,-7.6509],[109.09433,-7.6509]]],[[[109.09366,-7.65089],[109.09375,-7.6509],[109.09375,-7.65099],[109.09366,-7.65099],[109.09366,-7.65089]]],[[[109.09429,-7.65072],[109.09433,-7.65072],[109.09438,-7.65072],[109.09438,-7.65081],[109.09433,-7.65081],[109.09429,-7.65081],[109.09429,-7.65072]]],[[[109.09474,-7.65081],[109.09474,-7.65072],[109.09475,-7.65072],[109.09479,-7.65072],[109.09479,-7.65081],[109.09475,-7.65081],[109.09474,-7.65081]]],[[[109.09388,-7.65054],[109.09387,-7.65054],[109.09387,-7.65054],[109.09384,-7.65053],[109.09384,-7.65041],[109.09384,-7.6504],[109.09384,-7.65035],[109.09388,-7.65035],[109.09402,-7.65035],[109.09402,-7.65041],[109.09402,-7.65045],[109.09393,-7.65044],[109.09393,-7.65054],[109.09388,-7.65054]]],[[[109.09357,-7.65026],[109.09357,-7.65017],[109.09366,-7.65017],[109.09366,-7.65026],[109.09357,-7.65026]]],[[[109.09388,-7.65017],[109.09384,-7.65017],[109.09384,-7.65026],[109.09375,-7.65026],[109.09375,-7.65008],[109.09388,-7.65008],[109.09393,-7.65008],[109.09393,-7.65013],[109.09393,-7.65017],[109.09388,-7.65017]]],[[[109.09411,-7.65017],[109.09411,-7.65008],[109.0942,-7.65008],[109.0942,-7.65017],[109.09411,-7.65017]]],[[[109.09439,-7.64927],[109.09448,-7.64927],[109.09448,-7.64909],[109.09439,-7.64909],[109.09439,-7.64905],[109.09479,-7.64905],[109.09479,-7.6495],[109.09479,-7.64951],[109.09479,-7.64996],[109.09479,-7.65009],[109.09466,-7.65009],[109.09466,-7.64996],[109.09466,-7.64991],[109.09457,-7.64991],[109.09457,-7.6499],[109.09457,-7.64951],[109.09457,-7.6495],[109.09457,-7.64936],[109.09439,-7.64936],[109.09439,-7.64927]]],[[[109.09366,-7.64963],[109.09366,-7.64954],[109.09384,-7.64954],[109.09384,-7.64963],[109.09366,-7.64963]]],[[[109.0944,-7.64764],[109.09449,-7.64764],[109.09449,-7.64755],[109.09458,-7.64755],[109.09458,-7.64737],[109.09467,-7.64737],[109.09467,-7.64746],[109.0948,-7.64746],[109.0948,-7.6477],[109.09434,-7.6477],[109.09434,-7.64746],[109.0944,-7.64746],[109.0944,-7.64764]]],[[[109.09295,-7.64679],[109.09299,-7.64679],[109.09299,-7.64682],[109.09299,-7.64683],[109.09295,-7.64682],[109.09295,-7.64679]]],[[[109.09314,-7.62736],[109.09353,-7.62736],[109.09353,-7.62781],[109.09311,-7.62781],[109.09307,-7.62781],[109.09307,-7.62736],[109.09314,-7.62736]]],[[[109.09308,-7.6251],[109.09354,-7.6251],[109.09354,-7.62517],[109.09354,-7.62555],[109.09316,-7.62555],[109.09308,-7.62555],[109.09308,-7.6251]]],[[[109.09399,-7.62465],[109.09399,-7.6242],[109.09444,-7.6242],[109.09445,-7.6242],[109.09445,-7.62465],[109.09444,-7.62465],[109.09399,-7.62465]]],[[[109.0945,-7.61291],[109.0945,-7.61245],[109.09496,-7.61245],[109.09496,-7.61291],[109.0945,-7.61291]]],[[[109.09269,-7.61199],[109.09315,-7.61199],[109.09315,-7.61245],[109.09269,-7.61245],[109.09269,-7.61199]]],[[[109.09453,-7.60522],[109.09499,-7.60522],[109.09499,-7.60568],[109.09453,-7.60568],[109.09453,-7.60522]]],[[[109.09318,-7.60341],[109.09364,-7.60341],[109.09364,-7.60386],[109.09318,-7.60386],[109.09318,-7.60341]]],[[[109.09457,-7.59574],[109.09457,-7.59528],[109.09503,-7.59528],[109.09503,-7.59574],[109.09457,-7.59574]]],[[[109.09579,-7.66912],[109.09578,-7.66912],[109.09578,-7.66894],[109.09579,-7.66894],[109.09579,-7.66912]]],[[[109.09528,-7.65325],[109.09522,-7.65325],[109.09522,-7.65316],[109.09528,-7.65316],[109.09528,-7.65325]]],[[[109.09582,-7.65313],[109.09582,-7.65317],[109.09573,-7.65317],[109.09573,-7.65313],[109.09573,-7.65307],[109.09582,-7.65307],[109.09582,-7.65308],[109.09582,-7.65313]]],[[[109.09523,-7.65296],[109.09523,-7.65297],[109.09523,-7.65298],[109.09506,-7.65298],[109.09501,-7.65298],[109.09501,-7.65295],[109.09523,-7.65293],[109.09523,-7.65296]]],[[[109.09501,-7.65294],[109.09501,-7.65289],[109.09516,-7.65289],[109.09501,-7.65294]]],[[[109.09523,-7.65289],[109.09523,-7.65293],[109.09522,-7.65289],[109.09523,-7.65289]]],[[[109.09564,-7.65262],[109.09564,-7.65267],[109.09555,-7.65267],[109.09555,-7.65262],[109.09564,-7.65262]]],[[[109.09614,-7.65258],[109.09614,-7.65262],[109.09605,-7.65262],[109.09612,-7.65259],[109.09612,-7.65258],[109.09614,-7.65258]]],[[[109.09592,-7.651],[109.09592,-7.65132],[109.09592,-7.65136],[109.09583,-7.65136],[109.09583,-7.65132],[109.09583,-7.65127],[109.09574,-7.65127],[109.09574,-7.65118],[109.09569,-7.65118],[109.09565,-7.65118],[109.09565,-7.65117],[109.09565,-7.65099],[109.09569,-7.65099],[109.09592,-7.651]]],[[[109.09523,-7.6509],[109.09524,-7.6509],[109.09538,-7.6509],[109.09538,-7.65099],[109.09529,-7.65099],[109.09529,-7.65108],[109.09524,-7.65108],[109.09523,-7.65108],[109.09511,-7.65108],[109.09511,-7.65099],[109.09502,-7.65099],[109.09502,-7.6509],[109.09511,-7.6509],[109.09511,-7.65086],[109.0952,-7.65086],[109.0952,-7.6509],[109.09523,-7.6509]]],[[[109.0957,-7.64861],[109.09586,-7.64861],[109.09598,-7.64861],[109.09615,-7.64861],[109.09615,-7.64906],[109.09615,-7.64951],[109.09614,-7.64951],[109.0959,-7.64951],[109.0957,-7.64951],[109.09569,-7.64951],[109.09524,-7.64951],[109.09524,-7.64906],[109.09548,-7.64906],[109.09559,-7.64906],[109.09569,-7.64906],[109.09569,-7.64894],[109.09569,-7.6488],[109.09569,-7.64861],[109.0957,-7.64861]],[[109.09544,-7.64914],[109.09541,-7.64916],[109.09544,-7.64919],[109.09547,-7.6492],[109.09548,-7.64917],[109.09548,-7.64913],[109.09544,-7.64914]]],[[[109.0953,-7.6472],[109.09525,-7.6472],[109.09524,-7.6472],[109.09524,-7.64711],[109.09524,-7.6471],[109.09525,-7.6471],[109.09539,-7.64711],[109.0954,-7.64711],[109.09558,-7.64711],[109.09558,-7.64693],[109.09567,-7.64693],[109.09567,-7.64702],[109.0957,-7.64702],[109.09576,-7.64702],[109.09576,-7.6468],[109.09576,-7.64666],[109.09571,-7.64666],[109.0957,-7.64666],[109.09567,-7.64666],[109.09567,-7.64665],[109.09567,-7.64657],[109.09549,-7.64656],[109.09549,-7.64647],[109.09558,-7.64647],[109.0957,-7.64647],[109.09571,-7.64647],[109.09585,-7.64647],[109.09585,-7.64639],[109.09571,-7.64639],[109.0957,-7.64639],[109.0957,-7.64639],[109.09567,-7.64638],[109.09567,-7.64635],[109.09567,-7.64629],[109.09571,-7.64629],[109.09571,-7.64635],[109.09616,-7.64635],[109.09616,-7.6459],[109.09603,-7.6459],[109.09603,-7.64584],[109.09595,-7.64584],[109.09594,-7.64584],[109.09594,-7.64566],[109.09595,-7.64566],[109.09599,-7.64566],[109.09604,-7.64566],[109.09604,-7.64575],[109.09613,-7.64575],[109.09613,-7.64566],[109.09616,-7.64566],[109.09617,-7.64566],[109.09622,-7.64566],[109.09622,-7.64575],[109.09631,-7.64575],[109.09631,-7.64566],[109.09631,-7.64557],[109.09617,-7.64557],[109.09616,-7.64557],[109.09613,-7.64557],[109.09613,-7.64545],[109.09613,-7.64544],[109.09613,-7.64539],[109.09616,-7.64539],[109.09617,-7.64539],[109.09622,-7.64539],[109.0964,-7.64539],[109.0964,-7.64512],[109.09649,-7.64512],[109.09649,-7.64521],[109.09658,-7.64521],[109.09658,-7.64512],[109.09662,-7.64512],[109.09667,-7.64512],[109.09667,-7.64503],[109.09676,-7.64503],[109.09676,-7.645],[109.09676,-7.64494],[109.09685,-7.64494],[109.09685,-7.64485],[109.09677,-7.64485],[109.09676,-7.64485],[109.09676,-7.64467],[109.09667,-7.64467],[109.09663,-7.64467],[109.09662,-7.64467],[109.09658,-7.64467],[109.09658,-7.64458],[109.09649,-7.64458],[109.09649,-7.64454],[109.09662,-7.64454],[109.09663,-7.64454],[109.09707,-7.64454],[109.09707,-7.64422],[109.09713,-7.64422],[109.09713,-7.6441],[109.09713,-7.64409],[109.09713,-7.64395],[109.09722,-7.64395],[109.09722,-7.64409],[109.09722,-7.6441],[109.09722,-7.64422],[109.09731,-7.64422],[109.09731,-7.6441],[109.09731,-7.64409],[109.09731,-7.64395],[109.09753,-7.64395],[109.09758,-7.64395],[109.09758,-7.6441],[109.09758,-7.64413],[109.09767,-7.64413],[109.09767,-7.6441],[109.09767,-7.64404],[109.09776,-7.64404],[109.09776,-7.64395],[109.09777,-7.64395],[109.09798,-7.64395],[109.09799,-7.64395],[109.09804,-7.64395],[109.09804,-7.64377],[109.09799,-7.64377],[109.09798,-7.64377],[109.09777,-7.64377],[109.09777,-7.64368],[109.09786,-7.64368],[109.09786,-7.64365],[109.09786,-7.64364],[109.09786,-7.64359],[109.09798,-7.64359],[109.09799,-7.64359],[109.09831,-7.64359],[109.09831,-7.64365],[109.09831,-7.64368],[109.09843,-7.64368],[109.09844,-7.64368],[109.09849,-7.64368],[109.09849,-7.64377],[109.09858,-7.64377],[109.09858,-7.64365],[109.09858,-7.64359],[109.09849,-7.64359],[109.09849,-7.6435],[109.09844,-7.6435],[109.09843,-7.6435],[109.0984,-7.6435],[109.0984,-7.64332],[109.09831,-7.64332],[109.09831,-7.64323],[109.0984,-7.64323],[109.0984,-7.6432],[109.0984,-7.64319],[109.0984,-7.64314],[109.09831,-7.64314],[109.09831,-7.64305],[109.09813,-7.64305],[109.09813,-7.64319],[109.09813,-7.6432],[109.09813,-7.64332],[109.09804,-7.64332],[109.09804,-7.64341],[109.09799,-7.64341],[109.09798,-7.64341],[109.09795,-7.64341],[109.09795,-7.64332],[109.09777,-7.64332],[109.09777,-7.6432],[109.09777,-7.64319],[109.09777,-7.64305],[109.09786,-7.64305],[109.09786,-7.64296],[109.09795,-7.64296],[109.09795,-7.64287],[109.09798,-7.64287],[109.09799,-7.64287],[109.09804,-7.64287],[109.09804,-7.64278],[109.09813,-7.64278],[109.09813,-7.64275],[109.09813,-7.64274],[109.09843,-7.64274],[109.09844,-7.64274],[109.09844,-7.64256],[109.0985,-7.64256],[109.0985,-7.64274],[109.0985,-7.64275],[109.0985,-7.64287],[109.09859,-7.64287],[109.09859,-7.64275],[109.09859,-7.64274],[109.09859,-7.64256],[109.09862,-7.64256],[109.09862,-7.6423],[109.09862,-7.64229],[109.09862,-7.64224],[109.09868,-7.64224],[109.09868,-7.64215],[109.0985,-7.64215],[109.0985,-7.6422],[109.0985,-7.64221],[109.09844,-7.64221],[109.09844,-7.6422],[109.09844,-7.64202],[109.09826,-7.64202],[109.09799,-7.64202],[109.09798,-7.64202],[109.0979,-7.64202],[109.0979,-7.64205],[109.09754,-7.64205],[109.09753,-7.64205],[109.09741,-7.64205],[109.09741,-7.64184],[109.09741,-7.64178],[109.09753,-7.64178],[109.09754,-7.64178],[109.09759,-7.64178],[109.09759,-7.64142],[109.0976,-7.64142],[109.09799,-7.64142],[109.09814,-7.64142],[109.09814,-7.64139],[109.09814,-7.64124],[109.098,-7.64124],[109.09799,-7.64124],[109.09778,-7.64124],[109.09778,-7.64106],[109.09754,-7.64106],[109.09754,-7.64093],[109.098,-7.64093],[109.098,-7.64094],[109.09845,-7.64094],[109.09845,-7.64139],[109.09845,-7.64184],[109.09889,-7.64184],[109.0989,-7.64184],[109.0989,-7.64139],[109.09935,-7.64139],[109.09936,-7.64139],[109.09981,-7.64139],[109.09981,-7.6414],[109.10026,-7.6414],[109.10026,-7.64138],[109.10026,-7.64129],[109.10026,-7.64095],[109.10026,-7.64049],[109.10072,-7.64049],[109.10072,-7.64095],[109.10117,-7.64095],[109.10117,-7.64139],[109.10117,-7.6414],[109.10134,-7.6414],[109.10162,-7.6414],[109.10162,-7.64095],[109.10207,-7.64095],[109.10207,-7.64125],[109.10207,-7.64133],[109.10207,-7.64141],[109.10202,-7.64141],[109.10192,-7.64141],[109.10162,-7.64141],[109.10162,-7.64155],[109.10162,-7.64165],[109.10162,-7.64171],[109.10162,-7.64185],[109.10162,-7.64186],[109.10167,-7.64186],[109.10207,-7.64186],[109.10236,-7.64186],[109.10252,-7.64186],[109.10252,-7.64231],[109.10297,-7.64231],[109.10297,-7.64276],[109.10297,-7.64277],[109.10297,-7.64322],[109.10252,-7.64322],[109.10248,-7.64322],[109.10247,-7.64322],[109.10207,-7.6429],[109.10207,-7.6429],[109.10189,-7.64276],[109.1019,-7.64276],[109.10186,-7.64273],[109.10174,-7.64268],[109.10173,-7.64268],[109.10173,-7.64267],[109.10172,-7.64267],[109.10171,-7.64266],[109.10163,-7.64276],[109.10164,-7.64276],[109.10161,-7.6428],[109.10161,-7.64279],[109.10136,-7.64312],[109.10129,-7.64321],[109.10116,-7.64338],[109.10116,-7.64338],[109.10115,-7.64339],[109.10087,-7.64366],[109.10088,-7.64366],[109.1007,-7.64383],[109.1007,-7.64366],[109.10025,-7.64366],[109.10025,-7.64411],[109.10042,-7.64411],[109.10024,-7.64428],[109.09997,-7.64456],[109.09996,-7.64456],[109.09995,-7.64458],[109.09995,-7.6447],[109.09995,-7.64471],[109.09995,-7.64472],[109.09996,-7.64473],[109.10024,-7.64474],[109.1007,-7.64476],[109.1007,-7.64476],[109.10115,-7.64477],[109.10122,-7.64477],[109.10123,-7.64478],[109.10124,-7.64478],[109.10125,-7.64478],[109.10125,-7.64479],[109.10126,-7.64479],[109.10126,-7.6448],[109.10126,-7.64481],[109.10135,-7.64502],[109.10151,-7.64541],[109.10151,-7.64542],[109.10158,-7.64547],[109.10157,-7.64547],[109.10159,-7.64548],[109.10159,-7.64548],[109.10176,-7.64562],[109.10177,-7.64562],[109.10177,-7.64563],[109.10178,-7.64563],[109.10178,-7.64564],[109.10181,-7.64571],[109.10182,-7.64571],[109.10182,-7.64572],[109.10182,-7.64573],[109.10184,-7.64592],[109.10184,-7.64592],[109.1019,-7.64637],[109.1019,-7.64637],[109.10193,-7.6466],[109.10193,-7.64661],[109.10193,-7.64662],[109.10192,-7.64662],[109.1019,-7.64668],[109.10189,-7.64669],[109.10189,-7.6467],[109.10188,-7.6467],[109.10187,-7.6467],[109.10187,-7.64671],[109.10186,-7.64671],[109.10185,-7.64671],[109.10159,-7.64668],[109.10159,-7.64668],[109.10114,-7.64663],[109.10092,-7.6466],[109.10068,-7.64661],[109.10068,-7.64637],[109.10024,-7.64637],[109.10024,-7.64662],[109.09981,-7.64664],[109.09979,-7.64665],[109.09979,-7.64665],[109.09941,-7.64682],[109.09933,-7.64682],[109.09933,-7.64686],[109.09896,-7.64703],[109.09887,-7.64725],[109.09887,-7.64681],[109.09933,-7.64681],[109.09933,-7.64636],[109.09978,-7.64636],[109.09978,-7.64592],[109.09978,-7.64591],[109.09978,-7.64547],[109.09978,-7.64546],[109.09933,-7.64546],[109.09933,-7.64522],[109.09933,-7.64508],[109.09933,-7.64501],[109.09888,-7.64501],[109.09888,-7.64456],[109.09844,-7.64456],[109.09844,-7.645],[109.09843,-7.64501],[109.09798,-7.64501],[109.09798,-7.645],[109.09798,-7.64455],[109.09753,-7.64455],[109.09753,-7.645],[109.09753,-7.64545],[109.09753,-7.6459],[109.09753,-7.64591],[109.09707,-7.64591],[109.09707,-7.64635],[109.09707,-7.64681],[109.09752,-7.64681],[109.09752,-7.64712],[109.09752,-7.64723],[109.09752,-7.64726],[109.09748,-7.64726],[109.09732,-7.64726],[109.09706,-7.64726],[109.09706,-7.64681],[109.09661,-7.64681],[109.09661,-7.64726],[109.09615,-7.64726],[109.09615,-7.64725],[109.0957,-7.64725],[109.0957,-7.6477],[109.09525,-7.6477],[109.09524,-7.6477],[109.09524,-7.64756],[109.09525,-7.64756],[109.09539,-7.64756],[109.09539,-7.64765],[109.09548,-7.64765],[109.09548,-7.64747],[109.09525,-7.64747],[109.09524,-7.64747],[109.09524,-7.64738],[109.09525,-7.64738],[109.09548,-7.64738],[109.09548,-7.64729],[109.0953,-7.64729],[109.0953,-7.64725],[109.0953,-7.6472]],[[109.09615,-7.64702],[109.09612,-7.64702],[109.09612,-7.64711],[109.09615,-7.64711],[109.09616,-7.64711],[109.09621,-7.64711],[109.09621,-7.64702],[109.09616,-7.64702],[109.09615,-7.64702]],[[109.09798,-7.64323],[109.09799,-7.64323],[109.09804,-7.64323],[109.09804,-7.6432],[109.09804,-7.64319],[109.09804,-7.64314],[109.09799,-7.64314],[109.09798,-7.64314],[109.09795,-7.64314],[109.09795,-7.64319],[109.09795,-7.6432],[109.09795,-7.64323],[109.09798,-7.64323]],[[109.09787,-7.64169],[109.09787,-7.64178],[109.09799,-7.64178],[109.09814,-7.64178],[109.09814,-7.6416],[109.09799,-7.6416],[109.09796,-7.6416],[109.09796,-7.64169],[109.09787,-7.64169]],[[109.10116,-7.64185],[109.10116,-7.64147],[109.10116,-7.6414],[109.10072,-7.6414],[109.10072,-7.64144],[109.10072,-7.64185],[109.10116,-7.64185]],[[109.09889,-7.64411],[109.09889,-7.64455],[109.09933,-7.64455],[109.09933,-7.64411],[109.09889,-7.64411]],[[109.09978,-7.64489],[109.09978,-7.64479],[109.09978,-7.64456],[109.09934,-7.64456],[109.09934,-7.64501],[109.0994,-7.64501],[109.09954,-7.64501],[109.09978,-7.64501],[109.09978,-7.64489]],[[109.09895,-7.64224],[109.09913,-7.64224],[109.09913,-7.64215],[109.09931,-7.64215],[109.09931,-7.64206],[109.09922,-7.64206],[109.09922,-7.64197],[109.09913,-7.64197],[109.09913,-7.64206],[109.09904,-7.64206],[109.09904,-7.64215],[109.0989,-7.64215],[109.09889,-7.64215],[109.09877,-7.64215],[109.09877,-7.64224],[109.09886,-7.64224],[109.09886,-7.64229],[109.09886,-7.6423],[109.09886,-7.64233],[109.09889,-7.64233],[109.0989,-7.64233],[109.09895,-7.64233],[109.09895,-7.6423],[109.09895,-7.64224]],[[109.09858,-7.64314],[109.09849,-7.64314],[109.09849,-7.6432],[109.09849,-7.64323],[109.09858,-7.64323],[109.09858,-7.6432],[109.09858,-7.64314]],[[109.09822,-7.64395],[109.09822,-7.64404],[109.09843,-7.64404],[109.09844,-7.64404],[109.09844,-7.64404],[109.09858,-7.64405],[109.09858,-7.64396],[109.09844,-7.64396],[109.09843,-7.64396],[109.09822,-7.64395]],[[109.09886,-7.64251],[109.09886,-7.64269],[109.09889,-7.64269],[109.0989,-7.64269],[109.09895,-7.64269],[109.09895,-7.64251],[109.0989,-7.64251],[109.09889,-7.64251],[109.09886,-7.64251]],[[109.10025,-7.64365],[109.10025,-7.64321],[109.0998,-7.64321],[109.0998,-7.64365],[109.10025,-7.64365]],[[109.10061,-7.6423],[109.10061,-7.64221],[109.10061,-7.64185],[109.10044,-7.64185],[109.10044,-7.64149],[109.10026,-7.64149],[109.10008,-7.64149],[109.10008,-7.64167],[109.10007,-7.64167],[109.0999,-7.64167],[109.0999,-7.64149],[109.09981,-7.64149],[109.0998,-7.64149],[109.09954,-7.64149],[109.09954,-7.64185],[109.09953,-7.64185],[109.09953,-7.64221],[109.09971,-7.64221],[109.09971,-7.6423],[109.09971,-7.64275],[109.09979,-7.64275],[109.0998,-7.64275],[109.09989,-7.64275],[109.10025,-7.64275],[109.10061,-7.64275],[109.10061,-7.6423]],[[109.10071,-7.64261],[109.1007,-7.64261],[109.10067,-7.64261],[109.10067,-7.6427],[109.1007,-7.6427],[109.10071,-7.6427],[109.10094,-7.6427],[109.10094,-7.64261],[109.10071,-7.64261]]],[[[109.09617,-7.64395],[109.09617,-7.64385],[109.09623,-7.64385],[109.09623,-7.64386],[109.09623,-7.64394],[109.09663,-7.64395],[109.09668,-7.64395],[109.09668,-7.64386],[109.09677,-7.64386],[109.09677,-7.64395],[109.09686,-7.64395],[109.09686,-7.64404],[109.09695,-7.64404],[109.09695,-7.64409],[109.09695,-7.6441],[109.09662,-7.6441],[109.09662,-7.64409],[109.09641,-7.64409],[109.0964,-7.64409],[109.09641,-7.64404],[109.09622,-7.64404],[109.09622,-7.64395],[109.09617,-7.64395]]],[[[109.09687,-7.62647],[109.09715,-7.62647],[109.09715,-7.62692],[109.09715,-7.62693],[109.09715,-7.62733],[109.09715,-7.62738],[109.09708,-7.62738],[109.0967,-7.62738],[109.09669,-7.62738],[109.09669,-7.62693],[109.09669,-7.62692],[109.09624,-7.62692],[109.09624,-7.62647],[109.09669,-7.62647],[109.0967,-7.62647],[109.09678,-7.62647],[109.09687,-7.62647]]],[[[109.09583,-7.61788],[109.09628,-7.61788],[109.09628,-7.61743],[109.09674,-7.61743],[109.09674,-7.61789],[109.09719,-7.61789],[109.09764,-7.61789],[109.09764,-7.61744],[109.09719,-7.61744],[109.09719,-7.61699],[109.09719,-7.61698],[109.09719,-7.61653],[109.0972,-7.61653],[109.0972,-7.61608],[109.09765,-7.61608],[109.09765,-7.61563],[109.09811,-7.61563],[109.09811,-7.61518],[109.09811,-7.61473],[109.09811,-7.61428],[109.09811,-7.61383],[109.09811,-7.61382],[109.09811,-7.61337],[109.09856,-7.61337],[109.09857,-7.61337],[109.09857,-7.61293],[109.09857,-7.61292],[109.09857,-7.61247],[109.09902,-7.61247],[109.09903,-7.61247],[109.09936,-7.61247],[109.09945,-7.61247],[109.09948,-7.61247],[109.09948,-7.61292],[109.09948,-7.61293],[109.09982,-7.61293],[109.09993,-7.61293],[109.10039,-7.61293],[109.10039,-7.61338],[109.09993,-7.61338],[109.09993,-7.61383],[109.09979,-7.61383],[109.09948,-7.61383],[109.09948,-7.61377],[109.09948,-7.61365],[109.09947,-7.61365],[109.09941,-7.61365],[109.09912,-7.61365],[109.09912,-7.61383],[109.09902,-7.61383],[109.09893,-7.61383],[109.09893,-7.61419],[109.09857,-7.61419],[109.09857,-7.61428],[109.09857,-7.61455],[109.09875,-7.61455],[109.09893,-7.61455],[109.09893,-7.61473],[109.09893,-7.61491],[109.09901,-7.61491],[109.09902,-7.61491],[109.09911,-7.61491],[109.09946,-7.61491],[109.09947,-7.61491],[109.09947,-7.61474],[109.09947,-7.61473],[109.09965,-7.61473],[109.09965,-7.61456],[109.09965,-7.61455],[109.09967,-7.61455],[109.09977,-7.61455],[109.09984,-7.61455],[109.09984,-7.61428],[109.09993,-7.61428],[109.09993,-7.61474],[109.10037,-7.61474],[109.10038,-7.61474],[109.10083,-7.61474],[109.10083,-7.61519],[109.10052,-7.61519],[109.10051,-7.61513],[109.10037,-7.61504],[109.10037,-7.61503],[109.10024,-7.61495],[109.10023,-7.61495],[109.10037,-7.61507],[109.10037,-7.61507],[109.10038,-7.61508],[109.10038,-7.61508],[109.10038,-7.61508],[109.10045,-7.61515],[109.10046,-7.61515],[109.10046,-7.61516],[109.10048,-7.61519],[109.10038,-7.61519],[109.10037,-7.61519],[109.10037,-7.61564],[109.10037,-7.61573],[109.09991,-7.61603],[109.09991,-7.61603],[109.09982,-7.61609],[109.09973,-7.61615],[109.09972,-7.61615],[109.09971,-7.61616],[109.09947,-7.61622],[109.09947,-7.61622],[109.09911,-7.61632],[109.09911,-7.61633],[109.09917,-7.61654],[109.09921,-7.61667],[109.09921,-7.61668],[109.09923,-7.61699],[109.09925,-7.61725],[109.09946,-7.61718],[109.09946,-7.61718],[109.09992,-7.61702],[109.09992,-7.61745],[109.10036,-7.61745],[109.10037,-7.61745],[109.10037,-7.6179],[109.10036,-7.6179],[109.09992,-7.6179],[109.09991,-7.6179],[109.09946,-7.6179],[109.09901,-7.6179],[109.099,-7.6179],[109.09855,-7.6179],[109.09855,-7.61835],[109.0981,-7.61835],[109.0981,-7.61879],[109.0981,-7.6188],[109.09764,-7.6188],[109.09764,-7.61879],[109.09764,-7.61834],[109.09719,-7.61834],[109.09673,-7.61834],[109.09673,-7.61789],[109.09629,-7.61789],[109.09629,-7.61834],[109.09583,-7.61834],[109.09583,-7.61788]],[[109.09978,-7.61467],[109.09978,-7.61467],[109.09978,-7.61467],[109.09978,-7.61467]]],[[[109.09538,-7.61607],[109.09584,-7.61607],[109.09584,-7.61562],[109.09584,-7.61517],[109.09584,-7.61472],[109.0963,-7.61472],[109.0963,-7.61517],[109.0963,-7.61562],[109.0963,-7.61608],[109.09584,-7.61608],[109.09584,-7.61653],[109.09538,-7.61653],[109.09538,-7.61607]]],[[[109.09514,-7.61056],[109.09532,-7.61056],[109.09532,-7.61038],[109.09541,-7.61038],[109.09541,-7.61065],[109.09514,-7.61065],[109.09514,-7.61056]]],[[[109.09589,-7.60749],[109.09543,-7.60749],[109.09543,-7.60704],[109.09497,-7.60704],[109.09497,-7.60703],[109.09497,-7.60658],[109.09543,-7.60658],[109.09543,-7.60613],[109.09589,-7.60613],[109.09589,-7.60658],[109.09634,-7.60658],[109.09634,-7.60614],[109.09634,-7.60613],[109.09679,-7.60613],[109.09679,-7.60614],[109.09679,-7.60659],[109.09634,-7.60659],[109.09634,-7.60704],[109.09589,-7.60704],[109.09589,-7.60749]],[[109.09543,-7.60703],[109.09588,-7.60703],[109.09588,-7.60659],[109.09543,-7.60659],[109.09543,-7.60703]]],[[[109.09589,-7.60433],[109.09635,-7.60433],[109.09635,-7.60478],[109.09589,-7.60478],[109.09589,-7.60433]]],[[[109.09592,-7.5971],[109.09638,-7.5971],[109.09638,-7.59755],[109.09592,-7.59755],[109.09592,-7.5971]]],[[[109.09655,-7.67843],[109.09692,-7.67843],[109.09692,-7.67798],[109.09738,-7.67798],[109.09738,-7.67844],[109.09692,-7.67844],[109.09692,-7.67889],[109.09647,-7.67889],[109.09647,-7.67848],[109.09647,-7.67843],[109.09655,-7.67843]]],[[[109.09785,-7.67257],[109.09777,-7.67257],[109.09777,-7.67256],[109.09785,-7.67256],[109.09786,-7.67256],[109.09786,-7.67257],[109.09785,-7.67257]]],[[[109.09723,-7.66949],[109.09723,-7.6694],[109.09724,-7.6694],[109.09724,-7.66949],[109.09723,-7.66949]]],[[[109.09744,-7.66307],[109.09744,-7.66262],[109.0979,-7.66262],[109.0979,-7.66308],[109.09744,-7.66308],[109.09744,-7.66352],[109.09744,-7.66353],[109.09789,-7.66353],[109.0979,-7.66353],[109.09834,-7.66353],[109.09835,-7.66353],[109.0988,-7.66353],[109.09925,-7.66353],[109.09925,-7.66322],[109.09925,-7.66308],[109.09971,-7.66308],[109.09971,-7.66354],[109.09947,-7.66354],[109.09926,-7.66354],[109.09926,-7.66399],[109.09925,-7.66399],[109.09925,-7.6639],[109.09907,-7.6639],[109.09907,-7.66354],[109.0988,-7.66354],[109.09871,-7.66354],[109.09871,-7.66398],[109.09871,-7.66399],[109.09871,-7.66408],[109.09853,-7.66408],[109.09853,-7.66443],[109.09871,-7.66443],[109.09879,-7.66443],[109.0988,-7.66443],[109.0988,-7.66443],[109.09889,-7.66444],[109.09889,-7.66462],[109.09925,-7.66462],[109.09925,-7.66489],[109.09879,-7.66489],[109.09879,-7.66444],[109.09835,-7.66444],[109.09834,-7.66444],[109.09817,-7.66444],[109.09816,-7.66444],[109.09816,-7.66443],[109.09816,-7.66425],[109.09817,-7.66425],[109.09834,-7.66425],[109.09835,-7.66425],[109.09835,-7.66399],[109.09835,-7.66398],[109.09835,-7.66389],[109.09834,-7.66389],[109.09817,-7.66389],[109.09816,-7.66389],[109.09816,-7.66371],[109.0979,-7.66371],[109.09789,-7.66371],[109.0978,-7.66371],[109.0978,-7.66398],[109.0978,-7.66407],[109.09762,-7.66407],[109.09762,-7.66398],[109.09762,-7.66371],[109.09744,-7.66371],[109.09726,-7.66371],[109.09726,-7.66389],[109.09699,-7.66389],[109.09698,-7.66389],[109.09698,-7.66353],[109.09698,-7.66352],[109.09698,-7.66307],[109.09699,-7.66307],[109.09744,-7.66307]]],[[[109.09788,-7.64681],[109.09752,-7.64681],[109.09752,-7.64636],[109.09798,-7.64636],[109.09798,-7.64658],[109.09798,-7.64681],[109.09788,-7.64681]]],[[[109.09658,-7.64499],[109.09658,-7.645],[109.09658,-7.64503],[109.09649,-7.64503],[109.09649,-7.645],[109.09649,-7.64499],[109.09649,-7.64494],[109.09658,-7.64494],[109.09658,-7.64499]]],[[[109.09658,-7.64476],[109.09662,-7.64476],[109.09663,-7.64476],[109.09667,-7.64476],[109.09667,-7.64485],[109.09663,-7.64485],[109.09662,-7.64485],[109.09658,-7.64485],[109.09658,-7.64476]]],[[[109.09749,-7.64377],[109.09749,-7.64368],[109.09753,-7.64368],[109.09758,-7.64368],[109.09759,-7.64368],[109.09759,-7.64377],[109.09758,-7.64377],[109.09753,-7.64377],[109.09749,-7.64377]]],[[[109.09705,-7.64274],[109.09705,-7.64286],[109.09708,-7.64286],[109.09714,-7.64286],[109.09714,-7.64296],[109.09713,-7.64296],[109.09708,-7.64296],[109.09704,-7.64295],[109.09704,-7.64286],[109.09696,-7.64286],[109.09695,-7.64304],[109.09686,-7.64304],[109.09686,-7.64274],[109.09686,-7.64268],[109.09687,-7.64268],[109.09705,-7.64268],[109.09705,-7.64274]]],[[[109.0975,-7.64278],[109.09714,-7.64277],[109.09714,-7.64274],[109.09714,-7.64241],[109.0975,-7.64241],[109.0975,-7.64274],[109.0975,-7.64278]]],[[[109.09705,-7.64232],[109.09705,-7.64259],[109.09686,-7.64259],[109.09687,-7.64229],[109.09687,-7.64223],[109.09696,-7.64223],[109.09696,-7.64214],[109.09708,-7.64214],[109.09709,-7.64214],[109.09714,-7.64214],[109.09714,-7.64229],[109.09714,-7.64232],[109.09708,-7.64232],[109.09705,-7.64232]]],[[[109.09723,-7.64205],[109.09709,-7.64205],[109.09708,-7.64205],[109.09696,-7.64205],[109.09696,-7.64196],[109.09705,-7.64196],[109.09705,-7.64187],[109.09708,-7.64187],[109.09709,-7.64187],[109.09714,-7.64187],[109.09714,-7.64184],[109.09714,-7.64178],[109.09723,-7.64178],[109.09723,-7.64184],[109.09723,-7.64205]]],[[[109.0971,-7.63898],[109.0971,-7.63871],[109.0971,-7.6387],[109.09715,-7.63871],[109.09715,-7.63867],[109.09756,-7.63867],[109.09756,-7.63889],[109.09752,-7.63889],[109.09752,-7.63871],[109.09725,-7.63871],[109.09724,-7.63898],[109.09733,-7.63898],[109.09733,-7.63907],[109.09715,-7.63907],[109.09715,-7.63898],[109.0971,-7.63898]]],[[[109.09757,-7.63325],[109.09803,-7.63325],[109.09803,-7.63371],[109.09757,-7.63371],[109.09757,-7.63325]]],[[[109.09713,-7.63145],[109.09713,-7.63144],[109.09713,-7.63099],[109.09759,-7.63099],[109.09759,-7.63144],[109.09759,-7.63145],[109.09713,-7.63145]]],[[[109.09851,-7.62648],[109.09896,-7.62648],[109.09897,-7.62648],[109.09942,-7.62648],[109.09942,-7.62693],[109.09942,-7.62694],[109.09942,-7.62738],[109.09942,-7.62739],[109.09942,-7.62784],[109.09941,-7.62784],[109.09941,-7.62829],[109.09941,-7.62874],[109.09941,-7.62919],[109.0991,-7.62919],[109.09912,-7.62915],[109.09904,-7.62913],[109.09903,-7.62919],[109.09895,-7.62919],[109.09895,-7.62874],[109.0985,-7.62874],[109.0985,-7.62835],[109.0985,-7.62829],[109.09837,-7.62829],[109.09805,-7.62829],[109.09805,-7.62813],[109.09805,-7.62803],[109.09805,-7.62783],[109.09766,-7.62783],[109.0976,-7.62783],[109.0976,-7.6278],[109.0976,-7.62738],[109.0976,-7.62693],[109.0976,-7.62648],[109.0976,-7.62647],[109.09806,-7.62647],[109.09806,-7.62648],[109.09851,-7.62648]]],[[[109.09721,-7.61427],[109.09766,-7.61427],[109.09766,-7.61473],[109.09721,-7.61473],[109.09721,-7.61427]]],[[[109.09676,-7.61111],[109.09676,-7.61066],[109.09722,-7.61066],[109.09722,-7.61111],[109.09676,-7.61111]]],[[[109.09769,-7.6084],[109.09724,-7.6084],[109.09724,-7.60885],[109.09678,-7.60885],[109.09678,-7.6084],[109.09723,-7.6084],[109.09723,-7.60795],[109.09769,-7.60795],[109.09769,-7.6084]]],[[[109.09756,-7.59936],[109.09756,-7.59937],[109.09736,-7.59937],[109.09736,-7.59936],[109.09756,-7.59936]]],[[[109.09821,-7.59349],[109.09821,-7.59394],[109.09821,-7.59439],[109.09821,-7.5944],[109.09775,-7.5944],[109.09775,-7.59439],[109.0973,-7.59439],[109.0973,-7.59394],[109.0973,-7.59349],[109.09775,-7.59349],[109.09776,-7.59349],[109.09821,-7.59349]]],[[[109.09872,-7.68296],[109.09872,-7.68341],[109.09872,-7.6836],[109.09844,-7.6836],[109.09826,-7.68359],[109.09826,-7.68341],[109.09826,-7.68296],[109.09872,-7.68296]]],[[[109.09935,-7.68215],[109.09953,-7.68215],[109.09954,-7.68215],[109.09962,-7.68215],[109.09963,-7.68215],[109.09972,-7.68215],[109.10007,-7.68215],[109.10008,-7.68215],[109.10044,-7.68215],[109.10044,-7.68207],[109.10044,-7.68206],[109.10044,-7.68197],[109.10053,-7.68197],[109.10063,-7.68197],[109.10063,-7.68198],[109.1008,-7.68198],[109.1008,-7.68207],[109.10053,-7.68207],[109.10053,-7.68252],[109.10008,-7.68252],[109.10008,-7.68297],[109.10007,-7.68297],[109.09962,-7.68297],[109.09962,-7.68252],[109.09917,-7.68252],[109.09917,-7.68251],[109.09917,-7.68215],[109.09918,-7.68215],[109.09935,-7.68215]]],[[[109.09917,-7.68179],[109.09917,-7.68161],[109.09918,-7.68161],[109.09918,-7.68179],[109.09917,-7.68179]]],[[[109.09848,-7.67384],[109.0983,-7.67384],[109.0983,-7.67383],[109.09848,-7.67383],[109.09848,-7.67384]]],[[[109.09796,-7.6694],[109.09796,-7.66931],[109.09833,-7.66931],[109.09833,-7.66932],[109.09814,-7.66932],[109.09814,-7.6694],[109.09814,-7.66941],[109.09814,-7.6695],[109.09796,-7.6695],[109.09796,-7.66941],[109.09796,-7.6694]]],[[[109.09879,-7.66534],[109.09925,-7.66534],[109.09925,-7.66579],[109.09879,-7.66579],[109.09879,-7.66534]]],[[[109.09887,-7.64769],[109.09933,-7.64762],[109.09933,-7.64772],[109.09887,-7.64772],[109.09887,-7.64769]]],[[[109.09813,-7.6435],[109.09804,-7.6435],[109.09804,-7.64341],[109.09813,-7.64341],[109.09813,-7.6435]]],[[[109.09786,-7.64229],[109.09786,-7.64214],[109.0979,-7.64214],[109.0979,-7.64229],[109.0979,-7.64238],[109.09798,-7.64238],[109.09799,-7.64238],[109.09808,-7.64238],[109.09808,-7.64269],[109.09804,-7.64269],[109.09804,-7.64274],[109.09804,-7.64275],[109.09804,-7.64278],[109.09799,-7.64278],[109.09798,-7.64278],[109.09786,-7.64278],[109.09786,-7.64274],[109.09786,-7.6426],[109.09777,-7.6426],[109.09777,-7.64232],[109.09786,-7.64232],[109.09786,-7.64229]]],[[[109.09801,-7.63687],[109.09801,-7.63642],[109.09847,-7.63642],[109.09847,-7.63687],[109.09801,-7.63687]]],[[[109.09848,-7.63326],[109.09894,-7.63326],[109.09894,-7.63371],[109.09848,-7.63371],[109.09848,-7.63326]]],[[[109.09898,-7.62558],[109.09897,-7.62558],[109.09897,-7.62603],[109.09851,-7.62603],[109.09851,-7.62558],[109.09806,-7.62558],[109.09806,-7.62557],[109.09806,-7.62512],[109.09852,-7.62512],[109.09898,-7.62512],[109.09898,-7.62558]]],[[[109.09853,-7.62332],[109.09898,-7.62332],[109.09898,-7.62345],[109.09898,-7.62377],[109.09853,-7.62377],[109.09853,-7.62346],[109.09853,-7.62345],[109.09853,-7.62332]]],[[[109.09929,-7.61437],[109.09929,-7.61455],[109.09911,-7.61455],[109.09911,-7.61437],[109.09929,-7.61437]]],[[[109.09948,-7.61401],[109.09948,-7.61419],[109.09944,-7.61419],[109.09929,-7.61419],[109.09929,-7.61401],[109.0994,-7.61401],[109.09943,-7.61409],[109.09943,-7.61401],[109.09948,-7.61401]]],[[[109.09949,-7.61181],[109.09949,-7.61183],[109.09949,-7.61202],[109.09941,-7.61202],[109.09931,-7.61202],[109.09903,-7.61202],[109.09903,-7.61157],[109.09949,-7.61157],[109.09949,-7.61181]]],[[[109.09767,-7.61111],[109.09767,-7.61066],[109.09813,-7.61066],[109.09813,-7.61111],[109.09767,-7.61111]]],[[[109.09905,-7.60524],[109.09951,-7.60524],[109.09951,-7.6057],[109.09905,-7.6057],[109.09905,-7.60524]]],[[[109.09909,-7.59711],[109.09955,-7.59711],[109.09955,-7.59756],[109.09909,-7.59756],[109.09909,-7.59711]]],[[[109.09819,-7.5962],[109.09865,-7.5962],[109.09865,-7.59666],[109.09819,-7.59666],[109.09819,-7.5962]]],[[[109.09866,-7.59395],[109.09865,-7.59395],[109.09865,-7.59349],[109.09866,-7.59349],[109.09911,-7.59349],[109.09911,-7.59395],[109.09866,-7.59395]]],[[[109.10143,-7.68343],[109.10098,-7.68343],[109.10097,-7.68343],[109.10097,-7.68297],[109.10098,-7.68297],[109.10143,-7.68297],[109.10189,-7.68297],[109.10189,-7.68343],[109.10143,-7.68343]]],[[[109.10026,-7.68144],[109.10008,-7.68144],[109.10008,-7.68143],[109.10026,-7.68143],[109.10026,-7.68144]]],[[[109.10098,-7.68143],[109.10099,-7.68143],[109.10099,-7.68144],[109.10098,-7.68144],[109.10081,-7.68144],[109.1008,-7.68144],[109.1008,-7.68143],[109.10081,-7.68143],[109.10098,-7.68143]]],[[[109.09963,-7.68053],[109.09963,-7.68026],[109.09963,-7.68025],[109.10009,-7.68025],[109.10009,-7.68026],[109.10054,-7.68026],[109.10054,-7.68071],[109.10027,-7.68071],[109.10027,-7.68089],[109.10026,-7.68089],[109.10008,-7.68089],[109.10008,-7.68071],[109.09991,-7.68071],[109.0999,-7.68071],[109.0999,-7.68053],[109.09963,-7.68053]]],[[[109.10102,-7.67348],[109.10148,-7.67348],[109.10148,-7.67394],[109.10102,-7.67394],[109.10102,-7.67348]]],[[[109.10104,-7.67077],[109.10149,-7.67077],[109.10149,-7.67123],[109.10103,-7.67123],[109.10103,-7.67122],[109.10058,-7.67122],[109.10058,-7.67077],[109.10103,-7.67077],[109.10104,-7.67077]]],[[[109.09969,-7.6658],[109.10015,-7.6658],[109.10015,-7.66625],[109.09969,-7.66625],[109.09969,-7.6658]]],[[[109.10062,-7.66445],[109.10016,-7.66445],[109.10016,-7.66444],[109.10016,-7.66399],[109.10062,-7.66399],[109.10062,-7.66444],[109.10062,-7.66445]]],[[[109.10159,-7.64786],[109.10159,-7.64818],[109.10114,-7.64818],[109.10113,-7.64818],[109.10113,-7.64777],[109.10159,-7.64786]]],[[[109.10072,-7.63914],[109.10117,-7.63914],[109.10117,-7.63959],[109.10117,-7.6396],[109.10072,-7.6396],[109.10071,-7.6396],[109.10071,-7.63959],[109.10071,-7.63914],[109.10072,-7.63914]]],[[[109.10027,-7.63868],[109.10027,-7.63869],[109.10027,-7.63914],[109.09982,-7.63914],[109.09981,-7.63914],[109.09981,-7.63869],[109.09981,-7.63868],[109.09982,-7.63868],[109.10027,-7.63868]]],[[[109.09936,-7.63823],[109.09936,-7.63778],[109.09937,-7.63778],[109.09982,-7.63778],[109.09982,-7.63823],[109.09937,-7.63823],[109.09936,-7.63823]]],[[[109.09938,-7.63507],[109.09984,-7.63507],[109.09984,-7.63552],[109.09938,-7.63552],[109.09938,-7.63507]]],[[[109.10032,-7.62829],[109.10032,-7.62784],[109.10078,-7.62784],[109.10078,-7.6283],[109.10077,-7.6283],[109.10077,-7.62875],[109.10122,-7.62875],[109.10122,-7.6292],[109.10167,-7.6292],[109.10167,-7.62965],[109.10167,-7.62966],[109.10167,-7.63011],[109.10167,-7.63056],[109.10121,-7.63056],[109.10121,-7.63011],[109.10076,-7.63011],[109.10076,-7.63056],[109.1003,-7.63056],[109.1003,-7.6301],[109.09986,-7.6301],[109.09985,-7.6301],[109.0994,-7.6301],[109.0994,-7.62965],[109.09985,-7.62965],[109.09985,-7.6292],[109.09986,-7.6292],[109.09986,-7.62874],[109.10031,-7.62874],[109.10031,-7.62829],[109.10032,-7.62829]]],[[[109.10033,-7.62558],[109.10033,-7.62513],[109.10078,-7.62513],[109.10079,-7.62513],[109.10079,-7.62558],[109.10079,-7.62559],[109.10078,-7.62559],[109.10033,-7.62559],[109.10033,-7.62603],[109.10033,-7.62604],[109.10033,-7.62648],[109.10033,-7.62649],[109.10033,-7.62694],[109.10078,-7.62694],[109.10078,-7.62739],[109.10032,-7.62739],[109.10032,-7.62694],[109.09987,-7.62694],[109.09987,-7.62649],[109.09987,-7.62648],[109.09987,-7.62604],[109.09987,-7.62603],[109.09987,-7.62558],[109.09942,-7.62558],[109.09942,-7.62513],[109.09988,-7.62513],[109.09988,-7.62558],[109.10033,-7.62558]]],[[[109.10078,-7.62289],[109.10078,-7.6229],[109.10079,-7.6229],[109.10103,-7.62305],[109.10104,-7.62305],[109.10104,-7.62306],[109.10108,-7.6231],[109.10108,-7.62311],[109.10108,-7.62312],[109.10109,-7.62312],[109.10109,-7.62313],[109.10109,-7.62314],[109.10109,-7.62315],[109.10104,-7.62333],[109.10101,-7.62345],[109.101,-7.62346],[109.10125,-7.62347],[109.10125,-7.62347],[109.1017,-7.62349],[109.10176,-7.62349],[109.10192,-7.62347],[109.10193,-7.62347],[109.10194,-7.62347],[109.10195,-7.62347],[109.102,-7.62349],[109.10202,-7.62348],[109.10201,-7.62347],[109.102,-7.62347],[109.10195,-7.62343],[109.10194,-7.62343],[109.10194,-7.62342],[109.10191,-7.62341],[109.1019,-7.6234],[109.10189,-7.62339],[109.10189,-7.62338],[109.10189,-7.62337],[109.10188,-7.62333],[109.10214,-7.62333],[109.10215,-7.62333],[109.10215,-7.62288],[109.10215,-7.62243],[109.1026,-7.62243],[109.10261,-7.62243],[109.10306,-7.62243],[109.10352,-7.62243],[109.10352,-7.62288],[109.10352,-7.62289],[109.10396,-7.62289],[109.10397,-7.62289],[109.10397,-7.62244],[109.10442,-7.62244],[109.10442,-7.62289],[109.10442,-7.62334],[109.10397,-7.62334],[109.10396,-7.62334],[109.10352,-7.62334],[109.10351,-7.62334],[109.10351,-7.62379],[109.10396,-7.62379],[109.10396,-7.62424],[109.10441,-7.62424],[109.10441,-7.62379],[109.10486,-7.62379],[109.10487,-7.62379],[109.10532,-7.62379],[109.10532,-7.6238],[109.10532,-7.62425],[109.10577,-7.62425],[109.10577,-7.6247],[109.10531,-7.6247],[109.10531,-7.62425],[109.10487,-7.62425],[109.10486,-7.62425],[109.10441,-7.62425],[109.10441,-7.62469],[109.10441,-7.6247],[109.10441,-7.62475],[109.10441,-7.62515],[109.10486,-7.62515],[109.10521,-7.62515],[109.10522,-7.62515],[109.10532,-7.62515],[109.10532,-7.6252],[109.10532,-7.6256],[109.10577,-7.6256],[109.10577,-7.62561],[109.10609,-7.62561],[109.10621,-7.62561],[109.10622,-7.62561],[109.10667,-7.62561],[109.10669,-7.62561],[109.1067,-7.62561],[109.10712,-7.62561],[109.10713,-7.62561],[109.10713,-7.62606],[109.10757,-7.62606],[109.10758,-7.62606],[109.10758,-7.62607],[109.10798,-7.62607],[109.10799,-7.62607],[109.10802,-7.62607],[109.10803,-7.62607],[109.10803,-7.6261],[109.10803,-7.62652],[109.10802,-7.62652],[109.10758,-7.62652],[109.10757,-7.62652],[109.10713,-7.62652],[109.10712,-7.62652],[109.10712,-7.62697],[109.10757,-7.62697],[109.10757,-7.62742],[109.10712,-7.62742],[109.10711,-7.62742],[109.10667,-7.62742],[109.10666,-7.62742],[109.10666,-7.62787],[109.10711,-7.62787],[109.10711,-7.62832],[109.10666,-7.62832],[109.10665,-7.62832],[109.10621,-7.62832],[109.1062,-7.62832],[109.1062,-7.62877],[109.10666,-7.62877],[109.10666,-7.62923],[109.1062,-7.62923],[109.1062,-7.62967],[109.1062,-7.62968],[109.1062,-7.63013],[109.10619,-7.63013],[109.10619,-7.63058],[109.10574,-7.63058],[109.10574,-7.63013],[109.10574,-7.63012],[109.10574,-7.62968],[109.10574,-7.62967],[109.10529,-7.62967],[109.10529,-7.63012],[109.10529,-7.63057],[109.10529,-7.63058],[109.10484,-7.63058],[109.10483,-7.63058],[109.10483,-7.63057],[109.10483,-7.63012],[109.10439,-7.63012],[109.10438,-7.63012],[109.10438,-7.62967],[109.10439,-7.62967],[109.10483,-7.62967],[109.10483,-7.62922],[109.10484,-7.62922],[109.10484,-7.62877],[109.10439,-7.62877],[109.10439,-7.62922],[109.10394,-7.62922],[109.10394,-7.62967],[109.10348,-7.62967],[109.10348,-7.62966],[109.10303,-7.62966],[109.10257,-7.62966],[109.10257,-7.62921],[109.10212,-7.62921],[109.10212,-7.62875],[109.10168,-7.62875],[109.10167,-7.62875],[109.10122,-7.62875],[109.10122,-7.6283],[109.10167,-7.6283],[109.10167,-7.62785],[109.10122,-7.62785],[109.10122,-7.62739],[109.10168,-7.62739],[109.10168,-7.62695],[109.10123,-7.62695],[109.10123,-7.62694],[109.10123,-7.62649],[109.10123,-7.62604],[109.10168,-7.62604],[109.10168,-7.62559],[109.10123,-7.62559],[109.10123,-7.62514],[109.10123,-7.62513],[109.10123,-7.62468],[109.10168,-7.62468],[109.10169,-7.62468],[109.10169,-7.62424],[109.10169,-7.62423],[109.10124,-7.62423],[109.10123,-7.62423],[109.10078,-7.62423],[109.10078,-7.62378],[109.10079,-7.62378],[109.10079,-7.62345],[109.10079,-7.62333],[109.10033,-7.62333],[109.10033,-7.62287],[109.10072,-7.62287],[109.10077,-7.62289],[109.10078,-7.62289]],[[109.1035,-7.62515],[109.1035,-7.62559],[109.1035,-7.6256],[109.10395,-7.6256],[109.10395,-7.62515],[109.1035,-7.62515]],[[109.10395,-7.62605],[109.10395,-7.6265],[109.10395,-7.62695],[109.10395,-7.62696],[109.10349,-7.62696],[109.10349,-7.62695],[109.10349,-7.6265],[109.10304,-7.6265],[109.10258,-7.6265],[109.10258,-7.62605],[109.10213,-7.62605],[109.10213,-7.62604],[109.10169,-7.62604],[109.10169,-7.62649],[109.10169,-7.62694],[109.10213,-7.62694],[109.10214,-7.62694],[109.10214,-7.62695],[109.10258,-7.62695],[109.10259,-7.62695],[109.10259,-7.6274],[109.10304,-7.6274],[109.10304,-7.62785],[109.10349,-7.62785],[109.10349,-7.62831],[109.10393,-7.62831],[109.10393,-7.62786],[109.10394,-7.62786],[109.10439,-7.62786],[109.10439,-7.62741],[109.10484,-7.62741],[109.10485,-7.62741],[109.10485,-7.62696],[109.10485,-7.62651],[109.1044,-7.62651],[109.1044,-7.62606],[109.1044,-7.62605],[109.1044,-7.6256],[109.10395,-7.6256],[109.10395,-7.62605]],[[109.10258,-7.62876],[109.10258,-7.62921],[109.10303,-7.62921],[109.10303,-7.62876],[109.10348,-7.62876],[109.10348,-7.62831],[109.10304,-7.62831],[109.10303,-7.62831],[109.10259,-7.62831],[109.10259,-7.62876],[109.10258,-7.62876]],[[109.10214,-7.6274],[109.10214,-7.62785],[109.10258,-7.62785],[109.10258,-7.6274],[109.10214,-7.6274]]],[[[109.10122,-7.62111],[109.10121,-7.62111],[109.10121,-7.6211],[109.10116,-7.62107],[109.10126,-7.62107],[109.10126,-7.62112],[109.10122,-7.62111]]],[[[109.0999,-7.6188],[109.10036,-7.6188],[109.10036,-7.61835],[109.10064,-7.61835],[109.10065,-7.61835],[109.10081,-7.61835],[109.10082,-7.61835],[109.10082,-7.6188],[109.10082,-7.61881],[109.10082,-7.61907],[109.10082,-7.61908],[109.10082,-7.6191],[109.10082,-7.61911],[109.10082,-7.61926],[109.10081,-7.61926],[109.10077,-7.61926],[109.10036,-7.61926],[109.0999,-7.61926],[109.0999,-7.6188]]],[[[109.10037,-7.61687],[109.10037,-7.617],[109.10016,-7.617],[109.10015,-7.617],[109.09999,-7.617],[109.10015,-7.61694],[109.10015,-7.61694],[109.10016,-7.61694],[109.10037,-7.61687]]],[[[109.10039,-7.61203],[109.10085,-7.61203],[109.10085,-7.61248],[109.10039,-7.61248],[109.09993,-7.61248],[109.09993,-7.61203],[109.09993,-7.61202],[109.10039,-7.61202],[109.10039,-7.61203]]],[[[109.09956,-7.59485],[109.10001,-7.59485],[109.10001,-7.59531],[109.09956,-7.59531],[109.09956,-7.59485]]],[[[109.10092,-7.5944],[109.10092,-7.59441],[109.10092,-7.59486],[109.10046,-7.59486],[109.10046,-7.59441],[109.10001,-7.59441],[109.10001,-7.5944],[109.09956,-7.5944],[109.09956,-7.59395],[109.10001,-7.59395],[109.10046,-7.59395],[109.10046,-7.5935],[109.10092,-7.5935],[109.10092,-7.59395],[109.10092,-7.59396],[109.10092,-7.5944]]],[[[109.10004,-7.58808],[109.10049,-7.58808],[109.1005,-7.58808],[109.1005,-7.58853],[109.1005,-7.58898],[109.10049,-7.58898],[109.10026,-7.58898],[109.10012,-7.58898],[109.10004,-7.58898],[109.10004,-7.58894],[109.10004,-7.58885],[109.10004,-7.58853],[109.10004,-7.58808]]],[[[109.1017,-7.68207],[109.1017,-7.68198],[109.10171,-7.68198],[109.10171,-7.68162],[109.10189,-7.68162],[109.10208,-7.68162],[109.10208,-7.68198],[109.10225,-7.68198],[109.10234,-7.68198],[109.10235,-7.68198],[109.10243,-7.68198],[109.1028,-7.68198],[109.1028,-7.68207],[109.1028,-7.68208],[109.1028,-7.68253],[109.10234,-7.68253],[109.10189,-7.68253],[109.10188,-7.68253],[109.10143,-7.68253],[109.10143,-7.68252],[109.10143,-7.68234],[109.10153,-7.68234],[109.10153,-7.68216],[109.1017,-7.68216],[109.1017,-7.68207]]],[[[109.10316,-7.68162],[109.10316,-7.68144],[109.10325,-7.68144],[109.10326,-7.68144],[109.10335,-7.68144],[109.10335,-7.68126],[109.10353,-7.68126],[109.10353,-7.68118],[109.10353,-7.68117],[109.10353,-7.68108],[109.1037,-7.68108],[109.1037,-7.68073],[109.1037,-7.68072],[109.1037,-7.68054],[109.10371,-7.68054],[109.10371,-7.68027],[109.10416,-7.68027],[109.10416,-7.68072],[109.10416,-7.68073],[109.10416,-7.68118],[109.10461,-7.68118],[109.10462,-7.68118],[109.10506,-7.68118],[109.10507,-7.68118],[109.10507,-7.68163],[109.10551,-7.68163],[109.10552,-7.68163],[109.10552,-7.68164],[109.10552,-7.68209],[109.10596,-7.68209],[109.10597,-7.68209],[109.10597,-7.68254],[109.10596,-7.68254],[109.10552,-7.68254],[109.10551,-7.68254],[109.10506,-7.68254],[109.10506,-7.6829],[109.10496,-7.6829],[109.10496,-7.68272],[109.1046,-7.68272],[109.1046,-7.68254],[109.10416,-7.68254],[109.10415,-7.68254],[109.1037,-7.68254],[109.1037,-7.68253],[109.1037,-7.68208],[109.10325,-7.68208],[109.10325,-7.68163],[109.1028,-7.68163],[109.10261,-7.68163],[109.10261,-7.68162],[109.10261,-7.68144],[109.10262,-7.68144],[109.10262,-7.68117],[109.1028,-7.68117],[109.1028,-7.68126],[109.10298,-7.68126],[109.10298,-7.68127],[109.1028,-7.68127],[109.1028,-7.68162],[109.10316,-7.68162]],[[109.10506,-7.68209],[109.10506,-7.68164],[109.10461,-7.68164],[109.10461,-7.68163],[109.10416,-7.68163],[109.10371,-7.68163],[109.10371,-7.68208],[109.10415,-7.68208],[109.10416,-7.68208],[109.10461,-7.68208],[109.10461,-7.68254],[109.10506,-7.68254],[109.10506,-7.68209]]],[[[109.10308,-7.6753],[109.10282,-7.6753],[109.10282,-7.67485],[109.10328,-7.67485],[109.10328,-7.67523],[109.10328,-7.6753],[109.10308,-7.6753]]],[[[109.10329,-7.67259],[109.10284,-7.67259],[109.10284,-7.67214],[109.10329,-7.67214],[109.1033,-7.67214],[109.1033,-7.67259],[109.10329,-7.67259]]],[[[109.10244,-7.65993],[109.1029,-7.65993],[109.1029,-7.66039],[109.10244,-7.66039],[109.10244,-7.65993]]],[[[109.10153,-7.65993],[109.10199,-7.65993],[109.10199,-7.66038],[109.10153,-7.66038],[109.10153,-7.65993]]],[[[109.1022,-7.65198],[109.1022,-7.6518],[109.10221,-7.6518],[109.10221,-7.65198],[109.1022,-7.65198]]],[[[109.10286,-7.64009],[109.10298,-7.64009],[109.10298,-7.64051],[109.10342,-7.64051],[109.10343,-7.64051],[109.10389,-7.64051],[109.10389,-7.64096],[109.10388,-7.64096],[109.10388,-7.64141],[109.10388,-7.64187],[109.10342,-7.64187],[109.10342,-7.64141],[109.10342,-7.64096],[109.10306,-7.64096],[109.10298,-7.64096],[109.10298,-7.64106],[109.10298,-7.64107],[109.10298,-7.64141],[109.10271,-7.64141],[109.10252,-7.64141],[109.10252,-7.64096],[109.10297,-7.64096],[109.10297,-7.64051],[109.10252,-7.64051],[109.10252,-7.64005],[109.10259,-7.64005],[109.10259,-7.64018],[109.10267,-7.64018],[109.10267,-7.64005],[109.10268,-7.64005],[109.10286,-7.64005],[109.10286,-7.64009]]],[[[109.10162,-7.64005],[109.10208,-7.64005],[109.10208,-7.6405],[109.10162,-7.6405],[109.10162,-7.64005]]],[[[109.10286,-7.63915],[109.10299,-7.63915],[109.10299,-7.6396],[109.10259,-7.6396],[109.10259,-7.63954],[109.10256,-7.63954],[109.10253,-7.63954],[109.10253,-7.63932],[109.10253,-7.63915],[109.10276,-7.63915],[109.10286,-7.63915]]],[[[109.10119,-7.63553],[109.10119,-7.63508],[109.10165,-7.63508],[109.10165,-7.63553],[109.10119,-7.63553]]],[[[109.10256,-7.63418],[109.10256,-7.63463],[109.10256,-7.63508],[109.10255,-7.63508],[109.1021,-7.63508],[109.1021,-7.63463],[109.1021,-7.63418],[109.10255,-7.63418],[109.10256,-7.63418]]],[[[109.10165,-7.63418],[109.10165,-7.63372],[109.1021,-7.63372],[109.1021,-7.63418],[109.10165,-7.63418]]],[[[109.10393,-7.63192],[109.10393,-7.63193],[109.10347,-7.63193],[109.10347,-7.63192],[109.10302,-7.63192],[109.10302,-7.63147],[109.10347,-7.63147],[109.10348,-7.63147],[109.10393,-7.63147],[109.10393,-7.63192]]],[[[109.10211,-7.63192],[109.10211,-7.63147],[109.10211,-7.63146],[109.10211,-7.63101],[109.10257,-7.63101],[109.10257,-7.63146],[109.10257,-7.63147],[109.10257,-7.63192],[109.10211,-7.63192]]],[[[109.10257,-7.63057],[109.10257,-7.63056],[109.10257,-7.63011],[109.10303,-7.63011],[109.10303,-7.63056],[109.10303,-7.63057],[109.10257,-7.63057]]],[[[109.10306,-7.62108],[109.10307,-7.62108],[109.10352,-7.62108],[109.10352,-7.62153],[109.10307,-7.62153],[109.10307,-7.62198],[109.10261,-7.62198],[109.10261,-7.62153],[109.10306,-7.62153],[109.10306,-7.62108]]],[[[109.10261,-7.62062],[109.10216,-7.62062],[109.10216,-7.62017],[109.10261,-7.62017],[109.10262,-7.62017],[109.10307,-7.62017],[109.10307,-7.62062],[109.10307,-7.62063],[109.10262,-7.62063],[109.10261,-7.62063],[109.10261,-7.62062]]],[[[109.10171,-7.619],[109.10171,-7.61899],[109.10171,-7.61881],[109.10172,-7.61881],[109.10216,-7.61881],[109.10217,-7.61881],[109.10261,-7.61881],[109.10262,-7.61881],[109.10307,-7.61881],[109.10307,-7.61837],[109.10307,-7.61836],[109.10307,-7.61791],[109.10353,-7.61791],[109.10353,-7.61836],[109.10353,-7.61837],[109.10398,-7.61837],[109.10399,-7.61837],[109.10443,-7.61837],[109.10444,-7.61837],[109.10489,-7.61837],[109.10489,-7.6187],[109.10489,-7.61882],[109.10489,-7.61883],[109.10444,-7.61883],[109.10444,-7.61927],[109.10444,-7.61928],[109.10398,-7.61928],[109.10398,-7.61972],[109.10398,-7.61973],[109.10352,-7.61973],[109.10352,-7.61972],[109.10352,-7.61927],[109.10307,-7.61927],[109.10307,-7.61972],[109.10262,-7.61972],[109.10261,-7.61972],[109.10261,-7.61927],[109.10217,-7.61927],[109.10216,-7.61927],[109.10172,-7.61927],[109.10172,-7.61971],[109.10172,-7.61972],[109.10171,-7.61972],[109.10126,-7.61972],[109.10126,-7.61971],[109.10126,-7.61926],[109.10171,-7.61926],[109.10171,-7.619]]],[[[109.10173,-7.61475],[109.10173,-7.61429],[109.10219,-7.61429],[109.10219,-7.61475],[109.10173,-7.61475]]],[[[109.10266,-7.61068],[109.10266,-7.61113],[109.1022,-7.61113],[109.10175,-7.61113],[109.10174,-7.61113],[109.10174,-7.61068],[109.10175,-7.61068],[109.1022,-7.61068],[109.10266,-7.61068]]],[[[109.10268,-7.60707],[109.10268,-7.60701],[109.10268,-7.60662],[109.10268,-7.60661],[109.10281,-7.60661],[109.10282,-7.60661],[109.10285,-7.60661],[109.10288,-7.60661],[109.10313,-7.60661],[109.10313,-7.60662],[109.10313,-7.60707],[109.1027,-7.60707],[109.10268,-7.60707]]],[[[109.10223,-7.60571],[109.10268,-7.60571],[109.10268,-7.60616],[109.10223,-7.60616],[109.10223,-7.60571]]],[[[109.10132,-7.60571],[109.10132,-7.60525],[109.10178,-7.60525],[109.10178,-7.60571],[109.10132,-7.60571]]],[[[109.10178,-7.60345],[109.10224,-7.60345],[109.10224,-7.6039],[109.10178,-7.6039],[109.10178,-7.60345]]],[[[109.10183,-7.59306],[109.10183,-7.59305],[109.10229,-7.59305],[109.10229,-7.59306],[109.10229,-7.59351],[109.10183,-7.59351],[109.10183,-7.59306]]],[[[109.10229,-7.59215],[109.10183,-7.59215],[109.10183,-7.5917],[109.10229,-7.5917],[109.1023,-7.5917],[109.10232,-7.59184],[109.10236,-7.59216],[109.10235,-7.59216],[109.10229,-7.59216],[109.10229,-7.59215]]],[[[109.10239,-7.59216],[109.10234,-7.5917],[109.10274,-7.5917],[109.10275,-7.5917],[109.10275,-7.59216],[109.10274,-7.59216],[109.10239,-7.59216]]],[[[109.10216,-7.5908],[109.10223,-7.59125],[109.10218,-7.59125],[109.10184,-7.59125],[109.10184,-7.5908],[109.10213,-7.5908],[109.10216,-7.5908]]],[[[109.1023,-7.59116],[109.10218,-7.5908],[109.10229,-7.5908],[109.1023,-7.5908],[109.1023,-7.59116]]],[[[109.10233,-7.58402],[109.10233,-7.58447],[109.10278,-7.58447],[109.10278,-7.58493],[109.10232,-7.58493],[109.10232,-7.58447],[109.10187,-7.58447],[109.10187,-7.58402],[109.10233,-7.58402]]],[[[109.10443,-7.68299],[109.10443,-7.68326],[109.1046,-7.68326],[109.1046,-7.68344],[109.10415,-7.68344],[109.10415,-7.68299],[109.10443,-7.68299]]],[[[109.10551,-7.68119],[109.10551,-7.68073],[109.10597,-7.68073],[109.10597,-7.68119],[109.10551,-7.68119]]],[[[109.10461,-7.67983],[109.10506,-7.67983],[109.10507,-7.67983],[109.10552,-7.67983],[109.10552,-7.68028],[109.10507,-7.68028],[109.10506,-7.68028],[109.10461,-7.68028],[109.10461,-7.67983]]],[[[109.10417,-7.67712],[109.10417,-7.67711],[109.10417,-7.67666],[109.10463,-7.67666],[109.10463,-7.67711],[109.10463,-7.67712],[109.10417,-7.67712]]],[[[109.10509,-7.67622],[109.10509,-7.67621],[109.10509,-7.67576],[109.10516,-7.67576],[109.10526,-7.67576],[109.10554,-7.67576],[109.10555,-7.67576],[109.106,-7.67576],[109.106,-7.67622],[109.10555,-7.67622],[109.10554,-7.67622],[109.10546,-7.67622],[109.10536,-7.67622],[109.10509,-7.67622]]],[[[109.10374,-7.6735],[109.10374,-7.67304],[109.10419,-7.67304],[109.1042,-7.67304],[109.1042,-7.6735],[109.10419,-7.6735],[109.10374,-7.6735]]],[[[109.10564,-7.67202],[109.10568,-7.67215],[109.10555,-7.67215],[109.10555,-7.67174],[109.10564,-7.67202]]],[[[109.10558,-7.66826],[109.10555,-7.6683],[109.10527,-7.66853],[109.10524,-7.66856],[109.10514,-7.6686],[109.10513,-7.66867],[109.10512,-7.66876],[109.10512,-7.66853],[109.10512,-7.66808],[109.10557,-7.66808],[109.10558,-7.66808],[109.10576,-7.66808],[109.10577,-7.66808],[109.10569,-7.66814],[109.10558,-7.66825],[109.10558,-7.66826]]],[[[109.10331,-7.66853],[109.10331,-7.66852],[109.10331,-7.66807],[109.10377,-7.66807],[109.10377,-7.66852],[109.10377,-7.66853],[109.10331,-7.66853]]],[[[109.10377,-7.66717],[109.10377,-7.66762],[109.10331,-7.66762],[109.10331,-7.66717],[109.10331,-7.66672],[109.10377,-7.66672],[109.10377,-7.66717]]],[[[109.10649,-7.66537],[109.10649,-7.66583],[109.10603,-7.66583],[109.10603,-7.66582],[109.10558,-7.66582],[109.10558,-7.66537],[109.10603,-7.66537],[109.10604,-7.66537],[109.10649,-7.66537]]],[[[109.10334,-7.65994],[109.1038,-7.65994],[109.1038,-7.66039],[109.10334,-7.66039],[109.10334,-7.65994]]],[[[109.10342,-7.64322],[109.10387,-7.64322],[109.10387,-7.64367],[109.10387,-7.64378],[109.10377,-7.64377],[109.10375,-7.64377],[109.10374,-7.64377],[109.10342,-7.64376],[109.10342,-7.64374],[109.10342,-7.64367],[109.10342,-7.64322]]],[[[109.10525,-7.63916],[109.1048,-7.63916],[109.1048,-7.63873],[109.1048,-7.63871],[109.1048,-7.63826],[109.1048,-7.63825],[109.10516,-7.63825],[109.10525,-7.63825],[109.10526,-7.63825],[109.10526,-7.63826],[109.10526,-7.63871],[109.10526,-7.63916],[109.10525,-7.63916]]],[[[109.10504,-7.63735],[109.10526,-7.63735],[109.10526,-7.6378],[109.10526,-7.63781],[109.10481,-7.63781],[109.1048,-7.63781],[109.1048,-7.6378],[109.1048,-7.63766],[109.10504,-7.63735]]],[[[109.10489,-7.63735],[109.1048,-7.63745],[109.1048,-7.63735],[109.10481,-7.63735],[109.10489,-7.63735]]],[[[109.10393,-7.63102],[109.10347,-7.63102],[109.10347,-7.63057],[109.10393,-7.63057],[109.10439,-7.63057],[109.10439,-7.63102],[109.10393,-7.63102]]],[[[109.10487,-7.62244],[109.10487,-7.62199],[109.10532,-7.62199],[109.10532,-7.62244],[109.10487,-7.62244]]],[[[109.10534,-7.61928],[109.10534,-7.61883],[109.10534,-7.61865],[109.10534,-7.61838],[109.10534,-7.61837],[109.1058,-7.61837],[109.1058,-7.61838],[109.10625,-7.61838],[109.10625,-7.61857],[109.10625,-7.61883],[109.10625,-7.61928],[109.1058,-7.61928],[109.10579,-7.61928],[109.10534,-7.61928]]],[[[109.1049,-7.61702],[109.1049,-7.61657],[109.10535,-7.61657],[109.10536,-7.61657],[109.10536,-7.61702],[109.10535,-7.61702],[109.1049,-7.61702]]],[[[109.10536,-7.61295],[109.10582,-7.61295],[109.10582,-7.61341],[109.10536,-7.61341],[109.10536,-7.61295]]],[[[109.10406,-7.60255],[109.10401,-7.60255],[109.1036,-7.60255],[109.1036,-7.6021],[109.10405,-7.6021],[109.10406,-7.6021],[109.10406,-7.60255]]],[[[109.10455,-7.59307],[109.105,-7.59307],[109.105,-7.59352],[109.10545,-7.59352],[109.10545,-7.59397],[109.1059,-7.59397],[109.1059,-7.59398],[109.1059,-7.59443],[109.10545,-7.59443],[109.10545,-7.59398],[109.105,-7.59398],[109.10499,-7.59397],[109.10499,-7.59352],[109.10455,-7.59352],[109.10454,-7.59352],[109.10454,-7.59307],[109.10455,-7.59307]]],[[[109.10364,-7.59261],[109.10364,-7.59216],[109.10365,-7.59216],[109.1041,-7.59216],[109.1041,-7.59261],[109.10365,-7.59261],[109.10364,-7.59261]]],[[[109.10594,-7.58494],[109.10548,-7.58494],[109.10548,-7.58458],[109.10548,-7.58457],[109.10576,-7.58457],[109.10576,-7.58449],[109.10594,-7.58449],[109.10594,-7.58494]]],[[[109.10734,-7.67747],[109.10734,-7.67713],[109.10735,-7.67713],[109.1075,-7.67713],[109.1078,-7.67731],[109.1078,-7.67758],[109.10754,-7.67758],[109.10736,-7.67758],[109.10735,-7.67758],[109.10734,-7.67758],[109.10734,-7.67757],[109.10734,-7.67747]]],[[[109.10695,-7.66718],[109.10693,-7.66719],[109.10693,-7.66718],[109.10695,-7.66718]]],[[[109.10695,-7.66492],[109.10741,-7.66492],[109.10741,-7.66538],[109.10695,-7.66538],[109.10695,-7.66492]]],[[[109.1079,-7.65544],[109.10789,-7.65544],[109.10789,-7.65502],[109.10789,-7.65499],[109.1079,-7.65499],[109.108,-7.65499],[109.10835,-7.65499],[109.10835,-7.65544],[109.1079,-7.65544]]],[[[109.10746,-7.65273],[109.10745,-7.65273],[109.10728,-7.65273],[109.10727,-7.65273],[109.10727,-7.65272],[109.10728,-7.65272],[109.10745,-7.65272],[109.10746,-7.65272],[109.10746,-7.65273]]],[[[109.10793,-7.64731],[109.10838,-7.64731],[109.10838,-7.64734],[109.10838,-7.64776],[109.10883,-7.64776],[109.10929,-7.64776],[109.10929,-7.64822],[109.10883,-7.64822],[109.10883,-7.64821],[109.10838,-7.64821],[109.10837,-7.64821],[109.10793,-7.64821],[109.10792,-7.64821],[109.10748,-7.64821],[109.10747,-7.64821],[109.10747,-7.64776],[109.10748,-7.64776],[109.10792,-7.64776],[109.10792,-7.64749],[109.10792,-7.64731],[109.10793,-7.64731]]],[[[109.10705,-7.64188],[109.10751,-7.64188],[109.10751,-7.64233],[109.10705,-7.64233],[109.10705,-7.64188]]],[[[109.10615,-7.64097],[109.10615,-7.64142],[109.1066,-7.64142],[109.1066,-7.64188],[109.10614,-7.64188],[109.10614,-7.64142],[109.10569,-7.64142],[109.10569,-7.64097],[109.10615,-7.64097]]],[[[109.1089,-7.63375],[109.1089,-7.63421],[109.10844,-7.63421],[109.10844,-7.6342],[109.10827,-7.6342],[109.10799,-7.6342],[109.10799,-7.63375],[109.10844,-7.63375],[109.10861,-7.63375],[109.1089,-7.63375]]],[[[109.10935,-7.6324],[109.10935,-7.63222],[109.10935,-7.63195],[109.10936,-7.63195],[109.10936,-7.6319],[109.10936,-7.63176],[109.10936,-7.6315],[109.10891,-7.6315],[109.10891,-7.63105],[109.10891,-7.63104],[109.10846,-7.63104],[109.10846,-7.63149],[109.10846,-7.63194],[109.10846,-7.63195],[109.108,-7.63195],[109.108,-7.63194],[109.108,-7.63149],[109.10755,-7.63149],[109.10755,-7.63194],[109.10709,-7.63194],[109.10709,-7.63149],[109.10664,-7.63149],[109.10619,-7.63149],[109.10619,-7.63148],[109.10574,-7.63148],[109.10574,-7.63103],[109.10619,-7.63103],[109.10619,-7.63058],[109.10664,-7.63058],[109.10665,-7.63058],[109.1071,-7.63058],[109.1071,-7.63103],[109.1071,-7.63104],[109.1071,-7.63149],[109.10754,-7.63149],[109.10754,-7.63104],[109.108,-7.63104],[109.108,-7.63059],[109.10845,-7.63059],[109.10846,-7.63059],[109.10846,-7.63014],[109.10846,-7.62969],[109.10846,-7.62968],[109.10846,-7.62923],[109.10802,-7.62923],[109.10801,-7.62923],[109.10756,-7.62923],[109.10756,-7.62878],[109.10711,-7.62878],[109.10711,-7.62832],[109.10757,-7.62832],[109.10757,-7.62878],[109.10801,-7.62878],[109.10802,-7.62878],[109.10847,-7.62878],[109.10847,-7.62833],[109.10892,-7.62833],[109.10892,-7.62788],[109.10923,-7.62788],[109.10937,-7.62788],[109.10938,-7.62788],[109.10938,-7.62813],[109.10938,-7.62833],[109.10938,-7.62878],[109.10938,-7.62879],[109.10972,-7.62879],[109.10982,-7.62879],[109.10983,-7.62879],[109.11027,-7.62879],[109.11028,-7.62879],[109.11073,-7.62879],[109.11073,-7.62924],[109.11073,-7.62969],[109.11073,-7.6297],[109.11073,-7.63014],[109.11073,-7.63015],[109.11073,-7.6306],[109.11117,-7.6306],[109.11117,-7.63059],[109.11117,-7.63015],[109.11117,-7.6297],[109.11117,-7.62925],[109.11117,-7.62924],[109.11118,-7.62924],[109.11118,-7.62879],[109.11163,-7.62879],[109.11163,-7.62834],[109.11164,-7.62834],[109.11164,-7.62789],[109.1121,-7.62789],[109.1121,-7.62835],[109.11255,-7.62835],[109.11255,-7.62868],[109.11255,-7.6288],[109.11256,-7.6288],[109.11299,-7.6288],[109.11299,-7.62862],[109.11299,-7.62853],[109.11299,-7.62835],[109.11345,-7.62835],[109.11345,-7.62874],[109.11345,-7.6288],[109.11359,-7.6288],[109.1139,-7.6288],[109.1139,-7.62894],[109.1139,-7.62903],[109.1139,-7.62926],[109.11345,-7.62926],[109.11345,-7.6297],[109.11345,-7.62971],[109.11345,-7.63016],[109.11299,-7.63016],[109.11299,-7.62971],[109.11299,-7.6297],[109.11299,-7.62925],[109.11254,-7.62925],[109.11254,-7.62883],[109.11254,-7.6288],[109.11246,-7.6288],[109.11209,-7.6288],[109.11164,-7.6288],[109.11164,-7.62925],[109.11163,-7.62925],[109.11163,-7.6297],[109.11163,-7.6299],[109.11163,-7.63006],[109.11163,-7.63015],[109.11163,-7.6306],[109.11128,-7.6306],[109.11118,-7.6306],[109.11118,-7.63076],[109.11118,-7.63105],[109.11163,-7.63105],[109.11163,-7.63151],[109.11117,-7.63151],[109.11117,-7.63105],[109.11098,-7.63105],[109.11087,-7.63105],[109.11073,-7.63105],[109.11073,-7.63114],[109.11073,-7.63123],[109.11073,-7.6315],[109.11072,-7.6315],[109.11072,-7.63195],[109.11072,-7.63196],[109.11072,-7.63241],[109.11026,-7.63241],[109.11026,-7.63196],[109.11026,-7.63195],[109.10982,-7.63195],[109.10981,-7.63195],[109.10981,-7.6324],[109.10936,-7.6324],[109.10936,-7.63285],[109.10905,-7.63285],[109.1089,-7.63285],[109.1089,-7.6333],[109.10844,-7.6333],[109.10844,-7.63312],[109.10844,-7.63297],[109.10844,-7.63285],[109.10799,-7.63285],[109.10799,-7.6324],[109.10799,-7.63239],[109.10845,-7.63239],[109.10845,-7.6324],[109.10888,-7.6324],[109.1089,-7.6324],[109.10899,-7.6324],[109.10923,-7.6324],[109.10935,-7.6324]],[[109.10847,-7.62923],[109.10892,-7.62923],[109.10892,-7.62879],[109.10892,-7.62878],[109.10847,-7.62878],[109.10847,-7.62923]],[[109.10955,-7.6315],[109.10952,-7.63153],[109.10953,-7.63154],[109.10956,-7.6315],[109.10957,-7.63148],[109.10957,-7.63147],[109.10955,-7.6315]],[[109.11027,-7.62969],[109.11027,-7.62924],[109.10996,-7.62924],[109.10995,-7.62924],[109.10983,-7.62924],[109.10983,-7.62969],[109.11018,-7.62969],[109.11027,-7.62969]],[[109.1134,-7.6288],[109.113,-7.6288],[109.113,-7.62925],[109.11344,-7.62925],[109.11344,-7.62882],[109.11344,-7.6288],[109.1134,-7.6288]]],[[[109.10622,-7.62425],[109.10667,-7.62425],[109.10667,-7.62471],[109.10622,-7.62471],[109.10622,-7.62425]]],[[[109.10577,-7.6238],[109.10622,-7.6238],[109.10622,-7.62425],[109.10577,-7.62425],[109.10577,-7.6238]]],[[[109.10669,-7.61929],[109.10669,-7.61928],[109.10715,-7.61928],[109.10715,-7.61929],[109.10715,-7.61974],[109.10669,-7.61974],[109.10669,-7.61929]]],[[[109.10806,-7.61793],[109.10851,-7.61793],[109.10851,-7.61794],[109.10851,-7.61838],[109.10851,-7.61839],[109.10846,-7.61839],[109.10806,-7.61839],[109.10805,-7.61839],[109.10805,-7.61794],[109.10761,-7.61794],[109.1076,-7.61794],[109.1076,-7.61793],[109.1076,-7.61748],[109.10761,-7.61748],[109.10806,-7.61748],[109.10806,-7.61793]]],[[[109.10808,-7.61568],[109.10853,-7.61568],[109.10853,-7.61613],[109.10807,-7.61613],[109.10807,-7.61568],[109.10762,-7.61568],[109.10762,-7.61613],[109.10716,-7.61613],[109.10716,-7.61567],[109.10762,-7.61567],[109.10762,-7.61522],[109.10808,-7.61522],[109.10808,-7.61568]]],[[[109.10854,-7.61161],[109.10899,-7.61161],[109.10899,-7.61116],[109.10899,-7.61071],[109.10945,-7.61071],[109.1099,-7.61071],[109.10991,-7.61071],[109.11036,-7.61071],[109.11036,-7.61117],[109.10991,-7.61117],[109.1099,-7.61117],[109.1099,-7.61161],[109.1099,-7.61162],[109.11035,-7.61162],[109.11035,-7.61207],[109.1099,-7.61207],[109.1099,-7.61252],[109.1099,-7.61297],[109.10944,-7.61297],[109.10944,-7.61342],[109.10989,-7.61342],[109.11034,-7.61342],[109.11034,-7.61343],[109.11034,-7.61388],[109.11034,-7.61433],[109.11079,-7.61433],[109.11079,-7.61478],[109.11124,-7.61478],[109.11124,-7.61479],[109.11169,-7.61479],[109.11169,-7.61434],[109.11215,-7.61434],[109.11261,-7.61434],[109.11261,-7.61479],[109.11305,-7.61479],[109.11306,-7.61479],[109.11351,-7.61479],[109.11351,-7.6148],[109.11396,-7.6148],[109.11396,-7.61435],[109.11396,-7.61389],[109.11351,-7.61389],[109.11351,-7.61344],[109.11306,-7.61344],[109.11306,-7.61299],[109.11306,-7.61254],[109.11261,-7.61254],[109.11261,-7.61253],[109.11217,-7.61253],[109.11216,-7.61253],[109.11216,-7.61298],[109.11261,-7.61298],[109.11261,-7.61344],[109.11215,-7.61344],[109.11215,-7.61298],[109.1117,-7.61298],[109.1117,-7.61253],[109.11171,-7.61253],[109.11171,-7.61208],[109.11216,-7.61208],[109.11217,-7.61208],[109.11261,-7.61208],[109.11262,-7.61208],[109.11307,-7.61208],[109.11307,-7.61163],[109.11307,-7.61118],[109.11352,-7.61118],[109.11352,-7.61073],[109.11308,-7.61073],[109.11307,-7.61073],[109.11262,-7.61073],[109.11262,-7.61028],[109.11262,-7.61027],[109.11217,-7.61027],[109.11217,-7.60982],[109.11262,-7.60982],[109.11262,-7.60937],[109.11263,-7.60937],[109.11307,-7.60937],[109.11308,-7.60937],[109.11322,-7.60937],[109.11353,-7.60937],[109.11353,-7.60936],[109.11353,-7.60892],[109.1135,-7.60892],[109.11354,-7.60889],[109.11354,-7.60889],[109.11369,-7.60878],[109.11364,-7.60872],[109.11354,-7.60882],[109.11354,-7.60882],[109.11344,-7.60892],[109.11308,-7.60892],[109.11308,-7.60847],[109.11308,-7.60802],[109.11353,-7.60802],[109.11354,-7.60802],[109.11399,-7.60802],[109.11399,-7.60757],[109.11399,-7.60712],[109.11445,-7.60712],[109.1149,-7.60712],[109.1149,-7.60667],[109.11445,-7.60667],[109.11445,-7.60621],[109.11491,-7.60621],[109.11491,-7.60577],[109.11491,-7.60576],[109.11536,-7.60576],[109.11536,-7.60577],[109.11536,-7.60622],[109.11491,-7.60622],[109.11491,-7.60667],[109.11536,-7.60667],[109.11536,-7.60712],[109.11559,-7.60712],[109.11567,-7.60712],[109.11581,-7.60712],[109.11581,-7.60721],[109.11581,-7.60757],[109.11581,-7.60758],[109.11581,-7.60803],[109.11581,-7.60848],[109.11625,-7.60848],[109.11626,-7.60848],[109.11626,-7.60803],[109.11626,-7.60758],[109.11626,-7.60713],[109.11671,-7.60713],[109.11672,-7.60713],[109.11672,-7.60758],[109.11672,-7.60803],[109.11672,-7.60848],[109.11716,-7.60848],[109.11716,-7.60803],[109.11761,-7.60803],[109.11762,-7.60803],[109.11762,-7.60849],[109.11806,-7.60849],[109.11807,-7.60849],[109.11807,-7.60894],[109.11807,-7.60939],[109.11851,-7.60939],[109.11851,-7.60894],[109.11852,-7.60894],[109.11896,-7.60894],[109.11896,-7.60849],[109.11897,-7.60849],[109.11942,-7.60849],[109.11942,-7.60895],[109.11897,-7.60895],[109.11897,-7.6094],[109.11852,-7.6094],[109.11852,-7.6096],[109.11852,-7.60965],[109.11852,-7.60984],[109.11852,-7.60985],[109.11896,-7.60985],[109.11897,-7.60985],[109.11942,-7.60985],[109.11942,-7.6103],[109.11897,-7.6103],[109.11896,-7.6103],[109.11852,-7.6103],[109.11851,-7.6103],[109.11807,-7.6103],[109.11806,-7.6103],[109.11806,-7.61075],[109.11851,-7.61075],[109.11896,-7.61075],[109.11897,-7.61075],[109.11942,-7.61075],[109.11942,-7.6112],[109.11942,-7.61121],[109.11942,-7.61166],[109.11987,-7.61166],[109.11987,-7.61211],[109.11987,-7.61256],[109.12032,-7.61256],[109.12032,-7.61302],[109.12032,-7.61347],[109.12077,-7.61347],[109.12077,-7.61392],[109.12122,-7.61392],[109.12122,-7.61438],[109.12166,-7.61438],[109.12167,-7.61438],[109.12212,-7.61438],[109.12257,-7.61438],[109.12257,-7.61424],[109.12275,-7.61438],[109.12275,-7.61439],[109.12257,-7.61439],[109.12257,-7.61483],[109.12257,-7.61484],[109.12257,-7.61528],[109.12257,-7.61529],[109.12302,-7.61529],[109.12302,-7.61574],[109.12347,-7.61574],[109.12347,-7.61529],[109.12392,-7.61529],[109.12392,-7.61521],[109.12401,-7.61526],[109.12407,-7.61529],[109.12407,-7.6153],[109.12393,-7.6153],[109.12393,-7.61574],[109.12437,-7.61574],[109.12438,-7.61574],[109.12438,-7.61575],[109.12438,-7.6162],[109.12482,-7.6162],[109.12482,-7.61575],[109.12495,-7.61575],[109.12502,-7.61578],[109.12528,-7.61588],[109.12528,-7.6162],[109.12483,-7.6162],[109.12483,-7.61665],[109.12527,-7.61665],[109.12528,-7.61665],[109.12528,-7.6171],[109.12528,-7.61711],[109.12572,-7.61711],[109.12573,-7.61711],[109.12617,-7.61711],[109.12618,-7.61711],[109.12663,-7.61711],[109.12709,-7.61711],[109.12709,-7.61757],[109.12754,-7.61757],[109.12754,-7.61802],[109.12754,-7.61803],[109.12754,-7.61804],[109.12754,-7.61847],[109.12708,-7.61847],[109.12708,-7.61892],[109.12753,-7.61892],[109.12753,-7.61938],[109.12708,-7.61938],[109.12707,-7.61938],[109.12707,-7.61937],[109.12663,-7.61937],[109.12663,-7.61982],[109.12663,-7.62027],[109.12708,-7.62027],[109.12708,-7.62028],[109.12708,-7.62073],[109.12753,-7.62073],[109.12753,-7.62118],[109.12753,-7.62163],[109.12753,-7.62164],[109.12707,-7.62164],[109.12707,-7.62163],[109.12707,-7.62118],[109.12662,-7.62118],[109.12662,-7.62163],[109.12617,-7.62163],[109.12616,-7.62163],[109.12571,-7.62163],[109.12571,-7.62208],[109.12571,-7.62253],[109.12525,-7.62253],[109.12525,-7.62298],[109.1248,-7.62298],[109.1248,-7.62343],[109.12479,-7.62343],[109.12479,-7.62388],[109.12524,-7.62388],[109.12524,-7.62434],[109.12479,-7.62434],[109.12479,-7.62433],[109.12434,-7.62433],[109.12389,-7.62433],[109.12343,-7.62433],[109.12343,-7.62406],[109.12343,-7.62405],[109.12352,-7.62405],[109.12352,-7.62388],[109.12352,-7.62351],[109.12353,-7.62351],[109.12371,-7.62351],[109.12371,-7.62343],[109.12371,-7.62342],[109.12371,-7.62316],[109.12344,-7.62316],[109.12335,-7.62316],[109.12335,-7.62333],[109.12335,-7.62334],[109.12334,-7.62334],[109.12334,-7.62333],[109.12334,-7.62315],[109.12299,-7.62315],[109.12298,-7.62315],[109.12298,-7.62342],[109.12298,-7.62387],[109.12299,-7.62387],[109.12316,-7.62387],[109.12316,-7.62388],[109.12299,-7.62388],[109.12298,-7.62388],[109.12298,-7.62433],[109.12252,-7.62433],[109.12252,-7.62432],[109.12208,-7.62432],[109.12207,-7.62432],[109.12162,-7.62432],[109.12162,-7.62477],[109.12207,-7.62477],[109.12207,-7.62523],[109.12161,-7.62523],[109.12161,-7.62522],[109.12116,-7.62522],[109.12116,-7.62567],[109.1207,-7.62567],[109.1207,-7.62522],[109.12026,-7.62522],[109.12025,-7.62522],[109.11981,-7.62522],[109.1198,-7.62522],[109.11935,-7.62522],[109.11935,-7.62566],[109.11935,-7.62567],[109.11935,-7.62612],[109.11935,-7.62657],[109.11898,-7.62657],[109.11889,-7.62657],[109.11889,-7.62639],[109.11889,-7.62638],[109.11899,-7.62638],[109.11899,-7.62612],[109.11899,-7.62585],[109.1189,-7.62585],[109.11845,-7.62585],[109.11844,-7.62585],[109.11844,-7.62584],[109.11826,-7.62584],[109.11808,-7.62584],[109.11808,-7.62566],[109.118,-7.62566],[109.11799,-7.62566],[109.11772,-7.62566],[109.11772,-7.62584],[109.11754,-7.62584],[109.11754,-7.62602],[109.11753,-7.62602],[109.11717,-7.62602],[109.11717,-7.62611],[109.11717,-7.62638],[109.11736,-7.62638],[109.11754,-7.62638],[109.11754,-7.62656],[109.11799,-7.62656],[109.11799,-7.62702],[109.11753,-7.62702],[109.11753,-7.62747],[109.11799,-7.62747],[109.11799,-7.62792],[109.11843,-7.62792],[109.11843,-7.62747],[109.11889,-7.62747],[109.11935,-7.62747],[109.11935,-7.62793],[109.11934,-7.62793],[109.11934,-7.62838],[109.11888,-7.62838],[109.11888,-7.62792],[109.11844,-7.62792],[109.11844,-7.62837],[109.11843,-7.62837],[109.11843,-7.62882],[109.11888,-7.62882],[109.11888,-7.62883],[109.11888,-7.62928],[109.11843,-7.62928],[109.11842,-7.62928],[109.11798,-7.62928],[109.11797,-7.62928],[109.11797,-7.62972],[109.11797,-7.62973],[109.11843,-7.62973],[109.11843,-7.63018],[109.11842,-7.63018],[109.11842,-7.63063],[109.11842,-7.63108],[109.11842,-7.63109],[109.11842,-7.63154],[109.11797,-7.63154],[109.11796,-7.63154],[109.11796,-7.63108],[109.11796,-7.63063],[109.11796,-7.63018],[109.11752,-7.63018],[109.11752,-7.63063],[109.11752,-7.63108],[109.11752,-7.63153],[109.11752,-7.63198],[109.11706,-7.63198],[109.11706,-7.63243],[109.11751,-7.63243],[109.11751,-7.63289],[109.11706,-7.63289],[109.11706,-7.63334],[109.1166,-7.63334],[109.1166,-7.63288],[109.11705,-7.63288],[109.11705,-7.63243],[109.1166,-7.63243],[109.1166,-7.63198],[109.11616,-7.63198],[109.11615,-7.63198],[109.11615,-7.63243],[109.11569,-7.63243],[109.11569,-7.63198],[109.11525,-7.63198],[109.11525,-7.63243],[109.11479,-7.63243],[109.11479,-7.63242],[109.11434,-7.63242],[109.11433,-7.63242],[109.11388,-7.63242],[109.11388,-7.63197],[109.11433,-7.63197],[109.11434,-7.63197],[109.11479,-7.63197],[109.11479,-7.63152],[109.11435,-7.63152],[109.11434,-7.63152],[109.11389,-7.63152],[109.11389,-7.63107],[109.11389,-7.63106],[109.11435,-7.63106],[109.11435,-7.63107],[109.11479,-7.63107],[109.11479,-7.63062],[109.1148,-7.63062],[109.1148,-7.63017],[109.1148,-7.63016],[109.1148,-7.62971],[109.11436,-7.62971],[109.11435,-7.62971],[109.11403,-7.62971],[109.11393,-7.62971],[109.1139,-7.62971],[109.1139,-7.62926],[109.11399,-7.62926],[109.11409,-7.62926],[109.11435,-7.62926],[109.11435,-7.62881],[109.11435,-7.62836],[109.1139,-7.62836],[109.1139,-7.62835],[109.11345,-7.62835],[109.11345,-7.6279],[109.11345,-7.62745],[109.11301,-7.62745],[109.11301,-7.6279],[109.11255,-7.6279],[109.11255,-7.62745],[109.11255,-7.62744],[109.11255,-7.62699],[109.113,-7.62699],[109.113,-7.62654],[109.11255,-7.62654],[109.11255,-7.62609],[109.11211,-7.62609],[109.11211,-7.62654],[109.11165,-7.62654],[109.11165,-7.62608],[109.1121,-7.62608],[109.1121,-7.62564],[109.1121,-7.62563],[109.11256,-7.62563],[109.11256,-7.62519],[109.11211,-7.62519],[109.11211,-7.62518],[109.11165,-7.62518],[109.11165,-7.62473],[109.11166,-7.62473],[109.11166,-7.62428],[109.11211,-7.62428],[109.11211,-7.62383],[109.11211,-7.62338],[109.11211,-7.62337],[109.11256,-7.62337],[109.11256,-7.62293],[109.11211,-7.62293],[109.11211,-7.62247],[109.11257,-7.62247],[109.11257,-7.62202],[109.11212,-7.62202],[109.11212,-7.62157],[109.11257,-7.62157],[109.11257,-7.62112],[109.11303,-7.62112],[109.11303,-7.62157],[109.11258,-7.62157],[109.11258,-7.62202],[109.11302,-7.62202],[109.11303,-7.62202],[109.11348,-7.62202],[109.11348,-7.62158],[109.11348,-7.62157],[109.11348,-7.62112],[109.11348,-7.62067],[109.11348,-7.62022],[109.11349,-7.62022],[109.11349,-7.61977],[109.11349,-7.61931],[109.11394,-7.61931],[109.11395,-7.61931],[109.11395,-7.61932],[109.11439,-7.61932],[109.11439,-7.61887],[109.11439,-7.61842],[109.11439,-7.61841],[109.1144,-7.61841],[109.11485,-7.61841],[109.11485,-7.61797],[109.11485,-7.61796],[109.11485,-7.61779],[109.11485,-7.61752],[109.11485,-7.61751],[109.11485,-7.61706],[109.11441,-7.61706],[109.11441,-7.61751],[109.11395,-7.61751],[109.11395,-7.61786],[109.11395,-7.61796],[109.11395,-7.61841],[109.1135,-7.61841],[109.11349,-7.61841],[109.11304,-7.61841],[109.11304,-7.61796],[109.11297,-7.61796],[109.1126,-7.61796],[109.1126,-7.61799],[109.1126,-7.61841],[109.11259,-7.61841],[109.11259,-7.61886],[109.11213,-7.61886],[109.11213,-7.61841],[109.11213,-7.6184],[109.11214,-7.6184],[109.11214,-7.61804],[109.11214,-7.61803],[109.11214,-7.61795],[109.11169,-7.61795],[109.11169,-7.6175],[109.11214,-7.6175],[109.11215,-7.6175],[109.11215,-7.61795],[109.11259,-7.61795],[109.11259,-7.61751],[109.11259,-7.6175],[109.11259,-7.61705],[109.11259,-7.6166],[109.11214,-7.6166],[109.11214,-7.61615],[109.11169,-7.61615],[109.11169,-7.61614],[109.11124,-7.61614],[109.11124,-7.61569],[109.11079,-7.61569],[109.11034,-7.61569],[109.11034,-7.61524],[109.11034,-7.61523],[109.10989,-7.61523],[109.10989,-7.61478],[109.10944,-7.61478],[109.10944,-7.61523],[109.10898,-7.61523],[109.10898,-7.61478],[109.10898,-7.61433],[109.10898,-7.61432],[109.10854,-7.61432],[109.10853,-7.61432],[109.10853,-7.61477],[109.10807,-7.61477],[109.10807,-7.61432],[109.10808,-7.61432],[109.10808,-7.61387],[109.10808,-7.61342],[109.10763,-7.61342],[109.10763,-7.61297],[109.10763,-7.61296],[109.10763,-7.61251],[109.10763,-7.61206],[109.10808,-7.61206],[109.10809,-7.61206],[109.10854,-7.61206],[109.10854,-7.61161]],[[109.11566,-7.60718],[109.11565,-7.60729],[109.11574,-7.60722],[109.11575,-7.60722],[109.11576,-7.60721],[109.11577,-7.60721],[109.11581,-7.60721],[109.11566,-7.60718]],[[109.12708,-7.61803],[109.12708,-7.61802],[109.12708,-7.61757],[109.12663,-7.61757],[109.12663,-7.61756],[109.12618,-7.61756],[109.12618,-7.61799],[109.12618,-7.61801],[109.12618,-7.61847],[109.12617,-7.61847],[109.12572,-7.61847],[109.12572,-7.61801],[109.12528,-7.61801],[109.12528,-7.61846],[109.12527,-7.61846],[109.12482,-7.61846],[109.12482,-7.61891],[109.12527,-7.61891],[109.12527,-7.61936],[109.12527,-7.61937],[109.12572,-7.61937],[109.12572,-7.61892],[109.12617,-7.61892],[109.12618,-7.61892],[109.12662,-7.61892],[109.12662,-7.61847],[109.12663,-7.61847],[109.12708,-7.61847],[109.12708,-7.61803]],[[109.12662,-7.62073],[109.12616,-7.62073],[109.12616,-7.62027],[109.12572,-7.62027],[109.12572,-7.62072],[109.12571,-7.62072],[109.12571,-7.62117],[109.12617,-7.62117],[109.12617,-7.62118],[109.12662,-7.62118],[109.12662,-7.62073]],[[109.12116,-7.62477],[109.12071,-7.62477],[109.12071,-7.62522],[109.12116,-7.62522],[109.12116,-7.62477]],[[109.11708,-7.62747],[109.11708,-7.62791],[109.11708,-7.62792],[109.11752,-7.62792],[109.11753,-7.62792],[109.11753,-7.62747],[109.11708,-7.62747]],[[109.11671,-7.60984],[109.11715,-7.60984],[109.11715,-7.60939],[109.11716,-7.60939],[109.11716,-7.60894],[109.11671,-7.60894],[109.11671,-7.60938],[109.11671,-7.60939],[109.11671,-7.60984]],[[109.11669,-7.61119],[109.11669,-7.61074],[109.11625,-7.61074],[109.11625,-7.61119],[109.11669,-7.61119]],[[109.11623,-7.61436],[109.11623,-7.61481],[109.11668,-7.61481],[109.11668,-7.61526],[109.11713,-7.61526],[109.11758,-7.61526],[109.11803,-7.61526],[109.11803,-7.61482],[109.11758,-7.61482],[109.11758,-7.61481],[109.11713,-7.61481],[109.11713,-7.61436],[109.11713,-7.61391],[109.11668,-7.61391],[109.11623,-7.61391],[109.11623,-7.61435],[109.11623,-7.61436]],[[109.11577,-7.61481],[109.11577,-7.61435],[109.11578,-7.61435],[109.11578,-7.6139],[109.11578,-7.61345],[109.11533,-7.61345],[109.11533,-7.6139],[109.11533,-7.61435],[109.11533,-7.6148],[109.11533,-7.61526],[109.11577,-7.61526],[109.11578,-7.61526],[109.11622,-7.61526],[109.11623,-7.61526],[109.11623,-7.61481],[109.11577,-7.61481]],[[109.11712,-7.61752],[109.11757,-7.61752],[109.11757,-7.61707],[109.11713,-7.61707],[109.11712,-7.61707],[109.11668,-7.61707],[109.11667,-7.61707],[109.11667,-7.61752],[109.11712,-7.61752]],[[109.11666,-7.61888],[109.11666,-7.61933],[109.11711,-7.61933],[109.11711,-7.61978],[109.11756,-7.61978],[109.11802,-7.61978],[109.11802,-7.62024],[109.11802,-7.62069],[109.11847,-7.62069],[109.11847,-7.62114],[109.11846,-7.62114],[109.11846,-7.62159],[109.11892,-7.62159],[109.11892,-7.6216],[109.11892,-7.62205],[109.11846,-7.62205],[109.11846,-7.6216],[109.11801,-7.6216],[109.11801,-7.62204],[109.11801,-7.62205],[109.11801,-7.6225],[109.11846,-7.6225],[109.11846,-7.62295],[109.11845,-7.62295],[109.11845,-7.6234],[109.1189,-7.6234],[109.1189,-7.62385],[109.1189,-7.62386],[109.11935,-7.62386],[109.11936,-7.62386],[109.1198,-7.62386],[109.11981,-7.62386],[109.12026,-7.62386],[109.12026,-7.62341],[109.11981,-7.62341],[109.11981,-7.62296],[109.12026,-7.62296],[109.12027,-7.62296],[109.12027,-7.62251],[109.11982,-7.62251],[109.11981,-7.62251],[109.11936,-7.62251],[109.11936,-7.6225],[109.11936,-7.62205],[109.11981,-7.62205],[109.11982,-7.62205],[109.11982,-7.6216],[109.11937,-7.6216],[109.11937,-7.62115],[109.11982,-7.62115],[109.11982,-7.6207],[109.12028,-7.6207],[109.12028,-7.62115],[109.12073,-7.62115],[109.12073,-7.6207],[109.12118,-7.6207],[109.12118,-7.62025],[109.12073,-7.62025],[109.12073,-7.6198],[109.12073,-7.61935],[109.12029,-7.61935],[109.12029,-7.6198],[109.12028,-7.6198],[109.11983,-7.6198],[109.11983,-7.62025],[109.11937,-7.62025],[109.11937,-7.61996],[109.11937,-7.61979],[109.11893,-7.61979],[109.11893,-7.62024],[109.11854,-7.62024],[109.11847,-7.62024],[109.11847,-7.62016],[109.11847,-7.61979],[109.11892,-7.61979],[109.11892,-7.61934],[109.11847,-7.61934],[109.11847,-7.61888],[109.11803,-7.61888],[109.11802,-7.61888],[109.11757,-7.61888],[109.11757,-7.61843],[109.11757,-7.61798],[109.11712,-7.61798],[109.11712,-7.61843],[109.11667,-7.61843],[109.11666,-7.61843],[109.11666,-7.61887],[109.11666,-7.61888]],[[109.11665,-7.62249],[109.1162,-7.62249],[109.11619,-7.62249],[109.11619,-7.62204],[109.11575,-7.62204],[109.11575,-7.62248],[109.11575,-7.62249],[109.11575,-7.62294],[109.1162,-7.62294],[109.1162,-7.62339],[109.11664,-7.62339],[109.11665,-7.62339],[109.1171,-7.62339],[109.1171,-7.62295],[109.11665,-7.62295],[109.11665,-7.62294],[109.11665,-7.62249]],[[109.11707,-7.62746],[109.11707,-7.62701],[109.11663,-7.62701],[109.11663,-7.62746],[109.11707,-7.62746]],[[109.11662,-7.62881],[109.11662,-7.62882],[109.11662,-7.62891],[109.11661,-7.62891],[109.11643,-7.62891],[109.11643,-7.62909],[109.11617,-7.62909],[109.11616,-7.62909],[109.11608,-7.62909],[109.11608,-7.62926],[109.11608,-7.62927],[109.11608,-7.62945],[109.11616,-7.62945],[109.11617,-7.62945],[109.11635,-7.62945],[109.11643,-7.62945],[109.11643,-7.62963],[109.11643,-7.62972],[109.11643,-7.62981],[109.11626,-7.62981],[109.11625,-7.62981],[109.11625,-7.62972],[109.11625,-7.62963],[109.11617,-7.62963],[109.11616,-7.62963],[109.11589,-7.62963],[109.11589,-7.62972],[109.11589,-7.62999],[109.11589,-7.63017],[109.11588,-7.63017],[109.11571,-7.63017],[109.11571,-7.63053],[109.11588,-7.63053],[109.11589,-7.63053],[109.11589,-7.63062],[109.11589,-7.63071],[109.11616,-7.63071],[109.11625,-7.63071],[109.11625,-7.63063],[109.11625,-7.63062],[109.11625,-7.63017],[109.11643,-7.63017],[109.11661,-7.63017],[109.11662,-7.63017],[109.11697,-7.63017],[109.11697,-7.62999],[109.11706,-7.62999],[109.11707,-7.62999],[109.11715,-7.62999],[109.11715,-7.62973],[109.11715,-7.62972],[109.11715,-7.62963],[109.11707,-7.62963],[109.11706,-7.62963],[109.11698,-7.62963],[109.11698,-7.62945],[109.11706,-7.62945],[109.11707,-7.62945],[109.11716,-7.62945],[109.11716,-7.62927],[109.11751,-7.62927],[109.11752,-7.62927],[109.11752,-7.62882],[109.11752,-7.62873],[109.11735,-7.62873],[109.11716,-7.62873],[109.11716,-7.62855],[109.11707,-7.62855],[109.11698,-7.62855],[109.11662,-7.62855],[109.11662,-7.62881]],[[109.11661,-7.63153],[109.11706,-7.63153],[109.11706,-7.63108],[109.11662,-7.63108],[109.11661,-7.63108],[109.11661,-7.63153]],[[109.11215,-7.61615],[109.11259,-7.61615],[109.11259,-7.6157],[109.11215,-7.6157],[109.11215,-7.61615]],[[109.11346,-7.627],[109.11346,-7.62745],[109.11391,-7.62745],[109.11391,-7.627],[109.11436,-7.627],[109.11436,-7.62655],[109.11392,-7.62655],[109.11391,-7.62655],[109.11346,-7.62655],[109.11346,-7.62699],[109.11346,-7.627]],[[109.11346,-7.62564],[109.11301,-7.62564],[109.11301,-7.62609],[109.11301,-7.62654],[109.11346,-7.62654],[109.11346,-7.62609],[109.11346,-7.62564]],[[109.11302,-7.62248],[109.11257,-7.62248],[109.11257,-7.62292],[109.11302,-7.62292],[109.11302,-7.62248]],[[109.11399,-7.6095],[109.11399,-7.60974],[109.11417,-7.60974],[109.11417,-7.60983],[109.11417,-7.60992],[109.11398,-7.60992],[109.1138,-7.60992],[109.1138,-7.61028],[109.1138,-7.61046],[109.11397,-7.61046],[109.11398,-7.61046],[109.11399,-7.61046],[109.11416,-7.61046],[109.11416,-7.61064],[109.11398,-7.61064],[109.11397,-7.61064],[109.1138,-7.61064],[109.1138,-7.61073],[109.1138,-7.61082],[109.1138,-7.61118],[109.1138,-7.61154],[109.11397,-7.61154],[109.11398,-7.61154],[109.11416,-7.61154],[109.11416,-7.61119],[109.11416,-7.61118],[109.11434,-7.61118],[109.11434,-7.611],[109.11442,-7.611],[109.11443,-7.611],[109.11452,-7.611],[109.11452,-7.61082],[109.11471,-7.61082],[109.11471,-7.61074],[109.11471,-7.61073],[109.11471,-7.61046],[109.11452,-7.61046],[109.11443,-7.61046],[109.11435,-7.61046],[109.11435,-7.61028],[109.11435,-7.6101],[109.11443,-7.6101],[109.11444,-7.6101],[109.11471,-7.6101],[109.11471,-7.60983],[109.11471,-7.60974],[109.11471,-7.60957],[109.11471,-7.60948],[109.11471,-7.60938],[109.11453,-7.60938],[109.11444,-7.60938],[109.11435,-7.60938],[109.11435,-7.6092],[109.11399,-7.6092],[109.11399,-7.60937],[109.11399,-7.60938],[109.11399,-7.60941],[109.11399,-7.6095]],[[109.11442,-7.61164],[109.11398,-7.61164],[109.11398,-7.61208],[109.11398,-7.61209],[109.11442,-7.61209],[109.11442,-7.61164]],[[109.11489,-7.61119],[109.11488,-7.61119],[109.1147,-7.61119],[109.1147,-7.61155],[109.11488,-7.61155],[109.11489,-7.61155],[109.11489,-7.61164],[109.11489,-7.61173],[109.11506,-7.61173],[109.11506,-7.61209],[109.11533,-7.61209],[109.11542,-7.61209],[109.11542,-7.61164],[109.11542,-7.61155],[109.11561,-7.61155],[109.11561,-7.61119],[109.11542,-7.61119],[109.11534,-7.61119],[109.11533,-7.61119],[109.11525,-7.61119],[109.11525,-7.61101],[109.11489,-7.61101],[109.11489,-7.61119]],[[109.11488,-7.61255],[109.11488,-7.61299],[109.11533,-7.61299],[109.11533,-7.61255],[109.11488,-7.61255]],[[109.11531,-7.61706],[109.11531,-7.61751],[109.11531,-7.61752],[109.11531,-7.61775],[109.11531,-7.61796],[109.11531,-7.61797],[109.11576,-7.61797],[109.11621,-7.61797],[109.11621,-7.61765],[109.11621,-7.61752],[109.11576,-7.61752],[109.11576,-7.61707],[109.11576,-7.61706],[109.11576,-7.61661],[109.11622,-7.61661],[109.11622,-7.61617],[109.11622,-7.61616],[109.11577,-7.61616],[109.11577,-7.61571],[109.11532,-7.61571],[109.11532,-7.61616],[109.11532,-7.61661],[109.11486,-7.61661],[109.11486,-7.61706],[109.11531,-7.61706]],[[109.11484,-7.62294],[109.11484,-7.62339],[109.11528,-7.62339],[109.11528,-7.62294],[109.11484,-7.62294]],[[109.11529,-7.62384],[109.11573,-7.62384],[109.11573,-7.62339],[109.11529,-7.62339],[109.11529,-7.62384]],[[109.11483,-7.62429],[109.11483,-7.62474],[109.11527,-7.62474],[109.11527,-7.62429],[109.11483,-7.62429]],[[109.11526,-7.62927],[109.11526,-7.62926],[109.11481,-7.62926],[109.11481,-7.62971],[109.11525,-7.62971],[109.11526,-7.62971],[109.11526,-7.62927]],[[109.11483,-7.62339],[109.11438,-7.62339],[109.11438,-7.62383],[109.11438,-7.62384],[109.11482,-7.62384],[109.11483,-7.62384],[109.11483,-7.62339]],[[109.11437,-7.62474],[109.11437,-7.62519],[109.11482,-7.62519],[109.11482,-7.62474],[109.11437,-7.62474]],[[109.11445,-7.60802],[109.11445,-7.6082],[109.11445,-7.60822],[109.11445,-7.60847],[109.11489,-7.60847],[109.11489,-7.60802],[109.1149,-7.60802],[109.1149,-7.60788],[109.1149,-7.60786],[109.1149,-7.60757],[109.11445,-7.60757],[109.11445,-7.60802]],[[109.11498,-7.60773],[109.11501,-7.60777],[109.11508,-7.60772],[109.11498,-7.60773]],[[109.11542,-7.60758],[109.11541,-7.60758],[109.11546,-7.60758],[109.11547,-7.60758],[109.11548,-7.60758],[109.11549,-7.60758],[109.11549,-7.60759],[109.1155,-7.60757],[109.1155,-7.60754],[109.11549,-7.60753],[109.11543,-7.60758],[109.11542,-7.60758]],[[109.12157,-7.61501],[109.12121,-7.61501],[109.12121,-7.61528],[109.12121,-7.61537],[109.12139,-7.61537],[109.12139,-7.61555],[109.12166,-7.61555],[109.12175,-7.61555],[109.12175,-7.61537],[109.12193,-7.61537],[109.12193,-7.61529],[109.12193,-7.61528],[109.12193,-7.61483],[109.12167,-7.61483],[109.12166,-7.61483],[109.12157,-7.61483],[109.12157,-7.61501]],[[109.1221,-7.61754],[109.1221,-7.6171],[109.1221,-7.61709],[109.12166,-7.61709],[109.12165,-7.61709],[109.12165,-7.61754],[109.1221,-7.61754]],[[109.12436,-7.61846],[109.12436,-7.61801],[109.12391,-7.61801],[109.12391,-7.618],[109.12347,-7.618],[109.12346,-7.618],[109.12346,-7.61845],[109.12391,-7.61845],[109.12391,-7.61846],[109.12436,-7.61846]],[[109.1185,-7.61392],[109.1185,-7.61437],[109.11894,-7.61437],[109.11894,-7.61392],[109.1185,-7.61392]],[[109.11985,-7.61527],[109.1203,-7.61527],[109.1203,-7.61483],[109.1203,-7.61482],[109.12076,-7.61482],[109.12076,-7.61483],[109.12121,-7.61483],[109.12121,-7.61438],[109.12076,-7.61438],[109.1203,-7.61438],[109.1203,-7.61437],[109.11986,-7.61437],[109.11985,-7.61437],[109.1194,-7.61437],[109.11895,-7.61437],[109.11895,-7.61482],[109.1194,-7.61482],[109.1194,-7.61527],[109.11984,-7.61527],[109.11985,-7.61527]],[[109.11804,-7.61617],[109.11848,-7.61617],[109.11849,-7.61617],[109.11893,-7.61617],[109.11893,-7.61572],[109.11848,-7.61572],[109.11848,-7.61527],[109.11804,-7.61527],[109.11804,-7.61572],[109.11804,-7.61617]],[[109.11894,-7.61618],[109.11894,-7.61662],[109.11894,-7.61663],[109.11938,-7.61663],[109.11938,-7.61618],[109.11894,-7.61618]],[[109.11893,-7.61753],[109.11893,-7.61708],[109.11849,-7.61708],[109.11849,-7.61753],[109.11849,-7.61798],[109.11893,-7.61798],[109.11893,-7.61753]],[[109.11848,-7.61844],[109.11848,-7.61888],[109.11893,-7.61888],[109.11893,-7.61844],[109.11848,-7.61844]],[[109.11848,-7.61482],[109.11849,-7.61482],[109.11849,-7.61437],[109.11804,-7.61437],[109.11804,-7.61482],[109.11848,-7.61482]],[[109.1176,-7.61165],[109.1176,-7.6112],[109.11715,-7.6112],[109.11715,-7.61165],[109.1176,-7.61165]],[[109.1185,-7.61165],[109.1185,-7.6112],[109.11806,-7.6112],[109.11806,-7.61165],[109.1185,-7.61165]],[[109.12208,-7.62387],[109.12252,-7.62387],[109.12253,-7.62387],[109.12253,-7.62342],[109.12208,-7.62342],[109.12208,-7.62387]],[[109.12074,-7.61618],[109.12075,-7.61618],[109.12075,-7.61573],[109.1203,-7.61573],[109.1203,-7.61618],[109.12074,-7.61618]],[[109.12118,-7.62161],[109.12118,-7.62206],[109.12163,-7.62206],[109.12163,-7.62161],[109.12119,-7.62161],[109.12118,-7.62161]],[[109.11983,-7.62115],[109.11983,-7.6216],[109.12027,-7.6216],[109.12027,-7.62115],[109.11983,-7.62115]],[[109.11983,-7.61979],[109.11983,-7.61955],[109.11983,-7.61954],[109.11983,-7.61934],[109.11938,-7.61934],[109.11938,-7.61979],[109.11955,-7.61979],[109.11956,-7.61979],[109.11983,-7.61979]],[[109.12028,-7.61934],[109.12028,-7.61919],[109.12028,-7.61889],[109.11984,-7.61889],[109.11984,-7.61934],[109.12006,-7.61934],[109.12028,-7.61934]],[[109.12073,-7.61844],[109.12029,-7.61844],[109.12029,-7.61889],[109.1207,-7.61889],[109.12073,-7.61889],[109.12074,-7.61889],[109.12119,-7.61889],[109.12119,-7.61861],[109.12119,-7.61845],[109.12119,-7.61844],[109.12074,-7.61844],[109.12073,-7.61844]],[[109.11985,-7.61347],[109.11941,-7.61347],[109.11941,-7.61392],[109.11985,-7.61392],[109.11985,-7.61347]],[[109.12254,-7.62162],[109.12254,-7.62206],[109.12299,-7.62206],[109.12299,-7.62162],[109.12254,-7.62162]],[[109.1248,-7.62253],[109.1248,-7.62208],[109.1248,-7.62207],[109.1248,-7.6219],[109.12462,-7.6219],[109.12462,-7.62189],[109.12435,-7.62189],[109.12434,-7.62189],[109.12425,-7.62189],[109.12425,-7.62207],[109.12407,-7.62207],[109.12407,-7.62243],[109.12425,-7.62243],[109.12425,-7.62252],[109.12425,-7.62253],[109.12425,-7.62261],[109.12434,-7.62261],[109.12444,-7.62261],[109.12479,-7.62261],[109.1248,-7.62261],[109.1248,-7.62253]],[[109.12299,-7.62116],[109.12299,-7.62071],[109.12254,-7.62071],[109.12254,-7.62116],[109.12299,-7.62116]],[[109.12392,-7.61575],[109.12347,-7.61575],[109.12347,-7.61619],[109.12392,-7.61619],[109.12392,-7.61575]]],[[[109.10672,-7.61341],[109.10672,-7.61296],[109.10718,-7.61296],[109.10718,-7.61341],[109.10672,-7.61341]]],[[[109.10673,-7.61206],[109.10673,-7.61205],[109.10719,-7.61205],[109.10719,-7.61206],[109.10719,-7.61251],[109.10673,-7.61251],[109.10673,-7.61206]]],[[[109.10633,-7.59899],[109.10633,-7.59895],[109.10643,-7.59895],[109.10633,-7.59899]]],[[[109.10736,-7.59398],[109.10753,-7.59398],[109.10753,-7.59399],[109.10726,-7.59399],[109.10726,-7.59398],[109.10726,-7.59353],[109.10726,-7.59308],[109.10754,-7.59308],[109.10754,-7.59326],[109.10736,-7.59326],[109.10736,-7.59353],[109.10736,-7.59398]]],[[[109.10684,-7.58494],[109.1073,-7.58494],[109.1073,-7.5854],[109.10684,-7.5854],[109.10684,-7.58494]]],[[[109.10848,-7.5845],[109.10848,-7.58459],[109.10829,-7.58459],[109.10829,-7.58495],[109.10821,-7.58495],[109.10821,-7.5845],[109.10848,-7.5845]]],[[[109.10731,-7.58404],[109.10731,-7.58449],[109.10685,-7.58449],[109.10639,-7.58449],[109.10639,-7.58404],[109.10685,-7.58404],[109.10731,-7.58404]]],[[[109.10685,-7.58268],[109.10731,-7.58268],[109.10731,-7.58314],[109.10685,-7.58314],[109.10685,-7.58268]]],[[[109.10614,-7.58058],[109.10614,-7.5806],[109.1062,-7.5806],[109.10642,-7.58068],[109.10642,-7.58087],[109.10642,-7.58088],[109.10641,-7.58088],[109.10596,-7.58088],[109.10596,-7.58087],[109.10596,-7.58052],[109.10614,-7.58058]]],[[[109.11149,-7.68184],[109.1114,-7.68197],[109.1114,-7.68166],[109.1116,-7.68166],[109.11149,-7.68184]]],[[[109.11005,-7.68075],[109.1105,-7.68075],[109.1105,-7.68121],[109.11005,-7.68121],[109.11005,-7.68075]]],[[[109.11104,-7.66268],[109.11148,-7.66268],[109.11149,-7.66268],[109.11149,-7.66224],[109.11149,-7.66223],[109.11149,-7.66178],[109.11194,-7.66178],[109.11195,-7.66178],[109.1124,-7.66178],[109.1124,-7.66224],[109.11195,-7.66224],[109.11195,-7.66269],[109.11194,-7.66269],[109.11194,-7.66314],[109.11194,-7.66327],[109.11156,-7.66319],[109.11148,-7.66319],[109.11148,-7.66314],[109.11103,-7.66314],[109.11103,-7.66324],[109.11071,-7.66333],[109.11057,-7.6634],[109.11057,-7.66313],[109.11103,-7.66313],[109.11103,-7.66268],[109.11058,-7.66268],[109.11058,-7.66223],[109.11104,-7.66223],[109.11104,-7.66268]]],[[[109.11019,-7.64822],[109.11065,-7.64822],[109.11065,-7.64867],[109.11019,-7.64867],[109.11019,-7.64822]]],[[[109.11066,-7.64461],[109.11066,-7.64416],[109.11021,-7.64416],[109.11021,-7.64415],[109.11021,-7.6437],[109.11066,-7.6437],[109.11067,-7.6437],[109.11112,-7.6437],[109.11112,-7.64415],[109.11112,-7.64416],[109.11112,-7.64461],[109.11111,-7.64461],[109.11066,-7.64461]]],[[[109.10931,-7.64279],[109.10976,-7.64279],[109.10976,-7.64325],[109.10931,-7.64325],[109.10931,-7.64279]]],[[[109.11115,-7.63467],[109.11161,-7.63467],[109.11161,-7.63512],[109.11115,-7.63512],[109.11115,-7.63467]]],[[[109.11025,-7.63466],[109.11071,-7.63466],[109.11071,-7.63512],[109.11025,-7.63512],[109.11025,-7.63466]]],[[[109.11073,-7.62789],[109.11119,-7.62789],[109.11119,-7.62834],[109.11073,-7.62834],[109.11073,-7.62789]]],[[[109.10982,-7.62743],[109.10938,-7.62743],[109.10937,-7.62743],[109.10937,-7.62698],[109.10938,-7.62698],[109.10983,-7.62698],[109.10983,-7.62743],[109.11028,-7.62743],[109.11028,-7.62789],[109.10983,-7.62789],[109.10982,-7.62789],[109.10982,-7.62743]]],[[[109.10847,-7.62652],[109.10893,-7.62652],[109.10893,-7.62698],[109.10874,-7.62698],[109.10847,-7.62698],[109.10847,-7.62656],[109.10847,-7.62652]]],[[[109.1112,-7.62428],[109.1112,-7.62382],[109.11121,-7.62382],[109.11121,-7.62337],[109.11166,-7.62337],[109.11166,-7.62382],[109.11166,-7.62383],[109.11166,-7.62428],[109.1112,-7.62428]]],[[[109.10848,-7.62381],[109.10894,-7.62381],[109.10939,-7.62381],[109.10939,-7.62336],[109.10985,-7.62336],[109.10985,-7.62382],[109.1094,-7.62382],[109.1094,-7.62427],[109.10894,-7.62427],[109.10848,-7.62427],[109.10848,-7.62426],[109.10848,-7.62381]]],[[[109.11121,-7.62202],[109.11167,-7.62202],[109.11167,-7.62247],[109.11121,-7.62247],[109.11121,-7.62202]]],[[[109.10895,-7.62201],[109.10941,-7.62201],[109.10941,-7.62246],[109.10895,-7.62246],[109.10895,-7.62201]]],[[[109.11168,-7.62066],[109.11167,-7.62066],[109.11167,-7.62111],[109.11121,-7.62111],[109.11121,-7.62066],[109.11122,-7.62066],[109.11122,-7.62021],[109.11168,-7.62021],[109.11168,-7.62066]]],[[[109.10986,-7.62066],[109.10985,-7.62066],[109.10985,-7.6202],[109.10986,-7.6202],[109.11031,-7.6202],[109.11031,-7.62066],[109.10986,-7.62066]]],[[[109.11078,-7.61885],[109.11078,-7.6193],[109.11123,-7.6193],[109.11123,-7.61976],[109.11122,-7.61976],[109.11122,-7.62021],[109.11076,-7.62021],[109.11076,-7.61976],[109.11031,-7.61976],[109.11031,-7.61975],[109.11031,-7.6193],[109.11032,-7.6193],[109.11032,-7.61885],[109.11078,-7.61885]]],[[[109.11124,-7.6175],[109.11124,-7.61795],[109.11078,-7.61795],[109.11032,-7.61795],[109.11032,-7.61749],[109.11078,-7.61749],[109.11078,-7.61705],[109.11078,-7.61704],[109.11078,-7.61659],[109.11124,-7.61659],[109.11124,-7.61704],[109.11124,-7.61705],[109.11124,-7.61749],[109.11124,-7.6175]]],[[[109.10942,-7.61749],[109.10988,-7.61749],[109.10988,-7.61794],[109.10942,-7.61794],[109.10942,-7.61749]]],[[[109.10942,-7.61659],[109.10988,-7.61659],[109.11034,-7.61659],[109.11034,-7.61704],[109.10988,-7.61704],[109.10942,-7.61704],[109.10942,-7.61659]]],[[[109.11045,-7.58903],[109.11091,-7.58903],[109.11091,-7.58948],[109.11045,-7.58948],[109.11045,-7.58903]]],[[[109.11136,-7.58858],[109.11182,-7.58858],[109.11182,-7.58903],[109.11136,-7.58903],[109.11136,-7.58858]]],[[[109.1101,-7.58541],[109.11011,-7.58541],[109.11047,-7.58541],[109.11092,-7.58541],[109.11137,-7.58541],[109.11183,-7.58541],[109.11183,-7.58542],[109.11227,-7.58542],[109.11228,-7.58542],[109.11251,-7.58542],[109.11273,-7.58542],[109.11273,-7.58587],[109.11256,-7.58587],[109.11228,-7.58587],[109.11228,-7.58632],[109.11256,-7.58632],[109.11273,-7.58632],[109.11273,-7.58678],[109.11253,-7.58678],[109.11227,-7.58678],[109.11227,-7.58632],[109.11182,-7.58632],[109.11137,-7.58632],[109.11092,-7.58632],[109.11092,-7.58677],[109.11092,-7.58722],[109.11136,-7.58722],[109.11137,-7.58722],[109.11182,-7.58722],[109.11227,-7.58722],[109.11227,-7.58723],[109.11245,-7.58723],[109.11245,-7.58732],[109.11249,-7.58732],[109.11263,-7.58732],[109.11264,-7.58732],[109.11264,-7.5875],[109.11272,-7.5875],[109.11273,-7.5875],[109.113,-7.5875],[109.113,-7.58732],[109.11318,-7.58732],[109.11318,-7.58768],[109.11363,-7.58768],[109.11363,-7.58787],[109.11335,-7.58787],[109.11335,-7.58805],[109.11318,-7.58805],[109.11318,-7.58813],[109.11318,-7.58814],[109.11318,-7.58823],[109.11317,-7.58823],[109.11317,-7.58859],[109.11272,-7.58859],[109.11272,-7.58813],[109.11244,-7.58813],[109.11227,-7.58813],[109.11182,-7.58813],[109.11137,-7.58813],[109.11136,-7.58813],[109.11091,-7.58813],[109.11046,-7.58813],[109.11046,-7.58857],[109.11,-7.58857],[109.11,-7.58812],[109.11,-7.58767],[109.11045,-7.58767],[109.11046,-7.58767],[109.11046,-7.58722],[109.11046,-7.58677],[109.11046,-7.58632],[109.11046,-7.58631],[109.11092,-7.58631],[109.11092,-7.58587],[109.11047,-7.58587],[109.11047,-7.58586],[109.1101,-7.58586],[109.1101,-7.58541]]],[[[109.10974,-7.58568],[109.10974,-7.58586],[109.10956,-7.58586],[109.10956,-7.58568],[109.10974,-7.58568]]],[[[109.10902,-7.58531],[109.10902,-7.58541],[109.10866,-7.58541],[109.10866,-7.58531],[109.10884,-7.58531],[109.10902,-7.58531]]],[[[109.10957,-7.5836],[109.10957,-7.58405],[109.11002,-7.58405],[109.11002,-7.58451],[109.10957,-7.58451],[109.10956,-7.58451],[109.10956,-7.5845],[109.10912,-7.5845],[109.10912,-7.58477],[109.10902,-7.58477],[109.10902,-7.5845],[109.10902,-7.58423],[109.10902,-7.58405],[109.10911,-7.58405],[109.10911,-7.58369],[109.10912,-7.58369],[109.1092,-7.58369],[109.1092,-7.5836],[109.10921,-7.5836],[109.10957,-7.5836]]],[[[109.11047,-7.58406],[109.11093,-7.58406],[109.11093,-7.58451],[109.11047,-7.58451],[109.11047,-7.58406]]],[[[109.10958,-7.58225],[109.10912,-7.58225],[109.10912,-7.58224],[109.10912,-7.58179],[109.10958,-7.58179],[109.10958,-7.58224],[109.10958,-7.58225]]],[[[109.11239,-7.66337],[109.11239,-7.66314],[109.11239,-7.66269],[109.11285,-7.66269],[109.11285,-7.66314],[109.1133,-7.66314],[109.1133,-7.66352],[109.11284,-7.66346],[109.11283,-7.66346],[109.11275,-7.66344],[109.11239,-7.66337]]],[[[109.11375,-7.6627],[109.1133,-7.6627],[109.1133,-7.66269],[109.1133,-7.66224],[109.11285,-7.66224],[109.11285,-7.66179],[109.1133,-7.66179],[109.11375,-7.66179],[109.11376,-7.66179],[109.11376,-7.66224],[109.11376,-7.66269],[109.11375,-7.66269],[109.11375,-7.6627]]],[[[109.11241,-7.65952],[109.11241,-7.65998],[109.1124,-7.65998],[109.1124,-7.66043],[109.1124,-7.66088],[109.11195,-7.66088],[109.11195,-7.66043],[109.11195,-7.65998],[109.11195,-7.65952],[109.11241,-7.65952]]],[[[109.11331,-7.65908],[109.11287,-7.65908],[109.11286,-7.65908],[109.11241,-7.65908],[109.11241,-7.65862],[109.11286,-7.65862],[109.11287,-7.65862],[109.11332,-7.65862],[109.11332,-7.65863],[109.11377,-7.65863],[109.11377,-7.65818],[109.11332,-7.65818],[109.11332,-7.65772],[109.11377,-7.65772],[109.11378,-7.65772],[109.11423,-7.65772],[109.11423,-7.65818],[109.11466,-7.65818],[109.11468,-7.65818],[109.11476,-7.65818],[109.11514,-7.65818],[109.11514,-7.65834],[109.11514,-7.65839],[109.11514,-7.65863],[109.11468,-7.65863],[109.11468,-7.65908],[109.11508,-7.65908],[109.11513,-7.65908],[109.11513,-7.6595],[109.11513,-7.65954],[109.11512,-7.65954],[109.11504,-7.65954],[109.11468,-7.65954],[109.11468,-7.65999],[109.11422,-7.65999],[109.11376,-7.65999],[109.11376,-7.65998],[109.11331,-7.65998],[109.11331,-7.65953],[109.11376,-7.65953],[109.11376,-7.65908],[109.11332,-7.65908],[109.11331,-7.65908]]],[[[109.11288,-7.65636],[109.11288,-7.65682],[109.11242,-7.65682],[109.11242,-7.65727],[109.11287,-7.65727],[109.11287,-7.65772],[109.11287,-7.65817],[109.11242,-7.65817],[109.11241,-7.65817],[109.11196,-7.65817],[109.11196,-7.65772],[109.11241,-7.65772],[109.11241,-7.65727],[109.11197,-7.65727],[109.11196,-7.65727],[109.11151,-7.65727],[109.11151,-7.65726],[109.11151,-7.65681],[109.11196,-7.65681],[109.11197,-7.65681],[109.11242,-7.65681],[109.11242,-7.65636],[109.11288,-7.65636]]],[[[109.11242,-7.65546],[109.11288,-7.65546],[109.11288,-7.65591],[109.11242,-7.65591],[109.11242,-7.65546]]],[[[109.11288,-7.65495],[109.11288,-7.65494],[109.11288,-7.65475],[109.11288,-7.65456],[109.11333,-7.65456],[109.11334,-7.65456],[109.11334,-7.65479],[109.11334,-7.65487],[109.11334,-7.65501],[109.11333,-7.65501],[109.11288,-7.65501],[109.11288,-7.65495]]],[[[109.11155,-7.64868],[109.11155,-7.64823],[109.11155,-7.64822],[109.11201,-7.64822],[109.11201,-7.64823],[109.11201,-7.64868],[109.11155,-7.64868]]],[[[109.11155,-7.64732],[109.11201,-7.64732],[109.11201,-7.64778],[109.11155,-7.64778],[109.11155,-7.64732]]],[[[109.11337,-7.64733],[109.11336,-7.64733],[109.11292,-7.64733],[109.11291,-7.64733],[109.11291,-7.64688],[109.11292,-7.64688],[109.1131,-7.64688],[109.11336,-7.64705],[109.11336,-7.64705],[109.11377,-7.64733],[109.11337,-7.64733]]],[[[109.11219,-7.64622],[109.1122,-7.64623],[109.11221,-7.64624],[109.11221,-7.64625],[109.11222,-7.64625],[109.11222,-7.64626],[109.11222,-7.64627],[109.11244,-7.64642],[109.11201,-7.64642],[109.11201,-7.64618],[109.11218,-7.64622],[109.11219,-7.64622]]],[[[109.11203,-7.64145],[109.11249,-7.64145],[109.11249,-7.6419],[109.11203,-7.6419],[109.11203,-7.64145]]],[[[109.1125,-7.63919],[109.1125,-7.63964],[109.11294,-7.63964],[109.11294,-7.63919],[109.11295,-7.63919],[109.11313,-7.63919],[109.11321,-7.63919],[109.1134,-7.63919],[109.1134,-7.63965],[109.1132,-7.63965],[109.11312,-7.63965],[109.11295,-7.63965],[109.11295,-7.6401],[109.11249,-7.6401],[109.11249,-7.63964],[109.11204,-7.63964],[109.11204,-7.63919],[109.1125,-7.63919]]],[[[109.11324,-7.63829],[109.11341,-7.63829],[109.11341,-7.63874],[109.11341,-7.63875],[109.11323,-7.63875],[109.11314,-7.63875],[109.11295,-7.63875],[109.11295,-7.63874],[109.11295,-7.63829],[109.11315,-7.63829],[109.11324,-7.63829]]],[[[109.1125,-7.63783],[109.1125,-7.63784],[109.1125,-7.63829],[109.11205,-7.63829],[109.11204,-7.63829],[109.11204,-7.63784],[109.11204,-7.63783],[109.11205,-7.63783],[109.1125,-7.63783]]],[[[109.11334,-7.63648],[109.11341,-7.63648],[109.11341,-7.63638],[109.11341,-7.63621],[109.11341,-7.63604],[109.11341,-7.63603],[109.11353,-7.63603],[109.11387,-7.63603],[109.11387,-7.63594],[109.11405,-7.63594],[109.11423,-7.63594],[109.11423,-7.63595],[109.11423,-7.63603],[109.11423,-7.63604],[109.11423,-7.63631],[109.11432,-7.63631],[109.11433,-7.63631],[109.11441,-7.63631],[109.11441,-7.63649],[109.11441,-7.63667],[109.11477,-7.63667],[109.11477,-7.63685],[109.11478,-7.63685],[109.11513,-7.63685],[109.11513,-7.63649],[109.11513,-7.63631],[109.11514,-7.63631],[109.11514,-7.63613],[109.11523,-7.63613],[109.11532,-7.63613],[109.11532,-7.63604],[109.11532,-7.63577],[109.11532,-7.63559],[109.11568,-7.63559],[109.11568,-7.63514],[109.11524,-7.63514],[109.11524,-7.63541],[109.11523,-7.63541],[109.11495,-7.63541],[109.11495,-7.63559],[109.11478,-7.63559],[109.11478,-7.63595],[109.11477,-7.63595],[109.11477,-7.63559],[109.11477,-7.63558],[109.11477,-7.63541],[109.11477,-7.6354],[109.11478,-7.6354],[109.11496,-7.6354],[109.11496,-7.63514],[109.11496,-7.63513],[109.11496,-7.63505],[109.11478,-7.63505],[109.1146,-7.63505],[109.1146,-7.63513],[109.1146,-7.63514],[109.1146,-7.63523],[109.11442,-7.63523],[109.11442,-7.63514],[109.11442,-7.63513],[109.11442,-7.63504],[109.11433,-7.63504],[109.11405,-7.63504],[109.11405,-7.63513],[109.11405,-7.63558],[109.11424,-7.63558],[109.11424,-7.63559],[109.11423,-7.63559],[109.11387,-7.63559],[109.11387,-7.63558],[109.11342,-7.63558],[109.11342,-7.63513],[109.11342,-7.63468],[109.11342,-7.63463],[109.11342,-7.63423],[109.11337,-7.63423],[109.11297,-7.63423],[109.11297,-7.63377],[109.11297,-7.63332],[109.11343,-7.63332],[109.11343,-7.63287],[109.11353,-7.63287],[109.11362,-7.63287],[109.11388,-7.63287],[109.11433,-7.63287],[109.11479,-7.63287],[109.11479,-7.63333],[109.11433,-7.63333],[109.11388,-7.63333],[109.11388,-7.63378],[109.11352,-7.63378],[109.11343,-7.63378],[109.11343,-7.63423],[109.11347,-7.63423],[109.11388,-7.63423],[109.11433,-7.63423],[109.11478,-7.63423],[109.11478,-7.63378],[109.11524,-7.63378],[109.11524,-7.63423],[109.11524,-7.63468],[109.11524,-7.63469],[109.11568,-7.63469],[109.11569,-7.63469],[109.11569,-7.63514],[109.11614,-7.63514],[109.11614,-7.63559],[109.11659,-7.63559],[109.11659,-7.63605],[109.11614,-7.63605],[109.11613,-7.63605],[109.11569,-7.63605],[109.11569,-7.63649],[109.11569,-7.6365],[109.11568,-7.6365],[109.11523,-7.6365],[109.11523,-7.63694],[109.11523,-7.63695],[109.11523,-7.63739],[109.11523,-7.6374],[109.11523,-7.63785],[109.11477,-7.63785],[109.11477,-7.6383],[109.11431,-7.6383],[109.11431,-7.63785],[109.11431,-7.63784],[109.11431,-7.63739],[109.11386,-7.63739],[109.11386,-7.63694],[109.11386,-7.63649],[109.11342,-7.63649],[109.11342,-7.63694],[109.11328,-7.63694],[109.11319,-7.63694],[109.11296,-7.63694],[109.11296,-7.63739],[109.1125,-7.63739],[109.1125,-7.63693],[109.11205,-7.63693],[109.11205,-7.63648],[109.11251,-7.63648],[109.11251,-7.63693],[109.11296,-7.63693],[109.11296,-7.63648],[109.11324,-7.63648],[109.11334,-7.63648]]],[[[109.11251,-7.63513],[109.11251,-7.63467],[109.11297,-7.63467],[109.11297,-7.63513],[109.11251,-7.63513]]],[[[109.11298,-7.63197],[109.11298,-7.63196],[109.11343,-7.63196],[109.11343,-7.63197],[109.11343,-7.63242],[109.11298,-7.63242],[109.11298,-7.63197]]],[[[109.1136,-7.59266],[109.11315,-7.59266],[109.11315,-7.59265],[109.1127,-7.59265],[109.1127,-7.5922],[109.1127,-7.59175],[109.11316,-7.59175],[109.11316,-7.5922],[109.1136,-7.5922],[109.11361,-7.5922],[109.11406,-7.5922],[109.11406,-7.59266],[109.11361,-7.59266],[109.1136,-7.59266]]],[[[109.11223,-7.58994],[109.11226,-7.58994],[109.11226,-7.59039],[109.11223,-7.59039],[109.1118,-7.59039],[109.1118,-7.58994],[109.11223,-7.58994]]],[[[109.11226,-7.58994],[109.11226,-7.58985],[109.11226,-7.58949],[109.11236,-7.58949],[109.11272,-7.58949],[109.11272,-7.58994],[109.11226,-7.58994]]],[[[109.11409,-7.58633],[109.11454,-7.58633],[109.11454,-7.58678],[109.11454,-7.58679],[109.11408,-7.58679],[109.11408,-7.58723],[109.11408,-7.58724],[109.11362,-7.58724],[109.11362,-7.58723],[109.11362,-7.58714],[109.11372,-7.58714],[109.11372,-7.58678],[109.11363,-7.58678],[109.11354,-7.58678],[109.11354,-7.5866],[109.11355,-7.5866],[109.11355,-7.58642],[109.11363,-7.58642],[109.11372,-7.58642],[109.11372,-7.58633],[109.11408,-7.58633],[109.11409,-7.58633]]],[[[109.11318,-7.58642],[109.11317,-7.58642],[109.11317,-7.58633],[109.11318,-7.58633],[109.11318,-7.58642]]],[[[109.11318,-7.58606],[109.11318,-7.58588],[109.11318,-7.58587],[109.11364,-7.58587],[109.11364,-7.58588],[109.11364,-7.58606],[109.11355,-7.58606],[109.11318,-7.58606]]],[[[109.11378,-7.65639],[109.11378,-7.65637],[109.11423,-7.65637],[109.11423,-7.65633],[109.11423,-7.65592],[109.11424,-7.65592],[109.11468,-7.65592],[109.11469,-7.65592],[109.11514,-7.65592],[109.11514,-7.6563],[109.11513,-7.6563],[109.1151,-7.65638],[109.11511,-7.65638],[109.1151,-7.65638],[109.11469,-7.65638],[109.11469,-7.65644],[109.11469,-7.65682],[109.11506,-7.65682],[109.11513,-7.65682],[109.11513,-7.65661],[109.11513,-7.65639],[109.11519,-7.65642],[109.11521,-7.65637],[109.11559,-7.65637],[109.11559,-7.65638],[109.11559,-7.65683],[109.11515,-7.65683],[109.11514,-7.65683],[109.11514,-7.65686],[109.11514,-7.65728],[109.115,-7.65728],[109.1149,-7.65728],[109.11468,-7.65728],[109.11468,-7.65683],[109.11423,-7.65683],[109.11423,-7.65682],[109.11378,-7.65682],[109.11378,-7.65639]]],[[[109.1143,-7.64165],[109.1143,-7.64191],[109.11385,-7.64191],[109.11385,-7.64171],[109.1139,-7.64171],[109.1143,-7.64165]]],[[[109.11521,-7.64056],[109.11521,-7.64061],[109.11475,-7.64076],[109.11475,-7.64056],[109.11521,-7.64056]]],[[[109.11476,-7.63875],[109.11522,-7.63875],[109.11522,-7.6392],[109.11476,-7.6392],[109.11476,-7.63875]]],[[[109.11582,-7.60487],[109.11536,-7.60487],[109.11536,-7.60531],[109.11536,-7.60532],[109.11491,-7.60532],[109.11491,-7.60531],[109.11491,-7.60486],[109.11536,-7.60486],[109.11536,-7.60441],[109.11582,-7.60441],[109.11582,-7.60486],[109.11582,-7.60487]]],[[[109.11447,-7.6026],[109.11446,-7.6026],[109.11401,-7.6026],[109.11401,-7.60215],[109.11446,-7.60215],[109.11447,-7.60215],[109.11492,-7.60215],[109.11492,-7.6026],[109.11447,-7.6026]]],[[[109.11584,-7.59854],[109.11539,-7.59854],[109.11539,-7.59809],[109.11495,-7.59809],[109.11495,-7.59853],[109.11495,-7.59854],[109.11494,-7.59854],[109.11449,-7.59854],[109.11449,-7.59853],[109.11449,-7.59808],[109.11404,-7.59808],[109.11404,-7.59763],[109.11404,-7.59718],[109.11404,-7.59717],[109.11449,-7.59717],[109.1145,-7.59718],[109.1145,-7.59763],[109.11494,-7.59763],[109.11495,-7.59763],[109.11539,-7.59763],[109.11539,-7.59718],[109.11539,-7.59673],[109.11539,-7.59628],[109.1154,-7.59628],[109.1154,-7.59583],[109.11585,-7.59583],[109.11586,-7.59583],[109.11631,-7.59583],[109.11631,-7.59628],[109.11676,-7.59628],[109.11676,-7.59673],[109.11721,-7.59673],[109.11721,-7.59674],[109.11766,-7.59674],[109.11767,-7.59674],[109.11811,-7.59674],[109.11812,-7.59674],[109.11812,-7.59629],[109.11812,-7.59584],[109.11812,-7.59539],[109.11812,-7.59493],[109.11858,-7.59493],[109.11858,-7.59539],[109.11903,-7.59539],[109.11948,-7.59539],[109.11993,-7.59539],[109.11993,-7.59584],[109.12038,-7.59584],[109.12038,-7.5954],[109.12038,-7.59539],[109.12084,-7.59539],[109.12084,-7.59495],[109.12084,-7.59494],[109.12084,-7.5945],[109.12084,-7.59449],[109.12084,-7.59404],[109.1213,-7.59404],[109.1213,-7.59449],[109.1213,-7.5945],[109.12175,-7.5945],[109.12175,-7.59495],[109.1213,-7.59495],[109.1213,-7.5954],[109.12175,-7.5954],[109.12175,-7.59585],[109.12174,-7.59585],[109.12174,-7.5963],[109.12219,-7.5963],[109.12219,-7.59586],[109.12219,-7.59585],[109.12265,-7.59585],[109.12265,-7.59586],[109.1231,-7.59586],[109.1231,-7.59631],[109.12265,-7.59631],[109.12265,-7.59676],[109.12265,-7.59721],[109.12219,-7.59721],[109.12219,-7.59766],[109.12174,-7.59766],[109.12174,-7.59811],[109.12219,-7.59811],[109.12219,-7.59857],[109.12173,-7.59857],[109.12173,-7.59811],[109.12129,-7.59811],[109.12128,-7.59811],[109.12084,-7.59811],[109.12083,-7.59811],[109.12038,-7.59811],[109.12038,-7.59856],[109.12038,-7.59901],[109.12082,-7.59901],[109.12083,-7.59901],[109.12128,-7.59901],[109.12128,-7.59946],[109.12128,-7.59947],[109.12128,-7.59992],[109.12128,-7.60037],[109.12082,-7.60037],[109.12082,-7.60082],[109.12037,-7.60082],[109.12036,-7.60082],[109.12036,-7.60127],[109.11991,-7.60127],[109.1199,-7.60127],[109.11946,-7.60127],[109.11945,-7.60127],[109.119,-7.60127],[109.119,-7.60172],[109.11855,-7.60172],[109.11854,-7.60172],[109.11854,-7.60126],[109.1181,-7.60126],[109.11809,-7.60126],[109.11765,-7.60126],[109.11765,-7.60171],[109.1172,-7.60171],[109.11719,-7.60171],[109.11719,-7.60216],[109.11674,-7.60216],[109.11673,-7.60216],[109.11631,-7.60216],[109.11629,-7.60216],[109.11628,-7.60216],[109.11627,-7.60216],[109.11583,-7.60216],[109.11583,-7.60215],[109.11537,-7.60215],[109.11537,-7.60197],[109.11537,-7.6019],[109.11568,-7.60198],[109.11583,-7.60203],[109.11624,-7.60214],[109.11625,-7.60214],[109.11627,-7.60215],[109.11628,-7.60211],[109.11628,-7.6021],[109.11628,-7.6021],[109.11633,-7.60194],[109.11632,-7.60193],[109.11631,-7.60192],[109.1163,-7.60191],[109.1163,-7.6019],[109.11628,-7.60185],[109.11628,-7.60184],[109.11625,-7.60177],[109.1162,-7.6017],[109.11586,-7.60125],[109.11601,-7.60125],[109.11602,-7.60125],[109.11602,-7.60143],[109.11628,-7.60143],[109.11629,-7.60143],[109.11638,-7.60143],[109.11638,-7.60125],[109.11638,-7.60089],[109.11629,-7.60089],[109.11619,-7.60089],[109.11619,-7.6008],[109.11619,-7.60071],[109.11584,-7.60071],[109.11583,-7.60071],[109.11583,-7.6008],[109.11583,-7.60089],[109.11566,-7.60089],[109.11566,-7.60098],[109.11552,-7.6008],[109.11538,-7.60061],[109.11538,-7.60061],[109.11518,-7.60034],[109.11498,-7.60008],[109.11498,-7.60007],[109.11493,-7.59998],[109.11493,-7.59989],[109.11488,-7.59989],[109.11464,-7.59944],[109.11493,-7.59944],[109.11494,-7.59944],[109.11494,-7.59899],[109.11539,-7.59899],[109.1154,-7.59899],[109.11584,-7.59899],[109.11584,-7.59854]],[[109.12082,-7.59992],[109.12037,-7.59992],[109.12037,-7.60036],[109.12037,-7.60037],[109.12082,-7.60037],[109.12082,-7.59992]],[[109.11551,-7.60197],[109.11567,-7.60198],[109.11568,-7.60198],[109.11551,-7.60197]],[[109.1172,-7.59809],[109.11721,-7.59809],[109.11766,-7.59809],[109.11766,-7.59854],[109.11766,-7.59855],[109.1181,-7.59855],[109.11811,-7.59855],[109.11811,-7.5981],[109.11811,-7.59765],[109.11766,-7.59765],[109.11766,-7.59764],[109.11721,-7.59764],[109.1172,-7.59764],[109.11676,-7.59764],[109.11675,-7.59764],[109.11675,-7.59809],[109.1172,-7.59809]],[[109.1172,-7.59855],[109.11675,-7.59855],[109.11675,-7.59899],[109.1172,-7.59899],[109.1172,-7.59855]],[[109.11719,-7.59945],[109.11675,-7.59945],[109.11675,-7.5999],[109.11719,-7.5999],[109.11719,-7.59945]],[[109.11948,-7.59674],[109.11948,-7.59675],[109.11993,-7.59675],[109.11993,-7.5963],[109.11993,-7.59585],[109.11948,-7.59585],[109.11948,-7.59584],[109.11903,-7.59584],[109.11858,-7.59584],[109.11858,-7.59629],[109.11903,-7.59629],[109.11903,-7.59674],[109.11948,-7.59674]],[[109.11856,-7.59901],[109.11856,-7.59945],[109.11901,-7.59945],[109.11901,-7.59901],[109.11856,-7.59901]],[[109.11947,-7.59901],[109.11992,-7.59901],[109.11992,-7.59856],[109.11992,-7.59811],[109.11947,-7.59811],[109.11947,-7.59855],[109.11947,-7.59856],[109.11947,-7.599],[109.11947,-7.59901]],[[109.12128,-7.5963],[109.12128,-7.59585],[109.12084,-7.59585],[109.12084,-7.5963],[109.12128,-7.5963]],[[109.11948,-7.59765],[109.11992,-7.59765],[109.11993,-7.59765],[109.11993,-7.5972],[109.11948,-7.5972],[109.11948,-7.59765]]],[[[109.11448,-7.59944],[109.11458,-7.59944],[109.11456,-7.59989],[109.11448,-7.59989],[109.11448,-7.59944]]],[[[109.11507,-7.58913],[109.11516,-7.58914],[109.11498,-7.58914],[109.11498,-7.58913],[109.11507,-7.58913]]],[[[109.11498,-7.58859],[109.11498,-7.5886],[109.1148,-7.58859],[109.11489,-7.58859],[109.11498,-7.58859]]],[[[109.11499,-7.58588],[109.11518,-7.58588],[109.11536,-7.58588],[109.11536,-7.58589],[109.11518,-7.58589],[109.11518,-7.58633],[109.11518,-7.58634],[109.11518,-7.58642],[109.11535,-7.58642],[109.11535,-7.58643],[109.11535,-7.58679],[109.11517,-7.58679],[109.11517,-7.58724],[109.11517,-7.58751],[109.11535,-7.58751],[109.11535,-7.58769],[109.11517,-7.58769],[109.11517,-7.58814],[109.11517,-7.58823],[109.11517,-7.58824],[109.11516,-7.58824],[109.11516,-7.58823],[109.11498,-7.58823],[109.11498,-7.58814],[109.11498,-7.58769],[109.11498,-7.58724],[109.11499,-7.58724],[109.11499,-7.58679],[109.11499,-7.58634],[109.11499,-7.58633],[109.11499,-7.58589],[109.11499,-7.58588]]],[[[109.11518,-7.58552],[109.115,-7.58552],[109.11499,-7.58552],[109.11499,-7.58588],[109.11454,-7.58588],[109.11454,-7.58543],[109.11454,-7.58498],[109.11463,-7.58498],[109.115,-7.58498],[109.115,-7.58516],[109.11518,-7.58516],[109.11518,-7.58543],[109.11518,-7.58552]]],[[[109.11455,-7.58226],[109.11455,-7.58181],[109.11456,-7.58181],[109.11501,-7.58181],[109.11501,-7.58227],[109.11483,-7.58227],[109.11483,-7.58245],[109.11482,-7.58245],[109.11456,-7.58245],[109.11455,-7.58245],[109.11447,-7.58245],[109.11447,-7.58272],[109.11447,-7.58281],[109.11455,-7.58281],[109.11456,-7.58281],[109.11465,-7.58281],[109.11483,-7.58281],[109.11483,-7.58317],[109.11483,-7.58353],[109.115,-7.58353],[109.11501,-7.58353],[109.11519,-7.58353],[109.11537,-7.58353],[109.11545,-7.58353],[109.11546,-7.58353],[109.11555,-7.58353],[109.11555,-7.58354],[109.11546,-7.58354],[109.11545,-7.58354],[109.11537,-7.58354],[109.11537,-7.58362],[109.11537,-7.58363],[109.11537,-7.58407],[109.11537,-7.58408],[109.11518,-7.58408],[109.11518,-7.58426],[109.11509,-7.58426],[109.11501,-7.58426],[109.115,-7.58426],[109.115,-7.58408],[109.11464,-7.58408],[109.11464,-7.58426],[109.11455,-7.58426],[109.11455,-7.58407],[109.1141,-7.58407],[109.1141,-7.58362],[109.1141,-7.58317],[109.1141,-7.58272],[109.1141,-7.58226],[109.11455,-7.58226]],[[109.115,-7.58362],[109.11456,-7.58362],[109.11456,-7.58407],[109.115,-7.58407],[109.115,-7.58363],[109.115,-7.58362]]],[[[109.11411,-7.58136],[109.1141,-7.58136],[109.1141,-7.58091],[109.11366,-7.58091],[109.11365,-7.58091],[109.11365,-7.58046],[109.11365,-7.58045],[109.11366,-7.58045],[109.11411,-7.58045],[109.11411,-7.58046],[109.11411,-7.58091],[109.11456,-7.58091],[109.11456,-7.58136],[109.11411,-7.58136]]],[[[109.11411,-7.58001],[109.11411,-7.57955],[109.11457,-7.57955],[109.11457,-7.58001],[109.11411,-7.58001]]],[[[109.11693,-7.66136],[109.11693,-7.66135],[109.11693,-7.6609],[109.11693,-7.66045],[109.11739,-7.66045],[109.11784,-7.66045],[109.11784,-7.66],[109.11739,-7.66],[109.11694,-7.66],[109.11693,-7.66],[109.11649,-7.66],[109.11649,-7.66045],[109.11603,-7.66045],[109.11603,-7.65999],[109.11558,-7.65999],[109.11558,-7.65954],[109.11558,-7.65909],[109.11604,-7.65909],[109.11604,-7.65954],[109.11604,-7.65999],[109.11648,-7.65999],[109.11648,-7.65954],[109.11693,-7.65954],[109.11693,-7.6591],[109.11693,-7.65909],[109.11649,-7.65909],[109.11648,-7.65909],[109.11648,-7.65897],[109.11648,-7.65891],[109.11648,-7.65881],[109.11648,-7.6588],[109.11648,-7.65864],[109.11649,-7.65864],[109.11693,-7.65864],[109.11693,-7.65819],[109.11649,-7.65819],[109.11648,-7.65819],[109.11648,-7.65774],[109.11649,-7.65774],[109.11694,-7.65774],[109.11694,-7.65819],[109.1173,-7.65819],[109.11739,-7.65819],[109.11739,-7.65864],[109.11784,-7.65864],[109.11784,-7.65819],[109.1183,-7.65819],[109.1183,-7.65775],[109.1183,-7.65774],[109.11785,-7.65774],[109.11785,-7.6576],[109.11785,-7.65729],[109.11814,-7.65729],[109.1183,-7.65729],[109.11831,-7.65729],[109.11875,-7.65729],[109.11876,-7.65729],[109.11921,-7.65729],[109.11921,-7.65684],[109.11967,-7.65684],[109.11967,-7.6573],[109.11921,-7.6573],[109.11921,-7.65775],[109.11966,-7.65775],[109.11967,-7.65775],[109.12011,-7.65775],[109.12011,-7.6573],[109.12057,-7.6573],[109.12102,-7.6573],[109.12102,-7.65685],[109.12057,-7.65685],[109.12057,-7.6564],[109.12102,-7.6564],[109.12102,-7.65595],[109.12058,-7.65595],[109.12057,-7.65595],[109.12057,-7.6555],[109.12012,-7.6555],[109.12012,-7.65549],[109.11967,-7.65549],[109.11967,-7.65504],[109.1195,-7.65504],[109.11922,-7.65504],[109.11922,-7.65459],[109.11922,-7.65458],[109.11967,-7.65458],[109.11967,-7.65414],[109.11967,-7.65413],[109.12013,-7.65413],[109.12013,-7.65414],[109.12021,-7.65414],[109.12058,-7.65414],[109.12103,-7.65414],[109.12104,-7.65414],[109.12149,-7.65414],[109.12149,-7.65369],[109.12194,-7.65369],[109.12194,-7.65324],[109.12149,-7.65324],[109.12149,-7.65279],[109.12105,-7.65279],[109.12104,-7.65279],[109.12059,-7.65279],[109.12059,-7.65233],[109.12104,-7.65233],[109.12104,-7.65188],[109.1206,-7.65188],[109.12059,-7.65188],[109.12014,-7.65188],[109.12014,-7.65143],[109.11969,-7.65143],[109.11969,-7.65097],[109.12014,-7.65097],[109.12014,-7.65052],[109.1206,-7.65052],[109.1206,-7.65097],[109.1206,-7.65098],[109.12106,-7.65098],[109.12106,-7.65143],[109.1215,-7.65143],[109.1215,-7.65098],[109.12196,-7.65098],[109.12196,-7.65143],[109.12241,-7.65143],[109.12241,-7.65144],[109.12286,-7.65144],[109.12312,-7.65144],[109.12331,-7.65165],[109.12331,-7.65189],[109.12286,-7.65189],[109.12241,-7.65189],[109.12196,-7.65189],[109.12196,-7.65234],[109.1215,-7.65234],[109.1215,-7.65279],[109.12195,-7.65279],[109.12195,-7.65324],[109.1224,-7.65324],[109.12286,-7.65324],[109.12286,-7.6537],[109.1233,-7.6537],[109.1233,-7.65325],[109.12376,-7.65325],[109.12376,-7.6537],[109.12421,-7.6537],[109.12421,-7.65415],[109.12466,-7.65415],[109.12466,-7.65416],[109.12467,-7.65416],[109.12511,-7.65416],[109.12512,-7.65416],[109.12512,-7.65461],[109.12512,-7.65506],[109.12549,-7.65506],[109.12557,-7.65543],[109.12557,-7.65552],[109.12556,-7.65552],[109.12511,-7.65552],[109.12511,-7.65597],[109.12465,-7.65597],[109.12465,-7.65551],[109.1242,-7.65551],[109.1242,-7.65506],[109.12376,-7.65506],[109.12375,-7.65506],[109.12375,-7.65551],[109.1233,-7.65551],[109.1233,-7.65596],[109.12375,-7.65596],[109.12375,-7.65641],[109.12419,-7.65641],[109.1242,-7.65641],[109.12465,-7.65641],[109.12465,-7.65687],[109.1251,-7.65687],[109.1251,-7.65732],[109.12556,-7.65732],[109.12556,-7.65778],[109.12593,-7.65778],[109.126,-7.65823],[109.12555,-7.65823],[109.12555,-7.65778],[109.1251,-7.65778],[109.1251,-7.65823],[109.12464,-7.65823],[109.12464,-7.65868],[109.12419,-7.65868],[109.12419,-7.65912],[109.12464,-7.65912],[109.12464,-7.65913],[109.12464,-7.65958],[109.12418,-7.65958],[109.12418,-7.66003],[109.12418,-7.66048],[109.12418,-7.66093],[109.12373,-7.66093],[109.12373,-7.66138],[109.12373,-7.66183],[109.12373,-7.66184],[109.12327,-7.66184],[109.12327,-7.66228],[109.12327,-7.66229],[109.12308,-7.66229],[109.12301,-7.66226],[109.12281,-7.66221],[109.12281,-7.66183],[109.12237,-7.66183],[109.12236,-7.66183],[109.12236,-7.66203],[109.1223,-7.66199],[109.12204,-7.66183],[109.12191,-7.66175],[109.12175,-7.66164],[109.1215,-7.66138],[109.12145,-7.66131],[109.12145,-7.66131],[109.12129,-7.66109],[109.12115,-7.66092],[109.12108,-7.66084],[109.121,-7.66074],[109.121,-7.66074],[109.12086,-7.66057],[109.1207,-7.66047],[109.12066,-7.66044],[109.12055,-7.6604],[109.12055,-7.6604],[109.12045,-7.66035],[109.1201,-7.66026],[109.11965,-7.66028],[109.11934,-7.66029],[109.1192,-7.6603],[109.1192,-7.6603],[109.11902,-7.66031],[109.11902,-7.66019],[109.11919,-7.66019],[109.1192,-7.66019],[109.11938,-7.66019],[109.11938,-7.66001],[109.11938,-7.65983],[109.1192,-7.65983],[109.1192,-7.65965],[109.11884,-7.65965],[109.11884,-7.65983],[109.11883,-7.65983],[109.11875,-7.65983],[109.11874,-7.65983],[109.11847,-7.65983],[109.11847,-7.66],[109.11847,-7.66001],[109.11847,-7.66018],[109.11865,-7.66018],[109.11865,-7.66019],[109.11865,-7.66037],[109.11874,-7.66037],[109.11875,-7.66037],[109.11886,-7.66037],[109.11874,-7.66042],[109.11874,-7.66042],[109.11872,-7.66043],[109.11868,-7.66045],[109.11868,-7.66046],[109.11839,-7.66065],[109.11829,-7.66081],[109.11829,-7.6608],[109.11828,-7.66082],[109.11826,-7.66091],[109.11825,-7.661],[109.11819,-7.66136],[109.11818,-7.6614],[109.11807,-7.66163],[109.1179,-7.66181],[109.11784,-7.66188],[109.11784,-7.66188],[109.11783,-7.66189],[109.11743,-7.66222],[109.11738,-7.66226],[109.11737,-7.66226],[109.11705,-7.66247],[109.11692,-7.66254],[109.11692,-7.66254],[109.11661,-7.66271],[109.11646,-7.66279],[109.11646,-7.66271],[109.11602,-7.66271],[109.11602,-7.66305],[109.11585,-7.66316],[109.11556,-7.66316],[109.11556,-7.6627],[109.11601,-7.6627],[109.11601,-7.66225],[109.11602,-7.66225],[109.11602,-7.6618],[109.11648,-7.6618],[109.11648,-7.66225],[109.11692,-7.66225],[109.11692,-7.66181],[109.11692,-7.6618],[109.11693,-7.6618],[109.11693,-7.66136]],[[109.11876,-7.65775],[109.11876,-7.6582],[109.1183,-7.6582],[109.1183,-7.65865],[109.11875,-7.65865],[109.1192,-7.65865],[109.1192,-7.6582],[109.11921,-7.6582],[109.11921,-7.65775],[109.11876,-7.65775]],[[109.12465,-7.65732],[109.12465,-7.65777],[109.1251,-7.65777],[109.1251,-7.65732],[109.12465,-7.65732]],[[109.11829,-7.65955],[109.11829,-7.65931],[109.11829,-7.6593],[109.11829,-7.6591],[109.11785,-7.6591],[109.11784,-7.6591],[109.11784,-7.65938],[109.11784,-7.65955],[109.11829,-7.65955]],[[109.12103,-7.65504],[109.12103,-7.65505],[109.12103,-7.65549],[109.12103,-7.6555],[109.12148,-7.6555],[109.12193,-7.6555],[109.12193,-7.65505],[109.12239,-7.65505],[109.12285,-7.65505],[109.12285,-7.6555],[109.12329,-7.6555],[109.12329,-7.65506],[109.12329,-7.65505],[109.1233,-7.65505],[109.1233,-7.65461],[109.1233,-7.6546],[109.12285,-7.6546],[109.12285,-7.65415],[109.1224,-7.65415],[109.1224,-7.6546],[109.12194,-7.6546],[109.12194,-7.65415],[109.12149,-7.65415],[109.12149,-7.65459],[109.12149,-7.6546],[109.12103,-7.6546],[109.12103,-7.65504]],[[109.12103,-7.65685],[109.12147,-7.65685],[109.12148,-7.65685],[109.12192,-7.65685],[109.12192,-7.6564],[109.12193,-7.6564],[109.12238,-7.6564],[109.12238,-7.65641],[109.12283,-7.65641],[109.12284,-7.65641],[109.12329,-7.65641],[109.12329,-7.65596],[109.12284,-7.65596],[109.12238,-7.65596],[109.12238,-7.6555],[109.12194,-7.6555],[109.12194,-7.65595],[109.12148,-7.65595],[109.12148,-7.6564],[109.12103,-7.6564],[109.12103,-7.65685]],[[109.12282,-7.66002],[109.12238,-7.66002],[109.12237,-7.66002],[109.12237,-7.66047],[109.12282,-7.66047],[109.12282,-7.66003],[109.12282,-7.66002]],[[109.12419,-7.65732],[109.12374,-7.65732],[109.12374,-7.65777],[109.12419,-7.65777],[109.12419,-7.65732]],[[109.12466,-7.65461],[109.12421,-7.65461],[109.12421,-7.65506],[109.12466,-7.65506],[109.12466,-7.65461]],[[109.12466,-7.65551],[109.12511,-7.65551],[109.12511,-7.65506],[109.12466,-7.65506],[109.12466,-7.65551]],[[109.12421,-7.65416],[109.12376,-7.65416],[109.12376,-7.6546],[109.12421,-7.6546],[109.12421,-7.65416]]],[[[109.11602,-7.66135],[109.11602,-7.6609],[109.11648,-7.6609],[109.11648,-7.66135],[109.11602,-7.66135]]],[[[109.11511,-7.66089],[109.11557,-7.66089],[109.11557,-7.66135],[109.11511,-7.66135],[109.11511,-7.66089]]],[[[109.11512,-7.65999],[109.11558,-7.65999],[109.11558,-7.66044],[109.11512,-7.66044],[109.11512,-7.65999]]],[[[109.11695,-7.65638],[109.11695,-7.65683],[109.11695,-7.65684],[109.11695,-7.65729],[109.11649,-7.65729],[109.11649,-7.65684],[109.11649,-7.65683],[109.11649,-7.65638],[109.11695,-7.65638]]],[[[109.11607,-7.65096],[109.11652,-7.65096],[109.11652,-7.65141],[109.11607,-7.65141],[109.11607,-7.65096]]],[[[109.11699,-7.64779],[109.11699,-7.6478],[109.11699,-7.6481],[109.11699,-7.64811],[109.11699,-7.64825],[109.11653,-7.64825],[109.11653,-7.6479],[109.11653,-7.6478],[109.11653,-7.64779],[109.11699,-7.64779]]],[[[109.11655,-7.64418],[109.1161,-7.64418],[109.1161,-7.64373],[109.11655,-7.64373],[109.11656,-7.64373],[109.11656,-7.64418],[109.11655,-7.64418]]],[[[109.11592,-7.63966],[109.11597,-7.64011],[109.11566,-7.64011],[109.11566,-7.63966],[109.11592,-7.63966]]],[[[109.11568,-7.6374],[109.11568,-7.63695],[109.11613,-7.63695],[109.11614,-7.63695],[109.11614,-7.6374],[109.11613,-7.6374],[109.11568,-7.6374]]],[[[109.11659,-7.63469],[109.11659,-7.63424],[109.11705,-7.63424],[109.11705,-7.63469],[109.11659,-7.63469]]],[[[109.11523,-7.63333],[109.11523,-7.63288],[109.11569,-7.63288],[109.11615,-7.63288],[109.11615,-7.63333],[109.11615,-7.63379],[109.11569,-7.63379],[109.11569,-7.63333],[109.11523,-7.63333]]],[[[109.11627,-7.60442],[109.11627,-7.60441],[109.11673,-7.60441],[109.11673,-7.60442],[109.11673,-7.60487],[109.11627,-7.60487],[109.11627,-7.60442]]],[[[109.11634,-7.5895],[109.11634,-7.58995],[109.11634,-7.58996],[109.11634,-7.59041],[109.11588,-7.59041],[109.11588,-7.58996],[109.11588,-7.58995],[109.11588,-7.5895],[109.11634,-7.5895]]],[[[109.11589,-7.58751],[109.1159,-7.58751],[109.1159,-7.58724],[109.1159,-7.58715],[109.11589,-7.58715],[109.11571,-7.58715],[109.11553,-7.58715],[109.11553,-7.58697],[109.11571,-7.58697],[109.11571,-7.58679],[109.11571,-7.58661],[109.1159,-7.58661],[109.1159,-7.58679],[109.11635,-7.58679],[109.11681,-7.58679],[109.11681,-7.58725],[109.1168,-7.58725],[109.1168,-7.5877],[109.1168,-7.58815],[109.1168,-7.5886],[109.11725,-7.5886],[109.11725,-7.58905],[109.11725,-7.58906],[109.11725,-7.58951],[109.11679,-7.58951],[109.11679,-7.58906],[109.11679,-7.58905],[109.11679,-7.5886],[109.11634,-7.5886],[109.11634,-7.58815],[109.11634,-7.5877],[109.11589,-7.5877],[109.11589,-7.58815],[109.11553,-7.58815],[109.11553,-7.58805],[109.11571,-7.58805],[109.11571,-7.58769],[109.11571,-7.58751],[109.11589,-7.58751]]],[[[109.11572,-7.58606],[109.1159,-7.58606],[109.1159,-7.58607],[109.11572,-7.58607],[109.11572,-7.58606]]],[[[109.11572,-7.5857],[109.11572,-7.58571],[109.11554,-7.58571],[109.11554,-7.5857],[109.11572,-7.5857]]],[[[109.1159,-7.58544],[109.1159,-7.58543],[109.11591,-7.58543],[109.11636,-7.58543],[109.11636,-7.58544],[109.11636,-7.58589],[109.11608,-7.58589],[109.11608,-7.58553],[109.11591,-7.58553],[109.1159,-7.58553],[109.1159,-7.58544]]],[[[109.1159,-7.58426],[109.11591,-7.58426],[109.11591,-7.58453],[109.11591,-7.58498],[109.1159,-7.58498],[109.1159,-7.5848],[109.11572,-7.5848],[109.11572,-7.58462],[109.1159,-7.58462],[109.1159,-7.58453],[109.1159,-7.58426]]],[[[109.11636,-7.58444],[109.11663,-7.58444],[109.11663,-7.58426],[109.11681,-7.58426],[109.11681,-7.58409],[109.11681,-7.58408],[109.11681,-7.58363],[109.11664,-7.58363],[109.11664,-7.58354],[109.11645,-7.58354],[109.11636,-7.58354],[109.11609,-7.58354],[109.11609,-7.58336],[109.11591,-7.58336],[109.11573,-7.58336],[109.11573,-7.58318],[109.11573,-7.58317],[109.11573,-7.58299],[109.11591,-7.58299],[109.11591,-7.58273],[109.11591,-7.58272],[109.11591,-7.58263],[109.11609,-7.58263],[109.11609,-7.58245],[109.1161,-7.58245],[109.11637,-7.58245],[109.11637,-7.58272],[109.11637,-7.58273],[109.11681,-7.58273],[109.11682,-7.58273],[109.11727,-7.58273],[109.11727,-7.58318],[109.11682,-7.58318],[109.11682,-7.58363],[109.11727,-7.58363],[109.11727,-7.58408],[109.11772,-7.58408],[109.11772,-7.58409],[109.11772,-7.58454],[109.11727,-7.58454],[109.11726,-7.58454],[109.11681,-7.58454],[109.11636,-7.58454],[109.11636,-7.58453],[109.11627,-7.58453],[109.11627,-7.58444],[109.11636,-7.58444]]],[[[109.11664,-7.58137],[109.11664,-7.58119],[109.11683,-7.58119],[109.11683,-7.58137],[109.11728,-7.58137],[109.11728,-7.58183],[109.11682,-7.58183],[109.11682,-7.58182],[109.11637,-7.58182],[109.11637,-7.58209],[109.11637,-7.5821],[109.11628,-7.5821],[109.11628,-7.58209],[109.11609,-7.58209],[109.11609,-7.58191],[109.1161,-7.58191],[109.1161,-7.58182],[109.1161,-7.58173],[109.11628,-7.58173],[109.11628,-7.58155],[109.11637,-7.58155],[109.11646,-7.58155],[109.11646,-7.58137],[109.11664,-7.58137]]],[[[109.11611,-7.58083],[109.1161,-7.58083],[109.1161,-7.58092],[109.1161,-7.58119],[109.11592,-7.58119],[109.11574,-7.58119],[109.11574,-7.58137],[109.11546,-7.58137],[109.11546,-7.58091],[109.11592,-7.58091],[109.11592,-7.58046],[109.11629,-7.58046],[109.11629,-7.58047],[109.11628,-7.58047],[109.11628,-7.58065],[109.11611,-7.58065],[109.11611,-7.58083]]],[[[109.11638,-7.58002],[109.11638,-7.58001],[109.11638,-7.57956],[109.11683,-7.57956],[109.11684,-7.57956],[109.11729,-7.57956],[109.11729,-7.57957],[109.11729,-7.58002],[109.11729,-7.58011],[109.11719,-7.58011],[109.11719,-7.58002],[109.11719,-7.57975],[109.11684,-7.57975],[109.11683,-7.57975],[109.11683,-7.57993],[109.11665,-7.57993],[109.11665,-7.58001],[109.11665,-7.58002],[109.11665,-7.58029],[109.11638,-7.58029],[109.11638,-7.58002]]],[[[109.11639,-7.57866],[109.11639,-7.57821],[109.11684,-7.57821],[109.11684,-7.57866],[109.11639,-7.57866]]],[[[109.11923,-7.65549],[109.11923,-7.65551],[109.11923,-7.65594],[109.11922,-7.65594],[109.1189,-7.65594],[109.11877,-7.65594],[109.11877,-7.65549],[109.11922,-7.65549],[109.11923,-7.65549]]],[[[109.11743,-7.65051],[109.11743,-7.65006],[109.11789,-7.65006],[109.11789,-7.65051],[109.11743,-7.65051]]],[[[109.11833,-7.65007],[109.11833,-7.65006],[109.11833,-7.64961],[109.11879,-7.64961],[109.11879,-7.65006],[109.11879,-7.65007],[109.11833,-7.65007]]],[[[109.11697,-7.64961],[109.11697,-7.6496],[109.11743,-7.6496],[109.11743,-7.64961],[109.11743,-7.65006],[109.11697,-7.65006],[109.11697,-7.64961]]],[[[109.11835,-7.64826],[109.11789,-7.64826],[109.11789,-7.64825],[109.11789,-7.6478],[109.11835,-7.6478],[109.11835,-7.64825],[109.11835,-7.64826]]],[[[109.11887,-7.63109],[109.11932,-7.63109],[109.11932,-7.63154],[109.11887,-7.63154],[109.11887,-7.63109]]],[[[109.11762,-7.60623],[109.11808,-7.60623],[109.11808,-7.60668],[109.11762,-7.60668],[109.11762,-7.60623]]],[[[109.11673,-7.60261],[109.11719,-7.60261],[109.11719,-7.60306],[109.11673,-7.60306],[109.11673,-7.60261]]],[[[109.119,-7.60216],[109.119,-7.60217],[109.119,-7.60262],[109.11855,-7.60262],[109.11854,-7.60262],[109.11854,-7.60217],[109.11854,-7.60216],[109.11855,-7.60216],[109.119,-7.60216]]],[[[109.11768,-7.59267],[109.11768,-7.59222],[109.11814,-7.59222],[109.11814,-7.59267],[109.11814,-7.59268],[109.11768,-7.59268],[109.11768,-7.59267]]],[[[109.11814,-7.59041],[109.11814,-7.58996],[109.1186,-7.58996],[109.1186,-7.59041],[109.1186,-7.59042],[109.1186,-7.59087],[109.1186,-7.59132],[109.11905,-7.59132],[109.11905,-7.59177],[109.11905,-7.59178],[109.11859,-7.59178],[109.11859,-7.59177],[109.11859,-7.59132],[109.11814,-7.59132],[109.11814,-7.59087],[109.11814,-7.59042],[109.11814,-7.59041]]],[[[109.1168,-7.58634],[109.1168,-7.58589],[109.11726,-7.58589],[109.11726,-7.58544],[109.11771,-7.58544],[109.11771,-7.58589],[109.11816,-7.58589],[109.11816,-7.5859],[109.11816,-7.58635],[109.11771,-7.58635],[109.11726,-7.58635],[109.1168,-7.58635],[109.1168,-7.58634]]],[[[109.11719,-7.58047],[109.11729,-7.58047],[109.11729,-7.58092],[109.11701,-7.58092],[109.11701,-7.58065],[109.11719,-7.58065],[109.11719,-7.58047]]],[[[109.11774,-7.58047],[109.11774,-7.58002],[109.11819,-7.58002],[109.1182,-7.58002],[109.1182,-7.58047],[109.11819,-7.58047],[109.11774,-7.58047]]],[[[109.11684,-7.57821],[109.11684,-7.57784],[109.1173,-7.57788],[109.1173,-7.57788],[109.11736,-7.57789],[109.11737,-7.57789],[109.11775,-7.57796],[109.11775,-7.57821],[109.11819,-7.57821],[109.1182,-7.57821],[109.11865,-7.57821],[109.11865,-7.57808],[109.11868,-7.57808],[109.1191,-7.57802],[109.1191,-7.57802],[109.11948,-7.57796],[109.11949,-7.57796],[109.11956,-7.57797],[109.11956,-7.57822],[109.11956,-7.57867],[109.12001,-7.57867],[109.12001,-7.57913],[109.11955,-7.57913],[109.11955,-7.57867],[109.1191,-7.57867],[109.1191,-7.57912],[109.11865,-7.57912],[109.11864,-7.57912],[109.1182,-7.57912],[109.1182,-7.57957],[109.11819,-7.57957],[109.11774,-7.57957],[109.11774,-7.57912],[109.11774,-7.57867],[109.11729,-7.57867],[109.11729,-7.57866],[109.11729,-7.57821],[109.11684,-7.57821]],[[109.1191,-7.57822],[109.11865,-7.57822],[109.11865,-7.57867],[109.1191,-7.57867],[109.1191,-7.57822]]],[[[109.12105,-7.64935],[109.12106,-7.64935],[109.12133,-7.64962],[109.12133,-7.64963],[109.12106,-7.64963],[109.12105,-7.64962],[109.12105,-7.64935]]],[[[109.12015,-7.64917],[109.12061,-7.64917],[109.12061,-7.64962],[109.12015,-7.64962],[109.12015,-7.64917]]],[[[109.12044,-7.64872],[109.12016,-7.64872],[109.12015,-7.64872],[109.12015,-7.64839],[109.12016,-7.64839],[109.12044,-7.64872]]],[[[109.12023,-7.632],[109.12068,-7.632],[109.12068,-7.63219],[109.12037,-7.63242],[109.12032,-7.63245],[109.12023,-7.63245],[109.12022,-7.63245],[109.11977,-7.63245],[109.11932,-7.63245],[109.11932,-7.63199],[109.11932,-7.63154],[109.11977,-7.63154],[109.11978,-7.63154],[109.12023,-7.63154],[109.12023,-7.63199],[109.12023,-7.632]]],[[[109.12113,-7.63155],[109.12114,-7.63155],[109.12147,-7.63155],[109.12141,-7.63161],[109.12113,-7.63185],[109.12113,-7.63185],[109.12095,-7.632],[109.12068,-7.632],[109.12068,-7.63155],[109.12113,-7.63155]]],[[[109.12024,-7.62974],[109.12069,-7.62974],[109.12069,-7.63019],[109.12114,-7.63019],[109.12114,-7.63064],[109.12114,-7.63065],[109.12068,-7.63065],[109.12068,-7.63064],[109.12024,-7.63064],[109.12023,-7.63064],[109.11978,-7.63064],[109.11932,-7.63064],[109.11932,-7.63019],[109.11932,-7.63018],[109.11978,-7.63018],[109.11978,-7.62974],[109.11978,-7.62973],[109.12024,-7.62973],[109.12024,-7.62974]]],[[[109.12024,-7.62884],[109.12024,-7.62883],[109.12024,-7.62838],[109.1207,-7.62838],[109.1207,-7.62883],[109.1207,-7.62884],[109.12024,-7.62884]]],[[[109.11979,-7.62748],[109.12025,-7.62748],[109.12025,-7.62793],[109.11979,-7.62793],[109.11979,-7.62748]]],[[[109.1216,-7.62703],[109.1216,-7.62658],[109.12161,-7.62658],[109.12206,-7.62658],[109.12206,-7.62703],[109.12161,-7.62703],[109.1216,-7.62703]]],[[[109.11945,-7.60353],[109.11945,-7.60307],[109.1199,-7.60307],[109.1199,-7.60353],[109.11945,-7.60353]]],[[[109.1199,-7.60217],[109.11945,-7.60217],[109.11945,-7.60172],[109.11991,-7.60172],[109.11991,-7.60217],[109.12036,-7.60217],[109.12036,-7.60262],[109.12036,-7.60263],[109.1199,-7.60263],[109.1199,-7.60262],[109.1199,-7.60217]]],[[[109.11903,-7.59449],[109.11948,-7.59449],[109.11948,-7.59494],[109.11903,-7.59494],[109.11903,-7.59449]]],[[[109.11903,-7.59358],[109.11903,-7.59313],[109.11949,-7.59313],[109.11949,-7.59358],[109.11994,-7.59358],[109.11994,-7.59404],[109.11994,-7.59449],[109.11948,-7.59449],[109.11948,-7.59404],[109.11903,-7.59404],[109.11903,-7.59358]]],[[[109.11949,-7.59313],[109.11949,-7.59268],[109.11995,-7.59268],[109.11995,-7.59313],[109.11949,-7.59313]]],[[[109.11995,-7.59178],[109.12041,-7.59178],[109.12041,-7.59223],[109.11995,-7.59223],[109.11995,-7.59178]]],[[[109.12086,-7.59133],[109.12086,-7.59088],[109.12131,-7.59088],[109.12132,-7.59088],[109.12132,-7.59133],[109.12131,-7.59133],[109.12086,-7.59133]]],[[[109.1195,-7.59088],[109.1195,-7.59087],[109.11905,-7.59087],[109.11905,-7.59042],[109.1195,-7.59042],[109.11951,-7.59042],[109.11995,-7.59042],[109.11996,-7.59042],[109.12041,-7.59042],[109.12041,-7.59088],[109.11996,-7.59088],[109.11995,-7.59088],[109.1195,-7.59088]]],[[[109.12132,-7.58862],[109.12132,-7.58817],[109.12177,-7.58817],[109.12177,-7.58772],[109.12223,-7.58772],[109.12223,-7.58817],[109.12268,-7.58817],[109.12268,-7.58772],[109.12303,-7.58772],[109.12314,-7.58772],[109.12314,-7.58727],[109.1236,-7.58727],[109.1236,-7.58773],[109.12404,-7.58773],[109.12405,-7.58773],[109.1245,-7.58773],[109.12495,-7.58773],[109.12495,-7.58728],[109.1254,-7.58728],[109.1254,-7.58683],[109.12585,-7.58683],[109.12585,-7.58638],[109.12586,-7.58638],[109.12586,-7.58593],[109.12631,-7.58593],[109.12632,-7.58593],[109.12676,-7.58593],[109.12677,-7.58593],[109.12722,-7.58593],[109.12722,-7.58548],[109.12768,-7.58548],[109.12768,-7.58504],[109.12768,-7.58503],[109.12723,-7.58503],[109.12723,-7.58458],[109.12677,-7.58458],[109.12677,-7.58413],[109.12723,-7.58413],[109.12768,-7.58413],[109.12768,-7.58368],[109.12723,-7.58368],[109.12723,-7.58323],[109.12723,-7.58322],[109.12723,-7.58278],[109.12723,-7.58277],[109.12723,-7.58232],[109.12679,-7.58232],[109.12678,-7.58232],[109.12678,-7.58187],[109.12679,-7.58187],[109.12724,-7.58187],[109.12724,-7.58232],[109.12769,-7.58232],[109.12769,-7.58277],[109.12814,-7.58277],[109.12814,-7.58278],[109.12859,-7.58278],[109.12859,-7.58233],[109.12904,-7.58233],[109.12904,-7.58188],[109.1295,-7.58188],[109.1295,-7.58233],[109.1295,-7.58278],[109.12995,-7.58278],[109.13041,-7.58278],[109.13041,-7.58301],[109.13033,-7.58303],[109.13041,-7.58309],[109.13041,-7.58324],[109.12995,-7.58324],[109.12995,-7.58369],[109.13039,-7.58369],[109.1304,-7.58369],[109.13085,-7.58369],[109.13085,-7.58414],[109.13085,-7.58459],[109.13085,-7.5846],[109.13085,-7.58505],[109.1313,-7.58505],[109.1313,-7.5855],[109.13175,-7.5855],[109.13175,-7.58595],[109.13175,-7.58596],[109.13175,-7.58641],[109.1313,-7.58641],[109.13129,-7.58641],[109.13084,-7.58641],[109.13084,-7.5864],[109.13039,-7.5864],[109.13039,-7.58685],[109.13084,-7.58685],[109.13084,-7.5873],[109.13084,-7.58731],[109.13129,-7.58731],[109.13129,-7.58686],[109.13174,-7.58686],[109.13175,-7.58686],[109.13175,-7.58731],[109.13174,-7.58731],[109.1313,-7.58731],[109.1313,-7.58776],[109.13129,-7.58776],[109.13084,-7.58776],[109.13084,-7.58821],[109.13038,-7.58821],[109.13038,-7.58776],[109.12994,-7.58776],[109.12993,-7.58776],[109.12948,-7.58776],[109.12948,-7.5882],[109.12993,-7.5882],[109.12993,-7.58821],[109.12993,-7.58866],[109.13038,-7.58866],[109.13038,-7.58911],[109.13038,-7.58956],[109.13083,-7.58956],[109.13083,-7.59002],[109.13128,-7.59002],[109.13128,-7.58957],[109.13173,-7.58957],[109.13174,-7.58957],[109.13219,-7.58957],[109.13264,-7.58957],[109.13265,-7.58957],[109.13265,-7.59003],[109.13264,-7.59003],[109.13264,-7.59048],[109.13264,-7.59093],[109.13264,-7.59138],[109.13218,-7.59138],[109.13173,-7.59138],[109.13173,-7.59183],[109.13173,-7.59228],[109.13217,-7.59228],[109.13218,-7.59228],[109.13263,-7.59228],[109.13263,-7.59274],[109.13308,-7.59274],[109.13308,-7.59319],[109.13262,-7.59319],[109.13262,-7.59274],[109.13218,-7.59274],[109.13217,-7.59274],[109.13217,-7.59319],[109.13172,-7.59319],[109.13171,-7.59319],[109.13126,-7.59319],[109.13126,-7.59318],[109.13081,-7.59318],[109.13036,-7.59318],[109.13036,-7.59273],[109.12991,-7.59273],[109.12991,-7.59317],[109.12991,-7.59318],[109.12991,-7.59363],[109.12991,-7.59408],[109.12991,-7.59453],[109.12945,-7.59453],[109.12945,-7.59408],[109.129,-7.59408],[109.12855,-7.59408],[109.12854,-7.59408],[109.12809,-7.59408],[109.12809,-7.59407],[109.12809,-7.59362],[109.12765,-7.59362],[109.12764,-7.59362],[109.12719,-7.59362],[109.12674,-7.59362],[109.12673,-7.59362],[109.12628,-7.59362],[109.12628,-7.59316],[109.12628,-7.59271],[109.12628,-7.59226],[109.12629,-7.59226],[109.12629,-7.59181],[109.12674,-7.59181],[109.12675,-7.59181],[109.12719,-7.59181],[109.1272,-7.59181],[109.1272,-7.59136],[109.12765,-7.59136],[109.12765,-7.59091],[109.1281,-7.59091],[109.12811,-7.59091],[109.12856,-7.59091],[109.12856,-7.59136],[109.12901,-7.59136],[109.12901,-7.59137],[109.12946,-7.59137],[109.12946,-7.59092],[109.12901,-7.59092],[109.12901,-7.59046],[109.12901,-7.59001],[109.12856,-7.59001],[109.12856,-7.59046],[109.12811,-7.59046],[109.1281,-7.59046],[109.1281,-7.59001],[109.1281,-7.58955],[109.12811,-7.58955],[109.12856,-7.58955],[109.12856,-7.58956],[109.12902,-7.58956],[109.12902,-7.59001],[109.12946,-7.59001],[109.12947,-7.59001],[109.12991,-7.59001],[109.12992,-7.59001],[109.12992,-7.58956],[109.12992,-7.58911],[109.12992,-7.58866],[109.12947,-7.58866],[109.12947,-7.58821],[109.12903,-7.58821],[109.12903,-7.58865],[109.12903,-7.58866],[109.12902,-7.58866],[109.12902,-7.58911],[109.12857,-7.58911],[109.12856,-7.58911],[109.12811,-7.58911],[109.12811,-7.5891],[109.12766,-7.5891],[109.12766,-7.58865],[109.12766,-7.5882],[109.12766,-7.58775],[109.12721,-7.58775],[109.12721,-7.58819],[109.12721,-7.5882],[109.12721,-7.58865],[109.12676,-7.58865],[109.12676,-7.58909],[109.12676,-7.5891],[109.12721,-7.5891],[109.12721,-7.58955],[109.12676,-7.58955],[109.12676,-7.59],[109.12675,-7.59],[109.1263,-7.59],[109.1263,-7.59045],[109.12585,-7.59045],[109.12584,-7.59045],[109.12539,-7.59045],[109.12539,-7.59],[109.12539,-7.58999],[109.12539,-7.58954],[109.12495,-7.58954],[109.12494,-7.58954],[109.12449,-7.58954],[109.12404,-7.58954],[109.12404,-7.58999],[109.12448,-7.58999],[109.12449,-7.58999],[109.12494,-7.58999],[109.12494,-7.59044],[109.12494,-7.59045],[109.12449,-7.59045],[109.12449,-7.59089],[109.12449,-7.5909],[109.12403,-7.5909],[109.12403,-7.59089],[109.12403,-7.59044],[109.12403,-7.58999],[109.12358,-7.58999],[109.12358,-7.59044],[109.12313,-7.59044],[109.12313,-7.5906],[109.12313,-7.59089],[109.12267,-7.59089],[109.12267,-7.59044],[109.12267,-7.59043],[109.12267,-7.59039],[109.12267,-7.58998],[109.12241,-7.58998],[109.1224,-7.58998],[109.12222,-7.58998],[109.12177,-7.58998],[109.12176,-7.58998],[109.12176,-7.58953],[109.12177,-7.58953],[109.12186,-7.58953],[109.12186,-7.58971],[109.12204,-7.58971],[109.12204,-7.58989],[109.12222,-7.58989],[109.12232,-7.58989],[109.1224,-7.58989],[109.1224,-7.58971],[109.12241,-7.58971],[109.12268,-7.58971],[109.12268,-7.58998],[109.12312,-7.58998],[109.12312,-7.58953],[109.12295,-7.58953],[109.12295,-7.58935],[109.12295,-7.58908],[109.12295,-7.58863],[109.12279,-7.58863],[109.12269,-7.58863],[109.12268,-7.58863],[109.12259,-7.58863],[109.12259,-7.58873],[109.12259,-7.58881],[109.1225,-7.58881],[109.12244,-7.58881],[109.12241,-7.58881],[109.12241,-7.58863],[109.12241,-7.58862],[109.12241,-7.58845],[109.12223,-7.58845],[109.12187,-7.58845],[109.12187,-7.58862],[109.12187,-7.58863],[109.12187,-7.5888],[109.12205,-7.5888],[109.12205,-7.58881],[109.12204,-7.58881],[109.12178,-7.58881],[109.12177,-7.58881],[109.12168,-7.58881],[109.12168,-7.58907],[109.12168,-7.58908],[109.12168,-7.58916],[109.12177,-7.58916],[109.12187,-7.58916],[109.12205,-7.58916],[109.12205,-7.58917],[109.12204,-7.58917],[109.12177,-7.58917],[109.12168,-7.58917],[109.12168,-7.58953],[109.12132,-7.58953],[109.12132,-7.58998],[109.12087,-7.58998],[109.12086,-7.58998],[109.12086,-7.58952],[109.12087,-7.58952],[109.12131,-7.58952],[109.12131,-7.58907],[109.12132,-7.58907],[109.12132,-7.58862]],[[109.12946,-7.59182],[109.12991,-7.59182],[109.12991,-7.59137],[109.12946,-7.59137],[109.12946,-7.59182]],[[109.12991,-7.59227],[109.13036,-7.59227],[109.13036,-7.59183],[109.13036,-7.59182],[109.12991,-7.59182],[109.12991,-7.59227]],[[109.1263,-7.58955],[109.12586,-7.58955],[109.12585,-7.58955],[109.12585,-7.58999],[109.12585,-7.59],[109.1263,-7.59],[109.1263,-7.58955]],[[109.13003,-7.58595],[109.13003,-7.58594],[109.13003,-7.58577],[109.13039,-7.58577],[109.13039,-7.58559],[109.13057,-7.58559],[109.13057,-7.5855],[109.13057,-7.58523],[109.13039,-7.58523],[109.13022,-7.58523],[109.13022,-7.58505],[109.12994,-7.58505],[109.12985,-7.58505],[109.12985,-7.58523],[109.12967,-7.58523],[109.12967,-7.58549],[109.12967,-7.5855],[109.12967,-7.58558],[109.12985,-7.58558],[109.12985,-7.58559],[109.12967,-7.58559],[109.12967,-7.58577],[109.12966,-7.58577],[109.12966,-7.58594],[109.12966,-7.58595],[109.12966,-7.58613],[109.12994,-7.58613],[109.13003,-7.58613],[109.13003,-7.58595]],[[109.12368,-7.58791],[109.12359,-7.58791],[109.12332,-7.58791],[109.12332,-7.58818],[109.12332,-7.58827],[109.1235,-7.58827],[109.1235,-7.58845],[109.1235,-7.58863],[109.1235,-7.58881],[109.12358,-7.58881],[109.12359,-7.58881],[109.12386,-7.58881],[109.12386,-7.58863],[109.12404,-7.58863],[109.12404,-7.58845],[109.12404,-7.58818],[109.12404,-7.58791],[109.12368,-7.58791]],[[109.129,-7.59182],[109.12856,-7.59182],[109.12856,-7.59227],[109.129,-7.59227],[109.129,-7.59182]],[[109.13082,-7.59227],[109.13082,-7.59228],[109.13126,-7.59228],[109.13127,-7.59228],[109.13127,-7.59183],[109.13082,-7.59183],[109.13082,-7.59227]],[[109.1281,-7.59317],[109.1281,-7.59272],[109.12765,-7.59272],[109.12765,-7.59316],[109.12765,-7.59317],[109.12809,-7.59317],[109.1281,-7.59317]],[[109.12856,-7.59317],[109.129,-7.59317],[109.129,-7.59272],[109.12856,-7.59272],[109.12856,-7.59317]],[[109.12945,-7.59362],[109.12945,-7.59318],[109.12901,-7.59318],[109.12901,-7.59362],[109.12945,-7.59362]],[[109.13173,-7.59092],[109.13173,-7.59093],[109.13218,-7.59093],[109.13218,-7.59048],[109.13218,-7.59002],[109.13174,-7.59002],[109.13174,-7.59047],[109.13173,-7.59047],[109.13173,-7.59092]],[[109.12857,-7.5882],[109.12812,-7.5882],[109.12812,-7.58865],[109.12856,-7.58865],[109.12857,-7.58865],[109.12857,-7.5882]],[[109.12993,-7.5873],[109.12993,-7.58685],[109.12949,-7.58685],[109.12949,-7.5873],[109.12993,-7.5873]],[[109.12904,-7.58369],[109.12904,-7.58368],[109.12859,-7.58368],[109.12859,-7.58413],[109.12904,-7.58413],[109.12904,-7.58369]],[[109.12994,-7.58369],[109.1295,-7.58369],[109.12949,-7.58369],[109.12949,-7.58414],[109.12994,-7.58414],[109.12994,-7.58369]],[[109.12859,-7.58459],[109.12814,-7.58459],[109.12814,-7.58503],[109.12814,-7.58504],[109.12814,-7.58549],[109.12858,-7.58549],[109.12859,-7.58549],[109.12903,-7.58549],[109.12904,-7.58549],[109.12904,-7.58504],[109.12859,-7.58504],[109.12859,-7.58459]],[[109.13039,-7.58414],[109.12995,-7.58414],[109.12995,-7.58459],[109.13039,-7.58459],[109.13039,-7.58414]]],[[[109.12041,-7.58997],[109.11996,-7.58997],[109.11996,-7.58952],[109.12041,-7.58952],[109.12042,-7.58952],[109.12042,-7.58997],[109.12041,-7.58997]]],[[[109.11996,-7.58817],[109.11996,-7.58771],[109.12042,-7.58771],[109.12042,-7.58817],[109.11996,-7.58817]]],[[[109.12088,-7.58501],[109.12088,-7.585],[109.12134,-7.585],[109.12134,-7.58501],[109.12134,-7.58546],[109.12088,-7.58546],[109.12088,-7.58501]]],[[[109.11954,-7.58184],[109.11954,-7.58138],[109.11999,-7.58138],[109.12,-7.58138],[109.12,-7.58184],[109.11999,-7.58184],[109.11954,-7.58184]]],[[[109.121,-7.57778],[109.12127,-7.57774],[109.12128,-7.57774],[109.12129,-7.57774],[109.12129,-7.57773],[109.1213,-7.57773],[109.12138,-7.57772],[109.12138,-7.57778],[109.12129,-7.57778],[109.121,-7.57778]]],[[[109.12508,-7.66049],[109.12508,-7.66003],[109.12554,-7.66003],[109.12554,-7.66049],[109.12508,-7.66049]]],[[[109.1251,-7.65642],[109.12556,-7.65642],[109.12556,-7.65687],[109.1251,-7.65687],[109.1251,-7.65642]]],[[[109.12421,-7.65263],[109.12421,-7.6528],[109.12376,-7.6528],[109.12376,-7.65235],[109.12397,-7.65235],[109.12421,-7.65263]]],[[[109.1224,-7.65234],[109.12286,-7.65234],[109.12286,-7.65279],[109.1224,-7.65279],[109.1224,-7.65234]]],[[[109.12224,-7.65053],[109.12196,-7.65053],[109.12196,-7.65025],[109.12224,-7.65053]]],[[[109.1234,-7.62919],[109.1234,-7.62885],[109.12341,-7.62885],[109.12364,-7.62885],[109.12341,-7.62919],[109.1234,-7.62919]]],[[[109.12251,-7.62704],[109.12251,-7.62703],[109.12297,-7.62703],[109.12297,-7.62704],[109.12297,-7.62749],[109.12251,-7.62749],[109.12251,-7.62704]]],[[[109.12433,-7.62569],[109.12479,-7.62569],[109.12479,-7.62614],[109.12433,-7.62614],[109.12433,-7.62569]]],[[[109.124,-7.59767],[109.12446,-7.59767],[109.12446,-7.59773],[109.124,-7.59803],[109.124,-7.59767]]],[[[109.12309,-7.59676],[109.12355,-7.59676],[109.12355,-7.59722],[109.12309,-7.59722],[109.12309,-7.59676]]],[[[109.12446,-7.59496],[109.12492,-7.59496],[109.12492,-7.5953],[109.12492,-7.59541],[109.12492,-7.59542],[109.12446,-7.59542],[109.12446,-7.59541],[109.12446,-7.59525],[109.12446,-7.59496]]],[[[109.12492,-7.59338],[109.12492,-7.59316],[109.12492,-7.5927],[109.12498,-7.5927],[109.12538,-7.5927],[109.12538,-7.59316],[109.12538,-7.59361],[109.12583,-7.59361],[109.12583,-7.59406],[109.12583,-7.59451],[109.12583,-7.59452],[109.12537,-7.59452],[109.12537,-7.59451],[109.12492,-7.59451],[109.12447,-7.59451],[109.12402,-7.59451],[109.12402,-7.59406],[109.12402,-7.59405],[109.12447,-7.59405],[109.12447,-7.59406],[109.12492,-7.59406],[109.12492,-7.59365],[109.12492,-7.59361],[109.12492,-7.59338]],[[109.12536,-7.59393],[109.12537,-7.59395],[109.12537,-7.59394],[109.12536,-7.59393]]],[[[109.12266,-7.5936],[109.12312,-7.5936],[109.12312,-7.59405],[109.12312,-7.5945],[109.12266,-7.5945],[109.12266,-7.59405],[109.1222,-7.59405],[109.1222,-7.5936],[109.12266,-7.5936]]],[[[109.12312,-7.5927],[109.12312,-7.59315],[109.12267,-7.59315],[109.12266,-7.59315],[109.12221,-7.59315],[109.12221,-7.59269],[109.12221,-7.59224],[109.12221,-7.59179],[109.12221,-7.59134],[109.12222,-7.59134],[109.12267,-7.59134],[109.12267,-7.59179],[109.12267,-7.59224],[109.12267,-7.59269],[109.12311,-7.59269],[109.12311,-7.59225],[109.12311,-7.59224],[109.12311,-7.59179],[109.12312,-7.59179],[109.12357,-7.59179],[109.12357,-7.59224],[109.12357,-7.59225],[109.12357,-7.5927],[109.12312,-7.5927]]],[[[109.12447,-7.5918],[109.12447,-7.59135],[109.12482,-7.59135],[109.12493,-7.59135],[109.12493,-7.59142],[109.12493,-7.5918],[109.12447,-7.5918]]],[[[109.12314,-7.58637],[109.12315,-7.58637],[109.1236,-7.58637],[109.1236,-7.58682],[109.12315,-7.58682],[109.12314,-7.58682],[109.12276,-7.58682],[109.12269,-7.58682],[109.12269,-7.58662],[109.12269,-7.58637],[109.12314,-7.58637]]],[[[109.1245,-7.58638],[109.12495,-7.58638],[109.12495,-7.58683],[109.1245,-7.58683],[109.1245,-7.58638]]],[[[109.12178,-7.58636],[109.12224,-7.58636],[109.12224,-7.58682],[109.12178,-7.58682],[109.12178,-7.58636]]],[[[109.12206,-7.58501],[109.12225,-7.58501],[109.12225,-7.58546],[109.1227,-7.58546],[109.1227,-7.58592],[109.1225,-7.58592],[109.12224,-7.58592],[109.12224,-7.58548],[109.12224,-7.58547],[109.12224,-7.58546],[109.12223,-7.58546],[109.12179,-7.58546],[109.12179,-7.58501],[109.12206,-7.58501]]],[[[109.12452,-7.58141],[109.12452,-7.5814],[109.12498,-7.5814],[109.12498,-7.58096],[109.12498,-7.58095],[109.12498,-7.5805],[109.12543,-7.5805],[109.12543,-7.58005],[109.12544,-7.58005],[109.12589,-7.58005],[109.12589,-7.58006],[109.12634,-7.58006],[109.12634,-7.58051],[109.12589,-7.58051],[109.12589,-7.58096],[109.12589,-7.58141],[109.12588,-7.58141],[109.12544,-7.58141],[109.12543,-7.58141],[109.12543,-7.58186],[109.12498,-7.58186],[109.12498,-7.58231],[109.12498,-7.58276],[109.12543,-7.58276],[109.12543,-7.58322],[109.12588,-7.58322],[109.12588,-7.58367],[109.12588,-7.58412],[109.12633,-7.58412],[109.12633,-7.58458],[109.12632,-7.58458],[109.12632,-7.58503],[109.12678,-7.58503],[109.12678,-7.58548],[109.12632,-7.58548],[109.12586,-7.58548],[109.12586,-7.58503],[109.12586,-7.58457],[109.12587,-7.58457],[109.12587,-7.58412],[109.12542,-7.58412],[109.12542,-7.58367],[109.12496,-7.58367],[109.12496,-7.58322],[109.12451,-7.58322],[109.12451,-7.58321],[109.12451,-7.58276],[109.12452,-7.58276],[109.12452,-7.58231],[109.12452,-7.58186],[109.12452,-7.58141]]],[[[109.12406,-7.58366],[109.12452,-7.58366],[109.12452,-7.58412],[109.12406,-7.58412],[109.12406,-7.58366]]],[[[109.12316,-7.58095],[109.12362,-7.58095],[109.12362,-7.5814],[109.12316,-7.5814],[109.12316,-7.58095]]],[[[109.126,-7.65914],[109.126,-7.65913],[109.126,-7.65868],[109.12606,-7.65868],[109.12606,-7.65869],[109.12612,-7.65913],[109.12612,-7.65914],[109.126,-7.65914]]],[[[109.12569,-7.62479],[109.12569,-7.62434],[109.12615,-7.62434],[109.12615,-7.62479],[109.12569,-7.62479]]],[[[109.12797,-7.62261],[109.12797,-7.62254],[109.12801,-7.62254],[109.12797,-7.62261]]],[[[109.12843,-7.62119],[109.12843,-7.62162],[109.12842,-7.62164],[109.12797,-7.62164],[109.12797,-7.62119],[109.12797,-7.62118],[109.12843,-7.62118],[109.12843,-7.62119]]],[[[109.12797,-7.61938],[109.12798,-7.61938],[109.12798,-7.61893],[109.12798,-7.61892],[109.12844,-7.61892],[109.12844,-7.61893],[109.12844,-7.61938],[109.12843,-7.61938],[109.12843,-7.61983],[109.12798,-7.61983],[109.12797,-7.61983],[109.12797,-7.61938]]],[[[109.13442,-7.60512],[109.13438,-7.60498],[109.13437,-7.60495],[109.13437,-7.60495],[109.13424,-7.60449],[109.13438,-7.60449],[109.13438,-7.60404],[109.13484,-7.60404],[109.1353,-7.60404],[109.1353,-7.6045],[109.13484,-7.6045],[109.13484,-7.60494],[109.13484,-7.60495],[109.13484,-7.6054],[109.13529,-7.6054],[109.13529,-7.60546],[109.13529,-7.60557],[109.13529,-7.60585],[109.13529,-7.6063],[109.13574,-7.6063],[109.13574,-7.60631],[109.13574,-7.60676],[109.13537,-7.60676],[109.13528,-7.60676],[109.13528,-7.60653],[109.13528,-7.60631],[109.1352,-7.60631],[109.13511,-7.60631],[109.13489,-7.60631],[109.13484,-7.60616],[109.13483,-7.60616],[109.13471,-7.60585],[109.13483,-7.60585],[109.13483,-7.6054],[109.13454,-7.6054],[109.13453,-7.6054],[109.13442,-7.60512]]],[[[109.13619,-7.60541],[109.13619,-7.6054],[109.13665,-7.6054],[109.13665,-7.60541],[109.13665,-7.60586],[109.13619,-7.60586],[109.13619,-7.60541]]],[[[109.13684,-7.60441],[109.1371,-7.60441],[109.13711,-7.60441],[109.1372,-7.60441],[109.1372,-7.60405],[109.13756,-7.60405],[109.13756,-7.60423],[109.13774,-7.60423],[109.13774,-7.60424],[109.13756,-7.60424],[109.13738,-7.60424],[109.13738,-7.60442],[109.13737,-7.60442],[109.13711,-7.60442],[109.1371,-7.60442],[109.13701,-7.60442],[109.13701,-7.6045],[109.13701,-7.60451],[109.13665,-7.60451],[109.13665,-7.6045],[109.13665,-7.60423],[109.13683,-7.60423],[109.13684,-7.60423],[109.13684,-7.60441]]],[[[109.13683,-7.60387],[109.13666,-7.60387],[109.13665,-7.60387],[109.13665,-7.60405],[109.13621,-7.60405],[109.1362,-7.60405],[109.13575,-7.60405],[109.13575,-7.6036],[109.13529,-7.6036],[109.13529,-7.60314],[109.13543,-7.60314],[109.13554,-7.60314],[109.13575,-7.60314],[109.13575,-7.60283],[109.13575,-7.60281],[109.13575,-7.60269],[109.13575,-7.60224],[109.13531,-7.60224],[109.13531,-7.60269],[109.13485,-7.60269],[109.13485,-7.60224],[109.13485,-7.60179],[109.13485,-7.60178],[109.1344,-7.60178],[109.1344,-7.60133],[109.13485,-7.60133],[109.13486,-7.60133],[109.1353,-7.60133],[109.13531,-7.60133],[109.13531,-7.60088],[109.13576,-7.60088],[109.13576,-7.60043],[109.13576,-7.60012],[109.13597,-7.60005],[109.13596,-7.60003],[109.13576,-7.60011],[109.13576,-7.59998],[109.13576,-7.59953],[109.13576,-7.59908],[109.13577,-7.59908],[109.13621,-7.59908],[109.13622,-7.59908],[109.13622,-7.59863],[109.13668,-7.59863],[109.13668,-7.59908],[109.13667,-7.59908],[109.13667,-7.59927],[109.13667,-7.59937],[109.13667,-7.59953],[109.13667,-7.59998],[109.13622,-7.59998],[109.13622,-7.60026],[109.13622,-7.60037],[109.13622,-7.60043],[109.13622,-7.60088],[109.13622,-7.60089],[109.13664,-7.60089],[109.13666,-7.60089],[109.13667,-7.60089],[109.13682,-7.60089],[109.13711,-7.60089],[109.13712,-7.60089],[109.13756,-7.60089],[109.13757,-7.60089],[109.13757,-7.60044],[109.13712,-7.60044],[109.13712,-7.59999],[109.13758,-7.59999],[109.13758,-7.60044],[109.13802,-7.60044],[109.13802,-7.59999],[109.13848,-7.59999],[109.13893,-7.59999],[109.13893,-7.59954],[109.13849,-7.59954],[109.13848,-7.59954],[109.13803,-7.59954],[109.13803,-7.59909],[109.13848,-7.59909],[109.13849,-7.59909],[109.13849,-7.59864],[109.13804,-7.59864],[109.13803,-7.59864],[109.13758,-7.59864],[109.13758,-7.59863],[109.13758,-7.59818],[109.13758,-7.59773],[109.13759,-7.59773],[109.13759,-7.59728],[109.13759,-7.59683],[109.13759,-7.59682],[109.13805,-7.59682],[109.13805,-7.59683],[109.1385,-7.59683],[109.1385,-7.59728],[109.1385,-7.59773],[109.13894,-7.59773],[109.13895,-7.59773],[109.1394,-7.59773],[109.1394,-7.59774],[109.13985,-7.59774],[109.13985,-7.59729],[109.1403,-7.59729],[109.1403,-7.59684],[109.13985,-7.59684],[109.13985,-7.59638],[109.1403,-7.59638],[109.1403,-7.59593],[109.14076,-7.59593],[109.14122,-7.59593],[109.14122,-7.59594],[109.14122,-7.59639],[109.14122,-7.59684],[109.14166,-7.59684],[109.14166,-7.59639],[109.14166,-7.59594],[109.14167,-7.59594],[109.14167,-7.59549],[109.14192,-7.59549],[109.14201,-7.59594],[109.1421,-7.59639],[109.14212,-7.59649],[109.14212,-7.59684],[109.14212,-7.59685],[109.14212,-7.59729],[109.14212,-7.5973],[109.14212,-7.59775],[109.14212,-7.5982],[109.14211,-7.5982],[109.14211,-7.59865],[109.14166,-7.59865],[109.14165,-7.59865],[109.14121,-7.59865],[109.1412,-7.59865],[109.14076,-7.59865],[109.14075,-7.59865],[109.14031,-7.59865],[109.14031,-7.5991],[109.14075,-7.5991],[109.14076,-7.5991],[109.1412,-7.5991],[109.14121,-7.5991],[109.14121,-7.59955],[109.14165,-7.59955],[109.14166,-7.59955],[109.14166,-7.60001],[109.1421,-7.60001],[109.14211,-7.60001],[109.14211,-7.60046],[109.1421,-7.60046],[109.14166,-7.60046],[109.14166,-7.60091],[109.14165,-7.60091],[109.1412,-7.60091],[109.1412,-7.60136],[109.1412,-7.60181],[109.14164,-7.60181],[109.14165,-7.60181],[109.1421,-7.60181],[109.1421,-7.60227],[109.14165,-7.60227],[109.14165,-7.60272],[109.14119,-7.60272],[109.14074,-7.60272],[109.14074,-7.60316],[109.14074,-7.60317],[109.14073,-7.60317],[109.14073,-7.60362],[109.14028,-7.60362],[109.14028,-7.60406],[109.14028,-7.60407],[109.14073,-7.60407],[109.14073,-7.60452],[109.14118,-7.60452],[109.14118,-7.60497],[109.14118,-7.60542],[109.14118,-7.60543],[109.14118,-7.60588],[109.14117,-7.60588],[109.14072,-7.60588],[109.14072,-7.60608],[109.14072,-7.60615],[109.14072,-7.60633],[109.14072,-7.60678],[109.14072,-7.60717],[109.14069,-7.60723],[109.14026,-7.60723],[109.14026,-7.60678],[109.13981,-7.60678],[109.13981,-7.60633],[109.13981,-7.60632],[109.13954,-7.60632],[109.13954,-7.60623],[109.13972,-7.60623],[109.13972,-7.60587],[109.13981,-7.60587],[109.13982,-7.60587],[109.13991,-7.60587],[109.14007,-7.60587],[109.14027,-7.60587],[109.14072,-7.60587],[109.14072,-7.60543],[109.14072,-7.60542],[109.14072,-7.60497],[109.14072,-7.60452],[109.14028,-7.60452],[109.14027,-7.60452],[109.14027,-7.60497],[109.13982,-7.60497],[109.13982,-7.60533],[109.13955,-7.60533],[109.13937,-7.60533],[109.13919,-7.60533],[109.13919,-7.60542],[109.13919,-7.60551],[109.13918,-7.60551],[109.13918,-7.60542],[109.13918,-7.60533],[109.13901,-7.60533],[109.139,-7.60533],[109.13892,-7.60533],[109.13891,-7.60533],[109.13864,-7.60533],[109.13864,-7.60497],[109.13864,-7.60496],[109.13891,-7.60496],[109.13892,-7.60496],[109.139,-7.60496],[109.139,-7.60478],[109.13901,-7.60478],[109.13919,-7.60478],[109.13919,-7.6046],[109.13937,-7.6046],[109.13937,-7.60452],[109.13937,-7.60451],[109.13937,-7.60425],[109.13919,-7.60424],[109.13937,-7.60424],[109.13955,-7.60424],[109.13955,-7.60407],[109.13955,-7.60406],[109.13955,-7.60388],[109.13937,-7.60388],[109.13919,-7.60388],[109.13919,-7.6037],[109.13919,-7.60361],[109.13919,-7.60352],[109.13937,-7.60352],[109.13937,-7.60316],[109.13937,-7.60298],[109.13901,-7.60298],[109.13892,-7.60298],[109.13865,-7.60298],[109.13865,-7.60315],[109.13865,-7.60316],[109.13847,-7.60316],[109.13847,-7.60315],[109.13847,-7.60298],[109.13829,-7.60298],[109.13829,-7.60297],[109.13829,-7.60279],[109.13802,-7.60279],[109.13801,-7.60279],[109.13801,-7.6027],[109.13757,-7.6027],[109.13757,-7.60297],[109.13756,-7.60297],[109.13756,-7.60315],[109.13739,-7.60315],[109.13739,-7.60333],[109.13738,-7.60333],[109.13738,-7.60347],[109.13738,-7.60356],[109.13738,-7.6036],[109.13712,-7.6036],[109.13711,-7.6036],[109.13711,-7.60369],[109.13684,-7.60369],[109.13684,-7.60387],[109.13683,-7.60387]],[[109.13621,-7.60269],[109.13666,-7.60269],[109.13666,-7.60243],[109.13666,-7.60234],[109.13666,-7.60225],[109.13666,-7.60224],[109.13622,-7.60224],[109.13621,-7.60224],[109.13621,-7.60247],[109.13621,-7.6025],[109.13621,-7.60269]],[[109.13727,-7.60104],[109.13722,-7.6011],[109.13726,-7.60114],[109.13735,-7.60116],[109.13729,-7.60097],[109.13727,-7.60102],[109.13727,-7.60103],[109.13727,-7.60104]],[[109.14119,-7.60226],[109.14119,-7.60181],[109.14074,-7.60181],[109.14074,-7.60226],[109.14119,-7.60226]],[[109.13938,-7.60298],[109.13938,-7.60316],[109.13938,-7.60352],[109.13973,-7.60352],[109.13982,-7.60352],[109.13983,-7.60352],[109.1401,-7.60352],[109.1401,-7.60316],[109.1401,-7.60298],[109.13983,-7.60298],[109.13982,-7.60298],[109.13974,-7.60298],[109.13938,-7.60298]],[[109.14165,-7.60001],[109.1412,-7.60001],[109.1412,-7.60045],[109.1412,-7.60046],[109.14165,-7.60046],[109.14165,-7.60001]],[[109.13893,-7.6009],[109.13938,-7.6009],[109.13938,-7.60045],[109.13894,-7.60045],[109.13893,-7.60045],[109.13893,-7.6009]],[[109.1394,-7.59909],[109.13984,-7.59909],[109.13985,-7.59909],[109.13985,-7.59864],[109.1394,-7.59864],[109.1394,-7.59909]]],[[[109.13358,-7.60223],[109.13359,-7.60223],[109.13394,-7.60223],[109.13394,-7.60178],[109.1344,-7.60178],[109.1344,-7.60223],[109.1344,-7.60269],[109.13394,-7.60269],[109.13394,-7.60268],[109.13377,-7.60268],[109.13358,-7.60223]]],[[[109.13305,-7.59952],[109.13351,-7.59952],[109.13351,-7.59997],[109.13305,-7.59997],[109.13305,-7.59952]]],[[[109.13204,-7.59951],[109.13215,-7.59951],[109.13215,-7.59963],[109.1321,-7.59956],[109.13204,-7.59951]]],[[[109.13486,-7.59908],[109.13486,-7.59907],[109.13486,-7.59862],[109.13532,-7.59862],[109.13532,-7.59907],[109.13532,-7.59908],[109.13486,-7.59908]]],[[[109.12943,-7.59769],[109.12943,-7.59783],[109.12914,-7.59769],[109.12943,-7.59769]]],[[[109.12819,-7.59724],[109.12853,-7.59724],[109.12853,-7.5974],[109.12827,-7.59727],[109.12819,-7.59724]]],[[[109.13577,-7.59682],[109.13623,-7.59682],[109.13623,-7.59727],[109.13577,-7.59727],[109.13577,-7.59682]]],[[[109.13261,-7.5968],[109.13261,-7.59726],[109.13215,-7.59726],[109.13215,-7.5968],[109.13216,-7.5968],[109.13216,-7.59635],[109.13261,-7.59635],[109.13261,-7.5968]]],[[[109.13579,-7.59546],[109.13624,-7.59546],[109.13624,-7.59592],[109.13669,-7.59592],[109.13669,-7.59637],[109.13623,-7.59637],[109.13623,-7.59592],[109.13578,-7.59592],[109.13578,-7.59546],[109.13533,-7.59546],[109.13533,-7.59501],[109.13533,-7.59456],[109.13579,-7.59456],[109.13579,-7.59501],[109.13579,-7.59546]]],[[[109.12898,-7.59588],[109.12944,-7.59588],[109.12944,-7.59634],[109.12898,-7.59634],[109.12898,-7.59588]]],[[[109.13125,-7.59544],[109.13171,-7.59544],[109.13171,-7.5959],[109.13125,-7.5959],[109.13125,-7.59544]]],[[[109.12672,-7.59542],[109.12718,-7.59542],[109.12718,-7.59497],[109.12764,-7.59497],[109.12764,-7.59543],[109.12718,-7.59543],[109.12718,-7.59588],[109.12672,-7.59588],[109.12672,-7.59542]]],[[[109.13035,-7.59499],[109.13081,-7.59499],[109.13081,-7.59544],[109.13035,-7.59544],[109.13035,-7.59499]]],[[[109.13126,-7.59454],[109.13126,-7.59409],[109.13171,-7.59409],[109.13171,-7.59454],[109.13171,-7.59499],[109.13126,-7.59499],[109.13126,-7.59454]]],[[[109.13534,-7.59365],[109.1358,-7.59365],[109.1358,-7.59411],[109.13534,-7.59411],[109.13534,-7.59365]]],[[[109.13625,-7.59095],[109.13625,-7.59094],[109.13671,-7.59094],[109.13671,-7.59095],[109.13671,-7.5914],[109.13625,-7.5914],[109.13625,-7.59095]]],[[[109.12629,-7.5909],[109.12675,-7.5909],[109.12675,-7.59136],[109.12629,-7.59136],[109.12629,-7.5909]]],[[[109.13309,-7.58913],[109.13309,-7.58867],[109.13355,-7.58867],[109.13355,-7.58913],[109.13309,-7.58913]]],[[[109.13128,-7.58866],[109.13174,-7.58866],[109.13174,-7.58912],[109.13128,-7.58912],[109.13128,-7.58866]]],[[[109.13447,-7.58507],[109.13447,-7.58506],[109.13447,-7.58461],[109.13493,-7.58461],[109.13493,-7.58506],[109.13493,-7.58507],[109.13447,-7.58507]]],[[[109.13538,-7.58507],[109.13538,-7.58462],[109.13538,-7.58461],[109.13583,-7.58461],[109.13583,-7.58462],[109.13583,-7.58507],[109.13538,-7.58507]]],[[[109.13175,-7.5846],[109.1313,-7.5846],[109.1313,-7.58415],[109.13176,-7.58415],[109.13176,-7.5846],[109.13221,-7.5846],[109.13221,-7.58505],[109.13175,-7.58505],[109.13175,-7.5846]]],[[[109.13719,-7.58417],[109.13719,-7.58462],[109.13674,-7.58462],[109.13673,-7.58462],[109.13628,-7.58462],[109.13628,-7.58417],[109.13673,-7.58417],[109.13674,-7.58417],[109.13719,-7.58417]]],[[[109.13447,-7.58416],[109.13447,-7.58371],[109.13448,-7.58371],[109.13493,-7.58371],[109.13493,-7.58416],[109.13448,-7.58416],[109.13447,-7.58416]]],[[[109.13583,-7.58281],[109.13629,-7.58281],[109.13675,-7.58281],[109.13675,-7.58326],[109.13675,-7.58327],[109.13629,-7.58327],[109.13629,-7.58326],[109.13583,-7.58326],[109.13583,-7.58281]]],[[[109.13493,-7.58235],[109.13448,-7.58235],[109.13448,-7.5819],[109.13403,-7.5819],[109.13403,-7.58145],[109.13448,-7.58145],[109.13449,-7.58145],[109.13494,-7.58145],[109.13494,-7.5819],[109.13539,-7.5819],[109.13539,-7.58236],[109.13493,-7.58236],[109.13493,-7.58235]]],[[[109.13629,-7.58146],[109.13675,-7.58146],[109.13675,-7.58191],[109.13629,-7.58191],[109.13629,-7.58146]]],[[[109.13404,-7.581],[109.13403,-7.581],[109.13403,-7.58145],[109.13358,-7.58145],[109.13357,-7.58145],[109.13357,-7.58099],[109.13358,-7.58099],[109.13358,-7.58054],[109.13404,-7.58054],[109.13404,-7.58099],[109.13404,-7.581]]],[[[109.12679,-7.57942],[109.1268,-7.57942],[109.1268,-7.57916],[109.1268,-7.57889],[109.12679,-7.57889],[109.12644,-7.57889],[109.12644,-7.57915],[109.12644,-7.57916],[109.12644,-7.57925],[109.12643,-7.57925],[109.12643,-7.57916],[109.12643,-7.57915],[109.12643,-7.57907],[109.12634,-7.57907],[109.12634,-7.57906],[109.12634,-7.5787],[109.12679,-7.5787],[109.1268,-7.5787],[109.12725,-7.5787],[109.12725,-7.57916],[109.12725,-7.57961],[109.12725,-7.58006],[109.12725,-7.58051],[109.12679,-7.58051],[109.12679,-7.58006],[109.12634,-7.58006],[109.12634,-7.57978],[109.12643,-7.57978],[109.12643,-7.57961],[109.12643,-7.5796],[109.12661,-7.5796],[109.12661,-7.57942],[109.12662,-7.57942],[109.12679,-7.57942]]],[[[109.12607,-7.57915],[109.12607,-7.57961],[109.12589,-7.57961],[109.12589,-7.57915],[109.12607,-7.57915]]],[[[109.1345,-7.57829],[109.1345,-7.57783],[109.13496,-7.57783],[109.13496,-7.57829],[109.1345,-7.57829]]],[[[109.13224,-7.57647],[109.1327,-7.57647],[109.1327,-7.57692],[109.13224,-7.57692],[109.13224,-7.57647]]],[[[109.13905,-7.60899],[109.13905,-7.609],[109.13907,-7.60903],[109.1389,-7.60903],[109.13889,-7.60903],[109.13887,-7.60903],[109.13889,-7.60902],[109.13889,-7.60902],[109.13899,-7.60898],[109.139,-7.60898],[109.13901,-7.60898],[109.13902,-7.60898],[109.13903,-7.60898],[109.13904,-7.60898],[109.13904,-7.60899],[109.13905,-7.60899]]],[[[109.13742,-7.60895],[109.13708,-7.60883],[109.13708,-7.60875],[109.13708,-7.60873],[109.13708,-7.60857],[109.13709,-7.60857],[109.13753,-7.60857],[109.13754,-7.60857],[109.13788,-7.60857],[109.13797,-7.60857],[109.13799,-7.60857],[109.13799,-7.60858],[109.13844,-7.60858],[109.13844,-7.60813],[109.1389,-7.60813],[109.13935,-7.60813],[109.13935,-7.60768],[109.13981,-7.60768],[109.13981,-7.60813],[109.13981,-7.60852],[109.13974,-7.60858],[109.13936,-7.60858],[109.13935,-7.60858],[109.13935,-7.60889],[109.13914,-7.60903],[109.13914,-7.60902],[109.13913,-7.60897],[109.13912,-7.60896],[109.13912,-7.60895],[109.13913,-7.60894],[109.13913,-7.60893],[109.13914,-7.60892],[109.13915,-7.60891],[109.13934,-7.60883],[109.13921,-7.60886],[109.13899,-7.60894],[109.13898,-7.60894],[109.13897,-7.60894],[109.1389,-7.60894],[109.13882,-7.60895],[109.13873,-7.60899],[109.13872,-7.60899],[109.13872,-7.609],[109.13871,-7.609],[109.13858,-7.609],[109.1388,-7.60903],[109.13845,-7.60903],[109.13844,-7.60903],[109.13816,-7.60903],[109.13799,-7.60903],[109.13792,-7.60903],[109.13791,-7.60903],[109.1379,-7.60903],[109.13776,-7.60903],[109.13754,-7.60898],[109.13753,-7.60898],[109.13753,-7.60898],[109.13742,-7.60895]]],[[[109.13708,-7.60812],[109.13708,-7.60767],[109.13709,-7.60767],[109.13754,-7.60767],[109.13754,-7.60812],[109.13709,-7.60812],[109.13708,-7.60812]]],[[[109.13754,-7.60722],[109.138,-7.60722],[109.138,-7.60767],[109.13754,-7.60767],[109.13754,-7.60722]]],[[[109.13709,-7.60631],[109.13755,-7.60631],[109.13755,-7.60587],[109.13755,-7.60586],[109.13755,-7.6055],[109.13774,-7.6055],[109.13792,-7.6055],[109.13792,-7.60586],[109.138,-7.60586],[109.13801,-7.60586],[109.13809,-7.60586],[109.13828,-7.60586],[109.13828,-7.60587],[109.13845,-7.60587],[109.13846,-7.60587],[109.13847,-7.60587],[109.13855,-7.60587],[109.13864,-7.60587],[109.13882,-7.60587],[109.13882,-7.60605],[109.13882,-7.60632],[109.13882,-7.60659],[109.13891,-7.60659],[109.13891,-7.60677],[109.13845,-7.60677],[109.13845,-7.60632],[109.13837,-7.60632],[109.13801,-7.60632],[109.138,-7.60632],[109.13755,-7.60632],[109.13755,-7.60677],[109.13709,-7.60677],[109.13709,-7.60631]]],[[[109.13801,-7.60424],[109.13802,-7.60424],[109.1381,-7.60424],[109.13846,-7.60424],[109.13846,-7.60406],[109.13847,-7.60406],[109.13847,-7.60424],[109.13864,-7.60424],[109.13864,-7.60451],[109.13864,-7.6046],[109.13847,-7.6046],[109.13846,-7.6046],[109.13846,-7.60478],[109.1381,-7.60478],[109.1381,-7.60496],[109.13801,-7.60496],[109.13774,-7.60496],[109.13774,-7.60514],[109.13755,-7.60514],[109.13755,-7.60496],[109.13756,-7.60496],[109.13756,-7.60478],[109.13774,-7.60478],[109.13774,-7.6046],[109.13792,-7.6046],[109.13792,-7.60451],[109.13792,-7.60429],[109.13792,-7.60424],[109.13801,-7.60424]]],[[[109.13719,-7.60478],[109.13719,-7.60496],[109.1371,-7.60496],[109.1371,-7.60478],[109.13719,-7.60478]]],[[[109.14163,-7.60317],[109.14201,-7.60317],[109.14187,-7.60362],[109.14163,-7.60362],[109.14163,-7.60317]]],[[[109.1421,-7.60091],[109.1424,-7.60091],[109.14237,-7.60136],[109.14237,-7.60137],[109.1421,-7.60137],[109.1421,-7.60136],[109.1421,-7.60091]]],[[[109.14243,-7.59956],[109.14211,-7.59956],[109.1421,-7.59956],[109.1421,-7.5991],[109.14211,-7.5991],[109.14242,-7.5991],[109.14242,-7.59913],[109.14243,-7.59956]]],[[[109.13986,-7.59548],[109.13986,-7.59583],[109.13986,-7.59585],[109.13986,-7.59593],[109.1394,-7.59593],[109.1394,-7.59579],[109.1394,-7.59577],[109.1394,-7.59548],[109.13986,-7.59548]]],[[[109.14076,-7.59549],[109.14076,-7.59548],[109.14076,-7.59503],[109.14122,-7.59503],[109.14122,-7.59548],[109.14122,-7.59549],[109.14076,-7.59549]]],[[[109.13942,-7.59367],[109.13942,-7.59412],[109.13896,-7.59412],[109.13851,-7.59412],[109.1385,-7.59412],[109.13805,-7.59412],[109.13805,-7.59366],[109.13851,-7.59366],[109.13851,-7.59367],[109.13896,-7.59367],[109.13942,-7.59367]]],[[[109.13987,-7.59232],[109.13987,-7.59186],[109.14033,-7.59186],[109.14033,-7.59187],[109.14079,-7.59187],[109.14079,-7.59232],[109.14078,-7.59232],[109.14078,-7.59277],[109.14033,-7.59277],[109.14033,-7.59322],[109.14078,-7.59322],[109.14078,-7.59368],[109.14032,-7.59368],[109.14032,-7.59322],[109.13987,-7.59322],[109.13987,-7.59277],[109.13987,-7.59232]]],[[[109.13988,-7.58961],[109.13988,-7.5896],[109.13988,-7.58916],[109.13988,-7.58915],[109.13988,-7.5887],[109.13989,-7.5887],[109.14034,-7.5887],[109.14079,-7.5887],[109.1408,-7.5887],[109.14125,-7.5887],[109.14125,-7.58871],[109.1417,-7.58871],[109.1417,-7.58916],[109.14125,-7.58916],[109.14124,-7.58916],[109.1408,-7.58916],[109.14079,-7.58916],[109.14079,-7.58961],[109.14079,-7.59006],[109.14124,-7.59006],[109.14124,-7.59051],[109.14124,-7.59052],[109.14079,-7.59052],[109.14079,-7.59096],[109.14079,-7.59097],[109.14034,-7.59097],[109.14034,-7.59141],[109.14034,-7.59142],[109.14033,-7.59142],[109.13988,-7.59142],[109.13988,-7.59141],[109.13988,-7.59096],[109.14033,-7.59096],[109.14033,-7.59051],[109.14078,-7.59051],[109.14078,-7.59006],[109.14034,-7.59006],[109.14033,-7.59006],[109.13989,-7.59006],[109.13988,-7.59006],[109.13988,-7.58961]]],[[[109.13672,-7.58869],[109.13672,-7.58824],[109.13718,-7.58824],[109.13718,-7.58869],[109.13672,-7.58869]]],[[[109.13763,-7.58824],[109.13763,-7.58779],[109.13808,-7.58779],[109.13809,-7.58779],[109.13809,-7.58824],[109.13808,-7.58824],[109.13763,-7.58824]]],[[[109.13989,-7.58689],[109.13944,-7.58689],[109.13944,-7.58644],[109.13944,-7.58635],[109.13944,-7.58626],[109.13944,-7.58599],[109.139,-7.58599],[109.139,-7.58615],[109.139,-7.58624],[109.139,-7.58644],[109.13854,-7.58644],[109.13854,-7.58612],[109.13854,-7.58603],[109.13854,-7.58599],[109.13854,-7.58598],[109.13832,-7.58598],[109.13829,-7.58598],[109.13808,-7.58598],[109.13808,-7.58572],[109.13808,-7.58553],[109.13809,-7.58553],[109.13809,-7.58508],[109.13809,-7.58463],[109.13791,-7.58463],[109.1379,-7.58461],[109.1379,-7.58463],[109.13764,-7.58463],[109.13764,-7.58417],[109.13781,-7.58417],[109.1379,-7.58417],[109.1381,-7.58417],[109.1381,-7.58463],[109.13854,-7.58463],[109.13855,-7.58463],[109.139,-7.58463],[109.139,-7.58418],[109.13855,-7.58418],[109.13855,-7.58373],[109.13855,-7.58372],[109.13901,-7.58372],[109.13901,-7.58328],[109.13901,-7.58327],[109.13946,-7.58327],[109.13946,-7.58283],[109.13946,-7.58282],[109.13991,-7.58282],[109.13991,-7.58238],[109.13991,-7.58237],[109.13992,-7.58237],[109.14037,-7.58237],[109.14037,-7.58238],[109.14081,-7.58238],[109.14082,-7.58238],[109.14082,-7.58193],[109.14037,-7.58193],[109.14037,-7.58148],[109.14037,-7.58147],[109.14037,-7.58102],[109.14037,-7.58057],[109.14082,-7.58057],[109.14083,-7.58057],[109.14083,-7.58012],[109.14129,-7.58012],[109.14129,-7.58057],[109.14128,-7.58057],[109.14128,-7.58102],[109.14174,-7.58102],[109.14174,-7.58103],[109.14218,-7.58103],[109.14219,-7.58103],[109.14264,-7.58103],[109.14264,-7.58148],[109.14309,-7.58148],[109.14309,-7.58194],[109.14264,-7.58194],[109.14264,-7.58239],[109.14218,-7.58239],[109.14173,-7.58239],[109.14173,-7.58283],[109.14173,-7.58284],[109.14127,-7.58284],[109.14127,-7.58328],[109.14172,-7.58328],[109.14172,-7.58329],[109.14172,-7.58374],[109.14172,-7.58419],[109.14172,-7.58464],[109.14217,-7.58464],[109.14217,-7.58419],[109.1423,-7.58419],[109.14222,-7.58465],[109.14217,-7.58465],[109.14217,-7.58504],[109.14217,-7.5851],[109.14172,-7.5851],[109.14172,-7.58554],[109.14172,-7.58555],[109.14172,-7.586],[109.14127,-7.586],[109.14126,-7.586],[109.14126,-7.58645],[109.14126,-7.5869],[109.14171,-7.5869],[109.14171,-7.58735],[109.14125,-7.58735],[109.14125,-7.5869],[109.14081,-7.5869],[109.1408,-7.5869],[109.14057,-7.5869],[109.14048,-7.5869],[109.14035,-7.5869],[109.14035,-7.58735],[109.13989,-7.58735],[109.13989,-7.58689]],[[109.14035,-7.58509],[109.14036,-7.58509],[109.14036,-7.58464],[109.14036,-7.58419],[109.14036,-7.58418],[109.14082,-7.58418],[109.14082,-7.58419],[109.14127,-7.58419],[109.14127,-7.58374],[109.14082,-7.58374],[109.14081,-7.58374],[109.14037,-7.58374],[109.14036,-7.58374],[109.14036,-7.58373],[109.14036,-7.58328],[109.14036,-7.58283],[109.13992,-7.58283],[109.13992,-7.58328],[109.13947,-7.58328],[109.13947,-7.58373],[109.13992,-7.58373],[109.13992,-7.58418],[109.13991,-7.58418],[109.13991,-7.58463],[109.13991,-7.58464],[109.13991,-7.58508],[109.13991,-7.58509],[109.14035,-7.58509]],[[109.14036,-7.58599],[109.14035,-7.58599],[109.13991,-7.58599],[109.1399,-7.58599],[109.1399,-7.58636],[109.1399,-7.58644],[109.1399,-7.58645],[109.1399,-7.58689],[109.14035,-7.58689],[109.14035,-7.5865],[109.14035,-7.58644],[109.14055,-7.58644],[109.1408,-7.58644],[109.1408,-7.58599],[109.14036,-7.58599]],[[109.13815,-7.58581],[109.13812,-7.58577],[109.13813,-7.58582],[109.13815,-7.58581]]],[[[109.14205,-7.58645],[109.14201,-7.5869],[109.14171,-7.5869],[109.14171,-7.58645],[109.14205,-7.58645]]],[[[109.14258,-7.58329],[109.14259,-7.58329],[109.14247,-7.58356],[109.14242,-7.58374],[109.14217,-7.58374],[109.14217,-7.58329],[109.14258,-7.58329]]],[[[109.13675,-7.58101],[109.13721,-7.58101],[109.13721,-7.58146],[109.13675,-7.58146],[109.13675,-7.58101]]],[[[109.14445,-7.58058],[109.14446,-7.58058],[109.14446,-7.58059],[109.14446,-7.58104],[109.14445,-7.58104],[109.144,-7.58104],[109.144,-7.58059],[109.144,-7.58058],[109.14445,-7.58058]]],[[[109.13931,-7.58056],[109.13947,-7.58056],[109.13947,-7.58102],[109.13933,-7.58102],[109.13942,-7.58061],[109.13931,-7.58056]]],[[[109.14019,-7.5799],[109.14038,-7.57984],[109.14038,-7.58012],[109.13992,-7.58012],[109.13992,-7.58002],[109.13993,-7.58002],[109.13994,-7.58001],[109.14004,-7.57997],[109.14019,-7.5799]]],[[[109.14627,-7.57879],[109.14627,-7.57847],[109.14673,-7.57848],[109.14673,-7.57879],[109.14673,-7.57924],[109.14718,-7.57924],[109.14718,-7.57942],[109.14713,-7.57944],[109.14673,-7.57967],[109.14673,-7.57968],[109.1467,-7.57969],[109.14671,-7.57969],[109.14648,-7.57982],[109.14672,-7.57969],[109.14699,-7.57955],[109.14675,-7.5797],[109.14672,-7.5797],[109.14672,-7.57971],[109.14672,-7.57972],[109.14627,-7.57998],[109.14627,-7.57999],[109.14601,-7.58014],[109.14581,-7.58014],[109.14581,-7.57969],[109.14536,-7.57969],[109.14536,-7.57924],[109.14536,-7.57923],[109.14582,-7.57923],[109.14582,-7.57924],[109.14582,-7.57969],[109.14626,-7.57969],[109.14627,-7.57969],[109.14627,-7.57924],[109.14627,-7.57879]]],[[[109.144,-7.57968],[109.144,-7.57923],[109.14445,-7.57923],[109.14445,-7.57878],[109.14446,-7.57878],[109.14491,-7.57878],[109.14491,-7.57923],[109.14446,-7.57923],[109.14446,-7.57968],[109.144,-7.57968]]],[[[109.1422,-7.57867],[109.14264,-7.57864],[109.14265,-7.57864],[109.14311,-7.57862],[109.14311,-7.57877],[109.14355,-7.57877],[109.14356,-7.57877],[109.14356,-7.57923],[109.14355,-7.57923],[109.14311,-7.57923],[109.1431,-7.57923],[109.14265,-7.57923],[109.14265,-7.57922],[109.1422,-7.57922],[109.1422,-7.57877],[109.1422,-7.57867]]],[[[109.14809,-7.57852],[109.1485,-7.57853],[109.14851,-7.57853],[109.14852,-7.57853],[109.14852,-7.57854],[109.14854,-7.57855],[109.14854,-7.57866],[109.14829,-7.5788],[109.14808,-7.57892],[109.14808,-7.57891],[109.14808,-7.5788],[109.14763,-7.5788],[109.14763,-7.57879],[109.14718,-7.57879],[109.14718,-7.57849],[109.14764,-7.57851],[109.14764,-7.57851],[109.14809,-7.57852],[109.14809,-7.57852]]],[[[109.14577,-7.57845],[109.14582,-7.57846],[109.14582,-7.57879],[109.14536,-7.57879],[109.14536,-7.57878],[109.14491,-7.57878],[109.14491,-7.57851],[109.14536,-7.57848],[109.14536,-7.57848],[109.14577,-7.57845]]]]}}]}