{"type":"FeatureCollection","district":"PATIMUAN","features":[{"type":"Feature","properties":{"d":"PATIMUAN","net":"FWA-IndoorOutdoor"},"geometry":{"type":"MultiPolygon","coordinates":[[[[108.75295,-7.6334],[108.75295,-7.63386],[108.75249,-7.63386],[108.75249,-7.6334],[108.75295,-7.6334]]],[[[108.75253,-7.62708],[108.75208,-7.62708],[108.75207,-7.62708],[108.75207,-7.62662],[108.75163,-7.62662],[108.75162,-7.62662],[108.75162,-7.62617],[108.75163,-7.62617],[108.75208,-7.62617],[108.75208,-7.62662],[108.75253,-7.62662],[108.75253,-7.62708]]],[[[108.75209,-7.62527],[108.75163,-7.62527],[108.75163,-7.62492],[108.75163,-7.62482],[108.75163,-7.62481],[108.75209,-7.62481],[108.75209,-7.62482],[108.75209,-7.62485],[108.75209,-7.62527]]],[[[108.75255,-7.62346],[108.75255,-7.62301],[108.75301,-7.62301],[108.75301,-7.62256],[108.75256,-7.62256],[108.75256,-7.62211],[108.75256,-7.62166],[108.75256,-7.62121],[108.75301,-7.62121],[108.75301,-7.62076],[108.75301,-7.6203],[108.75256,-7.6203],[108.75256,-7.61985],[108.75302,-7.61985],[108.75302,-7.6203],[108.75347,-7.6203],[108.75347,-7.61986],[108.75347,-7.61985],[108.75347,-7.6194],[108.75393,-7.6194],[108.75393,-7.61896],[108.75393,-7.61895],[108.75348,-7.61895],[108.75348,-7.6185],[108.75348,-7.61805],[108.75349,-7.61805],[108.75349,-7.6176],[108.75304,-7.6176],[108.75304,-7.61805],[108.75258,-7.61805],[108.75258,-7.61759],[108.75304,-7.61759],[108.75304,-7.61714],[108.75259,-7.61714],[108.75258,-7.61714],[108.75214,-7.61714],[108.75213,-7.61714],[108.75168,-7.61714],[108.75123,-7.61714],[108.75123,-7.61758],[108.75168,-7.61758],[108.75168,-7.61759],[108.75168,-7.61804],[108.75122,-7.61804],[108.75122,-7.61759],[108.75122,-7.61758],[108.75077,-7.61758],[108.75032,-7.61758],[108.75032,-7.61803],[108.74986,-7.61803],[108.74941,-7.61803],[108.74941,-7.61848],[108.74896,-7.61848],[108.74896,-7.61893],[108.74895,-7.61893],[108.74851,-7.61893],[108.74851,-7.61938],[108.7485,-7.61938],[108.74805,-7.61938],[108.74805,-7.61983],[108.74759,-7.61983],[108.74759,-7.61938],[108.74759,-7.61937],[108.74759,-7.61892],[108.74805,-7.61892],[108.74805,-7.61847],[108.7485,-7.61847],[108.7485,-7.61802],[108.74895,-7.61802],[108.74896,-7.61802],[108.7494,-7.61802],[108.7494,-7.61758],[108.7494,-7.61757],[108.74941,-7.61757],[108.74986,-7.61757],[108.74986,-7.61758],[108.75031,-7.61758],[108.75031,-7.61713],[108.75077,-7.61713],[108.75122,-7.61713],[108.75122,-7.61668],[108.75123,-7.61668],[108.75123,-7.61623],[108.75168,-7.61623],[108.75168,-7.61578],[108.75169,-7.61578],[108.75169,-7.61533],[108.75214,-7.61533],[108.75214,-7.61488],[108.75259,-7.61488],[108.75259,-7.61533],[108.75304,-7.61533],[108.75304,-7.61489],[108.75304,-7.61488],[108.75304,-7.61443],[108.7535,-7.61443],[108.7535,-7.61488],[108.7535,-7.61489],[108.7535,-7.61533],[108.7535,-7.61534],[108.75394,-7.61534],[108.75395,-7.61534],[108.75395,-7.61489],[108.7544,-7.61489],[108.7544,-7.61444],[108.75441,-7.61444],[108.75441,-7.61399],[108.75441,-7.61354],[108.75441,-7.61353],[108.75441,-7.61308],[108.75487,-7.61308],[108.75487,-7.61309],[108.75533,-7.61309],[108.75533,-7.61354],[108.75577,-7.61354],[108.75577,-7.61309],[108.75623,-7.61309],[108.75623,-7.61354],[108.75668,-7.61354],[108.75668,-7.61355],[108.75668,-7.614],[108.75623,-7.614],[108.75622,-7.614],[108.75577,-7.614],[108.75577,-7.61445],[108.75622,-7.61445],[108.75622,-7.6149],[108.75577,-7.6149],[108.75577,-7.61535],[108.75622,-7.61535],[108.75622,-7.6158],[108.75621,-7.6158],[108.75621,-7.61625],[108.75667,-7.61625],[108.75667,-7.61626],[108.75711,-7.61626],[108.75712,-7.61626],[108.75757,-7.61626],[108.75803,-7.61626],[108.75803,-7.61672],[108.75757,-7.61672],[108.75757,-7.61671],[108.75712,-7.61671],[108.75712,-7.61716],[108.75666,-7.61716],[108.75666,-7.61671],[108.75621,-7.61671],[108.75575,-7.61671],[108.75575,-7.6167],[108.75531,-7.6167],[108.7553,-7.6167],[108.7553,-7.61715],[108.7553,-7.61761],[108.75484,-7.61761],[108.75484,-7.6176],[108.7544,-7.6176],[108.7544,-7.61805],[108.75484,-7.61805],[108.75485,-7.61805],[108.75529,-7.61805],[108.7553,-7.61805],[108.7553,-7.61806],[108.75575,-7.61806],[108.75575,-7.61851],[108.75575,-7.61896],[108.75619,-7.61896],[108.7562,-7.61896],[108.7562,-7.61941],[108.7562,-7.61942],[108.7562,-7.61987],[108.7562,-7.62032],[108.75619,-7.62032],[108.75574,-7.62032],[108.75528,-7.62032],[108.75528,-7.61986],[108.75484,-7.61986],[108.75484,-7.62031],[108.75483,-7.62031],[108.75483,-7.62076],[108.75483,-7.62077],[108.75483,-7.62121],[108.75483,-7.62122],[108.75483,-7.62167],[108.75482,-7.62167],[108.75482,-7.62212],[108.75437,-7.62212],[108.75436,-7.62212],[108.75392,-7.62212],[108.75392,-7.62257],[108.75346,-7.62257],[108.75346,-7.62302],[108.75301,-7.62302],[108.75301,-7.62346],[108.75301,-7.62347],[108.75301,-7.62392],[108.75255,-7.62392],[108.75255,-7.62347],[108.75255,-7.62346]],[[108.75346,-7.62256],[108.75346,-7.62212],[108.75346,-7.62211],[108.75346,-7.62166],[108.75301,-7.62166],[108.75301,-7.62211],[108.75301,-7.62256],[108.75346,-7.62256]],[[108.75392,-7.62121],[108.75437,-7.62121],[108.75437,-7.62077],[108.75437,-7.62076],[108.75393,-7.62076],[108.75392,-7.62076],[108.75392,-7.62121]],[[108.75304,-7.61579],[108.75304,-7.61624],[108.75349,-7.61624],[108.75349,-7.61579],[108.75304,-7.61579]],[[108.75347,-7.62121],[108.75347,-7.62166],[108.75391,-7.62166],[108.75391,-7.62121],[108.75347,-7.62121]],[[108.75485,-7.61896],[108.75529,-7.61896],[108.75529,-7.61851],[108.75485,-7.61851],[108.75485,-7.61896]],[[108.75576,-7.61445],[108.75532,-7.61445],[108.75532,-7.61489],[108.75576,-7.61489],[108.75576,-7.61445]],[[108.75575,-7.6158],[108.75531,-7.6158],[108.75531,-7.61625],[108.75575,-7.61625],[108.75575,-7.6158]],[[108.75487,-7.61399],[108.75487,-7.61444],[108.75531,-7.61444],[108.75531,-7.61399],[108.75487,-7.61399]],[[108.75486,-7.61534],[108.75531,-7.61534],[108.75531,-7.6149],[108.75486,-7.6149],[108.75486,-7.61534]]],[[[108.75119,-7.62346],[108.75119,-7.62391],[108.75073,-7.62391],[108.75073,-7.62346],[108.75073,-7.62345],[108.75119,-7.62345],[108.75119,-7.62346]]],[[[108.75165,-7.62255],[108.75165,-7.62256],[108.75211,-7.62256],[108.75211,-7.62301],[108.75165,-7.62301],[108.75119,-7.62301],[108.75119,-7.62255],[108.75165,-7.62255]]],[[[108.75029,-7.62255],[108.75029,-7.6221],[108.75075,-7.6221],[108.75075,-7.62255],[108.75075,-7.623],[108.75029,-7.623],[108.75029,-7.62255]]],[[[108.74894,-7.62164],[108.74894,-7.62209],[108.74848,-7.62209],[108.74848,-7.62164],[108.74894,-7.62164]]],[[[108.75076,-7.62165],[108.7503,-7.62165],[108.7503,-7.62119],[108.74985,-7.62119],[108.74985,-7.62074],[108.75031,-7.62074],[108.75031,-7.62119],[108.75076,-7.62119],[108.75076,-7.62165]]],[[[108.75165,-7.62075],[108.75165,-7.6203],[108.75166,-7.6203],[108.75211,-7.6203],[108.75211,-7.62075],[108.75211,-7.6212],[108.75166,-7.6212],[108.75165,-7.6212],[108.75165,-7.62075]]],[[[108.74986,-7.61983],[108.74986,-7.62029],[108.74985,-7.62029],[108.7494,-7.62029],[108.7494,-7.61983],[108.74985,-7.61983],[108.74986,-7.61983]]],[[[108.75167,-7.61939],[108.75167,-7.61985],[108.75121,-7.61985],[108.75121,-7.61939],[108.75167,-7.61939]]],[[[108.75303,-7.61895],[108.75303,-7.6194],[108.75257,-7.6194],[108.75257,-7.61895],[108.75257,-7.6185],[108.75257,-7.61849],[108.75303,-7.61849],[108.75303,-7.6185],[108.75303,-7.61895]]],[[[108.74987,-7.61622],[108.74987,-7.61667],[108.74941,-7.61667],[108.74941,-7.61622],[108.74987,-7.61622]]],[[[108.75214,-7.61443],[108.75214,-7.61488],[108.75169,-7.61488],[108.75124,-7.61488],[108.75124,-7.61442],[108.75169,-7.61442],[108.75214,-7.61442],[108.75214,-7.61443]]],[[[108.75124,-7.61397],[108.75124,-7.61442],[108.75079,-7.61442],[108.75079,-7.61397],[108.75124,-7.61397]]],[[[108.74989,-7.61306],[108.74989,-7.61351],[108.74944,-7.61351],[108.74943,-7.61351],[108.74943,-7.61306],[108.74944,-7.61306],[108.74989,-7.61306]]],[[[108.749,-7.61034],[108.749,-7.61035],[108.74854,-7.61035],[108.74854,-7.61034],[108.74854,-7.60989],[108.749,-7.60989],[108.749,-7.61034]]],[[[108.74855,-7.60944],[108.74809,-7.60944],[108.74809,-7.60899],[108.74809,-7.60898],[108.74855,-7.60898],[108.74855,-7.60899],[108.74855,-7.60944]]],[[[108.74811,-7.60808],[108.74811,-7.60853],[108.74765,-7.60853],[108.74765,-7.60808],[108.74811,-7.60808]]],[[[108.74223,-7.60579],[108.74223,-7.60624],[108.74178,-7.60624],[108.74177,-7.60624],[108.74177,-7.60579],[108.74178,-7.60579],[108.74223,-7.60579]]],[[[108.74178,-7.60443],[108.74178,-7.60489],[108.74133,-7.60489],[108.74132,-7.60489],[108.74132,-7.60443],[108.74133,-7.60443],[108.74178,-7.60443]]],[[[108.74315,-7.60354],[108.74315,-7.60399],[108.74269,-7.60399],[108.74269,-7.60354],[108.74269,-7.60353],[108.74315,-7.60353],[108.74315,-7.60354]]],[[[108.74834,-7.60311],[108.74835,-7.60311],[108.74858,-7.60311],[108.74858,-7.60357],[108.74836,-7.60357],[108.74812,-7.60357],[108.74812,-7.60311],[108.74834,-7.60311]]],[[[108.75131,-7.60313],[108.7513,-7.60313],[108.75085,-7.60313],[108.75085,-7.60267],[108.7513,-7.60267],[108.7513,-7.60223],[108.7513,-7.60222],[108.7513,-7.60177],[108.75086,-7.60177],[108.75086,-7.60222],[108.75085,-7.60222],[108.7504,-7.60222],[108.7504,-7.60177],[108.75085,-7.60177],[108.75085,-7.60132],[108.75041,-7.60132],[108.7504,-7.60132],[108.74995,-7.60132],[108.74995,-7.60087],[108.74995,-7.60086],[108.74995,-7.60041],[108.7495,-7.60041],[108.74905,-7.60041],[108.74905,-7.59995],[108.7495,-7.59995],[108.7495,-7.59996],[108.74995,-7.59996],[108.75041,-7.59996],[108.75041,-7.60041],[108.75086,-7.60041],[108.75086,-7.60086],[108.75086,-7.60087],[108.7513,-7.60087],[108.75131,-7.60087],[108.75131,-7.60042],[108.75131,-7.59997],[108.75176,-7.59997],[108.75177,-7.59997],[108.7519,-7.59997],[108.7519,-7.60007],[108.75208,-7.60007],[108.75208,-7.60025],[108.75222,-7.60025],[108.75226,-7.60025],[108.75226,-7.60042],[108.75226,-7.60043],[108.75222,-7.60043],[108.75222,-7.60042],[108.75177,-7.60042],[108.75177,-7.60087],[108.75176,-7.60087],[108.75176,-7.60132],[108.75131,-7.60132],[108.75131,-7.60177],[108.75176,-7.60177],[108.75176,-7.60222],[108.75176,-7.60223],[108.75176,-7.60268],[108.75175,-7.60268],[108.75131,-7.60268],[108.75131,-7.60313]]],[[[108.7504,-7.60312],[108.74994,-7.60312],[108.74994,-7.60267],[108.7504,-7.60267],[108.7504,-7.60312]]],[[[108.74452,-7.60219],[108.74452,-7.60264],[108.74451,-7.60264],[108.74406,-7.60264],[108.74406,-7.60219],[108.74451,-7.60219],[108.74452,-7.60219]]],[[[108.75266,-7.60178],[108.75266,-7.60133],[108.75311,-7.60133],[108.75312,-7.60133],[108.75357,-7.60133],[108.75402,-7.60133],[108.75403,-7.60133],[108.75448,-7.60133],[108.75448,-7.60134],[108.75448,-7.60179],[108.75448,-7.60224],[108.75493,-7.60224],[108.75493,-7.60269],[108.75538,-7.60269],[108.75538,-7.6027],[108.75538,-7.60315],[108.75492,-7.60315],[108.75492,-7.6027],[108.75447,-7.6027],[108.75447,-7.60269],[108.75447,-7.60224],[108.75402,-7.60224],[108.75402,-7.60179],[108.75357,-7.60179],[108.75357,-7.60224],[108.75311,-7.60224],[108.75311,-7.60223],[108.75266,-7.60223],[108.75221,-7.60223],[108.7522,-7.60223],[108.7522,-7.60178],[108.75221,-7.60178],[108.75266,-7.60178]]],[[[108.7495,-7.60086],[108.7495,-7.60131],[108.74905,-7.60131],[108.74905,-7.60086],[108.7495,-7.60086]]],[[[108.74542,-7.60084],[108.74542,-7.60129],[108.74496,-7.60129],[108.74496,-7.60084],[108.74542,-7.60084]]],[[[108.75244,-7.59997],[108.75268,-7.59997],[108.75268,-7.60007],[108.75244,-7.60007],[108.75244,-7.59997]]],[[[108.75087,-7.59771],[108.75087,-7.5977],[108.75133,-7.5977],[108.75133,-7.59771],[108.75133,-7.59816],[108.75178,-7.59816],[108.75178,-7.59771],[108.75223,-7.59771],[108.75224,-7.59771],[108.75269,-7.59771],[108.75269,-7.59816],[108.75269,-7.59817],[108.75269,-7.59862],[108.75313,-7.59862],[108.75313,-7.59817],[108.75359,-7.59817],[108.75359,-7.59832],[108.75359,-7.59862],[108.75359,-7.59907],[108.75404,-7.59907],[108.75404,-7.59953],[108.75449,-7.59953],[108.75494,-7.59953],[108.75494,-7.59998],[108.75494,-7.59999],[108.75449,-7.59999],[108.75449,-7.59998],[108.75404,-7.59998],[108.75403,-7.59998],[108.75358,-7.59998],[108.75312,-7.59998],[108.75312,-7.59952],[108.75268,-7.59952],[108.75226,-7.59952],[108.75226,-7.59935],[108.75222,-7.59935],[108.75222,-7.59917],[108.75222,-7.59907],[108.75177,-7.59907],[108.75177,-7.59861],[108.75133,-7.59861],[108.75132,-7.59861],[108.75087,-7.59861],[108.75087,-7.59816],[108.75087,-7.59771]],[[108.75178,-7.59861],[108.75223,-7.59861],[108.75223,-7.59817],[108.75223,-7.59816],[108.75178,-7.59816],[108.75178,-7.59861]],[[108.75268,-7.59907],[108.75268,-7.59891],[108.75268,-7.59862],[108.75223,-7.59862],[108.75223,-7.59907],[108.75239,-7.59907],[108.75268,-7.59907]]],[[[108.74317,-7.59902],[108.74317,-7.59947],[108.74271,-7.59947],[108.74271,-7.59902],[108.74317,-7.59902]]],[[[108.74951,-7.5983],[108.74951,-7.5986],[108.74905,-7.5986],[108.74905,-7.59815],[108.74939,-7.59815],[108.74951,-7.59815],[108.74951,-7.5983]]],[[[108.75042,-7.59815],[108.74996,-7.59815],[108.74996,-7.5977],[108.75042,-7.5977],[108.75042,-7.59815]]],[[[108.75088,-7.59726],[108.75088,-7.59725],[108.75088,-7.5968],[108.75133,-7.5968],[108.75134,-7.5968],[108.75134,-7.59725],[108.75134,-7.59726],[108.75133,-7.59726],[108.75088,-7.59726]]],[[[108.74907,-7.59679],[108.74907,-7.59724],[108.74861,-7.59724],[108.74861,-7.59679],[108.74861,-7.59634],[108.74907,-7.59634],[108.74907,-7.59679]]],[[[108.75179,-7.59636],[108.75178,-7.59636],[108.75178,-7.5959],[108.75179,-7.5959],[108.75224,-7.5959],[108.75224,-7.59545],[108.75269,-7.59545],[108.75269,-7.595],[108.75315,-7.595],[108.75315,-7.59501],[108.7536,-7.59501],[108.75361,-7.59501],[108.75405,-7.59501],[108.75406,-7.59501],[108.75406,-7.59456],[108.75361,-7.59456],[108.75361,-7.59411],[108.75316,-7.59411],[108.75316,-7.5941],[108.75316,-7.59365],[108.75361,-7.59365],[108.75361,-7.5932],[108.75317,-7.5932],[108.75316,-7.5932],[108.75271,-7.5932],[108.75271,-7.59365],[108.75225,-7.59365],[108.75225,-7.5932],[108.75225,-7.59319],[108.75225,-7.59274],[108.75271,-7.59274],[108.75317,-7.59274],[108.75317,-7.59275],[108.75361,-7.59275],[108.75362,-7.59275],[108.75362,-7.5923],[108.75362,-7.59185],[108.75317,-7.59185],[108.75317,-7.59184],[108.75272,-7.59184],[108.75272,-7.59139],[108.75317,-7.59139],[108.75317,-7.59094],[108.75317,-7.59049],[108.75317,-7.59004],[108.75272,-7.59004],[108.75272,-7.58959],[108.75272,-7.58958],[108.75272,-7.58913],[108.75318,-7.58913],[108.75363,-7.58913],[108.75363,-7.58868],[108.75364,-7.58868],[108.75364,-7.58823],[108.7541,-7.58823],[108.7541,-7.58869],[108.75455,-7.58869],[108.75455,-7.58914],[108.75409,-7.58914],[108.75409,-7.58959],[108.75409,-7.59004],[108.75408,-7.59004],[108.75408,-7.59049],[108.75363,-7.59049],[108.75363,-7.59094],[108.75362,-7.59094],[108.75362,-7.59139],[108.75407,-7.59139],[108.75407,-7.5914],[108.75453,-7.5914],[108.75453,-7.59185],[108.75497,-7.59185],[108.75498,-7.59185],[108.75543,-7.59185],[108.75543,-7.59231],[108.75588,-7.59231],[108.75588,-7.59276],[108.75542,-7.59276],[108.75542,-7.59231],[108.75498,-7.59231],[108.75497,-7.59231],[108.75452,-7.59231],[108.75452,-7.59275],[108.75497,-7.59275],[108.75498,-7.59275],[108.75498,-7.59321],[108.75498,-7.59366],[108.75542,-7.59366],[108.75543,-7.59366],[108.75587,-7.59366],[108.75588,-7.59366],[108.75633,-7.59366],[108.75633,-7.59367],[108.75633,-7.59412],[108.75588,-7.59412],[108.75587,-7.59412],[108.75543,-7.59412],[108.75543,-7.59457],[108.75542,-7.59457],[108.75542,-7.59502],[108.75497,-7.59502],[108.75497,-7.59547],[108.75541,-7.59547],[108.75542,-7.59547],[108.75587,-7.59547],[108.75587,-7.59592],[108.75542,-7.59592],[108.75541,-7.59592],[108.75496,-7.59592],[108.7545,-7.59592],[108.7545,-7.59547],[108.75405,-7.59547],[108.75405,-7.59546],[108.75361,-7.59546],[108.7536,-7.59546],[108.75315,-7.59546],[108.7527,-7.59546],[108.7527,-7.59591],[108.75224,-7.59591],[108.75224,-7.59636],[108.75179,-7.59636]],[[108.75452,-7.59185],[108.75407,-7.59185],[108.75407,-7.5923],[108.75452,-7.5923],[108.75452,-7.59185]]],[[[108.75089,-7.5959],[108.75089,-7.59635],[108.75088,-7.59635],[108.75043,-7.59635],[108.75043,-7.5959],[108.75088,-7.5959],[108.75089,-7.5959]]],[[[108.74998,-7.59589],[108.74998,-7.59634],[108.74998,-7.59635],[108.74952,-7.59635],[108.74952,-7.59634],[108.74952,-7.59589],[108.74998,-7.59589]]],[[[108.75134,-7.59499],[108.75134,-7.59545],[108.75089,-7.59545],[108.75088,-7.59545],[108.75088,-7.59499],[108.75089,-7.59499],[108.75134,-7.59499]]],[[[108.74229,-7.59495],[108.74229,-7.5954],[108.74183,-7.5954],[108.74183,-7.59495],[108.74229,-7.59495]]],[[[108.75135,-7.59409],[108.75135,-7.59454],[108.75135,-7.59455],[108.75089,-7.59455],[108.75089,-7.59454],[108.75089,-7.59409],[108.75135,-7.59409]]],[[[108.74999,-7.59363],[108.74999,-7.59409],[108.74953,-7.59409],[108.74953,-7.59363],[108.74999,-7.59363]]],[[[108.75044,-7.59318],[108.75044,-7.59273],[108.7509,-7.59273],[108.7509,-7.59318],[108.7509,-7.59319],[108.7509,-7.59364],[108.75044,-7.59364],[108.75044,-7.59319],[108.75044,-7.59318]]],[[[108.74592,-7.59316],[108.74592,-7.59361],[108.74546,-7.59361],[108.74546,-7.59316],[108.74592,-7.59316]]],[[[108.74501,-7.59316],[108.74501,-7.59361],[108.74455,-7.59361],[108.74455,-7.59316],[108.74455,-7.59315],[108.74501,-7.59315],[108.74501,-7.59316]]],[[[108.75274,-7.58823],[108.75319,-7.58823],[108.75319,-7.58868],[108.75274,-7.58868],[108.75273,-7.58868],[108.75228,-7.58868],[108.75228,-7.58823],[108.75228,-7.58822],[108.75274,-7.58822],[108.75274,-7.58823]]],[[[108.75047,-7.58867],[108.75002,-7.58867],[108.75001,-7.58867],[108.75001,-7.58821],[108.74957,-7.58821],[108.74956,-7.58821],[108.74956,-7.58776],[108.74957,-7.58776],[108.75002,-7.58776],[108.75002,-7.58821],[108.75047,-7.58821],[108.75047,-7.58867]]],[[[108.75048,-7.58731],[108.75048,-7.58776],[108.75002,-7.58776],[108.75002,-7.58731],[108.75048,-7.58731]]],[[[108.75184,-7.58596],[108.75184,-7.58642],[108.75138,-7.58642],[108.75138,-7.58596],[108.75184,-7.58596]]],[[[108.75139,-7.58541],[108.7514,-7.58541],[108.75158,-7.58538],[108.75161,-7.58537],[108.75174,-7.58536],[108.75175,-7.58536],[108.75185,-7.58532],[108.75185,-7.58551],[108.75139,-7.58551],[108.75139,-7.58541]]],[[[108.75275,-7.58371],[108.75275,-7.58326],[108.75276,-7.58326],[108.75276,-7.58281],[108.75231,-7.58281],[108.75231,-7.58326],[108.75185,-7.58326],[108.75185,-7.58325],[108.75182,-7.58325],[108.75167,-7.5828],[108.75185,-7.5828],[108.75185,-7.58235],[108.75231,-7.58235],[108.75276,-7.58235],[108.75276,-7.5819],[108.75277,-7.5819],[108.75277,-7.58145],[108.75277,-7.581],[108.75322,-7.581],[108.75323,-7.581],[108.75367,-7.581],[108.75368,-7.581],[108.75368,-7.58056],[108.75368,-7.58055],[108.75368,-7.5801],[108.75324,-7.5801],[108.75323,-7.5801],[108.75323,-7.58055],[108.75277,-7.58055],[108.75277,-7.5801],[108.75278,-7.5801],[108.75278,-7.57964],[108.75323,-7.57964],[108.75323,-7.5792],[108.75323,-7.57919],[108.75368,-7.57919],[108.75369,-7.57919],[108.75369,-7.5792],[108.75369,-7.57965],[108.75369,-7.5801],[108.75413,-7.5801],[108.75414,-7.5801],[108.75458,-7.5801],[108.75458,-7.57966],[108.75458,-7.57965],[108.75414,-7.57965],[108.75413,-7.57965],[108.75413,-7.5792],[108.75413,-7.57875],[108.75414,-7.57875],[108.75414,-7.57843],[108.75414,-7.57833],[108.75414,-7.5783],[108.75409,-7.5783],[108.75381,-7.5783],[108.75369,-7.5783],[108.75369,-7.57874],[108.75369,-7.57875],[108.75324,-7.57875],[108.75323,-7.57875],[108.75323,-7.57874],[108.75323,-7.57829],[108.75323,-7.57807],[108.75324,-7.57807],[108.75324,-7.578],[108.75323,-7.578],[108.75323,-7.57784],[108.75279,-7.57784],[108.75279,-7.57797],[108.75279,-7.57801],[108.75279,-7.57829],[108.75234,-7.57829],[108.75233,-7.57829],[108.75188,-7.57829],[108.75188,-7.57804],[108.75188,-7.57795],[108.75188,-7.57784],[108.75188,-7.57783],[108.75188,-7.57738],[108.75188,-7.57693],[108.75233,-7.57693],[108.75234,-7.57693],[108.75279,-7.57693],[108.75279,-7.57648],[108.75324,-7.57648],[108.75324,-7.57603],[108.75279,-7.57603],[108.75279,-7.57558],[108.75235,-7.57558],[108.75235,-7.57512],[108.75281,-7.57512],[108.75281,-7.57558],[108.75325,-7.57558],[108.75325,-7.57513],[108.75371,-7.57513],[108.75417,-7.57513],[108.75417,-7.57558],[108.75417,-7.57559],[108.75371,-7.57559],[108.75371,-7.57603],[108.75371,-7.57604],[108.7537,-7.57604],[108.7537,-7.57648],[108.7537,-7.57649],[108.75416,-7.57649],[108.75416,-7.57694],[108.7537,-7.57694],[108.7537,-7.57739],[108.75415,-7.57739],[108.75415,-7.57784],[108.75415,-7.5783],[108.7546,-7.5783],[108.7546,-7.57849],[108.7546,-7.57858],[108.7546,-7.57875],[108.75459,-7.57875],[108.75459,-7.5792],[108.75504,-7.5792],[108.75504,-7.57875],[108.75523,-7.57875],[108.75549,-7.57875],[108.7555,-7.57875],[108.75554,-7.57875],[108.75595,-7.57875],[108.75595,-7.57876],[108.7564,-7.57876],[108.7564,-7.57831],[108.75686,-7.57831],[108.75686,-7.57876],[108.75686,-7.57921],[108.75686,-7.57966],[108.7573,-7.57966],[108.7573,-7.57922],[108.75776,-7.57922],[108.75822,-7.57922],[108.75822,-7.57967],[108.75821,-7.57967],[108.75821,-7.58012],[108.75866,-7.58012],[108.75866,-7.58013],[108.75911,-7.58013],[108.75911,-7.57968],[108.75957,-7.57968],[108.75957,-7.58013],[108.75912,-7.58013],[108.75912,-7.58058],[108.75866,-7.58058],[108.75821,-7.58058],[108.75821,-7.58091],[108.75821,-7.58099],[108.75821,-7.58103],[108.75865,-7.58103],[108.75866,-7.58103],[108.75911,-7.58103],[108.75911,-7.58148],[108.75866,-7.58148],[108.75865,-7.58148],[108.7582,-7.58148],[108.7582,-7.58103],[108.75785,-7.58103],[108.75776,-7.58103],[108.75775,-7.58103],[108.7573,-7.58103],[108.7573,-7.58102],[108.75685,-7.58102],[108.75684,-7.58102],[108.75676,-7.58102],[108.75666,-7.58102],[108.75639,-7.58102],[108.75639,-7.58147],[108.75594,-7.58147],[108.75594,-7.58192],[108.75594,-7.58237],[108.75639,-7.58237],[108.75684,-7.58237],[108.75684,-7.58283],[108.75639,-7.58283],[108.75594,-7.58283],[108.75594,-7.58327],[108.75548,-7.58327],[108.75503,-7.58327],[108.75503,-7.58372],[108.75457,-7.58372],[108.75457,-7.58417],[108.75502,-7.58417],[108.75502,-7.58462],[108.75547,-7.58462],[108.75547,-7.58463],[108.75592,-7.58463],[108.75592,-7.58508],[108.75547,-7.58508],[108.75547,-7.58553],[108.75546,-7.58553],[108.75546,-7.58598],[108.75501,-7.58598],[108.755,-7.58598],[108.75455,-7.58598],[108.75455,-7.58553],[108.75455,-7.58508],[108.75455,-7.58507],[108.75456,-7.58507],[108.75456,-7.58463],[108.75456,-7.58462],[108.75456,-7.58417],[108.75412,-7.58417],[108.75411,-7.58417],[108.75366,-7.58417],[108.75366,-7.58462],[108.75411,-7.58462],[108.75411,-7.58507],[108.75411,-7.58552],[108.75365,-7.58552],[108.75365,-7.58507],[108.75365,-7.58462],[108.75321,-7.58462],[108.75321,-7.58507],[108.7532,-7.58507],[108.75275,-7.58507],[108.75275,-7.58462],[108.75275,-7.58461],[108.7523,-7.58461],[108.7523,-7.58416],[108.7523,-7.58371],[108.75275,-7.58371]],[[108.75639,-7.58057],[108.75594,-7.58057],[108.75594,-7.58101],[108.75594,-7.58102],[108.75639,-7.58102],[108.75639,-7.58057]],[[108.75775,-7.58012],[108.75731,-7.58012],[108.7573,-7.58012],[108.7573,-7.58057],[108.75775,-7.58057],[108.75775,-7.58012]],[[108.75234,-7.57739],[108.75234,-7.57783],[108.75278,-7.57783],[108.75278,-7.57739],[108.75234,-7.57739]],[[108.75324,-7.57694],[108.75279,-7.57694],[108.75279,-7.57738],[108.75324,-7.57738],[108.75324,-7.57694]],[[108.75503,-7.58237],[108.75458,-7.58237],[108.75458,-7.58281],[108.75458,-7.58282],[108.75502,-7.58282],[108.75503,-7.58282],[108.75503,-7.58237]],[[108.75548,-7.58237],[108.75548,-7.58192],[108.75504,-7.58192],[108.75504,-7.58237],[108.75548,-7.58237]],[[108.75459,-7.58011],[108.75459,-7.58055],[108.75459,-7.58056],[108.75503,-7.58056],[108.75503,-7.58011],[108.75459,-7.58011]]],[[[108.75111,-7.5804],[108.75111,-7.58033],[108.7511,-7.58031],[108.7511,-7.58027],[108.7511,-7.58025],[108.75108,-7.58009],[108.75142,-7.58009],[108.75142,-7.58054],[108.75114,-7.58054],[108.75111,-7.5804]]],[[[108.75126,-7.57718],[108.75128,-7.57715],[108.75128,-7.57714],[108.75129,-7.57714],[108.75136,-7.57707],[108.75135,-7.57706],[108.75132,-7.57704],[108.75132,-7.57703],[108.75127,-7.57697],[108.75126,-7.57696],[108.75126,-7.57695],[108.75126,-7.57694],[108.75125,-7.57694],[108.75125,-7.57692],[108.75143,-7.57692],[108.75144,-7.57692],[108.75144,-7.57738],[108.75144,-7.57783],[108.75143,-7.57783],[108.75126,-7.57783],[108.75117,-7.57771],[108.75118,-7.57747],[108.75121,-7.57748],[108.75121,-7.57744],[108.75123,-7.57738],[108.75126,-7.57725],[108.75126,-7.5772],[108.75126,-7.57719],[108.75126,-7.57718]]],[[[108.75234,-7.57603],[108.75234,-7.57648],[108.75189,-7.57648],[108.75188,-7.57648],[108.75144,-7.57648],[108.75143,-7.57648],[108.75098,-7.57648],[108.75098,-7.57647],[108.75098,-7.57602],[108.75143,-7.57602],[108.75144,-7.57602],[108.75188,-7.57602],[108.75189,-7.57602],[108.75234,-7.57602],[108.75234,-7.57603]]],[[[108.75236,-7.57332],[108.75236,-7.57377],[108.7519,-7.57377],[108.7519,-7.57332],[108.7519,-7.57331],[108.75236,-7.57331],[108.75236,-7.57332]]],[[[108.75287,-7.56248],[108.75287,-7.56293],[108.75241,-7.56293],[108.75241,-7.56248],[108.75241,-7.56247],[108.75287,-7.56247],[108.75287,-7.56248]]],[[[108.75434,-7.62709],[108.75434,-7.62754],[108.75388,-7.62754],[108.75388,-7.62709],[108.75434,-7.62709]]],[[[108.75344,-7.62708],[108.75344,-7.62753],[108.75344,-7.62754],[108.75298,-7.62754],[108.75298,-7.62753],[108.75298,-7.62708],[108.75344,-7.62708]]],[[[108.75436,-7.62392],[108.75436,-7.62393],[108.75391,-7.62393],[108.75391,-7.62392],[108.75391,-7.62347],[108.75436,-7.62347],[108.75436,-7.62392]]],[[[108.75396,-7.61399],[108.7535,-7.61399],[108.7535,-7.61398],[108.7535,-7.61353],[108.75351,-7.61353],[108.75351,-7.61308],[108.75397,-7.61308],[108.75397,-7.61353],[108.75396,-7.61353],[108.75396,-7.61398],[108.75396,-7.61399]]],[[[108.75306,-7.61353],[108.75306,-7.61398],[108.7526,-7.61398],[108.7526,-7.61353],[108.75306,-7.61353]]],[[[108.75397,-7.61082],[108.75397,-7.61037],[108.75398,-7.61037],[108.75443,-7.61037],[108.75443,-7.61082],[108.75488,-7.61082],[108.75488,-7.61038],[108.75488,-7.61037],[108.75534,-7.61037],[108.75534,-7.61038],[108.75534,-7.61083],[108.75488,-7.61083],[108.75488,-7.61128],[108.75443,-7.61128],[108.75442,-7.61128],[108.75442,-7.61083],[108.75398,-7.61083],[108.75397,-7.61083],[108.75397,-7.61082]]],[[[108.75353,-7.60991],[108.75353,-7.61037],[108.75352,-7.61037],[108.75307,-7.61037],[108.75307,-7.60991],[108.75352,-7.60991],[108.75353,-7.60991]]],[[[108.75447,-7.60314],[108.75447,-7.6036],[108.75401,-7.6036],[108.75401,-7.60314],[108.75447,-7.60314]]],[[[108.75403,-7.60043],[108.75448,-7.60043],[108.75449,-7.60043],[108.75494,-7.60043],[108.75494,-7.60044],[108.75539,-7.60044],[108.75539,-7.60089],[108.75539,-7.60134],[108.75584,-7.60134],[108.75584,-7.60089],[108.75629,-7.60089],[108.75629,-7.60044],[108.75674,-7.60044],[108.75674,-7.6],[108.75674,-7.59999],[108.75674,-7.59954],[108.75675,-7.59954],[108.75675,-7.59909],[108.7572,-7.59909],[108.7572,-7.59864],[108.75766,-7.59864],[108.75766,-7.59819],[108.75722,-7.59819],[108.75721,-7.59819],[108.75676,-7.59819],[108.75667,-7.59819],[108.7563,-7.59819],[108.7563,-7.59774],[108.7563,-7.59773],[108.7563,-7.59728],[108.75631,-7.59728],[108.75631,-7.59683],[108.75586,-7.59683],[108.75586,-7.59728],[108.75586,-7.59773],[108.7554,-7.59773],[108.75494,-7.59773],[108.75494,-7.59727],[108.7545,-7.59727],[108.75449,-7.59727],[108.75404,-7.59727],[108.75404,-7.59682],[108.75449,-7.59682],[108.7545,-7.59682],[108.75495,-7.59682],[108.7554,-7.59682],[108.75541,-7.59682],[108.75586,-7.59682],[108.75586,-7.59638],[108.75631,-7.59638],[108.75631,-7.59593],[108.75677,-7.59593],[108.75722,-7.59593],[108.75722,-7.59548],[108.75768,-7.59548],[108.75768,-7.59593],[108.75812,-7.59593],[108.75813,-7.59593],[108.75858,-7.59593],[108.75858,-7.59594],[108.75903,-7.59594],[108.75903,-7.59639],[108.75903,-7.59684],[108.75948,-7.59684],[108.75948,-7.59685],[108.75993,-7.59685],[108.75993,-7.5973],[108.75993,-7.59775],[108.75979,-7.59775],[108.75948,-7.59775],[108.75947,-7.59775],[108.75903,-7.59775],[108.75902,-7.59775],[108.75902,-7.59754],[108.75902,-7.5973],[108.75902,-7.59729],[108.75902,-7.59684],[108.75858,-7.59684],[108.75857,-7.59684],[108.75857,-7.59639],[108.75813,-7.59639],[108.75812,-7.59639],[108.75768,-7.59639],[108.75768,-7.59684],[108.75813,-7.59684],[108.75813,-7.59729],[108.75813,-7.59774],[108.75767,-7.59774],[108.75767,-7.59795],[108.75767,-7.59819],[108.75811,-7.59819],[108.75812,-7.59819],[108.75857,-7.59819],[108.75857,-7.59865],[108.75857,-7.5991],[108.75811,-7.5991],[108.75811,-7.59865],[108.75766,-7.59865],[108.75766,-7.59909],[108.75766,-7.5991],[108.75721,-7.5991],[108.75721,-7.59954],[108.75721,-7.59955],[108.7572,-7.59955],[108.7572,-7.59999],[108.7572,-7.6],[108.7572,-7.60045],[108.75675,-7.60045],[108.75675,-7.6009],[108.75674,-7.6009],[108.7563,-7.6009],[108.7563,-7.60135],[108.75674,-7.60135],[108.75675,-7.60135],[108.75675,-7.6018],[108.75674,-7.6018],[108.75629,-7.6018],[108.75629,-7.60135],[108.75584,-7.60135],[108.75584,-7.6018],[108.75538,-7.6018],[108.75538,-7.60134],[108.75493,-7.60134],[108.75493,-7.60089],[108.75449,-7.60089],[108.75448,-7.60089],[108.75403,-7.60089],[108.75403,-7.60043]],[[108.75767,-7.59729],[108.75722,-7.59729],[108.75722,-7.59773],[108.75722,-7.59774],[108.75767,-7.59774],[108.75767,-7.59729]],[[108.75632,-7.59638],[108.75632,-7.59683],[108.75676,-7.59683],[108.75676,-7.59638],[108.75632,-7.59638]],[[108.75677,-7.59683],[108.75677,-7.59728],[108.75721,-7.59728],[108.75721,-7.59683],[108.75677,-7.59683]],[[108.75723,-7.59638],[108.75767,-7.59638],[108.75767,-7.59593],[108.75723,-7.59593],[108.75723,-7.59638]]],[[[108.7536,-7.59591],[108.7536,-7.59636],[108.75314,-7.59636],[108.75314,-7.59591],[108.7536,-7.59591]]],[[[108.7542,-7.56745],[108.7542,-7.5679],[108.7542,-7.56791],[108.75375,-7.56791],[108.75375,-7.5679],[108.75375,-7.56745],[108.7542,-7.56745]]],[[[108.75378,-7.56185],[108.75378,-7.56203],[108.75332,-7.56203],[108.75332,-7.56166],[108.75378,-7.56185]]],[[[108.75515,-7.63793],[108.75516,-7.63792],[108.75517,-7.63792],[108.75518,-7.63792],[108.7552,-7.63791],[108.7552,-7.63793],[108.7552,-7.63794],[108.75514,-7.63794],[108.75515,-7.63793]]],[[[108.75519,-7.63762],[108.75519,-7.63761],[108.7552,-7.6376],[108.7552,-7.63774],[108.75519,-7.63772],[108.75518,-7.63771],[108.75518,-7.6377],[108.75519,-7.63762]]],[[[108.75565,-7.63703],[108.7561,-7.63703],[108.7561,-7.63749],[108.75565,-7.63749],[108.75524,-7.63749],[108.75539,-7.63705],[108.7554,-7.63703],[108.75565,-7.63703]]],[[[108.75567,-7.63387],[108.75567,-7.63432],[108.75521,-7.63432],[108.75521,-7.63387],[108.75567,-7.63387]]],[[[108.75584,-7.59999],[108.75584,-7.60044],[108.75539,-7.60044],[108.75539,-7.59999],[108.75584,-7.59999]]],[[[108.7554,-7.59863],[108.7554,-7.59869],[108.7554,-7.59908],[108.75494,-7.59908],[108.75449,-7.59908],[108.75449,-7.59863],[108.75494,-7.59863],[108.75527,-7.59863],[108.7554,-7.59863]]],[[[108.75499,-7.59005],[108.75499,-7.5905],[108.75544,-7.5905],[108.75544,-7.59095],[108.75589,-7.59095],[108.75589,-7.59141],[108.75543,-7.59141],[108.75543,-7.59095],[108.75498,-7.59095],[108.75498,-7.5905],[108.75453,-7.5905],[108.75453,-7.59005],[108.75453,-7.59004],[108.75453,-7.58959],[108.75499,-7.58959],[108.75499,-7.59004],[108.75499,-7.59005]]],[[[108.75591,-7.58869],[108.75591,-7.58915],[108.75545,-7.58915],[108.75545,-7.58869],[108.75591,-7.58869]]],[[[108.75591,-7.58779],[108.75591,-7.58824],[108.75545,-7.58824],[108.75545,-7.58779],[108.75591,-7.58779]]],[[[108.75546,-7.58734],[108.75545,-7.58734],[108.75545,-7.58689],[108.75545,-7.58644],[108.75545,-7.58643],[108.75546,-7.58643],[108.75591,-7.58643],[108.75591,-7.58644],[108.75591,-7.58689],[108.75591,-7.58734],[108.75546,-7.58734]]],[[[108.7551,-7.56791],[108.7551,-7.56836],[108.75465,-7.56836],[108.75465,-7.56791],[108.7551,-7.56791]]],[[[108.75558,-7.56339],[108.75558,-7.56385],[108.75512,-7.56385],[108.75512,-7.56339],[108.75558,-7.56339]]],[[[108.75699,-7.64073],[108.75697,-7.64073],[108.75668,-7.64068],[108.75658,-7.64065],[108.75699,-7.64065],[108.75699,-7.64073]]],[[[108.75745,-7.6384],[108.757,-7.6384],[108.75655,-7.6384],[108.75655,-7.63794],[108.757,-7.63794],[108.75745,-7.63794],[108.75745,-7.6384]]],[[[108.75655,-7.63794],[108.7561,-7.63794],[108.7561,-7.63749],[108.75655,-7.63749],[108.75655,-7.63794]]],[[[108.75613,-7.63342],[108.75613,-7.63387],[108.75567,-7.63387],[108.75567,-7.63342],[108.75613,-7.63342]]],[[[108.75704,-7.63071],[108.75704,-7.63117],[108.75658,-7.63117],[108.75658,-7.63071],[108.75704,-7.63071]]],[[[108.75705,-7.62891],[108.75705,-7.62936],[108.75659,-7.62936],[108.75659,-7.62891],[108.75705,-7.62891]]],[[[108.75796,-7.62666],[108.75796,-7.62665],[108.75797,-7.62665],[108.75842,-7.62665],[108.75842,-7.62666],[108.75842,-7.62711],[108.75797,-7.62711],[108.75796,-7.62711],[108.75796,-7.62666]]],[[[108.75617,-7.62484],[108.75617,-7.62529],[108.75616,-7.62529],[108.75571,-7.62529],[108.75571,-7.62484],[108.75616,-7.62484],[108.75617,-7.62484]]],[[[108.75665,-7.61806],[108.75665,-7.61761],[108.75711,-7.61761],[108.75711,-7.61806],[108.75711,-7.61807],[108.75711,-7.61852],[108.75665,-7.61852],[108.75665,-7.61807],[108.75665,-7.61806]]],[[[108.75713,-7.61491],[108.75713,-7.61445],[108.75758,-7.61445],[108.75758,-7.61491],[108.75803,-7.61491],[108.75803,-7.61536],[108.75757,-7.61536],[108.75757,-7.61491],[108.75713,-7.61491]]],[[[108.75758,-7.61355],[108.75758,-7.614],[108.75713,-7.614],[108.75713,-7.61355],[108.75758,-7.61355]]],[[[108.75669,-7.61174],[108.75669,-7.61219],[108.75623,-7.61219],[108.75623,-7.61174],[108.75669,-7.61174]]],[[[108.75851,-7.61084],[108.75851,-7.6113],[108.75805,-7.6113],[108.75805,-7.61084],[108.75851,-7.61084]]],[[[108.75761,-7.60948],[108.75761,-7.60994],[108.75715,-7.60994],[108.75715,-7.60948],[108.75761,-7.60948]]],[[[108.75852,-7.60813],[108.75852,-7.60859],[108.75851,-7.60859],[108.75806,-7.60859],[108.75806,-7.60813],[108.75851,-7.60813],[108.75852,-7.60813]]],[[[108.75761,-7.60768],[108.75761,-7.60813],[108.75716,-7.60813],[108.75716,-7.60768],[108.75761,-7.60768]]],[[[108.75626,-7.60631],[108.75626,-7.60677],[108.75581,-7.60677],[108.75581,-7.60631],[108.75626,-7.60631]]],[[[108.75627,-7.60496],[108.75627,-7.60451],[108.75672,-7.60451],[108.75673,-7.60451],[108.75718,-7.60451],[108.75718,-7.60497],[108.75672,-7.60497],[108.75672,-7.60496],[108.75627,-7.60496]]],[[[108.75809,-7.60361],[108.75809,-7.60362],[108.75763,-7.60362],[108.75763,-7.60361],[108.75763,-7.60316],[108.75809,-7.60316],[108.75809,-7.60361]]],[[[108.75629,-7.6027],[108.75629,-7.60315],[108.75583,-7.60315],[108.75583,-7.6027],[108.75629,-7.6027]]],[[[108.75855,-7.60136],[108.75855,-7.60181],[108.75809,-7.60181],[108.75809,-7.60136],[108.75855,-7.60136]]],[[[108.75859,-7.59368],[108.75859,-7.59413],[108.75904,-7.59413],[108.75904,-7.59368],[108.75904,-7.59323],[108.75905,-7.59323],[108.75905,-7.59278],[108.7586,-7.59278],[108.7586,-7.59323],[108.75814,-7.59323],[108.75814,-7.59277],[108.7586,-7.59277],[108.7586,-7.59232],[108.75905,-7.59232],[108.75905,-7.59188],[108.75905,-7.59187],[108.7586,-7.59187],[108.7586,-7.59142],[108.75815,-7.59142],[108.75815,-7.59097],[108.7586,-7.59097],[108.75861,-7.59097],[108.75906,-7.59097],[108.75906,-7.59142],[108.75951,-7.59142],[108.75951,-7.59187],[108.75951,-7.59188],[108.75951,-7.59233],[108.75996,-7.59233],[108.75996,-7.59278],[108.75951,-7.59278],[108.75951,-7.59323],[108.7595,-7.59323],[108.7595,-7.59368],[108.7595,-7.59413],[108.75995,-7.59413],[108.75995,-7.59414],[108.75995,-7.59459],[108.7595,-7.59459],[108.75949,-7.59459],[108.75904,-7.59459],[108.75859,-7.59459],[108.75859,-7.59503],[108.75858,-7.59503],[108.75858,-7.59549],[108.75813,-7.59549],[108.75812,-7.59549],[108.75812,-7.59503],[108.75768,-7.59503],[108.75767,-7.59503],[108.75767,-7.59458],[108.75768,-7.59458],[108.75813,-7.59458],[108.75813,-7.59413],[108.75813,-7.59368],[108.75859,-7.59368]]],[[[108.75678,-7.59502],[108.75678,-7.59503],[108.75677,-7.59503],[108.75632,-7.59503],[108.75632,-7.59502],[108.75587,-7.59502],[108.75587,-7.59457],[108.75632,-7.59457],[108.75633,-7.59457],[108.75677,-7.59457],[108.75678,-7.59457],[108.75678,-7.59502]]],[[[108.75862,-7.58826],[108.75862,-7.58871],[108.75816,-7.58871],[108.75816,-7.58826],[108.75862,-7.58826]]],[[[108.75726,-7.58825],[108.75726,-7.5887],[108.75681,-7.5887],[108.7568,-7.5887],[108.7568,-7.58825],[108.75681,-7.58825],[108.75726,-7.58825]]],[[[108.75637,-7.58553],[108.75637,-7.58599],[108.75591,-7.58599],[108.75591,-7.58553],[108.75637,-7.58553]]],[[[108.75729,-7.58419],[108.75683,-7.58419],[108.75683,-7.58418],[108.75683,-7.58373],[108.75729,-7.58373],[108.75729,-7.58328],[108.75774,-7.58328],[108.75774,-7.58374],[108.75729,-7.58374],[108.75729,-7.58418],[108.75729,-7.58419]]],[[[108.7582,-7.58283],[108.75774,-7.58283],[108.75729,-7.58283],[108.75729,-7.58238],[108.75774,-7.58238],[108.7582,-7.58238],[108.7582,-7.58283]]],[[[108.7582,-7.58193],[108.75774,-7.58193],[108.75774,-7.58148],[108.7582,-7.58148],[108.7582,-7.58193]]],[[[108.7573,-7.58147],[108.7573,-7.58193],[108.75684,-7.58193],[108.75684,-7.58147],[108.7573,-7.58147]]],[[[108.75777,-7.57831],[108.75777,-7.57877],[108.75731,-7.57877],[108.75731,-7.57831],[108.75731,-7.57786],[108.75777,-7.57786],[108.75777,-7.57831]]],[[[108.75687,-7.5774],[108.75687,-7.57786],[108.75641,-7.57786],[108.75641,-7.5774],[108.75687,-7.5774]]],[[[108.75781,-7.57108],[108.75781,-7.57109],[108.75781,-7.57154],[108.7578,-7.57154],[108.75735,-7.57154],[108.75735,-7.57109],[108.75735,-7.57108],[108.75735,-7.57064],[108.75735,-7.57063],[108.75735,-7.57018],[108.75781,-7.57018],[108.75781,-7.57063],[108.75781,-7.57064],[108.75781,-7.57108]]],[[[108.75555,-7.56882],[108.756,-7.56882],[108.75601,-7.56882],[108.75601,-7.56927],[108.756,-7.56927],[108.75573,-7.56927],[108.75573,-7.569],[108.75555,-7.569],[108.75555,-7.56882]]],[[[108.75601,-7.56701],[108.75601,-7.56746],[108.75555,-7.56746],[108.75555,-7.56701],[108.75601,-7.56701]]],[[[108.75738,-7.56702],[108.75692,-7.56702],[108.75646,-7.56702],[108.75646,-7.56656],[108.75692,-7.56656],[108.75738,-7.56656],[108.75738,-7.56702]]],[[[108.75783,-7.56591],[108.75783,-7.56567],[108.75783,-7.56566],[108.75829,-7.56566],[108.75829,-7.56567],[108.75829,-7.5661],[108.75829,-7.56611],[108.75829,-7.56612],[108.75783,-7.56612],[108.75783,-7.56591]]],[[[108.75693,-7.56521],[108.75693,-7.56566],[108.75647,-7.56566],[108.75647,-7.56521],[108.75693,-7.56521]]],[[[108.75648,-7.5634],[108.75648,-7.56316],[108.75649,-7.56316],[108.75653,-7.56318],[108.75684,-7.56327],[108.75694,-7.56331],[108.75724,-7.5634],[108.75694,-7.5634],[108.75694,-7.56385],[108.75739,-7.56385],[108.75739,-7.56386],[108.75783,-7.56386],[108.75783,-7.56359],[108.75784,-7.56359],[108.75829,-7.56374],[108.75869,-7.56386],[108.75874,-7.56388],[108.75874,-7.56387],[108.75909,-7.56397],[108.7592,-7.564],[108.7592,-7.56432],[108.75875,-7.56432],[108.75874,-7.56432],[108.75874,-7.56477],[108.75919,-7.56477],[108.75919,-7.56522],[108.75874,-7.56522],[108.75873,-7.56522],[108.75873,-7.56477],[108.75829,-7.56477],[108.75828,-7.56477],[108.75828,-7.56431],[108.75784,-7.56431],[108.75783,-7.56431],[108.75739,-7.56431],[108.75738,-7.56431],[108.75694,-7.56431],[108.75694,-7.56476],[108.75739,-7.56476],[108.75739,-7.56521],[108.75693,-7.56521],[108.75693,-7.56476],[108.75648,-7.56476],[108.75648,-7.56431],[108.75648,-7.5643],[108.75648,-7.56385],[108.75648,-7.5634]]],[[[108.75606,-7.56295],[108.75603,-7.56295],[108.75603,-7.56293],[108.75604,-7.56293],[108.75606,-7.56295]]],[[[108.75971,-7.64157],[108.75971,-7.64202],[108.7597,-7.64202],[108.75932,-7.64202],[108.7593,-7.64196],[108.75925,-7.64189],[108.75925,-7.64157],[108.75925,-7.64112],[108.75934,-7.64112],[108.75952,-7.64112],[108.7597,-7.64112],[108.75971,-7.64112],[108.75971,-7.64157]]],[[[108.76017,-7.63886],[108.76017,-7.63932],[108.75971,-7.63932],[108.75971,-7.63886],[108.75926,-7.63886],[108.75926,-7.63841],[108.75972,-7.63841],[108.75972,-7.63886],[108.76017,-7.63886]]],[[[108.76108,-7.63796],[108.76108,-7.63842],[108.76063,-7.63842],[108.76062,-7.63842],[108.76017,-7.63842],[108.76017,-7.63841],[108.75972,-7.63841],[108.75972,-7.63796],[108.76017,-7.63796],[108.76018,-7.63796],[108.76062,-7.63796],[108.76063,-7.63796],[108.76108,-7.63796]]],[[[108.75928,-7.63615],[108.75928,-7.6366],[108.75882,-7.6366],[108.75882,-7.63615],[108.75928,-7.63615]]],[[[108.7611,-7.6339],[108.7611,-7.63435],[108.76064,-7.63435],[108.76064,-7.6339],[108.7611,-7.6339]]],[[[108.76065,-7.63299],[108.76065,-7.63344],[108.76065,-7.63345],[108.76019,-7.63345],[108.76019,-7.63344],[108.76019,-7.63299],[108.76065,-7.63299]]],[[[108.76111,-7.63209],[108.76066,-7.63209],[108.76066,-7.63164],[108.76111,-7.63164],[108.76112,-7.63164],[108.76157,-7.63164],[108.76157,-7.63209],[108.76157,-7.6321],[108.76111,-7.6321],[108.76111,-7.63209]]],[[[108.75976,-7.63028],[108.75976,-7.63073],[108.7593,-7.63073],[108.7593,-7.63028],[108.75976,-7.63028]]],[[[108.76112,-7.62984],[108.76112,-7.62938],[108.76112,-7.62893],[108.76112,-7.62848],[108.76153,-7.62848],[108.76158,-7.62848],[108.76158,-7.62862],[108.76158,-7.62863],[108.76158,-7.62893],[108.76158,-7.62938],[108.76157,-7.62938],[108.76157,-7.62984],[108.76112,-7.62984]]],[[[108.76022,-7.62802],[108.76022,-7.62847],[108.75977,-7.62847],[108.75976,-7.62847],[108.75976,-7.62802],[108.75977,-7.62802],[108.76022,-7.62802]]],[[[108.75979,-7.62486],[108.75979,-7.62441],[108.76025,-7.62441],[108.76025,-7.62486],[108.76024,-7.62486],[108.76024,-7.62531],[108.75978,-7.62531],[108.75978,-7.62486],[108.75979,-7.62486]]],[[[108.7598,-7.6235],[108.75934,-7.6235],[108.75934,-7.62305],[108.7598,-7.62305],[108.7598,-7.6235]]],[[[108.7589,-7.6235],[108.75844,-7.6235],[108.75844,-7.62304],[108.7589,-7.62304],[108.7589,-7.6235]]],[[[108.76072,-7.61989],[108.76072,-7.62034],[108.76026,-7.62034],[108.76026,-7.61989],[108.76072,-7.61989]]],[[[108.76119,-7.61854],[108.76119,-7.61899],[108.76118,-7.61899],[108.76073,-7.61899],[108.76073,-7.61854],[108.76118,-7.61854],[108.76119,-7.61854]]],[[[108.76073,-7.61808],[108.76073,-7.61854],[108.76027,-7.61854],[108.76027,-7.61808],[108.76073,-7.61808]]],[[[108.75984,-7.61537],[108.75984,-7.61582],[108.75938,-7.61582],[108.75938,-7.61537],[108.75984,-7.61537]]],[[[108.76074,-7.61493],[108.76074,-7.61447],[108.7612,-7.61447],[108.7612,-7.61493],[108.76165,-7.61493],[108.76165,-7.61538],[108.76119,-7.61538],[108.76119,-7.61493],[108.76074,-7.61493]]],[[[108.75938,-7.61447],[108.75938,-7.61446],[108.75984,-7.61446],[108.75984,-7.61447],[108.7603,-7.61447],[108.7603,-7.61492],[108.75984,-7.61492],[108.75938,-7.61492],[108.75938,-7.61447]]],[[[108.76124,-7.60815],[108.76078,-7.60815],[108.76078,-7.6077],[108.76078,-7.60769],[108.76124,-7.60769],[108.76124,-7.6077],[108.76124,-7.60815]]],[[[108.7617,-7.60499],[108.7617,-7.60544],[108.76125,-7.60544],[108.76124,-7.60544],[108.76124,-7.60499],[108.76125,-7.60499],[108.7617,-7.60499]]],[[[108.75989,-7.60543],[108.75989,-7.60498],[108.76034,-7.60498],[108.76035,-7.60498],[108.7608,-7.60498],[108.7608,-7.60544],[108.76034,-7.60544],[108.76034,-7.60543],[108.75989,-7.60543]]],[[[108.7608,-7.60408],[108.7608,-7.60453],[108.76035,-7.60453],[108.76034,-7.60453],[108.76034,-7.60408],[108.76035,-7.60408],[108.7608,-7.60408]]],[[[108.759,-7.60407],[108.759,-7.60452],[108.75899,-7.60452],[108.75854,-7.60452],[108.75854,-7.60407],[108.75899,-7.60407],[108.759,-7.60407]]],[[[108.76126,-7.60318],[108.76126,-7.60273],[108.76171,-7.60273],[108.76172,-7.60273],[108.76217,-7.60273],[108.76217,-7.60318],[108.76217,-7.60319],[108.76171,-7.60319],[108.76171,-7.60363],[108.76125,-7.60363],[108.76125,-7.60318],[108.76126,-7.60318]]],[[[108.76082,-7.60182],[108.76082,-7.60227],[108.76081,-7.60227],[108.76081,-7.60273],[108.76035,-7.60273],[108.76035,-7.60317],[108.76035,-7.60318],[108.7599,-7.60318],[108.75989,-7.60318],[108.75989,-7.60317],[108.75989,-7.60272],[108.7599,-7.60272],[108.76035,-7.60272],[108.76035,-7.60227],[108.76036,-7.60227],[108.76036,-7.60182],[108.76082,-7.60182]]],[[[108.75945,-7.60272],[108.75945,-7.60317],[108.759,-7.60317],[108.75899,-7.60317],[108.75899,-7.60272],[108.759,-7.60272],[108.75945,-7.60272]]],[[[108.76037,-7.60046],[108.76037,-7.60092],[108.75991,-7.60092],[108.75991,-7.60046],[108.76037,-7.60046]]],[[[108.75947,-7.5991],[108.75993,-7.5991],[108.75993,-7.59911],[108.76037,-7.59911],[108.76038,-7.59911],[108.76038,-7.59866],[108.76038,-7.59821],[108.76083,-7.59821],[108.76128,-7.59821],[108.76128,-7.59866],[108.76083,-7.59866],[108.76083,-7.59911],[108.76083,-7.59956],[108.76083,-7.60001],[108.76083,-7.60002],[108.76037,-7.60002],[108.76037,-7.60001],[108.76037,-7.59956],[108.75993,-7.59956],[108.75992,-7.59956],[108.75992,-7.60001],[108.75946,-7.60001],[108.75946,-7.59956],[108.75947,-7.59956],[108.75947,-7.59911],[108.75947,-7.5991]]],[[[108.76128,-7.59776],[108.76174,-7.59776],[108.76174,-7.59821],[108.76144,-7.59821],[108.76128,-7.59821],[108.76128,-7.59817],[108.76128,-7.59776]]],[[[108.76039,-7.5964],[108.76039,-7.59685],[108.75993,-7.59685],[108.75993,-7.5964],[108.76039,-7.5964]]],[[[108.76084,-7.5955],[108.76084,-7.59505],[108.76085,-7.59505],[108.76085,-7.59459],[108.7613,-7.59459],[108.7613,-7.59415],[108.76085,-7.59415],[108.76085,-7.59414],[108.76085,-7.59369],[108.76086,-7.59369],[108.76086,-7.59324],[108.76131,-7.59324],[108.76131,-7.59279],[108.76176,-7.59279],[108.76177,-7.59279],[108.76177,-7.59324],[108.76176,-7.59324],[108.76132,-7.59324],[108.76132,-7.59369],[108.76131,-7.59369],[108.76131,-7.59414],[108.76176,-7.59414],[108.76176,-7.59415],[108.76176,-7.5946],[108.76176,-7.59505],[108.76131,-7.59505],[108.7613,-7.59505],[108.7613,-7.5955],[108.76175,-7.5955],[108.76175,-7.59595],[108.76129,-7.59595],[108.76129,-7.5955],[108.76084,-7.5955]]],[[[108.75949,-7.59594],[108.75903,-7.59594],[108.75903,-7.59549],[108.75948,-7.59549],[108.75948,-7.59504],[108.75994,-7.59504],[108.75994,-7.59549],[108.75949,-7.59549],[108.75949,-7.59594]]],[[[108.76041,-7.59233],[108.75996,-7.59233],[108.75996,-7.59188],[108.76041,-7.59188],[108.76041,-7.59233]]],[[[108.76178,-7.59099],[108.76178,-7.59144],[108.76222,-7.59144],[108.76223,-7.59144],[108.76268,-7.59144],[108.76268,-7.59189],[108.76313,-7.59189],[108.76313,-7.59234],[108.76313,-7.59235],[108.76313,-7.5928],[108.76357,-7.5928],[108.76357,-7.59235],[108.76358,-7.59235],[108.76358,-7.5919],[108.76403,-7.5919],[108.76403,-7.59145],[108.76449,-7.59145],[108.76449,-7.5919],[108.76494,-7.5919],[108.7654,-7.5919],[108.7654,-7.59191],[108.7654,-7.59236],[108.76584,-7.59236],[108.76585,-7.59236],[108.7663,-7.59236],[108.7663,-7.59281],[108.7663,-7.59282],[108.76584,-7.59282],[108.76584,-7.59281],[108.76539,-7.59281],[108.76494,-7.59281],[108.76493,-7.59281],[108.76449,-7.59281],[108.76448,-7.59281],[108.76448,-7.59326],[108.76403,-7.59326],[108.76403,-7.59371],[108.76448,-7.59371],[108.76448,-7.59416],[108.76402,-7.59416],[108.76357,-7.59416],[108.76357,-7.59461],[108.76312,-7.59461],[108.76311,-7.59461],[108.76266,-7.59461],[108.76266,-7.59415],[108.76311,-7.59415],[108.76311,-7.5937],[108.76267,-7.5937],[108.76266,-7.5937],[108.76221,-7.5937],[108.76221,-7.59325],[108.76266,-7.59325],[108.76267,-7.59325],[108.76312,-7.59325],[108.76312,-7.5928],[108.76267,-7.5928],[108.76221,-7.5928],[108.76221,-7.59234],[108.76222,-7.59234],[108.76222,-7.59189],[108.76177,-7.59189],[108.76177,-7.59144],[108.76132,-7.59144],[108.76132,-7.59099],[108.76132,-7.59098],[108.76132,-7.59053],[108.76178,-7.59053],[108.76178,-7.59098],[108.76178,-7.59099]],[[108.76312,-7.5937],[108.76356,-7.5937],[108.76357,-7.5937],[108.76357,-7.59325],[108.76312,-7.59325],[108.76312,-7.5937]],[[108.76402,-7.5928],[108.76358,-7.5928],[108.76358,-7.59325],[108.76402,-7.59325],[108.76402,-7.5928]]],[[[108.76041,-7.59098],[108.76041,-7.59143],[108.75996,-7.59143],[108.75996,-7.59098],[108.75951,-7.59098],[108.75951,-7.59097],[108.75906,-7.59097],[108.75906,-7.59052],[108.75951,-7.59052],[108.75997,-7.59052],[108.75997,-7.59097],[108.76041,-7.59097],[108.76041,-7.59098]]],[[[108.75907,-7.58962],[108.75951,-7.58962],[108.75951,-7.58917],[108.75952,-7.58917],[108.75952,-7.58872],[108.75952,-7.58871],[108.75952,-7.58826],[108.75998,-7.58826],[108.75998,-7.58871],[108.75998,-7.58872],[108.76042,-7.58872],[108.76043,-7.58872],[108.76088,-7.58872],[108.76088,-7.58917],[108.76043,-7.58917],[108.76042,-7.58917],[108.75998,-7.58917],[108.75997,-7.58917],[108.75997,-7.58962],[108.75997,-7.59007],[108.75952,-7.59007],[108.75951,-7.59007],[108.75906,-7.59007],[108.75906,-7.59052],[108.75861,-7.59052],[108.75861,-7.59007],[108.75861,-7.59006],[108.75906,-7.59006],[108.75906,-7.58962],[108.75861,-7.58962],[108.75861,-7.58961],[108.75861,-7.58916],[108.75907,-7.58916],[108.75907,-7.58961],[108.75907,-7.58962]]],[[[108.75999,-7.58601],[108.75954,-7.58601],[108.75954,-7.586],[108.75909,-7.586],[108.75909,-7.58555],[108.75954,-7.58555],[108.75955,-7.58555],[108.75999,-7.58555],[108.76,-7.58555],[108.76,-7.58601],[108.75999,-7.58601]]],[[[108.76091,-7.58285],[108.76091,-7.5833],[108.76045,-7.5833],[108.76045,-7.58285],[108.76091,-7.58285]]],[[[108.76001,-7.58239],[108.76001,-7.58284],[108.75955,-7.58284],[108.75955,-7.58239],[108.76001,-7.58239]]],[[[108.76093,-7.57878],[108.76093,-7.57923],[108.76048,-7.57923],[108.76047,-7.57923],[108.76047,-7.57878],[108.76048,-7.57878],[108.76093,-7.57878]]],[[[108.75958,-7.57832],[108.75958,-7.57878],[108.75957,-7.57878],[108.75912,-7.57878],[108.75912,-7.57832],[108.75957,-7.57832],[108.75958,-7.57832]]],[[[108.75869,-7.57516],[108.75869,-7.57561],[108.75823,-7.57561],[108.75823,-7.57516],[108.75823,-7.57515],[108.75869,-7.57515],[108.75869,-7.57516]]],[[[108.76096,-7.57427],[108.76096,-7.57426],[108.76141,-7.57426],[108.76141,-7.57382],[108.76186,-7.57382],[108.76186,-7.57427],[108.76141,-7.57427],[108.76141,-7.57472],[108.76101,-7.57472],[108.761,-7.57472],[108.76096,-7.57472],[108.76096,-7.57444],[108.76096,-7.57427]]],[[[108.76097,-7.57155],[108.76097,-7.57111],[108.76097,-7.5711],[108.76097,-7.57065],[108.76143,-7.57065],[108.76143,-7.5711],[108.76143,-7.57111],[108.76143,-7.57156],[108.76142,-7.57156],[108.76142,-7.57201],[108.76142,-7.57246],[108.76142,-7.57291],[108.76141,-7.57291],[108.76141,-7.57336],[108.76141,-7.57382],[108.76096,-7.57382],[108.76096,-7.57336],[108.76096,-7.57291],[108.76096,-7.57246],[108.76096,-7.57201],[108.76064,-7.57201],[108.76051,-7.57201],[108.76051,-7.57155],[108.7606,-7.57155],[108.76096,-7.57155],[108.76097,-7.57155]]],[[[108.75961,-7.57245],[108.75916,-7.57245],[108.75915,-7.57245],[108.75915,-7.572],[108.75916,-7.572],[108.75961,-7.572],[108.75961,-7.57245]]],[[[108.75871,-7.57199],[108.75871,-7.57245],[108.7587,-7.57245],[108.75825,-7.57245],[108.75825,-7.57199],[108.7587,-7.57199],[108.75871,-7.57199]]],[[[108.76008,-7.56839],[108.76008,-7.56794],[108.76054,-7.56794],[108.76054,-7.56839],[108.76054,-7.56884],[108.76054,-7.56929],[108.76099,-7.56929],[108.76099,-7.56975],[108.76098,-7.56975],[108.76098,-7.5702],[108.76052,-7.5702],[108.76052,-7.56975],[108.76052,-7.56974],[108.76053,-7.56974],[108.76053,-7.56929],[108.76017,-7.56929],[108.76016,-7.56929],[108.76008,-7.56929],[108.76008,-7.56898],[108.76008,-7.56884],[108.76008,-7.56839]]],[[[108.76144,-7.56749],[108.76144,-7.56794],[108.76099,-7.56794],[108.76099,-7.56749],[108.76144,-7.56749]]],[[[108.75919,-7.56703],[108.75919,-7.56748],[108.75873,-7.56748],[108.75873,-7.56703],[108.75873,-7.56702],[108.75918,-7.56702],[108.75918,-7.56672],[108.75918,-7.56658],[108.75919,-7.56658],[108.75919,-7.56613],[108.75919,-7.56612],[108.75919,-7.56567],[108.75964,-7.56567],[108.75964,-7.56612],[108.75964,-7.56613],[108.75964,-7.56658],[108.76009,-7.56658],[108.76009,-7.56703],[108.76009,-7.56748],[108.75963,-7.56748],[108.75963,-7.56703],[108.75946,-7.56703],[108.75919,-7.56703]]],[[[108.76145,-7.56523],[108.76145,-7.56478],[108.76101,-7.56478],[108.761,-7.56478],[108.76055,-7.56478],[108.76055,-7.56444],[108.761,-7.56459],[108.761,-7.56458],[108.76102,-7.56459],[108.76146,-7.56473],[108.76162,-7.56478],[108.76161,-7.56478],[108.76187,-7.56487],[108.76191,-7.56487],[108.76237,-7.565],[108.76237,-7.565],[108.76282,-7.56512],[108.76282,-7.56524],[108.76237,-7.56524],[108.76236,-7.56524],[108.76236,-7.56569],[108.76236,-7.56614],[108.76236,-7.56659],[108.7619,-7.56659],[108.7619,-7.56704],[108.76144,-7.56704],[108.76144,-7.56659],[108.76144,-7.56614],[108.76145,-7.56614],[108.76145,-7.56568],[108.761,-7.56568],[108.761,-7.56523],[108.76145,-7.56523]],[[108.7619,-7.56524],[108.7619,-7.56523],[108.76146,-7.56523],[108.76146,-7.56568],[108.7619,-7.56568],[108.7619,-7.56524]]],[[[108.7601,-7.56477],[108.75964,-7.56477],[108.75964,-7.56432],[108.75965,-7.56432],[108.75965,-7.56415],[108.75974,-7.56418],[108.7601,-7.5643],[108.7601,-7.56429],[108.76019,-7.56432],[108.76011,-7.56432],[108.7601,-7.56432],[108.7601,-7.56477]]],[[[108.76336,-7.63481],[108.76336,-7.63482],[108.7629,-7.63482],[108.7629,-7.63481],[108.7629,-7.63436],[108.76336,-7.63436],[108.76336,-7.63481]]],[[[108.76428,-7.63301],[108.76427,-7.63301],[108.76382,-7.63301],[108.76382,-7.63256],[108.76427,-7.63256],[108.76428,-7.63256],[108.76428,-7.63301]]],[[[108.76518,-7.63211],[108.76564,-7.63211],[108.76564,-7.63257],[108.76518,-7.63257],[108.76472,-7.63257],[108.76472,-7.63256],[108.76472,-7.63211],[108.76518,-7.63211]]],[[[108.76292,-7.6321],[108.76292,-7.63255],[108.76247,-7.63255],[108.76247,-7.6321],[108.76292,-7.6321]]],[[[108.76298,-7.6312],[108.76292,-7.6312],[108.76292,-7.63075],[108.76247,-7.63075],[108.76247,-7.63029],[108.76203,-7.63029],[108.76202,-7.63029],[108.76177,-7.63029],[108.76157,-7.63029],[108.76157,-7.62984],[108.7618,-7.62984],[108.76202,-7.62984],[108.76203,-7.62984],[108.76248,-7.62984],[108.76248,-7.63029],[108.76292,-7.63029],[108.76293,-7.63029],[108.76293,-7.62985],[108.76293,-7.62984],[108.76293,-7.62939],[108.76338,-7.62939],[108.76339,-7.62939],[108.76384,-7.62939],[108.76384,-7.62985],[108.76339,-7.62985],[108.76339,-7.6303],[108.76383,-7.6303],[108.76384,-7.6303],[108.76425,-7.6303],[108.76428,-7.6303],[108.76429,-7.6303],[108.76474,-7.6303],[108.76474,-7.63075],[108.76474,-7.63076],[108.76474,-7.63121],[108.76429,-7.63121],[108.76428,-7.63121],[108.76428,-7.63166],[108.76383,-7.63166],[108.76383,-7.63211],[108.76337,-7.63211],[108.76337,-7.63165],[108.76382,-7.63165],[108.76382,-7.6312],[108.76383,-7.6312],[108.76383,-7.63075],[108.76367,-7.63075],[108.76338,-7.63075],[108.76338,-7.63097],[108.76338,-7.6312],[108.76298,-7.6312]]],[[[108.76247,-7.63142],[108.76247,-7.6312],[108.76292,-7.6312],[108.76292,-7.63123],[108.76292,-7.63165],[108.76247,-7.63165],[108.76247,-7.63142]]],[[[108.76171,-7.63119],[108.76157,-7.63119],[108.76157,-7.63074],[108.76174,-7.63074],[108.76202,-7.63074],[108.76202,-7.63119],[108.76171,-7.63119]]],[[[108.7652,-7.62986],[108.76474,-7.62986],[108.76474,-7.62985],[108.76474,-7.6294],[108.76475,-7.6294],[108.76475,-7.62895],[108.76521,-7.62895],[108.76521,-7.6294],[108.7652,-7.6294],[108.7652,-7.62985],[108.7652,-7.62986]]],[[[108.76385,-7.62759],[108.76385,-7.62804],[108.76385,-7.62849],[108.76385,-7.62894],[108.76339,-7.62894],[108.76339,-7.62849],[108.76339,-7.62804],[108.76294,-7.62804],[108.76294,-7.62758],[108.7634,-7.62758],[108.7634,-7.62759],[108.76385,-7.62759]]],[[[108.76521,-7.62805],[108.76521,-7.6285],[108.76475,-7.6285],[108.76475,-7.62805],[108.76475,-7.62804],[108.76521,-7.62804],[108.76521,-7.62805]]],[[[108.76204,-7.62803],[108.76158,-7.62803],[108.76158,-7.62758],[108.76204,-7.62758],[108.76204,-7.62803]]],[[[108.7625,-7.62758],[108.76204,-7.62758],[108.76204,-7.62713],[108.7625,-7.62713],[108.7625,-7.62758]]],[[[108.76295,-7.62714],[108.76295,-7.62713],[108.76295,-7.62668],[108.7634,-7.62668],[108.76341,-7.62668],[108.76341,-7.62713],[108.76341,-7.62714],[108.7634,-7.62714],[108.76295,-7.62714]]],[[[108.76476,-7.62669],[108.76431,-7.62669],[108.7643,-7.62669],[108.7643,-7.62624],[108.76386,-7.62624],[108.76385,-7.62624],[108.76385,-7.62578],[108.76386,-7.62578],[108.76431,-7.62578],[108.76431,-7.62624],[108.76476,-7.62624],[108.76476,-7.62669]]],[[[108.76521,-7.62579],[108.76521,-7.62534],[108.76567,-7.62534],[108.76567,-7.62489],[108.76613,-7.62489],[108.76613,-7.62534],[108.76658,-7.62534],[108.76658,-7.62579],[108.76658,-7.6258],[108.76658,-7.62624],[108.76658,-7.62625],[108.76703,-7.62625],[108.76703,-7.6267],[108.76702,-7.6267],[108.76702,-7.62705],[108.76687,-7.62705],[108.76687,-7.6267],[108.76687,-7.62669],[108.76658,-7.62669],[108.76657,-7.62669],[108.76633,-7.62669],[108.76633,-7.62651],[108.76612,-7.62651],[108.76612,-7.62625],[108.76612,-7.62624],[108.76612,-7.6258],[108.76612,-7.62579],[108.76567,-7.62579],[108.76522,-7.62579],[108.76522,-7.62624],[108.76476,-7.62624],[108.76476,-7.62579],[108.76521,-7.62579]]],[[[108.7625,-7.62578],[108.7625,-7.62533],[108.7625,-7.62532],[108.7625,-7.62487],[108.76296,-7.62487],[108.76296,-7.62532],[108.76296,-7.62533],[108.76296,-7.62578],[108.76295,-7.62578],[108.7625,-7.62578]]],[[[108.76523,-7.62443],[108.76523,-7.62488],[108.76523,-7.62489],[108.76477,-7.62489],[108.76477,-7.62488],[108.76477,-7.62443],[108.76523,-7.62443]]],[[[108.76206,-7.62442],[108.76205,-7.62442],[108.7616,-7.62442],[108.7616,-7.62396],[108.76205,-7.62396],[108.76206,-7.62396],[108.76206,-7.62442]]],[[[108.76434,-7.62217],[108.76388,-7.62217],[108.76388,-7.62172],[108.76434,-7.62172],[108.76434,-7.62217]]],[[[108.76299,-7.61945],[108.76344,-7.61945],[108.76344,-7.61991],[108.76299,-7.61991],[108.76298,-7.61991],[108.76298,-7.6199],[108.76253,-7.6199],[108.76253,-7.61945],[108.76208,-7.61945],[108.76208,-7.619],[108.76253,-7.619],[108.76254,-7.619],[108.76299,-7.619],[108.76299,-7.61945]]],[[[108.76483,-7.61314],[108.76483,-7.61359],[108.76437,-7.61359],[108.76437,-7.61314],[108.76437,-7.61313],[108.76483,-7.61313],[108.76483,-7.61314]]],[[[108.7653,-7.61043],[108.7653,-7.61088],[108.76484,-7.61088],[108.76484,-7.61043],[108.7653,-7.61043]]],[[[108.76531,-7.60862],[108.76531,-7.60907],[108.7653,-7.60907],[108.76485,-7.60907],[108.76485,-7.60862],[108.7653,-7.60862],[108.76531,-7.60862]]],[[[108.76395,-7.60771],[108.7635,-7.60771],[108.7635,-7.60726],[108.76395,-7.60726],[108.76395,-7.60771]]],[[[108.76305,-7.60545],[108.76261,-7.60545],[108.7626,-7.60545],[108.76215,-7.60545],[108.76215,-7.60499],[108.7626,-7.60499],[108.76261,-7.60499],[108.76306,-7.60499],[108.76306,-7.60545],[108.76351,-7.60545],[108.76397,-7.60545],[108.76397,-7.6059],[108.76351,-7.6059],[108.76305,-7.6059],[108.76305,-7.60545]]],[[[108.76262,-7.60364],[108.76262,-7.60409],[108.76216,-7.60409],[108.76216,-7.60364],[108.76262,-7.60364]]],[[[108.76533,-7.60275],[108.76534,-7.60275],[108.76579,-7.60275],[108.76579,-7.6032],[108.76534,-7.6032],[108.76534,-7.60365],[108.76533,-7.60365],[108.76488,-7.60365],[108.76488,-7.6032],[108.76533,-7.6032],[108.76533,-7.60275]]],[[[108.76262,-7.60183],[108.76263,-7.60183],[108.76263,-7.60138],[108.76308,-7.60138],[108.76309,-7.60138],[108.76309,-7.60183],[108.76308,-7.60183],[108.76308,-7.60229],[108.76262,-7.60229],[108.76262,-7.60183]]],[[[108.76354,-7.60048],[108.76354,-7.60093],[108.76309,-7.60093],[108.76308,-7.60093],[108.76263,-7.60093],[108.76263,-7.60048],[108.76308,-7.60048],[108.76308,-7.60003],[108.76353,-7.60003],[108.76354,-7.60003],[108.76399,-7.60003],[108.76399,-7.60048],[108.76354,-7.60048]]],[[[108.76219,-7.59867],[108.76219,-7.59912],[108.76173,-7.59912],[108.76173,-7.59867],[108.76173,-7.59866],[108.76219,-7.59866],[108.76219,-7.59867]]],[[[108.76446,-7.59823],[108.76446,-7.59868],[108.764,-7.59868],[108.764,-7.59823],[108.764,-7.59822],[108.76446,-7.59822],[108.76446,-7.59823]]],[[[108.76264,-7.59777],[108.76244,-7.59777],[108.76219,-7.59777],[108.76219,-7.59774],[108.76219,-7.59731],[108.76265,-7.59731],[108.76265,-7.59686],[108.76311,-7.59686],[108.76311,-7.59732],[108.76265,-7.59732],[108.76265,-7.59777],[108.7631,-7.59777],[108.7631,-7.59783],[108.7631,-7.59822],[108.76264,-7.59822],[108.76264,-7.59779],[108.76264,-7.59778],[108.76264,-7.59777]]],[[[108.76447,-7.59597],[108.76492,-7.59597],[108.76492,-7.59642],[108.76447,-7.59642],[108.76446,-7.59642],[108.76401,-7.59642],[108.76401,-7.59597],[108.76356,-7.59597],[108.76356,-7.59551],[108.76356,-7.59506],[108.76402,-7.59506],[108.76402,-7.59551],[108.76447,-7.59551],[108.76447,-7.59597]]],[[[108.76266,-7.59505],[108.76311,-7.59505],[108.76312,-7.59505],[108.76312,-7.59506],[108.76312,-7.59551],[108.76311,-7.59551],[108.76266,-7.59551],[108.76266,-7.59506],[108.76266,-7.59505]]],[[[108.76449,-7.59055],[108.76495,-7.59055],[108.7654,-7.59055],[108.7654,-7.591],[108.7654,-7.59145],[108.7654,-7.59146],[108.76494,-7.59146],[108.76494,-7.59145],[108.76449,-7.59145],[108.76449,-7.591],[108.76449,-7.59055]]],[[[108.76405,-7.59054],[108.76405,-7.59055],[108.76359,-7.59055],[108.76359,-7.59054],[108.76359,-7.59009],[108.76405,-7.59009],[108.76405,-7.59054]]],[[[108.76541,-7.58965],[108.7654,-7.58965],[108.76495,-7.58965],[108.76495,-7.58919],[108.76541,-7.58919],[108.76541,-7.5892],[108.76586,-7.5892],[108.76586,-7.58965],[108.76541,-7.58965]]],[[[108.76454,-7.58151],[108.76454,-7.58196],[108.76408,-7.58196],[108.76408,-7.58151],[108.76454,-7.58151]]],[[[108.76366,-7.57834],[108.76366,-7.5788],[108.7632,-7.5788],[108.7632,-7.57834],[108.76366,-7.57834]]],[[[108.7623,-7.57834],[108.7623,-7.57879],[108.76184,-7.57879],[108.76184,-7.57834],[108.7623,-7.57834]]],[[[108.76548,-7.57564],[108.76548,-7.57609],[108.76548,-7.5761],[108.76502,-7.5761],[108.76502,-7.57609],[108.76502,-7.57564],[108.76548,-7.57564]]],[[[108.76186,-7.57517],[108.76186,-7.57562],[108.76186,-7.57563],[108.7614,-7.57563],[108.7614,-7.57562],[108.7614,-7.57517],[108.76186,-7.57517]]],[[[108.76503,-7.57429],[108.76548,-7.57429],[108.76548,-7.57384],[108.76503,-7.57384],[108.76503,-7.57338],[108.76459,-7.57338],[108.76459,-7.57383],[108.76413,-7.57383],[108.76413,-7.57338],[108.76458,-7.57338],[108.76458,-7.57293],[108.76414,-7.57293],[108.76413,-7.57293],[108.76368,-7.57293],[108.76368,-7.57247],[108.76368,-7.57202],[108.76323,-7.57202],[108.76323,-7.57157],[108.76369,-7.57157],[108.76369,-7.57202],[108.76414,-7.57202],[108.76414,-7.57157],[108.76459,-7.57157],[108.7646,-7.57157],[108.7646,-7.57202],[108.76505,-7.57202],[108.76505,-7.57203],[108.7655,-7.57203],[108.7655,-7.57248],[108.76594,-7.57248],[108.76594,-7.57203],[108.76595,-7.57203],[108.7664,-7.57203],[108.7664,-7.57249],[108.76595,-7.57249],[108.76595,-7.57293],[108.7664,-7.57293],[108.7664,-7.57294],[108.76684,-7.57294],[108.76685,-7.57294],[108.7673,-7.57294],[108.7673,-7.57249],[108.7673,-7.57204],[108.7673,-7.57159],[108.76776,-7.57159],[108.76776,-7.57204],[108.76776,-7.57249],[108.76776,-7.57294],[108.7682,-7.57294],[108.7682,-7.5725],[108.7682,-7.57249],[108.76866,-7.57249],[108.76866,-7.5725],[108.76866,-7.57295],[108.76821,-7.57295],[108.76821,-7.5734],[108.76775,-7.5734],[108.7673,-7.5734],[108.7673,-7.57384],[108.7673,-7.57385],[108.76775,-7.57385],[108.76775,-7.5743],[108.76775,-7.57475],[108.76775,-7.5752],[108.7682,-7.5752],[108.7682,-7.57566],[108.76774,-7.57566],[108.76774,-7.5752],[108.7673,-7.5752],[108.76729,-7.5752],[108.76684,-7.5752],[108.76684,-7.57565],[108.76639,-7.57565],[108.76638,-7.57565],[108.76593,-7.57565],[108.76593,-7.57519],[108.76548,-7.57519],[108.76502,-7.57519],[108.76502,-7.57474],[108.76503,-7.57474],[108.76503,-7.57429]],[[108.76549,-7.57248],[108.76505,-7.57248],[108.76504,-7.57248],[108.76504,-7.57293],[108.76549,-7.57293],[108.76549,-7.57248]],[[108.76414,-7.57203],[108.76414,-7.57247],[108.76459,-7.57247],[108.76459,-7.57203],[108.76414,-7.57203]],[[108.76639,-7.57384],[108.76595,-7.57384],[108.76594,-7.57384],[108.76594,-7.57429],[108.76639,-7.57429],[108.76684,-7.57429],[108.76684,-7.57385],[108.76684,-7.57384],[108.7664,-7.57384],[108.76639,-7.57384]],[[108.76594,-7.57519],[108.76638,-7.57519],[108.76638,-7.57475],[108.76594,-7.57475],[108.76594,-7.57519]]],[[[108.76231,-7.57382],[108.76276,-7.57382],[108.76277,-7.57382],[108.76322,-7.57382],[108.76322,-7.57427],[108.76322,-7.57428],[108.76322,-7.57473],[108.76367,-7.57473],[108.76367,-7.57518],[108.76321,-7.57518],[108.76321,-7.57473],[108.76276,-7.57473],[108.76276,-7.57428],[108.76276,-7.57427],[108.76231,-7.57427],[108.76231,-7.57382]]],[[[108.76413,-7.57383],[108.76413,-7.57428],[108.76367,-7.57428],[108.76367,-7.57383],[108.76413,-7.57383]]],[[[108.76232,-7.57291],[108.76232,-7.57337],[108.76186,-7.57337],[108.76186,-7.57291],[108.76232,-7.57291]]],[[[108.76233,-7.57201],[108.76233,-7.57246],[108.76233,-7.57247],[108.76187,-7.57247],[108.76187,-7.57246],[108.76187,-7.57201],[108.76233,-7.57201]]],[[[108.76279,-7.57111],[108.76279,-7.57156],[108.76233,-7.57156],[108.76233,-7.57111],[108.76279,-7.57111]]],[[[108.76507,-7.56751],[108.76507,-7.56796],[108.76461,-7.56796],[108.76461,-7.56751],[108.76507,-7.56751]]],[[[108.76507,-7.56564],[108.76508,-7.56564],[108.76515,-7.56566],[108.76539,-7.5657],[108.76539,-7.56571],[108.76508,-7.56571],[108.76508,-7.5657],[108.76507,-7.5657],[108.76507,-7.56564]]],[[[108.76326,-7.5657],[108.76326,-7.56524],[108.76335,-7.56527],[108.76372,-7.56535],[108.76372,-7.5657],[108.76326,-7.5657]]],[[[108.76736,-7.65019],[108.76736,-7.6502],[108.7669,-7.6502],[108.7669,-7.65019],[108.7669,-7.64974],[108.76736,-7.64974],[108.76736,-7.65019]]],[[[108.76603,-7.64432],[108.76557,-7.64432],[108.76557,-7.64386],[108.76603,-7.64386],[108.76603,-7.64432]]],[[[108.76607,-7.63573],[108.76607,-7.63528],[108.76653,-7.63528],[108.76653,-7.63573],[108.76653,-7.63574],[108.76653,-7.63619],[108.76607,-7.63619],[108.76607,-7.63574],[108.76607,-7.63573]]],[[[108.76562,-7.63573],[108.76562,-7.63618],[108.76516,-7.63618],[108.76516,-7.63573],[108.76562,-7.63573]]],[[[108.76698,-7.63438],[108.76698,-7.63483],[108.76653,-7.63483],[108.76652,-7.63483],[108.76652,-7.63438],[108.76653,-7.63438],[108.76698,-7.63438]]],[[[108.76836,-7.63258],[108.76836,-7.63303],[108.7679,-7.63303],[108.7679,-7.63258],[108.76836,-7.63258]]],[[[108.76655,-7.63122],[108.76655,-7.63167],[108.76609,-7.63167],[108.76609,-7.63122],[108.76609,-7.63121],[108.76655,-7.63121],[108.76655,-7.63122]]],[[[108.76791,-7.62987],[108.76836,-7.62987],[108.76836,-7.63003],[108.76836,-7.63032],[108.76836,-7.63077],[108.76836,-7.63078],[108.76791,-7.63078],[108.76791,-7.63077],[108.76791,-7.63032],[108.76791,-7.63006],[108.76791,-7.62987]]],[[[108.76701,-7.62986],[108.76746,-7.62986],[108.76746,-7.63005],[108.76746,-7.63006],[108.76746,-7.63032],[108.76701,-7.63032],[108.76701,-7.63005],[108.76701,-7.62986]]],[[[108.76883,-7.62806],[108.76883,-7.62852],[108.76837,-7.62852],[108.76837,-7.62806],[108.76883,-7.62806]]],[[[108.76656,-7.62806],[108.76656,-7.62777],[108.76656,-7.62776],[108.76669,-7.62776],[108.76669,-7.62761],[108.76669,-7.6276],[108.76669,-7.62741],[108.76701,-7.62741],[108.76702,-7.62741],[108.76705,-7.62741],[108.76705,-7.62715],[108.76747,-7.62715],[108.76747,-7.62716],[108.76793,-7.62716],[108.76793,-7.62761],[108.76793,-7.62806],[108.76747,-7.62806],[108.76747,-7.62761],[108.76702,-7.62761],[108.76702,-7.62806],[108.76656,-7.62806]]],[[[108.7684,-7.62445],[108.76839,-7.62445],[108.76795,-7.62445],[108.76795,-7.6249],[108.76794,-7.6249],[108.76749,-7.6249],[108.76703,-7.6249],[108.76703,-7.62444],[108.76704,-7.62444],[108.76704,-7.62399],[108.76749,-7.62399],[108.76794,-7.62399],[108.76795,-7.62399],[108.76795,-7.624],[108.76839,-7.624],[108.7684,-7.624],[108.7684,-7.62445]]],[[[108.76751,-7.62128],[108.76751,-7.62173],[108.76751,-7.62174],[108.76705,-7.62174],[108.76705,-7.62173],[108.76705,-7.62128],[108.76751,-7.62128]]],[[[108.76752,-7.61857],[108.76752,-7.61902],[108.76752,-7.61947],[108.76752,-7.61948],[108.76752,-7.61993],[108.76706,-7.61993],[108.76706,-7.62037],[108.76706,-7.62038],[108.76706,-7.62083],[108.7666,-7.62083],[108.7666,-7.62038],[108.7666,-7.62037],[108.7666,-7.61993],[108.7666,-7.61992],[108.7666,-7.61947],[108.76661,-7.61947],[108.76661,-7.61902],[108.76706,-7.61902],[108.76706,-7.61857],[108.76752,-7.61857]]],[[[108.76708,-7.61541],[108.76708,-7.61496],[108.76708,-7.61451],[108.76708,-7.6145],[108.76708,-7.61405],[108.76709,-7.61405],[108.76709,-7.6136],[108.76709,-7.61315],[108.76754,-7.61315],[108.76755,-7.61315],[108.768,-7.61315],[108.76846,-7.61315],[108.76846,-7.61361],[108.768,-7.61361],[108.76755,-7.61361],[108.76755,-7.61405],[108.76755,-7.61406],[108.76754,-7.61406],[108.76754,-7.6145],[108.76754,-7.61451],[108.76799,-7.61451],[108.76799,-7.61496],[108.76799,-7.61541],[108.76754,-7.61541],[108.76753,-7.61541],[108.76753,-7.61586],[108.76753,-7.61631],[108.76753,-7.61676],[108.76753,-7.61677],[108.76753,-7.61721],[108.76753,-7.61722],[108.76753,-7.61767],[108.76753,-7.61812],[108.76752,-7.61812],[108.76707,-7.61812],[108.76707,-7.61767],[108.76707,-7.61722],[108.76707,-7.61721],[108.76707,-7.61677],[108.76707,-7.61676],[108.76707,-7.61631],[108.76707,-7.61586],[108.76707,-7.61541],[108.76708,-7.61541]]],[[[108.76891,-7.61135],[108.76891,-7.6118],[108.76846,-7.6118],[108.76845,-7.6118],[108.76845,-7.61135],[108.76846,-7.61135],[108.76891,-7.61135]]],[[[108.7662,-7.61134],[108.76574,-7.61134],[108.76574,-7.61088],[108.7662,-7.61088],[108.7662,-7.61089],[108.76665,-7.61089],[108.76666,-7.61089],[108.76666,-7.61134],[108.76665,-7.61134],[108.7662,-7.61134]]],[[[108.76712,-7.60818],[108.76712,-7.60863],[108.76666,-7.60863],[108.76666,-7.60818],[108.76712,-7.60818]]],[[[108.76622,-7.60727],[108.76576,-7.60727],[108.76576,-7.60682],[108.76622,-7.60682],[108.76622,-7.60727]]],[[[108.76714,-7.60637],[108.76668,-7.60637],[108.76668,-7.60592],[108.76714,-7.60592],[108.76714,-7.60637]]],[[[108.76806,-7.60186],[108.76806,-7.60231],[108.7676,-7.60231],[108.7676,-7.60186],[108.76806,-7.60186]]],[[[108.76717,-7.59914],[108.76717,-7.5996],[108.76713,-7.5996],[108.76672,-7.5996],[108.76672,-7.60005],[108.76626,-7.60005],[108.76626,-7.59959],[108.76626,-7.59914],[108.76671,-7.59914],[108.76671,-7.59869],[108.76701,-7.59869],[108.76717,-7.59869],[108.76717,-7.59914]]],[[[108.76808,-7.5987],[108.76762,-7.5987],[108.76762,-7.59824],[108.76808,-7.59824],[108.76808,-7.5987]]],[[[108.76628,-7.59507],[108.76628,-7.59553],[108.76582,-7.59553],[108.76582,-7.59507],[108.76628,-7.59507]]],[[[108.76856,-7.59418],[108.76856,-7.59463],[108.76855,-7.59463],[108.7681,-7.59463],[108.7681,-7.59418],[108.76855,-7.59418],[108.76856,-7.59418]]],[[[108.76765,-7.59282],[108.7681,-7.59282],[108.76811,-7.59282],[108.76856,-7.59282],[108.76856,-7.59328],[108.76811,-7.59328],[108.7681,-7.59328],[108.76765,-7.59328],[108.76765,-7.59282]]],[[[108.76902,-7.59057],[108.76902,-7.59102],[108.76856,-7.59102],[108.76856,-7.59057],[108.76902,-7.59057]]],[[[108.76858,-7.58876],[108.76858,-7.58831],[108.76858,-7.58786],[108.76903,-7.58786],[108.76904,-7.58786],[108.76948,-7.58786],[108.76949,-7.58786],[108.76994,-7.58786],[108.76994,-7.58831],[108.76994,-7.58832],[108.76994,-7.58877],[108.76994,-7.58922],[108.77038,-7.58922],[108.77038,-7.58877],[108.77039,-7.58877],[108.77084,-7.58877],[108.77084,-7.58922],[108.77084,-7.58967],[108.77084,-7.58968],[108.77129,-7.58968],[108.77174,-7.58968],[108.77219,-7.58968],[108.77265,-7.58968],[108.77265,-7.59014],[108.7731,-7.59014],[108.7731,-7.59059],[108.77264,-7.59059],[108.77219,-7.59059],[108.77174,-7.59059],[108.77174,-7.59104],[108.77129,-7.59104],[108.77129,-7.59148],[108.77129,-7.59149],[108.77128,-7.59149],[108.77128,-7.59193],[108.77128,-7.59194],[108.77128,-7.59239],[108.77128,-7.59284],[108.77082,-7.59284],[108.77082,-7.59239],[108.77082,-7.59194],[108.77082,-7.59193],[108.77082,-7.59148],[108.77037,-7.59148],[108.77037,-7.59103],[108.77038,-7.59103],[108.77038,-7.59058],[108.77038,-7.59013],[108.77038,-7.59012],[108.77038,-7.58968],[108.77038,-7.58967],[108.76994,-7.58967],[108.76993,-7.58967],[108.76948,-7.58967],[108.76948,-7.58922],[108.76903,-7.58922],[108.76903,-7.58877],[108.76903,-7.58876],[108.76858,-7.58876]],[[108.77084,-7.59103],[108.77128,-7.59103],[108.77128,-7.59058],[108.77129,-7.59058],[108.77129,-7.59013],[108.77084,-7.59013],[108.77084,-7.59058],[108.77084,-7.59103]]],[[[108.76768,-7.5883],[108.76723,-7.5883],[108.76722,-7.5883],[108.76677,-7.5883],[108.76631,-7.5883],[108.76631,-7.58785],[108.76677,-7.58785],[108.76677,-7.5874],[108.76723,-7.5874],[108.76723,-7.58785],[108.76768,-7.58785],[108.76768,-7.5874],[108.76813,-7.5874],[108.76814,-7.5874],[108.76814,-7.58785],[108.76814,-7.58786],[108.76813,-7.58786],[108.76768,-7.58786],[108.76768,-7.5883]]],[[[108.76588,-7.58603],[108.76588,-7.58649],[108.76542,-7.58649],[108.76542,-7.58603],[108.76588,-7.58603]]],[[[108.76589,-7.58468],[108.76589,-7.58513],[108.76588,-7.58513],[108.76543,-7.58513],[108.76543,-7.58468],[108.76588,-7.58468],[108.76589,-7.58468]]],[[[108.76863,-7.57927],[108.76863,-7.57973],[108.76817,-7.57973],[108.76817,-7.57927],[108.76863,-7.57927]]],[[[108.76592,-7.5786],[108.76592,-7.57869],[108.76592,-7.57881],[108.76592,-7.57926],[108.76591,-7.57926],[108.76588,-7.57926],[108.76579,-7.57926],[108.76546,-7.57926],[108.76546,-7.57881],[108.76546,-7.57835],[108.76591,-7.57835],[108.76592,-7.57835],[108.76592,-7.5786]]],[[[108.76773,-7.57746],[108.76773,-7.57701],[108.76818,-7.57701],[108.76818,-7.57656],[108.76773,-7.57656],[108.76773,-7.57611],[108.76819,-7.57611],[108.76865,-7.57611],[108.76865,-7.57656],[108.76864,-7.57656],[108.76864,-7.57701],[108.76864,-7.57702],[108.76819,-7.57702],[108.76819,-7.57746],[108.76864,-7.57746],[108.76864,-7.57747],[108.76864,-7.57792],[108.76819,-7.57792],[108.76818,-7.57792],[108.76773,-7.57792],[108.76773,-7.57791],[108.76728,-7.57791],[108.76727,-7.57791],[108.76682,-7.57791],[108.76682,-7.57746],[108.76727,-7.57746],[108.76728,-7.57746],[108.76773,-7.57746]]],[[[108.76728,-7.57655],[108.76728,-7.57701],[108.76682,-7.57701],[108.76682,-7.57655],[108.76728,-7.57655]]],[[[108.7682,-7.5743],[108.7682,-7.57385],[108.76865,-7.57385],[108.7691,-7.57385],[108.7691,-7.5734],[108.76911,-7.5734],[108.76911,-7.57295],[108.76957,-7.57295],[108.76957,-7.57341],[108.76956,-7.57341],[108.76956,-7.57386],[108.76911,-7.57386],[108.76911,-7.57431],[108.76956,-7.57431],[108.76956,-7.57476],[108.7691,-7.57476],[108.7691,-7.57431],[108.76865,-7.57431],[108.76865,-7.5743],[108.7682,-7.5743]]],[[[108.76822,-7.57114],[108.76822,-7.57159],[108.76776,-7.57159],[108.76776,-7.57114],[108.76822,-7.57114]]],[[[108.76596,-7.57022],[108.76596,-7.57068],[108.7655,-7.57068],[108.7655,-7.57022],[108.76596,-7.57022]]],[[[108.76822,-7.56933],[108.76868,-7.56933],[108.76868,-7.56978],[108.76868,-7.56979],[108.76913,-7.56979],[108.76913,-7.57024],[108.76868,-7.57024],[108.76867,-7.57024],[108.76822,-7.57024],[108.76822,-7.56979],[108.76822,-7.56978],[108.76822,-7.56933]]],[[[108.76778,-7.56933],[108.76778,-7.56978],[108.76732,-7.56978],[108.76732,-7.56933],[108.76778,-7.56933]]],[[[108.7687,-7.56625],[108.76915,-7.56635],[108.76915,-7.56635],[108.76935,-7.5664],[108.7696,-7.56645],[108.77006,-7.56654],[108.77006,-7.56654],[108.7705,-7.56663],[108.77006,-7.56663],[108.77005,-7.56663],[108.77005,-7.56708],[108.76959,-7.56708],[108.76959,-7.56663],[108.76915,-7.56663],[108.76914,-7.56663],[108.7687,-7.56663],[108.76869,-7.56663],[108.76824,-7.56663],[108.76824,-7.56662],[108.76778,-7.56662],[108.76778,-7.56617],[108.76824,-7.56626],[108.76839,-7.56629],[108.76853,-7.56633],[108.76857,-7.56622],[108.7687,-7.56625],[108.7687,-7.56625]]],[[[108.76587,-7.5658],[108.76598,-7.56582],[108.76643,-7.56591],[108.76643,-7.5659],[108.76664,-7.56595],[108.76688,-7.56599],[108.76734,-7.56608],[108.76734,-7.56608],[108.76778,-7.56617],[108.76734,-7.56617],[108.76733,-7.56617],[108.76688,-7.56617],[108.76688,-7.56616],[108.76643,-7.56616],[108.76598,-7.56616],[108.76553,-7.56616],[108.76553,-7.56573],[108.76587,-7.5658]]],[[[108.77086,-7.65482],[108.77086,-7.65483],[108.77085,-7.65483],[108.77084,-7.65482],[108.77083,-7.65482],[108.77066,-7.65473],[108.77096,-7.65473],[108.77096,-7.65486],[108.77087,-7.65482],[108.77086,-7.65482]]],[[[108.77277,-7.65338],[108.77277,-7.65339],[108.77322,-7.65339],[108.77322,-7.65384],[108.77277,-7.65384],[108.77232,-7.65384],[108.77232,-7.65338],[108.77277,-7.65338]]],[[[108.77096,-7.65338],[108.77141,-7.65338],[108.77141,-7.65293],[108.77142,-7.65293],[108.77187,-7.65293],[108.77187,-7.65338],[108.77142,-7.65338],[108.77142,-7.65383],[108.77096,-7.65383],[108.77096,-7.65338]]],[[[108.77096,-7.65248],[108.77096,-7.65247],[108.77096,-7.65202],[108.77097,-7.65202],[108.77142,-7.65202],[108.77142,-7.65247],[108.77142,-7.65248],[108.77097,-7.65248],[108.77096,-7.65248]]],[[[108.76916,-7.65201],[108.76916,-7.65246],[108.7687,-7.65246],[108.7687,-7.65201],[108.76916,-7.65201]]],[[[108.76962,-7.65156],[108.76962,-7.65201],[108.76916,-7.65201],[108.76916,-7.65156],[108.76962,-7.65156]]],[[[108.77238,-7.64254],[108.77238,-7.64299],[108.77192,-7.64299],[108.77192,-7.64254],[108.77238,-7.64254]]],[[[108.76926,-7.63258],[108.76926,-7.63304],[108.7688,-7.63304],[108.7688,-7.63258],[108.76926,-7.63258]]],[[[108.77243,-7.6317],[108.77243,-7.63215],[108.77197,-7.63215],[108.77197,-7.6317],[108.77243,-7.6317]]],[[[108.77062,-7.63169],[108.77062,-7.63214],[108.77016,-7.63214],[108.77016,-7.63169],[108.77062,-7.63169]]],[[[108.76926,-7.63168],[108.76926,-7.63213],[108.76881,-7.63213],[108.76881,-7.63168],[108.76926,-7.63168]]],[[[108.7729,-7.63034],[108.7729,-7.6308],[108.77244,-7.6308],[108.77244,-7.63034],[108.7729,-7.63034]]],[[[108.76927,-7.63033],[108.76927,-7.63078],[108.76881,-7.63078],[108.76881,-7.63033],[108.76881,-7.63032],[108.76926,-7.63032],[108.76926,-7.62988],[108.76898,-7.62988],[108.76881,-7.62988],[108.76881,-7.62942],[108.76882,-7.62942],[108.76882,-7.62897],[108.76928,-7.62897],[108.76928,-7.62942],[108.76972,-7.62942],[108.76972,-7.62898],[108.76972,-7.62897],[108.77018,-7.62897],[108.77018,-7.62898],[108.77018,-7.62943],[108.77018,-7.62977],[108.77018,-7.62988],[108.77063,-7.62988],[108.7708,-7.62988],[108.77108,-7.62988],[108.77108,-7.62943],[108.77154,-7.62943],[108.77154,-7.62989],[108.77109,-7.62989],[108.77109,-7.62992],[108.77109,-7.63034],[108.77153,-7.63034],[108.77153,-7.63079],[108.77107,-7.63079],[108.77107,-7.63034],[108.77063,-7.63034],[108.77063,-7.63079],[108.77017,-7.63079],[108.77017,-7.63033],[108.77017,-7.62988],[108.76973,-7.62988],[108.76972,-7.62988],[108.76972,-7.63033],[108.76927,-7.63033]]],[[[108.77244,-7.62989],[108.77244,-7.62976],[108.77244,-7.62944],[108.7729,-7.62944],[108.7729,-7.62964],[108.7729,-7.62989],[108.77244,-7.62989]]],[[[108.77155,-7.62763],[108.77155,-7.62808],[108.77109,-7.62808],[108.77109,-7.62763],[108.77155,-7.62763]]],[[[108.77065,-7.62762],[108.77065,-7.62808],[108.77064,-7.62808],[108.77019,-7.62808],[108.77019,-7.62762],[108.77064,-7.62762],[108.77065,-7.62762]]],[[[108.77156,-7.62492],[108.77156,-7.62537],[108.7711,-7.62537],[108.7711,-7.62492],[108.77156,-7.62492]]],[[[108.76929,-7.62445],[108.76929,-7.624],[108.76975,-7.624],[108.76975,-7.62445],[108.76975,-7.62446],[108.76975,-7.62491],[108.76929,-7.62491],[108.76929,-7.62446],[108.76929,-7.62445]]],[[[108.77203,-7.62357],[108.77157,-7.62357],[108.77157,-7.62356],[108.77157,-7.62311],[108.77203,-7.62311],[108.77203,-7.62356],[108.77203,-7.62357]]],[[[108.77203,-7.62176],[108.77203,-7.62221],[108.77158,-7.62221],[108.77158,-7.62176],[108.77203,-7.62176]]],[[[108.77248,-7.62131],[108.77293,-7.62131],[108.77294,-7.62131],[108.77339,-7.62131],[108.77339,-7.62176],[108.77339,-7.62177],[108.77293,-7.62177],[108.77293,-7.62176],[108.77248,-7.62176],[108.77203,-7.62176],[108.77203,-7.62131],[108.77248,-7.62131]]],[[[108.77252,-7.61408],[108.77252,-7.61453],[108.77206,-7.61453],[108.77206,-7.61408],[108.77252,-7.61408]]],[[[108.77116,-7.61407],[108.77116,-7.61452],[108.77116,-7.61453],[108.77071,-7.61453],[108.77071,-7.61452],[108.77071,-7.61407],[108.77116,-7.61407]]],[[[108.76981,-7.61226],[108.76981,-7.61181],[108.76981,-7.61173],[108.76981,-7.61136],[108.77003,-7.61136],[108.77027,-7.61136],[108.77027,-7.61181],[108.77027,-7.61226],[108.77072,-7.61226],[108.77072,-7.61272],[108.77026,-7.61272],[108.77026,-7.61316],[108.77026,-7.61317],[108.76981,-7.61317],[108.76981,-7.61361],[108.76981,-7.61362],[108.76981,-7.61407],[108.76936,-7.61407],[108.76936,-7.61362],[108.76936,-7.61361],[108.7689,-7.61361],[108.7689,-7.61316],[108.76936,-7.61316],[108.76936,-7.61271],[108.76981,-7.61271],[108.77026,-7.61271],[108.77026,-7.61226],[108.76981,-7.61226]]],[[[108.7721,-7.60775],[108.7721,-7.6082],[108.7721,-7.60821],[108.77164,-7.60821],[108.77164,-7.6082],[108.77164,-7.60775],[108.7721,-7.60775]]],[[[108.77256,-7.60685],[108.77256,-7.6073],[108.7721,-7.6073],[108.7721,-7.60685],[108.7721,-7.6064],[108.77256,-7.6064],[108.77256,-7.60685]]],[[[108.77123,-7.60097],[108.771,-7.60097],[108.77077,-7.60097],[108.77077,-7.60052],[108.77123,-7.60052],[108.77123,-7.60075],[108.77123,-7.60097]]],[[[108.77171,-7.59691],[108.77171,-7.59736],[108.77125,-7.59736],[108.77125,-7.59691],[108.77171,-7.59691]]],[[[108.76898,-7.5969],[108.76898,-7.59689],[108.76899,-7.59689],[108.76899,-7.59644],[108.76945,-7.59644],[108.76945,-7.5969],[108.76944,-7.5969],[108.76944,-7.59735],[108.76898,-7.59735],[108.76898,-7.5969]]],[[[108.77036,-7.59509],[108.77081,-7.59509],[108.77081,-7.5951],[108.77081,-7.59555],[108.77126,-7.59555],[108.77126,-7.596],[108.77081,-7.596],[108.7708,-7.596],[108.7708,-7.59555],[108.77036,-7.59555],[108.77036,-7.596],[108.7699,-7.596],[108.7699,-7.59554],[108.77035,-7.59554],[108.77035,-7.5951],[108.77035,-7.59509],[108.77036,-7.59509]]],[[[108.77172,-7.5942],[108.77126,-7.5942],[108.77126,-7.59374],[108.77172,-7.59374],[108.77172,-7.5942]]],[[[108.76993,-7.59012],[108.76993,-7.59057],[108.76993,-7.59058],[108.76947,-7.59058],[108.76947,-7.59057],[108.76947,-7.59012],[108.76993,-7.59012]]],[[[108.77174,-7.58832],[108.77178,-7.58832],[108.7722,-7.58832],[108.7722,-7.58833],[108.7722,-7.58874],[108.7722,-7.58878],[108.77174,-7.58878],[108.77174,-7.58833],[108.77174,-7.58832]]],[[[108.77085,-7.58787],[108.77085,-7.58832],[108.77039,-7.58832],[108.77039,-7.58787],[108.77085,-7.58787]]],[[[108.77085,-7.58696],[108.77085,-7.58742],[108.77039,-7.58742],[108.77039,-7.58696],[108.77085,-7.58696]]],[[[108.77176,-7.58652],[108.77176,-7.58697],[108.77133,-7.58697],[108.7713,-7.58697],[108.7713,-7.5869],[108.7713,-7.58652],[108.77176,-7.58652]]],[[[108.77085,-7.58591],[108.77085,-7.58561],[108.77131,-7.58561],[108.77131,-7.58606],[108.77099,-7.58606],[108.77085,-7.58606],[108.77085,-7.58591]]],[[[108.7695,-7.58606],[108.76949,-7.58606],[108.76904,-7.58606],[108.76904,-7.58605],[108.76904,-7.5856],[108.76904,-7.58515],[108.76859,-7.58515],[108.76859,-7.5847],[108.76859,-7.58469],[108.76905,-7.58469],[108.76905,-7.5847],[108.76905,-7.58515],[108.76941,-7.58515],[108.76942,-7.58515],[108.7695,-7.58515],[108.7695,-7.58524],[108.7695,-7.5856],[108.76995,-7.5856],[108.76995,-7.58547],[108.76995,-7.58515],[108.77041,-7.58515],[108.77041,-7.58561],[108.77014,-7.58561],[108.76995,-7.58561],[108.76995,-7.58606],[108.7695,-7.58606]]],[[[108.77134,-7.58019],[108.77088,-7.58019],[108.77088,-7.57974],[108.77134,-7.57974],[108.77134,-7.58019]]],[[[108.76953,-7.57928],[108.76953,-7.57973],[108.76907,-7.57973],[108.76907,-7.57928],[108.76953,-7.57928]]],[[[108.77045,-7.57793],[108.77045,-7.57838],[108.76999,-7.57838],[108.76999,-7.57883],[108.77044,-7.57883],[108.7709,-7.57883],[108.7709,-7.57928],[108.7709,-7.57929],[108.77044,-7.57929],[108.77044,-7.57928],[108.76998,-7.57928],[108.76998,-7.57883],[108.76953,-7.57883],[108.76953,-7.57838],[108.76953,-7.57837],[108.76999,-7.57837],[108.76999,-7.57793],[108.77045,-7.57793]]],[[[108.77271,-7.57839],[108.77271,-7.57884],[108.7727,-7.57884],[108.77225,-7.57884],[108.77225,-7.57839],[108.7727,-7.57839],[108.77271,-7.57839]]],[[[108.7691,-7.57521],[108.76955,-7.57521],[108.76955,-7.57566],[108.7691,-7.57566],[108.76865,-7.57566],[108.76865,-7.57521],[108.76865,-7.57476],[108.7691,-7.57476],[108.7691,-7.57521]]],[[[108.77046,-7.57476],[108.77046,-7.57522],[108.77,-7.57522],[108.77,-7.57476],[108.77046,-7.57476]]],[[[108.77002,-7.57206],[108.77002,-7.57205],[108.76957,-7.57205],[108.76957,-7.5716],[108.77002,-7.5716],[108.77002,-7.57115],[108.77048,-7.57115],[108.77093,-7.57115],[108.77094,-7.57115],[108.77094,-7.5716],[108.77094,-7.57161],[108.77138,-7.57161],[108.77139,-7.57161],[108.77184,-7.57161],[108.77184,-7.57206],[108.77228,-7.57206],[108.77229,-7.57206],[108.77274,-7.57206],[108.77274,-7.57207],[108.77319,-7.57207],[108.77319,-7.57252],[108.77319,-7.57297],[108.77274,-7.57297],[108.77273,-7.57297],[108.77273,-7.57252],[108.77229,-7.57252],[108.77228,-7.57252],[108.77183,-7.57252],[108.77183,-7.57251],[108.77138,-7.57251],[108.77138,-7.57206],[108.77094,-7.57206],[108.77093,-7.57206],[108.77048,-7.57206],[108.77048,-7.57251],[108.77002,-7.57251],[108.77002,-7.57206]]],[[[108.76957,-7.57205],[108.76957,-7.5725],[108.76911,-7.5725],[108.76911,-7.57205],[108.76957,-7.57205]]],[[[108.76913,-7.57069],[108.76913,-7.57114],[108.76867,-7.57114],[108.76867,-7.57069],[108.76913,-7.57069]]],[[[108.77138,-7.57026],[108.77138,-7.57025],[108.77138,-7.5698],[108.77139,-7.5698],[108.77184,-7.5698],[108.77184,-7.57025],[108.77184,-7.57026],[108.77139,-7.57026],[108.77138,-7.57026]]],[[[108.77094,-7.5698],[108.77094,-7.57025],[108.77049,-7.57025],[108.77048,-7.57025],[108.77048,-7.5698],[108.77049,-7.5698],[108.77094,-7.5698]]],[[[108.77049,-7.56889],[108.77049,-7.56934],[108.77003,-7.56934],[108.77003,-7.56889],[108.77049,-7.56889]]],[[[108.76959,-7.56798],[108.76959,-7.56844],[108.76913,-7.56844],[108.76913,-7.56798],[108.76913,-7.56753],[108.76959,-7.56753],[108.76959,-7.56798]]],[[[108.77186,-7.56709],[108.77141,-7.56709],[108.77096,-7.56709],[108.77095,-7.56709],[108.7705,-7.56709],[108.7705,-7.56663],[108.77051,-7.56663],[108.77095,-7.56673],[108.77095,-7.56672],[108.77141,-7.56682],[108.77156,-7.56685],[108.77159,-7.56685],[108.77187,-7.56691],[108.77187,-7.56691],[108.77214,-7.56697],[108.77232,-7.56701],[108.77232,-7.56709],[108.77232,-7.5671],[108.77232,-7.56755],[108.77186,-7.56755],[108.77186,-7.5671],[108.77186,-7.56709]]],[[[108.77503,-7.65416],[108.77503,-7.65385],[108.77539,-7.65385],[108.77503,-7.65416]]],[[[108.77504,-7.65294],[108.77504,-7.6534],[108.77458,-7.6534],[108.77458,-7.65294],[108.77504,-7.65294]]],[[[108.77595,-7.6525],[108.77595,-7.65295],[108.77549,-7.65295],[108.77549,-7.6525],[108.77595,-7.6525]]],[[[108.77595,-7.65159],[108.77595,-7.65114],[108.7764,-7.65114],[108.7764,-7.65069],[108.77641,-7.65069],[108.77686,-7.65069],[108.77686,-7.6507],[108.77731,-7.6507],[108.77731,-7.65115],[108.77776,-7.65115],[108.77776,-7.6507],[108.77822,-7.6507],[108.77822,-7.65115],[108.77822,-7.65116],[108.77822,-7.65161],[108.77821,-7.65161],[108.77821,-7.65206],[108.77776,-7.65206],[108.77775,-7.65206],[108.77731,-7.65206],[108.7773,-7.65206],[108.7773,-7.65161],[108.7773,-7.6516],[108.77686,-7.6516],[108.77686,-7.65205],[108.77641,-7.65205],[108.7764,-7.65205],[108.77595,-7.65205],[108.77595,-7.6516],[108.77595,-7.65159]],[[108.77685,-7.65115],[108.77641,-7.65115],[108.77641,-7.65159],[108.77641,-7.6516],[108.77685,-7.6516],[108.77685,-7.65115]]],[[[108.77596,-7.64979],[108.77596,-7.65024],[108.77551,-7.65024],[108.7755,-7.65024],[108.7755,-7.64979],[108.77551,-7.64979],[108.77596,-7.64979]]],[[[108.7746,-7.65023],[108.7746,-7.64978],[108.77505,-7.64978],[108.77506,-7.64978],[108.77506,-7.65023],[108.77506,-7.65024],[108.77505,-7.65024],[108.7746,-7.65024],[108.7746,-7.65023]]],[[[108.77596,-7.64934],[108.77551,-7.64934],[108.7755,-7.64934],[108.7755,-7.64888],[108.77551,-7.64888],[108.77596,-7.64888],[108.77596,-7.64934]]],[[[108.77506,-7.64888],[108.77506,-7.64933],[108.7746,-7.64933],[108.7746,-7.64888],[108.77506,-7.64888]]],[[[108.77644,-7.64572],[108.77644,-7.64528],[108.77644,-7.64527],[108.77644,-7.64482],[108.77644,-7.64437],[108.77644,-7.64392],[108.77689,-7.64392],[108.77689,-7.64347],[108.77689,-7.64302],[108.77644,-7.64302],[108.77644,-7.64256],[108.7769,-7.64256],[108.7769,-7.64212],[108.7769,-7.64211],[108.7769,-7.64166],[108.77736,-7.64166],[108.77736,-7.64121],[108.77782,-7.64121],[108.77782,-7.64076],[108.77827,-7.64076],[108.77827,-7.64032],[108.77827,-7.64031],[108.77782,-7.64031],[108.77782,-7.63986],[108.77782,-7.63941],[108.77782,-7.63896],[108.77782,-7.63895],[108.77782,-7.63851],[108.77782,-7.6385],[108.77782,-7.63805],[108.77783,-7.63805],[108.77783,-7.6376],[108.77829,-7.6376],[108.77829,-7.63805],[108.77828,-7.63805],[108.77828,-7.6385],[108.77828,-7.63851],[108.77828,-7.63895],[108.77828,-7.63896],[108.77828,-7.63941],[108.77873,-7.63941],[108.77873,-7.63986],[108.77918,-7.63986],[108.77918,-7.63987],[108.77963,-7.63987],[108.77963,-7.64032],[108.77918,-7.64032],[108.77917,-7.64032],[108.77873,-7.64032],[108.77873,-7.64076],[108.77873,-7.64077],[108.77917,-7.64077],[108.77918,-7.64077],[108.77963,-7.64077],[108.77963,-7.64122],[108.77963,-7.64167],[108.78007,-7.64167],[108.78008,-7.64167],[108.78008,-7.64168],[108.78053,-7.64168],[108.78053,-7.64213],[108.78097,-7.64213],[108.78098,-7.64213],[108.78143,-7.64213],[108.78143,-7.64259],[108.78098,-7.64259],[108.78097,-7.64259],[108.78053,-7.64259],[108.78053,-7.64303],[108.78053,-7.64304],[108.78007,-7.64304],[108.78007,-7.64303],[108.77962,-7.64303],[108.77962,-7.64258],[108.77917,-7.64258],[108.77917,-7.64213],[108.77872,-7.64213],[108.77872,-7.64212],[108.77827,-7.64212],[108.77782,-7.64212],[108.77781,-7.64212],[108.77736,-7.64212],[108.77736,-7.64256],[108.77736,-7.64257],[108.77781,-7.64257],[108.77781,-7.64302],[108.77736,-7.64302],[108.77735,-7.64302],[108.77735,-7.64347],[108.77735,-7.64392],[108.77735,-7.64437],[108.7769,-7.64437],[108.77689,-7.64437],[108.77689,-7.64482],[108.77689,-7.64527],[108.77689,-7.64528],[108.77689,-7.64572],[108.77689,-7.64573],[108.77689,-7.64618],[108.77689,-7.64663],[108.77644,-7.64663],[108.77643,-7.64663],[108.77598,-7.64663],[108.77598,-7.64618],[108.77598,-7.64617],[108.77598,-7.64572],[108.77643,-7.64572],[108.77644,-7.64572]],[[108.77827,-7.64122],[108.77782,-7.64122],[108.77782,-7.64166],[108.77782,-7.64167],[108.77827,-7.64167],[108.77827,-7.64122]]],[[[108.7751,-7.64075],[108.7751,-7.6412],[108.77464,-7.6412],[108.77464,-7.64075],[108.7751,-7.64075]]],[[[108.7733,-7.63938],[108.7733,-7.63983],[108.7733,-7.63984],[108.77284,-7.63984],[108.77284,-7.63983],[108.77284,-7.63938],[108.7733,-7.63938]]],[[[108.77332,-7.63667],[108.77332,-7.63712],[108.77332,-7.63713],[108.77286,-7.63713],[108.77286,-7.63712],[108.77286,-7.63667],[108.77332,-7.63667]]],[[[108.7747,-7.63035],[108.7747,-7.6299],[108.77516,-7.6299],[108.77516,-7.63036],[108.7747,-7.63036],[108.7747,-7.63081],[108.77425,-7.63081],[108.77425,-7.63035],[108.7747,-7.63035]]],[[[108.7738,-7.62944],[108.7738,-7.629],[108.77335,-7.629],[108.77335,-7.62899],[108.7729,-7.62899],[108.7729,-7.62854],[108.77245,-7.62854],[108.77244,-7.62854],[108.77244,-7.62809],[108.77245,-7.62808],[108.7729,-7.62808],[108.7729,-7.62809],[108.77335,-7.62809],[108.77335,-7.62764],[108.7729,-7.62764],[108.7729,-7.62718],[108.77336,-7.62718],[108.77336,-7.62673],[108.77382,-7.62673],[108.77382,-7.62719],[108.77381,-7.62719],[108.77381,-7.62764],[108.77426,-7.62764],[108.77426,-7.62809],[108.77426,-7.62854],[108.77426,-7.62855],[108.77471,-7.62855],[108.77471,-7.629],[108.77516,-7.629],[108.77516,-7.62933],[108.77516,-7.62945],[108.77507,-7.62945],[108.7747,-7.62945],[108.7747,-7.629],[108.77426,-7.629],[108.77426,-7.62945],[108.77425,-7.62945],[108.77425,-7.62979],[108.77425,-7.6299],[108.77425,-7.63035],[108.7738,-7.63035],[108.77335,-7.63035],[108.77335,-7.6299],[108.77335,-7.62983],[108.77335,-7.62945],[108.77335,-7.62944],[108.7738,-7.62944]],[[108.77335,-7.62854],[108.7738,-7.62854],[108.7738,-7.62809],[108.77335,-7.62809],[108.77335,-7.62854]]],[[[108.77563,-7.6272],[108.77563,-7.62765],[108.77517,-7.62765],[108.77517,-7.6272],[108.77563,-7.6272]]],[[[108.77428,-7.62313],[108.77383,-7.62313],[108.77383,-7.62312],[108.77383,-7.62267],[108.77428,-7.62267],[108.77428,-7.62222],[108.77474,-7.62222],[108.77474,-7.62177],[108.7752,-7.62177],[108.77566,-7.62177],[108.77566,-7.62223],[108.7761,-7.62223],[108.77656,-7.62223],[108.77656,-7.62268],[108.77656,-7.62269],[108.7761,-7.62269],[108.7761,-7.62313],[108.77564,-7.62313],[108.77564,-7.62268],[108.7752,-7.62268],[108.77519,-7.62268],[108.77474,-7.62268],[108.77474,-7.62313],[108.77429,-7.62313],[108.77428,-7.62313]]],[[[108.7743,-7.62086],[108.7743,-7.62132],[108.77384,-7.62132],[108.77384,-7.62086],[108.7743,-7.62086]]],[[[108.77294,-7.62041],[108.77294,-7.62086],[108.77248,-7.62086],[108.77248,-7.62041],[108.77248,-7.6204],[108.77294,-7.6204],[108.77294,-7.62041]]],[[[108.77612,-7.61907],[108.77612,-7.61952],[108.77567,-7.61952],[108.77566,-7.61952],[108.77566,-7.61907],[108.77567,-7.61907],[108.77612,-7.61907]]],[[[108.77373,-7.61499],[108.77342,-7.61499],[108.77342,-7.61454],[108.77297,-7.61454],[108.77297,-7.61408],[108.77343,-7.61408],[108.77343,-7.61363],[108.77352,-7.61363],[108.77388,-7.61363],[108.77388,-7.61318],[108.77345,-7.61318],[108.77343,-7.61318],[108.77343,-7.61305],[108.77343,-7.61273],[108.77389,-7.61273],[108.77389,-7.61318],[108.77434,-7.61318],[108.77434,-7.61364],[108.77434,-7.61409],[108.77434,-7.61454],[108.77433,-7.61454],[108.77433,-7.61499],[108.77478,-7.61499],[108.77478,-7.61544],[108.77478,-7.61545],[108.77523,-7.61545],[108.77523,-7.615],[108.77523,-7.61455],[108.77569,-7.61455],[108.77614,-7.61455],[108.77615,-7.61455],[108.77659,-7.61455],[108.7766,-7.61455],[108.7766,-7.6141],[108.77705,-7.6141],[108.77705,-7.61365],[108.77705,-7.6132],[108.77751,-7.6132],[108.77751,-7.61365],[108.77796,-7.61365],[108.77796,-7.61366],[108.77841,-7.61366],[108.77841,-7.61411],[108.77841,-7.61456],[108.7784,-7.61456],[108.7784,-7.61501],[108.77885,-7.61501],[108.77886,-7.61501],[108.77886,-7.61547],[108.7793,-7.61547],[108.77931,-7.61547],[108.77975,-7.61547],[108.77976,-7.61547],[108.78021,-7.61547],[108.78067,-7.61547],[108.78067,-7.61548],[108.78111,-7.61548],[108.78112,-7.61548],[108.78113,-7.61548],[108.78157,-7.61548],[108.78202,-7.61548],[108.78203,-7.61548],[108.78248,-7.61548],[108.78248,-7.61549],[108.78293,-7.61549],[108.78339,-7.61549],[108.78339,-7.61594],[108.78383,-7.61594],[108.78383,-7.61549],[108.78429,-7.61549],[108.78429,-7.61595],[108.78474,-7.61595],[108.78474,-7.6164],[108.78519,-7.6164],[108.78564,-7.6164],[108.78565,-7.6164],[108.78565,-7.61641],[108.78609,-7.61641],[108.7861,-7.61641],[108.7861,-7.61686],[108.78609,-7.61686],[108.78565,-7.61686],[108.78564,-7.61686],[108.78519,-7.61686],[108.78474,-7.61686],[108.78474,-7.6173],[108.78474,-7.61731],[108.78474,-7.61776],[108.78473,-7.61776],[108.78473,-7.61821],[108.78427,-7.61821],[108.78427,-7.61866],[108.78382,-7.61866],[108.78382,-7.61911],[108.78382,-7.61956],[108.78336,-7.61956],[108.78336,-7.62001],[108.78291,-7.62001],[108.7829,-7.62001],[108.7829,-7.61956],[108.7829,-7.61955],[108.7829,-7.6191],[108.78291,-7.6191],[108.78336,-7.6191],[108.78336,-7.61865],[108.78381,-7.61865],[108.78381,-7.6182],[108.78427,-7.6182],[108.78427,-7.61776],[108.78427,-7.61775],[108.78428,-7.61775],[108.78428,-7.61731],[108.78428,-7.6173],[108.78428,-7.61685],[108.78383,-7.61685],[108.78337,-7.61685],[108.78337,-7.6164],[108.78293,-7.6164],[108.78293,-7.61684],[108.78247,-7.61684],[108.78247,-7.61639],[108.78292,-7.61639],[108.78292,-7.61594],[108.78248,-7.61594],[108.78247,-7.61594],[108.78203,-7.61594],[108.78202,-7.61594],[108.78202,-7.61639],[108.78202,-7.61684],[108.78202,-7.61729],[108.78156,-7.61729],[108.78156,-7.61774],[108.78201,-7.61774],[108.78201,-7.61819],[108.78201,-7.6182],[108.78156,-7.6182],[108.78155,-7.6182],[108.78155,-7.61819],[108.78155,-7.61774],[108.78111,-7.61774],[108.78111,-7.61819],[108.7811,-7.61819],[108.7808,-7.61819],[108.78079,-7.61819],[108.78066,-7.61819],[108.78066,-7.6184],[108.78066,-7.61841],[108.78066,-7.61864],[108.7811,-7.61864],[108.78111,-7.61864],[108.78111,-7.61909],[108.78156,-7.61909],[108.78156,-7.6191],[108.78201,-7.6191],[108.78201,-7.61955],[108.78156,-7.61955],[108.78156,-7.62],[108.7811,-7.62],[108.7811,-7.62045],[108.78065,-7.62045],[108.78064,-7.62045],[108.78019,-7.62045],[108.78019,-7.61999],[108.78064,-7.61999],[108.78065,-7.61999],[108.7811,-7.61999],[108.7811,-7.61955],[108.7811,-7.61909],[108.78065,-7.61909],[108.78019,-7.61909],[108.78019,-7.61891],[108.78019,-7.61864],[108.7802,-7.61864],[108.7802,-7.61819],[108.77975,-7.61819],[108.77975,-7.61773],[108.77975,-7.61728],[108.77931,-7.61728],[108.7793,-7.61728],[108.77885,-7.61728],[108.77885,-7.61773],[108.77839,-7.61773],[108.77839,-7.61728],[108.77839,-7.61727],[108.77839,-7.61682],[108.77795,-7.61682],[108.77794,-7.61682],[108.77749,-7.61682],[108.77749,-7.61637],[108.77749,-7.61636],[108.77749,-7.61592],[108.77749,-7.61591],[108.77705,-7.61591],[108.77704,-7.61591],[108.77704,-7.61636],[108.77659,-7.61636],[108.77658,-7.61636],[108.77613,-7.61636],[108.77613,-7.61591],[108.77568,-7.61591],[108.77568,-7.6159],[108.77523,-7.6159],[108.77523,-7.61635],[108.77477,-7.61635],[108.77477,-7.6159],[108.77433,-7.6159],[108.77432,-7.6159],[108.77387,-7.6159],[108.77387,-7.61544],[108.77387,-7.61499],[108.77373,-7.61499]],[[108.78112,-7.61548],[108.78112,-7.61549],[108.78113,-7.61548],[108.78112,-7.61548]],[[108.7736,-7.61409],[108.77343,-7.61409],[108.77343,-7.61454],[108.77366,-7.61454],[108.77367,-7.61454],[108.77387,-7.61454],[108.77388,-7.61454],[108.77388,-7.61409],[108.7736,-7.61409]],[[108.7811,-7.61684],[108.78066,-7.61684],[108.78065,-7.61684],[108.78065,-7.61683],[108.78034,-7.61683],[108.78021,-7.61683],[108.78021,-7.61728],[108.78021,-7.61773],[108.78065,-7.61773],[108.78066,-7.61773],[108.78066,-7.61774],[108.78083,-7.61774],[108.7811,-7.61774],[108.7811,-7.61729],[108.7811,-7.61684]]],[[[108.77525,-7.61364],[108.77525,-7.61409],[108.77479,-7.61409],[108.77479,-7.61364],[108.77525,-7.61364]]],[[[108.77525,-7.61274],[108.77525,-7.61319],[108.77479,-7.61319],[108.77479,-7.61274],[108.77525,-7.61274]]],[[[108.77344,-7.61228],[108.77344,-7.61183],[108.77389,-7.61183],[108.7739,-7.61183],[108.77435,-7.61183],[108.77435,-7.61228],[108.7739,-7.61228],[108.77389,-7.61228],[108.77344,-7.61228]]],[[[108.77299,-7.61137],[108.77299,-7.61182],[108.77253,-7.61182],[108.77253,-7.61137],[108.77299,-7.61137]]],[[[108.77254,-7.61047],[108.77279,-7.61047],[108.77299,-7.61047],[108.773,-7.61047],[108.773,-7.61089],[108.773,-7.61092],[108.77299,-7.61092],[108.77254,-7.61092],[108.77254,-7.61047]]],[[[108.77526,-7.60913],[108.77526,-7.60912],[108.77572,-7.60912],[108.77572,-7.60913],[108.77572,-7.60958],[108.77572,-7.61003],[108.77526,-7.61003],[108.77526,-7.60958],[108.77526,-7.60913]]],[[[108.7739,-7.60957],[108.7739,-7.61002],[108.77345,-7.61002],[108.77344,-7.61002],[108.77344,-7.60957],[108.77345,-7.60957],[108.7739,-7.60957]]],[[[108.77481,-7.60957],[108.77435,-7.60957],[108.77435,-7.60912],[108.77481,-7.60912],[108.77481,-7.60957]]],[[[108.77574,-7.60597],[108.77528,-7.60597],[108.77528,-7.60596],[108.77528,-7.60551],[108.77528,-7.60506],[108.77528,-7.60461],[108.77574,-7.60461],[108.77574,-7.60506],[108.77574,-7.60551],[108.77574,-7.60596],[108.77574,-7.60597]]],[[[108.7762,-7.60371],[108.7762,-7.60416],[108.77574,-7.60416],[108.77574,-7.60371],[108.7762,-7.60371]]],[[[108.77439,-7.60325],[108.77439,-7.6037],[108.77393,-7.6037],[108.77393,-7.60325],[108.77393,-7.60324],[108.77439,-7.60324],[108.77439,-7.60325]]],[[[108.77349,-7.60279],[108.77349,-7.60324],[108.77303,-7.60324],[108.77303,-7.60279],[108.77349,-7.60279]]],[[[108.77532,-7.59964],[108.77532,-7.60009],[108.77531,-7.60009],[108.77486,-7.60009],[108.77486,-7.59964],[108.77531,-7.59964],[108.77532,-7.59964]]],[[[108.77307,-7.59556],[108.77307,-7.59601],[108.77261,-7.59601],[108.77261,-7.59556],[108.77307,-7.59556]]],[[[108.77309,-7.59149],[108.77309,-7.59195],[108.77264,-7.59195],[108.77264,-7.59149],[108.77309,-7.59149]]],[[[108.77581,-7.59106],[108.77626,-7.59106],[108.77627,-7.59106],[108.77671,-7.59106],[108.77672,-7.59106],[108.77717,-7.59106],[108.77717,-7.59151],[108.77717,-7.59152],[108.77671,-7.59152],[108.77671,-7.59151],[108.77627,-7.59151],[108.77626,-7.59151],[108.77581,-7.59151],[108.77581,-7.59106]]],[[[108.77582,-7.59015],[108.77582,-7.5906],[108.77582,-7.59061],[108.77536,-7.59061],[108.77536,-7.5906],[108.77536,-7.59015],[108.77582,-7.59015]]],[[[108.77401,-7.58969],[108.77401,-7.59014],[108.77355,-7.59014],[108.77355,-7.58969],[108.77401,-7.58969]]],[[[108.7731,-7.58924],[108.7731,-7.58878],[108.77265,-7.58878],[108.77265,-7.58873],[108.77265,-7.58833],[108.77311,-7.58833],[108.77311,-7.58851],[108.77311,-7.58878],[108.77356,-7.58878],[108.77356,-7.58924],[108.7731,-7.58924]]],[[[108.77492,-7.58879],[108.77446,-7.58879],[108.77446,-7.58834],[108.77492,-7.58834],[108.77492,-7.58879]]],[[[108.77387,-7.58834],[108.77356,-7.58834],[108.77356,-7.58831],[108.77356,-7.58788],[108.77402,-7.58788],[108.77402,-7.58743],[108.77447,-7.58743],[108.77448,-7.58743],[108.77448,-7.58789],[108.77447,-7.58789],[108.77402,-7.58789],[108.77402,-7.58834],[108.77387,-7.58834]]],[[[108.77538,-7.58744],[108.77538,-7.58789],[108.77492,-7.58789],[108.77492,-7.58744],[108.77538,-7.58744]]],[[[108.77493,-7.58653],[108.77493,-7.58699],[108.77448,-7.58699],[108.77447,-7.58699],[108.77447,-7.58653],[108.77448,-7.58653],[108.77493,-7.58653]]],[[[108.77316,-7.5802],[108.77306,-7.5802],[108.77295,-7.5802],[108.7727,-7.5802],[108.7727,-7.57975],[108.77316,-7.57975],[108.77316,-7.5799],[108.77316,-7.58006],[108.77316,-7.5802]]],[[[108.77406,-7.58021],[108.77405,-7.58021],[108.77405,-7.57975],[108.77406,-7.57975],[108.77424,-7.57975],[108.77439,-7.57975],[108.77451,-7.57975],[108.77451,-7.57985],[108.77451,-7.57995],[108.77451,-7.58021],[108.77406,-7.58021]]],[[[108.77361,-7.57749],[108.77361,-7.57704],[108.77362,-7.57704],[108.77362,-7.57659],[108.77407,-7.57659],[108.77407,-7.57614],[108.77408,-7.57614],[108.77408,-7.57569],[108.77408,-7.57524],[108.77453,-7.57524],[108.77453,-7.57479],[108.77454,-7.57479],[108.77454,-7.57434],[108.77454,-7.57433],[108.77454,-7.57388],[108.77499,-7.57388],[108.77499,-7.57343],[108.77545,-7.57343],[108.77545,-7.57389],[108.77499,-7.57389],[108.77499,-7.57433],[108.77499,-7.57434],[108.77499,-7.57479],[108.77499,-7.57524],[108.77499,-7.57569],[108.77454,-7.57569],[108.77454,-7.57614],[108.77453,-7.57614],[108.77453,-7.57659],[108.77408,-7.57659],[108.77408,-7.57704],[108.77407,-7.57704],[108.77407,-7.57749],[108.77407,-7.5775],[108.77407,-7.57794],[108.77407,-7.57795],[108.77407,-7.5784],[108.77361,-7.5784],[108.77361,-7.57884],[108.77361,-7.57885],[108.77361,-7.5793],[108.77316,-7.5793],[108.77315,-7.5793],[108.77315,-7.57885],[108.77315,-7.57884],[108.77315,-7.57839],[108.77316,-7.57839],[108.77361,-7.57839],[108.77361,-7.57795],[108.77361,-7.57794],[108.77361,-7.5775],[108.77361,-7.57749]]],[[[108.77634,-7.5775],[108.77634,-7.57796],[108.77588,-7.57796],[108.77588,-7.5775],[108.77634,-7.5775]]],[[[108.77635,-7.57344],[108.77681,-7.57344],[108.77681,-7.57389],[108.77635,-7.57389],[108.77589,-7.57389],[108.77589,-7.57344],[108.77635,-7.57344]]],[[[108.77409,-7.57207],[108.77455,-7.57207],[108.77455,-7.57253],[108.775,-7.57253],[108.775,-7.57298],[108.77454,-7.57298],[108.77454,-7.57343],[108.77409,-7.57343],[108.77409,-7.57388],[108.77364,-7.57388],[108.77364,-7.57343],[108.77364,-7.57298],[108.77364,-7.57297],[108.77364,-7.57252],[108.77409,-7.57252],[108.77409,-7.57207]],[[108.77454,-7.57253],[108.77409,-7.57253],[108.77409,-7.57297],[108.77409,-7.57298],[108.77454,-7.57298],[108.77454,-7.57253]]],[[[108.77637,-7.57208],[108.77637,-7.57209],[108.77591,-7.57209],[108.77591,-7.57208],[108.77591,-7.57163],[108.77637,-7.57163],[108.77637,-7.57208]]],[[[108.77366,-7.56981],[108.7732,-7.56981],[108.7732,-7.56936],[108.77366,-7.56936],[108.77366,-7.56981]]],[[[108.77322,-7.56747],[108.77322,-7.56755],[108.77276,-7.56755],[108.77276,-7.56718],[108.77276,-7.56717],[108.77308,-7.56736],[108.77322,-7.56747]]],[[[108.77911,-7.65387],[108.77956,-7.65387],[108.78001,-7.65387],[108.78047,-7.65387],[108.78047,-7.65388],[108.78047,-7.65433],[108.78001,-7.65433],[108.77956,-7.65433],[108.77956,-7.65477],[108.77956,-7.65478],[108.78001,-7.65478],[108.78001,-7.65523],[108.77956,-7.65523],[108.7791,-7.65523],[108.7791,-7.65477],[108.77911,-7.65477],[108.77911,-7.65432],[108.77869,-7.65432],[108.77865,-7.65387],[108.77911,-7.65387]]],[[[108.77821,-7.65206],[108.77866,-7.65206],[108.77866,-7.65251],[108.77866,-7.65296],[108.77911,-7.65296],[108.77911,-7.65252],[108.77911,-7.65251],[108.77956,-7.65251],[108.77956,-7.65207],[108.77911,-7.65207],[108.77911,-7.65161],[108.77957,-7.65161],[108.77957,-7.65207],[108.78002,-7.65207],[108.78002,-7.65252],[108.77957,-7.65252],[108.77957,-7.65297],[108.78001,-7.65297],[108.78002,-7.65297],[108.78047,-7.65297],[108.78092,-7.65297],[108.78092,-7.65253],[108.78092,-7.65252],[108.78138,-7.65252],[108.78138,-7.65208],[108.78138,-7.65207],[108.78184,-7.65207],[108.78184,-7.65163],[108.78229,-7.65163],[108.78229,-7.65118],[108.78274,-7.65118],[108.78275,-7.65118],[108.78319,-7.65118],[108.7832,-7.65118],[108.78364,-7.65118],[108.78365,-7.65118],[108.7841,-7.65118],[108.7841,-7.65073],[108.78456,-7.65073],[108.78456,-7.65119],[108.7841,-7.65119],[108.7841,-7.65164],[108.78365,-7.65164],[108.78364,-7.65164],[108.7832,-7.65164],[108.78319,-7.65164],[108.78319,-7.65163],[108.78275,-7.65163],[108.78275,-7.65208],[108.7823,-7.65208],[108.78229,-7.65208],[108.78229,-7.65253],[108.78184,-7.65253],[108.78183,-7.65253],[108.78138,-7.65253],[108.78138,-7.65298],[108.78093,-7.65298],[108.78093,-7.65343],[108.78047,-7.65343],[108.78001,-7.65343],[108.78001,-7.65342],[108.77956,-7.65342],[108.77956,-7.65297],[108.77911,-7.65297],[108.77911,-7.65342],[108.77866,-7.65342],[108.77866,-7.65297],[108.77842,-7.65297],[108.77842,-7.65295],[108.77843,-7.65294],[108.7784,-7.65292],[108.77838,-7.65286],[108.77825,-7.65265],[108.77821,-7.65262],[108.77821,-7.65251],[108.77821,-7.65206]]],[[[108.77913,-7.65025],[108.77913,-7.65071],[108.77867,-7.65071],[108.77867,-7.65025],[108.77913,-7.65025]]],[[[108.77824,-7.64573],[108.77824,-7.64619],[108.77779,-7.64619],[108.77779,-7.64573],[108.77824,-7.64573]]],[[[108.77871,-7.64393],[108.77871,-7.64438],[108.77825,-7.64438],[108.77825,-7.64393],[108.7778,-7.64393],[108.7778,-7.64347],[108.77826,-7.64347],[108.77826,-7.64393],[108.77871,-7.64393]]],[[[108.77647,-7.6385],[108.77602,-7.6385],[108.77602,-7.63804],[108.77647,-7.63804],[108.77647,-7.6385]]],[[[108.77738,-7.6376],[108.77738,-7.63805],[108.77692,-7.63805],[108.77692,-7.6376],[108.77692,-7.63759],[108.77738,-7.63759],[108.77738,-7.6376]]],[[[108.77739,-7.63669],[108.77739,-7.63715],[108.77693,-7.63715],[108.77693,-7.63669],[108.77739,-7.63669]]],[[[108.77875,-7.63625],[108.77875,-7.6367],[108.77829,-7.6367],[108.77829,-7.63625],[108.77875,-7.63625]]],[[[108.7783,-7.63534],[108.7783,-7.63579],[108.7783,-7.6358],[108.77784,-7.6358],[108.77784,-7.63579],[108.77784,-7.63534],[108.7783,-7.63534]]],[[[108.77876,-7.63354],[108.77831,-7.63354],[108.7783,-7.63354],[108.77786,-7.63354],[108.77785,-7.63354],[108.77785,-7.63308],[108.77786,-7.63308],[108.7783,-7.63308],[108.77831,-7.63308],[108.77876,-7.63308],[108.77876,-7.63309],[108.77876,-7.63354]]],[[[108.77653,-7.62856],[108.77653,-7.62901],[108.77607,-7.62901],[108.77607,-7.62856],[108.77607,-7.62855],[108.77653,-7.62855],[108.77653,-7.62856]]],[[[108.77881,-7.6245],[108.77852,-7.6245],[108.77836,-7.6245],[108.77835,-7.6245],[108.7779,-7.6245],[108.7779,-7.62405],[108.77835,-7.62405],[108.77836,-7.62405],[108.77868,-7.62405],[108.77881,-7.62405],[108.77881,-7.6245]]],[[[108.77837,-7.62134],[108.77882,-7.62134],[108.77882,-7.62179],[108.77882,-7.62224],[108.77913,-7.62224],[108.77927,-7.62224],[108.77927,-7.62225],[108.77927,-7.6227],[108.77919,-7.6227],[108.77882,-7.6227],[108.77882,-7.62225],[108.77837,-7.62225],[108.77837,-7.62224],[108.77792,-7.62224],[108.77791,-7.62224],[108.77746,-7.62224],[108.77746,-7.62179],[108.77791,-7.62179],[108.77792,-7.62179],[108.77837,-7.62179],[108.77837,-7.62134]]],[[[108.77792,-7.61998],[108.77792,-7.61953],[108.77838,-7.61953],[108.77838,-7.61998],[108.77883,-7.61998],[108.77883,-7.61953],[108.77928,-7.61953],[108.77928,-7.61909],[108.77928,-7.61908],[108.77974,-7.61908],[108.77974,-7.61909],[108.77974,-7.61938],[108.77974,-7.61954],[108.78019,-7.61954],[108.78019,-7.61999],[108.77974,-7.61999],[108.77973,-7.61999],[108.77936,-7.61999],[108.77929,-7.61999],[108.77928,-7.61999],[108.77883,-7.61999],[108.77883,-7.62043],[108.77883,-7.62044],[108.77883,-7.62089],[108.77837,-7.62089],[108.77792,-7.62089],[108.77792,-7.62043],[108.77837,-7.62043],[108.77837,-7.61998],[108.77792,-7.61998]]],[[[108.77792,-7.61998],[108.77792,-7.62043],[108.77747,-7.62043],[108.77747,-7.61998],[108.77792,-7.61998]]],[[[108.77748,-7.61862],[108.77748,-7.61907],[108.77748,-7.61908],[108.77702,-7.61908],[108.77702,-7.61952],[108.77747,-7.61952],[108.77747,-7.61953],[108.77747,-7.61998],[108.77702,-7.61998],[108.77701,-7.61998],[108.77657,-7.61998],[108.77656,-7.61998],[108.77656,-7.61953],[108.77656,-7.61952],[108.77656,-7.61907],[108.77657,-7.61907],[108.77702,-7.61907],[108.77702,-7.61862],[108.77702,-7.61817],[108.77748,-7.61817],[108.77748,-7.61862]]],[[[108.77884,-7.61863],[108.77884,-7.61908],[108.77838,-7.61908],[108.77838,-7.61863],[108.77793,-7.61863],[108.77793,-7.61817],[108.77839,-7.61817],[108.77839,-7.61863],[108.77884,-7.61863]]],[[[108.77794,-7.61727],[108.77794,-7.61772],[108.77748,-7.61772],[108.77748,-7.61727],[108.77794,-7.61727]]],[[[108.77841,-7.61321],[108.77796,-7.61321],[108.77796,-7.61275],[108.77841,-7.61275],[108.77842,-7.61275],[108.77887,-7.61275],[108.77887,-7.61276],[108.77887,-7.61321],[108.77842,-7.61321],[108.77841,-7.61321]]],[[[108.77751,-7.6123],[108.77751,-7.61275],[108.77705,-7.61275],[108.77705,-7.6123],[108.77751,-7.6123]]],[[[108.77842,-7.61185],[108.77842,-7.6123],[108.77796,-7.6123],[108.77796,-7.61185],[108.77842,-7.61185]]],[[[108.77752,-7.61094],[108.77752,-7.61139],[108.77752,-7.6114],[108.77706,-7.6114],[108.77706,-7.61139],[108.77706,-7.61094],[108.77752,-7.61094]]],[[[108.77843,-7.61049],[108.77843,-7.61095],[108.77797,-7.61095],[108.77797,-7.61049],[108.77843,-7.61049]]],[[[108.77708,-7.60958],[108.77708,-7.61004],[108.77662,-7.61004],[108.77662,-7.60958],[108.77708,-7.60958]]],[[[108.77844,-7.60914],[108.77844,-7.60959],[108.77843,-7.60959],[108.77798,-7.60959],[108.77798,-7.60914],[108.77843,-7.60914],[108.77844,-7.60914]]],[[[108.77851,-7.59469],[108.77805,-7.59469],[108.77805,-7.59468],[108.77805,-7.59423],[108.77806,-7.59423],[108.77806,-7.59378],[108.77852,-7.59378],[108.77852,-7.59423],[108.77851,-7.59423],[108.77851,-7.59468],[108.77851,-7.59469]]],[[[108.77853,-7.59062],[108.77808,-7.59062],[108.77808,-7.59017],[108.77808,-7.59016],[108.77853,-7.59016],[108.77853,-7.59017],[108.77853,-7.59062]]],[[[108.77815,-7.57481],[108.77815,-7.57435],[108.77861,-7.57435],[108.77861,-7.57436],[108.77906,-7.57436],[108.77907,-7.57436],[108.77952,-7.57436],[108.77952,-7.57481],[108.77907,-7.57481],[108.77907,-7.57526],[108.77861,-7.57526],[108.77861,-7.57481],[108.77815,-7.57481]]],[[[108.77862,-7.57255],[108.77817,-7.57255],[108.77817,-7.57209],[108.77863,-7.57209],[108.77863,-7.5721],[108.77908,-7.5721],[108.77908,-7.57255],[108.77908,-7.573],[108.77862,-7.573],[108.77862,-7.57255]]],[[[108.77727,-7.57209],[108.77772,-7.57209],[108.77772,-7.57254],[108.77727,-7.57254],[108.77726,-7.57254],[108.77681,-7.57254],[108.77681,-7.57209],[108.77681,-7.57164],[108.77727,-7.57164],[108.77727,-7.57209]]],[[[108.77782,-7.56804],[108.77793,-7.56803],[108.77819,-7.56803],[108.77819,-7.56848],[108.77773,-7.56848],[108.77773,-7.56806],[108.77779,-7.56805],[108.77782,-7.56804]]],[[[108.78045,-7.65614],[108.78091,-7.65614],[108.78136,-7.65614],[108.78137,-7.65614],[108.78137,-7.65659],[108.78181,-7.65659],[108.78182,-7.65659],[108.78226,-7.65659],[108.78227,-7.65659],[108.78227,-7.6566],[108.78227,-7.65705],[108.78226,-7.65705],[108.78182,-7.65705],[108.78181,-7.65705],[108.78136,-7.65705],[108.78136,-7.65749],[108.78136,-7.6575],[108.78136,-7.65795],[108.78091,-7.65795],[108.7809,-7.65795],[108.7809,-7.65828],[108.78044,-7.65828],[108.78044,-7.65794],[108.78045,-7.65794],[108.78045,-7.65749],[108.7809,-7.65749],[108.7809,-7.65704],[108.78045,-7.65704],[108.78045,-7.65659],[108.78045,-7.65614]],[[108.78136,-7.65659],[108.78091,-7.65659],[108.78091,-7.65704],[108.78136,-7.65704],[108.78136,-7.65659]]],[[[108.77954,-7.65794],[108.77954,-7.6582],[108.77925,-7.65814],[108.77924,-7.65814],[108.77923,-7.65814],[108.77923,-7.65813],[108.7792,-7.65811],[108.77915,-7.65805],[108.77912,-7.65799],[108.77908,-7.65794],[108.77954,-7.65794]]],[[[108.78,-7.65703],[108.78,-7.65704],[108.78,-7.65749],[108.78,-7.65794],[108.77954,-7.65794],[108.77954,-7.65749],[108.77954,-7.65704],[108.77954,-7.65703],[108.78,-7.65703]]],[[[108.77955,-7.65658],[108.77909,-7.65658],[108.77909,-7.65613],[108.7791,-7.65613],[108.7791,-7.65568],[108.77955,-7.65568],[108.77956,-7.65568],[108.78001,-7.65568],[108.78001,-7.65613],[108.77956,-7.65613],[108.77955,-7.65613],[108.77955,-7.65658]]],[[[108.78004,-7.65026],[108.78004,-7.65071],[108.77958,-7.65071],[108.77958,-7.65026],[108.78004,-7.65026]]],[[[108.78184,-7.64891],[108.78185,-7.64891],[108.7823,-7.64891],[108.7823,-7.64892],[108.7823,-7.64937],[108.78275,-7.64937],[108.7832,-7.64937],[108.78321,-7.64937],[108.78366,-7.64937],[108.78366,-7.64983],[108.78321,-7.64983],[108.7832,-7.64983],[108.78275,-7.64983],[108.78275,-7.64982],[108.7823,-7.64982],[108.78229,-7.64982],[108.78229,-7.64937],[108.78185,-7.64937],[108.78184,-7.64937],[108.7814,-7.64937],[108.78139,-7.64937],[108.78139,-7.64891],[108.7814,-7.64891],[108.78184,-7.64891]]],[[[108.7814,-7.64801],[108.78095,-7.64801],[108.78095,-7.64756],[108.78095,-7.64755],[108.78141,-7.64755],[108.78141,-7.64756],[108.78141,-7.64801],[108.78186,-7.64801],[108.78186,-7.64846],[108.7814,-7.64846],[108.7814,-7.64801]]],[[[108.78142,-7.64484],[108.78142,-7.64485],[108.78142,-7.6453],[108.78188,-7.6453],[108.78188,-7.64575],[108.78142,-7.64575],[108.78142,-7.6462],[108.78141,-7.6462],[108.78141,-7.64665],[108.78141,-7.64711],[108.78095,-7.64711],[108.78095,-7.64665],[108.7805,-7.64665],[108.7805,-7.6462],[108.78095,-7.6462],[108.78096,-7.6462],[108.78096,-7.64575],[108.78096,-7.6453],[108.78096,-7.64485],[108.78096,-7.64484],[108.78142,-7.64484]]],[[[108.78099,-7.64032],[108.78099,-7.64033],[108.78099,-7.64078],[108.78054,-7.64078],[108.78054,-7.64123],[108.78008,-7.64123],[108.78008,-7.64078],[108.78008,-7.64077],[108.78008,-7.64032],[108.78053,-7.64032],[108.78053,-7.63987],[108.78099,-7.63987],[108.78099,-7.64032]]],[[[108.78191,-7.63897],[108.78191,-7.63943],[108.78145,-7.63943],[108.78145,-7.63897],[108.78191,-7.63897]]],[[[108.78009,-7.63897],[108.78009,-7.63942],[108.77963,-7.63942],[108.77963,-7.63897],[108.77963,-7.63896],[108.78009,-7.63896],[108.78009,-7.63897]]],[[[108.78063,-7.62361],[108.78063,-7.62406],[108.78063,-7.62451],[108.78062,-7.62451],[108.78017,-7.62451],[108.78017,-7.62406],[108.77972,-7.62406],[108.77972,-7.62361],[108.77972,-7.6236],[108.78017,-7.6236],[108.78017,-7.62361],[108.78018,-7.62361],[108.78062,-7.62361],[108.78063,-7.62361]]],[[[108.78153,-7.62361],[108.78153,-7.62407],[108.78107,-7.62407],[108.78107,-7.62361],[108.78153,-7.62361]]],[[[108.78198,-7.62226],[108.78199,-7.62226],[108.78244,-7.62226],[108.78244,-7.62271],[108.78244,-7.62272],[108.78198,-7.62272],[108.78198,-7.62271],[108.78153,-7.62271],[108.78153,-7.62226],[108.78198,-7.62226]]],[[[108.77972,-7.6227],[108.77972,-7.62225],[108.77972,-7.6218],[108.78018,-7.6218],[108.78018,-7.62225],[108.78018,-7.6227],[108.77972,-7.6227]]],[[[108.78064,-7.62135],[108.78064,-7.6218],[108.78018,-7.6218],[108.78018,-7.62135],[108.78064,-7.62135]]],[[[108.78158,-7.61458],[108.78158,-7.61503],[108.78112,-7.61503],[108.78112,-7.61458],[108.78158,-7.61458]]],[[[108.78022,-7.61457],[108.78022,-7.61502],[108.77976,-7.61502],[108.77976,-7.61457],[108.78022,-7.61457]]],[[[108.78077,-7.59515],[108.78077,-7.5956],[108.78031,-7.5956],[108.78031,-7.59515],[108.78077,-7.59515]]],[[[108.78169,-7.59334],[108.78169,-7.5938],[108.78168,-7.5938],[108.78123,-7.5938],[108.78123,-7.59334],[108.78168,-7.59334],[108.78169,-7.59334]]],[[[108.78087,-7.57617],[108.78041,-7.57617],[108.78041,-7.57572],[108.78087,-7.57572],[108.78087,-7.57617]]],[[[108.78088,-7.57437],[108.78061,-7.57437],[108.7806,-7.57437],[108.78042,-7.57437],[108.78042,-7.5742],[108.78042,-7.57391],[108.78088,-7.57391],[108.78088,-7.57437]]],[[[108.78179,-7.57347],[108.78179,-7.57392],[108.78133,-7.57392],[108.78133,-7.57347],[108.78179,-7.57347]]],[[[108.78043,-7.57301],[108.78043,-7.57346],[108.77998,-7.57346],[108.77998,-7.57301],[108.78043,-7.57301]]],[[[108.78179,-7.57256],[108.78179,-7.57302],[108.78133,-7.57302],[108.78133,-7.57256],[108.78179,-7.57256]]],[[[108.78089,-7.57211],[108.78089,-7.57256],[108.78043,-7.57256],[108.78043,-7.57211],[108.78089,-7.57211]]],[[[108.78028,-7.5675],[108.78046,-7.56745],[108.78046,-7.56746],[108.78091,-7.56734],[108.78092,-7.56734],[108.78092,-7.56735],[108.78136,-7.56723],[108.78175,-7.56714],[108.78181,-7.56714],[108.78181,-7.56713],[108.78227,-7.56701],[108.78247,-7.56697],[108.78273,-7.56691],[108.78273,-7.56715],[108.78227,-7.56715],[108.78182,-7.56715],[108.78182,-7.56759],[108.78182,-7.5676],[108.78136,-7.5676],[108.78136,-7.56759],[108.78092,-7.56759],[108.78091,-7.56759],[108.78046,-7.56759],[108.78001,-7.56759],[108.78001,-7.56804],[108.77956,-7.56804],[108.77955,-7.56804],[108.7791,-7.56804],[108.7791,-7.56803],[108.7791,-7.56782],[108.77915,-7.56781],[108.77955,-7.5677],[108.77955,-7.5677],[108.77997,-7.56758],[108.78001,-7.56758],[108.78001,-7.56757],[108.78028,-7.5675]]],[[[108.78674,-7.66747],[108.78674,-7.66791],[108.78674,-7.66792],[108.78632,-7.66792],[108.78628,-7.66787],[108.78628,-7.66746],[108.78673,-7.66746],[108.78673,-7.66701],[108.78674,-7.66701],[108.78719,-7.66701],[108.78719,-7.66746],[108.78719,-7.66747],[108.78674,-7.66747]]],[[[108.78585,-7.66475],[108.78585,-7.6652],[108.78539,-7.6652],[108.78539,-7.66475],[108.78539,-7.66474],[108.78585,-7.66474],[108.78585,-7.66475]]],[[[108.7863,-7.66384],[108.7863,-7.6643],[108.78584,-7.6643],[108.78584,-7.66384],[108.7863,-7.66384]]],[[[108.78586,-7.66249],[108.78631,-7.66249],[108.78631,-7.66294],[108.78586,-7.66294],[108.78585,-7.66294],[108.7854,-7.66294],[108.7854,-7.66254],[108.78542,-7.66249],[108.78585,-7.66249],[108.78586,-7.66249]]],[[[108.78632,-7.66159],[108.78586,-7.66159],[108.78586,-7.66113],[108.78632,-7.66113],[108.78632,-7.66068],[108.78677,-7.66068],[108.78677,-7.66069],[108.78722,-7.66069],[108.78722,-7.66114],[108.78677,-7.66114],[108.78677,-7.66159],[108.78632,-7.66159]]],[[[108.78633,-7.65887],[108.78633,-7.65888],[108.78633,-7.65933],[108.78633,-7.65978],[108.78678,-7.65978],[108.78678,-7.66023],[108.78678,-7.66024],[108.78632,-7.66024],[108.78632,-7.66068],[108.78588,-7.66068],[108.7859,-7.66037],[108.78587,-7.66023],[108.78587,-7.66018],[108.78587,-7.65978],[108.78587,-7.65933],[108.78587,-7.65888],[108.78587,-7.65887],[108.78587,-7.65842],[108.78633,-7.65842],[108.78633,-7.65887]]],[[[108.78352,-7.65846],[108.78351,-7.65846],[108.78351,-7.65845],[108.78347,-7.65841],[108.78361,-7.65841],[108.78362,-7.65841],[108.78406,-7.65841],[108.78406,-7.65796],[108.78362,-7.65796],[108.78361,-7.65796],[108.78317,-7.65796],[108.78316,-7.65796],[108.78272,-7.65796],[108.78271,-7.65796],[108.78226,-7.65796],[108.78226,-7.65795],[108.7818,-7.65795],[108.7818,-7.6575],[108.78226,-7.6575],[108.78271,-7.6575],[108.78271,-7.65705],[108.78317,-7.65705],[108.78317,-7.6575],[108.78317,-7.65751],[108.78361,-7.65751],[108.78362,-7.65751],[108.78407,-7.65751],[108.78407,-7.65796],[108.78452,-7.65796],[108.78452,-7.65841],[108.78452,-7.65842],[108.78452,-7.65863],[108.78442,-7.65861],[108.78415,-7.65858],[108.78412,-7.65859],[108.78406,-7.65857],[108.78406,-7.65857],[108.78362,-7.65848],[108.78362,-7.65849],[108.78354,-7.65847],[108.78353,-7.65847],[108.78352,-7.65847],[108.78352,-7.65846]]],[[[108.78499,-7.65661],[108.78498,-7.65661],[108.78453,-7.65661],[108.78453,-7.65616],[108.78453,-7.65571],[108.78453,-7.6557],[108.78499,-7.6557],[108.78499,-7.65526],[108.78544,-7.65526],[108.78544,-7.65481],[108.78544,-7.65436],[108.78544,-7.65435],[108.7859,-7.65435],[108.7859,-7.65391],[108.7859,-7.6539],[108.78635,-7.6539],[108.78635,-7.65391],[108.78635,-7.65436],[108.78635,-7.65481],[108.7859,-7.65481],[108.7859,-7.65526],[108.78545,-7.65526],[108.78545,-7.65571],[108.78544,-7.65571],[108.78544,-7.65616],[108.78544,-7.65661],[108.78589,-7.65661],[108.78589,-7.65616],[108.78634,-7.65616],[108.78634,-7.65572],[108.78634,-7.65571],[108.7868,-7.65571],[108.7868,-7.65527],[108.7868,-7.65526],[108.78725,-7.65526],[108.78725,-7.65482],[108.78725,-7.65436],[108.78771,-7.65436],[108.78771,-7.65482],[108.78771,-7.65527],[108.78815,-7.65527],[108.78816,-7.65527],[108.7886,-7.65527],[108.78861,-7.65527],[108.78906,-7.65527],[108.78906,-7.65528],[108.78952,-7.65528],[108.78952,-7.65573],[108.78906,-7.65573],[108.78906,-7.65618],[108.78861,-7.65618],[108.7886,-7.65618],[108.78816,-7.65618],[108.78815,-7.65618],[108.7877,-7.65618],[108.7877,-7.65617],[108.78726,-7.65617],[108.78725,-7.65617],[108.78725,-7.65662],[108.7868,-7.65662],[108.78679,-7.65662],[108.78635,-7.65662],[108.78634,-7.65662],[108.78634,-7.65707],[108.78589,-7.65707],[108.78589,-7.65752],[108.78543,-7.65752],[108.78543,-7.65797],[108.78497,-7.65797],[108.78497,-7.65752],[108.78497,-7.65751],[108.78497,-7.65706],[108.78543,-7.65706],[108.78543,-7.65661],[108.78499,-7.65661]],[[108.78726,-7.65527],[108.78726,-7.65572],[108.7877,-7.65572],[108.7877,-7.65527],[108.78726,-7.65527]]],[[[108.78453,-7.65706],[108.78407,-7.65706],[108.78407,-7.65661],[108.78453,-7.65661],[108.78453,-7.65706]]],[[[108.78454,-7.6548],[108.78454,-7.65435],[108.785,-7.65435],[108.785,-7.6548],[108.78499,-7.6548],[108.78499,-7.65526],[108.78453,-7.65526],[108.78453,-7.6548],[108.78454,-7.6548]]],[[[108.7859,-7.65255],[108.7859,-7.6521],[108.78636,-7.6521],[108.78636,-7.65255],[108.78681,-7.65255],[108.78681,-7.65301],[108.78635,-7.65301],[108.78635,-7.65255],[108.7859,-7.65255]]],[[[108.78637,-7.6512],[108.78637,-7.65165],[108.78591,-7.65165],[108.78591,-7.6512],[108.78591,-7.65119],[108.78637,-7.65119],[108.78637,-7.6512]]],[[[108.78598,-7.63945],[108.78598,-7.6399],[108.78552,-7.6399],[108.78552,-7.63945],[108.78598,-7.63945]]],[[[108.78372,-7.63899],[108.78371,-7.63899],[108.78326,-7.63899],[108.78326,-7.63943],[108.78326,-7.63944],[108.78281,-7.63944],[108.78281,-7.63943],[108.78281,-7.63898],[108.78326,-7.63898],[108.78326,-7.63853],[108.78326,-7.63808],[108.78372,-7.63808],[108.78372,-7.63853],[108.78372,-7.63898],[108.78372,-7.63899]]],[[[108.78463,-7.63718],[108.78417,-7.63718],[108.78417,-7.63673],[108.78463,-7.63673],[108.78463,-7.63718]]],[[[108.7851,-7.63492],[108.7851,-7.63538],[108.78464,-7.63538],[108.78464,-7.63492],[108.7851,-7.63492]]],[[[108.78376,-7.62995],[108.78376,-7.6304],[108.7833,-7.6304],[108.7833,-7.62995],[108.78376,-7.62995]]],[[[108.78693,-7.62951],[108.78693,-7.62997],[108.78648,-7.62997],[108.78648,-7.62951],[108.78693,-7.62951]]],[[[108.78606,-7.62409],[108.78606,-7.62454],[108.7856,-7.62454],[108.7856,-7.62409],[108.78606,-7.62409]]],[[[108.78561,-7.62183],[108.78561,-7.62228],[108.78516,-7.62228],[108.78516,-7.62183],[108.78516,-7.62182],[108.78561,-7.62182],[108.78561,-7.62183]]],[[[108.78381,-7.62136],[108.78381,-7.62182],[108.78335,-7.62182],[108.78335,-7.62136],[108.78381,-7.62136]]],[[[108.78336,-7.62046],[108.78336,-7.62091],[108.7829,-7.62091],[108.7829,-7.62046],[108.78336,-7.62046]]],[[[108.78246,-7.62045],[108.78246,-7.62091],[108.782,-7.62091],[108.782,-7.62045],[108.78246,-7.62045]]],[[[108.78655,-7.61776],[108.78655,-7.61822],[108.78654,-7.61822],[108.78609,-7.61822],[108.78609,-7.61776],[108.78654,-7.61776],[108.78655,-7.61776]]],[[[108.787,-7.61641],[108.787,-7.61686],[108.787,-7.61687],[108.78654,-7.61687],[108.78654,-7.61686],[108.78654,-7.61641],[108.787,-7.61641]]],[[[108.78519,-7.61596],[108.78519,-7.61595],[108.78519,-7.6155],[108.78564,-7.6155],[108.78565,-7.6155],[108.78565,-7.61595],[108.78565,-7.61596],[108.78564,-7.61596],[108.78519,-7.61596]]],[[[108.78206,-7.61504],[108.78203,-7.61504],[108.78203,-7.61503],[108.78203,-7.61458],[108.78249,-7.61458],[108.78249,-7.61475],[108.78249,-7.61476],[108.78249,-7.61503],[108.78249,-7.61504],[108.78206,-7.61504]]],[[[108.78384,-7.61414],[108.78384,-7.61459],[108.78339,-7.61459],[108.78339,-7.61414],[108.78384,-7.61414]]],[[[108.78702,-7.6137],[108.78702,-7.61415],[108.78702,-7.61416],[108.78656,-7.61416],[108.78656,-7.61415],[108.78656,-7.6137],[108.78702,-7.6137]]],[[[108.78386,-7.61143],[108.78386,-7.61188],[108.7834,-7.61188],[108.7834,-7.61143],[108.78386,-7.61143]]],[[[108.7866,-7.60647],[108.7866,-7.60692],[108.78614,-7.60692],[108.78614,-7.60647],[108.7866,-7.60647]]],[[[108.78481,-7.60285],[108.78481,-7.6033],[108.78435,-7.6033],[108.78435,-7.60285],[108.78481,-7.60285]]],[[[108.783,-7.60284],[108.783,-7.60329],[108.78254,-7.60329],[108.78254,-7.60284],[108.783,-7.60284]]],[[[108.78571,-7.60195],[108.78571,-7.6015],[108.78617,-7.6015],[108.78617,-7.60195],[108.78662,-7.60195],[108.78662,-7.60241],[108.78616,-7.60241],[108.78616,-7.60195],[108.78571,-7.60195]]],[[[108.78394,-7.59607],[108.78394,-7.59652],[108.78348,-7.59652],[108.78348,-7.59607],[108.78394,-7.59607]]],[[[108.7835,-7.59335],[108.7835,-7.59381],[108.78304,-7.59381],[108.78304,-7.59335],[108.7835,-7.59335]]],[[[108.78715,-7.58861],[108.78715,-7.58886],[108.78669,-7.58886],[108.78669,-7.58846],[108.78715,-7.58861]]],[[[108.78624,-7.58795],[108.78655,-7.58795],[108.78654,-7.58837],[108.78655,-7.5884],[108.78624,-7.5884],[108.78624,-7.58795]]],[[[108.78673,-7.58117],[108.78719,-7.58117],[108.78719,-7.58144],[108.78673,-7.5813],[108.78629,-7.58117],[108.7863,-7.58117],[108.78627,-7.58116],[108.78627,-7.58072],[108.78664,-7.58072],[108.78664,-7.5809],[108.78673,-7.5809],[108.78673,-7.58117]]],[[[108.78447,-7.58063],[108.78447,-7.58064],[108.78447,-7.58071],[108.78401,-7.58071],[108.78401,-7.5805],[108.78401,-7.58041],[108.78401,-7.58026],[108.78401,-7.5798],[108.78447,-7.5798],[108.78447,-7.58015],[108.78447,-7.58026],[108.78447,-7.58034],[108.78447,-7.58058],[108.78447,-7.58063]]],[[[108.78539,-7.57845],[108.78539,-7.57891],[108.78538,-7.57891],[108.78493,-7.57891],[108.78493,-7.57845],[108.78538,-7.57845],[108.78539,-7.57845]]],[[[108.78719,-7.57801],[108.7872,-7.57801],[108.78765,-7.57801],[108.78765,-7.57846],[108.78765,-7.57847],[108.78765,-7.57892],[108.78719,-7.57892],[108.78719,-7.57847],[108.78674,-7.57847],[108.78674,-7.57846],[108.78674,-7.57801],[108.78719,-7.57801]]],[[[108.78629,-7.57801],[108.78629,-7.57846],[108.78584,-7.57846],[108.78583,-7.57846],[108.78583,-7.57801],[108.78584,-7.57801],[108.78629,-7.57801]]],[[[108.78448,-7.57755],[108.78403,-7.57755],[108.78403,-7.57709],[108.78359,-7.57709],[108.78358,-7.57709],[108.78313,-7.57709],[108.78313,-7.57664],[108.78358,-7.57664],[108.78359,-7.57664],[108.78403,-7.57664],[108.78404,-7.57664],[108.78404,-7.57709],[108.78448,-7.57709],[108.78449,-7.57709],[108.78449,-7.5771],[108.78494,-7.5771],[108.78494,-7.57755],[108.78538,-7.57755],[108.78539,-7.57755],[108.78539,-7.578],[108.78538,-7.578],[108.78493,-7.578],[108.78493,-7.57755],[108.78449,-7.57755],[108.78448,-7.57755]]],[[[108.78585,-7.57665],[108.78585,-7.5771],[108.78539,-7.5771],[108.78539,-7.57665],[108.78585,-7.57665]]],[[[108.78677,-7.57394],[108.78677,-7.5735],[108.78677,-7.57349],[108.78677,-7.57304],[108.78722,-7.57304],[108.78722,-7.57259],[108.78722,-7.57214],[108.78722,-7.57169],[108.78722,-7.57124],[108.78768,-7.57124],[108.78768,-7.57169],[108.78768,-7.57214],[108.78768,-7.57259],[108.78768,-7.57305],[108.78767,-7.57305],[108.78767,-7.5735],[108.78767,-7.57395],[108.78722,-7.57395],[108.78722,-7.5744],[108.78722,-7.57485],[108.78722,-7.5753],[108.78721,-7.5753],[108.78721,-7.57575],[108.78721,-7.57576],[108.78721,-7.57621],[108.78676,-7.57621],[108.78676,-7.57666],[108.7863,-7.57666],[108.7863,-7.5762],[108.7863,-7.57575],[108.78675,-7.57575],[108.78675,-7.5753],[108.78676,-7.5753],[108.78676,-7.57485],[108.78676,-7.5744],[108.78676,-7.57395],[108.78676,-7.57394],[108.78677,-7.57394]]],[[[108.78314,-7.57528],[108.78314,-7.57573],[108.78313,-7.57573],[108.78268,-7.57573],[108.78268,-7.57528],[108.78313,-7.57528],[108.78314,-7.57528]]],[[[108.78223,-7.57437],[108.78223,-7.57483],[108.78178,-7.57483],[108.78178,-7.57437],[108.78223,-7.57437]]],[[[108.7859,-7.56716],[108.7859,-7.56762],[108.78544,-7.56762],[108.78544,-7.56716],[108.7859,-7.56716]]],[[[108.78317,-7.56715],[108.78317,-7.56682],[108.78322,-7.56681],[108.78363,-7.56672],[108.78363,-7.56715],[108.78317,-7.56715]]],[[[108.7859,-7.56671],[108.7859,-7.5666],[108.78607,-7.56671],[108.78607,-7.56672],[108.7859,-7.56672],[108.7859,-7.56671]]],[[[108.78408,-7.56671],[108.78408,-7.5667],[108.7837,-7.5667],[108.78385,-7.56667],[108.78408,-7.56661],[108.78408,-7.56661],[108.78444,-7.56652],[108.78454,-7.5665],[108.78498,-7.56641],[108.785,-7.5664],[108.785,-7.56671],[108.78454,-7.56671],[108.78408,-7.56671]]],[[[108.78854,-7.66792],[108.78854,-7.66838],[108.78809,-7.66838],[108.78809,-7.66792],[108.78854,-7.66792]]],[[[108.78945,-7.66748],[108.78945,-7.66793],[108.78899,-7.66793],[108.78899,-7.66748],[108.78899,-7.66747],[108.78945,-7.66747],[108.78945,-7.66748]]],[[[108.79308,-7.66704],[108.79263,-7.66704],[108.79262,-7.66704],[108.79262,-7.66659],[108.79263,-7.66659],[108.79308,-7.66659],[108.79308,-7.66704]]],[[[108.7931,-7.66388],[108.79264,-7.66388],[108.79264,-7.66343],[108.7931,-7.66343],[108.7931,-7.66388]]],[[[108.79446,-7.66298],[108.79446,-7.66299],[108.79401,-7.66299],[108.79401,-7.66298],[108.79401,-7.66253],[108.79446,-7.66253],[108.79446,-7.66208],[108.79491,-7.66208],[108.79491,-7.66253],[108.79491,-7.66254],[108.79446,-7.66254],[108.79446,-7.66298]]],[[[108.7913,-7.66252],[108.79084,-7.66252],[108.79084,-7.66207],[108.79084,-7.66206],[108.79084,-7.66161],[108.79129,-7.66161],[108.7913,-7.66161],[108.79175,-7.66161],[108.79175,-7.66162],[108.7922,-7.66162],[108.79221,-7.66162],[108.79265,-7.66162],[108.79266,-7.66162],[108.79311,-7.66162],[108.79356,-7.66162],[108.79356,-7.66208],[108.79311,-7.66208],[108.79311,-7.66207],[108.79266,-7.66207],[108.79266,-7.66252],[108.79265,-7.66252],[108.79265,-7.66297],[108.79265,-7.66298],[108.79219,-7.66298],[108.79219,-7.66297],[108.79174,-7.66297],[108.79174,-7.66252],[108.79219,-7.66252],[108.7922,-7.66252],[108.7922,-7.66207],[108.79175,-7.66207],[108.7913,-7.66207],[108.7913,-7.66252]]],[[[108.79582,-7.66163],[108.79582,-7.66209],[108.79536,-7.66209],[108.79536,-7.66163],[108.79582,-7.66163]]],[[[108.78949,-7.66115],[108.78949,-7.6616],[108.78903,-7.6616],[108.78903,-7.66115],[108.78949,-7.66115]]],[[[108.78858,-7.66069],[108.78858,-7.66115],[108.78812,-7.66115],[108.78812,-7.66069],[108.78858,-7.66069]]],[[[108.79266,-7.65981],[108.79312,-7.65981],[108.79312,-7.66027],[108.79266,-7.66027],[108.79266,-7.66072],[108.79221,-7.66072],[108.79221,-7.66026],[108.79266,-7.66026],[108.79266,-7.65981]]],[[[108.79402,-7.66027],[108.79356,-7.66027],[108.79356,-7.65982],[108.79402,-7.65982],[108.79402,-7.66027]]],[[[108.79221,-7.65981],[108.79221,-7.66026],[108.79176,-7.66026],[108.79175,-7.66026],[108.79175,-7.65981],[108.79176,-7.65981],[108.79221,-7.65981]]],[[[108.79086,-7.65935],[108.79086,-7.6598],[108.7904,-7.6598],[108.7904,-7.65935],[108.79086,-7.65935]]],[[[108.79267,-7.65846],[108.79267,-7.65891],[108.79221,-7.65891],[108.79221,-7.65846],[108.79267,-7.65846]]],[[[108.7886,-7.65844],[108.7886,-7.65889],[108.78814,-7.65889],[108.78814,-7.65844],[108.78814,-7.65843],[108.7886,-7.65843],[108.7886,-7.65844]]],[[[108.79131,-7.658],[108.79131,-7.65845],[108.79086,-7.65845],[108.79085,-7.65845],[108.79085,-7.658],[108.79086,-7.658],[108.79131,-7.658]]],[[[108.79177,-7.65755],[108.79177,-7.658],[108.79131,-7.658],[108.79131,-7.65755],[108.79177,-7.65755]]],[[[108.78996,-7.65754],[108.78996,-7.65799],[108.78951,-7.65799],[108.7895,-7.65799],[108.7895,-7.65754],[108.78951,-7.65754],[108.78996,-7.65754]]],[[[108.78772,-7.65301],[108.78772,-7.65346],[108.78726,-7.65346],[108.78726,-7.65301],[108.78772,-7.65301]]],[[[108.79044,-7.65212],[108.79044,-7.65257],[108.78999,-7.65257],[108.78998,-7.65257],[108.78998,-7.65212],[108.78999,-7.65212],[108.79044,-7.65212]]],[[[108.79588,-7.6517],[108.79588,-7.65215],[108.79542,-7.65215],[108.79542,-7.6517],[108.79542,-7.65169],[108.79588,-7.65169],[108.79588,-7.6517]]],[[[108.78822,-7.64307],[108.78822,-7.64353],[108.78777,-7.64353],[108.78776,-7.64353],[108.78776,-7.64307],[108.78777,-7.64307],[108.78822,-7.64307]]],[[[108.79594,-7.6395],[108.79594,-7.63995],[108.79548,-7.63995],[108.79548,-7.6395],[108.79594,-7.6395]]],[[[108.79504,-7.63949],[108.79504,-7.63995],[108.79458,-7.63995],[108.79458,-7.63949],[108.79504,-7.63949]]],[[[108.78824,-7.63946],[108.78824,-7.63991],[108.78778,-7.63991],[108.78778,-7.63946],[108.78824,-7.63946]]],[[[108.79099,-7.63315],[108.79099,-7.6336],[108.79054,-7.6336],[108.79053,-7.6336],[108.79053,-7.63315],[108.79054,-7.63315],[108.79099,-7.63315]]],[[[108.78831,-7.62681],[108.78831,-7.62726],[108.78785,-7.62726],[108.78785,-7.62681],[108.78831,-7.62681]]],[[[108.78877,-7.625],[108.78877,-7.62546],[108.78876,-7.62546],[108.78831,-7.62546],[108.78831,-7.625],[108.78876,-7.625],[108.78877,-7.625]]],[[[108.79197,-7.61824],[108.79197,-7.6187],[108.79151,-7.6187],[108.79151,-7.61824],[108.79197,-7.61824]]],[[[108.79062,-7.61779],[108.79016,-7.61779],[108.79016,-7.61733],[108.79062,-7.61733],[108.79062,-7.61779]]],[[[108.79379,-7.61735],[108.79334,-7.61735],[108.79333,-7.61735],[108.79333,-7.6169],[108.79334,-7.6169],[108.79379,-7.6169],[108.79379,-7.61735]]],[[[108.79606,-7.61601],[108.79606,-7.61646],[108.7956,-7.61646],[108.7956,-7.61601],[108.79606,-7.61601]]],[[[108.78791,-7.61596],[108.78791,-7.61642],[108.78745,-7.61642],[108.78745,-7.61596],[108.78791,-7.61596]]],[[[108.78928,-7.61236],[108.78928,-7.61281],[108.78883,-7.61281],[108.78883,-7.61236],[108.78928,-7.61236]]],[[[108.79518,-7.61058],[108.79518,-7.61103],[108.79472,-7.61103],[108.79472,-7.61058],[108.79518,-7.61058]]],[[[108.7961,-7.60923],[108.7961,-7.60968],[108.79564,-7.60968],[108.79564,-7.60923],[108.7961,-7.60923]]],[[[108.79156,-7.60831],[108.79156,-7.6083],[108.79157,-7.6083],[108.79202,-7.6083],[108.79202,-7.60831],[108.79202,-7.60876],[108.79157,-7.60876],[108.79156,-7.60876],[108.79156,-7.60831]]],[[[108.79068,-7.60604],[108.79068,-7.60649],[108.79022,-7.60649],[108.79022,-7.60604],[108.79068,-7.60604]]],[[[108.79569,-7.60109],[108.79569,-7.6011],[108.79569,-7.60155],[108.79613,-7.60155],[108.79614,-7.60155],[108.79614,-7.60167],[108.79614,-7.602],[108.79613,-7.602],[108.79568,-7.602],[108.79522,-7.602],[108.79522,-7.60198],[108.79522,-7.60155],[108.79477,-7.60155],[108.79477,-7.60109],[108.79523,-7.60109],[108.79568,-7.60109],[108.79569,-7.60109]]],[[[108.79524,-7.59884],[108.79524,-7.59929],[108.79569,-7.59929],[108.79569,-7.59974],[108.79569,-7.60019],[108.79523,-7.60019],[108.79523,-7.59974],[108.79523,-7.59929],[108.79478,-7.59929],[108.79478,-7.59884],[108.79478,-7.59883],[108.79478,-7.59838],[108.79524,-7.59838],[108.7957,-7.59838],[108.7957,-7.59884],[108.79524,-7.59884]]],[[[108.78981,-7.5979],[108.78981,-7.59836],[108.78935,-7.59836],[108.78935,-7.5979],[108.78981,-7.5979]]],[[[108.79524,-7.59794],[108.79524,-7.59793],[108.79479,-7.59793],[108.79479,-7.59748],[108.79479,-7.59703],[108.79525,-7.59703],[108.79525,-7.59748],[108.7957,-7.59748],[108.7957,-7.59793],[108.7957,-7.59794],[108.79524,-7.59794]]],[[[108.79435,-7.59567],[108.79435,-7.59612],[108.79389,-7.59612],[108.79389,-7.59567],[108.79435,-7.59567]]],[[[108.79435,-7.59522],[108.7948,-7.59522],[108.79481,-7.59522],[108.79526,-7.59522],[108.79526,-7.59567],[108.79481,-7.59567],[108.7948,-7.59567],[108.79435,-7.59567],[108.79435,-7.59522]]],[[[108.79258,-7.58888],[108.79212,-7.58888],[108.79212,-7.58843],[108.79258,-7.58843],[108.79258,-7.58888]]],[[[108.79575,-7.58754],[108.79575,-7.588],[108.7953,-7.588],[108.79529,-7.588],[108.79529,-7.58754],[108.79485,-7.58754],[108.79484,-7.58754],[108.79484,-7.58709],[108.79485,-7.58709],[108.79529,-7.58709],[108.7953,-7.58709],[108.79575,-7.58709],[108.79575,-7.58754]]],[[[108.79531,-7.58483],[108.79531,-7.58528],[108.79485,-7.58528],[108.79485,-7.58483],[108.79531,-7.58483]]],[[[108.79396,-7.58302],[108.79396,-7.58347],[108.7935,-7.58347],[108.7935,-7.58302],[108.7935,-7.58301],[108.79396,-7.58301],[108.79396,-7.58302]]],[[[108.79532,-7.58212],[108.79533,-7.58212],[108.79533,-7.58167],[108.79578,-7.58167],[108.79578,-7.58122],[108.79578,-7.58077],[108.79623,-7.58077],[108.79623,-7.58032],[108.79578,-7.58032],[108.79578,-7.57986],[108.79624,-7.57986],[108.79624,-7.57987],[108.79669,-7.57987],[108.79669,-7.57942],[108.79715,-7.57942],[108.79715,-7.57987],[108.7976,-7.57987],[108.79805,-7.57987],[108.79805,-7.57942],[108.79851,-7.57942],[108.79851,-7.57943],[108.79897,-7.57943],[108.79897,-7.57988],[108.79942,-7.57988],[108.79942,-7.58033],[108.79987,-7.58033],[108.79987,-7.58079],[108.79941,-7.58079],[108.79941,-7.58124],[108.79896,-7.58124],[108.79895,-7.58124],[108.7985,-7.58124],[108.7985,-7.58168],[108.79895,-7.58168],[108.79895,-7.58169],[108.79895,-7.58214],[108.7985,-7.58214],[108.79849,-7.58214],[108.79804,-7.58214],[108.79804,-7.58213],[108.79759,-7.58213],[108.79759,-7.58258],[108.79713,-7.58258],[108.79713,-7.58213],[108.79758,-7.58213],[108.79758,-7.58168],[108.79713,-7.58168],[108.79713,-7.58123],[108.79669,-7.58123],[108.79669,-7.58167],[108.79669,-7.58168],[108.79669,-7.58213],[108.79669,-7.58258],[108.79669,-7.58303],[108.79668,-7.58303],[108.79623,-7.58303],[108.79623,-7.58258],[108.79578,-7.58258],[108.79532,-7.58258],[108.79532,-7.58257],[108.79532,-7.58212]],[[108.79714,-7.58033],[108.79714,-7.58032],[108.7967,-7.58032],[108.79669,-7.58032],[108.79669,-7.58077],[108.79714,-7.58077],[108.7976,-7.58077],[108.7976,-7.58078],[108.79804,-7.58078],[108.79805,-7.58078],[108.79805,-7.58033],[108.7976,-7.58033],[108.79714,-7.58033]],[[108.79851,-7.57988],[108.79806,-7.57988],[108.79806,-7.58033],[108.7985,-7.58033],[108.79851,-7.58033],[108.79895,-7.58033],[108.79896,-7.58033],[108.79896,-7.57988],[108.79851,-7.57988]]],[[[108.79352,-7.58211],[108.79352,-7.58256],[108.79306,-7.58256],[108.79306,-7.58211],[108.79352,-7.58211]]],[[[108.79488,-7.58121],[108.79488,-7.58076],[108.79533,-7.58076],[108.79533,-7.58121],[108.79533,-7.58122],[108.79533,-7.58167],[108.79488,-7.58167],[108.79488,-7.58122],[108.79488,-7.58121]]],[[[108.79126,-7.58074],[108.79126,-7.58075],[108.7908,-7.58075],[108.7908,-7.58074],[108.7908,-7.58029],[108.79126,-7.58029],[108.79126,-7.57984],[108.79172,-7.57984],[108.79172,-7.58029],[108.79172,-7.5803],[108.79126,-7.5803],[108.79126,-7.58074]]],[[[108.78944,-7.58074],[108.78944,-7.58028],[108.7899,-7.58028],[108.7899,-7.58074],[108.78953,-7.58074],[108.78944,-7.58074]]],[[[108.79218,-7.57894],[108.79218,-7.57939],[108.79263,-7.57939],[108.79263,-7.57985],[108.79308,-7.57985],[108.79308,-7.5803],[108.79262,-7.5803],[108.79262,-7.57985],[108.79217,-7.57985],[108.79217,-7.57939],[108.79172,-7.57939],[108.79172,-7.57894],[108.79218,-7.57894]]],[[[108.789,-7.57938],[108.789,-7.57951],[108.789,-7.57967],[108.789,-7.57968],[108.789,-7.57983],[108.78854,-7.57983],[108.78854,-7.57955],[108.78854,-7.57944],[108.78854,-7.57938],[108.789,-7.57938]]],[[[108.79489,-7.57941],[108.79489,-7.57986],[108.79443,-7.57986],[108.79443,-7.57941],[108.79489,-7.57941]]],[[[108.79579,-7.57896],[108.79579,-7.57851],[108.79625,-7.57851],[108.79625,-7.57896],[108.79625,-7.57941],[108.79625,-7.57942],[108.79579,-7.57942],[108.79579,-7.57941],[108.79534,-7.57941],[108.79534,-7.57896],[108.79579,-7.57896]]],[[[108.79353,-7.57895],[108.79398,-7.57895],[108.79398,-7.5794],[108.79353,-7.5794],[108.79352,-7.5794],[108.79352,-7.57895],[108.79308,-7.57895],[108.79307,-7.57895],[108.79307,-7.5785],[108.79307,-7.57849],[108.79308,-7.57849],[108.79353,-7.57849],[108.79353,-7.5785],[108.79353,-7.57895]]],[[[108.79036,-7.57939],[108.79036,-7.57893],[108.78991,-7.57893],[108.78945,-7.57893],[108.78945,-7.57848],[108.78943,-7.57848],[108.78933,-7.57848],[108.78901,-7.57848],[108.78901,-7.57893],[108.78855,-7.57893],[108.78855,-7.57892],[108.78809,-7.57892],[108.78809,-7.57847],[108.7881,-7.57847],[108.7881,-7.57802],[108.78856,-7.57802],[108.78856,-7.57847],[108.789,-7.57847],[108.789,-7.57802],[108.78946,-7.57802],[108.78946,-7.57804],[108.78946,-7.57836],[108.78946,-7.57848],[108.78991,-7.57848],[108.79037,-7.57848],[108.79037,-7.57893],[108.79081,-7.57893],[108.79081,-7.57848],[108.79127,-7.57848],[108.79127,-7.57893],[108.79127,-7.57894],[108.79127,-7.57939],[108.79082,-7.57939],[108.79081,-7.57939],[108.79036,-7.57939]]],[[[108.79489,-7.57805],[108.79489,-7.5785],[108.79443,-7.5785],[108.79443,-7.57805],[108.79489,-7.57805]]],[[[108.79445,-7.57669],[108.79445,-7.57715],[108.79399,-7.57715],[108.79399,-7.57669],[108.79445,-7.57669]]],[[[108.79264,-7.57668],[108.79264,-7.57714],[108.79218,-7.57714],[108.79218,-7.57668],[108.79264,-7.57668]]],[[[108.78903,-7.57576],[108.78903,-7.57622],[108.78902,-7.57622],[108.78857,-7.57622],[108.78857,-7.57576],[108.78902,-7.57576],[108.78903,-7.57576]]],[[[108.78812,-7.57485],[108.78812,-7.57531],[108.78766,-7.57531],[108.78766,-7.57485],[108.78812,-7.57485]]],[[[108.79219,-7.57424],[108.79225,-7.57428],[108.79233,-7.57439],[108.79234,-7.57443],[108.79219,-7.57443],[108.79219,-7.57424]]],[[[108.79395,-7.57366],[108.79401,-7.57368],[108.79401,-7.57398],[108.79401,-7.57443],[108.79355,-7.57443],[108.79355,-7.57422],[108.79356,-7.57421],[108.79367,-7.57412],[108.79374,-7.57406],[108.79377,-7.57398],[108.79383,-7.57381],[108.79388,-7.57371],[108.79388,-7.5737],[108.7939,-7.57367],[108.79395,-7.57366]]],[[[108.78949,-7.57305],[108.78949,-7.57351],[108.78903,-7.57351],[108.78903,-7.57305],[108.78949,-7.57305]]],[[[108.7904,-7.57215],[108.7904,-7.57261],[108.78994,-7.57261],[108.78994,-7.57215],[108.7904,-7.57215]]],[[[108.78815,-7.56898],[108.78815,-7.56853],[108.78815,-7.56808],[108.78815,-7.56798],[108.78816,-7.56798],[108.78822,-7.56801],[108.78833,-7.56808],[108.78861,-7.56824],[108.78893,-7.56843],[108.78898,-7.56846],[108.78905,-7.5685],[108.78905,-7.5685],[108.78906,-7.5685],[108.78911,-7.56854],[108.78906,-7.56854],[108.78905,-7.56854],[108.78861,-7.56854],[108.78861,-7.56898],[108.78905,-7.56898],[108.78906,-7.56898],[108.78906,-7.56899],[108.78906,-7.56944],[108.7895,-7.56944],[108.7895,-7.56899],[108.78951,-7.56899],[108.78958,-7.56899],[108.78967,-7.56914],[108.78982,-7.56944],[108.78951,-7.56944],[108.78951,-7.56989],[108.7895,-7.56989],[108.78906,-7.56989],[108.78905,-7.56989],[108.7886,-7.56989],[108.7886,-7.56944],[108.78815,-7.56944],[108.78815,-7.56989],[108.78769,-7.56989],[108.78769,-7.56943],[108.78769,-7.56898],[108.78815,-7.56898]]],[[[108.80213,-7.66754],[108.80213,-7.66799],[108.80167,-7.66799],[108.80167,-7.66754],[108.80213,-7.66754]]],[[[108.79626,-7.66526],[108.79626,-7.66525],[108.79626,-7.6648],[108.79671,-7.6648],[108.79672,-7.6648],[108.79672,-7.66525],[108.79672,-7.66526],[108.79671,-7.66526],[108.79626,-7.66526]]],[[[108.80271,-7.6445],[108.80225,-7.6445],[108.80225,-7.64405],[108.80271,-7.64405],[108.80271,-7.6445]]],[[[108.80053,-7.62778],[108.80007,-7.62778],[108.80007,-7.62732],[108.80053,-7.62732],[108.80053,-7.62778]]],[[[108.79787,-7.61692],[108.79787,-7.61737],[108.79741,-7.61737],[108.79741,-7.61692],[108.79787,-7.61692]]],[[[108.79789,-7.6124],[108.79789,-7.61285],[108.79789,-7.61286],[108.79743,-7.61286],[108.79743,-7.61285],[108.79743,-7.6124],[108.79789,-7.6124]]],[[[108.80378,-7.61108],[108.80378,-7.61153],[108.80332,-7.61153],[108.80332,-7.61108],[108.80332,-7.61107],[108.80378,-7.61107],[108.80378,-7.61108]]],[[[108.80469,-7.60973],[108.80515,-7.60973],[108.80515,-7.61018],[108.80477,-7.61018],[108.80469,-7.61018],[108.80469,-7.61013],[108.80469,-7.60973]]],[[[108.80471,-7.60468],[108.80472,-7.60468],[108.80473,-7.60468],[108.80473,-7.60476],[108.8046,-7.60476],[108.8047,-7.60469],[108.8047,-7.60468],[108.80471,-7.60468]]],[[[108.79703,-7.60426],[108.79703,-7.60472],[108.79657,-7.60472],[108.79657,-7.60426],[108.79703,-7.60426]]],[[[108.80002,-7.60067],[108.79976,-7.60067],[108.79976,-7.60021],[108.80022,-7.60021],[108.80022,-7.60024],[108.80018,-7.60029],[108.80002,-7.60067]]],[[[108.80161,-7.5939],[108.80115,-7.5939],[108.80115,-7.59345],[108.80115,-7.59344],[108.80161,-7.59344],[108.80161,-7.59345],[108.80161,-7.5939]]],[[[108.80251,-7.59345],[108.80206,-7.59345],[108.80205,-7.59345],[108.80205,-7.593],[108.80206,-7.593],[108.80251,-7.593],[108.80251,-7.59345]]],[[[108.80071,-7.59299],[108.80071,-7.59344],[108.8007,-7.59344],[108.80025,-7.59344],[108.80025,-7.59299],[108.8007,-7.59299],[108.80071,-7.59299]]],[[[108.80342,-7.59255],[108.80342,-7.5921],[108.80342,-7.59165],[108.80388,-7.59165],[108.80388,-7.5921],[108.80388,-7.59255],[108.80388,-7.59256],[108.80342,-7.59256],[108.80342,-7.59255]]],[[[108.80297,-7.5921],[108.80297,-7.59255],[108.80251,-7.59255],[108.80251,-7.5921],[108.80297,-7.5921]]],[[[108.80026,-7.59163],[108.80026,-7.59208],[108.80071,-7.59208],[108.80071,-7.59209],[108.80071,-7.59254],[108.80025,-7.59254],[108.80025,-7.59209],[108.7998,-7.59209],[108.7998,-7.59208],[108.7998,-7.59163],[108.80026,-7.59163]]],[[[108.79799,-7.59207],[108.79754,-7.59207],[108.79754,-7.59162],[108.79799,-7.59162],[108.798,-7.59162],[108.79845,-7.59162],[108.79845,-7.59207],[108.79845,-7.59208],[108.79845,-7.59253],[108.79799,-7.59253],[108.79799,-7.59208],[108.79799,-7.59207]]],[[[108.80389,-7.59029],[108.80389,-7.58985],[108.80389,-7.58984],[108.80389,-7.5894],[108.80389,-7.58939],[108.80389,-7.58894],[108.80389,-7.58849],[108.80435,-7.58849],[108.80435,-7.58894],[108.80434,-7.58894],[108.80434,-7.58939],[108.80434,-7.5894],[108.80434,-7.58984],[108.80434,-7.58985],[108.80434,-7.5903],[108.80389,-7.5903],[108.80389,-7.59075],[108.80434,-7.59075],[108.80434,-7.5912],[108.80434,-7.59165],[108.80388,-7.59165],[108.80388,-7.5912],[108.80343,-7.5912],[108.80343,-7.59075],[108.80343,-7.59029],[108.80389,-7.59029]]],[[[108.79936,-7.59117],[108.79936,-7.59163],[108.79935,-7.59163],[108.7989,-7.59163],[108.7989,-7.59117],[108.79935,-7.59117],[108.79936,-7.59117]]],[[[108.79892,-7.58756],[108.79937,-7.58756],[108.79937,-7.58711],[108.79892,-7.58711],[108.79892,-7.58666],[108.79892,-7.58621],[108.79847,-7.58621],[108.79847,-7.5862],[108.79847,-7.58575],[108.79893,-7.58575],[108.79893,-7.5862],[108.79938,-7.5862],[108.79938,-7.58621],[108.79938,-7.58666],[108.79938,-7.58711],[108.79983,-7.58711],[108.79983,-7.58756],[108.79983,-7.58757],[108.79983,-7.58801],[108.79983,-7.58802],[108.80028,-7.58802],[108.80028,-7.58847],[108.80072,-7.58847],[108.80073,-7.58847],[108.80118,-7.58847],[108.80118,-7.58893],[108.80073,-7.58893],[108.80073,-7.58938],[108.80027,-7.58938],[108.80027,-7.58893],[108.80027,-7.58892],[108.80027,-7.58847],[108.79983,-7.58847],[108.79982,-7.58847],[108.79937,-7.58847],[108.79937,-7.58802],[108.79937,-7.58801],[108.79892,-7.58801],[108.79892,-7.58756]]],[[[108.80391,-7.58578],[108.80436,-7.58578],[108.80437,-7.58578],[108.80481,-7.58578],[108.80482,-7.58578],[108.80527,-7.58578],[108.80527,-7.58533],[108.80572,-7.58533],[108.80573,-7.58533],[108.80573,-7.58578],[108.80573,-7.58579],[108.80617,-7.58579],[108.80617,-7.58534],[108.80617,-7.58489],[108.80617,-7.58444],[108.80617,-7.58443],[108.80618,-7.58443],[108.80663,-7.58443],[108.80663,-7.58399],[108.80618,-7.58399],[108.80618,-7.58398],[108.80618,-7.58353],[108.80618,-7.58308],[108.80664,-7.58308],[108.80664,-7.58353],[108.80709,-7.58353],[108.80709,-7.58398],[108.80709,-7.58399],[108.80709,-7.58444],[108.80663,-7.58444],[108.80663,-7.58489],[108.80708,-7.58489],[108.80708,-7.58534],[108.80663,-7.58534],[108.80663,-7.58579],[108.80708,-7.58579],[108.80708,-7.58624],[108.80708,-7.58625],[108.80753,-7.58625],[108.80753,-7.5867],[108.80798,-7.5867],[108.80843,-7.5867],[108.80843,-7.58715],[108.80843,-7.58716],[108.80888,-7.58716],[108.80888,-7.58671],[108.80933,-7.58671],[108.80933,-7.58626],[108.80934,-7.58626],[108.80934,-7.58581],[108.80934,-7.58535],[108.80966,-7.58535],[108.80956,-7.58581],[108.8095,-7.58608],[108.80962,-7.5861],[108.8098,-7.5861],[108.8098,-7.58626],[108.80979,-7.58626],[108.80979,-7.58671],[108.80934,-7.58671],[108.80934,-7.58716],[108.80979,-7.58716],[108.80979,-7.58761],[108.80979,-7.58762],[108.80933,-7.58762],[108.80933,-7.58761],[108.80888,-7.58761],[108.80888,-7.58806],[108.80843,-7.58806],[108.80843,-7.58761],[108.80798,-7.58761],[108.80752,-7.58761],[108.80752,-7.58715],[108.80708,-7.58715],[108.80707,-7.58715],[108.80663,-7.58715],[108.80662,-7.58715],[108.80617,-7.58715],[108.80572,-7.58715],[108.80572,-7.58759],[108.80572,-7.5876],[108.80526,-7.5876],[108.80526,-7.58759],[108.80526,-7.58714],[108.80526,-7.58669],[108.80526,-7.58624],[108.80482,-7.58624],[108.80481,-7.58624],[108.80436,-7.58624],[108.80436,-7.58668],[108.80481,-7.58668],[108.80481,-7.58714],[108.80436,-7.58714],[108.80436,-7.58759],[108.80435,-7.58759],[108.80435,-7.58804],[108.8039,-7.58804],[108.80389,-7.58804],[108.80344,-7.58804],[108.80344,-7.58758],[108.80389,-7.58758],[108.8039,-7.58758],[108.8039,-7.58714],[108.8039,-7.58713],[108.8039,-7.58668],[108.8039,-7.58623],[108.80391,-7.58623],[108.80391,-7.58578]],[[108.80618,-7.58624],[108.80617,-7.58624],[108.80573,-7.58624],[108.80572,-7.58624],[108.80572,-7.58669],[108.80617,-7.58669],[108.80662,-7.58669],[108.80662,-7.58625],[108.80662,-7.58624],[108.80618,-7.58624]]],[[[108.79802,-7.5871],[108.79802,-7.58756],[108.79756,-7.58756],[108.79756,-7.5871],[108.79802,-7.5871]]],[[[108.80164,-7.58622],[108.8021,-7.58622],[108.8021,-7.58667],[108.80255,-7.58667],[108.80255,-7.58713],[108.80209,-7.58713],[108.80209,-7.58667],[108.80164,-7.58667],[108.80164,-7.58622]]],[[[108.80073,-7.58577],[108.80073,-7.58576],[108.80073,-7.58531],[108.80074,-7.58531],[108.80119,-7.58531],[108.80119,-7.58576],[108.80164,-7.58576],[108.80164,-7.58577],[108.80164,-7.58622],[108.80119,-7.58622],[108.80118,-7.58622],[108.80074,-7.58622],[108.80073,-7.58622],[108.80073,-7.58577]]],[[[108.80438,-7.58488],[108.80482,-7.58488],[108.80482,-7.58533],[108.80437,-7.58533],[108.80436,-7.58533],[108.80391,-7.58533],[108.80391,-7.58578],[108.80345,-7.58578],[108.80345,-7.58532],[108.80391,-7.58532],[108.80391,-7.58488],[108.80346,-7.58488],[108.80346,-7.58487],[108.80346,-7.58442],[108.80392,-7.58442],[108.80437,-7.58442],[108.80438,-7.58442],[108.80438,-7.58488]]],[[[108.80301,-7.58487],[108.80301,-7.58532],[108.80255,-7.58532],[108.80255,-7.58487],[108.80301,-7.58487]]],[[[108.79758,-7.58484],[108.79758,-7.58439],[108.79803,-7.58439],[108.79804,-7.58439],[108.79804,-7.58484],[108.79804,-7.58485],[108.79803,-7.58485],[108.79758,-7.58485],[108.79758,-7.58484]]],[[[108.80393,-7.58397],[108.80392,-7.58397],[108.80347,-7.58397],[108.80347,-7.58352],[108.80392,-7.58352],[108.80393,-7.58352],[108.80393,-7.58397]]],[[[108.80076,-7.58169],[108.80076,-7.58215],[108.8003,-7.58215],[108.8003,-7.58169],[108.80076,-7.58169]]],[[[108.80258,-7.5799],[108.80212,-7.5799],[108.80212,-7.57944],[108.80258,-7.57944],[108.80258,-7.5799]]],[[[108.80124,-7.57718],[108.80169,-7.57718],[108.80169,-7.57673],[108.80124,-7.57673],[108.80124,-7.57628],[108.80124,-7.57611],[108.80124,-7.57607],[108.80128,-7.57616],[108.80128,-7.57615],[108.80133,-7.57628],[108.80134,-7.5763],[108.80146,-7.5764],[108.80151,-7.57638],[108.80151,-7.57638],[108.80154,-7.57637],[108.80163,-7.57628],[108.80169,-7.57622],[108.80169,-7.57622],[108.80175,-7.57616],[108.80199,-7.57591],[108.80203,-7.57583],[108.80215,-7.5756],[108.80215,-7.5756],[108.80222,-7.57547],[108.80229,-7.57538],[108.80236,-7.57538],[108.8026,-7.57538],[108.8026,-7.57508],[108.8026,-7.575],[108.80267,-7.57493],[108.80274,-7.57493],[108.80306,-7.57493],[108.80306,-7.57538],[108.80261,-7.57538],[108.80261,-7.57583],[108.80305,-7.57583],[108.80306,-7.57583],[108.80306,-7.57628],[108.80306,-7.57629],[108.80306,-7.57674],[108.80305,-7.57674],[108.80261,-7.57674],[108.8026,-7.57674],[108.80215,-7.57674],[108.80215,-7.57719],[108.80169,-7.57719],[108.80169,-7.57763],[108.80169,-7.57764],[108.80123,-7.57764],[108.80123,-7.57763],[108.80078,-7.57763],[108.80078,-7.57808],[108.80078,-7.57853],[108.80033,-7.57853],[108.80032,-7.57853],[108.79999,-7.57853],[108.79998,-7.57853],[108.79993,-7.57853],[108.79987,-7.57853],[108.79987,-7.57852],[108.79987,-7.57851],[108.79987,-7.5785],[108.79987,-7.57839],[108.79987,-7.57813],[108.79987,-7.57808],[108.80032,-7.57808],[108.80032,-7.57763],[108.80032,-7.57718],[108.80078,-7.57718],[108.80123,-7.57718],[108.80124,-7.57718]]],[[[108.79897,-7.57807],[108.79942,-7.57807],[108.79942,-7.57836],[108.79896,-7.57819],[108.79896,-7.57807],[108.79897,-7.57807]]],[[[108.79807,-7.57716],[108.7985,-7.57716],[108.79852,-7.57716],[108.79852,-7.57717],[108.79852,-7.57762],[108.79852,-7.57772],[108.79852,-7.57807],[108.79848,-7.57807],[108.79842,-7.57807],[108.79806,-7.57807],[108.79806,-7.57762],[108.79806,-7.57717],[108.79806,-7.57716],[108.79807,-7.57716]]],[[[108.79897,-7.57717],[108.79941,-7.57717],[108.79942,-7.57717],[108.79942,-7.5772],[108.79942,-7.57762],[108.79897,-7.57762],[108.79896,-7.57762],[108.79896,-7.57717],[108.79897,-7.57717]]],[[[108.79942,-7.57693],[108.79942,-7.5769],[108.79942,-7.57672],[108.79951,-7.57672],[108.79988,-7.57672],[108.79988,-7.57717],[108.79951,-7.57717],[108.79942,-7.57717],[108.79942,-7.57693]]],[[[108.7988,-7.57672],[108.79867,-7.57672],[108.79895,-7.57668],[108.79898,-7.57667],[108.79898,-7.57672],[108.7988,-7.57672]]],[[[108.79807,-7.57626],[108.79817,-7.57626],[108.79814,-7.57635],[108.79815,-7.57652],[108.79822,-7.57663],[108.79839,-7.57671],[108.79844,-7.57671],[108.79844,-7.57672],[108.79833,-7.57672],[108.79807,-7.57672],[108.79806,-7.57672],[108.79806,-7.57671],[108.79806,-7.57626],[108.79807,-7.57626]]],[[[108.79989,-7.57528],[108.79989,-7.57508],[108.79992,-7.57499],[108.8,-7.57491],[108.80007,-7.57491],[108.80028,-7.57491],[108.80035,-7.57494],[108.80035,-7.57537],[108.79989,-7.57537],[108.79989,-7.57528]]],[[[108.8003,-7.57491],[108.80035,-7.57491],[108.80035,-7.57492],[108.8003,-7.57491]]],[[[108.80675,-7.6513],[108.80675,-7.65175],[108.80629,-7.65175],[108.80629,-7.6513],[108.80675,-7.6513]]],[[[108.80589,-7.64226],[108.80544,-7.64226],[108.80543,-7.64226],[108.80543,-7.64181],[108.80544,-7.64181],[108.80589,-7.64181],[108.80589,-7.64226]]],[[[108.80863,-7.63911],[108.80862,-7.63911],[108.80817,-7.63911],[108.80817,-7.63866],[108.80862,-7.63866],[108.80863,-7.63866],[108.80863,-7.63911]]],[[[108.81321,-7.62648],[108.81321,-7.62694],[108.81275,-7.62694],[108.81275,-7.62648],[108.81321,-7.62648]]],[[[108.80644,-7.62193],[108.80644,-7.62239],[108.80598,-7.62239],[108.80598,-7.62193],[108.80644,-7.62193]]],[[[108.80871,-7.62149],[108.80871,-7.62194],[108.80871,-7.62195],[108.80825,-7.62195],[108.80825,-7.62194],[108.80825,-7.62149],[108.80871,-7.62149]]],[[[108.80736,-7.62058],[108.80736,-7.62103],[108.80736,-7.62104],[108.8069,-7.62104],[108.8069,-7.62103],[108.8069,-7.62058],[108.80736,-7.62058]]],[[[108.81781,-7.61341],[108.81781,-7.61386],[108.81735,-7.61386],[108.81735,-7.61341],[108.81735,-7.6134],[108.81781,-7.6134],[108.81781,-7.61341]]],[[[108.816,-7.61249],[108.816,-7.61295],[108.81554,-7.61295],[108.81554,-7.61249],[108.816,-7.61249]]],[[[108.81782,-7.6116],[108.81782,-7.61205],[108.81736,-7.61205],[108.81736,-7.6116],[108.81782,-7.6116]]],[[[108.81604,-7.60526],[108.81604,-7.60572],[108.81558,-7.60572],[108.81558,-7.60526],[108.81604,-7.60526]]],[[[108.81287,-7.60525],[108.81242,-7.60525],[108.81241,-7.60525],[108.81196,-7.60525],[108.81196,-7.60479],[108.81242,-7.60479],[108.81242,-7.6048],[108.81287,-7.6048],[108.81287,-7.60525]]],[[[108.81151,-7.60479],[108.81151,-7.60524],[108.81105,-7.60524],[108.81105,-7.60479],[108.81151,-7.60479]]],[[[108.8156,-7.60282],[108.8156,-7.603],[108.8156,-7.60301],[108.81514,-7.60301],[108.81514,-7.603],[108.81514,-7.60272],[108.8156,-7.60282]]],[[[108.81018,-7.59936],[108.81018,-7.59981],[108.81018,-7.59982],[108.80972,-7.59982],[108.80972,-7.59981],[108.80972,-7.59936],[108.81018,-7.59936]]],[[[108.80658,-7.59483],[108.80658,-7.59438],[108.80703,-7.59438],[108.80704,-7.59438],[108.80749,-7.59438],[108.80749,-7.59483],[108.80704,-7.59483],[108.80703,-7.59483],[108.80658,-7.59483]]],[[[108.81157,-7.5935],[108.81111,-7.5935],[108.81111,-7.59304],[108.81157,-7.59304],[108.81157,-7.5935]]],[[[108.80523,-7.59301],[108.80523,-7.59346],[108.80523,-7.59347],[108.80477,-7.59347],[108.80477,-7.59346],[108.80477,-7.59301],[108.80523,-7.59301]]],[[[108.80795,-7.59303],[108.80794,-7.59303],[108.8075,-7.59303],[108.80749,-7.59303],[108.80749,-7.59257],[108.8075,-7.59257],[108.80795,-7.59257],[108.80795,-7.59258],[108.8084,-7.59258],[108.8084,-7.59303],[108.80795,-7.59303]]],[[[108.80704,-7.59212],[108.80704,-7.59167],[108.80659,-7.59167],[108.80659,-7.59121],[108.80705,-7.59121],[108.80705,-7.59167],[108.8075,-7.59167],[108.8075,-7.59212],[108.80705,-7.59212],[108.80704,-7.59212]]],[[[108.8285,-7.59172],[108.82857,-7.59178],[108.82848,-7.59178],[108.82833,-7.59169],[108.82833,-7.59162],[108.8285,-7.59172]]],[[[108.81475,-7.59125],[108.81475,-7.59171],[108.81429,-7.59171],[108.81429,-7.59125],[108.81475,-7.59125]]],[[[108.81293,-7.59125],[108.81293,-7.59124],[108.81294,-7.59124],[108.81339,-7.59124],[108.81339,-7.59125],[108.81339,-7.5917],[108.81294,-7.5917],[108.81293,-7.5917],[108.81293,-7.59125]]],[[[108.81748,-7.59036],[108.81748,-7.59082],[108.81747,-7.59082],[108.81702,-7.59082],[108.81702,-7.59036],[108.81747,-7.59036],[108.81748,-7.59036]]],[[[108.8143,-7.59035],[108.8143,-7.5908],[108.81384,-7.5908],[108.81384,-7.59035],[108.8143,-7.59035]]],[[[108.81159,-7.59033],[108.81159,-7.59079],[108.81158,-7.59079],[108.81113,-7.59079],[108.81113,-7.59033],[108.81158,-7.59033],[108.81159,-7.59033]]],[[[108.80932,-7.59077],[108.80932,-7.59078],[108.80886,-7.59078],[108.80886,-7.59077],[108.80886,-7.59032],[108.80887,-7.59032],[108.80887,-7.58987],[108.80932,-7.58987],[108.80932,-7.58942],[108.80933,-7.58942],[108.80933,-7.58897],[108.80978,-7.58897],[108.80978,-7.58852],[108.81023,-7.58852],[108.81023,-7.58897],[108.81068,-7.58897],[108.81068,-7.58943],[108.81023,-7.58943],[108.81023,-7.58987],[108.81023,-7.58988],[108.81023,-7.59033],[108.80978,-7.59033],[108.80977,-7.59033],[108.80932,-7.59033],[108.80932,-7.59077]]],[[[108.80751,-7.59031],[108.80751,-7.58986],[108.80796,-7.58986],[108.80796,-7.58941],[108.80842,-7.58941],[108.80842,-7.58897],[108.80842,-7.58896],[108.80842,-7.58851],[108.80888,-7.58851],[108.80888,-7.58896],[108.80888,-7.58897],[108.80888,-7.58942],[108.80842,-7.58942],[108.80842,-7.58986],[108.80842,-7.58987],[108.80842,-7.59032],[108.80842,-7.59077],[108.80796,-7.59077],[108.80796,-7.59032],[108.80751,-7.59032],[108.80751,-7.59077],[108.80705,-7.59077],[108.80705,-7.59031],[108.80751,-7.59031]]],[[[108.81838,-7.58992],[108.81838,-7.59037],[108.81792,-7.59037],[108.81792,-7.58992],[108.81792,-7.58991],[108.81838,-7.58991],[108.81838,-7.58992]]],[[[108.81522,-7.589],[108.81522,-7.58945],[108.81476,-7.58945],[108.81476,-7.589],[108.81522,-7.589]]],[[[108.80706,-7.58896],[108.80706,-7.58941],[108.8066,-7.58941],[108.8066,-7.58896],[108.8066,-7.58895],[108.80706,-7.58895],[108.80706,-7.58896]]],[[[108.8125,-7.58808],[108.8125,-7.58853],[108.81204,-7.58853],[108.81204,-7.58808],[108.8125,-7.58808]]],[[[108.81658,-7.58674],[108.81658,-7.5872],[108.81612,-7.5872],[108.81612,-7.58674],[108.81658,-7.58674]]],[[[108.81251,-7.58672],[108.81251,-7.58718],[108.81205,-7.58718],[108.81205,-7.58672],[108.8116,-7.58672],[108.8116,-7.58627],[108.81206,-7.58627],[108.81206,-7.58672],[108.81251,-7.58672]]],[[[108.81296,-7.58628],[108.81341,-7.58628],[108.81342,-7.58628],[108.81387,-7.58628],[108.81387,-7.58673],[108.81342,-7.58673],[108.81341,-7.58673],[108.81296,-7.58673],[108.81296,-7.58628]]],[[[108.8098,-7.58445],[108.80985,-7.58445],[108.8098,-7.58471],[108.8098,-7.58445]]],[[[108.8089,-7.58399],[108.8089,-7.58445],[108.80844,-7.58445],[108.80844,-7.58399],[108.8089,-7.58399]]],[[[108.80982,-7.58219],[108.81026,-7.58219],[108.81026,-7.58174],[108.81037,-7.58174],[108.81045,-7.58174],[108.81072,-7.58174],[108.81072,-7.5813],[108.81037,-7.5813],[108.81028,-7.5813],[108.81027,-7.5813],[108.81027,-7.58129],[108.80981,-7.58129],[108.80981,-7.58084],[108.81013,-7.58084],[108.81022,-7.58084],[108.81027,-7.58084],[108.81072,-7.58084],[108.81073,-7.58084],[108.81117,-7.58084],[108.81118,-7.58084],[108.81163,-7.58084],[108.81163,-7.5804],[108.81209,-7.5804],[108.81209,-7.58085],[108.81209,-7.5813],[108.81163,-7.5813],[108.81163,-7.58173],[108.81149,-7.58175],[108.81118,-7.58175],[108.81117,-7.58175],[108.81072,-7.58175],[108.81072,-7.58187],[108.81069,-7.58188],[108.81068,-7.58188],[108.81067,-7.58188],[108.81067,-7.58187],[108.81066,-7.58187],[108.81061,-7.58185],[108.81042,-7.58186],[108.81035,-7.5822],[108.81027,-7.5822],[108.81027,-7.58259],[108.81025,-7.58265],[108.80982,-7.58265],[108.80982,-7.5831],[108.80981,-7.5831],[108.80936,-7.5831],[108.80936,-7.58355],[108.8089,-7.58355],[108.8089,-7.58309],[108.80846,-7.58309],[108.80845,-7.58309],[108.80845,-7.58354],[108.808,-7.58354],[108.80799,-7.58354],[108.80754,-7.58354],[108.80754,-7.58309],[108.80709,-7.58309],[108.80709,-7.58263],[108.80755,-7.58263],[108.80755,-7.58309],[108.80799,-7.58309],[108.808,-7.58309],[108.808,-7.58264],[108.80845,-7.58264],[108.80845,-7.58219],[108.80891,-7.58219],[108.80891,-7.58264],[108.80891,-7.58309],[108.80936,-7.58309],[108.80936,-7.58264],[108.80981,-7.58264],[108.80981,-7.58219],[108.80936,-7.58219],[108.80936,-7.58174],[108.80981,-7.58174],[108.80982,-7.58174],[108.80982,-7.58219]]],[[[108.80529,-7.58126],[108.80529,-7.58127],[108.80529,-7.58172],[108.80529,-7.58217],[108.80483,-7.58217],[108.80483,-7.58172],[108.80483,-7.58127],[108.80483,-7.58126],[108.80529,-7.58126]]],[[[108.80801,-7.58083],[108.80801,-7.58128],[108.80756,-7.58128],[108.80756,-7.58173],[108.8071,-7.58173],[108.8071,-7.58128],[108.8071,-7.58083],[108.8071,-7.58082],[108.80756,-7.58082],[108.80756,-7.58083],[108.80801,-7.58083]]],[[[108.81902,-7.58134],[108.81907,-7.58115],[108.81908,-7.58088],[108.81911,-7.58088],[108.81909,-7.5812],[108.81905,-7.58134],[108.81904,-7.58134],[108.81902,-7.58134]]],[[[108.81345,-7.58085],[108.81345,-7.58086],[108.8139,-7.58086],[108.8139,-7.58131],[108.81345,-7.58131],[108.81344,-7.58131],[108.81299,-7.58131],[108.81253,-7.58131],[108.81253,-7.58085],[108.81299,-7.58085],[108.81345,-7.58085]]],[[[108.80938,-7.57993],[108.80892,-7.57993],[108.80892,-7.57966],[108.80918,-7.5796],[108.8092,-7.57959],[108.80922,-7.5795],[108.80923,-7.5795],[108.80923,-7.57949],[108.80923,-7.57948],[108.80924,-7.57948],[108.80938,-7.57948],[108.80938,-7.57993]]],[[[108.80621,-7.57856],[108.80666,-7.57856],[108.80666,-7.57901],[108.80666,-7.57902],[108.80621,-7.57902],[108.80621,-7.57901],[108.8062,-7.57901],[108.80576,-7.57901],[108.80576,-7.57946],[108.80531,-7.57946],[108.8053,-7.57946],[108.80485,-7.57946],[108.80485,-7.57901],[108.80485,-7.57856],[108.80485,-7.57855],[108.80531,-7.57855],[108.80531,-7.57856],[108.80575,-7.57856],[108.80576,-7.57856],[108.8062,-7.57856],[108.80621,-7.57856]]],[[[108.81094,-7.57818],[108.81095,-7.57813],[108.8112,-7.57813],[108.8112,-7.57859],[108.81074,-7.57859],[108.81094,-7.57818]]],[[[108.81119,-7.57678],[108.8112,-7.57678],[108.81165,-7.57678],[108.81165,-7.57723],[108.81165,-7.57768],[108.81165,-7.57769],[108.8112,-7.57769],[108.81119,-7.57769],[108.81119,-7.57768],[108.81119,-7.57723],[108.81089,-7.57723],[108.81085,-7.57708],[108.81074,-7.57686],[108.81074,-7.57678],[108.81075,-7.57678],[108.81119,-7.57678]]],[[[108.81302,-7.57544],[108.81302,-7.57543],[108.81302,-7.57498],[108.81257,-7.57498],[108.81257,-7.57453],[108.81303,-7.57453],[108.81303,-7.57498],[108.81348,-7.57498],[108.81348,-7.57543],[108.81348,-7.57544],[108.81302,-7.57544]]],[[[108.81121,-7.57407],[108.81121,-7.57452],[108.81075,-7.57452],[108.81075,-7.57407],[108.81121,-7.57407]]],[[[108.80985,-7.57406],[108.80985,-7.57451],[108.80939,-7.57451],[108.80939,-7.57406],[108.80985,-7.57406]]],[[[108.81121,-7.57362],[108.81121,-7.57317],[108.81121,-7.57316],[108.81167,-7.57316],[108.81167,-7.57317],[108.81206,-7.57317],[108.81213,-7.57321],[108.81213,-7.57322],[108.81213,-7.57362],[108.81167,-7.57362],[108.81121,-7.57362]]]]}},{"type":"Feature","properties":{"d":"PATIMUAN","net":"FWA-Outdoor"},"geometry":{"type":"MultiPolygon","coordinates":[[[[108.74935,-7.62932],[108.7498,-7.62932],[108.75025,-7.62932],[108.75025,-7.62887],[108.75071,-7.62887],[108.75071,-7.62933],[108.75026,-7.62933],[108.75026,-7.62978],[108.7498,-7.62978],[108.7498,-7.63023],[108.75025,-7.63023],[108.75025,-7.63068],[108.7507,-7.63068],[108.7507,-7.63113],[108.7507,-7.63114],[108.7507,-7.63159],[108.75024,-7.63159],[108.75024,-7.63114],[108.75024,-7.63113],[108.75024,-7.63068],[108.7498,-7.63068],[108.7498,-7.63113],[108.74979,-7.63113],[108.74979,-7.63095],[108.74943,-7.63095],[108.74943,-7.63113],[108.74934,-7.63113],[108.74934,-7.63068],[108.74889,-7.63068],[108.74889,-7.63022],[108.74889,-7.62977],[108.74844,-7.62977],[108.74844,-7.63022],[108.74807,-7.63022],[108.74802,-7.63001],[108.74801,-7.62996],[108.74799,-7.62985],[108.74799,-7.62977],[108.74799,-7.62976],[108.74844,-7.62976],[108.74844,-7.62932],[108.74889,-7.62932],[108.7489,-7.62932],[108.74934,-7.62932],[108.74935,-7.62932]],[[108.74979,-7.63068],[108.74979,-7.63023],[108.74934,-7.63023],[108.74934,-7.63068],[108.74979,-7.63068]]],[[[108.74865,-7.62651],[108.74865,-7.62661],[108.74846,-7.62661],[108.74846,-7.62706],[108.74891,-7.62706],[108.74891,-7.62751],[108.74936,-7.62751],[108.74936,-7.62788],[108.74927,-7.62788],[108.74927,-7.62796],[108.74927,-7.62797],[108.7489,-7.62797],[108.7489,-7.62796],[108.7489,-7.62751],[108.74845,-7.62751],[108.74845,-7.62706],[108.748,-7.62706],[108.748,-7.6266],[108.74846,-7.6266],[108.74846,-7.62615],[108.74847,-7.62615],[108.74847,-7.62651],[108.74865,-7.62651]]],[[[108.74786,-7.62489],[108.74786,-7.62479],[108.74802,-7.62479],[108.74802,-7.6248],[108.74847,-7.6248],[108.74847,-7.62435],[108.74847,-7.6239],[108.74847,-7.62389],[108.74892,-7.62389],[108.74892,-7.6239],[108.74893,-7.6239],[108.74937,-7.6239],[108.74938,-7.6239],[108.74983,-7.6239],[108.74983,-7.62435],[108.75028,-7.62435],[108.75028,-7.6239],[108.75074,-7.6239],[108.75074,-7.62436],[108.75073,-7.62436],[108.75073,-7.62481],[108.75028,-7.62481],[108.75028,-7.62511],[108.75028,-7.62526],[108.75028,-7.62571],[108.75028,-7.62616],[108.75028,-7.62661],[108.75072,-7.62661],[108.75073,-7.62661],[108.75073,-7.62662],[108.75073,-7.62707],[108.75073,-7.62752],[108.75072,-7.62752],[108.75072,-7.62797],[108.75027,-7.62797],[108.75026,-7.62797],[108.74982,-7.62797],[108.74981,-7.62797],[108.74981,-7.62788],[108.74982,-7.62788],[108.74999,-7.62788],[108.74999,-7.62752],[108.74999,-7.62734],[108.74982,-7.62734],[108.74981,-7.62734],[108.74981,-7.62715],[108.74981,-7.62706],[108.74982,-7.62706],[108.75027,-7.62706],[108.75027,-7.62662],[108.74982,-7.62662],[108.74982,-7.62661],[108.74982,-7.62616],[108.74982,-7.62571],[108.74982,-7.62526],[108.74937,-7.62526],[108.74937,-7.62521],[108.74937,-7.62481],[108.74937,-7.6248],[108.74937,-7.62435],[108.74893,-7.62435],[108.74893,-7.6248],[108.74893,-7.62525],[108.74892,-7.62525],[108.74892,-7.62532],[108.74892,-7.6257],[108.74846,-7.6257],[108.74846,-7.62558],[108.74846,-7.62525],[108.74802,-7.62525],[108.74801,-7.62525],[108.7478,-7.62525],[108.7478,-7.62524],[108.74781,-7.62519],[108.74786,-7.62489]]],[[[108.74893,-7.62254],[108.74893,-7.62209],[108.74893,-7.62164],[108.74939,-7.62164],[108.74985,-7.62164],[108.74985,-7.62209],[108.74985,-7.6221],[108.74984,-7.6221],[108.74984,-7.62255],[108.74939,-7.62255],[108.74939,-7.623],[108.74893,-7.623],[108.74893,-7.62344],[108.74893,-7.62345],[108.74847,-7.62345],[108.74847,-7.62344],[108.74802,-7.62344],[108.74802,-7.62299],[108.74847,-7.62299],[108.74847,-7.62254],[108.74893,-7.62254]]],[[[108.74803,-7.62163],[108.74803,-7.62118],[108.74849,-7.62118],[108.74849,-7.62164],[108.74803,-7.62164],[108.74803,-7.62209],[108.74776,-7.62209],[108.74767,-7.62172],[108.74764,-7.62163],[108.74803,-7.62163]]],[[[108.74849,-7.61983],[108.74849,-7.61938],[108.74895,-7.61938],[108.74895,-7.61983],[108.74895,-7.62028],[108.7485,-7.62028],[108.7485,-7.62073],[108.74804,-7.62073],[108.74804,-7.62028],[108.74849,-7.62028],[108.74849,-7.61983]]],[[[108.74624,-7.61801],[108.74624,-7.61846],[108.74669,-7.61846],[108.74669,-7.61892],[108.74714,-7.61892],[108.74759,-7.61892],[108.74759,-7.61847],[108.74805,-7.61847],[108.74805,-7.61892],[108.7476,-7.61892],[108.7476,-7.61937],[108.74759,-7.61937],[108.74759,-7.61982],[108.74804,-7.61982],[108.74804,-7.62028],[108.74759,-7.62028],[108.74758,-7.62028],[108.74713,-7.62028],[108.74713,-7.62027],[108.74713,-7.61982],[108.74713,-7.61937],[108.74668,-7.61937],[108.74668,-7.61892],[108.74623,-7.61892],[108.74623,-7.61846],[108.74578,-7.61846],[108.74578,-7.61801],[108.74624,-7.61801]]],[[[108.74471,-7.61912],[108.7447,-7.61912],[108.7447,-7.61913],[108.74463,-7.61913],[108.7446,-7.61917],[108.74459,-7.61918],[108.74458,-7.61918],[108.74458,-7.61919],[108.74457,-7.61919],[108.74456,-7.61919],[108.74442,-7.61919],[108.74442,-7.61891],[108.74442,-7.6189],[108.74397,-7.6189],[108.74397,-7.61845],[108.74352,-7.61845],[108.74352,-7.618],[108.74352,-7.61755],[108.74352,-7.61754],[108.74307,-7.61754],[108.74307,-7.61709],[108.74262,-7.61709],[108.74262,-7.61664],[108.74307,-7.61664],[108.74307,-7.61619],[108.74353,-7.61619],[108.74353,-7.61664],[108.74353,-7.61709],[108.74398,-7.61709],[108.74444,-7.61709],[108.74444,-7.6171],[108.74488,-7.6171],[108.74489,-7.6171],[108.74489,-7.61665],[108.74534,-7.61665],[108.74535,-7.61665],[108.74579,-7.61665],[108.7458,-7.61665],[108.74625,-7.61665],[108.74625,-7.6171],[108.74625,-7.61711],[108.7467,-7.61711],[108.74715,-7.61711],[108.74715,-7.61756],[108.7467,-7.61756],[108.74625,-7.61756],[108.74624,-7.61756],[108.74579,-7.61756],[108.74579,-7.61711],[108.74579,-7.6171],[108.74535,-7.6171],[108.74534,-7.6171],[108.74534,-7.61755],[108.74489,-7.61755],[108.74489,-7.618],[108.74488,-7.618],[108.74488,-7.61845],[108.74488,-7.61846],[108.74488,-7.6189],[108.74488,-7.61891],[108.74533,-7.61891],[108.74533,-7.61917],[108.74518,-7.61916],[108.74509,-7.61916],[108.74488,-7.61917],[108.74488,-7.61917],[108.74487,-7.61917],[108.74483,-7.61917],[108.74469,-7.61916],[108.74471,-7.61912]]],[[[108.74851,-7.61757],[108.74805,-7.61757],[108.74805,-7.61712],[108.74851,-7.61712],[108.74851,-7.61757]]],[[[108.74216,-7.61754],[108.74216,-7.61709],[108.74262,-7.61709],[108.74262,-7.61754],[108.74216,-7.61754]]],[[[108.74171,-7.61663],[108.74171,-7.61618],[108.74217,-7.61618],[108.74217,-7.61663],[108.74171,-7.61663]]],[[[108.74172,-7.61482],[108.74218,-7.61482],[108.74218,-7.61438],[108.74218,-7.61437],[108.74218,-7.61392],[108.74264,-7.61392],[108.74264,-7.61437],[108.74264,-7.61438],[108.74264,-7.61483],[108.74218,-7.61483],[108.74218,-7.61528],[108.74172,-7.61528],[108.74172,-7.61483],[108.74172,-7.61482]]],[[[108.74354,-7.61438],[108.74354,-7.61393],[108.744,-7.61393],[108.744,-7.61438],[108.74354,-7.61438]]],[[[108.74038,-7.61256],[108.74038,-7.61211],[108.74038,-7.61166],[108.73994,-7.61166],[108.73994,-7.61165],[108.73948,-7.61165],[108.73948,-7.6112],[108.73994,-7.6112],[108.73994,-7.61075],[108.7396,-7.61075],[108.73965,-7.61072],[108.73962,-7.61061],[108.73949,-7.61058],[108.73903,-7.61048],[108.73903,-7.61029],[108.73949,-7.61029],[108.73949,-7.60985],[108.73949,-7.60984],[108.73904,-7.60984],[108.73904,-7.60939],[108.73904,-7.60894],[108.73859,-7.60894],[108.73859,-7.60849],[108.73859,-7.60848],[108.73859,-7.60803],[108.73904,-7.60803],[108.73905,-7.60803],[108.7395,-7.60803],[108.7395,-7.60804],[108.73995,-7.60804],[108.73995,-7.60849],[108.73995,-7.60894],[108.73995,-7.60939],[108.73995,-7.60984],[108.73995,-7.60985],[108.73995,-7.61029],[108.73995,-7.6103],[108.74039,-7.6103],[108.7404,-7.6103],[108.7404,-7.61075],[108.7404,-7.6112],[108.7404,-7.61165],[108.74084,-7.61165],[108.74084,-7.61166],[108.74129,-7.61166],[108.74129,-7.61121],[108.7413,-7.61121],[108.74175,-7.61121],[108.74175,-7.61166],[108.74175,-7.61211],[108.74175,-7.61256],[108.74175,-7.61257],[108.74219,-7.61257],[108.7422,-7.61257],[108.7422,-7.61302],[108.74264,-7.61302],[108.74265,-7.61302],[108.7431,-7.61302],[108.7431,-7.61348],[108.74264,-7.61348],[108.74264,-7.61347],[108.7422,-7.61347],[108.74219,-7.61347],[108.74174,-7.61347],[108.74128,-7.61347],[108.74128,-7.61302],[108.74128,-7.61301],[108.74129,-7.61301],[108.74129,-7.61257],[108.74129,-7.61256],[108.74084,-7.61256],[108.74038,-7.61256]]],[[[108.74038,-7.61301],[108.74084,-7.61301],[108.74084,-7.61319],[108.74058,-7.61314],[108.74038,-7.61314],[108.74038,-7.61301]]],[[[108.74583,-7.60988],[108.74538,-7.60988],[108.74538,-7.60942],[108.74583,-7.60942],[108.74584,-7.60942],[108.74584,-7.60988],[108.74583,-7.60988]]],[[[108.74765,-7.60808],[108.74765,-7.60763],[108.74811,-7.60763],[108.74811,-7.60808],[108.74765,-7.60808]]],[[[108.7396,-7.60636],[108.73981,-7.60636],[108.73981,-7.60623],[108.73996,-7.60623],[108.73996,-7.60618],[108.74017,-7.60618],[108.74017,-7.60582],[108.73999,-7.60582],[108.73999,-7.60578],[108.74042,-7.60578],[108.74042,-7.60623],[108.73997,-7.60623],[108.73997,-7.60668],[108.73996,-7.60668],[108.73996,-7.60713],[108.73996,-7.60714],[108.73951,-7.60714],[108.73951,-7.60758],[108.73951,-7.60759],[108.73923,-7.60759],[108.73923,-7.60758],[108.73923,-7.6074],[108.73905,-7.6074],[108.73905,-7.60722],[108.73942,-7.60722],[108.73942,-7.60713],[108.7395,-7.60713],[108.7395,-7.60668],[108.73942,-7.60668],[108.73942,-7.6065],[108.73951,-7.6065],[108.7396,-7.6065],[108.7396,-7.60636]]],[[[108.73814,-7.60713],[108.73851,-7.60713],[108.73851,-7.60722],[108.73833,-7.60722],[108.73833,-7.60758],[108.73814,-7.60758],[108.73814,-7.60713]]],[[[108.7386,-7.60668],[108.73905,-7.60668],[108.73906,-7.60668],[108.73906,-7.60686],[108.73887,-7.60686],[108.73887,-7.60704],[108.7386,-7.60704],[108.7386,-7.60668]]],[[[108.73905,-7.60623],[108.73906,-7.60623],[108.73906,-7.60632],[108.73905,-7.60632],[108.73905,-7.60623]]],[[[108.74178,-7.60624],[108.74132,-7.60624],[108.74132,-7.60579],[108.74178,-7.60579],[108.74178,-7.60624]]],[[[108.74721,-7.60537],[108.74721,-7.60491],[108.74767,-7.60491],[108.74767,-7.60537],[108.74721,-7.60537]]],[[[108.74133,-7.60443],[108.74088,-7.60443],[108.74088,-7.60488],[108.74043,-7.60488],[108.74043,-7.60533],[108.74042,-7.60533],[108.73997,-7.60533],[108.73997,-7.60488],[108.74042,-7.60488],[108.74042,-7.60443],[108.74042,-7.60398],[108.74042,-7.60397],[108.74043,-7.60397],[108.74053,-7.60397],[108.74053,-7.60398],[108.74053,-7.6042],[108.74087,-7.6042],[108.74088,-7.6042],[108.74125,-7.6042],[108.74125,-7.60398],[108.74126,-7.60398],[108.74133,-7.60398],[108.74133,-7.60443]]],[[[108.73925,-7.60505],[108.73952,-7.60505],[108.73952,-7.60533],[108.73942,-7.60533],[108.73942,-7.60524],[108.73906,-7.60524],[108.73906,-7.60487],[108.73924,-7.60487],[108.73925,-7.60487],[108.73925,-7.60505]]],[[[108.74722,-7.60401],[108.74722,-7.60446],[108.74677,-7.60446],[108.74676,-7.60446],[108.74676,-7.60401],[108.74677,-7.60401],[108.74721,-7.60401],[108.74721,-7.60356],[108.74722,-7.60356],[108.74767,-7.60356],[108.74813,-7.60356],[108.74813,-7.60401],[108.74813,-7.60402],[108.74812,-7.60402],[108.74812,-7.60426],[108.74812,-7.60447],[108.74804,-7.60447],[108.74767,-7.60447],[108.74766,-7.60447],[108.74766,-7.60401],[108.74722,-7.60401]]],[[[108.73861,-7.60397],[108.7387,-7.60397],[108.7387,-7.60442],[108.73861,-7.60442],[108.73861,-7.60397]]],[[[108.74133,-7.60384],[108.74162,-7.60384],[108.74162,-7.60366],[108.74179,-7.60366],[108.74179,-7.60398],[108.74133,-7.60398],[108.74133,-7.60384]]],[[[108.74586,-7.60355],[108.74587,-7.60355],[108.74631,-7.60355],[108.74632,-7.60355],[108.74632,-7.60401],[108.74631,-7.60401],[108.74586,-7.60401],[108.74586,-7.604],[108.74541,-7.604],[108.74541,-7.60355],[108.74586,-7.60355]]],[[[108.73952,-7.60379],[108.73943,-7.60379],[108.73943,-7.60361],[108.73907,-7.60361],[108.73907,-7.60352],[108.73952,-7.60352],[108.73953,-7.60352],[108.73953,-7.60379],[108.73952,-7.60379]]],[[[108.74043,-7.60262],[108.74043,-7.60217],[108.74043,-7.60172],[108.74044,-7.60172],[108.74044,-7.60144],[108.74057,-7.60136],[108.7407,-7.60127],[108.74071,-7.60127],[108.74071,-7.60126],[108.7409,-7.60126],[108.7409,-7.60127],[108.74135,-7.60127],[108.74135,-7.60151],[108.74125,-7.60151],[108.74125,-7.60172],[108.7409,-7.60172],[108.74089,-7.60172],[108.74089,-7.60217],[108.74134,-7.60217],[108.74134,-7.60205],[108.74134,-7.60204],[108.74179,-7.60204],[108.7418,-7.60204],[108.74225,-7.60204],[108.74225,-7.60205],[108.74225,-7.60218],[108.74225,-7.60241],[108.74216,-7.60241],[108.74216,-7.60259],[108.7418,-7.60259],[108.7418,-7.60241],[108.74179,-7.60241],[108.74179,-7.60218],[108.74134,-7.60218],[108.74134,-7.60241],[108.74125,-7.60241],[108.74125,-7.60262],[108.74125,-7.60263],[108.74125,-7.60276],[108.74133,-7.60276],[108.74134,-7.60276],[108.74143,-7.60276],[108.74143,-7.60277],[108.74134,-7.60277],[108.74133,-7.60277],[108.74107,-7.60277],[108.74107,-7.60307],[108.74107,-7.60308],[108.74107,-7.6033],[108.74125,-7.6033],[108.74125,-7.60331],[108.7409,-7.60331],[108.74089,-7.60331],[108.74089,-7.60313],[108.74088,-7.60313],[108.74088,-7.60308],[108.74088,-7.60307],[108.74088,-7.60263],[108.74088,-7.60262],[108.74043,-7.60262]]],[[[108.74252,-7.60276],[108.74252,-7.60263],[108.7427,-7.60263],[108.7427,-7.60308],[108.74224,-7.60308],[108.74224,-7.60294],[108.74234,-7.60294],[108.74234,-7.60276],[108.74252,-7.60276]]],[[[108.74361,-7.60173],[108.74316,-7.60173],[108.74316,-7.60218],[108.7427,-7.60218],[108.7427,-7.60173],[108.74252,-7.60173],[108.74252,-7.60169],[108.74234,-7.60169],[108.74234,-7.60133],[108.74225,-7.60133],[108.74225,-7.60127],[108.74181,-7.60127],[108.7418,-7.60127],[108.7418,-7.60115],[108.74143,-7.60115],[108.74143,-7.60127],[108.74135,-7.60127],[108.74135,-7.60082],[108.7418,-7.60082],[108.74181,-7.60082],[108.74226,-7.60082],[108.74226,-7.60037],[108.74226,-7.59992],[108.74181,-7.59992],[108.74181,-7.59947],[108.74163,-7.59947],[108.74163,-7.59946],[108.74162,-7.59931],[108.74161,-7.59907],[108.74161,-7.59901],[108.74181,-7.59901],[108.74181,-7.59856],[108.74227,-7.59856],[108.74227,-7.59901],[108.74227,-7.59902],[108.74226,-7.59902],[108.74226,-7.59946],[108.74226,-7.59947],[108.74271,-7.59947],[108.74316,-7.59947],[108.74316,-7.59902],[108.74362,-7.59902],[108.74362,-7.59947],[108.74317,-7.59947],[108.74317,-7.59992],[108.74362,-7.59992],[108.74362,-7.59993],[108.74407,-7.59993],[108.74407,-7.60038],[108.74451,-7.60038],[108.74452,-7.60038],[108.74497,-7.60038],[108.74497,-7.60084],[108.74451,-7.60084],[108.74451,-7.60083],[108.74407,-7.60083],[108.74407,-7.60128],[108.74407,-7.60173],[108.74407,-7.60174],[108.74451,-7.60174],[108.74451,-7.60129],[108.74496,-7.60129],[108.74497,-7.60129],[108.74542,-7.60129],[108.74542,-7.60174],[108.74497,-7.60174],[108.74497,-7.60219],[108.74497,-7.60264],[108.74496,-7.60264],[108.74451,-7.60264],[108.74451,-7.60219],[108.74406,-7.60219],[108.74406,-7.60264],[108.7436,-7.60264],[108.7436,-7.60219],[108.7436,-7.60218],[108.74406,-7.60218],[108.74406,-7.60174],[108.74361,-7.60174],[108.74361,-7.60173]],[[108.74324,-7.60132],[108.74361,-7.60132],[108.74378,-7.60132],[108.74378,-7.60128],[108.74378,-7.60097],[108.74361,-7.60097],[108.7436,-7.60097],[108.7436,-7.60083],[108.7436,-7.60043],[108.74324,-7.60043],[108.74324,-7.60083],[108.74324,-7.60128],[108.74324,-7.60132]],[[108.74226,-7.60127],[108.74271,-7.60127],[108.74271,-7.60083],[108.74226,-7.60083],[108.74226,-7.60127]],[[108.74316,-7.60082],[108.74316,-7.60038],[108.74271,-7.60038],[108.74271,-7.60082],[108.74316,-7.60082]]],[[[108.73953,-7.60217],[108.73953,-7.60191],[108.73973,-7.60182],[108.73996,-7.60171],[108.73999,-7.60171],[108.73999,-7.60217],[108.73953,-7.60217]]],[[[108.74407,-7.59903],[108.74407,-7.59857],[108.74453,-7.59857],[108.74453,-7.59903],[108.74407,-7.59903]]],[[[108.7468,-7.59678],[108.74635,-7.59678],[108.74635,-7.59633],[108.74635,-7.59588],[108.74635,-7.59587],[108.74591,-7.59587],[108.7459,-7.59587],[108.74545,-7.59587],[108.74545,-7.59542],[108.745,-7.59542],[108.74499,-7.59542],[108.74455,-7.59542],[108.74454,-7.59542],[108.74454,-7.59541],[108.7441,-7.59541],[108.74409,-7.59541],[108.74365,-7.59541],[108.74365,-7.59586],[108.74409,-7.59586],[108.7441,-7.59586],[108.74454,-7.59586],[108.74455,-7.59586],[108.74455,-7.59632],[108.74499,-7.59632],[108.745,-7.59632],[108.745,-7.59677],[108.74499,-7.59677],[108.74454,-7.59677],[108.74454,-7.59722],[108.74408,-7.59722],[108.74408,-7.59677],[108.74364,-7.59677],[108.74364,-7.59722],[108.74318,-7.59722],[108.74318,-7.59766],[108.74363,-7.59766],[108.74363,-7.59767],[108.74363,-7.59812],[108.74318,-7.59812],[108.74317,-7.59812],[108.74272,-7.59812],[108.74272,-7.59811],[108.74227,-7.59811],[108.74227,-7.59766],[108.74227,-7.59721],[108.74272,-7.59721],[108.74273,-7.59721],[108.74318,-7.59721],[108.74318,-7.59676],[108.74273,-7.59676],[108.74273,-7.59631],[108.74273,-7.59586],[108.74273,-7.5954],[108.74229,-7.5954],[108.74229,-7.59585],[108.74183,-7.59585],[108.74183,-7.5963],[108.74137,-7.5963],[108.74137,-7.59585],[108.74137,-7.5954],[108.74183,-7.5954],[108.74228,-7.5954],[108.74228,-7.59495],[108.74274,-7.59495],[108.74274,-7.5945],[108.74229,-7.5945],[108.74229,-7.59405],[108.74229,-7.5936],[108.74229,-7.59359],[108.74274,-7.59359],[108.74275,-7.59359],[108.74275,-7.5936],[108.74275,-7.59405],[108.74275,-7.5945],[108.74319,-7.5945],[108.7432,-7.5945],[108.7432,-7.59495],[108.74364,-7.59495],[108.74364,-7.59451],[108.74364,-7.5945],[108.74364,-7.59406],[108.74364,-7.59405],[108.74364,-7.5936],[108.74365,-7.5936],[108.74365,-7.59315],[108.7432,-7.59315],[108.74274,-7.59315],[108.74274,-7.59269],[108.7432,-7.59269],[108.7432,-7.5927],[108.74366,-7.5927],[108.74366,-7.59315],[108.7441,-7.59315],[108.7441,-7.5927],[108.74456,-7.5927],[108.74456,-7.59315],[108.74411,-7.59315],[108.74411,-7.5936],[108.7441,-7.5936],[108.7441,-7.59405],[108.7441,-7.59406],[108.7441,-7.5945],[108.7441,-7.59451],[108.7441,-7.59496],[108.74454,-7.59496],[108.74454,-7.59451],[108.74455,-7.59451],[108.74455,-7.59406],[108.74455,-7.59361],[108.74501,-7.59361],[108.74501,-7.59406],[108.74545,-7.59406],[108.74546,-7.59406],[108.74546,-7.59361],[108.74592,-7.59361],[108.74592,-7.59406],[108.74592,-7.59407],[108.74591,-7.59407],[108.74591,-7.59451],[108.74591,-7.59452],[108.74591,-7.59497],[108.74635,-7.59497],[108.74626,-7.59517],[108.74624,-7.59525],[108.74636,-7.59498],[108.74636,-7.59499],[108.74637,-7.59497],[108.74655,-7.59497],[108.74681,-7.59497],[108.74682,-7.59497],[108.74727,-7.59497],[108.74727,-7.59498],[108.74772,-7.59498],[108.74782,-7.59498],[108.74818,-7.59498],[108.74818,-7.59543],[108.74862,-7.59543],[108.74862,-7.59498],[108.74908,-7.59498],[108.74953,-7.59498],[108.74954,-7.59498],[108.74954,-7.59499],[108.74954,-7.59544],[108.74953,-7.59544],[108.74908,-7.59544],[108.74908,-7.59589],[108.74953,-7.59589],[108.74953,-7.59634],[108.74953,-7.59679],[108.74907,-7.59679],[108.74907,-7.59634],[108.74862,-7.59634],[108.74817,-7.59634],[108.74817,-7.5966],[108.74817,-7.59679],[108.74825,-7.59679],[108.74826,-7.59679],[108.74862,-7.59679],[108.74862,-7.59724],[108.74861,-7.59724],[108.74861,-7.59728],[108.74861,-7.59729],[108.74861,-7.59769],[108.74898,-7.59769],[108.74906,-7.59769],[108.74906,-7.59778],[108.74906,-7.59779],[108.74906,-7.59814],[108.74906,-7.59815],[108.74906,-7.5986],[108.74906,-7.59905],[108.7486,-7.59905],[108.7486,-7.5986],[108.7486,-7.59815],[108.74815,-7.59815],[108.74815,-7.59814],[108.7477,-7.59814],[108.7477,-7.59827],[108.7477,-7.59859],[108.74725,-7.59859],[108.74725,-7.59814],[108.74725,-7.59769],[108.7468,-7.59769],[108.74679,-7.59769],[108.74679,-7.59723],[108.7468,-7.59723],[108.7468,-7.59678]],[[108.74454,-7.59632],[108.74409,-7.59632],[108.74409,-7.59677],[108.74454,-7.59677],[108.74454,-7.59632]],[[108.74681,-7.59629],[108.74703,-7.59629],[108.74703,-7.59611],[108.74721,-7.59611],[108.74721,-7.59593],[108.74725,-7.59593],[108.74726,-7.59593],[108.74739,-7.59593],[108.74739,-7.59588],[108.74739,-7.59557],[108.74727,-7.59557],[108.74726,-7.59557],[108.74703,-7.59557],[108.74703,-7.59543],[108.74703,-7.59542],[108.74703,-7.59539],[108.74682,-7.59539],[108.74681,-7.59539],[108.74653,-7.59539],[108.74649,-7.59539],[108.74649,-7.59542],[108.74649,-7.59543],[108.74649,-7.59587],[108.74649,-7.59588],[108.74649,-7.59629],[108.74677,-7.59629],[108.7468,-7.59629],[108.74681,-7.59629]],[[108.74816,-7.59588],[108.74803,-7.59588],[108.74772,-7.59588],[108.74771,-7.59588],[108.74771,-7.59633],[108.74812,-7.59633],[108.74816,-7.59633],[108.74816,-7.59589],[108.74816,-7.59588]],[[108.74363,-7.59676],[108.74363,-7.59631],[108.74319,-7.59631],[108.74319,-7.59676],[108.74363,-7.59676]],[[108.745,-7.59413],[108.74468,-7.59413],[108.74468,-7.59449],[108.745,-7.59449],[108.74501,-7.59449],[108.74504,-7.59449],[108.74504,-7.59451],[108.74504,-7.59467],[108.74545,-7.59467],[108.74546,-7.59467],[108.74558,-7.59467],[108.74558,-7.59452],[108.74558,-7.59451],[108.74558,-7.59413],[108.74546,-7.59413],[108.74545,-7.59413],[108.74501,-7.59413],[108.745,-7.59413]]],[[[108.74499,-7.59813],[108.74499,-7.59767],[108.74545,-7.59767],[108.74545,-7.59813],[108.74499,-7.59813]]],[[[108.74093,-7.59404],[108.74093,-7.59359],[108.74139,-7.59359],[108.74139,-7.59404],[108.74093,-7.59404]]],[[[108.7485,-7.59351],[108.74863,-7.59343],[108.74864,-7.59343],[108.74864,-7.59363],[108.74863,-7.59363],[108.74832,-7.59363],[108.74844,-7.59356],[108.74845,-7.59354],[108.7485,-7.59351]]],[[[108.75159,-7.6343],[108.75159,-7.63436],[108.75113,-7.63434],[108.75113,-7.6343],[108.75159,-7.6343]]],[[[108.75295,-7.63205],[108.75341,-7.63205],[108.75341,-7.6325],[108.75341,-7.63296],[108.75385,-7.63296],[108.75386,-7.63296],[108.75431,-7.63296],[108.75477,-7.63296],[108.75477,-7.63341],[108.75522,-7.63341],[108.75522,-7.63342],[108.75522,-7.63387],[108.75522,-7.63432],[108.75566,-7.63432],[108.75566,-7.63387],[108.75612,-7.63387],[108.75612,-7.63432],[108.75612,-7.63433],[108.75612,-7.63477],[108.75612,-7.63478],[108.75656,-7.63478],[108.75657,-7.63478],[108.75702,-7.63478],[108.75702,-7.63523],[108.75702,-7.63568],[108.75747,-7.63568],[108.75747,-7.63569],[108.75792,-7.63569],[108.75792,-7.63524],[108.75837,-7.63524],[108.75838,-7.63524],[108.75838,-7.63479],[108.75883,-7.63479],[108.75883,-7.63434],[108.75928,-7.63434],[108.75929,-7.63434],[108.75973,-7.63434],[108.75973,-7.63389],[108.75974,-7.63389],[108.75974,-7.63344],[108.76019,-7.63344],[108.7602,-7.63344],[108.76064,-7.63344],[108.76065,-7.63344],[108.76065,-7.633],[108.76065,-7.63299],[108.76065,-7.63254],[108.7602,-7.63254],[108.7602,-7.63209],[108.76065,-7.63209],[108.76066,-7.63209],[108.76111,-7.63209],[108.76156,-7.63209],[108.76156,-7.63164],[108.76112,-7.63164],[108.76111,-7.63164],[108.76066,-7.63164],[108.76066,-7.63119],[108.76021,-7.63119],[108.76021,-7.63073],[108.76066,-7.63073],[108.76067,-7.63073],[108.76112,-7.63073],[108.76112,-7.63074],[108.76157,-7.63074],[108.76157,-7.63029],[108.76177,-7.63029],[108.76202,-7.63029],[108.76247,-7.63029],[108.76247,-7.62984],[108.76203,-7.62984],[108.76202,-7.62984],[108.7618,-7.62984],[108.76157,-7.62984],[108.76157,-7.62939],[108.76157,-7.62938],[108.76157,-7.62894],[108.76157,-7.62893],[108.76157,-7.62861],[108.76157,-7.6286],[108.76157,-7.62848],[108.76153,-7.62848],[108.76113,-7.62848],[108.76113,-7.62893],[108.76112,-7.62893],[108.76112,-7.62938],[108.76067,-7.62938],[108.76067,-7.62893],[108.76067,-7.62848],[108.76022,-7.62848],[108.76022,-7.62892],[108.76022,-7.62893],[108.75977,-7.62893],[108.75976,-7.62893],[108.75976,-7.62892],[108.75976,-7.62847],[108.75977,-7.62847],[108.76022,-7.62847],[108.76022,-7.62802],[108.75977,-7.62802],[108.75932,-7.62802],[108.75931,-7.62802],[108.75931,-7.62757],[108.75887,-7.62757],[108.75886,-7.62757],[108.75886,-7.62756],[108.75886,-7.62711],[108.75842,-7.62711],[108.75842,-7.62756],[108.75797,-7.62756],[108.75796,-7.62756],[108.75796,-7.62711],[108.75751,-7.62711],[108.75751,-7.6271],[108.75707,-7.6271],[108.75706,-7.6271],[108.75706,-7.62755],[108.75706,-7.628],[108.75751,-7.628],[108.75751,-7.62801],[108.75796,-7.62801],[108.75797,-7.62801],[108.75797,-7.62846],[108.75796,-7.62846],[108.75751,-7.62846],[108.75706,-7.62846],[108.75705,-7.62846],[108.7566,-7.62846],[108.7566,-7.62801],[108.7566,-7.628],[108.75615,-7.628],[108.75615,-7.62755],[108.75615,-7.6271],[108.7557,-7.6271],[108.7557,-7.62665],[108.7557,-7.62664],[108.75525,-7.62664],[108.75525,-7.62709],[108.75525,-7.62754],[108.7548,-7.62754],[108.75479,-7.62754],[108.75434,-7.62754],[108.75434,-7.62709],[108.75389,-7.62709],[108.75343,-7.62709],[108.75343,-7.62708],[108.75343,-7.62663],[108.75389,-7.62663],[108.75434,-7.62663],[108.75434,-7.62618],[108.75435,-7.62618],[108.75435,-7.62574],[108.75435,-7.62573],[108.7539,-7.62573],[108.7539,-7.62618],[108.75345,-7.62618],[108.75344,-7.62618],[108.75299,-7.62618],[108.75299,-7.62663],[108.75253,-7.62663],[108.75253,-7.62618],[108.75253,-7.62617],[108.75253,-7.62572],[108.75254,-7.62572],[108.75254,-7.62527],[108.75209,-7.62527],[108.75209,-7.62572],[108.75209,-7.62617],[108.75163,-7.62617],[108.75163,-7.62662],[108.75118,-7.62662],[108.75117,-7.62662],[108.75117,-7.62617],[108.75117,-7.62572],[108.75118,-7.62572],[108.75163,-7.62572],[108.75163,-7.62527],[108.75118,-7.62527],[108.75118,-7.62499],[108.75118,-7.62482],[108.75118,-7.62481],[108.75118,-7.62436],[108.75164,-7.62436],[108.75164,-7.62391],[108.75119,-7.62391],[108.75119,-7.62346],[108.75074,-7.62346],[108.75074,-7.623],[108.7512,-7.623],[108.7512,-7.62346],[108.75165,-7.62346],[108.75165,-7.62391],[108.75209,-7.62391],[108.75209,-7.62346],[108.7521,-7.62346],[108.7521,-7.62301],[108.7521,-7.62256],[108.75256,-7.62256],[108.75301,-7.62256],[108.75301,-7.62211],[108.75301,-7.62166],[108.75346,-7.62166],[108.75346,-7.62211],[108.75346,-7.62257],[108.75391,-7.62257],[108.75391,-7.62212],[108.75436,-7.62212],[108.75437,-7.62212],[108.75482,-7.62212],[108.75482,-7.62257],[108.75482,-7.62302],[108.75481,-7.62302],[108.75481,-7.62347],[108.75481,-7.62348],[108.75526,-7.62348],[108.75527,-7.62348],[108.75572,-7.62348],[108.75572,-7.62393],[108.75527,-7.62393],[108.75527,-7.62438],[108.75527,-7.62483],[108.75571,-7.62483],[108.75571,-7.62438],[108.75617,-7.62438],[108.75617,-7.62484],[108.75661,-7.62484],[108.75661,-7.62439],[108.75707,-7.62439],[108.75707,-7.62394],[108.75752,-7.62394],[108.75753,-7.62394],[108.75753,-7.62349],[108.75798,-7.62349],[108.75799,-7.62349],[108.75844,-7.62349],[108.75844,-7.62394],[108.75844,-7.62395],[108.75888,-7.62395],[108.75889,-7.62395],[108.75934,-7.62395],[108.75934,-7.6244],[108.75979,-7.6244],[108.75979,-7.62486],[108.75934,-7.62486],[108.75934,-7.6253],[108.75934,-7.62531],[108.75934,-7.62576],[108.75978,-7.62576],[108.75979,-7.62576],[108.76024,-7.62576],[108.76024,-7.62621],[108.76024,-7.62622],[108.76024,-7.62667],[108.76068,-7.62667],[108.76069,-7.62667],[108.76114,-7.62667],[108.76114,-7.62622],[108.76159,-7.62622],[108.76159,-7.62577],[108.7616,-7.62577],[108.7616,-7.62532],[108.76205,-7.62532],[108.76206,-7.62532],[108.76206,-7.62577],[108.76205,-7.62577],[108.76205,-7.62622],[108.7625,-7.62622],[108.7625,-7.62668],[108.7625,-7.62713],[108.76295,-7.62713],[108.76295,-7.62758],[108.76295,-7.62804],[108.7634,-7.62804],[108.7634,-7.62849],[108.76294,-7.62849],[108.76294,-7.62894],[108.76339,-7.62894],[108.76339,-7.62939],[108.76294,-7.62939],[108.76294,-7.62984],[108.76293,-7.62984],[108.76293,-7.63029],[108.76293,-7.6303],[108.76248,-7.6303],[108.76248,-7.63074],[108.76293,-7.63074],[108.76293,-7.6312],[108.76299,-7.6312],[108.76337,-7.6312],[108.76337,-7.63098],[108.76337,-7.63075],[108.76367,-7.63075],[108.76383,-7.63075],[108.76383,-7.6312],[108.76383,-7.63165],[108.76428,-7.63165],[108.76428,-7.63166],[108.76428,-7.63211],[108.76382,-7.63211],[108.76382,-7.63166],[108.76338,-7.63166],[108.76338,-7.6321],[108.76337,-7.6321],[108.76292,-7.6321],[108.76247,-7.6321],[108.76247,-7.63255],[108.76292,-7.63255],[108.76292,-7.633],[108.76292,-7.63301],[108.76246,-7.63301],[108.76246,-7.633],[108.76202,-7.633],[108.76201,-7.633],[108.76201,-7.63345],[108.76156,-7.63345],[108.76156,-7.6339],[108.76155,-7.6339],[108.76155,-7.63435],[108.762,-7.63435],[108.762,-7.63481],[108.76155,-7.63481],[108.76155,-7.63526],[108.76154,-7.63526],[108.76154,-7.63571],[108.76109,-7.63571],[108.76109,-7.63616],[108.76064,-7.63616],[108.76063,-7.63616],[108.76018,-7.63616],[108.76018,-7.6357],[108.76018,-7.63525],[108.75974,-7.63525],[108.75974,-7.6357],[108.75973,-7.6357],[108.75929,-7.6357],[108.75928,-7.6357],[108.75928,-7.63615],[108.75883,-7.63615],[108.75883,-7.6366],[108.75882,-7.6366],[108.75882,-7.63705],[108.75837,-7.63705],[108.75836,-7.63705],[108.75792,-7.63705],[108.75791,-7.63705],[108.75791,-7.6375],[108.75836,-7.6375],[108.75836,-7.63795],[108.7579,-7.63795],[108.7579,-7.6375],[108.75746,-7.6375],[108.75746,-7.63795],[108.757,-7.63795],[108.757,-7.63794],[108.75655,-7.63794],[108.75655,-7.63839],[108.757,-7.63839],[108.757,-7.63885],[108.75655,-7.63885],[108.75655,-7.63929],[108.75655,-7.6393],[108.75655,-7.63975],[108.75609,-7.63975],[108.75609,-7.6393],[108.75564,-7.6393],[108.75564,-7.63929],[108.75564,-7.63884],[108.75609,-7.63884],[108.75609,-7.63839],[108.75564,-7.63839],[108.75564,-7.63794],[108.75519,-7.63794],[108.75519,-7.63791],[108.75524,-7.63791],[108.75526,-7.63785],[108.75519,-7.63772],[108.75519,-7.63765],[108.75519,-7.63762],[108.75519,-7.63761],[108.75524,-7.63748],[108.75565,-7.63748],[108.7561,-7.63748],[108.7561,-7.63704],[108.7561,-7.63658],[108.75655,-7.63658],[108.75655,-7.63614],[108.7561,-7.63614],[108.7561,-7.63613],[108.75569,-7.63613],[108.7557,-7.63612],[108.75571,-7.636],[108.75574,-7.63591],[108.75572,-7.63587],[108.75572,-7.6358],[108.75571,-7.63577],[108.75571,-7.63568],[108.7561,-7.63568],[108.75611,-7.63568],[108.75611,-7.63523],[108.75566,-7.63523],[108.75566,-7.63478],[108.75521,-7.63478],[108.75521,-7.63477],[108.75521,-7.63432],[108.75476,-7.63432],[108.75431,-7.63432],[108.7543,-7.63432],[108.75385,-7.63432],[108.75385,-7.63386],[108.7543,-7.63386],[108.75431,-7.63386],[108.75476,-7.63386],[108.75476,-7.63342],[108.75431,-7.63342],[108.75431,-7.63341],[108.75386,-7.63341],[108.75385,-7.63341],[108.7534,-7.63341],[108.7534,-7.63296],[108.75295,-7.63296],[108.75295,-7.63295],[108.7525,-7.63295],[108.75204,-7.63295],[108.75204,-7.6325],[108.7525,-7.6325],[108.75295,-7.6325],[108.75295,-7.63205]],[[108.76157,-7.63119],[108.76171,-7.63119],[108.76202,-7.63119],[108.76247,-7.63119],[108.76247,-7.63074],[108.76202,-7.63074],[108.76174,-7.63074],[108.76157,-7.63074],[108.76157,-7.63119]],[[108.75525,-7.62619],[108.75481,-7.62619],[108.7548,-7.62619],[108.7548,-7.62664],[108.75525,-7.62664],[108.75525,-7.62619]],[[108.75209,-7.62485],[108.75209,-7.62482],[108.75164,-7.62482],[108.75164,-7.62492],[108.75164,-7.62527],[108.75209,-7.62527],[108.75209,-7.62485]],[[108.75301,-7.62257],[108.75301,-7.62301],[108.75346,-7.62301],[108.75346,-7.62257],[108.75301,-7.62257]],[[108.76114,-7.62712],[108.76158,-7.62712],[108.76159,-7.62712],[108.76159,-7.62668],[108.76159,-7.62667],[108.76114,-7.62667],[108.76114,-7.62712]],[[108.75655,-7.63749],[108.7561,-7.63749],[108.7561,-7.63794],[108.75655,-7.63794],[108.75655,-7.63749]],[[108.76065,-7.63435],[108.76064,-7.63435],[108.76064,-7.6348],[108.76064,-7.63525],[108.76064,-7.6357],[108.76108,-7.6357],[108.76108,-7.63526],[108.76108,-7.63525],[108.76109,-7.63525],[108.76109,-7.63481],[108.76109,-7.6348],[108.76109,-7.63435],[108.76109,-7.6339],[108.76065,-7.6339],[108.76065,-7.63435]],[[108.75837,-7.63615],[108.75837,-7.63614],[108.75792,-7.63614],[108.75792,-7.63659],[108.75837,-7.63659],[108.75837,-7.63615]],[[108.75572,-7.62561],[108.75571,-7.62561],[108.75568,-7.62561],[108.75568,-7.62574],[108.75568,-7.6259],[108.75568,-7.62597],[108.75571,-7.62597],[108.75586,-7.62597],[108.75587,-7.62597],[108.75587,-7.62615],[108.75616,-7.62615],[108.75617,-7.62615],[108.75641,-7.62615],[108.75641,-7.62597],[108.75659,-7.62597],[108.75659,-7.62585],[108.75659,-7.62574],[108.75659,-7.62561],[108.75616,-7.62561],[108.75616,-7.62529],[108.75616,-7.62484],[108.75572,-7.62484],[108.75572,-7.62529],[108.75572,-7.62561]],[[108.75255,-7.62392],[108.753,-7.62392],[108.753,-7.62347],[108.753,-7.62302],[108.75256,-7.62302],[108.75256,-7.62346],[108.75255,-7.62346],[108.75255,-7.62391],[108.75255,-7.62392]],[[108.75435,-7.62664],[108.75435,-7.62709],[108.75479,-7.62709],[108.75479,-7.62664],[108.75435,-7.62664]],[[108.75435,-7.62543],[108.75436,-7.62543],[108.75442,-7.62543],[108.75442,-7.62537],[108.75442,-7.62528],[108.75442,-7.62507],[108.75436,-7.62507],[108.75435,-7.62507],[108.75406,-7.62507],[108.75406,-7.62483],[108.75406,-7.62453],[108.75391,-7.62453],[108.7539,-7.62453],[108.75388,-7.62453],[108.75388,-7.62438],[108.75388,-7.62437],[108.75388,-7.62435],[108.7537,-7.62435],[108.7537,-7.62417],[108.75346,-7.62417],[108.75345,-7.62417],[108.75334,-7.62417],[108.75334,-7.62437],[108.75334,-7.62453],[108.75345,-7.62453],[108.75346,-7.62453],[108.75352,-7.62453],[108.75352,-7.62482],[108.75352,-7.62483],[108.75352,-7.62506],[108.75352,-7.62525],[108.7537,-7.62525],[108.7537,-7.62528],[108.7537,-7.62543],[108.7539,-7.62543],[108.75435,-7.62543]],[[108.75391,-7.62347],[108.75391,-7.62392],[108.75436,-7.62392],[108.75436,-7.62348],[108.75436,-7.62347],[108.75391,-7.62347]],[[108.75391,-7.62302],[108.75346,-7.62302],[108.75346,-7.62347],[108.75391,-7.62347],[108.75391,-7.62302]],[[108.75841,-7.62666],[108.75797,-7.62666],[108.75797,-7.62711],[108.75841,-7.62711],[108.75841,-7.62666]],[[108.75933,-7.62485],[108.75933,-7.6244],[108.75889,-7.6244],[108.75889,-7.62485],[108.75933,-7.62485]],[[108.76292,-7.63165],[108.76292,-7.63123],[108.76292,-7.6312],[108.76247,-7.6312],[108.76247,-7.63142],[108.76247,-7.63164],[108.76247,-7.63165],[108.76292,-7.63165]],[[108.76249,-7.62758],[108.76249,-7.62713],[108.76205,-7.62713],[108.76204,-7.62713],[108.76204,-7.62758],[108.76249,-7.62758]],[[108.76203,-7.62803],[108.76203,-7.62758],[108.76159,-7.62758],[108.76159,-7.62803],[108.76203,-7.62803]]],[[[108.75114,-7.63249],[108.75114,-7.63204],[108.75124,-7.63204],[108.75124,-7.63222],[108.7516,-7.63222],[108.7516,-7.63249],[108.7516,-7.6325],[108.7516,-7.63295],[108.75114,-7.63295],[108.75114,-7.63294],[108.75069,-7.63294],[108.75069,-7.63249],[108.75114,-7.63249]]],[[[108.75009,-7.63244],[108.75024,-7.63244],[108.75024,-7.63249],[108.74979,-7.63249],[108.74979,-7.63203],[108.74991,-7.63203],[108.74991,-7.63208],[108.75009,-7.63208],[108.75009,-7.63244]]],[[[108.75206,-7.63205],[108.7516,-7.63205],[108.7516,-7.63204],[108.75178,-7.63204],[108.75178,-7.63168],[108.7516,-7.63168],[108.7516,-7.63159],[108.75205,-7.63159],[108.75205,-7.63114],[108.75251,-7.63114],[108.75251,-7.6316],[108.75206,-7.6316],[108.75206,-7.63204],[108.75206,-7.63205]]],[[[108.75114,-7.63159],[108.75114,-7.63114],[108.7516,-7.63114],[108.7516,-7.63159],[108.75114,-7.63159]]],[[[108.75162,-7.62798],[108.75117,-7.62798],[108.75117,-7.62752],[108.75162,-7.62752],[108.75163,-7.62752],[108.75163,-7.62798],[108.75162,-7.62798]]],[[[108.74901,-7.62651],[108.74937,-7.62651],[108.74937,-7.62661],[108.74901,-7.62661],[108.74901,-7.62651]]],[[[108.75075,-7.62165],[108.75075,-7.6212],[108.75121,-7.6212],[108.75121,-7.62165],[108.75075,-7.62165]]],[[[108.75031,-7.62074],[108.74985,-7.62074],[108.74985,-7.62029],[108.75031,-7.62029],[108.75031,-7.62074]]],[[[108.75304,-7.61714],[108.75304,-7.61759],[108.75259,-7.61759],[108.75258,-7.61759],[108.75213,-7.61759],[108.75213,-7.61714],[108.75258,-7.61714],[108.75259,-7.61714],[108.75304,-7.61714]]],[[[108.75078,-7.61623],[108.75078,-7.61578],[108.75078,-7.61577],[108.75124,-7.61577],[108.75124,-7.61578],[108.75124,-7.61623],[108.75078,-7.61623]]],[[[108.75169,-7.61533],[108.75169,-7.61488],[108.75214,-7.61488],[108.75214,-7.61533],[108.75169,-7.61533]]],[[[108.74942,-7.61532],[108.74942,-7.61487],[108.74942,-7.61486],[108.74988,-7.61486],[108.74988,-7.61487],[108.74988,-7.61532],[108.74942,-7.61532]]],[[[108.75259,-7.61398],[108.75305,-7.61398],[108.75305,-7.61443],[108.7526,-7.61443],[108.7526,-7.61488],[108.75305,-7.61488],[108.75305,-7.61533],[108.75305,-7.61534],[108.75259,-7.61534],[108.75259,-7.61533],[108.75259,-7.61488],[108.75214,-7.61488],[108.75214,-7.61443],[108.75259,-7.61443],[108.75259,-7.61398]]],[[[108.74988,-7.61442],[108.74988,-7.61396],[108.75034,-7.61396],[108.75034,-7.61442],[108.74988,-7.61442]]],[[[108.75215,-7.61307],[108.75215,-7.61262],[108.75261,-7.61262],[108.75261,-7.61307],[108.75215,-7.61307]]],[[[108.75126,-7.61126],[108.7508,-7.61126],[108.7508,-7.61081],[108.75126,-7.61081],[108.75126,-7.61126]]],[[[108.74854,-7.6108],[108.74854,-7.61034],[108.749,-7.61034],[108.749,-7.6108],[108.74854,-7.6108]]],[[[108.74855,-7.60763],[108.74896,-7.60763],[108.74901,-7.60763],[108.74901,-7.60718],[108.74947,-7.60718],[108.74947,-7.60759],[108.74947,-7.60764],[108.74901,-7.60764],[108.74901,-7.60809],[108.74855,-7.60809],[108.74855,-7.60767],[108.74855,-7.60763]]],[[[108.75174,-7.60675],[108.75128,-7.60675],[108.75128,-7.60674],[108.75128,-7.60629],[108.75174,-7.60629],[108.75174,-7.60674],[108.75174,-7.60675]]],[[[108.74992,-7.60629],[108.74992,-7.60583],[108.74947,-7.60583],[108.74947,-7.60538],[108.74993,-7.60538],[108.74993,-7.60583],[108.75038,-7.60583],[108.75038,-7.60629],[108.74992,-7.60629]]],[[[108.75174,-7.60584],[108.75174,-7.60539],[108.75219,-7.60539],[108.75219,-7.60494],[108.75264,-7.60494],[108.75265,-7.60494],[108.75265,-7.60449],[108.7522,-7.60449],[108.75174,-7.60449],[108.75174,-7.60403],[108.75129,-7.60403],[108.75129,-7.60358],[108.75085,-7.60358],[108.75084,-7.60358],[108.75039,-7.60358],[108.75039,-7.60313],[108.75039,-7.60312],[108.75039,-7.60267],[108.75085,-7.60267],[108.75085,-7.60223],[108.75085,-7.60222],[108.75085,-7.60177],[108.75041,-7.60177],[108.75041,-7.60222],[108.7504,-7.60222],[108.74995,-7.60222],[108.74995,-7.60267],[108.7495,-7.60267],[108.74949,-7.60267],[108.74904,-7.60267],[108.74904,-7.60221],[108.74949,-7.60221],[108.74949,-7.60176],[108.74995,-7.60176],[108.74995,-7.60131],[108.7504,-7.60131],[108.75041,-7.60131],[108.75041,-7.60132],[108.75085,-7.60132],[108.75086,-7.60132],[108.75086,-7.60177],[108.7513,-7.60177],[108.7513,-7.60132],[108.75175,-7.60132],[108.75176,-7.60132],[108.75176,-7.60087],[108.75176,-7.60042],[108.75221,-7.60042],[108.75222,-7.60042],[108.75226,-7.60042],[108.75226,-7.60043],[108.75267,-7.60043],[108.7528,-7.60043],[108.7528,-7.60042],[108.7528,-7.60007],[108.75267,-7.60007],[108.75267,-7.59998],[108.75267,-7.59997],[108.75244,-7.59997],[108.75244,-7.59971],[108.75226,-7.59971],[108.75226,-7.59952],[108.75267,-7.59952],[108.75268,-7.59952],[108.75313,-7.59952],[108.75313,-7.59997],[108.75313,-7.59998],[108.75358,-7.59998],[108.75404,-7.59998],[108.75404,-7.60043],[108.75403,-7.60043],[108.75403,-7.60088],[108.75403,-7.60133],[108.75403,-7.60134],[108.75357,-7.60134],[108.75357,-7.60133],[108.75312,-7.60133],[108.75267,-7.60133],[108.75267,-7.60178],[108.75221,-7.60178],[108.75221,-7.60223],[108.75265,-7.60223],[108.75266,-7.60223],[108.75311,-7.60223],[108.75356,-7.60223],[108.75356,-7.60179],[108.75356,-7.60178],[108.75402,-7.60178],[108.75402,-7.60179],[108.75402,-7.60224],[108.75447,-7.60224],[108.75447,-7.60269],[108.75447,-7.60314],[108.75492,-7.60314],[108.75492,-7.60315],[108.75537,-7.60315],[108.75537,-7.6027],[108.75492,-7.6027],[108.75492,-7.60225],[108.75492,-7.60224],[108.75492,-7.60179],[108.75538,-7.60179],[108.75584,-7.60179],[108.75584,-7.60225],[108.75629,-7.60225],[108.75629,-7.6027],[108.75583,-7.6027],[108.75583,-7.60315],[108.75583,-7.6036],[108.75537,-7.6036],[108.75537,-7.60405],[108.75582,-7.60405],[108.75582,-7.60451],[108.75627,-7.60451],[108.75627,-7.60496],[108.75672,-7.60496],[108.75717,-7.60496],[108.75717,-7.60451],[108.75718,-7.60451],[108.75718,-7.60406],[108.75763,-7.60406],[108.75764,-7.60406],[108.75809,-7.60406],[108.75809,-7.60362],[108.75809,-7.60361],[108.75854,-7.60361],[108.75855,-7.60361],[108.75855,-7.60362],[108.75855,-7.60407],[108.75854,-7.60407],[108.75854,-7.60452],[108.75899,-7.60452],[108.75899,-7.60407],[108.75944,-7.60407],[108.75944,-7.60362],[108.75945,-7.60362],[108.75989,-7.60362],[108.7599,-7.60362],[108.76035,-7.60362],[108.76035,-7.60318],[108.76035,-7.60317],[108.76035,-7.60272],[108.76081,-7.60272],[108.76081,-7.60228],[108.76081,-7.60227],[108.76081,-7.60183],[108.76081,-7.60182],[108.76036,-7.60182],[108.76036,-7.60137],[108.75991,-7.60137],[108.75991,-7.60091],[108.76036,-7.60091],[108.76036,-7.60047],[108.75991,-7.60047],[108.75991,-7.60046],[108.75991,-7.60001],[108.75992,-7.60001],[108.75992,-7.59956],[108.76038,-7.59956],[108.76038,-7.60001],[108.76082,-7.60001],[108.76082,-7.59956],[108.76083,-7.59956],[108.76083,-7.59911],[108.76128,-7.59911],[108.76173,-7.59911],[108.76173,-7.59957],[108.76218,-7.59957],[108.76218,-7.60002],[108.76263,-7.60002],[108.76264,-7.60002],[108.76264,-7.60048],[108.76263,-7.60048],[108.76218,-7.60048],[108.76218,-7.60093],[108.76173,-7.60093],[108.76173,-7.60137],[108.76218,-7.60137],[108.76218,-7.60138],[108.76218,-7.60183],[108.76263,-7.60183],[108.76263,-7.60228],[108.76308,-7.60228],[108.76308,-7.60274],[108.76263,-7.60274],[108.76262,-7.60274],[108.76262,-7.60318],[108.76262,-7.60319],[108.76307,-7.60319],[108.76307,-7.60364],[108.76307,-7.60409],[108.76307,-7.60454],[108.76352,-7.60454],[108.76352,-7.60455],[108.76352,-7.605],[108.76306,-7.605],[108.7626,-7.605],[108.7626,-7.60454],[108.76261,-7.60454],[108.76261,-7.60409],[108.76261,-7.60364],[108.76217,-7.60364],[108.76216,-7.60364],[108.76171,-7.60364],[108.76171,-7.60318],[108.76216,-7.60318],[108.76216,-7.60273],[108.76172,-7.60273],[108.76171,-7.60273],[108.76127,-7.60273],[108.76126,-7.60273],[108.76126,-7.60318],[108.76126,-7.60363],[108.76081,-7.60363],[108.7608,-7.60363],[108.76035,-7.60363],[108.76035,-7.60408],[108.7599,-7.60408],[108.7599,-7.60453],[108.75945,-7.60453],[108.75944,-7.60453],[108.75899,-7.60453],[108.75899,-7.60497],[108.75899,-7.60498],[108.75853,-7.60498],[108.75853,-7.60497],[108.75809,-7.60497],[108.75808,-7.60497],[108.75808,-7.60542],[108.75808,-7.60587],[108.75853,-7.60587],[108.75853,-7.60543],[108.75853,-7.60542],[108.75899,-7.60542],[108.75899,-7.60543],[108.75899,-7.60588],[108.75944,-7.60588],[108.75944,-7.60633],[108.75988,-7.60633],[108.75988,-7.60588],[108.76034,-7.60588],[108.76034,-7.60633],[108.76034,-7.60634],[108.76079,-7.60634],[108.76079,-7.60679],[108.76124,-7.60679],[108.76124,-7.60634],[108.76124,-7.60589],[108.7617,-7.60589],[108.76215,-7.60589],[108.76215,-7.60544],[108.7626,-7.60544],[108.7626,-7.60545],[108.76306,-7.60545],[108.76306,-7.6059],[108.76351,-7.6059],[108.76351,-7.60635],[108.76396,-7.60635],[108.76396,-7.60636],[108.76441,-7.60636],[108.76441,-7.60681],[108.76486,-7.60681],[108.76531,-7.60681],[108.76532,-7.60681],[108.76577,-7.60681],[108.76577,-7.60682],[108.76577,-7.60727],[108.76577,-7.60772],[108.76531,-7.60772],[108.76531,-7.60817],[108.76575,-7.60817],[108.76576,-7.60817],[108.76621,-7.60817],[108.76621,-7.60862],[108.76621,-7.60863],[108.76666,-7.60863],[108.76711,-7.60863],[108.76711,-7.60818],[108.76666,-7.60818],[108.76666,-7.60773],[108.76712,-7.60773],[108.76712,-7.60818],[108.76757,-7.60818],[108.76757,-7.60863],[108.76712,-7.60863],[108.76712,-7.60908],[108.76757,-7.60908],[108.76757,-7.60954],[108.76711,-7.60954],[108.76711,-7.60998],[108.76711,-7.60999],[108.76711,-7.61044],[108.76756,-7.61044],[108.76756,-7.61089],[108.76801,-7.61089],[108.76801,-7.61134],[108.76801,-7.61135],[108.76846,-7.61135],[108.76846,-7.6118],[108.76801,-7.6118],[108.76801,-7.61225],[108.76845,-7.61225],[108.76846,-7.61225],[108.7689,-7.61225],[108.7689,-7.6118],[108.76891,-7.6118],[108.76891,-7.61135],[108.76936,-7.61135],[108.76936,-7.6109],[108.76937,-7.6109],[108.76937,-7.61045],[108.76937,-7.61],[108.76937,-7.60955],[108.76983,-7.60955],[108.77028,-7.60955],[108.77028,-7.6091],[108.76983,-7.6091],[108.76983,-7.60865],[108.76983,-7.60864],[108.77029,-7.60864],[108.77029,-7.6082],[108.77074,-7.6082],[108.77074,-7.60775],[108.77029,-7.60775],[108.77029,-7.60729],[108.77074,-7.60729],[108.77075,-7.60729],[108.77075,-7.60775],[108.77119,-7.60775],[108.7712,-7.60775],[108.7712,-7.6082],[108.77164,-7.6082],[108.77165,-7.6082],[108.7721,-7.6082],[108.7721,-7.60865],[108.7721,-7.60866],[108.77255,-7.60866],[108.77255,-7.60911],[108.77299,-7.60911],[108.773,-7.60911],[108.77345,-7.60911],[108.77345,-7.60956],[108.77345,-7.60957],[108.77345,-7.61002],[108.77345,-7.61047],[108.7739,-7.61047],[108.7739,-7.61092],[108.7739,-7.61093],[108.7739,-7.61137],[108.7739,-7.61138],[108.7739,-7.61183],[108.77345,-7.61183],[108.77344,-7.61183],[108.77344,-7.61228],[108.77389,-7.61228],[108.7739,-7.61228],[108.77434,-7.61228],[108.77434,-7.61183],[108.7748,-7.61183],[108.7748,-7.61228],[108.7748,-7.61229],[108.7748,-7.61274],[108.77435,-7.61274],[108.77435,-7.61319],[108.77389,-7.61319],[108.77389,-7.61364],[108.77352,-7.61364],[108.77343,-7.61364],[108.77343,-7.61408],[108.7736,-7.61408],[108.77388,-7.61408],[108.77388,-7.61409],[108.77388,-7.61454],[108.77367,-7.61454],[108.77342,-7.61454],[108.77342,-7.61409],[108.77297,-7.61409],[108.77297,-7.61408],[108.77252,-7.61408],[108.77252,-7.61363],[108.77207,-7.61363],[108.77207,-7.61318],[108.77207,-7.61317],[108.77207,-7.61273],[108.77207,-7.61272],[108.77162,-7.61272],[108.77162,-7.61227],[108.77207,-7.61227],[108.77208,-7.61227],[108.77208,-7.61182],[108.77208,-7.61137],[108.77254,-7.61137],[108.77254,-7.61182],[108.77254,-7.61227],[108.77298,-7.61227],[108.77298,-7.61182],[108.77299,-7.61182],[108.77299,-7.61137],[108.77299,-7.61092],[108.77299,-7.61087],[108.77299,-7.61047],[108.77279,-7.61047],[108.77254,-7.61047],[108.77254,-7.61004],[108.77254,-7.61002],[108.77251,-7.61002],[108.77209,-7.61002],[108.77209,-7.61001],[108.77209,-7.60963],[108.77209,-7.60956],[108.77199,-7.60956],[108.77198,-7.60956],[108.77165,-7.60956],[108.77164,-7.60956],[108.7712,-7.60956],[108.77119,-7.60956],[108.77119,-7.61001],[108.77078,-7.61001],[108.77074,-7.61001],[108.77074,-7.61008],[108.77074,-7.61046],[108.77073,-7.61046],[108.77073,-7.61091],[108.77118,-7.61091],[108.77118,-7.61136],[108.77163,-7.61136],[108.77163,-7.61182],[108.77117,-7.61182],[108.77117,-7.61136],[108.77073,-7.61136],[108.77073,-7.61181],[108.77072,-7.61181],[108.77072,-7.61226],[108.77027,-7.61226],[108.77027,-7.61271],[108.76981,-7.61271],[108.76981,-7.61226],[108.76945,-7.61226],[108.76936,-7.61226],[108.76936,-7.61235],[108.76936,-7.61271],[108.76936,-7.61316],[108.76891,-7.61316],[108.76891,-7.61361],[108.76845,-7.61361],[108.76845,-7.61406],[108.76845,-7.61451],[108.768,-7.61451],[108.76799,-7.61451],[108.76754,-7.61451],[108.76754,-7.61406],[108.76754,-7.61405],[108.76754,-7.6136],[108.76799,-7.6136],[108.768,-7.6136],[108.76845,-7.6136],[108.76845,-7.61316],[108.768,-7.61316],[108.768,-7.61315],[108.76755,-7.61315],[108.7671,-7.61315],[108.76709,-7.61315],[108.76664,-7.61315],[108.76664,-7.6127],[108.76664,-7.61269],[108.7671,-7.61269],[108.7671,-7.6127],[108.76755,-7.6127],[108.76755,-7.61225],[108.76711,-7.61225],[108.7671,-7.61225],[108.76665,-7.61225],[108.76665,-7.61224],[108.76619,-7.61224],[108.76619,-7.61179],[108.7662,-7.61179],[108.7662,-7.61134],[108.76665,-7.61134],[108.76666,-7.61134],[108.76666,-7.61179],[108.7671,-7.61179],[108.7671,-7.61135],[108.7671,-7.61134],[108.7671,-7.61089],[108.76689,-7.61089],[108.76666,-7.61089],[108.76665,-7.61089],[108.7662,-7.61089],[108.7662,-7.61044],[108.7662,-7.61043],[108.76576,-7.61043],[108.76575,-7.61043],[108.76575,-7.61088],[108.7653,-7.61088],[108.7653,-7.61133],[108.76484,-7.61133],[108.76484,-7.61178],[108.76438,-7.61178],[108.76438,-7.61133],[108.76438,-7.61088],[108.76484,-7.61088],[108.76529,-7.61088],[108.76529,-7.61043],[108.76484,-7.61043],[108.76484,-7.60998],[108.76484,-7.60997],[108.7653,-7.60997],[108.7653,-7.60953],[108.76485,-7.60953],[108.76485,-7.60952],[108.76485,-7.60907],[108.7653,-7.60907],[108.7653,-7.60862],[108.76486,-7.60862],[108.76485,-7.60862],[108.7644,-7.60862],[108.7644,-7.60817],[108.7644,-7.60772],[108.7644,-7.60771],[108.76395,-7.60771],[108.76395,-7.60726],[108.76395,-7.60687],[108.76395,-7.60681],[108.76384,-7.60681],[108.76383,-7.60681],[108.76351,-7.60681],[108.7635,-7.60681],[108.76305,-7.60681],[108.76305,-7.60725],[108.7635,-7.60725],[108.7635,-7.60726],[108.7635,-7.60771],[108.7635,-7.60816],[108.76305,-7.60816],[108.76305,-7.60771],[108.7626,-7.60771],[108.7626,-7.60816],[108.76214,-7.60816],[108.76214,-7.60815],[108.76169,-7.60815],[108.76123,-7.60815],[108.76123,-7.6077],[108.76079,-7.6077],[108.76078,-7.6077],[108.76078,-7.60815],[108.76032,-7.60815],[108.76032,-7.60814],[108.75988,-7.60814],[108.75988,-7.60859],[108.76033,-7.60859],[108.76033,-7.60905],[108.75987,-7.60905],[108.75941,-7.60905],[108.75941,-7.60859],[108.75942,-7.60859],[108.75942,-7.60814],[108.75897,-7.60814],[108.75897,-7.60859],[108.75851,-7.60859],[108.75851,-7.60814],[108.75806,-7.60814],[108.75806,-7.60813],[108.75761,-7.60813],[108.75761,-7.60768],[108.75761,-7.60723],[108.75716,-7.60723],[108.75716,-7.60767],[108.75716,-7.60768],[108.75716,-7.60813],[108.75671,-7.60813],[108.75671,-7.60857],[108.75671,-7.60858],[108.75716,-7.60858],[108.75716,-7.60903],[108.75716,-7.60948],[108.7567,-7.60948],[108.75625,-7.60948],[108.75625,-7.60993],[108.7558,-7.60993],[108.75579,-7.60993],[108.75579,-7.61038],[108.75624,-7.61038],[108.75624,-7.61083],[108.75624,-7.61128],[108.75624,-7.61129],[108.75624,-7.61174],[108.75623,-7.61174],[108.75623,-7.61219],[108.75668,-7.61219],[108.75668,-7.61264],[108.75713,-7.61264],[108.75713,-7.61309],[108.75713,-7.6131],[108.75713,-7.61355],[108.75668,-7.61355],[108.75667,-7.61355],[108.75623,-7.61355],[108.75622,-7.61355],[108.75622,-7.6131],[108.75622,-7.61309],[108.75578,-7.61309],[108.75578,-7.61354],[108.75532,-7.61354],[108.75532,-7.61309],[108.75488,-7.61309],[108.75487,-7.61309],[108.75442,-7.61309],[108.75442,-7.61353],[108.75442,-7.61354],[108.75442,-7.61399],[108.75396,-7.61399],[108.75396,-7.61444],[108.75441,-7.61444],[108.75441,-7.61489],[108.75395,-7.61489],[108.75395,-7.61444],[108.7535,-7.61444],[108.7535,-7.61398],[108.75396,-7.61398],[108.75396,-7.61354],[108.75396,-7.61353],[108.75396,-7.61308],[108.75396,-7.61263],[108.75397,-7.61263],[108.75397,-7.61218],[108.75397,-7.61173],[108.75352,-7.61173],[108.75352,-7.61127],[108.75397,-7.61127],[108.75398,-7.61127],[108.75442,-7.61127],[108.75443,-7.61127],[108.75443,-7.61128],[108.75487,-7.61128],[108.75487,-7.61083],[108.75443,-7.61083],[108.75442,-7.61083],[108.75442,-7.61037],[108.75398,-7.61037],[108.75398,-7.61082],[108.75352,-7.61082],[108.75352,-7.61037],[108.75397,-7.61037],[108.75397,-7.60992],[108.75397,-7.60947],[108.75353,-7.60947],[108.75353,-7.60992],[108.75307,-7.60992],[108.75307,-7.60947],[108.75307,-7.60946],[108.75307,-7.60901],[108.75352,-7.60901],[108.75353,-7.60901],[108.75353,-7.60856],[108.75308,-7.60856],[108.75308,-7.60811],[108.75353,-7.60811],[108.75353,-7.60766],[108.75399,-7.60766],[108.75399,-7.60722],[108.75399,-7.60721],[108.75354,-7.60721],[108.75354,-7.60675],[108.754,-7.60675],[108.754,-7.60631],[108.75355,-7.60631],[108.75355,-7.6063],[108.75355,-7.60585],[108.75355,-7.6054],[108.7531,-7.6054],[108.7531,-7.60585],[108.75265,-7.60585],[108.75264,-7.60585],[108.75219,-7.60585],[108.75219,-7.60584],[108.75174,-7.60584]],[[108.76128,-7.59957],[108.76128,-7.60001],[108.76128,-7.60002],[108.76173,-7.60002],[108.76173,-7.59957],[108.76128,-7.59957]],[[108.75356,-7.60314],[108.75356,-7.60359],[108.754,-7.60359],[108.75401,-7.60359],[108.75446,-7.60359],[108.75446,-7.60315],[108.75401,-7.60315],[108.75401,-7.60314],[108.75356,-7.60314]],[[108.75401,-7.60405],[108.754,-7.60405],[108.75392,-7.60405],[108.75392,-7.60441],[108.754,-7.60441],[108.75401,-7.60441],[108.7541,-7.60441],[108.75445,-7.60441],[108.75446,-7.60441],[108.75446,-7.6045],[108.75446,-7.60459],[108.75482,-7.60459],[108.75482,-7.6045],[108.75482,-7.60441],[108.75483,-7.60441],[108.75483,-7.60405],[108.75483,-7.60387],[108.75464,-7.60387],[108.75446,-7.60387],[108.75428,-7.60387],[108.75428,-7.60405],[108.75401,-7.60405]],[[108.7513,-7.60313],[108.7513,-7.60268],[108.75085,-7.60268],[108.75085,-7.60312],[108.75085,-7.60313],[108.7513,-7.60313]],[[108.75131,-7.60223],[108.75131,-7.60268],[108.75175,-7.60268],[108.75175,-7.60223],[108.75175,-7.60178],[108.75131,-7.60178],[108.75131,-7.60222],[108.75131,-7.60223]],[[108.75762,-7.60678],[108.75762,-7.60723],[108.75807,-7.60723],[108.75807,-7.60768],[108.75851,-7.60768],[108.75851,-7.60723],[108.75852,-7.60723],[108.75852,-7.60678],[108.75852,-7.60645],[108.75852,-7.60633],[108.75829,-7.60633],[108.75808,-7.60633],[108.75807,-7.60633],[108.75807,-7.60678],[108.75762,-7.60678]],[[108.75672,-7.60586],[108.75672,-7.60587],[108.75716,-7.60587],[108.75717,-7.60587],[108.75717,-7.60542],[108.75672,-7.60542],[108.75626,-7.60542],[108.75626,-7.60541],[108.75582,-7.60541],[108.75581,-7.60541],[108.75581,-7.60586],[108.75626,-7.60586],[108.75672,-7.60586]],[[108.75626,-7.60632],[108.75581,-7.60632],[108.75581,-7.60676],[108.75581,-7.60677],[108.75626,-7.60677],[108.75626,-7.60632]],[[108.75625,-7.60785],[108.75607,-7.60785],[108.75607,-7.60767],[108.75581,-7.60767],[108.7558,-7.60767],[108.75571,-7.60767],[108.75571,-7.60803],[108.75553,-7.60803],[108.75553,-7.60812],[108.75553,-7.60839],[108.75571,-7.60839],[108.75571,-7.60857],[108.75579,-7.60857],[108.7558,-7.60857],[108.75589,-7.60857],[108.75607,-7.60857],[108.75625,-7.60857],[108.75661,-7.60857],[108.75661,-7.60822],[108.75634,-7.60822],[108.75626,-7.60822],[108.75625,-7.60822],[108.75625,-7.60821],[108.75625,-7.60813],[108.75625,-7.60812],[108.75625,-7.60785]],[[108.75488,-7.61038],[108.75488,-7.61083],[108.75533,-7.61083],[108.75533,-7.61038],[108.75489,-7.61038],[108.75488,-7.61038]],[[108.75491,-7.6045],[108.75491,-7.60495],[108.75536,-7.60495],[108.75536,-7.60496],[108.75581,-7.60496],[108.75581,-7.60451],[108.75536,-7.60451],[108.75536,-7.60405],[108.75492,-7.60405],[108.75491,-7.60405],[108.75491,-7.6045]],[[108.75762,-7.60542],[108.75762,-7.60497],[108.75718,-7.60497],[108.75718,-7.60542],[108.75762,-7.60542]],[[108.75897,-7.60633],[108.75898,-7.60633],[108.75898,-7.60588],[108.75853,-7.60588],[108.75853,-7.60633],[108.75897,-7.60633]],[[108.76982,-7.61181],[108.76982,-7.61226],[108.77026,-7.61226],[108.77026,-7.61181],[108.77027,-7.61181],[108.77027,-7.61136],[108.77003,-7.61136],[108.76982,-7.61136],[108.76982,-7.61172],[108.76982,-7.6118],[108.76982,-7.61181]],[[108.77253,-7.61317],[108.77253,-7.61318],[108.77253,-7.61363],[108.77297,-7.61363],[108.77298,-7.61363],[108.77343,-7.61363],[108.77343,-7.61318],[108.77345,-7.61318],[108.77389,-7.61318],[108.77389,-7.61273],[108.77344,-7.61273],[108.77339,-7.61273],[108.77299,-7.61273],[108.77298,-7.61273],[108.77253,-7.61273],[108.77253,-7.61317]]],[[[108.74993,-7.60493],[108.74993,-7.60448],[108.75039,-7.60448],[108.75039,-7.60493],[108.74993,-7.60493]]],[[[108.75041,-7.59906],[108.75063,-7.59906],[108.75086,-7.59906],[108.75087,-7.59906],[108.75132,-7.59906],[108.75132,-7.59861],[108.75177,-7.59861],[108.75177,-7.59816],[108.75223,-7.59816],[108.75223,-7.59861],[108.75223,-7.59862],[108.75268,-7.59862],[108.75268,-7.59817],[108.75268,-7.59772],[108.75268,-7.59771],[108.75223,-7.59771],[108.75223,-7.59726],[108.75178,-7.59726],[108.75178,-7.59681],[108.75223,-7.59681],[108.75223,-7.59636],[108.75224,-7.59636],[108.75269,-7.59636],[108.75269,-7.59681],[108.75269,-7.59726],[108.75313,-7.59726],[108.75313,-7.59681],[108.75314,-7.59681],[108.75359,-7.59681],[108.75359,-7.59636],[108.75405,-7.59636],[108.75405,-7.59592],[108.75405,-7.59591],[108.75405,-7.59546],[108.75451,-7.59546],[108.75451,-7.59591],[108.75451,-7.59592],[108.75495,-7.59592],[108.75496,-7.59592],[108.75541,-7.59592],[108.75541,-7.59637],[108.75586,-7.59637],[108.75586,-7.59683],[108.75631,-7.59683],[108.75631,-7.59728],[108.75631,-7.59773],[108.75631,-7.59818],[108.75667,-7.59818],[108.75676,-7.59818],[108.75676,-7.59819],[108.75721,-7.59819],[108.75766,-7.59819],[108.75766,-7.59795],[108.75766,-7.59774],[108.75721,-7.59774],[108.75721,-7.59729],[108.75767,-7.59729],[108.75767,-7.59774],[108.75812,-7.59774],[108.75812,-7.59729],[108.75812,-7.59684],[108.75767,-7.59684],[108.75767,-7.59639],[108.75767,-7.59638],[108.75813,-7.59638],[108.75813,-7.59639],[108.75858,-7.59639],[108.75858,-7.59684],[108.75903,-7.59684],[108.75903,-7.59729],[108.75903,-7.5973],[108.75903,-7.59754],[108.75903,-7.59774],[108.75903,-7.59775],[108.75947,-7.59775],[108.75948,-7.59775],[108.75978,-7.59775],[108.75993,-7.59775],[108.76038,-7.59775],[108.76083,-7.59775],[108.76083,-7.59776],[108.76129,-7.59776],[108.76129,-7.59817],[108.76129,-7.59821],[108.76083,-7.59821],[108.76038,-7.59821],[108.76038,-7.59865],[108.76038,-7.59866],[108.76038,-7.59911],[108.75993,-7.59911],[108.75992,-7.59911],[108.75948,-7.59911],[108.75947,-7.59911],[108.75902,-7.59911],[108.75902,-7.59955],[108.75902,-7.60001],[108.75901,-7.60001],[108.75901,-7.60045],[108.75901,-7.60046],[108.75901,-7.60091],[108.75901,-7.60136],[108.759,-7.60136],[108.759,-7.60181],[108.75855,-7.60181],[108.75854,-7.60181],[108.75854,-7.60136],[108.7581,-7.60136],[108.7581,-7.60181],[108.75764,-7.60181],[108.75764,-7.60135],[108.75809,-7.60135],[108.75809,-7.60091],[108.75809,-7.6009],[108.7581,-7.6009],[108.7581,-7.60045],[108.75855,-7.60045],[108.75855,-7.6],[108.7581,-7.6],[108.7581,-7.59955],[108.75811,-7.59955],[108.75811,-7.5991],[108.75856,-7.5991],[108.75856,-7.59865],[108.75857,-7.59865],[108.75857,-7.5982],[108.75812,-7.5982],[108.75812,-7.59819],[108.75767,-7.59819],[108.75767,-7.59864],[108.75721,-7.59864],[108.75676,-7.59864],[108.75675,-7.59864],[108.75631,-7.59864],[108.7563,-7.59864],[108.75585,-7.59864],[108.75585,-7.59908],[108.75585,-7.59909],[108.75585,-7.59954],[108.75584,-7.59954],[108.75584,-7.59999],[108.75539,-7.59999],[108.75539,-7.60044],[108.75494,-7.60044],[108.75494,-7.59999],[108.75494,-7.59998],[108.75494,-7.59953],[108.75449,-7.59953],[108.75403,-7.59953],[108.75403,-7.59908],[108.75359,-7.59908],[108.75359,-7.59863],[108.75359,-7.59862],[108.75359,-7.59832],[108.75359,-7.59817],[108.75314,-7.59817],[108.75314,-7.59862],[108.75269,-7.59862],[108.75269,-7.5989],[108.75269,-7.59891],[108.75269,-7.59907],[108.75239,-7.59907],[108.75223,-7.59907],[108.75223,-7.59917],[108.75223,-7.59935],[108.7519,-7.59935],[108.7519,-7.59952],[108.7519,-7.59997],[108.75177,-7.59997],[108.75176,-7.59997],[108.75132,-7.59997],[108.75131,-7.59997],[108.75131,-7.60042],[108.75131,-7.60087],[108.75085,-7.60087],[108.75085,-7.60042],[108.75085,-7.59996],[108.7504,-7.59996],[108.7504,-7.59951],[108.75041,-7.59951],[108.75041,-7.59906]],[[108.75178,-7.59862],[108.75178,-7.59906],[108.75223,-7.59906],[108.75223,-7.59862],[108.75178,-7.59862]],[[108.75539,-7.59953],[108.75539,-7.59909],[108.75539,-7.59908],[108.75539,-7.5987],[108.75539,-7.59863],[108.75527,-7.59863],[108.75495,-7.59863],[108.75494,-7.59863],[108.75449,-7.59863],[108.75449,-7.59908],[108.75494,-7.59908],[108.75494,-7.59953],[108.75539,-7.59953]],[[108.75449,-7.59727],[108.7545,-7.59727],[108.75495,-7.59727],[108.75495,-7.59772],[108.75495,-7.59773],[108.7554,-7.59773],[108.75585,-7.59773],[108.75585,-7.59728],[108.75585,-7.59683],[108.75541,-7.59683],[108.7554,-7.59683],[108.75495,-7.59683],[108.75495,-7.59682],[108.7545,-7.59682],[108.75405,-7.59682],[108.75405,-7.59727],[108.75449,-7.59727]]],[[[108.74997,-7.5986],[108.74975,-7.5986],[108.74951,-7.5986],[108.74951,-7.5983],[108.74951,-7.59815],[108.74997,-7.59815],[108.74997,-7.5986]]],[[[108.75088,-7.5959],[108.75043,-7.5959],[108.75043,-7.59544],[108.75088,-7.59544],[108.75089,-7.59544],[108.75089,-7.5959],[108.75088,-7.5959]]],[[[108.75134,-7.59545],[108.75133,-7.59545],[108.75133,-7.595],[108.75134,-7.595],[108.75179,-7.595],[108.75179,-7.59545],[108.75134,-7.59545]]],[[[108.75135,-7.59319],[108.7518,-7.59319],[108.75226,-7.59319],[108.75226,-7.59364],[108.75226,-7.59365],[108.75226,-7.5941],[108.75271,-7.5941],[108.75271,-7.59455],[108.75225,-7.59455],[108.75225,-7.595],[108.75179,-7.595],[108.75179,-7.59455],[108.75134,-7.59455],[108.75134,-7.5941],[108.75134,-7.59409],[108.75134,-7.59364],[108.75089,-7.59364],[108.75089,-7.59319],[108.75134,-7.59319],[108.75135,-7.59319]]],[[[108.74901,-7.59318],[108.74909,-7.59311],[108.74909,-7.59318],[108.74901,-7.59318]]],[[[108.75045,-7.59319],[108.74999,-7.59319],[108.74999,-7.59318],[108.74999,-7.59273],[108.75045,-7.59273],[108.75045,-7.59318],[108.75045,-7.59319]]],[[[108.75136,-7.59139],[108.75136,-7.59138],[108.75136,-7.59093],[108.75136,-7.59048],[108.75136,-7.59003],[108.75092,-7.59003],[108.75091,-7.59003],[108.75091,-7.58958],[108.75091,-7.58957],[108.75091,-7.58912],[108.75091,-7.58867],[108.75047,-7.58867],[108.75046,-7.58867],[108.75046,-7.58822],[108.75002,-7.58822],[108.75001,-7.58822],[108.75001,-7.58776],[108.75002,-7.58776],[108.75046,-7.58776],[108.75047,-7.58776],[108.75092,-7.58776],[108.75092,-7.58777],[108.75137,-7.58777],[108.75138,-7.58777],[108.75182,-7.58777],[108.75183,-7.58777],[108.75183,-7.58732],[108.75138,-7.58732],[108.75093,-7.58732],[108.75092,-7.58732],[108.75047,-7.58732],[108.75047,-7.58731],[108.75047,-7.58686],[108.75003,-7.58686],[108.75002,-7.58686],[108.75002,-7.58731],[108.74957,-7.58731],[108.74956,-7.58731],[108.74956,-7.58686],[108.74957,-7.58686],[108.74957,-7.5864],[108.75003,-7.5864],[108.75003,-7.58641],[108.75047,-7.58641],[108.75048,-7.58641],[108.75048,-7.58596],[108.75093,-7.58596],[108.75093,-7.58551],[108.75139,-7.58551],[108.75139,-7.58596],[108.75139,-7.58641],[108.75184,-7.58641],[108.75184,-7.58596],[108.7523,-7.58596],[108.7523,-7.58597],[108.75274,-7.58597],[108.75275,-7.58597],[108.75275,-7.58552],[108.75275,-7.58507],[108.75275,-7.58506],[108.7532,-7.58506],[108.7532,-7.58462],[108.75365,-7.58462],[108.75365,-7.58417],[108.75411,-7.58417],[108.75456,-7.58417],[108.75456,-7.58372],[108.75502,-7.58372],[108.75502,-7.58327],[108.75547,-7.58327],[108.75548,-7.58327],[108.75593,-7.58327],[108.75593,-7.58282],[108.75638,-7.58282],[108.75639,-7.58282],[108.75684,-7.58282],[108.75684,-7.58238],[108.75639,-7.58238],[108.75639,-7.58237],[108.75594,-7.58237],[108.75593,-7.58237],[108.75593,-7.58192],[108.75593,-7.58147],[108.75594,-7.58147],[108.75639,-7.58147],[108.75684,-7.58147],[108.75684,-7.58192],[108.75729,-7.58192],[108.75729,-7.58148],[108.75729,-7.58147],[108.75729,-7.58111],[108.75729,-7.58102],[108.75775,-7.58102],[108.75775,-7.58104],[108.75775,-7.58147],[108.75775,-7.58148],[108.75775,-7.58193],[108.75775,-7.58238],[108.75729,-7.58238],[108.75729,-7.58283],[108.75774,-7.58283],[108.75819,-7.58283],[108.75819,-7.58238],[108.75864,-7.58238],[108.75865,-7.58238],[108.75865,-7.58193],[108.7582,-7.58193],[108.7582,-7.58148],[108.75866,-7.58148],[108.75866,-7.58193],[108.75911,-7.58193],[108.75911,-7.58239],[108.75955,-7.58239],[108.75955,-7.58194],[108.76001,-7.58194],[108.76001,-7.58149],[108.76001,-7.58104],[108.76002,-7.58104],[108.76002,-7.58082],[108.76002,-7.58074],[108.76002,-7.58059],[108.76002,-7.58058],[108.76002,-7.58014],[108.76002,-7.58013],[108.75957,-7.58013],[108.75957,-7.57968],[108.75912,-7.57968],[108.75912,-7.58013],[108.75867,-7.58013],[108.75866,-7.58013],[108.75821,-7.58013],[108.75821,-7.57967],[108.75821,-7.57922],[108.75777,-7.57922],[108.75776,-7.57922],[108.75731,-7.57922],[108.75731,-7.57967],[108.75685,-7.57967],[108.75685,-7.57922],[108.75685,-7.57921],[108.75685,-7.57876],[108.75686,-7.57876],[108.75686,-7.57831],[108.75686,-7.57786],[108.75732,-7.57786],[108.75732,-7.57741],[108.75777,-7.57741],[108.75778,-7.57741],[108.75822,-7.57741],[108.75823,-7.57741],[108.75867,-7.57741],[108.75868,-7.57741],[108.75868,-7.57742],[108.75912,-7.57742],[108.75912,-7.57697],[108.75913,-7.57697],[108.75913,-7.57652],[108.75913,-7.57651],[108.75868,-7.57651],[108.75822,-7.57651],[108.75822,-7.57606],[108.75868,-7.57606],[108.75868,-7.57561],[108.75914,-7.57561],[108.75914,-7.57606],[108.75914,-7.57651],[108.75959,-7.57651],[108.75959,-7.57652],[108.76003,-7.57652],[108.76004,-7.57652],[108.76049,-7.57652],[108.76049,-7.57697],[108.76081,-7.57697],[108.76094,-7.57697],[108.76094,-7.57698],[108.76139,-7.57698],[108.76139,-7.57653],[108.76185,-7.57653],[108.7623,-7.57653],[108.7623,-7.57608],[108.76231,-7.57608],[108.76231,-7.57563],[108.76231,-7.57518],[108.76186,-7.57518],[108.76186,-7.57517],[108.76141,-7.57517],[108.76096,-7.57517],[108.76096,-7.57562],[108.76053,-7.57562],[108.7605,-7.57562],[108.7605,-7.57517],[108.76072,-7.57517],[108.76095,-7.57517],[108.76095,-7.57481],[108.76095,-7.5748],[108.76095,-7.57472],[108.761,-7.57472],[108.76141,-7.57472],[108.76186,-7.57472],[108.76231,-7.57472],[108.76276,-7.57472],[108.76276,-7.57473],[108.76322,-7.57473],[108.76322,-7.57518],[108.76366,-7.57518],[108.76366,-7.57473],[108.76412,-7.57473],[108.76457,-7.57473],[108.76458,-7.57473],[108.76503,-7.57473],[108.76503,-7.57474],[108.76503,-7.57519],[108.76547,-7.57519],[108.76548,-7.57519],[108.76593,-7.57519],[108.76593,-7.57474],[108.76639,-7.57474],[108.76639,-7.5752],[108.76593,-7.5752],[108.76593,-7.57564],[108.76593,-7.57565],[108.76638,-7.57565],[108.76683,-7.57565],[108.76683,-7.5752],[108.76729,-7.5752],[108.76774,-7.5752],[108.76774,-7.57475],[108.76775,-7.57475],[108.76775,-7.5743],[108.76775,-7.57385],[108.7673,-7.57385],[108.7673,-7.57339],[108.76775,-7.57339],[108.76775,-7.5734],[108.7682,-7.5734],[108.7682,-7.57385],[108.7682,-7.5743],[108.76865,-7.5743],[108.76865,-7.57475],[108.76865,-7.57476],[108.76865,-7.57521],[108.76865,-7.57566],[108.7682,-7.57566],[108.7682,-7.57611],[108.76774,-7.57611],[108.76774,-7.57656],[108.76819,-7.57656],[108.76819,-7.57701],[108.76774,-7.57701],[108.76774,-7.57746],[108.76728,-7.57746],[108.76683,-7.57746],[108.76683,-7.57791],[108.76682,-7.57791],[108.76682,-7.57836],[108.76682,-7.57839],[108.76682,-7.57848],[108.76682,-7.57881],[108.76726,-7.57881],[108.76727,-7.57881],[108.76759,-7.57881],[108.76768,-7.57881],[108.76772,-7.57881],[108.76772,-7.57837],[108.76768,-7.57837],[108.76757,-7.57837],[108.76731,-7.57837],[108.76727,-7.57837],[108.76727,-7.57828],[108.76727,-7.57791],[108.76773,-7.57791],[108.76773,-7.57837],[108.76817,-7.57837],[108.76818,-7.57837],[108.76818,-7.57792],[108.76863,-7.57792],[108.76863,-7.57747],[108.76909,-7.57747],[108.76909,-7.57792],[108.76954,-7.57792],[108.77,-7.57792],[108.77,-7.57838],[108.77045,-7.57838],[108.77045,-7.57883],[108.76999,-7.57883],[108.76999,-7.57928],[108.77043,-7.57928],[108.77044,-7.57928],[108.77089,-7.57928],[108.77089,-7.57884],[108.77089,-7.57883],[108.77089,-7.57838],[108.77135,-7.57838],[108.77135,-7.57793],[108.7709,-7.57793],[108.7709,-7.57748],[108.77045,-7.57748],[108.77045,-7.57703],[108.77045,-7.57702],[108.77045,-7.57657],[108.7709,-7.57657],[108.77091,-7.57657],[108.77091,-7.57702],[108.77091,-7.57703],[108.77091,-7.57748],[108.77135,-7.57748],[108.77136,-7.57748],[108.77136,-7.57793],[108.7718,-7.57793],[108.77181,-7.57793],[108.77181,-7.57839],[108.7718,-7.57839],[108.77135,-7.57839],[108.77135,-7.57883],[108.77135,-7.57884],[108.77135,-7.57929],[108.77179,-7.57929],[108.7718,-7.57929],[108.77225,-7.57929],[108.77225,-7.57884],[108.7727,-7.57884],[108.77271,-7.57884],[108.77271,-7.57929],[108.77316,-7.57929],[108.77316,-7.5793],[108.77361,-7.5793],[108.77361,-7.57942],[108.77361,-7.5795],[108.77361,-7.57975],[108.77406,-7.57975],[108.77406,-7.5802],[108.77451,-7.5802],[108.77451,-7.58021],[108.77451,-7.58066],[108.77451,-7.58111],[108.77496,-7.58111],[108.77496,-7.58156],[108.77541,-7.58156],[108.77541,-7.58157],[108.77541,-7.58202],[108.77586,-7.58202],[108.77586,-7.58157],[108.77631,-7.58157],[108.77676,-7.58157],[108.77676,-7.58202],[108.77676,-7.58203],[108.77676,-7.58248],[108.77721,-7.58248],[108.77721,-7.58293],[108.77766,-7.58293],[108.77811,-7.58293],[108.77812,-7.58293],[108.77812,-7.58339],[108.77811,-7.58339],[108.77793,-7.58339],[108.77793,-7.58375],[108.77793,-7.58384],[108.77766,-7.58384],[108.77766,-7.58429],[108.77721,-7.58429],[108.77721,-7.58474],[108.77675,-7.58474],[108.77675,-7.58519],[108.77675,-7.58564],[108.7772,-7.58564],[108.7772,-7.58609],[108.7772,-7.58655],[108.77674,-7.58655],[108.77674,-7.58609],[108.77674,-7.58564],[108.7763,-7.58564],[108.77629,-7.58564],[108.77629,-7.58609],[108.77584,-7.58609],[108.77584,-7.58654],[108.77583,-7.58654],[108.77583,-7.58699],[108.77538,-7.58699],[108.77537,-7.58699],[108.77493,-7.58699],[108.77492,-7.58699],[108.77492,-7.58654],[108.77448,-7.58654],[108.77448,-7.58698],[108.77448,-7.58744],[108.77493,-7.58744],[108.77493,-7.58789],[108.77447,-7.58789],[108.77447,-7.58744],[108.77402,-7.58744],[108.77402,-7.58698],[108.77402,-7.58653],[108.77358,-7.58653],[108.77357,-7.58653],[108.77312,-7.58653],[108.77312,-7.58608],[108.77312,-7.58607],[108.77267,-7.58607],[108.77267,-7.58562],[108.77222,-7.58562],[108.77222,-7.58517],[108.77177,-7.58517],[108.77177,-7.58516],[108.77177,-7.58471],[108.77177,-7.58426],[108.77132,-7.58426],[108.77132,-7.58471],[108.77087,-7.58471],[108.77087,-7.58516],[108.77041,-7.58516],[108.77041,-7.58471],[108.77041,-7.5847],[108.77041,-7.58426],[108.77041,-7.58425],[108.76996,-7.58425],[108.76996,-7.5838],[108.76996,-7.58335],[108.76951,-7.58335],[108.76951,-7.58334],[108.76942,-7.58334],[108.76942,-7.58289],[108.76951,-7.58289],[108.76951,-7.58244],[108.76952,-7.58244],[108.76952,-7.58199],[108.76907,-7.58199],[108.76862,-7.58199],[108.76861,-7.58199],[108.76861,-7.58153],[108.76861,-7.58108],[108.76817,-7.58108],[108.76816,-7.58108],[108.76816,-7.58063],[108.76816,-7.58058],[108.76816,-7.58049],[108.76816,-7.58018],[108.76816,-7.58017],[108.76817,-7.58017],[108.76862,-7.58017],[108.76862,-7.58018],[108.76862,-7.58063],[108.76862,-7.58064],[108.76862,-7.58073],[108.76862,-7.58108],[108.76889,-7.58108],[108.76889,-7.58117],[108.76871,-7.58117],[108.76871,-7.58153],[108.76884,-7.58153],[108.76888,-7.58153],[108.76889,-7.58153],[108.76889,-7.58154],[108.76889,-7.58189],[108.76907,-7.58189],[108.76907,-7.5819],[108.76943,-7.5819],[108.76943,-7.58154],[108.76943,-7.58153],[108.76952,-7.58153],[108.76961,-7.58153],[108.76961,-7.58118],[108.76952,-7.58118],[108.76943,-7.58118],[108.76925,-7.58118],[108.76925,-7.58109],[108.76925,-7.58108],[108.76925,-7.58099],[108.76907,-7.58099],[108.76907,-7.58088],[108.76907,-7.58078],[108.76907,-7.58063],[108.76952,-7.58063],[108.76952,-7.58095],[108.76952,-7.58104],[108.76952,-7.58108],[108.76952,-7.58109],[108.76963,-7.58109],[108.76989,-7.58109],[108.76997,-7.58109],[108.76997,-7.58112],[108.76997,-7.58122],[108.76997,-7.58154],[108.77042,-7.58154],[108.77042,-7.58139],[108.77042,-7.58129],[108.77042,-7.58109],[108.77088,-7.58109],[108.77088,-7.58064],[108.77088,-7.58019],[108.77044,-7.58019],[108.77043,-7.58019],[108.76998,-7.58019],[108.76998,-7.57974],[108.76998,-7.57973],[108.76953,-7.57973],[108.76953,-7.57928],[108.76908,-7.57928],[108.76862,-7.57928],[108.76862,-7.57882],[108.76818,-7.57882],[108.76817,-7.57882],[108.76772,-7.57882],[108.76772,-7.57927],[108.76769,-7.57927],[108.76759,-7.57927],[108.76727,-7.57927],[108.76726,-7.57927],[108.76682,-7.57927],[108.76682,-7.57972],[108.76637,-7.57972],[108.76637,-7.58017],[108.76682,-7.58017],[108.76682,-7.58062],[108.76727,-7.58062],[108.76727,-7.58107],[108.76772,-7.58107],[108.76772,-7.58153],[108.76726,-7.58153],[108.76726,-7.58198],[108.7668,-7.58198],[108.7668,-7.58153],[108.7668,-7.58152],[108.76636,-7.58152],[108.76635,-7.58152],[108.7659,-7.58152],[108.7659,-7.58107],[108.76576,-7.58107],[108.76567,-7.58107],[108.76545,-7.58107],[108.76545,-7.58152],[108.76499,-7.58152],[108.76499,-7.58107],[108.76499,-7.58106],[108.76454,-7.58106],[108.76454,-7.58061],[108.7641,-7.58061],[108.76409,-7.58061],[108.76364,-7.58061],[108.76364,-7.58015],[108.76319,-7.58015],[108.76273,-7.58015],[108.76273,-7.5797],[108.76273,-7.57969],[108.76274,-7.57969],[108.76274,-7.57925],[108.76274,-7.57924],[108.76274,-7.57879],[108.76319,-7.57879],[108.7632,-7.57879],[108.76365,-7.57879],[108.76365,-7.5788],[108.7641,-7.5788],[108.7641,-7.57925],[108.76455,-7.57925],[108.76455,-7.5788],[108.76456,-7.5788],[108.76456,-7.57835],[108.76411,-7.57835],[108.76411,-7.5779],[108.76366,-7.5779],[108.76366,-7.57834],[108.76366,-7.57835],[108.7632,-7.57835],[108.7632,-7.57834],[108.76275,-7.57834],[108.76275,-7.57789],[108.76239,-7.57789],[108.76239,-7.57771],[108.76229,-7.57771],[108.76229,-7.5777],[108.76239,-7.5777],[108.76239,-7.57744],[108.76239,-7.57743],[108.76239,-7.57716],[108.7623,-7.57716],[108.76203,-7.57716],[108.76203,-7.57743],[108.76185,-7.57743],[108.76185,-7.57752],[108.76185,-7.57753],[108.76184,-7.57753],[108.76184,-7.57788],[108.76184,-7.57833],[108.76184,-7.57834],[108.76184,-7.57878],[108.76184,-7.57879],[108.76184,-7.57919],[108.76171,-7.5789],[108.76184,-7.57923],[108.76184,-7.57924],[108.76159,-7.57924],[108.76158,-7.57924],[108.76139,-7.57924],[108.76138,-7.57924],[108.76093,-7.57924],[108.76093,-7.57968],[108.76093,-7.57969],[108.76093,-7.58014],[108.76093,-7.58027],[108.76093,-7.58036],[108.76093,-7.58059],[108.76137,-7.58059],[108.76138,-7.58059],[108.76183,-7.58059],[108.76183,-7.58104],[108.76183,-7.58105],[108.76183,-7.5815],[108.76228,-7.5815],[108.76228,-7.58195],[108.76273,-7.58195],[108.76273,-7.5824],[108.76273,-7.58241],[108.76273,-7.58286],[108.76228,-7.58286],[108.76227,-7.58286],[108.76182,-7.58286],[108.76182,-7.5833],[108.76182,-7.58331],[108.76136,-7.58331],[108.76136,-7.58375],[108.76181,-7.58375],[108.76181,-7.58421],[108.76181,-7.58466],[108.76226,-7.58466],[108.76226,-7.58511],[108.76271,-7.58511],[108.76271,-7.58512],[108.76316,-7.58512],[108.76317,-7.58512],[108.76361,-7.58512],[108.76362,-7.58512],[108.76407,-7.58512],[108.76453,-7.58512],[108.76453,-7.58558],[108.76498,-7.58558],[108.76498,-7.58603],[108.76497,-7.58603],[108.76497,-7.58648],[108.76497,-7.58693],[108.76542,-7.58693],[108.76542,-7.58694],[108.76587,-7.58694],[108.76587,-7.58649],[108.76587,-7.58604],[108.76542,-7.58604],[108.76542,-7.58558],[108.76543,-7.58558],[108.76543,-7.58513],[108.76588,-7.58513],[108.76589,-7.58513],[108.76633,-7.58513],[108.76634,-7.58513],[108.76678,-7.58513],[108.76678,-7.58469],[108.76723,-7.58469],[108.76724,-7.58469],[108.76724,-7.58424],[108.7677,-7.58424],[108.7677,-7.58469],[108.76769,-7.58469],[108.76769,-7.58514],[108.76769,-7.58559],[108.76814,-7.58559],[108.76814,-7.58515],[108.76814,-7.58514],[108.7686,-7.58514],[108.7686,-7.58515],[108.76905,-7.58515],[108.76905,-7.5856],[108.76905,-7.58605],[108.76949,-7.58605],[108.7695,-7.58605],[108.76995,-7.58605],[108.76995,-7.58606],[108.76995,-7.58651],[108.7695,-7.58651],[108.76949,-7.58651],[108.76904,-7.58651],[108.76904,-7.58605],[108.76859,-7.58605],[108.76859,-7.5865],[108.76814,-7.5865],[108.76813,-7.5865],[108.76769,-7.5865],[108.76769,-7.58695],[108.76813,-7.58695],[108.76814,-7.58695],[108.76814,-7.5874],[108.76859,-7.5874],[108.76859,-7.58785],[108.76859,-7.58786],[108.76859,-7.58831],[108.76859,-7.58876],[108.76813,-7.58876],[108.76768,-7.58876],[108.76767,-7.58876],[108.76722,-7.58876],[108.76722,-7.58921],[108.76676,-7.58921],[108.76676,-7.58875],[108.76677,-7.58875],[108.76677,-7.5883],[108.76722,-7.5883],[108.76723,-7.5883],[108.76767,-7.5883],[108.76767,-7.58785],[108.76722,-7.58785],[108.76722,-7.5874],[108.76678,-7.5874],[108.76678,-7.58785],[108.76632,-7.58785],[108.76632,-7.5883],[108.76587,-7.5883],[108.76586,-7.5883],[108.76586,-7.58874],[108.76586,-7.58875],[108.76586,-7.5892],[108.76541,-7.5892],[108.7654,-7.5892],[108.76495,-7.5892],[108.76495,-7.58964],[108.76495,-7.58965],[108.7654,-7.58965],[108.7654,-7.5901],[108.7654,-7.59055],[108.76495,-7.59055],[108.7645,-7.59055],[108.7645,-7.5901],[108.7645,-7.59009],[108.7645,-7.58965],[108.7645,-7.58964],[108.7645,-7.58919],[108.76405,-7.58919],[108.76405,-7.58964],[108.7636,-7.58964],[108.76359,-7.58964],[108.76315,-7.58964],[108.76314,-7.58964],[108.76269,-7.58964],[108.76269,-7.59009],[108.76314,-7.59009],[108.76314,-7.59054],[108.76314,-7.59099],[108.76359,-7.59099],[108.76359,-7.59145],[108.76404,-7.59145],[108.76404,-7.5919],[108.76358,-7.5919],[108.76358,-7.59145],[108.76313,-7.59145],[108.76313,-7.59099],[108.76268,-7.59099],[108.76268,-7.59054],[108.76268,-7.59009],[108.76223,-7.59009],[108.76223,-7.58963],[108.76269,-7.58963],[108.76269,-7.58919],[108.76269,-7.58918],[108.76224,-7.58918],[108.76178,-7.58918],[108.76178,-7.58873],[108.76134,-7.58873],[108.76134,-7.58917],[108.76134,-7.58918],[108.76088,-7.58918],[108.76088,-7.58962],[108.76133,-7.58962],[108.76133,-7.58963],[108.76133,-7.59008],[108.76088,-7.59008],[108.76088,-7.59053],[108.76087,-7.59053],[108.76087,-7.59098],[108.76087,-7.59143],[108.76131,-7.59143],[108.76132,-7.59143],[108.76177,-7.59143],[108.76177,-7.59189],[108.76132,-7.59189],[108.76132,-7.59234],[108.76132,-7.59279],[108.76132,-7.59324],[108.76176,-7.59324],[108.76176,-7.59279],[108.76221,-7.59279],[108.76222,-7.59279],[108.76267,-7.59279],[108.76267,-7.59325],[108.76222,-7.59325],[108.76222,-7.59369],[108.76222,-7.5937],[108.76266,-7.5937],[108.76267,-7.5937],[108.76311,-7.5937],[108.76311,-7.59325],[108.76312,-7.59325],[108.76357,-7.59325],[108.76357,-7.5928],[108.76403,-7.5928],[108.76403,-7.59325],[108.76448,-7.59325],[108.76448,-7.59326],[108.76448,-7.59371],[108.76402,-7.59371],[108.76402,-7.59326],[108.76357,-7.59326],[108.76357,-7.5937],[108.76357,-7.59371],[108.76312,-7.59371],[108.76312,-7.59415],[108.76267,-7.59415],[108.76266,-7.59415],[108.76222,-7.59415],[108.76222,-7.5946],[108.76221,-7.5946],[108.76176,-7.5946],[108.76176,-7.59415],[108.76131,-7.59415],[108.76131,-7.5946],[108.76085,-7.5946],[108.76085,-7.59414],[108.76041,-7.59414],[108.7604,-7.59414],[108.75995,-7.59414],[108.75949,-7.59414],[108.75949,-7.59368],[108.7595,-7.59368],[108.7595,-7.59323],[108.7595,-7.59278],[108.75995,-7.59278],[108.75996,-7.59278],[108.75996,-7.59233],[108.76041,-7.59233],[108.76041,-7.59188],[108.75996,-7.59188],[108.75951,-7.59188],[108.75951,-7.59143],[108.75906,-7.59143],[108.75906,-7.59142],[108.75906,-7.59097],[108.75951,-7.59097],[108.75996,-7.59097],[108.75996,-7.59053],[108.75996,-7.59052],[108.75951,-7.59052],[108.75906,-7.59052],[108.75906,-7.59007],[108.75951,-7.59007],[108.75996,-7.59007],[108.75996,-7.58962],[108.75997,-7.58962],[108.75997,-7.58917],[108.76042,-7.58917],[108.76043,-7.58917],[108.76088,-7.58917],[108.76088,-7.58872],[108.76043,-7.58872],[108.75997,-7.58872],[108.75997,-7.58827],[108.75953,-7.58827],[108.75953,-7.58871],[108.75952,-7.58871],[108.75952,-7.58916],[108.75952,-7.58917],[108.75952,-7.58962],[108.75906,-7.58962],[108.75906,-7.58917],[108.75906,-7.58916],[108.75906,-7.58871],[108.75861,-7.58871],[108.75861,-7.58826],[108.75862,-7.58826],[108.75862,-7.58781],[108.75907,-7.58781],[108.75907,-7.58736],[108.75908,-7.58736],[108.75908,-7.58691],[108.75863,-7.58691],[108.75863,-7.5869],[108.75863,-7.58645],[108.75908,-7.58645],[108.75909,-7.58645],[108.75954,-7.58645],[108.75954,-7.586],[108.75999,-7.586],[108.75999,-7.58555],[108.76044,-7.58555],[108.76044,-7.58511],[108.75999,-7.58511],[108.75999,-7.5851],[108.75955,-7.5851],[108.75954,-7.5851],[108.75909,-7.5851],[108.75864,-7.5851],[108.75864,-7.58465],[108.75864,-7.58464],[108.75819,-7.58464],[108.75819,-7.58509],[108.75773,-7.58509],[108.75773,-7.58464],[108.75729,-7.58464],[108.75728,-7.58464],[108.75683,-7.58464],[108.75683,-7.58508],[108.75683,-7.58509],[108.75683,-7.58554],[108.75728,-7.58554],[108.75728,-7.58599],[108.75682,-7.58599],[108.75682,-7.58644],[108.75637,-7.58644],[108.75636,-7.58644],[108.75591,-7.58644],[108.75591,-7.58599],[108.75546,-7.58599],[108.75546,-7.58643],[108.75546,-7.58688],[108.75546,-7.58689],[108.75546,-7.58734],[108.75591,-7.58734],[108.75591,-7.58779],[108.75546,-7.58779],[108.75546,-7.58824],[108.7559,-7.58824],[108.75591,-7.58824],[108.75636,-7.58824],[108.75636,-7.58825],[108.75681,-7.58825],[108.75681,-7.5887],[108.75726,-7.5887],[108.75726,-7.58915],[108.75771,-7.58915],[108.75771,-7.58961],[108.75726,-7.58961],[108.75725,-7.58961],[108.75725,-7.58915],[108.75681,-7.58915],[108.7568,-7.58915],[108.7568,-7.5887],[108.75636,-7.5887],[108.75635,-7.5887],[108.75591,-7.5887],[108.7559,-7.5887],[108.75545,-7.5887],[108.75545,-7.58869],[108.755,-7.58869],[108.755,-7.58824],[108.75455,-7.58824],[108.75455,-7.58869],[108.75409,-7.58869],[108.75409,-7.58824],[108.75409,-7.58823],[108.75364,-7.58823],[108.75319,-7.58823],[108.75318,-7.58823],[108.75274,-7.58823],[108.75273,-7.58823],[108.75228,-7.58823],[108.75228,-7.58867],[108.75228,-7.58868],[108.75273,-7.58868],[108.75318,-7.58868],[108.75319,-7.58868],[108.75364,-7.58868],[108.75364,-7.58914],[108.75318,-7.58914],[108.75318,-7.58913],[108.75273,-7.58913],[108.75273,-7.58958],[108.75273,-7.59003],[108.75318,-7.59003],[108.75318,-7.59004],[108.75318,-7.59049],[108.75317,-7.59049],[108.75317,-7.59094],[108.75317,-7.59139],[108.75272,-7.59139],[108.75272,-7.59184],[108.75317,-7.59184],[108.75362,-7.59184],[108.75362,-7.5923],[108.75362,-7.59275],[108.75317,-7.59275],[108.75316,-7.59275],[108.75272,-7.59275],[108.75271,-7.59275],[108.75226,-7.59275],[108.75226,-7.59274],[108.75226,-7.59229],[108.75181,-7.59229],[108.75181,-7.59274],[108.75135,-7.59274],[108.75135,-7.59229],[108.75135,-7.59184],[108.75135,-7.59183],[108.75136,-7.59183],[108.75136,-7.59139]],[[108.75732,-7.57831],[108.75732,-7.57876],[108.75776,-7.57876],[108.75776,-7.57832],[108.75776,-7.57831],[108.75777,-7.57831],[108.75777,-7.57787],[108.75777,-7.57786],[108.75732,-7.57786],[108.75732,-7.57831]],[[108.76999,-7.57838],[108.76954,-7.57838],[108.76954,-7.57882],[108.76954,-7.57883],[108.76999,-7.57883],[108.76999,-7.57838]],[[108.77676,-7.58293],[108.77676,-7.58338],[108.77721,-7.58338],[108.77721,-7.58293],[108.77676,-7.58293]],[[108.76365,-7.57925],[108.76365,-7.5797],[108.76409,-7.5797],[108.7641,-7.5797],[108.7641,-7.57925],[108.76365,-7.57925]],[[108.7632,-7.57789],[108.7632,-7.57744],[108.76276,-7.57744],[108.76275,-7.57744],[108.76275,-7.57789],[108.7632,-7.57789]],[[108.76859,-7.5856],[108.76814,-7.5856],[108.76814,-7.58605],[108.76859,-7.58605],[108.76859,-7.5856]],[[108.75819,-7.58419],[108.75774,-7.58419],[108.75774,-7.58464],[108.75819,-7.58464],[108.75819,-7.58419]],[[108.75682,-7.58554],[108.75637,-7.58554],[108.75592,-7.58554],[108.75592,-7.58598],[108.75637,-7.58598],[108.75637,-7.58599],[108.75682,-7.58599],[108.75682,-7.58554]],[[108.75956,-7.58284],[108.76,-7.58284],[108.76,-7.58239],[108.75956,-7.58239],[108.75956,-7.58284]],[[108.75456,-7.58507],[108.75456,-7.58552],[108.75456,-7.58553],[108.75456,-7.58598],[108.755,-7.58598],[108.75501,-7.58598],[108.75546,-7.58598],[108.75546,-7.58553],[108.75546,-7.58508],[108.75591,-7.58508],[108.75592,-7.58508],[108.75592,-7.58463],[108.75547,-7.58463],[108.75501,-7.58463],[108.75501,-7.58417],[108.75457,-7.58417],[108.75457,-7.58462],[108.75456,-7.58462],[108.75456,-7.58507]],[[108.75137,-7.58913],[108.75137,-7.58957],[108.75137,-7.58958],[108.75182,-7.58958],[108.75182,-7.58913],[108.75137,-7.58913]],[[108.75137,-7.58822],[108.75092,-7.58822],[108.75092,-7.58867],[108.75137,-7.58867],[108.75137,-7.58822]],[[108.75094,-7.58641],[108.75093,-7.58641],[108.75093,-7.58686],[108.75138,-7.58686],[108.75138,-7.58641],[108.75094,-7.58641]],[[108.75365,-7.58552],[108.75321,-7.58552],[108.75321,-7.58597],[108.75365,-7.58597],[108.75365,-7.58552]],[[108.7541,-7.58462],[108.75366,-7.58462],[108.75366,-7.58507],[108.75366,-7.58552],[108.7541,-7.58552],[108.7541,-7.58507],[108.7541,-7.58462]],[[108.75501,-7.58734],[108.75501,-7.58778],[108.75501,-7.58779],[108.75545,-7.58779],[108.75545,-7.58734],[108.75501,-7.58734]],[[108.75728,-7.58418],[108.75728,-7.58373],[108.75684,-7.58373],[108.75684,-7.58418],[108.75728,-7.58418]],[[108.75729,-7.58373],[108.75774,-7.58373],[108.75774,-7.58329],[108.75774,-7.58328],[108.75729,-7.58328],[108.75729,-7.58373]],[[108.75959,-7.57697],[108.75958,-7.57697],[108.75958,-7.57742],[108.76003,-7.57742],[108.76048,-7.57742],[108.76048,-7.57697],[108.76004,-7.57697],[108.76003,-7.57697],[108.75959,-7.57697]],[[108.76048,-7.57878],[108.76048,-7.57833],[108.76003,-7.57833],[108.76003,-7.57878],[108.76048,-7.57878]],[[108.76048,-7.57923],[108.76093,-7.57923],[108.76093,-7.57878],[108.76048,-7.57878],[108.76048,-7.57923]],[[108.75786,-7.57787],[108.75786,-7.57823],[108.75785,-7.57823],[108.75785,-7.57831],[108.75785,-7.57832],[108.75785,-7.57858],[108.75804,-7.57859],[108.75804,-7.57877],[108.75821,-7.57877],[108.75822,-7.57877],[108.7584,-7.57877],[108.7584,-7.57841],[108.75867,-7.57841],[108.75868,-7.57841],[108.75876,-7.57841],[108.75876,-7.57832],[108.75876,-7.57787],[108.75868,-7.57787],[108.75867,-7.57787],[108.75858,-7.57787],[108.75858,-7.57786],[108.75858,-7.57769],[108.75823,-7.57769],[108.75822,-7.57769],[108.75822,-7.57786],[108.75822,-7.57787],[108.75786,-7.57787]],[[108.75913,-7.57877],[108.75957,-7.57877],[108.75957,-7.57833],[108.75957,-7.57832],[108.75913,-7.57832],[108.75913,-7.57877]],[[108.75996,-7.59143],[108.76041,-7.59143],[108.76041,-7.59098],[108.75996,-7.59098],[108.75996,-7.59142],[108.75996,-7.59143]],[[108.76456,-7.57789],[108.76456,-7.57745],[108.76411,-7.57745],[108.76411,-7.57789],[108.76456,-7.57789]],[[108.76677,-7.58695],[108.76677,-7.58694],[108.76633,-7.58694],[108.76633,-7.58739],[108.76677,-7.58739],[108.76677,-7.58695]],[[108.76135,-7.58421],[108.7609,-7.58421],[108.7609,-7.58465],[108.7609,-7.58466],[108.76135,-7.58466],[108.76135,-7.58421]],[[108.76136,-7.58511],[108.76135,-7.58511],[108.76135,-7.58556],[108.7618,-7.58556],[108.7618,-7.58511],[108.76136,-7.58511]],[[108.76134,-7.58782],[108.76134,-7.58737],[108.7609,-7.58737],[108.76089,-7.58737],[108.76089,-7.58781],[108.76089,-7.58782],[108.76134,-7.58782]],[[108.76131,-7.59414],[108.76131,-7.5937],[108.76131,-7.59369],[108.76131,-7.59324],[108.76087,-7.59324],[108.76086,-7.59324],[108.76086,-7.59369],[108.76086,-7.59414],[108.76131,-7.59414]],[[108.76046,-7.5833],[108.7609,-7.5833],[108.76091,-7.5833],[108.76091,-7.58285],[108.76046,-7.58285],[108.76046,-7.5833]],[[108.76045,-7.58059],[108.76045,-7.58059],[108.76044,-7.58069],[108.76045,-7.58068],[108.76045,-7.58065],[108.76045,-7.58064],[108.76045,-7.58063],[108.76046,-7.58063],[108.76046,-7.58062],[108.76046,-7.58061],[108.76045,-7.58059],[108.76045,-7.58059]],[[108.76135,-7.57878],[108.76138,-7.57878],[108.76138,-7.57834],[108.76138,-7.57833],[108.76138,-7.57788],[108.76101,-7.57788],[108.761,-7.57788],[108.76094,-7.57788],[108.76094,-7.57833],[108.76094,-7.57878],[108.76135,-7.57878]],[[108.76405,-7.58828],[108.76405,-7.58784],[108.76405,-7.58783],[108.7636,-7.58783],[108.7636,-7.58828],[108.76405,-7.58828]],[[108.76361,-7.58603],[108.76316,-7.58603],[108.76316,-7.58647],[108.76361,-7.58647],[108.76361,-7.58603]],[[108.76406,-7.58558],[108.76362,-7.58558],[108.76362,-7.58602],[108.76406,-7.58602],[108.76406,-7.58558]],[[108.7654,-7.58829],[108.76496,-7.58829],[108.76496,-7.58874],[108.7654,-7.58874],[108.7654,-7.58829]],[[108.76501,-7.58016],[108.765,-7.58016],[108.765,-7.58061],[108.76545,-7.58061],[108.76545,-7.58016],[108.76501,-7.58016]],[[108.76681,-7.58107],[108.76681,-7.58062],[108.76636,-7.58062],[108.76636,-7.58107],[108.7668,-7.58107],[108.76681,-7.58107]],[[108.76819,-7.57521],[108.76775,-7.57521],[108.76775,-7.57565],[108.76819,-7.57565],[108.76819,-7.57521]],[[108.76637,-7.577],[108.76592,-7.577],[108.76592,-7.57745],[108.76637,-7.57745],[108.76637,-7.57701],[108.76637,-7.577]],[[108.76547,-7.5788],[108.76547,-7.57881],[108.76547,-7.57926],[108.76579,-7.57926],[108.76588,-7.57926],[108.76591,-7.57926],[108.76591,-7.57881],[108.76591,-7.57869],[108.76591,-7.5786],[108.76591,-7.57836],[108.76547,-7.57836],[108.76547,-7.5788]],[[108.76547,-7.57564],[108.76503,-7.57564],[108.76502,-7.57564],[108.76502,-7.57609],[108.76547,-7.57609],[108.76547,-7.57565],[108.76547,-7.57564]],[[108.76683,-7.577],[108.76683,-7.57701],[108.76728,-7.57701],[108.76728,-7.57656],[108.76683,-7.57656],[108.76683,-7.577]],[[108.77132,-7.58381],[108.77087,-7.58381],[108.77087,-7.58425],[108.77132,-7.58425],[108.77132,-7.58381]],[[108.77134,-7.58019],[108.77134,-7.57974],[108.77089,-7.57974],[108.77089,-7.58019],[108.77133,-7.58019],[108.77134,-7.58019]],[[108.76813,-7.58785],[108.76813,-7.5874],[108.76769,-7.5874],[108.76768,-7.5874],[108.76768,-7.58785],[108.76813,-7.58785]],[[108.76724,-7.58559],[108.76724,-7.58604],[108.76768,-7.58604],[108.76768,-7.58559],[108.76724,-7.58559]],[[108.7745,-7.58111],[108.77406,-7.58111],[108.77406,-7.58156],[108.7745,-7.58156],[108.7745,-7.58111]],[[108.7736,-7.58021],[108.7736,-7.5802],[108.77315,-7.5802],[108.77315,-7.58065],[108.7736,-7.58065],[108.77361,-7.58065],[108.77405,-7.58065],[108.77405,-7.58021],[108.7736,-7.58021]],[[108.77315,-7.58007],[108.77315,-7.57991],[108.77315,-7.57975],[108.77271,-7.57975],[108.7727,-7.57975],[108.7727,-7.5802],[108.77295,-7.5802],[108.77306,-7.5802],[108.77315,-7.5802],[108.77315,-7.58007]],[[108.77395,-7.5821],[108.77377,-7.5821],[108.77377,-7.58201],[108.77377,-7.58192],[108.7736,-7.58192],[108.77359,-7.58192],[108.77341,-7.58192],[108.77341,-7.58201],[108.77341,-7.58246],[108.77341,-7.58264],[108.77359,-7.58264],[108.77359,-7.58291],[108.77404,-7.58291],[108.77404,-7.58247],[108.77404,-7.58246],[108.77414,-7.58246],[108.77414,-7.5821],[108.77405,-7.5821],[108.77404,-7.5821],[108.77395,-7.5821]],[[108.77313,-7.58381],[108.77313,-7.58382],[108.77313,-7.58426],[108.77313,-7.58427],[108.77357,-7.58427],[108.77358,-7.58427],[108.77403,-7.58427],[108.77403,-7.58382],[108.77358,-7.58382],[108.77358,-7.58337],[108.77313,-7.58337],[108.77313,-7.58381]],[[108.77269,-7.582],[108.77314,-7.582],[108.77314,-7.58156],[108.77269,-7.58156],[108.77269,-7.582]],[[108.77675,-7.58383],[108.77631,-7.58383],[108.7763,-7.58383],[108.7763,-7.58428],[108.77675,-7.58428],[108.77675,-7.58384],[108.77675,-7.58383]],[[108.77494,-7.58563],[108.77493,-7.58563],[108.77493,-7.58608],[108.77538,-7.58608],[108.77538,-7.58564],[108.77538,-7.58563],[108.77494,-7.58563]]],[[[108.7523,-7.58506],[108.75214,-7.58506],[108.75219,-7.58492],[108.75219,-7.58464],[108.75219,-7.58461],[108.7523,-7.58461],[108.7523,-7.58506]]],[[[108.75142,-7.57919],[108.75142,-7.57918],[108.75188,-7.57918],[108.75188,-7.57874],[108.75188,-7.57828],[108.75233,-7.57828],[108.75234,-7.57828],[108.75234,-7.57829],[108.75278,-7.57829],[108.75279,-7.57829],[108.75279,-7.57874],[108.75323,-7.57874],[108.75324,-7.57874],[108.75368,-7.57874],[108.75368,-7.57829],[108.75369,-7.57829],[108.75379,-7.57829],[108.75408,-7.57829],[108.75414,-7.57829],[108.75414,-7.57833],[108.75414,-7.57843],[108.75414,-7.57874],[108.75414,-7.57875],[108.75414,-7.5792],[108.75414,-7.57965],[108.75459,-7.57965],[108.75459,-7.5801],[108.75504,-7.5801],[108.75504,-7.58011],[108.75504,-7.58056],[108.75459,-7.58056],[108.75458,-7.58056],[108.75458,-7.58011],[108.75414,-7.58011],[108.75413,-7.58011],[108.75413,-7.5801],[108.75369,-7.5801],[108.75369,-7.58055],[108.75368,-7.58055],[108.75368,-7.581],[108.75323,-7.581],[108.75322,-7.581],[108.75278,-7.581],[108.75277,-7.581],[108.75277,-7.58145],[108.75277,-7.5819],[108.75231,-7.5819],[108.75231,-7.58145],[108.75186,-7.58145],[108.75186,-7.5819],[108.75141,-7.5819],[108.7514,-7.58186],[108.7514,-7.58144],[108.75186,-7.58144],[108.75186,-7.581],[108.75141,-7.581],[108.75141,-7.58099],[108.75141,-7.58054],[108.75141,-7.58009],[108.75187,-7.58009],[108.75187,-7.57964],[108.75142,-7.57964],[108.75142,-7.57919]],[[108.75324,-7.5792],[108.75323,-7.5792],[108.75279,-7.5792],[108.75279,-7.57964],[108.75278,-7.57964],[108.75278,-7.58009],[108.75278,-7.5801],[108.75278,-7.58054],[108.75278,-7.58055],[108.75322,-7.58055],[108.75323,-7.58055],[108.75323,-7.5801],[108.75368,-7.5801],[108.75368,-7.57965],[108.75368,-7.5792],[108.75324,-7.5792]]],[[[108.75188,-7.57783],[108.75143,-7.57783],[108.75143,-7.57738],[108.75188,-7.57738],[108.75189,-7.57738],[108.75189,-7.57783],[108.75188,-7.57783]]],[[[108.75189,-7.57603],[108.75143,-7.57603],[108.75143,-7.57602],[108.75143,-7.57557],[108.75098,-7.57557],[108.75098,-7.57512],[108.75053,-7.57512],[108.75053,-7.57466],[108.75008,-7.57466],[108.75008,-7.57421],[108.75054,-7.57421],[108.75054,-7.57376],[108.751,-7.57376],[108.751,-7.57421],[108.751,-7.57466],[108.75145,-7.57466],[108.75145,-7.57467],[108.75145,-7.57512],[108.7519,-7.57512],[108.7519,-7.57557],[108.75235,-7.57557],[108.75235,-7.57558],[108.7528,-7.57558],[108.7528,-7.57603],[108.75325,-7.57603],[108.75325,-7.57648],[108.7528,-7.57648],[108.7528,-7.57693],[108.75325,-7.57693],[108.75325,-7.57739],[108.75279,-7.57739],[108.75279,-7.57693],[108.75234,-7.57693],[108.75188,-7.57693],[108.75188,-7.57648],[108.75234,-7.57648],[108.75234,-7.57603],[108.75189,-7.57603]]],[[[108.75099,-7.57669],[108.75098,-7.57667],[108.75098,-7.57647],[108.75143,-7.57647],[108.75144,-7.57647],[108.75144,-7.57693],[108.75143,-7.57693],[108.75125,-7.57693],[108.75125,-7.57691],[108.75123,-7.57684],[108.7512,-7.57683],[108.75119,-7.57683],[108.75119,-7.57682],[108.75118,-7.57682],[108.75118,-7.57681],[108.75117,-7.57679],[108.7511,-7.57683],[108.751,-7.57669],[108.75099,-7.57669]]],[[[108.74929,-7.57556],[108.74922,-7.57511],[108.74963,-7.57511],[108.74963,-7.57556],[108.74929,-7.57556]]],[[[108.74964,-7.57376],[108.7492,-7.57376],[108.74922,-7.57336],[108.74923,-7.5733],[108.74964,-7.5733],[108.74964,-7.57375],[108.74964,-7.57376]]],[[[108.74938,-7.57273],[108.74945,-7.5724],[108.74947,-7.57231],[108.74947,-7.5723],[108.74948,-7.57213],[108.74949,-7.57195],[108.74965,-7.57195],[108.74965,-7.5724],[108.74965,-7.57285],[108.74935,-7.57285],[108.74938,-7.57273]]],[[[108.74905,-7.56923],[108.74921,-7.56923],[108.74921,-7.56949],[108.74905,-7.56923]]],[[[108.75059,-7.56563],[108.75013,-7.56563],[108.75013,-7.56529],[108.75023,-7.56519],[108.75025,-7.56517],[108.75059,-7.56517],[108.75059,-7.56563]]],[[[108.75392,-7.62166],[108.75346,-7.62166],[108.75346,-7.62121],[108.75392,-7.62121],[108.75392,-7.62076],[108.75438,-7.62076],[108.75438,-7.62121],[108.75438,-7.62122],[108.75392,-7.62122],[108.75392,-7.62166]]],[[[108.75484,-7.6176],[108.75485,-7.6176],[108.7553,-7.6176],[108.7553,-7.61761],[108.75574,-7.61761],[108.75575,-7.61761],[108.75575,-7.61716],[108.7553,-7.61716],[108.7553,-7.6167],[108.75576,-7.6167],[108.75576,-7.61716],[108.75621,-7.61716],[108.75621,-7.61761],[108.75665,-7.61761],[108.75665,-7.61716],[108.75711,-7.61716],[108.75711,-7.61671],[108.75756,-7.61671],[108.75757,-7.61671],[108.75802,-7.61671],[108.75802,-7.61717],[108.75847,-7.61717],[108.75893,-7.61717],[108.75893,-7.61762],[108.75892,-7.61762],[108.75892,-7.61807],[108.75892,-7.61808],[108.75937,-7.61808],[108.75937,-7.61853],[108.75892,-7.61853],[108.75892,-7.61898],[108.75846,-7.61898],[108.75846,-7.61853],[108.75801,-7.61853],[108.75801,-7.61852],[108.75756,-7.61852],[108.75755,-7.61852],[108.7571,-7.61852],[108.7571,-7.61807],[108.75755,-7.61807],[108.75756,-7.61807],[108.75756,-7.61762],[108.75801,-7.61762],[108.75801,-7.61717],[108.75757,-7.61717],[108.75756,-7.61717],[108.75711,-7.61717],[108.75711,-7.61761],[108.75711,-7.61762],[108.75666,-7.61762],[108.75666,-7.61806],[108.75665,-7.61806],[108.75665,-7.61851],[108.75665,-7.61852],[108.75665,-7.61897],[108.7562,-7.61897],[108.75619,-7.61897],[108.75575,-7.61897],[108.75574,-7.61897],[108.75574,-7.61851],[108.75574,-7.61806],[108.7553,-7.61806],[108.75529,-7.61806],[108.75485,-7.61806],[108.75484,-7.61806],[108.75439,-7.61806],[108.75439,-7.61805],[108.75439,-7.6176],[108.75484,-7.6176]]],[[[108.7535,-7.61624],[108.75349,-7.61624],[108.75304,-7.61624],[108.75304,-7.61579],[108.75349,-7.61579],[108.7535,-7.61579],[108.7535,-7.61624]]],[[[108.75349,-7.61534],[108.75349,-7.61489],[108.75395,-7.61489],[108.75395,-7.61534],[108.75349,-7.61534]]],[[[108.75314,-7.59546],[108.75315,-7.59546],[108.7536,-7.59546],[108.7536,-7.59591],[108.75315,-7.59591],[108.75314,-7.59591],[108.75269,-7.59591],[108.75269,-7.59546],[108.75314,-7.59546]]],[[[108.75361,-7.59501],[108.75315,-7.59501],[108.75315,-7.59456],[108.75315,-7.59455],[108.75315,-7.5941],[108.75361,-7.5941],[108.75361,-7.59455],[108.75361,-7.59456],[108.75361,-7.59501]]],[[[108.75316,-7.5932],[108.75317,-7.5932],[108.75362,-7.5932],[108.75362,-7.59365],[108.75317,-7.59365],[108.75316,-7.59365],[108.75271,-7.59365],[108.75271,-7.5932],[108.75316,-7.5932]]],[[[108.75362,-7.5914],[108.75362,-7.59094],[108.75408,-7.59094],[108.75408,-7.5914],[108.75362,-7.5914]]],[[[108.75408,-7.5905],[108.75408,-7.59004],[108.75408,-7.58959],[108.75408,-7.58914],[108.75454,-7.58914],[108.75454,-7.58959],[108.75454,-7.59004],[108.75454,-7.5905],[108.75408,-7.5905]]],[[[108.75414,-7.57785],[108.75414,-7.57739],[108.7546,-7.57739],[108.7546,-7.57785],[108.75414,-7.57785]]],[[[108.75371,-7.57332],[108.75372,-7.57332],[108.75417,-7.57332],[108.75417,-7.57333],[108.75462,-7.57333],[108.75507,-7.57333],[108.75507,-7.57288],[108.75507,-7.57243],[108.75462,-7.57243],[108.75462,-7.57197],[108.75463,-7.57197],[108.75463,-7.57152],[108.75509,-7.57152],[108.75509,-7.57198],[108.75553,-7.57198],[108.75553,-7.57153],[108.75599,-7.57153],[108.75599,-7.57108],[108.75599,-7.57063],[108.75554,-7.57063],[108.75554,-7.57062],[108.75554,-7.57017],[108.75509,-7.57017],[108.75509,-7.56972],[108.75464,-7.56972],[108.75464,-7.56927],[108.75464,-7.56926],[108.75464,-7.56881],[108.75465,-7.56881],[108.75465,-7.56836],[108.7551,-7.56836],[108.75555,-7.56836],[108.75555,-7.56792],[108.75555,-7.56791],[108.75555,-7.56746],[108.7551,-7.56746],[108.7551,-7.56701],[108.75556,-7.56701],[108.75556,-7.56656],[108.75601,-7.56656],[108.75602,-7.56656],[108.75647,-7.56656],[108.75647,-7.56701],[108.75692,-7.56701],[108.75692,-7.56702],[108.75737,-7.56702],[108.75737,-7.56657],[108.75783,-7.56657],[108.75783,-7.56702],[108.75783,-7.56747],[108.75782,-7.56747],[108.75782,-7.56792],[108.75827,-7.56792],[108.75827,-7.56748],[108.75827,-7.56747],[108.75873,-7.56747],[108.75873,-7.56748],[108.75873,-7.56793],[108.75827,-7.56793],[108.75827,-7.56838],[108.75782,-7.56838],[108.75782,-7.56883],[108.75781,-7.56883],[108.75781,-7.56928],[108.75781,-7.56973],[108.75826,-7.56973],[108.75826,-7.56928],[108.75871,-7.56928],[108.75872,-7.56928],[108.75872,-7.56884],[108.75872,-7.56883],[108.75872,-7.56838],[108.75918,-7.56838],[108.75918,-7.56883],[108.75918,-7.56884],[108.75918,-7.56929],[108.75917,-7.56929],[108.75917,-7.56974],[108.75872,-7.56974],[108.75871,-7.56974],[108.75826,-7.56974],[108.75826,-7.57018],[108.75826,-7.57019],[108.75781,-7.57019],[108.7578,-7.57019],[108.7578,-7.57018],[108.7578,-7.56973],[108.75736,-7.56973],[108.75736,-7.57018],[108.7569,-7.57018],[108.7569,-7.56973],[108.75645,-7.56973],[108.75645,-7.56928],[108.75645,-7.56927],[108.75601,-7.56927],[108.75601,-7.56972],[108.75601,-7.57017],[108.75645,-7.57017],[108.75646,-7.57017],[108.75646,-7.57063],[108.75645,-7.57063],[108.75645,-7.57108],[108.75645,-7.57153],[108.75645,-7.57198],[108.75689,-7.57198],[108.75689,-7.57153],[108.75735,-7.57153],[108.75735,-7.57199],[108.7578,-7.57199],[108.75825,-7.57199],[108.75826,-7.57199],[108.75826,-7.57244],[108.75825,-7.57244],[108.75825,-7.57289],[108.75825,-7.5729],[108.75825,-7.57334],[108.75825,-7.57335],[108.75825,-7.5738],[108.75824,-7.5738],[108.75824,-7.57425],[108.75824,-7.5747],[108.75869,-7.5747],[108.75869,-7.57516],[108.75823,-7.57516],[108.75823,-7.5747],[108.75778,-7.5747],[108.75778,-7.57425],[108.75734,-7.57425],[108.75733,-7.57425],[108.75688,-7.57425],[108.75688,-7.57379],[108.75733,-7.57379],[108.75733,-7.57334],[108.75734,-7.57334],[108.75734,-7.57289],[108.75689,-7.57289],[108.75689,-7.57244],[108.75644,-7.57244],[108.75599,-7.57244],[108.75599,-7.57288],[108.75598,-7.57288],[108.75598,-7.57333],[108.75598,-7.57334],[108.75598,-7.57379],[108.75553,-7.57379],[108.75552,-7.57379],[108.75552,-7.57423],[108.75552,-7.57424],[108.75552,-7.57469],[108.75507,-7.57469],[108.75507,-7.57424],[108.75462,-7.57424],[108.75462,-7.57423],[108.75462,-7.57378],[108.75417,-7.57378],[108.75417,-7.57423],[108.75371,-7.57423],[108.75371,-7.57378],[108.75371,-7.57332]],[[108.75556,-7.56746],[108.756,-7.56746],[108.75601,-7.56746],[108.75646,-7.56746],[108.75646,-7.56701],[108.75602,-7.56701],[108.75601,-7.56701],[108.75556,-7.56701],[108.75556,-7.56746]],[[108.75598,-7.57198],[108.75554,-7.57198],[108.75554,-7.57243],[108.75598,-7.57243],[108.75598,-7.57198]],[[108.756,-7.56882],[108.75555,-7.56882],[108.75555,-7.569],[108.7551,-7.569],[108.75501,-7.569],[108.75501,-7.56926],[108.75501,-7.56927],[108.75501,-7.56953],[108.75509,-7.56953],[108.7551,-7.56953],[108.75518,-7.56953],[108.75518,-7.56954],[108.75554,-7.56954],[108.75554,-7.56936],[108.75555,-7.56936],[108.75573,-7.56936],[108.75573,-7.56927],[108.756,-7.56927],[108.756,-7.56882]],[[108.75734,-7.57199],[108.7569,-7.57199],[108.7569,-7.57244],[108.75734,-7.57244],[108.75734,-7.57199]]],[[[108.75417,-7.57288],[108.75372,-7.57288],[108.75371,-7.57288],[108.75371,-7.57287],[108.75371,-7.57242],[108.75372,-7.57242],[108.75372,-7.57197],[108.75418,-7.57197],[108.75418,-7.57242],[108.75417,-7.57242],[108.75417,-7.57287],[108.75417,-7.57288]]],[[[108.75328,-7.57016],[108.75328,-7.56971],[108.75374,-7.56971],[108.75374,-7.57016],[108.75328,-7.57016]]],[[[108.7542,-7.56881],[108.75374,-7.56881],[108.75374,-7.56836],[108.75374,-7.56835],[108.7542,-7.56835],[108.7542,-7.56836],[108.7542,-7.56881]]],[[[108.75556,-7.63658],[108.75565,-7.63658],[108.75565,-7.63703],[108.7554,-7.63703],[108.75548,-7.63676],[108.75556,-7.63658]]],[[[108.75568,-7.63206],[108.75522,-7.63206],[108.75522,-7.63161],[108.75568,-7.63161],[108.75568,-7.63206]]],[[[108.75478,-7.6289],[108.75478,-7.62845],[108.75478,-7.62844],[108.75524,-7.62844],[108.75524,-7.62845],[108.75524,-7.6289],[108.75478,-7.6289]]],[[[108.75569,-7.62845],[108.75569,-7.628],[108.75615,-7.628],[108.75615,-7.62845],[108.75569,-7.62845]]],[[[108.75572,-7.62348],[108.75572,-7.62303],[108.75618,-7.62303],[108.75618,-7.62348],[108.75572,-7.62348]]],[[[108.75573,-7.62077],[108.75573,-7.62032],[108.75619,-7.62032],[108.75619,-7.62077],[108.75573,-7.62077]]],[[[108.75529,-7.61896],[108.75484,-7.61896],[108.75484,-7.61851],[108.75529,-7.61851],[108.7553,-7.61851],[108.7553,-7.61896],[108.75529,-7.61896]]],[[[108.7553,-7.61625],[108.7553,-7.6158],[108.75576,-7.6158],[108.75576,-7.61625],[108.7553,-7.61625]]],[[[108.75486,-7.61444],[108.75486,-7.61399],[108.75532,-7.61399],[108.75532,-7.61444],[108.75577,-7.61444],[108.75577,-7.61399],[108.75623,-7.61399],[108.75623,-7.614],[108.75667,-7.614],[108.75668,-7.614],[108.75713,-7.614],[108.75713,-7.61445],[108.75713,-7.6149],[108.75668,-7.6149],[108.75667,-7.6149],[108.75667,-7.61535],[108.75622,-7.61535],[108.75621,-7.61535],[108.75576,-7.61535],[108.75576,-7.6149],[108.75532,-7.6149],[108.75532,-7.61535],[108.75486,-7.61535],[108.75486,-7.61489],[108.75531,-7.61489],[108.75531,-7.61444],[108.75486,-7.61444]],[[108.75621,-7.6149],[108.75622,-7.6149],[108.75622,-7.61445],[108.75577,-7.61445],[108.75577,-7.6149],[108.75621,-7.6149]]],[[[108.75538,-7.60134],[108.75538,-7.60089],[108.75539,-7.60089],[108.75539,-7.60044],[108.75584,-7.60044],[108.75584,-7.60089],[108.75584,-7.60134],[108.75584,-7.60135],[108.75538,-7.60135],[108.75538,-7.60134]]],[[[108.75448,-7.60134],[108.75448,-7.60089],[108.75494,-7.60089],[108.75494,-7.60134],[108.75448,-7.60134]]],[[[108.75675,-7.60045],[108.75629,-7.60045],[108.75629,-7.60044],[108.75584,-7.60044],[108.75584,-7.59999],[108.75629,-7.59999],[108.7563,-7.59999],[108.75675,-7.59999],[108.75675,-7.60045]]],[[[108.75452,-7.5914],[108.75452,-7.59095],[108.75498,-7.59095],[108.75498,-7.5914],[108.75452,-7.5914]]],[[[108.75544,-7.5905],[108.75498,-7.5905],[108.75498,-7.59005],[108.75544,-7.59005],[108.75544,-7.5905]]],[[[108.7559,-7.5896],[108.7559,-7.58915],[108.75636,-7.58915],[108.75636,-7.5896],[108.7559,-7.5896]]],[[[108.75503,-7.58236],[108.75503,-7.58192],[108.75503,-7.58191],[108.75549,-7.58191],[108.75549,-7.58192],[108.75549,-7.58237],[108.75503,-7.58237],[108.75503,-7.58282],[108.75457,-7.58282],[108.75457,-7.58236],[108.75503,-7.58236]]],[[[108.75639,-7.58102],[108.75594,-7.58102],[108.75593,-7.58102],[108.75593,-7.58056],[108.75594,-7.58056],[108.75639,-7.58056],[108.75639,-7.58102]]],[[[108.75604,-7.56294],[108.75604,-7.56295],[108.75606,-7.56295],[108.75649,-7.56316],[108.75649,-7.5634],[108.75604,-7.5634],[108.75604,-7.56385],[108.75603,-7.56385],[108.75558,-7.56385],[108.75558,-7.5634],[108.75558,-7.56339],[108.75603,-7.56339],[108.75603,-7.56295],[108.75558,-7.56295],[108.75558,-7.56294],[108.75558,-7.56262],[108.75558,-7.56261],[108.75583,-7.56283],[108.75604,-7.56293],[108.75604,-7.56294]]],[[[108.75514,-7.5624],[108.75514,-7.5624],[108.75543,-7.56249],[108.75514,-7.56249],[108.75513,-7.56249],[108.75468,-7.56249],[108.75468,-7.56223],[108.75478,-7.56227],[108.75512,-7.5624],[108.75513,-7.5624],[108.75514,-7.5624]]],[[[108.7579,-7.64021],[108.7579,-7.63976],[108.75835,-7.63976],[108.75835,-7.64021],[108.7579,-7.64021]]],[[[108.75836,-7.63795],[108.75881,-7.63795],[108.75882,-7.63795],[108.75927,-7.63795],[108.75927,-7.63841],[108.75926,-7.63841],[108.75926,-7.63886],[108.75971,-7.63886],[108.75971,-7.63841],[108.76017,-7.63841],[108.76017,-7.63886],[108.75972,-7.63886],[108.75972,-7.63931],[108.75971,-7.63931],[108.75971,-7.63976],[108.75971,-7.63977],[108.75971,-7.64021],[108.75971,-7.64022],[108.76015,-7.64022],[108.76016,-7.64022],[108.76061,-7.64022],[108.76061,-7.64067],[108.76061,-7.64112],[108.76061,-7.64113],[108.76016,-7.64113],[108.76016,-7.64157],[108.7606,-7.64157],[108.76061,-7.64157],[108.76061,-7.64158],[108.76061,-7.64203],[108.76105,-7.64203],[108.76106,-7.64203],[108.76151,-7.64203],[108.76151,-7.64158],[108.76197,-7.64158],[108.76197,-7.64204],[108.76151,-7.64204],[108.76151,-7.64248],[108.76196,-7.64248],[108.76196,-7.64249],[108.76241,-7.64249],[108.76286,-7.64249],[108.76286,-7.64204],[108.76241,-7.64204],[108.76241,-7.64159],[108.76242,-7.64159],[108.76242,-7.64114],[108.76242,-7.64113],[108.76242,-7.64069],[108.76242,-7.64068],[108.76197,-7.64068],[108.76197,-7.64023],[108.76197,-7.63978],[108.76243,-7.63978],[108.76243,-7.64023],[108.76288,-7.64023],[108.76288,-7.64068],[108.76333,-7.64068],[108.76333,-7.64069],[108.76333,-7.64114],[108.76288,-7.64114],[108.76288,-7.64159],[108.76333,-7.64159],[108.76333,-7.64204],[108.76332,-7.64204],[108.76332,-7.64249],[108.76377,-7.64249],[108.76377,-7.6425],[108.76377,-7.64295],[108.76422,-7.64295],[108.76467,-7.64295],[108.76468,-7.64295],[108.76513,-7.64295],[108.76513,-7.6434],[108.76513,-7.64341],[108.76558,-7.64341],[108.76558,-7.64386],[108.76513,-7.64386],[108.76512,-7.64386],[108.76512,-7.64431],[108.76557,-7.64431],[108.76557,-7.64476],[108.76557,-7.64477],[108.76512,-7.64477],[108.76512,-7.64521],[108.76511,-7.64521],[108.76511,-7.64566],[108.76511,-7.64567],[108.76556,-7.64567],[108.76557,-7.64567],[108.76602,-7.64567],[108.76602,-7.64612],[108.76601,-7.64612],[108.76601,-7.64657],[108.76556,-7.64657],[108.76556,-7.64702],[108.76556,-7.64747],[108.76556,-7.64748],[108.76556,-7.64792],[108.76556,-7.64793],[108.76601,-7.64793],[108.76601,-7.64838],[108.76646,-7.64838],[108.76646,-7.64883],[108.76646,-7.64884],[108.76646,-7.64928],[108.76646,-7.64929],[108.76646,-7.64974],[108.7669,-7.64974],[108.7669,-7.64929],[108.76736,-7.64929],[108.76736,-7.64974],[108.76781,-7.64974],[108.76782,-7.64974],[108.76782,-7.6502],[108.76826,-7.6502],[108.76826,-7.65065],[108.76871,-7.65065],[108.76872,-7.65065],[108.76872,-7.65111],[108.76871,-7.65111],[108.76871,-7.65156],[108.76871,-7.65201],[108.76871,-7.65246],[108.76915,-7.65246],[108.76915,-7.65201],[108.76961,-7.65201],[108.76961,-7.65246],[108.76961,-7.65247],[108.77006,-7.65247],[108.77051,-7.65247],[108.77051,-7.65202],[108.77097,-7.65202],[108.77097,-7.65247],[108.77052,-7.65247],[108.77052,-7.65292],[108.77097,-7.65292],[108.77097,-7.65337],[108.77097,-7.65338],[108.77097,-7.65383],[108.77141,-7.65383],[108.77186,-7.65383],[108.77187,-7.65383],[108.77187,-7.65338],[108.77232,-7.65338],[108.77232,-7.65383],[108.77277,-7.65383],[108.77277,-7.65384],[108.77322,-7.65384],[108.77322,-7.65339],[108.77367,-7.65339],[108.77367,-7.65294],[108.77323,-7.65294],[108.77322,-7.65294],[108.77277,-7.65294],[108.77277,-7.65293],[108.77232,-7.65293],[108.77232,-7.65248],[108.77277,-7.65248],[108.77278,-7.65248],[108.77322,-7.65248],[108.77323,-7.65248],[108.77368,-7.65248],[108.77368,-7.65249],[108.77413,-7.65249],[108.77414,-7.65249],[108.77458,-7.65249],[108.77459,-7.65249],[108.77459,-7.65204],[108.77459,-7.65159],[108.77504,-7.65159],[108.77505,-7.65159],[108.77505,-7.65114],[108.77459,-7.65114],[108.77459,-7.65069],[108.77414,-7.65069],[108.77414,-7.65068],[108.77414,-7.65023],[108.7746,-7.65023],[108.77505,-7.65023],[108.77505,-7.64979],[108.77505,-7.64978],[108.7746,-7.64978],[108.7746,-7.64933],[108.77505,-7.64933],[108.77505,-7.64888],[108.77505,-7.64843],[108.77506,-7.64843],[108.77551,-7.64843],[108.77551,-7.64798],[108.77596,-7.64798],[108.77597,-7.64798],[108.77642,-7.64798],[108.77642,-7.64753],[108.77642,-7.64708],[108.77688,-7.64708],[108.77688,-7.64663],[108.77688,-7.64618],[108.77734,-7.64618],[108.77779,-7.64618],[108.77779,-7.64663],[108.77779,-7.64664],[108.77779,-7.64709],[108.77734,-7.64709],[108.77734,-7.64754],[108.77779,-7.64754],[108.77779,-7.64799],[108.77778,-7.64799],[108.77778,-7.64844],[108.77733,-7.64844],[108.77732,-7.64844],[108.77688,-7.64844],[108.77687,-7.64844],[108.77687,-7.64889],[108.77687,-7.64934],[108.77687,-7.64979],[108.77641,-7.64979],[108.77641,-7.64934],[108.77596,-7.64934],[108.77596,-7.64889],[108.77551,-7.64889],[108.77551,-7.64933],[108.77551,-7.64978],[108.77551,-7.64979],[108.77551,-7.65023],[108.77551,-7.65024],[108.77596,-7.65024],[108.77596,-7.65069],[108.77551,-7.65069],[108.77551,-7.65114],[108.77596,-7.65114],[108.77596,-7.65159],[108.77596,-7.6516],[108.77596,-7.65205],[108.7764,-7.65205],[108.77641,-7.65205],[108.77686,-7.65205],[108.77686,-7.65249],[108.77682,-7.6525],[108.77641,-7.6525],[108.7764,-7.6525],[108.7764,-7.65282],[108.77626,-7.65295],[108.77595,-7.65295],[108.77595,-7.65326],[108.77581,-7.6534],[108.77549,-7.6534],[108.77549,-7.65377],[108.77539,-7.65385],[108.77504,-7.65385],[108.77503,-7.65385],[108.77503,-7.65415],[108.77486,-7.6543],[108.77458,-7.6543],[108.77458,-7.65449],[108.77424,-7.65472],[108.77418,-7.65475],[108.77412,-7.65475],[108.77412,-7.65478],[108.77367,-7.65504],[108.77367,-7.65475],[108.77322,-7.65475],[108.77322,-7.65519],[108.77344,-7.65519],[108.77346,-7.65523],[108.77335,-7.65532],[108.77322,-7.65536],[108.77322,-7.65536],[108.77318,-7.65537],[108.77314,-7.65529],[108.77286,-7.65542],[108.77277,-7.65542],[108.77276,-7.65542],[108.77272,-7.65542],[108.77264,-7.65541],[108.7725,-7.65541],[108.77231,-7.6554],[108.77211,-7.65538],[108.7719,-7.65532],[108.77185,-7.6553],[108.77185,-7.6553],[108.77162,-7.65519],[108.7714,-7.65508],[108.7714,-7.65508],[108.77095,-7.65486],[108.77095,-7.65473],[108.77067,-7.65473],[108.77056,-7.65468],[108.7705,-7.65464],[108.77036,-7.65457],[108.77029,-7.65453],[108.77028,-7.65453],[108.77028,-7.65452],[108.77027,-7.65452],[108.77027,-7.65451],[108.77004,-7.65438],[108.77004,-7.65437],[108.76988,-7.65428],[108.76987,-7.65428],[108.76986,-7.65427],[108.7696,-7.6541],[108.7696,-7.65382],[108.76915,-7.65382],[108.76895,-7.65369],[108.76894,-7.65369],[108.76894,-7.65368],[108.76891,-7.65365],[108.7689,-7.65365],[108.76889,-7.65365],[108.76889,-7.65364],[108.76888,-7.65364],[108.76869,-7.65351],[108.76869,-7.6535],[108.7685,-7.65337],[108.76849,-7.65337],[108.76825,-7.6532],[108.76825,-7.6532],[108.76797,-7.653],[108.76796,-7.65299],[108.76785,-7.65291],[108.76786,-7.65291],[108.76779,-7.65286],[108.76779,-7.65246],[108.76734,-7.65246],[108.76734,-7.6525],[108.76728,-7.65245],[108.76729,-7.65245],[108.76699,-7.65222],[108.76698,-7.65222],[108.76698,-7.65221],[108.76689,-7.65212],[108.76689,-7.652],[108.76689,-7.65155],[108.76644,-7.65155],[108.76644,-7.65166],[108.76634,-7.65155],[108.76633,-7.65155],[108.76598,-7.65118],[108.76598,-7.65118],[108.76589,-7.65109],[108.76598,-7.65109],[108.76599,-7.65109],[108.76599,-7.65064],[108.76554,-7.65064],[108.76548,-7.65064],[108.76519,-7.65026],[108.76518,-7.65025],[108.76518,-7.65024],[108.76518,-7.65023],[108.76518,-7.65022],[108.76518,-7.65021],[108.76517,-7.65019],[108.76517,-7.65019],[108.76515,-7.65015],[108.76509,-7.65015],[108.76492,-7.65017],[108.76489,-7.65007],[108.76486,-7.64996],[108.76481,-7.64973],[108.76478,-7.64958],[108.76475,-7.64928],[108.76474,-7.64918],[108.7647,-7.64905],[108.76465,-7.64887],[108.76464,-7.64883],[108.76464,-7.64882],[108.76464,-7.64837],[108.7651,-7.64837],[108.7651,-7.64793],[108.76465,-7.64793],[108.76465,-7.64792],[108.76465,-7.64747],[108.76465,-7.64702],[108.76446,-7.64702],[108.76445,-7.64693],[108.76445,-7.64671],[108.76441,-7.64656],[108.76442,-7.64656],[108.76466,-7.64656],[108.76466,-7.64612],[108.76421,-7.64612],[108.76421,-7.64611],[108.76413,-7.64611],[108.76411,-7.64603],[108.76399,-7.64585],[108.76399,-7.64584],[108.76398,-7.64584],[108.76398,-7.64583],[108.76398,-7.6458],[108.76394,-7.64579],[108.76393,-7.64579],[108.76392,-7.64579],[108.76376,-7.64569],[108.76376,-7.64566],[108.76421,-7.64566],[108.76421,-7.64521],[108.76376,-7.64521],[108.76376,-7.64476],[108.76331,-7.64476],[108.76331,-7.6452],[108.76331,-7.64521],[108.76285,-7.64521],[108.76285,-7.6452],[108.76264,-7.6452],[108.76244,-7.64514],[108.76243,-7.64514],[108.76242,-7.64514],[108.76242,-7.64513],[108.76241,-7.64513],[108.7624,-7.64513],[108.7624,-7.64513],[108.76195,-7.64497],[108.76195,-7.64475],[108.7624,-7.64475],[108.7624,-7.6443],[108.76195,-7.6443],[108.76195,-7.64429],[108.7615,-7.64429],[108.7615,-7.64474],[108.76128,-7.64474],[108.76127,-7.64474],[108.76124,-7.6447],[108.76123,-7.6447],[108.76104,-7.64464],[108.76104,-7.64464],[108.76066,-7.64451],[108.76059,-7.64442],[108.76059,-7.64429],[108.76045,-7.64429],[108.76033,-7.64418],[108.76014,-7.64392],[108.76014,-7.64384],[108.76014,-7.64383],[108.76008,-7.64383],[108.75998,-7.64364],[108.7599,-7.6435],[108.75989,-7.64349],[108.75981,-7.64338],[108.7598,-7.64336],[108.75974,-7.64324],[108.75973,-7.64322],[108.75974,-7.64306],[108.75974,-7.64302],[108.75974,-7.64299],[108.75973,-7.64293],[108.75969,-7.64255],[108.75965,-7.64247],[108.7597,-7.64247],[108.7597,-7.64203],[108.7597,-7.64202],[108.7597,-7.64158],[108.7597,-7.64157],[108.7597,-7.64112],[108.75971,-7.64112],[108.75971,-7.6413],[108.76007,-7.6413],[108.76007,-7.64112],[108.76007,-7.64108],[108.76007,-7.64107],[108.76015,-7.64107],[108.76016,-7.64107],[108.76019,-7.64107],[108.76019,-7.64072],[108.76016,-7.64072],[108.76015,-7.64072],[108.76007,-7.64072],[108.76007,-7.64067],[108.76007,-7.64058],[108.75989,-7.64058],[108.75989,-7.6404],[108.75971,-7.6404],[108.7597,-7.6404],[108.75953,-7.6404],[108.75953,-7.64022],[108.75926,-7.64022],[108.75925,-7.64022],[108.7588,-7.64022],[108.7588,-7.64021],[108.7588,-7.63976],[108.75835,-7.63976],[108.75835,-7.63931],[108.7579,-7.63931],[108.7579,-7.63976],[108.75745,-7.63976],[108.75745,-7.6393],[108.757,-7.6393],[108.757,-7.63885],[108.75745,-7.63885],[108.7579,-7.63885],[108.7579,-7.6384],[108.75835,-7.6384],[108.75836,-7.6384],[108.75836,-7.63795]],[[108.76556,-7.64612],[108.76511,-7.64612],[108.76511,-7.64657],[108.76556,-7.64657],[108.76556,-7.64612]],[[108.76691,-7.64974],[108.76691,-7.65019],[108.76736,-7.65019],[108.76736,-7.64974],[108.76691,-7.64974]],[[108.77322,-7.65429],[108.77367,-7.65429],[108.77367,-7.65384],[108.77322,-7.65384],[108.77322,-7.65429]],[[108.7615,-7.64384],[108.76169,-7.64384],[108.76169,-7.64348],[108.76151,-7.64348],[108.7615,-7.64348],[108.7615,-7.64339],[108.7615,-7.6433],[108.76151,-7.6433],[108.76169,-7.6433],[108.76169,-7.64312],[108.76187,-7.64312],[108.76187,-7.64294],[108.76187,-7.64276],[108.76151,-7.64276],[108.76151,-7.64293],[108.76151,-7.64294],[108.7615,-7.64294],[108.76132,-7.64294],[108.76132,-7.64312],[108.76114,-7.64312],[108.76114,-7.64339],[108.76114,-7.64348],[108.76106,-7.64348],[108.76105,-7.64348],[108.76096,-7.64348],[108.76096,-7.64384],[108.76105,-7.64384],[108.76105,-7.64429],[108.7615,-7.64429],[108.7615,-7.64384]],[[108.7588,-7.63931],[108.7588,-7.63886],[108.75836,-7.63886],[108.75835,-7.63886],[108.75835,-7.63931],[108.7588,-7.63931]],[[108.76645,-7.65019],[108.76645,-7.64974],[108.766,-7.64974],[108.766,-7.65019],[108.76644,-7.65019],[108.76645,-7.65019]],[[108.76205,-7.64341],[108.76205,-7.64342],[108.762,-7.64342],[108.762,-7.64377],[108.76222,-7.64377],[108.76222,-7.64384],[108.76222,-7.64385],[108.76222,-7.64402],[108.7624,-7.64402],[108.76241,-7.64402],[108.76259,-7.64402],[108.76259,-7.64385],[108.76259,-7.64384],[108.76259,-7.64377],[108.76285,-7.64377],[108.76286,-7.64377],[108.7629,-7.64377],[108.7629,-7.64367],[108.7629,-7.64366],[108.76295,-7.64366],[108.76295,-7.6434],[108.76295,-7.64331],[108.7629,-7.64331],[108.7629,-7.64324],[108.76286,-7.64324],[108.76259,-7.64324],[108.76259,-7.64323],[108.76259,-7.64312],[108.76241,-7.64312],[108.7624,-7.64312],[108.76205,-7.64312],[108.76205,-7.64339],[108.76205,-7.64341]],[[108.76554,-7.64928],[108.76555,-7.64928],[108.76555,-7.64883],[108.7651,-7.64883],[108.7651,-7.64928],[108.76554,-7.64928]],[[108.76735,-7.6511],[108.76735,-7.65155],[108.7678,-7.65155],[108.7678,-7.6511],[108.76735,-7.6511]],[[108.7687,-7.65336],[108.76915,-7.65336],[108.76915,-7.65292],[108.7687,-7.65292],[108.7687,-7.65336]],[[108.77459,-7.65339],[108.77503,-7.65339],[108.77503,-7.65295],[108.77459,-7.65295],[108.77459,-7.65339]],[[108.77368,-7.65384],[108.77412,-7.65384],[108.77412,-7.65339],[108.77368,-7.65339],[108.77368,-7.65384]],[[108.77594,-7.65295],[108.77594,-7.6525],[108.7755,-7.6525],[108.7755,-7.65295],[108.77594,-7.65295]]],[[[108.75884,-7.63253],[108.75884,-7.63298],[108.75884,-7.63344],[108.75838,-7.63344],[108.75838,-7.63343],[108.75794,-7.63343],[108.75793,-7.63343],[108.75748,-7.63343],[108.75748,-7.63298],[108.75793,-7.63298],[108.75794,-7.63298],[108.75838,-7.63298],[108.75838,-7.63253],[108.75884,-7.63253]]],[[[108.75749,-7.63027],[108.75749,-7.62982],[108.75749,-7.62981],[108.75795,-7.62981],[108.75795,-7.62982],[108.75795,-7.63027],[108.75749,-7.63027]]],[[[108.75659,-7.63026],[108.75659,-7.62981],[108.75705,-7.62981],[108.75705,-7.63026],[108.75659,-7.63026]]],[[[108.75757,-7.61581],[108.75757,-7.61536],[108.75803,-7.61536],[108.75803,-7.61581],[108.75757,-7.61581]]],[[[108.75803,-7.614],[108.75803,-7.61401],[108.75849,-7.61401],[108.75849,-7.61446],[108.75893,-7.61446],[108.75893,-7.61401],[108.75939,-7.61401],[108.75984,-7.61401],[108.75985,-7.61401],[108.7603,-7.61401],[108.7603,-7.61357],[108.7603,-7.61311],[108.76076,-7.61311],[108.76076,-7.61357],[108.76076,-7.61402],[108.7603,-7.61402],[108.7603,-7.61447],[108.76075,-7.61447],[108.76075,-7.61492],[108.7612,-7.61492],[108.7612,-7.61447],[108.76166,-7.61447],[108.76166,-7.61493],[108.76211,-7.61493],[108.76211,-7.61538],[108.76165,-7.61538],[108.76165,-7.61493],[108.7612,-7.61493],[108.7612,-7.61538],[108.76074,-7.61538],[108.76074,-7.61492],[108.76029,-7.61492],[108.76029,-7.61447],[108.75985,-7.61447],[108.75984,-7.61447],[108.75939,-7.61447],[108.75939,-7.61491],[108.75939,-7.61492],[108.75984,-7.61492],[108.75984,-7.61537],[108.75939,-7.61537],[108.75938,-7.61537],[108.75893,-7.61537],[108.75848,-7.61537],[108.75848,-7.61491],[108.75848,-7.61446],[108.75803,-7.61446],[108.75803,-7.61491],[108.75758,-7.61491],[108.75758,-7.61446],[108.75758,-7.61445],[108.75758,-7.614],[108.75803,-7.614]]],[[[108.75669,-7.61129],[108.75669,-7.61084],[108.75669,-7.61039],[108.75669,-7.61038],[108.75715,-7.61038],[108.75715,-7.61039],[108.75715,-7.61084],[108.75715,-7.61129],[108.75669,-7.61129]]],[[[108.75806,-7.60949],[108.75761,-7.60949],[108.75761,-7.60903],[108.75806,-7.60903],[108.75807,-7.60903],[108.75807,-7.60949],[108.75806,-7.60949]]],[[[108.75716,-7.60858],[108.75716,-7.60813],[108.75761,-7.60813],[108.75761,-7.60858],[108.75716,-7.60858]]],[[[108.75719,-7.60316],[108.75719,-7.60271],[108.75764,-7.60271],[108.75764,-7.60226],[108.75809,-7.60226],[108.7581,-7.60226],[108.7581,-7.60271],[108.75854,-7.60271],[108.75855,-7.60271],[108.75855,-7.60317],[108.75854,-7.60317],[108.75809,-7.60317],[108.75809,-7.60271],[108.75765,-7.60271],[108.75765,-7.60316],[108.75764,-7.60316],[108.75719,-7.60316]]],[[[108.7572,-7.60135],[108.75719,-7.60135],[108.75674,-7.60135],[108.75674,-7.6009],[108.75719,-7.6009],[108.7572,-7.6009],[108.7572,-7.60135]]],[[[108.75631,-7.59683],[108.75631,-7.59638],[108.75677,-7.59638],[108.75677,-7.59683],[108.75631,-7.59683]]],[[[108.75677,-7.59593],[108.75632,-7.59593],[108.75632,-7.59547],[108.75677,-7.59547],[108.75678,-7.59547],[108.75678,-7.59593],[108.75677,-7.59593]]],[[[108.75858,-7.59548],[108.75858,-7.59504],[108.75858,-7.59503],[108.75858,-7.59458],[108.75903,-7.59458],[108.75904,-7.59458],[108.75949,-7.59458],[108.75949,-7.59459],[108.75949,-7.59504],[108.75904,-7.59504],[108.75904,-7.59549],[108.75903,-7.59549],[108.75903,-7.59594],[108.75858,-7.59594],[108.75857,-7.59594],[108.75813,-7.59594],[108.75812,-7.59594],[108.75812,-7.59548],[108.75768,-7.59548],[108.75767,-7.59548],[108.75767,-7.59503],[108.75768,-7.59503],[108.75813,-7.59503],[108.75813,-7.59548],[108.75858,-7.59548]]],[[[108.75723,-7.59458],[108.75722,-7.59458],[108.75722,-7.59412],[108.75723,-7.59412],[108.75768,-7.59412],[108.75768,-7.59367],[108.75814,-7.59367],[108.75814,-7.59323],[108.75814,-7.59322],[108.75859,-7.59322],[108.75859,-7.59278],[108.75814,-7.59278],[108.75814,-7.59277],[108.75814,-7.59232],[108.7586,-7.59232],[108.7586,-7.59187],[108.75906,-7.59187],[108.75906,-7.59233],[108.7586,-7.59233],[108.7586,-7.59277],[108.75905,-7.59277],[108.75905,-7.59278],[108.75905,-7.59323],[108.75905,-7.59368],[108.75905,-7.59413],[108.75859,-7.59413],[108.75859,-7.59368],[108.75814,-7.59368],[108.75814,-7.59413],[108.75814,-7.59458],[108.75768,-7.59458],[108.75723,-7.59458]]],[[[108.7577,-7.59187],[108.75724,-7.59187],[108.75724,-7.59141],[108.7577,-7.59141],[108.7577,-7.59187]]],[[[108.7573,-7.58057],[108.7573,-7.58012],[108.75776,-7.58012],[108.75776,-7.58057],[108.7573,-7.58057]]],[[[108.75733,-7.57515],[108.75687,-7.57515],[108.75687,-7.5747],[108.75733,-7.5747],[108.75733,-7.57515]]],[[[108.75643,-7.57334],[108.75643,-7.57289],[108.75689,-7.57289],[108.75689,-7.57334],[108.75643,-7.57334]]],[[[108.75693,-7.56521],[108.75648,-7.56521],[108.75648,-7.56476],[108.75648,-7.56475],[108.75693,-7.56475],[108.75693,-7.56431],[108.75693,-7.5643],[108.75739,-7.5643],[108.75739,-7.56431],[108.75739,-7.56476],[108.75694,-7.56476],[108.75694,-7.56521],[108.75693,-7.56521]]],[[[108.75694,-7.56386],[108.75693,-7.56386],[108.75693,-7.5634],[108.75694,-7.5634],[108.75724,-7.5634],[108.75739,-7.56345],[108.75784,-7.56359],[108.75784,-7.56386],[108.75739,-7.56386],[108.75738,-7.56386],[108.75694,-7.56386]]],[[[108.75929,-7.64058],[108.75929,-7.64067],[108.75929,-7.64107],[108.75934,-7.64107],[108.75934,-7.64108],[108.75934,-7.64112],[108.75926,-7.64112],[108.75925,-7.64112],[108.7588,-7.64112],[108.7588,-7.64066],[108.75925,-7.64066],[108.75925,-7.64058],[108.75929,-7.64058]]],[[[108.75931,-7.63118],[108.7593,-7.63118],[108.7593,-7.63163],[108.75975,-7.63163],[108.75975,-7.63208],[108.75975,-7.63209],[108.75929,-7.63209],[108.75929,-7.63208],[108.75929,-7.63163],[108.75884,-7.63163],[108.75884,-7.63118],[108.75885,-7.63118],[108.75885,-7.63073],[108.75885,-7.63072],[108.75931,-7.63072],[108.75931,-7.63073],[108.75931,-7.63118]]],[[[108.75844,-7.62305],[108.75844,-7.62304],[108.75844,-7.62259],[108.7589,-7.62259],[108.7589,-7.62304],[108.7589,-7.62305],[108.75935,-7.62305],[108.75935,-7.6235],[108.75889,-7.6235],[108.75889,-7.62305],[108.75844,-7.62305]]],[[[108.75983,-7.61808],[108.75937,-7.61808],[108.75937,-7.61763],[108.75983,-7.61763],[108.75983,-7.61808]]],[[[108.76073,-7.61673],[108.76074,-7.61673],[108.76074,-7.61718],[108.76073,-7.61718],[108.76029,-7.61718],[108.76029,-7.61763],[108.76028,-7.61763],[108.75983,-7.61763],[108.75983,-7.61718],[108.75983,-7.61673],[108.75938,-7.61673],[108.75938,-7.61627],[108.75893,-7.61627],[108.75893,-7.61582],[108.75938,-7.61582],[108.75983,-7.61582],[108.75984,-7.61582],[108.75984,-7.61627],[108.75984,-7.61673],[108.76028,-7.61673],[108.76029,-7.61673],[108.76073,-7.61673]]],[[[108.75894,-7.61356],[108.75894,-7.61311],[108.7594,-7.61311],[108.7594,-7.61356],[108.75894,-7.61356]]],[[[108.75986,-7.6104],[108.75941,-7.6104],[108.75941,-7.60995],[108.75986,-7.60995],[108.75987,-7.60995],[108.75987,-7.6104],[108.75986,-7.6104]]],[[[108.75816,-7.58961],[108.75816,-7.58916],[108.75861,-7.58916],[108.75861,-7.58961],[108.75816,-7.58961]]],[[[108.75957,-7.58078],[108.75957,-7.58086],[108.75957,-7.58103],[108.75957,-7.58149],[108.75911,-7.58149],[108.75911,-7.58103],[108.75866,-7.58103],[108.7582,-7.58103],[108.7582,-7.58099],[108.7582,-7.58091],[108.7582,-7.58058],[108.75866,-7.58058],[108.75911,-7.58058],[108.75912,-7.58058],[108.75957,-7.58058],[108.75957,-7.58078]]],[[[108.75914,-7.57471],[108.75914,-7.57426],[108.7596,-7.57426],[108.7596,-7.57471],[108.75914,-7.57471]]],[[[108.7587,-7.57245],[108.7587,-7.572],[108.7587,-7.57199],[108.75916,-7.57199],[108.75916,-7.572],[108.75916,-7.57245],[108.7587,-7.57245]]],[[[108.75963,-7.56794],[108.75963,-7.56755],[108.75963,-7.56748],[108.76008,-7.56748],[108.76009,-7.56748],[108.76054,-7.56748],[108.76054,-7.56704],[108.76009,-7.56704],[108.76009,-7.56703],[108.76009,-7.56658],[108.76009,-7.56613],[108.76009,-7.56568],[108.75964,-7.56568],[108.75964,-7.56522],[108.7601,-7.56522],[108.7601,-7.56568],[108.76054,-7.56568],[108.76054,-7.56523],[108.76055,-7.56523],[108.76055,-7.56478],[108.7601,-7.56478],[108.7601,-7.56432],[108.76019,-7.56432],[108.76056,-7.56444],[108.76056,-7.56478],[108.761,-7.56478],[108.76101,-7.56478],[108.76146,-7.56478],[108.76146,-7.56523],[108.76191,-7.56523],[108.76191,-7.56569],[108.76145,-7.56569],[108.76145,-7.56613],[108.76145,-7.56614],[108.76145,-7.56658],[108.76145,-7.56659],[108.76145,-7.56704],[108.76189,-7.56704],[108.76189,-7.56659],[108.76235,-7.56659],[108.76235,-7.56614],[108.76235,-7.56569],[108.76236,-7.56569],[108.76236,-7.56524],[108.76281,-7.56524],[108.76281,-7.56512],[108.76325,-7.56524],[108.76327,-7.56524],[108.76327,-7.56525],[108.76327,-7.56569],[108.76372,-7.56569],[108.76372,-7.56535],[108.76418,-7.56546],[108.76418,-7.56546],[108.76443,-7.56552],[108.7645,-7.56553],[108.76463,-7.56556],[108.76463,-7.56556],[108.76508,-7.56564],[108.76508,-7.5657],[108.76538,-7.5657],[108.76553,-7.56573],[108.76553,-7.56615],[108.76553,-7.56616],[108.76598,-7.56616],[108.76643,-7.56616],[108.76643,-7.56661],[108.76598,-7.56661],[108.76553,-7.56661],[108.76508,-7.56661],[108.76507,-7.56661],[108.76462,-7.56661],[108.76462,-7.56705],[108.76462,-7.56706],[108.76416,-7.56706],[108.76416,-7.56705],[108.76371,-7.56705],[108.76371,-7.5666],[108.76326,-7.5666],[108.76326,-7.56705],[108.76326,-7.5675],[108.76371,-7.5675],[108.76371,-7.56795],[108.76371,-7.56841],[108.76415,-7.56841],[108.76416,-7.56841],[108.76461,-7.56841],[108.76461,-7.56886],[108.76461,-7.56931],[108.76415,-7.56931],[108.76415,-7.56976],[108.7646,-7.56976],[108.7646,-7.56977],[108.76505,-7.56977],[108.76505,-7.56932],[108.76505,-7.56887],[108.76505,-7.56886],[108.76551,-7.56886],[108.76551,-7.56887],[108.76596,-7.56887],[108.76597,-7.56887],[108.76641,-7.56887],[108.76642,-7.56887],[108.76642,-7.56842],[108.76597,-7.56842],[108.76597,-7.56797],[108.76597,-7.56751],[108.76643,-7.56751],[108.76643,-7.56797],[108.76643,-7.56842],[108.76687,-7.56842],[108.76687,-7.56797],[108.76733,-7.56797],[108.76778,-7.56797],[108.76823,-7.56797],[108.76823,-7.56798],[108.76824,-7.56798],[108.76868,-7.56798],[108.76869,-7.56798],[108.76869,-7.56843],[108.76913,-7.56843],[108.76914,-7.56843],[108.76959,-7.56843],[108.76959,-7.56889],[108.77003,-7.56889],[108.77003,-7.56844],[108.77049,-7.56844],[108.77049,-7.56799],[108.77094,-7.56799],[108.77095,-7.56799],[108.77095,-7.56754],[108.7705,-7.56754],[108.7705,-7.56709],[108.77095,-7.56709],[108.77096,-7.56709],[108.77141,-7.56709],[108.77141,-7.56754],[108.77185,-7.56754],[108.77186,-7.56754],[108.77231,-7.56754],[108.77231,-7.5671],[108.77231,-7.56709],[108.77231,-7.567],[108.77244,-7.56703],[108.77256,-7.56709],[108.77258,-7.56709],[108.77276,-7.56717],[108.77277,-7.56718],[108.77277,-7.56755],[108.77321,-7.56755],[108.77322,-7.56755],[108.77322,-7.56747],[108.77332,-7.56755],[108.77336,-7.56758],[108.77367,-7.56796],[108.77367,-7.568],[108.7737,-7.568],[108.77383,-7.56816],[108.77399,-7.56839],[108.77402,-7.56846],[108.77403,-7.56846],[108.77407,-7.56846],[108.77412,-7.56845],[108.7742,-7.56844],[108.77434,-7.56842],[108.77437,-7.56842],[108.77457,-7.5684],[108.77483,-7.56838],[108.77502,-7.56837],[108.77528,-7.56835],[108.77533,-7.56835],[108.77547,-7.56833],[108.77592,-7.5683],[108.77592,-7.5683],[108.77607,-7.56828],[108.77637,-7.56826],[108.77637,-7.56826],[108.77658,-7.56824],[108.7767,-7.56822],[108.77683,-7.56821],[108.77684,-7.56821],[108.77699,-7.5682],[108.77728,-7.56814],[108.77728,-7.56814],[108.77774,-7.56805],[108.77774,-7.56806],[108.77774,-7.56848],[108.77729,-7.56848],[108.77728,-7.56848],[108.77683,-7.56848],[108.77683,-7.56847],[108.77638,-7.56847],[108.77638,-7.56892],[108.77638,-7.56937],[108.77638,-7.56983],[108.77637,-7.56983],[108.77593,-7.56983],[108.77593,-7.57028],[108.77592,-7.57028],[108.77592,-7.57072],[108.77592,-7.57073],[108.77592,-7.57118],[108.77636,-7.57118],[108.77637,-7.57118],[108.77682,-7.57118],[108.77682,-7.57164],[108.77636,-7.57164],[108.77636,-7.57163],[108.77592,-7.57163],[108.77591,-7.57163],[108.77591,-7.57208],[108.77636,-7.57208],[108.77682,-7.57208],[108.77682,-7.57209],[108.77682,-7.57254],[108.77636,-7.57254],[108.77636,-7.57299],[108.7759,-7.57299],[108.7759,-7.57305],[108.7759,-7.57306],[108.7759,-7.57344],[108.77545,-7.57344],[108.77544,-7.57344],[108.77499,-7.57344],[108.77499,-7.57343],[108.77454,-7.57343],[108.77454,-7.57298],[108.77409,-7.57298],[108.77409,-7.57253],[108.77364,-7.57253],[108.77364,-7.57297],[108.77364,-7.57298],[108.77319,-7.57298],[108.77318,-7.57298],[108.77318,-7.57297],[108.77318,-7.57252],[108.77319,-7.57252],[108.77364,-7.57252],[108.77364,-7.57207],[108.77319,-7.57207],[108.77319,-7.57162],[108.77364,-7.57162],[108.77364,-7.57117],[108.77364,-7.57072],[108.7732,-7.57072],[108.7732,-7.57116],[108.7732,-7.57117],[108.77274,-7.57117],[108.77274,-7.57116],[108.77274,-7.57071],[108.77274,-7.57026],[108.77275,-7.57026],[108.77275,-7.56981],[108.77275,-7.56936],[108.7723,-7.56936],[108.7723,-7.5698],[108.7723,-7.56981],[108.77184,-7.56981],[108.77184,-7.5698],[108.77139,-7.5698],[108.77139,-7.57025],[108.77094,-7.57025],[108.77094,-7.5707],[108.77049,-7.5707],[108.77048,-7.5707],[108.77004,-7.5707],[108.77003,-7.5707],[108.76958,-7.5707],[108.76958,-7.57025],[108.76958,-7.57024],[108.76913,-7.57024],[108.76913,-7.57069],[108.76868,-7.57069],[108.76867,-7.57069],[108.76867,-7.57114],[108.76912,-7.57114],[108.76958,-7.57114],[108.76958,-7.57115],[108.77003,-7.57115],[108.77003,-7.5716],[108.76958,-7.5716],[108.76957,-7.5716],[108.76912,-7.5716],[108.76912,-7.57205],[108.76912,-7.5725],[108.76912,-7.57295],[108.76866,-7.57295],[108.76866,-7.5734],[108.76911,-7.5734],[108.76911,-7.57385],[108.76911,-7.57386],[108.76865,-7.57386],[108.76865,-7.57385],[108.76865,-7.5734],[108.7682,-7.5734],[108.7682,-7.57295],[108.76775,-7.57295],[108.76775,-7.5725],[108.76775,-7.57249],[108.76775,-7.57204],[108.76775,-7.57159],[108.76731,-7.57159],[108.76731,-7.57204],[108.7673,-7.57204],[108.7673,-7.57249],[108.7673,-7.57294],[108.76685,-7.57294],[108.76684,-7.57294],[108.7664,-7.57294],[108.76639,-7.57294],[108.76595,-7.57294],[108.76594,-7.57294],[108.76594,-7.57248],[108.7655,-7.57248],[108.7655,-7.57293],[108.76504,-7.57293],[108.76504,-7.57248],[108.76549,-7.57248],[108.76549,-7.57203],[108.76549,-7.57158],[108.76505,-7.57158],[108.76505,-7.57203],[108.76459,-7.57203],[108.76459,-7.57248],[108.76413,-7.57248],[108.76413,-7.57202],[108.76459,-7.57202],[108.76459,-7.57158],[108.76459,-7.57157],[108.76415,-7.57157],[108.76414,-7.57157],[108.76369,-7.57157],[108.76369,-7.57112],[108.76369,-7.57067],[108.76324,-7.57067],[108.76324,-7.57111],[108.76324,-7.57156],[108.76324,-7.57157],[108.76324,-7.57202],[108.76369,-7.57202],[108.76369,-7.57247],[108.76323,-7.57247],[108.76323,-7.57292],[108.76323,-7.57337],[108.76323,-7.57382],[108.76323,-7.57383],[108.76277,-7.57383],[108.76277,-7.57382],[108.76277,-7.57337],[108.76232,-7.57337],[108.76232,-7.57382],[108.76186,-7.57382],[108.76186,-7.57337],[108.76231,-7.57337],[108.76231,-7.57292],[108.76186,-7.57292],[108.76186,-7.57246],[108.76232,-7.57246],[108.76232,-7.57202],[108.76232,-7.57201],[108.76187,-7.57201],[108.76187,-7.57156],[108.76187,-7.57111],[108.76142,-7.57111],[108.76142,-7.57065],[108.76143,-7.57065],[108.76143,-7.5702],[108.76143,-7.56975],[108.76098,-7.56975],[108.76098,-7.5693],[108.76053,-7.5693],[108.76053,-7.56884],[108.76053,-7.56839],[108.76053,-7.56794],[108.76009,-7.56794],[108.76008,-7.56794],[108.75976,-7.56794],[108.75975,-7.56794],[108.75963,-7.56794]],[[108.76913,-7.56979],[108.76868,-7.56979],[108.76868,-7.56934],[108.76823,-7.56934],[108.76823,-7.56978],[108.76823,-7.56979],[108.76823,-7.57024],[108.76867,-7.57024],[108.76868,-7.57024],[108.76913,-7.57024],[108.76913,-7.56979]],[[108.76866,-7.5725],[108.76821,-7.5725],[108.76821,-7.57295],[108.76866,-7.57295],[108.76866,-7.5725]],[[108.76414,-7.57022],[108.7637,-7.57022],[108.7637,-7.57066],[108.76414,-7.57066],[108.76415,-7.57066],[108.76415,-7.57067],[108.76415,-7.57112],[108.76459,-7.57112],[108.7646,-7.57112],[108.76504,-7.57112],[108.76504,-7.57067],[108.76504,-7.57022],[108.7646,-7.57022],[108.76459,-7.57022],[108.76415,-7.57022],[108.76414,-7.57022]],[[108.76281,-7.56615],[108.76281,-7.56659],[108.76326,-7.56659],[108.76326,-7.56615],[108.76281,-7.56615]],[[108.76278,-7.57156],[108.76278,-7.57111],[108.76234,-7.57111],[108.76233,-7.57111],[108.76233,-7.57156],[108.76278,-7.57156]],[[108.76101,-7.56523],[108.761,-7.56523],[108.761,-7.56568],[108.76145,-7.56568],[108.76145,-7.56523],[108.76101,-7.56523]],[[108.76099,-7.56614],[108.76099,-7.56613],[108.76055,-7.56613],[108.76054,-7.56613],[108.76054,-7.56658],[108.76099,-7.56658],[108.76099,-7.56614]],[[108.76144,-7.56749],[108.76099,-7.56749],[108.76054,-7.56749],[108.76054,-7.56794],[108.76099,-7.56794],[108.76144,-7.56794],[108.76144,-7.56749]],[[108.76777,-7.56978],[108.76777,-7.56933],[108.76733,-7.56933],[108.76732,-7.56933],[108.76732,-7.56978],[108.76777,-7.56978]],[[108.76821,-7.57159],[108.76821,-7.57114],[108.76777,-7.57114],[108.76776,-7.57114],[108.76776,-7.57159],[108.76821,-7.57159]],[[108.76595,-7.57067],[108.76595,-7.57023],[108.76595,-7.57022],[108.76595,-7.56977],[108.76551,-7.56977],[108.76551,-7.57022],[108.7655,-7.57022],[108.7655,-7.57067],[108.76595,-7.57067]],[[108.76595,-7.57203],[108.76595,-7.57248],[108.76639,-7.57248],[108.76639,-7.57204],[108.76639,-7.57203],[108.76595,-7.57203]],[[108.77004,-7.56889],[108.77004,-7.56934],[108.77048,-7.56934],[108.77048,-7.56889],[108.77004,-7.56889]],[[108.77049,-7.57025],[108.77093,-7.57025],[108.77093,-7.5698],[108.77049,-7.5698],[108.77049,-7.57025]],[[108.76868,-7.56843],[108.76824,-7.56843],[108.76824,-7.56888],[108.76868,-7.56888],[108.76868,-7.56843]],[[108.77455,-7.57253],[108.77455,-7.57298],[108.77499,-7.57298],[108.77499,-7.57253],[108.775,-7.57253],[108.775,-7.57208],[108.77455,-7.57208],[108.7741,-7.57208],[108.7741,-7.57252],[108.77455,-7.57252],[108.77455,-7.57253]],[[108.77231,-7.568],[108.77276,-7.568],[108.77276,-7.56755],[108.77231,-7.56755],[108.77231,-7.568]],[[108.77365,-7.57026],[108.77365,-7.56982],[108.77365,-7.56981],[108.77365,-7.56936],[108.77321,-7.56936],[108.77321,-7.56981],[108.77321,-7.57026],[108.77365,-7.57026]],[[108.77501,-7.57117],[108.77546,-7.57117],[108.77546,-7.57073],[108.77501,-7.57073],[108.77501,-7.57117]],[[108.77545,-7.57253],[108.77545,-7.57278],[108.77545,-7.57279],[108.77545,-7.57298],[108.77577,-7.57298],[108.7759,-7.57298],[108.7759,-7.57254],[108.7759,-7.57253],[108.7759,-7.57208],[108.7757,-7.57208],[108.77546,-7.57208],[108.77546,-7.57253],[108.77545,-7.57253]],[[108.77545,-7.57163],[108.77501,-7.57163],[108.77501,-7.57208],[108.77545,-7.57208],[108.77545,-7.57163]],[[108.77547,-7.56982],[108.77547,-7.56937],[108.77502,-7.56937],[108.77502,-7.56982],[108.77547,-7.56982]]],[[[108.75874,-7.56703],[108.75828,-7.56703],[108.75828,-7.56702],[108.75828,-7.56657],[108.75874,-7.56657],[108.75874,-7.56702],[108.75874,-7.56703]]],[[[108.75919,-7.56432],[108.75919,-7.564],[108.75965,-7.56415],[108.75965,-7.56432],[108.75919,-7.56432]]],[[[108.76107,-7.64022],[108.76061,-7.64022],[108.76061,-7.63977],[108.76107,-7.63977],[108.76107,-7.64022]]],[[[108.76062,-7.63887],[108.76062,-7.63842],[108.76062,-7.63841],[108.76108,-7.63841],[108.76108,-7.63842],[108.76108,-7.63887],[108.76062,-7.63887]]],[[[108.76109,-7.63706],[108.76063,-7.63706],[108.76063,-7.63661],[108.76109,-7.63661],[108.76109,-7.63706]]],[[[108.76022,-7.62937],[108.76022,-7.62938],[108.76022,-7.62983],[108.76022,-7.63028],[108.75976,-7.63028],[108.75976,-7.62983],[108.75976,-7.62938],[108.75976,-7.62937],[108.76022,-7.62937]]],[[[108.76069,-7.62532],[108.76069,-7.62486],[108.76115,-7.62486],[108.76115,-7.62532],[108.76069,-7.62532]]],[[[108.76026,-7.6208],[108.76026,-7.62034],[108.76072,-7.62034],[108.76072,-7.6208],[108.76026,-7.6208]]],[[[108.76031,-7.6113],[108.76032,-7.6113],[108.76032,-7.61131],[108.76032,-7.61176],[108.76031,-7.61176],[108.75986,-7.61176],[108.75986,-7.61131],[108.75986,-7.6113],[108.76031,-7.6113]]],[[[108.7599,-7.60227],[108.7599,-7.60182],[108.76036,-7.60182],[108.76036,-7.60227],[108.7599,-7.60227]]],[[[108.76083,-7.59731],[108.76083,-7.59685],[108.76129,-7.59685],[108.76129,-7.59731],[108.76083,-7.59731]]],[[[108.76084,-7.59595],[108.76084,-7.5955],[108.7613,-7.5955],[108.7613,-7.59595],[108.76084,-7.59595]]],[[[108.76005,-7.57426],[108.76005,-7.57381],[108.76051,-7.57381],[108.76051,-7.57426],[108.76005,-7.57426]]],[[[108.76096,-7.57246],[108.76096,-7.57291],[108.76071,-7.57291],[108.76051,-7.57291],[108.7605,-7.57291],[108.7605,-7.57246],[108.76051,-7.57246],[108.76067,-7.57246],[108.76068,-7.57246],[108.76096,-7.57246]]],[[[108.76008,-7.56974],[108.76029,-7.56974],[108.76053,-7.56974],[108.76053,-7.5702],[108.76039,-7.5702],[108.76007,-7.5702],[108.76007,-7.56974],[108.75962,-7.56974],[108.75962,-7.56929],[108.76008,-7.56929],[108.76008,-7.56974]]],[[[108.76008,-7.56838],[108.76008,-7.56839],[108.76008,-7.56884],[108.76004,-7.56884],[108.75962,-7.56884],[108.75962,-7.56839],[108.75962,-7.56838],[108.7599,-7.56838],[108.76008,-7.56838]]],[[[108.76199,-7.63707],[108.76199,-7.63752],[108.76154,-7.63752],[108.76153,-7.63752],[108.76153,-7.63707],[108.76153,-7.63706],[108.76153,-7.63661],[108.76154,-7.63661],[108.76199,-7.63661],[108.76199,-7.63616],[108.76245,-7.63616],[108.76245,-7.63662],[108.76199,-7.63662],[108.76199,-7.63706],[108.76199,-7.63707]]],[[[108.76205,-7.62397],[108.76205,-7.62351],[108.76251,-7.62351],[108.76251,-7.62397],[108.76205,-7.62397]]],[[[108.76117,-7.61945],[108.76117,-7.61944],[108.76117,-7.61899],[108.76118,-7.61899],[108.76118,-7.61854],[108.76163,-7.61854],[108.76164,-7.61854],[108.76164,-7.61899],[108.76163,-7.61899],[108.76163,-7.61944],[108.76163,-7.61945],[108.76117,-7.61945]]],[[[108.76167,-7.61312],[108.76121,-7.61312],[108.76121,-7.61267],[108.76166,-7.61267],[108.76166,-7.61222],[108.76211,-7.61222],[108.76212,-7.61222],[108.76257,-7.61222],[108.76257,-7.61267],[108.76212,-7.61267],[108.76211,-7.61267],[108.76167,-7.61267],[108.76167,-7.61312]]],[[[108.76122,-7.61041],[108.76122,-7.60996],[108.76167,-7.60996],[108.76168,-7.60996],[108.76213,-7.60996],[108.76213,-7.61041],[108.76213,-7.61086],[108.76167,-7.61086],[108.76167,-7.61041],[108.76122,-7.61041]]],[[[108.76168,-7.60951],[108.76122,-7.60951],[108.76122,-7.60905],[108.76168,-7.60905],[108.76168,-7.60951]]],[[[108.7617,-7.60544],[108.7617,-7.60499],[108.76215,-7.60499],[108.76215,-7.60544],[108.7617,-7.60544]]],[[[108.76265,-7.59731],[108.76219,-7.59731],[108.76219,-7.59686],[108.76265,-7.59686],[108.76265,-7.59731]]],[[[108.76272,-7.58331],[108.76317,-7.58331],[108.76318,-7.58331],[108.76363,-7.58331],[108.76363,-7.58286],[108.76408,-7.58286],[108.76408,-7.58332],[108.76363,-7.58332],[108.76363,-7.58377],[108.76317,-7.58377],[108.76317,-7.58421],[108.76317,-7.58422],[108.76271,-7.58422],[108.76271,-7.58421],[108.76226,-7.58421],[108.76226,-7.58376],[108.76271,-7.58376],[108.76272,-7.58376],[108.76272,-7.58331]]],[[[108.7614,-7.57608],[108.7614,-7.57562],[108.76186,-7.57562],[108.76186,-7.57608],[108.7614,-7.57608]]],[[[108.76335,-7.63753],[108.76289,-7.63753],[108.76289,-7.63752],[108.76289,-7.63707],[108.76335,-7.63707],[108.76335,-7.63752],[108.76335,-7.63753]]],[[[108.76384,-7.62984],[108.76384,-7.6294],[108.76429,-7.6294],[108.7643,-7.6294],[108.76475,-7.6294],[108.76475,-7.62985],[108.76519,-7.62985],[108.7652,-7.62985],[108.7652,-7.62941],[108.7652,-7.6294],[108.7652,-7.62895],[108.7652,-7.6285],[108.76565,-7.6285],[108.76565,-7.62805],[108.76565,-7.6276],[108.76565,-7.62715],[108.76566,-7.62715],[108.76566,-7.6267],[108.76521,-7.6267],[108.76521,-7.62669],[108.76521,-7.62624],[108.76566,-7.62624],[108.76566,-7.62579],[108.76612,-7.62579],[108.76612,-7.62624],[108.76612,-7.62625],[108.76567,-7.62625],[108.76567,-7.62669],[108.76597,-7.62669],[108.76597,-7.6267],[108.76597,-7.62687],[108.76597,-7.62715],[108.76597,-7.62741],[108.76611,-7.62741],[108.76615,-7.62741],[108.76615,-7.62758],[108.76633,-7.62758],[108.76633,-7.62759],[108.76633,-7.6276],[108.76633,-7.62776],[108.76656,-7.62776],[108.76656,-7.62777],[108.76656,-7.62805],[108.76702,-7.62805],[108.76702,-7.62806],[108.76702,-7.62851],[108.76701,-7.62851],[108.76701,-7.62896],[108.76746,-7.62896],[108.76746,-7.62851],[108.76792,-7.62851],[108.76792,-7.62896],[108.76792,-7.62897],[108.76792,-7.62942],[108.76836,-7.62942],[108.76836,-7.62897],[108.76882,-7.62897],[108.76882,-7.62942],[108.76837,-7.62942],[108.76837,-7.62987],[108.76881,-7.62987],[108.76882,-7.62987],[108.76898,-7.62987],[108.76927,-7.62987],[108.76927,-7.63033],[108.76882,-7.63033],[108.76881,-7.63033],[108.76836,-7.63033],[108.76836,-7.63032],[108.76836,-7.63003],[108.76836,-7.62987],[108.76791,-7.62987],[108.76791,-7.63006],[108.76791,-7.63032],[108.76746,-7.63032],[108.76746,-7.63006],[108.76746,-7.63005],[108.76746,-7.62987],[108.76701,-7.62987],[108.76701,-7.63005],[108.76701,-7.63032],[108.76655,-7.63032],[108.76655,-7.63031],[108.76611,-7.63031],[108.7661,-7.63031],[108.7661,-7.63076],[108.76565,-7.63076],[108.76564,-7.63076],[108.76519,-7.63076],[108.76519,-7.63031],[108.76474,-7.63031],[108.76474,-7.6303],[108.76429,-7.6303],[108.76425,-7.6303],[108.76424,-7.6303],[108.76384,-7.6303],[108.76383,-7.6303],[108.76338,-7.6303],[108.76338,-7.62985],[108.76338,-7.62984],[108.76384,-7.62984]]],[[[108.7634,-7.62668],[108.76385,-7.62668],[108.76385,-7.62623],[108.76386,-7.62623],[108.76431,-7.62623],[108.76431,-7.62669],[108.76386,-7.62669],[108.76386,-7.62714],[108.76385,-7.62714],[108.7634,-7.62714],[108.7634,-7.62668]]],[[[108.76387,-7.62397],[108.76387,-7.62398],[108.76341,-7.62398],[108.76341,-7.62397],[108.76341,-7.62352],[108.76387,-7.62352],[108.76387,-7.62397]]],[[[108.76478,-7.62307],[108.76478,-7.62263],[108.76478,-7.62262],[108.76478,-7.62219],[108.76506,-7.62219],[108.76506,-7.62255],[108.76524,-7.62255],[108.76543,-7.62255],[108.76543,-7.62218],[108.76543,-7.62217],[108.76543,-7.62201],[108.76525,-7.62201],[108.76525,-7.62183],[108.76543,-7.62183],[108.76543,-7.62173],[108.76543,-7.62172],[108.76543,-7.62147],[108.76524,-7.62147],[108.76506,-7.62147],[108.76506,-7.62165],[108.76479,-7.62165],[108.76434,-7.62165],[108.76434,-7.62172],[108.76434,-7.62201],[108.7647,-7.62201],[108.7647,-7.62217],[108.76433,-7.62217],[108.76433,-7.62172],[108.76388,-7.62172],[108.76388,-7.62127],[108.76388,-7.62126],[108.76388,-7.62082],[108.76388,-7.62081],[108.76388,-7.62036],[108.76344,-7.62036],[108.76343,-7.62036],[108.76343,-7.61991],[108.76344,-7.61991],[108.76388,-7.61991],[108.76389,-7.61991],[108.76434,-7.61991],[108.76434,-7.62036],[108.76479,-7.62036],[108.76479,-7.61992],[108.76479,-7.61991],[108.76479,-7.61946],[108.76525,-7.61946],[108.76525,-7.61991],[108.76525,-7.61992],[108.76525,-7.62037],[108.76569,-7.62037],[108.76569,-7.61992],[108.76615,-7.61992],[108.76615,-7.62037],[108.7657,-7.62037],[108.7657,-7.62082],[108.76614,-7.62082],[108.76615,-7.62082],[108.7666,-7.62082],[108.7666,-7.62083],[108.76705,-7.62083],[108.76705,-7.62128],[108.76705,-7.62173],[108.7675,-7.62173],[108.76796,-7.62173],[108.76796,-7.62174],[108.7684,-7.62174],[108.76841,-7.62174],[108.76886,-7.62174],[108.76886,-7.62219],[108.76931,-7.62219],[108.76931,-7.6222],[108.76976,-7.6222],[108.76976,-7.62175],[108.76977,-7.62175],[108.76977,-7.6213],[108.76977,-7.62129],[108.77023,-7.62129],[108.77023,-7.6213],[108.77023,-7.62175],[108.77022,-7.62175],[108.77022,-7.6222],[108.77067,-7.6222],[108.77067,-7.62175],[108.77112,-7.62175],[108.77113,-7.62175],[108.77158,-7.62175],[108.77158,-7.62221],[108.77113,-7.62221],[108.77113,-7.62266],[108.77067,-7.62266],[108.77067,-7.6231],[108.77067,-7.62311],[108.77111,-7.62311],[108.77112,-7.62311],[108.77157,-7.62311],[108.77157,-7.62356],[108.77202,-7.62356],[108.77202,-7.62401],[108.77202,-7.62402],[108.77247,-7.62402],[108.77248,-7.62402],[108.77292,-7.62402],[108.77292,-7.62357],[108.77338,-7.62357],[108.77383,-7.62357],[108.77428,-7.62357],[108.77429,-7.62357],[108.77429,-7.62403],[108.77428,-7.62403],[108.77383,-7.62403],[108.77338,-7.62403],[108.77338,-7.62402],[108.77293,-7.62402],[108.77293,-7.62447],[108.77338,-7.62447],[108.77338,-7.62448],[108.77383,-7.62448],[108.77383,-7.62493],[108.77428,-7.62493],[108.77473,-7.62493],[108.77474,-7.62493],[108.77474,-7.62539],[108.77473,-7.62539],[108.77473,-7.62584],[108.77518,-7.62584],[108.77518,-7.62539],[108.77563,-7.62539],[108.77564,-7.62539],[108.77608,-7.62539],[108.77609,-7.62539],[108.77609,-7.62584],[108.77653,-7.62584],[108.77654,-7.62584],[108.77654,-7.62585],[108.77698,-7.62585],[108.77699,-7.62585],[108.77744,-7.62585],[108.7779,-7.62585],[108.7779,-7.62631],[108.77834,-7.62631],[108.77834,-7.62676],[108.77879,-7.62676],[108.77879,-7.62631],[108.77879,-7.62586],[108.77835,-7.62586],[108.77835,-7.62541],[108.77835,-7.6254],[108.77835,-7.62495],[108.7779,-7.62495],[108.77744,-7.62495],[108.77744,-7.6245],[108.77699,-7.6245],[108.77699,-7.62404],[108.77745,-7.62404],[108.7779,-7.62404],[108.7779,-7.6236],[108.7779,-7.62359],[108.77791,-7.62359],[108.77791,-7.62314],[108.77837,-7.62314],[108.77837,-7.6236],[108.77836,-7.6236],[108.77836,-7.62405],[108.77791,-7.62405],[108.77791,-7.6245],[108.77836,-7.6245],[108.77836,-7.62495],[108.77874,-7.62495],[108.7788,-7.62495],[108.77881,-7.62495],[108.77926,-7.62495],[108.77926,-7.62496],[108.77926,-7.62541],[108.77926,-7.62579],[108.77926,-7.62586],[108.77929,-7.62586],[108.77971,-7.62586],[108.77971,-7.62541],[108.77971,-7.62496],[108.78017,-7.62496],[108.78017,-7.62541],[108.78017,-7.62587],[108.78061,-7.62587],[108.78061,-7.62632],[108.78061,-7.62677],[108.78015,-7.62677],[108.78015,-7.62632],[108.78015,-7.62587],[108.77971,-7.62587],[108.77971,-7.62631],[108.77971,-7.62632],[108.77941,-7.62632],[108.77925,-7.62632],[108.77925,-7.62676],[108.77925,-7.62677],[108.77925,-7.62721],[108.77925,-7.62722],[108.77925,-7.62767],[108.77924,-7.62767],[108.77924,-7.62812],[108.77942,-7.62812],[108.77943,-7.62812],[108.77969,-7.62812],[108.77969,-7.62857],[108.77947,-7.62857],[108.77924,-7.62857],[108.77879,-7.62857],[108.77879,-7.62902],[108.77834,-7.62902],[108.77834,-7.62947],[108.77788,-7.62947],[108.77788,-7.62992],[108.77788,-7.63037],[108.77742,-7.63037],[108.77696,-7.63037],[108.77696,-7.62992],[108.77652,-7.62992],[108.77652,-7.63036],[108.77652,-7.63037],[108.77606,-7.63037],[108.77606,-7.63081],[108.77561,-7.63081],[108.7756,-7.63081],[108.7756,-7.63126],[108.77515,-7.63126],[108.77515,-7.63081],[108.7747,-7.63081],[108.7747,-7.63126],[108.7747,-7.63171],[108.77515,-7.63171],[108.77515,-7.63216],[108.77515,-7.63217],[108.77469,-7.63217],[108.77469,-7.63216],[108.77469,-7.63171],[108.77424,-7.63171],[108.77424,-7.63126],[108.77425,-7.63126],[108.77425,-7.63081],[108.77425,-7.6308],[108.7747,-7.6308],[108.7747,-7.63036],[108.77425,-7.63036],[108.77425,-7.63035],[108.77425,-7.6299],[108.77425,-7.62979],[108.77425,-7.62945],[108.7747,-7.62945],[108.77471,-7.62945],[108.77507,-7.62945],[108.77515,-7.62945],[108.77516,-7.62945],[108.77516,-7.62933],[108.77516,-7.62901],[108.77516,-7.629],[108.77471,-7.629],[108.77471,-7.62855],[108.77425,-7.62855],[108.77425,-7.62809],[108.77426,-7.62809],[108.77426,-7.62765],[108.77426,-7.62764],[108.77381,-7.62764],[108.77381,-7.62719],[108.77381,-7.62674],[108.77426,-7.62674],[108.77427,-7.62674],[108.77427,-7.62629],[108.77427,-7.62584],[108.77382,-7.62584],[108.77382,-7.62583],[108.77337,-7.62583],[108.77337,-7.62538],[108.77337,-7.62493],[108.77293,-7.62493],[108.77292,-7.62493],[108.77292,-7.62537],[108.77292,-7.62538],[108.77292,-7.62583],[108.77246,-7.62583],[108.77246,-7.62538],[108.77246,-7.62537],[108.77202,-7.62537],[108.77201,-7.62537],[108.77156,-7.62537],[108.77156,-7.62492],[108.77111,-7.62492],[108.77111,-7.62537],[108.77066,-7.62537],[108.77065,-7.62537],[108.7702,-7.62537],[108.7702,-7.62536],[108.7702,-7.62491],[108.76975,-7.62491],[108.76974,-7.62491],[108.76974,-7.62446],[108.76975,-7.62446],[108.76975,-7.62401],[108.76975,-7.624],[108.76975,-7.62356],[108.76975,-7.62355],[108.76975,-7.6231],[108.76931,-7.6231],[108.76931,-7.62355],[108.76885,-7.62355],[108.76885,-7.624],[108.7684,-7.624],[108.76839,-7.624],[108.76795,-7.624],[108.76794,-7.624],[108.76749,-7.624],[108.76749,-7.62399],[108.76704,-7.62399],[108.76659,-7.62399],[108.76659,-7.62444],[108.76659,-7.62489],[108.76658,-7.62489],[108.76658,-7.62534],[108.76703,-7.62534],[108.76703,-7.6249],[108.76703,-7.62489],[108.76749,-7.62489],[108.76749,-7.6249],[108.76794,-7.6249],[108.76839,-7.6249],[108.7684,-7.6249],[108.7684,-7.62535],[108.76839,-7.62535],[108.76794,-7.62535],[108.76749,-7.62535],[108.76748,-7.62535],[108.76703,-7.62535],[108.76703,-7.6258],[108.76657,-7.6258],[108.76657,-7.62534],[108.76612,-7.62534],[108.76612,-7.62489],[108.76567,-7.62489],[108.76567,-7.62444],[108.76568,-7.62444],[108.76568,-7.62399],[108.76568,-7.62398],[108.76568,-7.62354],[108.76568,-7.62353],[108.76524,-7.62353],[108.76523,-7.62353],[108.76523,-7.62398],[108.76478,-7.62398],[108.76477,-7.62398],[108.76432,-7.62398],[108.76432,-7.62353],[108.76432,-7.62352],[108.76432,-7.62307],[108.76387,-7.62307],[108.76387,-7.62262],[108.76433,-7.62262],[108.76433,-7.62307],[108.76478,-7.62307]],[[108.77788,-7.62902],[108.77833,-7.62902],[108.77833,-7.62876],[108.77833,-7.62857],[108.77833,-7.62812],[108.77833,-7.62811],[108.77834,-7.62811],[108.77878,-7.62811],[108.77878,-7.62767],[108.77834,-7.62767],[108.77833,-7.62767],[108.77833,-7.62721],[108.77789,-7.62721],[108.77788,-7.62721],[108.77788,-7.62676],[108.77788,-7.62631],[108.77744,-7.62631],[108.77744,-7.6263],[108.77699,-7.6263],[108.77699,-7.62675],[108.77744,-7.62675],[108.77744,-7.6272],[108.77744,-7.62721],[108.77744,-7.62766],[108.77789,-7.62766],[108.77789,-7.62811],[108.77744,-7.62811],[108.77743,-7.62811],[108.77737,-7.62811],[108.77699,-7.62811],[108.77698,-7.62811],[108.77653,-7.62811],[108.77653,-7.62856],[108.77608,-7.62856],[108.77607,-7.62856],[108.77607,-7.629],[108.77607,-7.62901],[108.77607,-7.62946],[108.77607,-7.62991],[108.77651,-7.62991],[108.77651,-7.62946],[108.77652,-7.62946],[108.77652,-7.62901],[108.77698,-7.62901],[108.77698,-7.62946],[108.77697,-7.62946],[108.77697,-7.62991],[108.77742,-7.62991],[108.77742,-7.62947],[108.77788,-7.62947],[108.77788,-7.62902]],[[108.77515,-7.63036],[108.77515,-7.62991],[108.7747,-7.62991],[108.7747,-7.63035],[108.7747,-7.63036],[108.77515,-7.63036]],[[108.76885,-7.6231],[108.7684,-7.6231],[108.7684,-7.62354],[108.7684,-7.62355],[108.76885,-7.62355],[108.76885,-7.6231]],[[108.77202,-7.62447],[108.77202,-7.62492],[108.77246,-7.62492],[108.77247,-7.62492],[108.77247,-7.62447],[108.77202,-7.62447]],[[108.77111,-7.62446],[108.77156,-7.62446],[108.77156,-7.62402],[108.77156,-7.62401],[108.77112,-7.62401],[108.77111,-7.62401],[108.77066,-7.62401],[108.77021,-7.62401],[108.77021,-7.62446],[108.77065,-7.62446],[108.77066,-7.62446],[108.77111,-7.62446]],[[108.7675,-7.62264],[108.7675,-7.62309],[108.76794,-7.62309],[108.76794,-7.62264],[108.7675,-7.62264]],[[108.77473,-7.62674],[108.77472,-7.62674],[108.77472,-7.62719],[108.77517,-7.62719],[108.77517,-7.62675],[108.77517,-7.62674],[108.77473,-7.62674]],[[108.77607,-7.6272],[108.77608,-7.6272],[108.77608,-7.62675],[108.77563,-7.62675],[108.77563,-7.6272],[108.77607,-7.6272]],[[108.77562,-7.6281],[108.77517,-7.6281],[108.77517,-7.62855],[108.77561,-7.62855],[108.77562,-7.62855],[108.77562,-7.6281]],[[108.77517,-7.62764],[108.77517,-7.62765],[108.77562,-7.62765],[108.77562,-7.6272],[108.77517,-7.6272],[108.77517,-7.62764]]],[[[108.76389,-7.6181],[108.7639,-7.6181],[108.7639,-7.61765],[108.76436,-7.61765],[108.76436,-7.6181],[108.76481,-7.6181],[108.76481,-7.61856],[108.7648,-7.61856],[108.7648,-7.61901],[108.76435,-7.61901],[108.76434,-7.61901],[108.76389,-7.61901],[108.76389,-7.61856],[108.76389,-7.61855],[108.76389,-7.6181]]],[[[108.76394,-7.61133],[108.76348,-7.61133],[108.76348,-7.61132],[108.76348,-7.61087],[108.76394,-7.61087],[108.76394,-7.61132],[108.76394,-7.61133]]],[[[108.76259,-7.60906],[108.76259,-7.60861],[108.76305,-7.60861],[108.76305,-7.60906],[108.76259,-7.60906]]],[[[108.76353,-7.60184],[108.76308,-7.60184],[108.76308,-7.60138],[108.76353,-7.60138],[108.76354,-7.60138],[108.76354,-7.60184],[108.76353,-7.60184]]],[[[108.76444,-7.60049],[108.76398,-7.60049],[108.76398,-7.60003],[108.76444,-7.60003],[108.76444,-7.60049]]],[[[108.76309,-7.59822],[108.76309,-7.59783],[108.76309,-7.59777],[108.76355,-7.59777],[108.76355,-7.59787],[108.76355,-7.59822],[108.76309,-7.59822]]],[[[108.76356,-7.59732],[108.7631,-7.59732],[108.7631,-7.59687],[108.7631,-7.59686],[108.76356,-7.59686],[108.76356,-7.59687],[108.76356,-7.59732]]],[[[108.76495,-7.59145],[108.76495,-7.5919],[108.76495,-7.59191],[108.76449,-7.59191],[108.76449,-7.5919],[108.76449,-7.59145],[108.76404,-7.59145],[108.76404,-7.591],[108.7645,-7.591],[108.7645,-7.59145],[108.76495,-7.59145]]],[[[108.76407,-7.58467],[108.76407,-7.58422],[108.76407,-7.58377],[108.76453,-7.58377],[108.76453,-7.58422],[108.76453,-7.58467],[108.76407,-7.58467]]],[[[108.76363,-7.58241],[108.76363,-7.58246],[108.76363,-7.58255],[108.76363,-7.58286],[108.76318,-7.58286],[108.76318,-7.58241],[108.76334,-7.58241],[108.76343,-7.58241],[108.76363,-7.58241]]],[[[108.76408,-7.58151],[108.76408,-7.58106],[108.76454,-7.58106],[108.76454,-7.58151],[108.76408,-7.58151]]],[[[108.76504,-7.57383],[108.76549,-7.57383],[108.76549,-7.57429],[108.76504,-7.57429],[108.76503,-7.57429],[108.76458,-7.57429],[108.76458,-7.57428],[108.76412,-7.57428],[108.76412,-7.57383],[108.76367,-7.57383],[108.76367,-7.57338],[108.76413,-7.57338],[108.76413,-7.57383],[108.76458,-7.57383],[108.76503,-7.57383],[108.76504,-7.57383]]],[[[108.76605,-7.6407],[108.76559,-7.6407],[108.76559,-7.64025],[108.76605,-7.64025],[108.76605,-7.6407]]],[[[108.76469,-7.63889],[108.76469,-7.63844],[108.76515,-7.63844],[108.76515,-7.63889],[108.76469,-7.63889]]],[[[108.76476,-7.62804],[108.76476,-7.62805],[108.7643,-7.62805],[108.7643,-7.62804],[108.7643,-7.62759],[108.76476,-7.62759],[108.76476,-7.62804]]],[[[108.76572,-7.6154],[108.76527,-7.6154],[108.76527,-7.61495],[108.76572,-7.61495],[108.76572,-7.6154]]],[[[108.76532,-7.60636],[108.76486,-7.60636],[108.76486,-7.60591],[108.76532,-7.60591],[108.76532,-7.60636]]],[[[108.76441,-7.60546],[108.76441,-7.605],[108.76487,-7.605],[108.76487,-7.60455],[108.76442,-7.60455],[108.76442,-7.6041],[108.76488,-7.6041],[108.76488,-7.60455],[108.76533,-7.60455],[108.76533,-7.60501],[108.76487,-7.60501],[108.76487,-7.60546],[108.76441,-7.60546]]],[[[108.76488,-7.60275],[108.76443,-7.60275],[108.76443,-7.60229],[108.76488,-7.60229],[108.76489,-7.60229],[108.76489,-7.60275],[108.76488,-7.60275]]],[[[108.76579,-7.60185],[108.76579,-7.6014],[108.76625,-7.6014],[108.76625,-7.60185],[108.76579,-7.60185]]],[[[108.76535,-7.60004],[108.76489,-7.60004],[108.76489,-7.59959],[108.76489,-7.59958],[108.76535,-7.59958],[108.76535,-7.59959],[108.76535,-7.60004]]],[[[108.76536,-7.59914],[108.7649,-7.59914],[108.7649,-7.59913],[108.7649,-7.59868],[108.76536,-7.59868],[108.76536,-7.59913],[108.76536,-7.59914]]],[[[108.76447,-7.59506],[108.76492,-7.59506],[108.76492,-7.59507],[108.76492,-7.59552],[108.76447,-7.59552],[108.76446,-7.59552],[108.76446,-7.59507],[108.76446,-7.59506],[108.76447,-7.59506]]],[[[108.7654,-7.59101],[108.7654,-7.59055],[108.76585,-7.59055],[108.76585,-7.59101],[108.7654,-7.59101]]],[[[108.7674,-7.64252],[108.76739,-7.64252],[108.76694,-7.64252],[108.76694,-7.64206],[108.76739,-7.64206],[108.7674,-7.64206],[108.7674,-7.64252]]],[[[108.76607,-7.63664],[108.76607,-7.63618],[108.76653,-7.63618],[108.76653,-7.63664],[108.76607,-7.63664]]],[[[108.76698,-7.63438],[108.76698,-7.63393],[108.76744,-7.63393],[108.76744,-7.63438],[108.76698,-7.63438]]],[[[108.76745,-7.63303],[108.76745,-7.63348],[108.7679,-7.63348],[108.7679,-7.63393],[108.76744,-7.63393],[108.76744,-7.63348],[108.76699,-7.63348],[108.76699,-7.63303],[108.76745,-7.63303]]],[[[108.767,-7.63258],[108.76654,-7.63258],[108.76654,-7.63257],[108.76654,-7.63212],[108.767,-7.63212],[108.767,-7.63257],[108.767,-7.63258]]],[[[108.76751,-7.61993],[108.76797,-7.61993],[108.76797,-7.62038],[108.76751,-7.62038],[108.76751,-7.62083],[108.76705,-7.62083],[108.76705,-7.62038],[108.76705,-7.61993],[108.76705,-7.61992],[108.76751,-7.61992],[108.76751,-7.61993]]],[[[108.76752,-7.61857],[108.76707,-7.61857],[108.76707,-7.61812],[108.76752,-7.61812],[108.76753,-7.61812],[108.76753,-7.61857],[108.76752,-7.61857]]],[[[108.76752,-7.61722],[108.76752,-7.61677],[108.76752,-7.61676],[108.76798,-7.61676],[108.76798,-7.61677],[108.76798,-7.61722],[108.76798,-7.61767],[108.76752,-7.61767],[108.76752,-7.61722]]],[[[108.76617,-7.61586],[108.76617,-7.6154],[108.76663,-7.6154],[108.76663,-7.61586],[108.76617,-7.61586]]],[[[108.76807,-7.60109],[108.76807,-7.60141],[108.76806,-7.60141],[108.76806,-7.60186],[108.76851,-7.60186],[108.76851,-7.60231],[108.76896,-7.60231],[108.76896,-7.60186],[108.76942,-7.60186],[108.76942,-7.60232],[108.76896,-7.60232],[108.76896,-7.60277],[108.7685,-7.60277],[108.7685,-7.60231],[108.76805,-7.60231],[108.76805,-7.60186],[108.7676,-7.60186],[108.7676,-7.60141],[108.76715,-7.60141],[108.76715,-7.6014],[108.76715,-7.60095],[108.76716,-7.60095],[108.76716,-7.6005],[108.76762,-7.6005],[108.76762,-7.60095],[108.76797,-7.60095],[108.76807,-7.60095],[108.76807,-7.60109]]],[[[108.76671,-7.60005],[108.76671,-7.59959],[108.76713,-7.59959],[108.76717,-7.59959],[108.76717,-7.59976],[108.76717,-7.60005],[108.76671,-7.60005]]],[[[108.76852,-7.5996],[108.76807,-7.5996],[108.76762,-7.5996],[108.76762,-7.59915],[108.76807,-7.59915],[108.76852,-7.59915],[108.76852,-7.5996]]],[[[108.76717,-7.59915],[108.76717,-7.59869],[108.76762,-7.59869],[108.76762,-7.59915],[108.76717,-7.59915]]],[[[108.76763,-7.59553],[108.76764,-7.59553],[108.76809,-7.59553],[108.76809,-7.59509],[108.76809,-7.59508],[108.76809,-7.59463],[108.76855,-7.59463],[108.76855,-7.59418],[108.7681,-7.59418],[108.7681,-7.59373],[108.76855,-7.59373],[108.76856,-7.59373],[108.76856,-7.59418],[108.769,-7.59418],[108.76901,-7.59418],[108.76901,-7.59463],[108.76901,-7.59464],[108.76901,-7.59509],[108.76945,-7.59509],[108.76946,-7.59509],[108.76946,-7.59554],[108.7699,-7.59554],[108.76991,-7.59554],[108.76991,-7.596],[108.77035,-7.596],[108.77035,-7.59555],[108.7708,-7.59555],[108.7708,-7.5951],[108.77081,-7.5951],[108.77125,-7.5951],[108.77126,-7.5951],[108.77126,-7.59465],[108.77126,-7.5942],[108.77171,-7.5942],[108.77172,-7.5942],[108.77217,-7.5942],[108.77217,-7.59465],[108.77217,-7.5951],[108.77262,-7.5951],[108.77262,-7.59556],[108.77262,-7.59601],[108.77307,-7.59601],[108.77307,-7.59646],[108.77261,-7.59646],[108.77261,-7.59691],[108.77216,-7.59691],[108.77216,-7.59646],[108.77171,-7.59646],[108.77171,-7.59691],[108.77125,-7.59691],[108.77125,-7.59646],[108.7708,-7.59646],[108.7708,-7.59645],[108.7708,-7.596],[108.77036,-7.596],[108.77036,-7.59645],[108.77035,-7.59645],[108.77035,-7.5969],[108.77035,-7.59735],[108.76989,-7.59735],[108.76989,-7.5969],[108.76989,-7.59645],[108.76945,-7.59645],[108.76944,-7.59645],[108.76899,-7.59645],[108.76899,-7.59644],[108.76854,-7.59644],[108.76854,-7.59599],[108.76809,-7.59599],[108.76763,-7.59599],[108.76763,-7.59598],[108.76718,-7.59598],[108.76718,-7.59553],[108.76763,-7.59553]],[[108.77125,-7.59555],[108.77081,-7.59555],[108.77081,-7.596],[108.77125,-7.596],[108.77125,-7.59555]],[[108.77216,-7.59556],[108.77171,-7.59556],[108.77171,-7.596],[108.77216,-7.596],[108.77216,-7.59556]]],[[[108.76719,-7.59417],[108.76765,-7.59417],[108.76765,-7.59418],[108.76765,-7.59463],[108.76765,-7.59508],[108.76719,-7.59508],[108.76719,-7.59463],[108.76719,-7.59418],[108.76719,-7.59417]]],[[[108.76629,-7.59282],[108.76629,-7.59236],[108.76675,-7.59236],[108.76675,-7.59282],[108.76629,-7.59282]]],[[[108.76767,-7.59056],[108.76721,-7.59056],[108.76721,-7.59011],[108.76767,-7.59011],[108.76767,-7.59056]]],[[[108.76815,-7.58333],[108.76815,-7.58289],[108.76861,-7.58289],[108.76861,-7.58334],[108.76816,-7.58334],[108.76816,-7.58379],[108.7677,-7.58379],[108.7677,-7.58334],[108.76725,-7.58334],[108.76725,-7.58362],[108.76725,-7.58378],[108.76679,-7.58378],[108.76679,-7.58364],[108.76679,-7.58363],[108.76679,-7.58333],[108.76724,-7.58333],[108.76724,-7.58288],[108.7677,-7.58288],[108.7677,-7.58333],[108.76815,-7.58333]]],[[[108.76594,-7.57429],[108.76594,-7.57384],[108.76639,-7.57384],[108.7664,-7.57384],[108.76685,-7.57384],[108.76685,-7.57429],[108.76685,-7.5743],[108.76639,-7.5743],[108.76639,-7.57429],[108.76594,-7.57429]]],[[[108.76643,-7.56707],[108.76643,-7.56661],[108.76688,-7.56661],[108.76688,-7.56707],[108.76643,-7.56707]]],[[[108.76962,-7.65066],[108.76961,-7.65066],[108.76961,-7.65021],[108.76962,-7.65021],[108.77007,-7.65021],[108.77007,-7.65066],[108.76962,-7.65066]]],[[[108.76875,-7.64253],[108.76875,-7.64252],[108.76875,-7.64207],[108.76921,-7.64207],[108.76921,-7.64252],[108.76921,-7.64253],[108.76875,-7.64253]]],[[[108.76968,-7.63756],[108.76968,-7.63711],[108.77014,-7.63711],[108.77014,-7.63756],[108.76968,-7.63756]]],[[[108.76924,-7.63575],[108.76924,-7.6362],[108.76878,-7.6362],[108.76878,-7.63575],[108.76833,-7.63575],[108.76833,-7.63529],[108.76833,-7.63484],[108.76788,-7.63484],[108.76788,-7.63439],[108.76834,-7.63439],[108.76834,-7.63394],[108.76879,-7.63394],[108.7688,-7.63394],[108.76925,-7.63394],[108.76925,-7.63439],[108.76925,-7.63484],[108.7697,-7.63484],[108.7697,-7.63485],[108.77015,-7.63485],[108.77015,-7.6353],[108.77015,-7.63575],[108.77015,-7.6362],[108.77015,-7.63621],[108.76969,-7.63621],[108.76969,-7.6362],[108.76969,-7.63575],[108.76924,-7.63575]],[[108.76834,-7.63484],[108.76879,-7.63484],[108.76879,-7.63439],[108.76834,-7.63439],[108.76834,-7.63484]]],[[[108.77061,-7.63169],[108.77107,-7.63169],[108.77107,-7.63214],[108.77062,-7.63214],[108.77062,-7.63259],[108.77062,-7.63304],[108.77062,-7.63305],[108.77061,-7.63305],[108.77016,-7.63305],[108.77016,-7.63304],[108.76971,-7.63304],[108.76971,-7.63259],[108.77016,-7.63259],[108.77016,-7.63214],[108.77061,-7.63214],[108.77061,-7.63169]]],[[[108.76836,-7.63122],[108.76836,-7.63123],[108.76836,-7.63168],[108.76881,-7.63168],[108.76881,-7.63213],[108.76881,-7.63258],[108.76835,-7.63258],[108.76835,-7.63213],[108.76835,-7.63168],[108.7679,-7.63168],[108.7679,-7.63122],[108.76791,-7.63122],[108.76791,-7.63077],[108.76836,-7.63077],[108.76836,-7.63122]]],[[[108.76972,-7.62988],[108.77017,-7.62988],[108.77017,-7.62977],[108.77017,-7.62943],[108.77063,-7.62943],[108.77109,-7.62943],[108.77109,-7.62988],[108.77154,-7.62988],[108.77154,-7.62989],[108.77199,-7.62989],[108.77219,-7.62989],[108.77245,-7.62989],[108.77245,-7.63034],[108.77244,-7.63034],[108.77244,-7.63079],[108.77244,-7.6308],[108.77244,-7.63125],[108.77198,-7.63125],[108.77198,-7.6308],[108.77198,-7.63079],[108.77198,-7.63034],[108.77154,-7.63034],[108.77153,-7.63034],[108.77108,-7.63034],[108.77108,-7.62992],[108.77108,-7.62989],[108.77081,-7.62989],[108.77063,-7.62989],[108.77063,-7.62988],[108.77018,-7.62988],[108.77018,-7.63033],[108.77017,-7.63033],[108.77017,-7.63078],[108.76971,-7.63078],[108.76971,-7.63033],[108.76972,-7.63033],[108.76972,-7.62988]]],[[[108.76927,-7.62943],[108.76927,-7.62897],[108.76973,-7.62897],[108.76973,-7.62943],[108.76927,-7.62943]]],[[[108.76884,-7.62671],[108.76883,-7.62671],[108.76838,-7.62671],[108.76838,-7.62626],[108.76839,-7.62626],[108.76839,-7.62581],[108.76839,-7.6258],[108.76884,-7.6258],[108.76885,-7.6258],[108.76885,-7.62581],[108.76929,-7.62581],[108.7693,-7.62581],[108.7693,-7.62626],[108.76974,-7.62626],[108.76975,-7.62626],[108.77019,-7.62626],[108.7702,-7.62626],[108.7702,-7.62672],[108.77064,-7.62672],[108.77065,-7.62672],[108.7711,-7.62672],[108.7711,-7.62717],[108.7711,-7.62763],[108.77064,-7.62763],[108.77064,-7.62762],[108.7702,-7.62762],[108.77019,-7.62762],[108.76974,-7.62762],[108.76974,-7.62717],[108.76929,-7.62717],[108.76929,-7.62672],[108.76929,-7.62671],[108.76884,-7.62671]]],[[[108.76887,-7.62084],[108.76887,-7.62039],[108.76933,-7.62039],[108.76933,-7.62084],[108.76887,-7.62084]]],[[[108.76978,-7.61994],[108.76932,-7.61994],[108.76932,-7.61949],[108.76932,-7.61948],[108.76978,-7.61948],[108.76978,-7.61949],[108.76978,-7.61994]]],[[[108.77071,-7.61407],[108.77026,-7.61407],[108.76981,-7.61407],[108.76981,-7.61362],[108.76981,-7.61361],[108.77026,-7.61361],[108.77026,-7.61362],[108.77071,-7.61362],[108.77071,-7.61407]]],[[[108.76847,-7.61044],[108.76847,-7.61045],[108.76801,-7.61045],[108.76801,-7.61044],[108.76801,-7.60999],[108.76801,-7.60954],[108.76847,-7.60954],[108.76847,-7.60999],[108.76847,-7.61044]]],[[[108.77032,-7.60232],[108.76987,-7.60232],[108.76987,-7.60187],[108.77032,-7.60187],[108.77033,-7.60187],[108.77033,-7.60232],[108.77032,-7.60232]]],[[[108.76807,-7.59779],[108.76853,-7.59779],[108.76853,-7.5978],[108.76899,-7.5978],[108.76899,-7.59825],[108.76853,-7.59825],[108.76807,-7.59825],[108.76807,-7.59779]]],[[[108.769,-7.59328],[108.769,-7.59283],[108.76946,-7.59283],[108.76946,-7.59328],[108.769,-7.59328]]],[[[108.76947,-7.59103],[108.76947,-7.59057],[108.76902,-7.59057],[108.76902,-7.59012],[108.76948,-7.59012],[108.76948,-7.59057],[108.76993,-7.59057],[108.76993,-7.59103],[108.76947,-7.59103]]],[[[108.77039,-7.59013],[108.76993,-7.59013],[108.76993,-7.59012],[108.76993,-7.58967],[108.77039,-7.58967],[108.77039,-7.59012],[108.77039,-7.59013]]],[[[108.76994,-7.58832],[108.76993,-7.58832],[108.76993,-7.58786],[108.76994,-7.58786],[108.77039,-7.58786],[108.77039,-7.58832],[108.76994,-7.58832]]],[[[108.76951,-7.58425],[108.76951,-7.5847],[108.7692,-7.5847],[108.76905,-7.5847],[108.76905,-7.5844],[108.76905,-7.58425],[108.76951,-7.58425]]],[[[108.76864,-7.57702],[108.76864,-7.57656],[108.7691,-7.57656],[108.7691,-7.57702],[108.76864,-7.57702]]],[[[108.77138,-7.57341],[108.77138,-7.57387],[108.77092,-7.57387],[108.77092,-7.57432],[108.77137,-7.57432],[108.77137,-7.57477],[108.77137,-7.57522],[108.77091,-7.57522],[108.77091,-7.57477],[108.77091,-7.57432],[108.77046,-7.57432],[108.77046,-7.57477],[108.77,-7.57477],[108.77,-7.57431],[108.77001,-7.57431],[108.77001,-7.57386],[108.77046,-7.57386],[108.77047,-7.57386],[108.77092,-7.57386],[108.77092,-7.57341],[108.77138,-7.57341]]],[[[108.76914,-7.56708],[108.7696,-7.56708],[108.7696,-7.56753],[108.77005,-7.56753],[108.77005,-7.56799],[108.76959,-7.56799],[108.76959,-7.56753],[108.76914,-7.56753],[108.76914,-7.56708]]],[[[108.77049,-7.56663],[108.7705,-7.56663],[108.7705,-7.56709],[108.77004,-7.56709],[108.77004,-7.56663],[108.77049,-7.56663]]],[[[108.77052,-7.65067],[108.77052,-7.65021],[108.77098,-7.65021],[108.77098,-7.65067],[108.77052,-7.65067]]],[[[108.77148,-7.63892],[108.77149,-7.63892],[108.77194,-7.63892],[108.77194,-7.63937],[108.77194,-7.63938],[108.77239,-7.63938],[108.77239,-7.63983],[108.77194,-7.63983],[108.77194,-7.64028],[108.77193,-7.64028],[108.77148,-7.64028],[108.77148,-7.63983],[108.77148,-7.63938],[108.77148,-7.63937],[108.77103,-7.63937],[108.77103,-7.63892],[108.77148,-7.63892]]],[[[108.7715,-7.63666],[108.77196,-7.63666],[108.77196,-7.63667],[108.7724,-7.63667],[108.77241,-7.63667],[108.77286,-7.63667],[108.77286,-7.63712],[108.77331,-7.63712],[108.77331,-7.63667],[108.77376,-7.63667],[108.77376,-7.63622],[108.77377,-7.63622],[108.77421,-7.63622],[108.77421,-7.63577],[108.77422,-7.63577],[108.77467,-7.63577],[108.77467,-7.63533],[108.77467,-7.63532],[108.77467,-7.63487],[108.77468,-7.63487],[108.77468,-7.63442],[108.77513,-7.63442],[108.77514,-7.63442],[108.77559,-7.63442],[108.77559,-7.63443],[108.77604,-7.63443],[108.77604,-7.63488],[108.77649,-7.63488],[108.77649,-7.63443],[108.77649,-7.63398],[108.77695,-7.63398],[108.77695,-7.63353],[108.7774,-7.63353],[108.77741,-7.63353],[108.77785,-7.63353],[108.77786,-7.63353],[108.77831,-7.63353],[108.77831,-7.63354],[108.77875,-7.63354],[108.77876,-7.63354],[108.77876,-7.63309],[108.77921,-7.63309],[108.77922,-7.63309],[108.77967,-7.63309],[108.77967,-7.63354],[108.77922,-7.63354],[108.77921,-7.63354],[108.77921,-7.63399],[108.77921,-7.63444],[108.77921,-7.63445],[108.77921,-7.63489],[108.77921,-7.6349],[108.77921,-7.63535],[108.77876,-7.63535],[108.77876,-7.6358],[108.7783,-7.6358],[108.7783,-7.63535],[108.7783,-7.63534],[108.77785,-7.63534],[108.77739,-7.63534],[108.77739,-7.63489],[108.77695,-7.63489],[108.77694,-7.63489],[108.77649,-7.63489],[108.77649,-7.63533],[108.77604,-7.63533],[108.77603,-7.63533],[108.77558,-7.63533],[108.77558,-7.63578],[108.77513,-7.63578],[108.77513,-7.63623],[108.77558,-7.63623],[108.77558,-7.63668],[108.77558,-7.63669],[108.77512,-7.63669],[108.77512,-7.63668],[108.77467,-7.63668],[108.77422,-7.63668],[108.77422,-7.63713],[108.77377,-7.63713],[108.77376,-7.63713],[108.77331,-7.63713],[108.77331,-7.63758],[108.77376,-7.63758],[108.77376,-7.63803],[108.7733,-7.63803],[108.7733,-7.63758],[108.77286,-7.63758],[108.77286,-7.63803],[108.7724,-7.63803],[108.7724,-7.63757],[108.77195,-7.63757],[108.77195,-7.63802],[108.7715,-7.63802],[108.77149,-7.63802],[108.77104,-7.63802],[108.77104,-7.63847],[108.77058,-7.63847],[108.77058,-7.63802],[108.77058,-7.63801],[108.77058,-7.63756],[108.77104,-7.63756],[108.77149,-7.63756],[108.77149,-7.63712],[108.7715,-7.63712],[108.7715,-7.63666]],[[108.77558,-7.63488],[108.77514,-7.63488],[108.77513,-7.63488],[108.77513,-7.63532],[108.77513,-7.63533],[108.77558,-7.63533],[108.77558,-7.63488]],[[108.7783,-7.63489],[108.7783,-7.63444],[108.77786,-7.63444],[108.77786,-7.63489],[108.7783,-7.63489]]],[[[108.77199,-7.62944],[108.77199,-7.62899],[108.77245,-7.62899],[108.77245,-7.62944],[108.77199,-7.62944]]],[[[108.77064,-7.62898],[108.77018,-7.62898],[108.77018,-7.62853],[108.77018,-7.62852],[108.77064,-7.62852],[108.77064,-7.62853],[108.77064,-7.62898]]],[[[108.7711,-7.62627],[108.7711,-7.62582],[108.77156,-7.62582],[108.77156,-7.62627],[108.7711,-7.62627]]],[[[108.77248,-7.62131],[108.77203,-7.62131],[108.77203,-7.62086],[108.77203,-7.62085],[108.77249,-7.62085],[108.77249,-7.62086],[108.77294,-7.62086],[108.77294,-7.62131],[108.77249,-7.62131],[108.77248,-7.62131]]],[[[108.77116,-7.61678],[108.7707,-7.61678],[108.7707,-7.61633],[108.77116,-7.61633],[108.77116,-7.61678]]],[[[108.7707,-7.61588],[108.7707,-7.61543],[108.77116,-7.61543],[108.77116,-7.61588],[108.7707,-7.61588]]],[[[108.7721,-7.60776],[108.7721,-7.6073],[108.77256,-7.6073],[108.77256,-7.60776],[108.7721,-7.60776]]],[[[108.77167,-7.60323],[108.77122,-7.60323],[108.77122,-7.60278],[108.77167,-7.60278],[108.77168,-7.60278],[108.77168,-7.60323],[108.77167,-7.60323]]],[[[108.77213,-7.60279],[108.77212,-7.60279],[108.77212,-7.60233],[108.77213,-7.60233],[108.77258,-7.60233],[108.77258,-7.60279],[108.77213,-7.60279]]],[[[108.77123,-7.60188],[108.77077,-7.60188],[108.77077,-7.60142],[108.77123,-7.60142],[108.77123,-7.60188]]],[[[108.77168,-7.60143],[108.77168,-7.60098],[108.77168,-7.60097],[108.77214,-7.60097],[108.77214,-7.60098],[108.77214,-7.60143],[108.77168,-7.60143]]],[[[108.77078,-7.59961],[108.77078,-7.59916],[108.77124,-7.59916],[108.77124,-7.59872],[108.77124,-7.59871],[108.77124,-7.59826],[108.77125,-7.59826],[108.77125,-7.59781],[108.77125,-7.59736],[108.77171,-7.59736],[108.77171,-7.59781],[108.77171,-7.59826],[108.7717,-7.59826],[108.7717,-7.59871],[108.7717,-7.59872],[108.7717,-7.59917],[108.77124,-7.59917],[108.77124,-7.59961],[108.77124,-7.59962],[108.77124,-7.60007],[108.77169,-7.60007],[108.77169,-7.60046],[108.77169,-7.60052],[108.7716,-7.60052],[108.77123,-7.60052],[108.77123,-7.60007],[108.77078,-7.60007],[108.77078,-7.60052],[108.77032,-7.60052],[108.77032,-7.60006],[108.77078,-7.60006],[108.77078,-7.59962],[108.77078,-7.59961]]],[[[108.77215,-7.59872],[108.77215,-7.59827],[108.77261,-7.59827],[108.77261,-7.59872],[108.77215,-7.59872]]],[[[108.77081,-7.59374],[108.77081,-7.59329],[108.77082,-7.59329],[108.77082,-7.59284],[108.77037,-7.59284],[108.77037,-7.59238],[108.77083,-7.59238],[108.77083,-7.59284],[108.77128,-7.59284],[108.77128,-7.59329],[108.77127,-7.59329],[108.77127,-7.59374],[108.77081,-7.59374]]],[[[108.77218,-7.59194],[108.77218,-7.59149],[108.77173,-7.59149],[108.77173,-7.59104],[108.77174,-7.59104],[108.77174,-7.59058],[108.77219,-7.59058],[108.77219,-7.59059],[108.77264,-7.59059],[108.77309,-7.59059],[108.77309,-7.59014],[108.77264,-7.59014],[108.77264,-7.58969],[108.77264,-7.58968],[108.7731,-7.58968],[108.7731,-7.58969],[108.7731,-7.59014],[108.77355,-7.59014],[108.77355,-7.59059],[108.774,-7.59059],[108.774,-7.5906],[108.77445,-7.5906],[108.7749,-7.5906],[108.77491,-7.5906],[108.77535,-7.5906],[108.77536,-7.5906],[108.77581,-7.5906],[108.77581,-7.59105],[108.77581,-7.59106],[108.77581,-7.59151],[108.77626,-7.59151],[108.77671,-7.59151],[108.77672,-7.59151],[108.77717,-7.59151],[108.77717,-7.59152],[108.77762,-7.59152],[108.77808,-7.59152],[108.77808,-7.59197],[108.77852,-7.59197],[108.77852,-7.59152],[108.77898,-7.59152],[108.77943,-7.59152],[108.77943,-7.59153],[108.77943,-7.59198],[108.77943,-7.59243],[108.77943,-7.59288],[108.77988,-7.59288],[108.77988,-7.59334],[108.77942,-7.59334],[108.77942,-7.59333],[108.77897,-7.59333],[108.77852,-7.59333],[108.77852,-7.59378],[108.77806,-7.59378],[108.7776,-7.59378],[108.7776,-7.59333],[108.77715,-7.59333],[108.77715,-7.59332],[108.77715,-7.59287],[108.77761,-7.59287],[108.77761,-7.59242],[108.77716,-7.59242],[108.77716,-7.59197],[108.77672,-7.59197],[108.77671,-7.59197],[108.77671,-7.59242],[108.77626,-7.59242],[108.77626,-7.59287],[108.7758,-7.59287],[108.7758,-7.59241],[108.77535,-7.59241],[108.77535,-7.59196],[108.77535,-7.59151],[108.7749,-7.59151],[108.7749,-7.59196],[108.77444,-7.59196],[108.77444,-7.59195],[108.77399,-7.59195],[108.77399,-7.5915],[108.77355,-7.5915],[108.77354,-7.5915],[108.77309,-7.5915],[108.77264,-7.5915],[108.77264,-7.59194],[108.77218,-7.59194]]],[[[108.77083,-7.59058],[108.77083,-7.59013],[108.77129,-7.59013],[108.77129,-7.59058],[108.77083,-7.59058]]],[[[108.7722,-7.58968],[108.77174,-7.58968],[108.77174,-7.58923],[108.7722,-7.58923],[108.7722,-7.58968]]],[[[108.7704,-7.58651],[108.7704,-7.58606],[108.77086,-7.58606],[108.77086,-7.58651],[108.7704,-7.58651]]],[[[108.77135,-7.57613],[108.77135,-7.57567],[108.77181,-7.57567],[108.77181,-7.57613],[108.77135,-7.57613]]],[[[108.77465,-7.64119],[108.77465,-7.6412],[108.7751,-7.6412],[108.7751,-7.64165],[108.77554,-7.64165],[108.77555,-7.64165],[108.776,-7.64165],[108.776,-7.64211],[108.77645,-7.64211],[108.77645,-7.64256],[108.77645,-7.64301],[108.77599,-7.64301],[108.77599,-7.64256],[108.77555,-7.64256],[108.77554,-7.64256],[108.77509,-7.64256],[108.77464,-7.64256],[108.77463,-7.64256],[108.77463,-7.64255],[108.77463,-7.6421],[108.77464,-7.6421],[108.77464,-7.64165],[108.77419,-7.64165],[108.77374,-7.64165],[108.77373,-7.64165],[108.77373,-7.64119],[108.77374,-7.64119],[108.77419,-7.64119],[108.77465,-7.64119]]],[[[108.77329,-7.63983],[108.77329,-7.64028],[108.77329,-7.64029],[108.77329,-7.64074],[108.77283,-7.64074],[108.77283,-7.64029],[108.77283,-7.64028],[108.77283,-7.63983],[108.77329,-7.63983]]],[[[108.77335,-7.62989],[108.77335,-7.6299],[108.77335,-7.63035],[108.77335,-7.6308],[108.77289,-7.6308],[108.77289,-7.63035],[108.77289,-7.62989],[108.7729,-7.62989],[108.7729,-7.62964],[108.7729,-7.62944],[108.77335,-7.62944],[108.77335,-7.62983],[108.77335,-7.62984],[108.77335,-7.62989]]],[[[108.77335,-7.62854],[108.77335,-7.62809],[108.77381,-7.62809],[108.77381,-7.62854],[108.77335,-7.62854]]],[[[108.77384,-7.62176],[108.77384,-7.62177],[108.77384,-7.62222],[108.77384,-7.62267],[108.77338,-7.62267],[108.77338,-7.62222],[108.77293,-7.62222],[108.77293,-7.62221],[108.77248,-7.62221],[108.77248,-7.62176],[108.77293,-7.62176],[108.77338,-7.62176],[108.77339,-7.62176],[108.77384,-7.62176]]],[[[108.77439,-7.6028],[108.77485,-7.6028],[108.77485,-7.60325],[108.7753,-7.60325],[108.7753,-7.6037],[108.77484,-7.6037],[108.77484,-7.60325],[108.77439,-7.60325],[108.77394,-7.60325],[108.77393,-7.60325],[108.77348,-7.60325],[108.77348,-7.60324],[108.77348,-7.60279],[108.77348,-7.60234],[108.77394,-7.60234],[108.77394,-7.60279],[108.77439,-7.60279],[108.77439,-7.6028]]],[[[108.77395,-7.60099],[108.77395,-7.60054],[108.77395,-7.60053],[108.77441,-7.60053],[108.77441,-7.60054],[108.77441,-7.60099],[108.77395,-7.60099]]],[[[108.77351,-7.59963],[108.77305,-7.59963],[108.77305,-7.59918],[108.77305,-7.59917],[108.77351,-7.59917],[108.77351,-7.59918],[108.77351,-7.59963]]],[[[108.77307,-7.59511],[108.77307,-7.59466],[108.77353,-7.59466],[108.77353,-7.59511],[108.77307,-7.59511]]],[[[108.77308,-7.5942],[108.77308,-7.59421],[108.77262,-7.59421],[108.77262,-7.5942],[108.77262,-7.59375],[108.77308,-7.59375],[108.77308,-7.5942]]],[[[108.77444,-7.59286],[108.77399,-7.59286],[108.77399,-7.5924],[108.77444,-7.5924],[108.77445,-7.5924],[108.77445,-7.59286],[108.77444,-7.59286]]],[[[108.77354,-7.5924],[108.77309,-7.5924],[108.77309,-7.59195],[108.77354,-7.59195],[108.77355,-7.59195],[108.77355,-7.5924],[108.77354,-7.5924]]],[[[108.77492,-7.58924],[108.77492,-7.5897],[108.77491,-7.5897],[108.77491,-7.59015],[108.77446,-7.59015],[108.77445,-7.59015],[108.77431,-7.59015],[108.774,-7.59015],[108.774,-7.5897],[108.774,-7.58969],[108.77355,-7.58969],[108.77355,-7.58924],[108.77355,-7.58879],[108.77401,-7.58879],[108.77401,-7.58924],[108.77435,-7.58924],[108.77446,-7.58924],[108.77492,-7.58924]]],[[[108.77435,-7.58879],[108.77434,-7.58879],[108.77401,-7.58879],[108.77401,-7.58837],[108.77401,-7.58834],[108.77447,-7.58834],[108.77447,-7.58879],[108.77435,-7.58879]]],[[[108.77452,-7.5784],[108.77452,-7.57885],[108.77406,-7.57885],[108.77361,-7.57885],[108.7736,-7.57885],[108.7736,-7.5784],[108.77316,-7.5784],[108.77315,-7.5784],[108.77315,-7.57794],[108.77316,-7.57794],[108.77361,-7.57794],[108.77361,-7.5784],[108.77406,-7.5784],[108.77452,-7.5784]]],[[[108.77408,-7.57433],[108.77409,-7.57433],[108.77409,-7.57388],[108.77409,-7.57343],[108.77454,-7.57343],[108.77454,-7.57388],[108.77454,-7.57433],[108.77454,-7.57434],[108.77454,-7.57479],[108.77408,-7.57479],[108.77408,-7.57433]]],[[[108.77469,-7.63352],[108.77469,-7.63307],[108.77515,-7.63307],[108.77515,-7.63352],[108.77469,-7.63352]]],[[[108.77565,-7.62313],[108.77519,-7.62313],[108.77519,-7.62268],[108.77565,-7.62268],[108.77565,-7.62313]]],[[[108.77475,-7.62132],[108.77475,-7.62087],[108.77521,-7.62087],[108.77521,-7.62132],[108.77475,-7.62132]]],[[[108.77475,-7.62042],[108.77475,-7.61997],[108.77475,-7.61996],[108.77521,-7.61996],[108.77521,-7.61997],[108.77521,-7.62042],[108.77475,-7.62042]]],[[[108.77477,-7.61816],[108.77432,-7.61816],[108.77431,-7.61816],[108.77431,-7.6177],[108.77432,-7.6177],[108.77477,-7.6177],[108.77477,-7.61816]]],[[[108.77432,-7.61635],[108.77432,-7.6159],[108.77478,-7.6159],[108.77478,-7.61635],[108.77432,-7.61635]]],[[[108.77433,-7.615],[108.77433,-7.61454],[108.77478,-7.61454],[108.77479,-7.61454],[108.77524,-7.61454],[108.77524,-7.615],[108.77479,-7.615],[108.77478,-7.615],[108.77433,-7.615]]],[[[108.77615,-7.6132],[108.77615,-7.61274],[108.7766,-7.61274],[108.7766,-7.6132],[108.77615,-7.6132]]],[[[108.77662,-7.61003],[108.77662,-7.61004],[108.77707,-7.61004],[108.77707,-7.61049],[108.77661,-7.61049],[108.77661,-7.61004],[108.77616,-7.61004],[108.77616,-7.61003],[108.77616,-7.60958],[108.77571,-7.60958],[108.77571,-7.60913],[108.77572,-7.60913],[108.77572,-7.60868],[108.77617,-7.60868],[108.77617,-7.60823],[108.77572,-7.60823],[108.77572,-7.60777],[108.77527,-7.60777],[108.77527,-7.60732],[108.77528,-7.60732],[108.77528,-7.60687],[108.77482,-7.60687],[108.77482,-7.60641],[108.77483,-7.60641],[108.77483,-7.60596],[108.77483,-7.60551],[108.77528,-7.60551],[108.77528,-7.60596],[108.77528,-7.60641],[108.77573,-7.60641],[108.77573,-7.60687],[108.77573,-7.60732],[108.77618,-7.60732],[108.77618,-7.60777],[108.77618,-7.60823],[108.77663,-7.60823],[108.77663,-7.60868],[108.77663,-7.60913],[108.77663,-7.60958],[108.77662,-7.60958],[108.77662,-7.61003]]],[[[108.77438,-7.6037],[108.77484,-7.6037],[108.77484,-7.60415],[108.77484,-7.6046],[108.77484,-7.60461],[108.77483,-7.60461],[108.77483,-7.60506],[108.77438,-7.60506],[108.77438,-7.60461],[108.77438,-7.6046],[108.77438,-7.60415],[108.77438,-7.6037]]],[[[108.77528,-7.60461],[108.77528,-7.60416],[108.77574,-7.60416],[108.77574,-7.60461],[108.77528,-7.60461]]],[[[108.7762,-7.60371],[108.7762,-7.60328],[108.7762,-7.60326],[108.77622,-7.60326],[108.77666,-7.60326],[108.77666,-7.60371],[108.7762,-7.60371]]],[[[108.77533,-7.59693],[108.77533,-7.59648],[108.77579,-7.59648],[108.77579,-7.59693],[108.77533,-7.59693]]],[[[108.77535,-7.59467],[108.77534,-7.59467],[108.77489,-7.59467],[108.77489,-7.59512],[108.77443,-7.59512],[108.77443,-7.59466],[108.77489,-7.59466],[108.77489,-7.59422],[108.77489,-7.59421],[108.77534,-7.59421],[108.77535,-7.59421],[108.77535,-7.59422],[108.77535,-7.59467]]],[[[108.7758,-7.59332],[108.77625,-7.59332],[108.77625,-7.59377],[108.77625,-7.59422],[108.7758,-7.59422],[108.77579,-7.59422],[108.77579,-7.59377],[108.77579,-7.59332],[108.7758,-7.59332]]],[[[108.77536,-7.5897],[108.77582,-7.5897],[108.77582,-7.58971],[108.77582,-7.59015],[108.77536,-7.59015],[108.77536,-7.58988],[108.77536,-7.5897]]],[[[108.77496,-7.57976],[108.77451,-7.57976],[108.7745,-7.57976],[108.7745,-7.5793],[108.77451,-7.5793],[108.77496,-7.5793],[108.77496,-7.57976]]],[[[108.77499,-7.57434],[108.77499,-7.57389],[108.77499,-7.57388],[108.77544,-7.57388],[108.77544,-7.57389],[108.77544,-7.57434],[108.77544,-7.57479],[108.77499,-7.57479],[108.77499,-7.57434]]],[[[108.77681,-7.57389],[108.77726,-7.57389],[108.77726,-7.57435],[108.77681,-7.57435],[108.7768,-7.57435],[108.77635,-7.57435],[108.77635,-7.57434],[108.77589,-7.57434],[108.77589,-7.57389],[108.77635,-7.57389],[108.7768,-7.57389],[108.77681,-7.57389]]],[[[108.77954,-7.65658],[108.77955,-7.65658],[108.77955,-7.65613],[108.78001,-7.65613],[108.78001,-7.65659],[108.78,-7.65659],[108.78,-7.65704],[108.78045,-7.65704],[108.7809,-7.65704],[108.7809,-7.65659],[108.78136,-7.65659],[108.78136,-7.65704],[108.78091,-7.65704],[108.78091,-7.65749],[108.78045,-7.65749],[108.78045,-7.65794],[108.77999,-7.65794],[108.77999,-7.65749],[108.77999,-7.65704],[108.77955,-7.65704],[108.77954,-7.65704],[108.77909,-7.65704],[108.77909,-7.65703],[108.77909,-7.65658],[108.77954,-7.65658]]],[[[108.77956,-7.65523],[108.78001,-7.65523],[108.78001,-7.65568],[108.77956,-7.65568],[108.77955,-7.65568],[108.7791,-7.65568],[108.7791,-7.65523],[108.77955,-7.65523],[108.77956,-7.65523]]],[[[108.77956,-7.65342],[108.77956,-7.65387],[108.77911,-7.65387],[108.77866,-7.65387],[108.77866,-7.65342],[108.77911,-7.65342],[108.77911,-7.65297],[108.77957,-7.65297],[108.77957,-7.65342],[108.77956,-7.65342]]],[[[108.77867,-7.65115],[108.77867,-7.65071],[108.77913,-7.65071],[108.77913,-7.65116],[108.77867,-7.65116],[108.77867,-7.65161],[108.77912,-7.65161],[108.77912,-7.65206],[108.77957,-7.65206],[108.77957,-7.65252],[108.77912,-7.65252],[108.77911,-7.65252],[108.77911,-7.65297],[108.77866,-7.65297],[108.77866,-7.65252],[108.77866,-7.65251],[108.77866,-7.65206],[108.77821,-7.65206],[108.77821,-7.65161],[108.77821,-7.65116],[108.77821,-7.65115],[108.77867,-7.65115]]],[[[108.77809,-7.65251],[108.77821,-7.65251],[108.77821,-7.65262],[108.77809,-7.65251]]],[[[108.77641,-7.6516],[108.7764,-7.6516],[108.7764,-7.65115],[108.77641,-7.65115],[108.77686,-7.65115],[108.77686,-7.6516],[108.77641,-7.6516]]],[[[108.77731,-7.65115],[108.77731,-7.6507],[108.77777,-7.6507],[108.77777,-7.65115],[108.77731,-7.65115]]],[[[108.77641,-7.6507],[108.7764,-7.6507],[108.7764,-7.65024],[108.77641,-7.65024],[108.77686,-7.65024],[108.77686,-7.6507],[108.77641,-7.6507]]],[[[108.77777,-7.65025],[108.77777,-7.6498],[108.77823,-7.6498],[108.77823,-7.65025],[108.77777,-7.65025]]],[[[108.77777,-7.64935],[108.77777,-7.64889],[108.77823,-7.64889],[108.77823,-7.64935],[108.77777,-7.64935]]],[[[108.77735,-7.64302],[108.77781,-7.64302],[108.77781,-7.64347],[108.77781,-7.64392],[108.77781,-7.64393],[108.77735,-7.64393],[108.77735,-7.64392],[108.77735,-7.64347],[108.77735,-7.64302]]],[[[108.77644,-7.64392],[108.77644,-7.64347],[108.7769,-7.64347],[108.7769,-7.64392],[108.77644,-7.64392]]],[[[108.77827,-7.64077],[108.77782,-7.64077],[108.77782,-7.64076],[108.77737,-7.64076],[108.77737,-7.64031],[108.77782,-7.64031],[108.77783,-7.64031],[108.77827,-7.64031],[108.77828,-7.64031],[108.77828,-7.64076],[108.77828,-7.64077],[108.77827,-7.64077]]],[[[108.77872,-7.64077],[108.77872,-7.64032],[108.77872,-7.64031],[108.77918,-7.64031],[108.77918,-7.64032],[108.77918,-7.64077],[108.77872,-7.64077]]],[[[108.77873,-7.63806],[108.77919,-7.63806],[108.77919,-7.63851],[108.77874,-7.63851],[108.77874,-7.63896],[108.77828,-7.63896],[108.77828,-7.63851],[108.77873,-7.63851],[108.77873,-7.63806]]],[[[108.77785,-7.63625],[108.77739,-7.63625],[108.77739,-7.63624],[108.77739,-7.63579],[108.77785,-7.63579],[108.77785,-7.63624],[108.77785,-7.63625]]],[[[108.77786,-7.63263],[108.7774,-7.63263],[108.7774,-7.63218],[108.77786,-7.63218],[108.77786,-7.63263]]],[[[108.77831,-7.63173],[108.77831,-7.63128],[108.77877,-7.63128],[108.77877,-7.63173],[108.77831,-7.63173]]],[[[108.77969,-7.62993],[108.77969,-7.62948],[108.77969,-7.62903],[108.77996,-7.62903],[108.77997,-7.62903],[108.78014,-7.62903],[108.78059,-7.62903],[108.78059,-7.62948],[108.78021,-7.62948],[108.78014,-7.62948],[108.78014,-7.62993],[108.78047,-7.62993],[108.78059,-7.62993],[108.78059,-7.63015],[108.78059,-7.63039],[108.78014,-7.63039],[108.78014,-7.63038],[108.77969,-7.63038],[108.77968,-7.63038],[108.77924,-7.63038],[108.77923,-7.63038],[108.77878,-7.63038],[108.77878,-7.62993],[108.77878,-7.62992],[108.77924,-7.62992],[108.77924,-7.62993],[108.77968,-7.62993],[108.77969,-7.62993]]],[[[108.77913,-7.62225],[108.77882,-7.62225],[108.77882,-7.62179],[108.7791,-7.62179],[108.77927,-7.62179],[108.77927,-7.62225],[108.77913,-7.62225]]],[[[108.77701,-7.62224],[108.77701,-7.62178],[108.77747,-7.62178],[108.77747,-7.62224],[108.77701,-7.62224]]],[[[108.77792,-7.62179],[108.77792,-7.62134],[108.77792,-7.62089],[108.77792,-7.62088],[108.77837,-7.62088],[108.77837,-7.62089],[108.77837,-7.62134],[108.77837,-7.62179],[108.77792,-7.62179]]],[[[108.77792,-7.62043],[108.77792,-7.61998],[108.77837,-7.61998],[108.77837,-7.61953],[108.77883,-7.61953],[108.77883,-7.61909],[108.77883,-7.61908],[108.77883,-7.61863],[108.77929,-7.61863],[108.77929,-7.61818],[108.77975,-7.61818],[108.77975,-7.61863],[108.77975,-7.61864],[108.77975,-7.61909],[108.77929,-7.61909],[108.77929,-7.61954],[108.77883,-7.61954],[108.77883,-7.61999],[108.77928,-7.61999],[108.77936,-7.61999],[108.77974,-7.61999],[108.77974,-7.62044],[108.77928,-7.62044],[108.77928,-7.62089],[108.77928,-7.62134],[108.77911,-7.62134],[108.77882,-7.62134],[108.77882,-7.62089],[108.77882,-7.62044],[108.77882,-7.61999],[108.77838,-7.61999],[108.77838,-7.62043],[108.77838,-7.62044],[108.77792,-7.62044],[108.77792,-7.62043]]],[[[108.77657,-7.62043],[108.77656,-7.62043],[108.77656,-7.61997],[108.77657,-7.61997],[108.77702,-7.61997],[108.77702,-7.62043],[108.77657,-7.62043]]],[[[108.7775,-7.61636],[108.7775,-7.61637],[108.77704,-7.61637],[108.77704,-7.61636],[108.77704,-7.61591],[108.7775,-7.61591],[108.7775,-7.61636]]],[[[108.77885,-7.61547],[108.77885,-7.61502],[108.77931,-7.61502],[108.77931,-7.61547],[108.77885,-7.61547]]],[[[108.77706,-7.61185],[108.77706,-7.61184],[108.77706,-7.61139],[108.77752,-7.61139],[108.77752,-7.61184],[108.77752,-7.61185],[108.77797,-7.61185],[108.77797,-7.6123],[108.77842,-7.6123],[108.77842,-7.61275],[108.77842,-7.61276],[108.77796,-7.61276],[108.77796,-7.6132],[108.77841,-7.6132],[108.77841,-7.61321],[108.77841,-7.61366],[108.77796,-7.61366],[108.77795,-7.61366],[108.7775,-7.61366],[108.7775,-7.61321],[108.7775,-7.6132],[108.77705,-7.6132],[108.77705,-7.61275],[108.7775,-7.61275],[108.77751,-7.61275],[108.77751,-7.6123],[108.77706,-7.6123],[108.77706,-7.61185]]],[[[108.77797,-7.61185],[108.77797,-7.6114],[108.77843,-7.6114],[108.77843,-7.61185],[108.77797,-7.61185]]],[[[108.77934,-7.60824],[108.77934,-7.60836],[108.77934,-7.60869],[108.77934,-7.60914],[108.77934,-7.60915],[108.77934,-7.60959],[108.77934,-7.6096],[108.77979,-7.6096],[108.77979,-7.61005],[108.78024,-7.61005],[108.78024,-7.61013],[108.78024,-7.61017],[108.78024,-7.61051],[108.77979,-7.61051],[108.77979,-7.61095],[108.77979,-7.61096],[108.77933,-7.61096],[108.77933,-7.61095],[108.77933,-7.6105],[108.77933,-7.61005],[108.77889,-7.61005],[108.77888,-7.61005],[108.77888,-7.6096],[108.77843,-7.6096],[108.77843,-7.60959],[108.77843,-7.60914],[108.77888,-7.60914],[108.77888,-7.60869],[108.77888,-7.60824],[108.77889,-7.60824],[108.7792,-7.60824],[108.77934,-7.60824]]],[[[108.77753,-7.60913],[108.77753,-7.60959],[108.77753,-7.61004],[108.77707,-7.61004],[108.77707,-7.60959],[108.77707,-7.60913],[108.77753,-7.60913]]],[[[108.77754,-7.60666],[108.77754,-7.60688],[108.77709,-7.60688],[108.77709,-7.60733],[108.77663,-7.60733],[108.77663,-7.60687],[108.77708,-7.60687],[108.77708,-7.60643],[108.77708,-7.60642],[108.77708,-7.60597],[108.77743,-7.60597],[108.77744,-7.60597],[108.77754,-7.60597],[108.77754,-7.60642],[108.77754,-7.60643],[108.77754,-7.60666]]],[[[108.77846,-7.60463],[108.77846,-7.60417],[108.77892,-7.60417],[108.77892,-7.60463],[108.77846,-7.60463]]],[[[108.77941,-7.59605],[108.77895,-7.59605],[108.77895,-7.59604],[108.77895,-7.59559],[108.77941,-7.59559],[108.77941,-7.59604],[108.77941,-7.59605]]],[[[108.77805,-7.59514],[108.77805,-7.59468],[108.77851,-7.59468],[108.77851,-7.59514],[108.77805,-7.59514]]],[[[108.77672,-7.59106],[108.77626,-7.59106],[108.77626,-7.59061],[108.77626,-7.59016],[108.77672,-7.59016],[108.77672,-7.59061],[108.77672,-7.59106]]],[[[108.77989,-7.59017],[108.77989,-7.59063],[108.77943,-7.59063],[108.77943,-7.59062],[108.77898,-7.59062],[108.77898,-7.59017],[108.77943,-7.59017],[108.77944,-7.59017],[108.77989,-7.59017]]],[[[108.77854,-7.58836],[108.77854,-7.58791],[108.77854,-7.58746],[108.77809,-7.58746],[108.77809,-7.587],[108.77854,-7.587],[108.77855,-7.587],[108.77855,-7.58655],[108.77866,-7.58655],[108.779,-7.58655],[108.77901,-7.58655],[108.77946,-7.58655],[108.77946,-7.58611],[108.77901,-7.58611],[108.77901,-7.58574],[108.77919,-7.58574],[108.77937,-7.58574],[108.77946,-7.58574],[108.77947,-7.58574],[108.77973,-7.58574],[108.77973,-7.58566],[108.77973,-7.58565],[108.77973,-7.58538],[108.77991,-7.58538],[108.77992,-7.58538],[108.7801,-7.58538],[108.7801,-7.58521],[108.7801,-7.5852],[108.78037,-7.5852],[108.78037,-7.58521],[108.78037,-7.58566],[108.78081,-7.58566],[108.78082,-7.58566],[108.78127,-7.58566],[108.78127,-7.58611],[108.78172,-7.58611],[108.78172,-7.58612],[108.78172,-7.58657],[108.78172,-7.58702],[108.78127,-7.58702],[108.78127,-7.58747],[108.78127,-7.58792],[108.78081,-7.58792],[108.78081,-7.58747],[108.78036,-7.58747],[108.78036,-7.58792],[108.7799,-7.58792],[108.7799,-7.58747],[108.7799,-7.58746],[108.77946,-7.58746],[108.77945,-7.58746],[108.779,-7.58746],[108.779,-7.58791],[108.779,-7.58836],[108.77881,-7.58836],[108.77854,-7.58836]],[[108.78099,-7.58702],[108.78082,-7.58702],[108.78081,-7.58702],[108.78081,-7.58683],[108.78082,-7.58683],[108.781,-7.58683],[108.781,-7.58665],[108.78118,-7.58665],[108.78118,-7.58657],[108.78118,-7.58656],[108.78118,-7.5863],[108.78082,-7.5863],[108.78082,-7.58648],[108.78081,-7.58648],[108.78063,-7.58648],[108.78063,-7.58656],[108.78063,-7.58657],[108.78063,-7.58666],[108.78037,-7.58666],[108.78036,-7.58666],[108.78027,-7.58666],[108.78027,-7.58701],[108.78027,-7.58719],[108.78036,-7.58719],[108.78045,-7.58719],[108.78045,-7.58737],[108.78063,-7.58737],[108.78063,-7.58738],[108.78081,-7.58738],[108.78082,-7.58738],[108.78099,-7.58738],[108.78099,-7.58702]],[[108.78036,-7.58566],[108.77992,-7.58566],[108.77992,-7.58611],[108.77992,-7.58656],[108.78036,-7.58656],[108.78036,-7.58611],[108.78036,-7.58566]]],[[[108.77719,-7.587],[108.77719,-7.58745],[108.77764,-7.58745],[108.77764,-7.5879],[108.77718,-7.5879],[108.77718,-7.58745],[108.77673,-7.58745],[108.77673,-7.587],[108.77719,-7.587]]],[[[108.77765,-7.5852],[108.77765,-7.58519],[108.77765,-7.58474],[108.77766,-7.58474],[108.77766,-7.58429],[108.77811,-7.58429],[108.77811,-7.58411],[108.77829,-7.58411],[108.77856,-7.58411],[108.77857,-7.58411],[108.77857,-7.58429],[108.77901,-7.58429],[108.77902,-7.58429],[108.77902,-7.58475],[108.77926,-7.58475],[108.77927,-7.58475],[108.77946,-7.58475],[108.77946,-7.5843],[108.77946,-7.58385],[108.77946,-7.5834],[108.77946,-7.58339],[108.77947,-7.58339],[108.77947,-7.58313],[108.77951,-7.58315],[108.77952,-7.58315],[108.77952,-7.58316],[108.77973,-7.58339],[108.77974,-7.58339],[108.77992,-7.5836],[108.77992,-7.58385],[108.78015,-7.58385],[108.78038,-7.5841],[108.78038,-7.5841],[108.78056,-7.5843],[108.78057,-7.5843],[108.78083,-7.58459],[108.78083,-7.58476],[108.78037,-7.58476],[108.77992,-7.58476],[108.77992,-7.58485],[108.77992,-7.58503],[108.77991,-7.58503],[108.77955,-7.58503],[108.77955,-7.5852],[108.77947,-7.5852],[108.77946,-7.5852],[108.77937,-7.5852],[108.77937,-7.58538],[108.77916,-7.58538],[108.77901,-7.58538],[108.77901,-7.5852],[108.77856,-7.5852],[108.77856,-7.58475],[108.77811,-7.58475],[108.77811,-7.58519],[108.77811,-7.5852],[108.77765,-7.5852]]],[[[108.77865,-7.58385],[108.77865,-7.58384],[108.77865,-7.58357],[108.77857,-7.58357],[108.77856,-7.58357],[108.77848,-7.58357],[108.77848,-7.58339],[108.77856,-7.58339],[108.77857,-7.58339],[108.77902,-7.58339],[108.77902,-7.58384],[108.77902,-7.58385],[108.77865,-7.58385]]],[[[108.77721,-7.58248],[108.77721,-7.58203],[108.77767,-7.58203],[108.77767,-7.58248],[108.77721,-7.58248]]],[[[108.77677,-7.57976],[108.77677,-7.57932],[108.77723,-7.57932],[108.77723,-7.57977],[108.77678,-7.57977],[108.77678,-7.58022],[108.77632,-7.58022],[108.77632,-7.57977],[108.77632,-7.57976],[108.77677,-7.57976]]],[[[108.77816,-7.57435],[108.7777,-7.57435],[108.7777,-7.5739],[108.77816,-7.5739],[108.77816,-7.57435]]],[[[108.7768,-7.57344],[108.7768,-7.57319],[108.7768,-7.57318],[108.7768,-7.57299],[108.77726,-7.57299],[108.77726,-7.57319],[108.77726,-7.57344],[108.77726,-7.57345],[108.7768,-7.57345],[108.7768,-7.57344]]],[[[108.77863,-7.57255],[108.77863,-7.573],[108.77817,-7.573],[108.77817,-7.57255],[108.77772,-7.57255],[108.77772,-7.57209],[108.77772,-7.57164],[108.77818,-7.57164],[108.77818,-7.57209],[108.77818,-7.57255],[108.77863,-7.57255]]],[[[108.78135,-7.65795],[108.78135,-7.6575],[108.78136,-7.6575],[108.78136,-7.65704],[108.78181,-7.65704],[108.78182,-7.65704],[108.78182,-7.65705],[108.78226,-7.65705],[108.78227,-7.65705],[108.78271,-7.65705],[108.78272,-7.65705],[108.78272,-7.6575],[108.78271,-7.6575],[108.78227,-7.6575],[108.78226,-7.6575],[108.78182,-7.6575],[108.78181,-7.6575],[108.78181,-7.65795],[108.78226,-7.65795],[108.78226,-7.6582],[108.78181,-7.65825],[108.78181,-7.65825],[108.78143,-7.65829],[108.78142,-7.65829],[108.78135,-7.65829],[108.78089,-7.65828],[108.78089,-7.65795],[108.78135,-7.65795]]],[[[108.78317,-7.6566],[108.78271,-7.6566],[108.78271,-7.65615],[108.78317,-7.65615],[108.78317,-7.6566]]],[[[108.78001,-7.65478],[108.77956,-7.65478],[108.77956,-7.65433],[108.77956,-7.65432],[108.78001,-7.65432],[108.78001,-7.65433],[108.78001,-7.65478]]],[[[108.78047,-7.65207],[108.78047,-7.65162],[108.78093,-7.65162],[108.78093,-7.65207],[108.78047,-7.65207]]],[[[108.78274,-7.65073],[108.78274,-7.65028],[108.7823,-7.65028],[108.78229,-7.65028],[108.78229,-7.65027],[108.78229,-7.64982],[108.78185,-7.64982],[108.78184,-7.64982],[108.7814,-7.64982],[108.78139,-7.64982],[108.78094,-7.64982],[108.78094,-7.64936],[108.78094,-7.64891],[108.7814,-7.64891],[108.7814,-7.64936],[108.78185,-7.64936],[108.78185,-7.64937],[108.7823,-7.64937],[108.7823,-7.64982],[108.78274,-7.64982],[108.78275,-7.64982],[108.7832,-7.64982],[108.7832,-7.65027],[108.7832,-7.65028],[108.78365,-7.65028],[108.7841,-7.65028],[108.78411,-7.65028],[108.78456,-7.65028],[108.78502,-7.65028],[108.78502,-7.65074],[108.78546,-7.65074],[108.78547,-7.65074],[108.78591,-7.65074],[108.78592,-7.65074],[108.78637,-7.65074],[108.78637,-7.65029],[108.78593,-7.65029],[108.78592,-7.65029],[108.78547,-7.65029],[108.78547,-7.64984],[108.78592,-7.64984],[108.78593,-7.64984],[108.78638,-7.64984],[108.78638,-7.65029],[108.78683,-7.65029],[108.78683,-7.6503],[108.78728,-7.6503],[108.78728,-7.65075],[108.78728,-7.6512],[108.78682,-7.6512],[108.78682,-7.65075],[108.78637,-7.65075],[108.78637,-7.6512],[108.78592,-7.6512],[108.78592,-7.65165],[108.78591,-7.65165],[108.78591,-7.6521],[108.78591,-7.65255],[108.78636,-7.65255],[108.78636,-7.6521],[108.78682,-7.6521],[108.78682,-7.65255],[108.78727,-7.65255],[108.78727,-7.65256],[108.78727,-7.65301],[108.78727,-7.65346],[108.78771,-7.65346],[108.78771,-7.65391],[108.78771,-7.65392],[108.78771,-7.65437],[108.78816,-7.65437],[108.78862,-7.65437],[108.78862,-7.65482],[108.78861,-7.65482],[108.78861,-7.65527],[108.78861,-7.65528],[108.78815,-7.65528],[108.78815,-7.65527],[108.78771,-7.65527],[108.78771,-7.65572],[108.7877,-7.65572],[108.78725,-7.65572],[108.78725,-7.65527],[108.7877,-7.65527],[108.7877,-7.65482],[108.7877,-7.65437],[108.78726,-7.65437],[108.78726,-7.65482],[108.7868,-7.65482],[108.7868,-7.65481],[108.78635,-7.65481],[108.78635,-7.65436],[108.7868,-7.65436],[108.7868,-7.65391],[108.78635,-7.65391],[108.78635,-7.65346],[108.7859,-7.65346],[108.7859,-7.6539],[108.7859,-7.65391],[108.78545,-7.65391],[108.78545,-7.6539],[108.78545,-7.65345],[108.78545,-7.653],[108.78545,-7.65255],[108.785,-7.65255],[108.785,-7.6521],[108.785,-7.65209],[108.78455,-7.65209],[108.78455,-7.65164],[108.7841,-7.65164],[108.7841,-7.65119],[108.78365,-7.65119],[108.78365,-7.65118],[108.7832,-7.65118],[108.78319,-7.65118],[108.78275,-7.65118],[108.78274,-7.65118],[108.78274,-7.65073]],[[108.78636,-7.65256],[108.78636,-7.653],[108.78681,-7.653],[108.78681,-7.65256],[108.78636,-7.65256]],[[108.78411,-7.65119],[108.78455,-7.65119],[108.78456,-7.65119],[108.785,-7.65119],[108.78501,-7.65119],[108.78501,-7.65074],[108.78456,-7.65074],[108.78411,-7.65074],[108.78411,-7.65118],[108.78411,-7.65119]]],[[[108.7823,-7.64847],[108.7823,-7.64801],[108.78276,-7.64801],[108.78276,-7.64847],[108.7823,-7.64847]]],[[[108.7814,-7.64801],[108.7814,-7.64756],[108.78186,-7.64756],[108.78186,-7.64801],[108.7814,-7.64801]]],[[[108.78186,-7.64711],[108.78186,-7.64666],[108.78232,-7.64666],[108.78232,-7.64711],[108.78186,-7.64711]]],[[[108.78052,-7.64258],[108.78053,-7.64258],[108.78098,-7.64258],[108.78098,-7.64303],[108.78098,-7.64304],[108.78143,-7.64304],[108.78143,-7.64349],[108.78098,-7.64349],[108.78098,-7.64394],[108.78052,-7.64394],[108.78052,-7.64349],[108.78052,-7.64304],[108.78052,-7.64303],[108.78052,-7.64258]]],[[[108.78188,-7.6435],[108.78187,-7.6435],[108.78187,-7.64304],[108.78188,-7.64304],[108.78233,-7.64304],[108.78233,-7.6435],[108.78188,-7.6435]]],[[[108.78278,-7.64305],[108.78278,-7.6426],[108.78278,-7.64259],[108.78324,-7.64259],[108.78324,-7.6426],[108.78324,-7.64305],[108.78278,-7.64305]]],[[[108.78279,-7.64169],[108.78324,-7.64169],[108.78325,-7.64169],[108.7837,-7.64169],[108.7837,-7.64215],[108.78325,-7.64215],[108.78324,-7.64215],[108.78279,-7.64215],[108.78279,-7.64169]]],[[[108.78371,-7.63943],[108.78372,-7.63943],[108.78372,-7.63944],[108.78416,-7.63944],[108.78417,-7.63944],[108.78417,-7.63989],[108.78461,-7.63989],[108.78462,-7.63989],[108.78462,-7.64034],[108.78462,-7.64035],[108.78461,-7.64035],[108.78416,-7.64035],[108.78416,-7.64034],[108.78416,-7.63989],[108.78372,-7.63989],[108.78371,-7.63989],[108.78326,-7.63989],[108.78326,-7.63944],[108.78326,-7.63943],[108.78371,-7.63943]]],[[[108.7819,-7.63898],[108.78235,-7.63898],[108.78236,-7.63898],[108.78281,-7.63898],[108.78281,-7.63943],[108.78236,-7.63943],[108.78235,-7.63943],[108.7819,-7.63943],[108.7819,-7.63898]]],[[[108.77918,-7.63942],[108.77918,-7.63896],[108.77964,-7.63896],[108.77964,-7.63942],[108.77918,-7.63942]]],[[[108.78056,-7.63445],[108.78056,-7.634],[108.78102,-7.634],[108.78102,-7.63445],[108.78056,-7.63445]]],[[[108.78238,-7.63401],[108.78238,-7.63356],[108.78284,-7.63356],[108.78284,-7.63401],[108.78238,-7.63401]]],[[[108.78284,-7.63085],[108.78239,-7.63085],[108.78239,-7.6304],[108.78239,-7.63039],[108.7824,-7.63039],[108.7824,-7.62994],[108.78285,-7.62994],[108.78285,-7.62949],[108.78331,-7.62949],[108.78331,-7.62995],[108.78331,-7.6304],[108.78286,-7.6304],[108.78285,-7.6304],[108.78285,-7.63085],[108.7833,-7.63085],[108.7833,-7.63086],[108.7833,-7.6313],[108.78284,-7.6313],[108.78284,-7.63113],[108.78284,-7.63085]]],[[[108.78104,-7.63129],[108.78059,-7.63129],[108.78059,-7.63084],[108.78093,-7.63084],[108.78104,-7.63084],[108.78104,-7.63095],[108.78104,-7.63129]]],[[[108.7815,-7.62904],[108.7815,-7.62858],[108.78196,-7.62858],[108.78196,-7.62904],[108.7815,-7.62904]]],[[[108.78287,-7.62588],[108.78243,-7.62588],[108.78242,-7.62588],[108.78242,-7.62543],[108.78197,-7.62543],[108.78197,-7.62497],[108.78153,-7.62497],[108.78152,-7.62497],[108.78107,-7.62497],[108.78107,-7.62452],[108.78107,-7.62451],[108.78107,-7.62406],[108.78152,-7.62406],[108.78153,-7.62406],[108.78153,-7.62407],[108.78198,-7.62407],[108.78198,-7.62452],[108.78243,-7.62452],[108.78243,-7.62497],[108.78288,-7.62497],[108.78288,-7.62543],[108.78333,-7.62543],[108.78333,-7.62588],[108.78333,-7.62633],[108.78378,-7.62633],[108.78378,-7.62679],[108.78378,-7.62724],[108.78422,-7.62724],[108.78423,-7.62724],[108.78468,-7.62724],[108.78468,-7.6277],[108.78423,-7.6277],[108.78423,-7.62814],[108.78423,-7.62815],[108.78423,-7.6286],[108.78468,-7.6286],[108.78468,-7.62905],[108.78512,-7.62905],[108.78512,-7.6286],[108.78513,-7.6286],[108.78558,-7.6286],[108.78558,-7.62905],[108.78558,-7.62906],[108.78603,-7.62906],[108.78603,-7.62861],[108.78648,-7.62861],[108.78648,-7.62906],[108.78693,-7.62906],[108.78693,-7.62861],[108.78739,-7.62861],[108.78739,-7.62906],[108.78784,-7.62906],[108.78784,-7.62907],[108.78784,-7.62952],[108.78784,-7.62997],[108.78829,-7.62997],[108.78829,-7.63042],[108.78829,-7.63043],[108.78829,-7.63088],[108.78873,-7.63088],[108.78874,-7.63088],[108.78874,-7.63133],[108.78919,-7.63133],[108.78919,-7.63178],[108.78919,-7.63179],[108.78874,-7.63179],[108.78874,-7.63223],[108.78918,-7.63223],[108.78919,-7.63223],[108.78919,-7.63224],[108.78919,-7.63269],[108.78919,-7.63314],[108.78918,-7.63314],[108.78873,-7.63314],[108.78873,-7.63359],[108.78828,-7.63359],[108.78827,-7.63359],[108.78782,-7.63359],[108.78782,-7.63313],[108.78737,-7.63313],[108.78737,-7.63268],[108.78694,-7.63268],[108.78693,-7.63268],[108.78692,-7.63268],[108.78692,-7.63223],[108.78692,-7.63222],[108.78718,-7.63222],[108.78737,-7.63222],[108.78737,-7.63178],[108.78732,-7.63178],[108.78731,-7.63178],[108.78692,-7.63178],[108.78692,-7.63132],[108.78736,-7.63132],[108.78737,-7.63132],[108.78738,-7.63132],[108.78738,-7.63088],[108.78738,-7.63087],[108.78738,-7.63042],[108.78693,-7.63042],[108.78687,-7.63042],[108.78648,-7.63042],[108.78648,-7.6301],[108.78648,-7.62996],[108.78693,-7.62996],[108.78693,-7.62952],[108.78648,-7.62952],[108.78648,-7.62951],[108.78603,-7.62951],[108.78603,-7.62996],[108.78592,-7.62996],[108.7859,-7.62996],[108.78557,-7.62996],[108.78557,-7.62994],[108.78557,-7.62951],[108.78513,-7.62951],[108.78513,-7.62996],[108.78467,-7.62996],[108.78467,-7.62951],[108.78467,-7.6295],[108.78467,-7.62905],[108.78422,-7.62905],[108.78422,-7.6286],[108.78377,-7.6286],[108.78331,-7.6286],[108.78331,-7.62859],[108.78331,-7.62814],[108.78286,-7.62814],[108.78286,-7.62769],[108.78287,-7.62769],[108.78287,-7.62724],[108.78287,-7.62723],[108.78287,-7.62679],[108.78287,-7.62678],[108.78287,-7.62633],[108.78287,-7.62588]],[[108.78827,-7.63313],[108.78827,-7.63268],[108.78828,-7.63268],[108.78828,-7.63224],[108.78828,-7.63223],[108.78828,-7.63178],[108.78783,-7.63178],[108.78783,-7.63223],[108.78738,-7.63223],[108.78738,-7.63268],[108.78783,-7.63268],[108.78783,-7.63313],[108.78827,-7.63313]]],[[[108.78014,-7.62813],[108.78014,-7.62767],[108.7806,-7.62767],[108.7806,-7.62813],[108.78014,-7.62813]]],[[[108.78154,-7.62091],[108.78154,-7.6209],[108.7811,-7.6209],[108.78109,-7.6209],[108.78064,-7.6209],[108.78064,-7.62045],[108.78109,-7.62045],[108.78109,-7.62],[108.78155,-7.62],[108.782,-7.62],[108.78201,-7.62],[108.78245,-7.62],[108.78246,-7.62],[108.78291,-7.62],[108.78291,-7.62001],[108.78336,-7.62001],[108.78336,-7.62046],[108.78291,-7.62046],[108.78291,-7.62091],[108.78336,-7.62091],[108.78336,-7.62136],[108.78336,-7.62182],[108.7838,-7.62182],[108.78381,-7.62182],[108.78426,-7.62182],[108.78426,-7.62227],[108.78381,-7.62227],[108.7838,-7.62227],[108.7838,-7.62272],[108.78335,-7.62272],[108.78334,-7.62272],[108.7829,-7.62272],[108.78289,-7.62272],[108.78244,-7.62272],[108.78244,-7.62317],[108.78198,-7.62317],[108.78198,-7.62362],[108.78152,-7.62362],[108.78152,-7.62316],[108.78198,-7.62316],[108.78198,-7.62271],[108.78244,-7.62271],[108.78244,-7.62227],[108.78244,-7.62226],[108.78199,-7.62226],[108.78199,-7.62181],[108.78199,-7.62136],[108.78199,-7.62091],[108.78154,-7.62091]],[[108.782,-7.62091],[108.78245,-7.62091],[108.78245,-7.62046],[108.782,-7.62046],[108.782,-7.62091]]],[[[108.77972,-7.6218],[108.77972,-7.62135],[108.78018,-7.62135],[108.78018,-7.6218],[108.77972,-7.6218]]],[[[108.78019,-7.61909],[108.78065,-7.61909],[108.78065,-7.61954],[108.78065,-7.61999],[108.78065,-7.62],[108.78019,-7.62],[108.78019,-7.61999],[108.78019,-7.61954],[108.78019,-7.61909]]],[[[108.7811,-7.61864],[108.78065,-7.61864],[108.78065,-7.61841],[108.78065,-7.61819],[108.78079,-7.61819],[108.7808,-7.61819],[108.7811,-7.61819],[108.78111,-7.61819],[108.78111,-7.61864],[108.78156,-7.61864],[108.78156,-7.6191],[108.7811,-7.6191],[108.7811,-7.61864]]],[[[108.78065,-7.61728],[108.78066,-7.61728],[108.78111,-7.61728],[108.78111,-7.61729],[108.78111,-7.61774],[108.78083,-7.61774],[108.78066,-7.61774],[108.78065,-7.61774],[108.78065,-7.61733],[108.78065,-7.61729],[108.78065,-7.61728]]],[[[108.78247,-7.61594],[108.78248,-7.61594],[108.78293,-7.61594],[108.78293,-7.61639],[108.78248,-7.61639],[108.78247,-7.61639],[108.78202,-7.61639],[108.78202,-7.61594],[108.78247,-7.61594]]],[[[108.78339,-7.61459],[108.78384,-7.61459],[108.78384,-7.61504],[108.78339,-7.61504],[108.78339,-7.61549],[108.78293,-7.61549],[108.78293,-7.61504],[108.78248,-7.61504],[108.78248,-7.61476],[108.78248,-7.61458],[108.78269,-7.61458],[108.78294,-7.61458],[108.78294,-7.61459],[108.78339,-7.61459]]],[[[108.78384,-7.61323],[108.78384,-7.61278],[108.78385,-7.61278],[108.78385,-7.61233],[108.78431,-7.61233],[108.78431,-7.61278],[108.78431,-7.61279],[108.78476,-7.61279],[108.78476,-7.61324],[108.7843,-7.61324],[108.7843,-7.61369],[108.78475,-7.61369],[108.78475,-7.61414],[108.78429,-7.61414],[108.78429,-7.61369],[108.78384,-7.61369],[108.78384,-7.61414],[108.78339,-7.61414],[108.78339,-7.61368],[108.78384,-7.61368],[108.78384,-7.61324],[108.78384,-7.61323]]],[[[108.78159,-7.61277],[108.78158,-7.61277],[108.78158,-7.61232],[108.78159,-7.61232],[108.78204,-7.61232],[108.78204,-7.61277],[108.78159,-7.61277]]],[[[108.78068,-7.61096],[108.78069,-7.61096],[108.78114,-7.61096],[108.78114,-7.61117],[108.78114,-7.61141],[108.78069,-7.61141],[108.78068,-7.61141],[108.78024,-7.61141],[108.78023,-7.61141],[108.78023,-7.61096],[108.78024,-7.61096],[108.78051,-7.61096],[108.78068,-7.61096]]],[[[108.78386,-7.61097],[108.78386,-7.61143],[108.78341,-7.61143],[108.7834,-7.61143],[108.78316,-7.61143],[108.78315,-7.61143],[108.78295,-7.61143],[108.78295,-7.61097],[108.78301,-7.61097],[108.7834,-7.61097],[108.78341,-7.61097],[108.78386,-7.61097]]],[[[108.78341,-7.61052],[108.78295,-7.61052],[108.78295,-7.61007],[108.78341,-7.61007],[108.78341,-7.61052]]],[[[108.78342,-7.60917],[108.78387,-7.60917],[108.78387,-7.60962],[108.78342,-7.60962],[108.78341,-7.60962],[108.78296,-7.60962],[108.78296,-7.60916],[108.78342,-7.60916],[108.78342,-7.60917]]],[[[108.77979,-7.60915],[108.77979,-7.6087],[108.77988,-7.6087],[108.78025,-7.6087],[108.78025,-7.60891],[108.78025,-7.60915],[108.77979,-7.60915]]],[[[108.77982,-7.60553],[108.77936,-7.60553],[108.77936,-7.6052],[108.77936,-7.60508],[108.7796,-7.60508],[108.77982,-7.60508],[108.77982,-7.60553]]],[[[108.78214,-7.59154],[108.78169,-7.59154],[108.78169,-7.59109],[108.78214,-7.59109],[108.78215,-7.59109],[108.7826,-7.59109],[108.7826,-7.59154],[108.7826,-7.59199],[108.78305,-7.59199],[108.78305,-7.592],[108.78305,-7.59245],[108.78305,-7.5929],[108.78305,-7.59335],[108.78304,-7.59335],[108.78304,-7.5938],[108.78259,-7.5938],[108.78258,-7.5938],[108.78258,-7.59335],[108.78214,-7.59335],[108.78213,-7.59335],[108.78213,-7.5929],[108.78214,-7.5929],[108.78259,-7.5929],[108.78259,-7.59245],[108.78259,-7.592],[108.78214,-7.592],[108.78214,-7.59199],[108.78214,-7.59154]]],[[[108.78078,-7.59243],[108.78079,-7.59243],[108.78079,-7.59244],[108.78079,-7.59289],[108.78123,-7.59289],[108.78124,-7.59289],[108.78169,-7.59289],[108.78169,-7.59335],[108.78123,-7.59335],[108.78123,-7.59334],[108.78079,-7.59334],[108.78078,-7.59334],[108.78033,-7.59334],[108.78033,-7.59289],[108.78033,-7.59244],[108.78033,-7.59243],[108.78078,-7.59243]]],[[[108.78079,-7.59063],[108.78079,-7.59018],[108.78125,-7.59018],[108.78125,-7.59063],[108.78125,-7.59108],[108.78125,-7.59109],[108.78079,-7.59109],[108.78079,-7.59108],[108.78079,-7.59063]]],[[[108.78262,-7.58884],[108.78262,-7.58883],[108.78261,-7.58883],[108.78216,-7.58883],[108.78216,-7.58838],[108.78261,-7.58838],[108.78262,-7.58838],[108.78307,-7.58838],[108.78307,-7.58883],[108.78307,-7.58884],[108.78262,-7.58884]]],[[[108.78216,-7.58748],[108.78216,-7.58747],[108.78216,-7.58702],[108.78217,-7.58702],[108.78262,-7.58702],[108.78262,-7.58747],[108.78262,-7.58748],[108.78262,-7.58793],[108.78217,-7.58793],[108.78216,-7.58793],[108.78216,-7.58748]]],[[[108.78307,-7.58612],[108.78308,-7.58612],[108.78308,-7.58569],[108.78354,-7.5857],[108.78354,-7.5857],[108.78399,-7.58572],[108.78418,-7.58572],[108.78426,-7.58569],[108.78427,-7.58569],[108.78428,-7.58569],[108.78429,-7.58569],[108.7843,-7.58569],[108.7843,-7.5857],[108.78431,-7.5857],[108.78431,-7.58571],[108.78432,-7.58571],[108.78432,-7.58572],[108.78436,-7.58581],[108.78436,-7.58582],[108.78437,-7.58582],[108.78437,-7.58583],[108.78438,-7.58613],[108.78439,-7.5863],[108.78442,-7.58632],[108.78444,-7.58632],[108.78444,-7.58658],[108.78489,-7.58658],[108.78489,-7.58703],[108.78489,-7.58704],[108.78534,-7.58704],[108.78534,-7.58749],[108.78489,-7.58749],[108.78489,-7.58794],[108.78461,-7.58794],[108.78443,-7.58794],[108.78425,-7.58794],[108.78406,-7.58794],[108.78397,-7.58794],[108.78397,-7.58749],[108.78397,-7.58748],[108.78397,-7.58703],[108.78398,-7.58703],[108.78398,-7.58658],[108.78353,-7.58658],[108.78308,-7.58658],[108.78307,-7.58658],[108.78262,-7.58658],[108.78262,-7.58612],[108.78307,-7.58612]]],[[[108.78311,-7.5798],[108.78311,-7.57935],[108.78266,-7.57935],[108.78266,-7.5789],[108.78266,-7.57889],[108.78221,-7.57889],[108.78221,-7.57934],[108.78175,-7.57934],[108.78175,-7.57889],[108.78175,-7.57844],[108.78221,-7.57844],[108.78266,-7.57844],[108.78267,-7.57844],[108.78312,-7.57844],[108.78312,-7.57889],[108.78312,-7.5789],[108.78312,-7.57935],[108.78356,-7.57935],[108.78357,-7.57935],[108.78357,-7.5789],[108.78403,-7.5789],[108.78403,-7.57935],[108.78402,-7.57935],[108.78402,-7.5798],[108.78402,-7.58025],[108.78402,-7.58026],[108.78402,-7.58041],[108.78402,-7.58051],[108.78402,-7.58071],[108.78401,-7.58071],[108.78401,-7.58116],[108.78355,-7.58116],[108.78355,-7.58071],[108.78356,-7.58071],[108.78356,-7.58033],[108.78356,-7.58026],[108.78356,-7.58025],[108.78356,-7.58024],[108.78356,-7.5798],[108.78311,-7.5798]]],[[[108.7822,-7.57979],[108.78266,-7.57979],[108.78266,-7.5798],[108.78266,-7.58003],[108.7822,-7.57988],[108.7822,-7.5798],[108.7822,-7.57979]]],[[[108.78131,-7.57843],[108.78131,-7.57844],[108.78085,-7.57844],[108.78085,-7.57843],[108.78085,-7.57798],[108.78131,-7.57798],[108.78131,-7.57843]]],[[[108.78313,-7.57754],[108.78267,-7.57754],[108.78267,-7.57709],[108.78267,-7.57664],[108.78267,-7.57663],[108.78313,-7.57663],[108.78313,-7.57619],[108.78358,-7.57619],[108.78359,-7.57619],[108.78359,-7.57664],[108.78358,-7.57664],[108.78313,-7.57664],[108.78313,-7.57709],[108.78313,-7.57754]]],[[[108.78041,-7.57617],[108.78042,-7.57617],[108.78087,-7.57617],[108.78087,-7.57572],[108.78042,-7.57572],[108.77996,-7.57572],[108.77996,-7.57527],[108.77951,-7.57527],[108.77951,-7.57481],[108.77997,-7.57481],[108.78043,-7.57481],[108.78043,-7.57527],[108.78088,-7.57527],[108.78088,-7.57572],[108.78132,-7.57572],[108.78133,-7.57572],[108.78133,-7.57618],[108.78109,-7.57618],[108.78087,-7.57618],[108.78087,-7.5766],[108.78087,-7.57662],[108.78087,-7.57663],[108.78132,-7.57663],[108.78132,-7.57708],[108.78087,-7.57708],[108.78086,-7.57708],[108.78065,-7.57708],[108.78064,-7.57708],[108.78041,-7.57708],[108.78041,-7.57663],[108.78041,-7.57662],[108.77996,-7.57662],[108.7795,-7.57662],[108.7795,-7.57617],[108.77996,-7.57617],[108.78041,-7.57617]]],[[[108.78133,-7.57437],[108.78088,-7.57437],[108.78088,-7.57392],[108.78088,-7.57391],[108.78088,-7.57346],[108.78133,-7.57346],[108.78133,-7.57391],[108.78133,-7.57392],[108.78178,-7.57392],[108.78178,-7.57347],[108.78223,-7.57347],[108.78224,-7.57347],[108.78269,-7.57347],[108.78269,-7.57392],[108.78269,-7.57437],[108.78269,-7.57438],[108.78314,-7.57438],[108.78314,-7.57483],[108.78314,-7.57528],[108.78359,-7.57528],[108.78359,-7.57574],[108.78313,-7.57574],[108.78313,-7.57528],[108.78269,-7.57528],[108.78269,-7.57573],[108.78268,-7.57573],[108.78223,-7.57573],[108.78223,-7.57528],[108.78223,-7.57483],[108.78223,-7.57438],[108.78223,-7.57437],[108.78178,-7.57437],[108.78133,-7.57437]]],[[[108.77998,-7.57346],[108.78043,-7.57346],[108.78043,-7.57391],[108.78003,-7.57391],[108.77998,-7.57391],[108.77998,-7.57388],[108.77998,-7.57387],[108.77998,-7.57346]]],[[[108.78134,-7.57301],[108.78088,-7.57301],[108.78043,-7.57301],[108.77998,-7.57301],[108.77998,-7.57346],[108.77953,-7.57346],[108.77953,-7.57301],[108.77953,-7.573],[108.77953,-7.57255],[108.77998,-7.57255],[108.78043,-7.57255],[108.78043,-7.57256],[108.78088,-7.57256],[108.78088,-7.57211],[108.78134,-7.57211],[108.78134,-7.57256],[108.78134,-7.57301]]],[[[108.78272,-7.56715],[108.78272,-7.56691],[108.78318,-7.56682],[108.78318,-7.56715],[108.78272,-7.56715]]],[[[108.78501,-7.66565],[108.78493,-7.66542],[108.78493,-7.6652],[108.78493,-7.66519],[108.78493,-7.66474],[108.78494,-7.66474],[108.78539,-7.66474],[108.78539,-7.6643],[108.78539,-7.66429],[108.78539,-7.66384],[108.78539,-7.66339],[108.78516,-7.66339],[108.78528,-7.66294],[108.78537,-7.66261],[108.78537,-7.6626],[108.78541,-7.66252],[108.78541,-7.66294],[108.7854,-7.66294],[108.7854,-7.66339],[108.78585,-7.66339],[108.78585,-7.66384],[108.78585,-7.66429],[108.78585,-7.6643],[108.78585,-7.66475],[108.78629,-7.66475],[108.7863,-7.66475],[108.7863,-7.6643],[108.7863,-7.66385],[108.78675,-7.66385],[108.78675,-7.6634],[108.78676,-7.6634],[108.78676,-7.66295],[108.78676,-7.66294],[108.78676,-7.66249],[108.78632,-7.66249],[108.78631,-7.66249],[108.78586,-7.66249],[108.78586,-7.66204],[108.78586,-7.66159],[108.78586,-7.66158],[108.78632,-7.66158],[108.78632,-7.66159],[108.78677,-7.66159],[108.78677,-7.66204],[108.78677,-7.66249],[108.78722,-7.66249],[108.78722,-7.66294],[108.78722,-7.66295],[108.78722,-7.6634],[108.78766,-7.6634],[108.78767,-7.6634],[108.78812,-7.6634],[108.78812,-7.66385],[108.78812,-7.66386],[108.78812,-7.66431],[108.78767,-7.66431],[108.78766,-7.66431],[108.78721,-7.66431],[108.78721,-7.6643],[108.78721,-7.66385],[108.78676,-7.66385],[108.78676,-7.6643],[108.78676,-7.66475],[108.78675,-7.66475],[108.78675,-7.6652],[108.7863,-7.6652],[108.78629,-7.6652],[108.78584,-7.6652],[108.78584,-7.66565],[108.78629,-7.66565],[108.78629,-7.6661],[108.78674,-7.6661],[108.78674,-7.66611],[108.78674,-7.66656],[108.78674,-7.66701],[108.78674,-7.66746],[108.78629,-7.66746],[108.78628,-7.66746],[108.78628,-7.66701],[108.78628,-7.66656],[108.78584,-7.66656],[108.78583,-7.66656],[108.78583,-7.66611],[108.78583,-7.6661],[108.78583,-7.66565],[108.78539,-7.66565],[108.78538,-7.66565],[108.78501,-7.66565]],[[108.78584,-7.66475],[108.78539,-7.66475],[108.78539,-7.66519],[108.78539,-7.6652],[108.78584,-7.6652],[108.78584,-7.66475]]],[[[108.78494,-7.66429],[108.78493,-7.66429],[108.78494,-7.66421],[108.78494,-7.66429]]],[[[108.78587,-7.66079],[108.78588,-7.66072],[108.78588,-7.66068],[108.78632,-7.66068],[108.78632,-7.66023],[108.78677,-7.66023],[108.78677,-7.66069],[108.78632,-7.66069],[108.78632,-7.66114],[108.78587,-7.66114],[108.78587,-7.66079]]],[[[108.7851,-7.6589],[108.78506,-7.65889],[108.78504,-7.65887],[108.785,-7.65884],[108.78496,-7.65882],[108.78496,-7.65842],[108.78452,-7.65842],[108.78451,-7.65842],[108.78451,-7.65796],[108.78407,-7.65796],[108.78406,-7.65796],[108.78406,-7.65751],[108.78362,-7.65751],[108.78361,-7.65751],[108.78361,-7.65706],[108.78362,-7.65706],[108.78362,-7.6566],[108.78408,-7.6566],[108.78408,-7.65706],[108.78407,-7.65706],[108.78407,-7.65751],[108.78452,-7.65751],[108.78498,-7.65751],[108.78498,-7.65797],[108.78542,-7.65797],[108.78543,-7.65797],[108.78587,-7.65797],[108.78588,-7.65797],[108.78633,-7.65797],[108.78679,-7.65797],[108.78679,-7.65843],[108.78633,-7.65843],[108.78588,-7.65843],[108.78588,-7.65887],[108.78588,-7.65888],[108.78587,-7.65888],[108.78587,-7.65933],[108.7855,-7.65933],[108.78547,-7.65929],[108.78542,-7.65921],[108.78542,-7.65921],[108.78542,-7.6592],[108.78541,-7.65919],[108.78541,-7.65918],[108.7854,-7.65916],[108.78537,-7.65917],[108.7852,-7.65899],[108.78509,-7.65891],[108.78509,-7.6589],[108.7851,-7.6589]]],[[[108.78363,-7.65525],[108.78363,-7.6548],[108.78409,-7.6548],[108.78409,-7.65525],[108.78363,-7.65525]]],[[[108.78455,-7.65435],[108.78409,-7.65435],[108.78409,-7.6539],[108.78455,-7.6539],[108.78455,-7.65435]]],[[[108.78597,-7.6399],[108.78597,-7.63945],[108.78642,-7.63945],[108.78643,-7.63945],[108.78688,-7.63945],[108.78688,-7.6399],[108.78688,-7.63991],[108.78642,-7.63991],[108.78642,-7.6399],[108.78597,-7.6399]]],[[[108.78508,-7.63719],[108.78508,-7.63673],[108.78554,-7.63673],[108.78554,-7.63719],[108.78508,-7.63719]]],[[[108.78464,-7.63673],[108.78418,-7.63673],[108.78418,-7.63628],[108.78464,-7.63628],[108.78464,-7.63673]]],[[[108.786,-7.63493],[108.78624,-7.63493],[108.78645,-7.63493],[108.78645,-7.63524],[108.78645,-7.63538],[108.78655,-7.63538],[108.78656,-7.63538],[108.7869,-7.63538],[108.7869,-7.63539],[108.7869,-7.63574],[108.7869,-7.63584],[108.78645,-7.63584],[108.78644,-7.63584],[108.78644,-7.63539],[108.786,-7.63539],[108.78599,-7.63539],[108.78599,-7.63538],[108.78555,-7.63538],[108.78554,-7.63538],[108.78554,-7.63493],[108.78554,-7.63448],[108.78555,-7.63448],[108.786,-7.63448],[108.786,-7.63493]]],[[[108.78464,-7.63583],[108.78464,-7.63538],[108.7851,-7.63538],[108.7851,-7.63583],[108.78464,-7.63583]]],[[[108.78737,-7.63403],[108.78737,-7.63404],[108.78691,-7.63404],[108.78691,-7.63448],[108.78646,-7.63448],[108.78645,-7.63448],[108.78619,-7.63448],[108.786,-7.63448],[108.786,-7.63403],[108.78628,-7.63403],[108.78629,-7.63403],[108.78645,-7.63403],[108.78646,-7.63403],[108.78691,-7.63403],[108.78691,-7.63358],[108.78737,-7.63358],[108.78737,-7.63403]]],[[[108.7851,-7.63267],[108.7851,-7.63222],[108.78556,-7.63222],[108.78556,-7.63267],[108.7851,-7.63267]]],[[[108.78514,-7.62499],[108.78514,-7.62454],[108.7856,-7.62454],[108.7856,-7.62499],[108.78514,-7.62499]]],[[[108.78424,-7.62498],[108.78378,-7.62498],[108.78378,-7.62453],[108.78424,-7.62453],[108.78424,-7.62498]]],[[[108.78605,-7.62454],[108.78605,-7.62409],[108.78651,-7.62409],[108.78651,-7.62454],[108.78605,-7.62454]]],[[[108.7847,-7.62273],[108.7847,-7.62228],[108.7847,-7.62227],[108.78516,-7.62227],[108.78516,-7.62228],[108.78516,-7.62273],[108.7847,-7.62273]]],[[[108.78699,-7.61867],[108.78654,-7.61867],[108.78654,-7.61822],[108.78699,-7.61822],[108.787,-7.61822],[108.787,-7.61867],[108.78699,-7.61867]]],[[[108.78382,-7.61821],[108.78382,-7.61775],[108.78428,-7.61775],[108.78428,-7.61821],[108.78382,-7.61821]]],[[[108.78699,-7.61641],[108.78655,-7.61641],[108.78655,-7.61686],[108.78609,-7.61686],[108.78609,-7.61641],[108.78654,-7.61641],[108.78654,-7.61596],[108.78699,-7.61596],[108.787,-7.61596],[108.787,-7.61551],[108.78746,-7.61551],[108.78746,-7.61596],[108.78745,-7.61596],[108.78745,-7.61641],[108.78745,-7.61642],[108.7879,-7.61642],[108.78791,-7.61642],[108.78835,-7.61642],[108.78836,-7.61642],[108.78836,-7.61597],[108.78882,-7.61597],[108.78882,-7.61642],[108.78927,-7.61642],[108.78927,-7.61661],[108.78927,-7.61662],[108.78905,-7.61662],[108.78905,-7.61687],[108.78905,-7.61688],[108.78905,-7.61715],[108.78923,-7.61715],[108.78924,-7.61715],[108.78924,-7.61733],[108.78923,-7.61733],[108.78881,-7.61733],[108.7888,-7.61733],[108.78835,-7.61733],[108.78835,-7.61732],[108.7879,-7.61732],[108.78745,-7.61732],[108.78745,-7.61777],[108.787,-7.61777],[108.78699,-7.61777],[108.78699,-7.61732],[108.78699,-7.61687],[108.78699,-7.61686],[108.78699,-7.61642],[108.78699,-7.61641]]],[[[108.78564,-7.61731],[108.78519,-7.61731],[108.78519,-7.61686],[108.78564,-7.61686],[108.78565,-7.61686],[108.78565,-7.61731],[108.78564,-7.61731]]],[[[108.78475,-7.61595],[108.78474,-7.61595],[108.78429,-7.61595],[108.78429,-7.6155],[108.78474,-7.6155],[108.78475,-7.6155],[108.78475,-7.61595]]],[[[108.78747,-7.6137],[108.78747,-7.61325],[108.78793,-7.61325],[108.78793,-7.61326],[108.78838,-7.61326],[108.78838,-7.61371],[108.78793,-7.61371],[108.78792,-7.61371],[108.78747,-7.61371],[108.78747,-7.61416],[108.78701,-7.61416],[108.78701,-7.61461],[108.78655,-7.61461],[108.78655,-7.61415],[108.78701,-7.61415],[108.78701,-7.6137],[108.78747,-7.6137]]],[[[108.78522,-7.61189],[108.78476,-7.61189],[108.78476,-7.61143],[108.78522,-7.61143],[108.78522,-7.61189]]],[[[108.78387,-7.60872],[108.78432,-7.60872],[108.78432,-7.60827],[108.78478,-7.60827],[108.78478,-7.60872],[108.78433,-7.60872],[108.78433,-7.60917],[108.78432,-7.60917],[108.78387,-7.60917],[108.78387,-7.60872]]],[[[108.78659,-7.60692],[108.78659,-7.60647],[108.7866,-7.60647],[108.7866,-7.60602],[108.78705,-7.60602],[108.78705,-7.60557],[108.78751,-7.60557],[108.78751,-7.60602],[108.78751,-7.60603],[108.78751,-7.60648],[108.78706,-7.60648],[108.78705,-7.60648],[108.78705,-7.60693],[108.7866,-7.60693],[108.7866,-7.60737],[108.7866,-7.60738],[108.78704,-7.60738],[108.78705,-7.60738],[108.7875,-7.60738],[108.7875,-7.60783],[108.78705,-7.60783],[108.78704,-7.60783],[108.7866,-7.60783],[108.78659,-7.60783],[108.78614,-7.60783],[108.78614,-7.60828],[108.78569,-7.60828],[108.78568,-7.60828],[108.78568,-7.60873],[108.78523,-7.60873],[108.78522,-7.60873],[108.78522,-7.60827],[108.78523,-7.60827],[108.78523,-7.60786],[108.78523,-7.60782],[108.78534,-7.60782],[108.78535,-7.60782],[108.78568,-7.60782],[108.78568,-7.60737],[108.78614,-7.60737],[108.78614,-7.60692],[108.78659,-7.60692]]],[[[108.78615,-7.60561],[108.78615,-7.60562],[108.78615,-7.60602],[108.78594,-7.60602],[108.78569,-7.60602],[108.78569,-7.60556],[108.7857,-7.60556],[108.7857,-7.60511],[108.78616,-7.60511],[108.78616,-7.60557],[108.78615,-7.60557],[108.78615,-7.60561]]],[[[108.7857,-7.60421],[108.78615,-7.60421],[108.78616,-7.60421],[108.78632,-7.60421],[108.78633,-7.60421],[108.78661,-7.60421],[108.78661,-7.60466],[108.78661,-7.60467],[108.78635,-7.60467],[108.78616,-7.60467],[108.78616,-7.60466],[108.78615,-7.60466],[108.7857,-7.60466],[108.7857,-7.60421]]],[[[108.78662,-7.60196],[108.78616,-7.60196],[108.78616,-7.60195],[108.78616,-7.6015],[108.78662,-7.6015],[108.78662,-7.60195],[108.78662,-7.60196]]],[[[108.78712,-7.59319],[108.7873,-7.59319],[108.7873,-7.59337],[108.78748,-7.59337],[108.78748,-7.59338],[108.78748,-7.59383],[108.78712,-7.59383],[108.78666,-7.59383],[108.78666,-7.59382],[108.78666,-7.59337],[108.78712,-7.59337],[108.78712,-7.59319]]],[[[108.78667,-7.59111],[108.78667,-7.59066],[108.78667,-7.59021],[108.78713,-7.59021],[108.78713,-7.59066],[108.78713,-7.59111],[108.78758,-7.59111],[108.78758,-7.59112],[108.78758,-7.59157],[108.78803,-7.59157],[108.78849,-7.59157],[108.78849,-7.59202],[108.78893,-7.59202],[108.78893,-7.59158],[108.78939,-7.59158],[108.78984,-7.59158],[108.78984,-7.59113],[108.78939,-7.59113],[108.78939,-7.59067],[108.78985,-7.59067],[108.78985,-7.59113],[108.7903,-7.59113],[108.7903,-7.59158],[108.78985,-7.59158],[108.78985,-7.59203],[108.78939,-7.59203],[108.78939,-7.59248],[108.78948,-7.59248],[108.78948,-7.59266],[108.78939,-7.59266],[108.78938,-7.59266],[108.78929,-7.59266],[108.78929,-7.59293],[108.78929,-7.59338],[108.78937,-7.59338],[108.78938,-7.59338],[108.78948,-7.59338],[108.78965,-7.59338],[108.78965,-7.59339],[108.78965,-7.59357],[108.78983,-7.59357],[108.78984,-7.59357],[108.79002,-7.59357],[108.79002,-7.59375],[108.79029,-7.59375],[108.79029,-7.59384],[108.78983,-7.59384],[108.78983,-7.59429],[108.79027,-7.59429],[108.79028,-7.59429],[108.79073,-7.59429],[108.79073,-7.59475],[108.79028,-7.59475],[108.79027,-7.59475],[108.78983,-7.59475],[108.78982,-7.59475],[108.78982,-7.59474],[108.78982,-7.59429],[108.78938,-7.59429],[108.78938,-7.59474],[108.78938,-7.59519],[108.78938,-7.59564],[108.78892,-7.59564],[108.78846,-7.59564],[108.78846,-7.59519],[108.78892,-7.59519],[108.78892,-7.59474],[108.78848,-7.59474],[108.78847,-7.59474],[108.78802,-7.59474],[108.78802,-7.59428],[108.7882,-7.59428],[108.78839,-7.59428],[108.78847,-7.59428],[108.78848,-7.59428],[108.78856,-7.59428],[108.78856,-7.59429],[108.78856,-7.59465],[108.78892,-7.59465],[108.78892,-7.59447],[108.78892,-7.59446],[108.78893,-7.59446],[108.78893,-7.59447],[108.78929,-7.59447],[108.78929,-7.59429],[108.78929,-7.59411],[108.78911,-7.59411],[108.78893,-7.59411],[108.78892,-7.59411],[108.78875,-7.59411],[108.78875,-7.5941],[108.78892,-7.5941],[108.78893,-7.5941],[108.78911,-7.5941],[108.78911,-7.59384],[108.78911,-7.59383],[108.78911,-7.59357],[108.78893,-7.59356],[108.78893,-7.59339],[108.78893,-7.59338],[108.78892,-7.59338],[108.78892,-7.59293],[108.78893,-7.59293],[108.78893,-7.59248],[108.78848,-7.59248],[108.78848,-7.59284],[108.78821,-7.59284],[108.78821,-7.59293],[108.78821,-7.59302],[108.7882,-7.59302],[108.7882,-7.5932],[108.78803,-7.5932],[108.78803,-7.59338],[108.78802,-7.59338],[108.78802,-7.5932],[108.78784,-7.5932],[108.78784,-7.59302],[108.78766,-7.59302],[108.78766,-7.59292],[108.78802,-7.59292],[108.78802,-7.59265],[108.78803,-7.59265],[108.78803,-7.59248],[108.78803,-7.59247],[108.78803,-7.5923],[108.78802,-7.5923],[108.78785,-7.5923],[108.78785,-7.59229],[108.78766,-7.59229],[108.78766,-7.59211],[108.78757,-7.59211],[108.78757,-7.59202],[108.78713,-7.59202],[108.78713,-7.59247],[108.78712,-7.59247],[108.78694,-7.59247],[108.78694,-7.59265],[108.78676,-7.59265],[108.78676,-7.59292],[108.78667,-7.59292],[108.78667,-7.59247],[108.78667,-7.59202],[108.78622,-7.59202],[108.78622,-7.59156],[108.78667,-7.59156],[108.78667,-7.59112],[108.78667,-7.59111]]],[[[108.78561,-7.59246],[108.78562,-7.59246],[108.78577,-7.59246],[108.78577,-7.59291],[108.78577,-7.59292],[108.7856,-7.59292],[108.78531,-7.59292],[108.78531,-7.59291],[108.78531,-7.59246],[108.78561,-7.59246]]],[[[108.78395,-7.59291],[108.78395,-7.59245],[108.78441,-7.59245],[108.78441,-7.59291],[108.78395,-7.59291]]],[[[108.78486,-7.59129],[108.78486,-7.5911],[108.78532,-7.5911],[108.78532,-7.59156],[108.78513,-7.59156],[108.78486,-7.59156],[108.78486,-7.5913],[108.78486,-7.59129]]],[[[108.78532,-7.59066],[108.78532,-7.5902],[108.78577,-7.5902],[108.78577,-7.59066],[108.78532,-7.59066]]],[[[108.78624,-7.58885],[108.78624,-7.5893],[108.78578,-7.5893],[108.78578,-7.58885],[108.78623,-7.58885],[108.78623,-7.5884],[108.78655,-7.5884],[108.78656,-7.58842],[108.78669,-7.58846],[108.78669,-7.58885],[108.78714,-7.58885],[108.78714,-7.58861],[108.7876,-7.58876],[108.7876,-7.58886],[108.7876,-7.58931],[108.78714,-7.58931],[108.78714,-7.58976],[108.78759,-7.58976],[108.78759,-7.59021],[108.78713,-7.59021],[108.78713,-7.58976],[108.78668,-7.58976],[108.78668,-7.58931],[108.78668,-7.5893],[108.78668,-7.58885],[108.78624,-7.58885]]],[[[108.78389,-7.58839],[108.78397,-7.58839],[108.78397,-7.58884],[108.78352,-7.58884],[108.78352,-7.58839],[108.78353,-7.58839],[108.78353,-7.58847],[108.78389,-7.58847],[108.78389,-7.58839]]],[[[108.78719,-7.5809],[108.78737,-7.5809],[108.78737,-7.58073],[108.78737,-7.58072],[108.78755,-7.58072],[108.78755,-7.58037],[108.78737,-7.58037],[108.78737,-7.58036],[108.78737,-7.58027],[108.78764,-7.58027],[108.78809,-7.58027],[108.78809,-7.58028],[108.78854,-7.58028],[108.78854,-7.58073],[108.78854,-7.58091],[108.78845,-7.58091],[108.78845,-7.58118],[108.78845,-7.58145],[108.78854,-7.58145],[108.78863,-7.58145],[108.78881,-7.58145],[108.78899,-7.58145],[108.78917,-7.58145],[108.78917,-7.58146],[108.78917,-7.58164],[108.78935,-7.58164],[108.78936,-7.58164],[108.78944,-7.58164],[108.78953,-7.58164],[108.78953,-7.58182],[108.78989,-7.58182],[108.78989,-7.58164],[108.78989,-7.58146],[108.79007,-7.58146],[108.79007,-7.58119],[108.79007,-7.5811],[108.7899,-7.5811],[108.78989,-7.5811],[108.78989,-7.58074],[108.79035,-7.58074],[108.79035,-7.5811],[108.79026,-7.5811],[108.79026,-7.58119],[108.79026,-7.58128],[108.79008,-7.58128],[108.79008,-7.58164],[108.79007,-7.58164],[108.79007,-7.582],[108.79034,-7.582],[108.79035,-7.582],[108.79043,-7.582],[108.79043,-7.58182],[108.79062,-7.58182],[108.79062,-7.58165],[108.79062,-7.58164],[108.79062,-7.58146],[108.7908,-7.58146],[108.7908,-7.58164],[108.7908,-7.58165],[108.7908,-7.58209],[108.7908,-7.5821],[108.7908,-7.58219],[108.79098,-7.58219],[108.79098,-7.58237],[108.79124,-7.58237],[108.79125,-7.58237],[108.79134,-7.58237],[108.79134,-7.5821],[108.79134,-7.58183],[108.79134,-7.58165],[108.79134,-7.58147],[108.79125,-7.58147],[108.79125,-7.5812],[108.79125,-7.58075],[108.79125,-7.58074],[108.79126,-7.58074],[108.79126,-7.58029],[108.79081,-7.58029],[108.79081,-7.57984],[108.79035,-7.57984],[108.79035,-7.57939],[108.7899,-7.57939],[108.7899,-7.57938],[108.78946,-7.57938],[108.78945,-7.57938],[108.78914,-7.57938],[108.78905,-7.57938],[108.789,-7.57938],[108.78855,-7.57938],[108.78855,-7.57944],[108.78855,-7.57955],[108.78855,-7.57983],[108.78809,-7.57983],[108.78809,-7.57946],[108.78809,-7.57939],[108.78809,-7.57938],[108.78809,-7.57937],[108.78764,-7.57937],[108.78719,-7.57937],[108.78718,-7.57937],[108.78674,-7.57937],[108.78673,-7.57937],[108.78673,-7.57892],[108.78673,-7.57891],[108.78673,-7.57846],[108.78629,-7.57846],[108.78629,-7.57891],[108.78584,-7.57891],[108.78584,-7.57936],[108.78584,-7.5794],[108.78584,-7.57948],[108.78584,-7.57981],[108.78629,-7.57981],[108.78629,-7.58027],[108.78673,-7.58027],[108.78673,-7.57982],[108.78719,-7.57982],[108.78719,-7.58018],[108.78718,-7.58018],[108.78682,-7.58018],[108.78682,-7.58027],[108.78682,-7.58054],[108.78674,-7.58054],[108.78673,-7.58054],[108.78664,-7.58054],[108.78664,-7.58072],[108.78628,-7.58072],[108.78628,-7.58117],[108.78582,-7.58103],[108.78582,-7.58103],[108.78537,-7.58089],[108.78491,-7.58075],[108.78491,-7.58075],[108.78489,-7.58074],[108.78488,-7.58074],[108.78487,-7.58074],[108.78486,-7.58074],[108.78487,-7.58075],[108.78482,-7.58084],[108.78482,-7.58085],[108.78475,-7.58099],[108.78471,-7.58098],[108.78469,-7.58093],[108.78466,-7.58116],[108.78446,-7.58116],[108.78446,-7.58071],[108.78446,-7.58064],[108.78446,-7.58056],[108.78446,-7.58037],[108.78446,-7.58026],[108.78447,-7.58026],[108.78447,-7.58016],[108.78447,-7.57981],[108.78447,-7.57936],[108.78447,-7.57935],[108.78447,-7.5789],[108.78448,-7.5789],[108.78448,-7.57845],[108.78448,-7.578],[108.78448,-7.57755],[108.78493,-7.57755],[108.78494,-7.57755],[108.78494,-7.578],[108.78538,-7.578],[108.78538,-7.57756],[108.78538,-7.57755],[108.78538,-7.5771],[108.78539,-7.5771],[108.78584,-7.5771],[108.78629,-7.5771],[108.78629,-7.57665],[108.78675,-7.57665],[108.78675,-7.57666],[108.7872,-7.57666],[108.78721,-7.57666],[108.78766,-7.57666],[108.78766,-7.57711],[108.78766,-7.57756],[108.78765,-7.57756],[108.78765,-7.57802],[108.7881,-7.57802],[108.7881,-7.57847],[108.7881,-7.57892],[108.78854,-7.57892],[108.78855,-7.57892],[108.789,-7.57892],[108.789,-7.57847],[108.78934,-7.57847],[108.78943,-7.57847],[108.78946,-7.57847],[108.78946,-7.57893],[108.7899,-7.57893],[108.78991,-7.57893],[108.79036,-7.57893],[108.79036,-7.57848],[108.79082,-7.57848],[108.79082,-7.57893],[108.79082,-7.57894],[108.79036,-7.57894],[108.79036,-7.57938],[108.79081,-7.57938],[108.79081,-7.57939],[108.79126,-7.57939],[108.79126,-7.57894],[108.79127,-7.57894],[108.79127,-7.57849],[108.79173,-7.57849],[108.79173,-7.57894],[108.79172,-7.57894],[108.79172,-7.57939],[108.79217,-7.57939],[108.79217,-7.57894],[108.79263,-7.57894],[108.79263,-7.5794],[108.79308,-7.5794],[108.79308,-7.57985],[108.79352,-7.57985],[108.79352,-7.5794],[108.79353,-7.5794],[108.79398,-7.5794],[108.79398,-7.57895],[108.79398,-7.5785],[108.79444,-7.5785],[108.79444,-7.57895],[108.79443,-7.57895],[108.79443,-7.5794],[108.79443,-7.57941],[108.79398,-7.57941],[108.79398,-7.57985],[108.79443,-7.57985],[108.79443,-7.57986],[108.79488,-7.57986],[108.79488,-7.57941],[108.79533,-7.57941],[108.79534,-7.57941],[108.79579,-7.57941],[108.79579,-7.57986],[108.79534,-7.57986],[108.79534,-7.58031],[108.79579,-7.58031],[108.79579,-7.58032],[108.79624,-7.58032],[108.79624,-7.58077],[108.79579,-7.58077],[108.79578,-7.58077],[108.79578,-7.58122],[108.79578,-7.58167],[108.79533,-7.58167],[108.79533,-7.58212],[108.79533,-7.58257],[108.79578,-7.58257],[108.79578,-7.58302],[108.79578,-7.58303],[108.79623,-7.58303],[108.79668,-7.58303],[108.79669,-7.58303],[108.79669,-7.58348],[108.79668,-7.58348],[108.79623,-7.58348],[108.79623,-7.58393],[108.79667,-7.58393],[108.79668,-7.58393],[108.79713,-7.58393],[108.79713,-7.58394],[108.79713,-7.58439],[108.79668,-7.58439],[108.79667,-7.58439],[108.79622,-7.58439],[108.79622,-7.58484],[108.79576,-7.58484],[108.79576,-7.58483],[108.79532,-7.58483],[108.79531,-7.58483],[108.79486,-7.58483],[108.79486,-7.58528],[108.7953,-7.58528],[108.79531,-7.58528],[108.79576,-7.58528],[108.79622,-7.58528],[108.79622,-7.58529],[108.79622,-7.58574],[108.79621,-7.58574],[108.79621,-7.58619],[108.79621,-7.58664],[108.79576,-7.58664],[108.79575,-7.58664],[108.79575,-7.58709],[108.7953,-7.58709],[108.79529,-7.58709],[108.79485,-7.58709],[108.79485,-7.58754],[108.7953,-7.58754],[108.7953,-7.58799],[108.79575,-7.58799],[108.79575,-7.58844],[108.79575,-7.58845],[108.7962,-7.58845],[108.7962,-7.588],[108.79665,-7.588],[108.79665,-7.58845],[108.79665,-7.5889],[108.79665,-7.58936],[108.7962,-7.58936],[108.7962,-7.5898],[108.79665,-7.5898],[108.79665,-7.58981],[108.79665,-7.59026],[108.7971,-7.59026],[108.7971,-7.59071],[108.79755,-7.59071],[108.79755,-7.59116],[108.79755,-7.59117],[108.79755,-7.59162],[108.79754,-7.59162],[108.79754,-7.59207],[108.79709,-7.59207],[108.79709,-7.59252],[108.79753,-7.59252],[108.79754,-7.59252],[108.79799,-7.59252],[108.79844,-7.59252],[108.79844,-7.59208],[108.79845,-7.59208],[108.79845,-7.59162],[108.7989,-7.59162],[108.79891,-7.59162],[108.79891,-7.59163],[108.79935,-7.59163],[108.79935,-7.59118],[108.79935,-7.59073],[108.79935,-7.59072],[108.79935,-7.59027],[108.79981,-7.59027],[108.79981,-7.59028],[108.80026,-7.59028],[108.80026,-7.58983],[108.80072,-7.58983],[108.80072,-7.59028],[108.80117,-7.59028],[108.80117,-7.59073],[108.80117,-7.59118],[108.80117,-7.59119],[108.80117,-7.59164],[108.80071,-7.59164],[108.80025,-7.59164],[108.80025,-7.59163],[108.80025,-7.59118],[108.79981,-7.59118],[108.79981,-7.59163],[108.79981,-7.59208],[108.80025,-7.59208],[108.80026,-7.59208],[108.80026,-7.59253],[108.80026,-7.59254],[108.8007,-7.59254],[108.80071,-7.59254],[108.80115,-7.59254],[108.80116,-7.59254],[108.8016,-7.59254],[108.80161,-7.59254],[108.80206,-7.59254],[108.80206,-7.59209],[108.80252,-7.59209],[108.80252,-7.59255],[108.80296,-7.59255],[108.80297,-7.59255],[108.80342,-7.59255],[108.80388,-7.59255],[108.80388,-7.59301],[108.80432,-7.59301],[108.80433,-7.59301],[108.80478,-7.59301],[108.80478,-7.59256],[108.80523,-7.59256],[108.80523,-7.59211],[108.80569,-7.59211],[108.80569,-7.59256],[108.80524,-7.59256],[108.80524,-7.59301],[108.80569,-7.59301],[108.80569,-7.59302],[108.80614,-7.59302],[108.80614,-7.59347],[108.80659,-7.59347],[108.80659,-7.59302],[108.80704,-7.59302],[108.80705,-7.59302],[108.80705,-7.59347],[108.80749,-7.59347],[108.8075,-7.59347],[108.8075,-7.59348],[108.8075,-7.59393],[108.80795,-7.59393],[108.80795,-7.59438],[108.80839,-7.59438],[108.8084,-7.59438],[108.80884,-7.59438],[108.80884,-7.59394],[108.8084,-7.59394],[108.80839,-7.59394],[108.80839,-7.59393],[108.80839,-7.59348],[108.8084,-7.59348],[108.80884,-7.59348],[108.80885,-7.59348],[108.8093,-7.59348],[108.8093,-7.59349],[108.80975,-7.59349],[108.80975,-7.59304],[108.8093,-7.59304],[108.8093,-7.59303],[108.80885,-7.59303],[108.8084,-7.59303],[108.80839,-7.59303],[108.80839,-7.59258],[108.80795,-7.59258],[108.80794,-7.59258],[108.80794,-7.59212],[108.8075,-7.59212],[108.80749,-7.59212],[108.80749,-7.59167],[108.8075,-7.59167],[108.80795,-7.59167],[108.80795,-7.59122],[108.8075,-7.59122],[108.8075,-7.59077],[108.8075,-7.59031],[108.80796,-7.59031],[108.80796,-7.59077],[108.80841,-7.59077],[108.80841,-7.59032],[108.80841,-7.58987],[108.80842,-7.58987],[108.80842,-7.58942],[108.80842,-7.58941],[108.80887,-7.58941],[108.80887,-7.58897],[108.80933,-7.58897],[108.80933,-7.58942],[108.80933,-7.58987],[108.80888,-7.58987],[108.80887,-7.58987],[108.80887,-7.59032],[108.80887,-7.59077],[108.80931,-7.59077],[108.80932,-7.59077],[108.80932,-7.59032],[108.80978,-7.59032],[108.80978,-7.59033],[108.81022,-7.59033],[108.81023,-7.59033],[108.81068,-7.59033],[108.81113,-7.59033],[108.81114,-7.59033],[108.81114,-7.59078],[108.81113,-7.59078],[108.81113,-7.59123],[108.81113,-7.59124],[108.81158,-7.59124],[108.81158,-7.59079],[108.81203,-7.59079],[108.81204,-7.59079],[108.81204,-7.59124],[108.81248,-7.59124],[108.81249,-7.59124],[108.81249,-7.59169],[108.81293,-7.59169],[108.81294,-7.59169],[108.81294,-7.5917],[108.81339,-7.5917],[108.81339,-7.59215],[108.81383,-7.59215],[108.81383,-7.5917],[108.81384,-7.5917],[108.81384,-7.59125],[108.81429,-7.59125],[108.81429,-7.5908],[108.81475,-7.5908],[108.81521,-7.5908],[108.81521,-7.59126],[108.8152,-7.59126],[108.8152,-7.59171],[108.8152,-7.59216],[108.81564,-7.59216],[108.81565,-7.59216],[108.81565,-7.59171],[108.8161,-7.59171],[108.8161,-7.59126],[108.81565,-7.59126],[108.81565,-7.59081],[108.81611,-7.59081],[108.81611,-7.59126],[108.81656,-7.59126],[108.81701,-7.59126],[108.81701,-7.59081],[108.81747,-7.59081],[108.81747,-7.59037],[108.81747,-7.59036],[108.81747,-7.58992],[108.81747,-7.58991],[108.81747,-7.58946],[108.81792,-7.58946],[108.81793,-7.58946],[108.81793,-7.58991],[108.81793,-7.58992],[108.81793,-7.59036],[108.81793,-7.59037],[108.81837,-7.59037],[108.81837,-7.58992],[108.81865,-7.58992],[108.81865,-7.5901],[108.81864,-7.5901],[108.81864,-7.59037],[108.81864,-7.59046],[108.81883,-7.59046],[108.81883,-7.59082],[108.81838,-7.59082],[108.81838,-7.59127],[108.81838,-7.59172],[108.81837,-7.59172],[108.81792,-7.59172],[108.81747,-7.59172],[108.81746,-7.59172],[108.81702,-7.59172],[108.81701,-7.59172],[108.81701,-7.59217],[108.81746,-7.59217],[108.81746,-7.59262],[108.817,-7.59262],[108.817,-7.59217],[108.81656,-7.59217],[108.81655,-7.59217],[108.81611,-7.59217],[108.8161,-7.59217],[108.8161,-7.59262],[108.81655,-7.59262],[108.81655,-7.59307],[108.8161,-7.59307],[108.8161,-7.59352],[108.81564,-7.59352],[108.81564,-7.59307],[108.81609,-7.59307],[108.81609,-7.59262],[108.81564,-7.59262],[108.81564,-7.59261],[108.8152,-7.59261],[108.81519,-7.59261],[108.81474,-7.59261],[108.81429,-7.59261],[108.81428,-7.59261],[108.81384,-7.59261],[108.81384,-7.59305],[108.81384,-7.59306],[108.81384,-7.59351],[108.81383,-7.59351],[108.81339,-7.59351],[108.81338,-7.59351],[108.81293,-7.59351],[108.81293,-7.5935],[108.81248,-7.5935],[108.81247,-7.5935],[108.81203,-7.5935],[108.81202,-7.5935],[108.81157,-7.5935],[108.81157,-7.59305],[108.81112,-7.59305],[108.81112,-7.59304],[108.81067,-7.59304],[108.81067,-7.59349],[108.81066,-7.59349],[108.81066,-7.59394],[108.81111,-7.59394],[108.81111,-7.59395],[108.81111,-7.5944],[108.81156,-7.5944],[108.81156,-7.59485],[108.81201,-7.59485],[108.81201,-7.59531],[108.81156,-7.59531],[108.81156,-7.59576],[108.8111,-7.59576],[108.8111,-7.5962],[108.8111,-7.59621],[108.81155,-7.59621],[108.81155,-7.59638],[108.8111,-7.59656],[108.81101,-7.5966],[108.811,-7.5966],[108.81099,-7.5966],[108.81098,-7.5966],[108.81097,-7.5966],[108.81088,-7.59657],[108.81087,-7.59657],[108.81086,-7.59656],[108.81084,-7.59656],[108.81083,-7.59656],[108.81083,-7.59655],[108.81065,-7.59649],[108.8102,-7.59632],[108.8102,-7.5962],[108.81065,-7.5962],[108.81065,-7.59575],[108.8102,-7.59575],[108.80975,-7.59575],[108.80975,-7.59615],[108.80929,-7.59598],[108.80929,-7.59575],[108.80929,-7.59574],[108.80929,-7.5953],[108.80929,-7.59529],[108.80885,-7.59529],[108.80885,-7.59574],[108.80863,-7.59574],[108.80839,-7.59565],[108.80793,-7.59548],[108.80793,-7.59548],[108.80748,-7.59531],[108.80748,-7.59529],[108.80748,-7.59528],[108.8074,-7.59528],[108.80703,-7.59515],[108.80703,-7.59483],[108.80748,-7.59483],[108.80749,-7.59483],[108.80749,-7.59438],[108.80704,-7.59438],[108.80659,-7.59438],[108.80659,-7.59483],[108.80616,-7.59483],[108.80613,-7.59481],[108.80613,-7.59438],[108.80613,-7.59437],[108.80568,-7.59437],[108.80567,-7.59437],[108.80523,-7.59437],[108.80523,-7.59448],[108.80492,-7.59437],[108.80493,-7.59437],[108.80477,-7.59431],[108.80477,-7.59392],[108.80432,-7.59392],[108.80432,-7.59415],[108.80386,-7.59398],[108.80386,-7.59391],[108.80386,-7.59346],[108.80342,-7.59346],[108.80342,-7.59391],[108.80341,-7.59391],[108.80341,-7.59436],[108.80357,-7.59436],[108.80354,-7.59481],[108.80351,-7.59527],[108.80341,-7.59527],[108.80341,-7.59571],[108.80341,-7.59572],[108.80341,-7.59616],[108.80341,-7.59617],[108.80341,-7.59662],[108.80296,-7.59662],[108.80295,-7.59662],[108.80295,-7.59707],[108.80295,-7.59752],[108.80295,-7.59797],[108.80249,-7.59797],[108.80249,-7.59842],[108.80249,-7.59887],[108.80294,-7.59887],[108.80294,-7.59933],[108.80322,-7.59933],[108.8032,-7.59964],[108.80322,-7.59978],[108.80293,-7.59978],[108.80248,-7.59978],[108.80247,-7.59978],[108.80247,-7.59933],[108.80202,-7.59933],[108.80202,-7.59932],[108.80157,-7.59932],[108.80157,-7.59887],[108.80112,-7.59887],[108.80112,-7.59841],[108.80067,-7.59841],[108.80067,-7.59796],[108.80113,-7.59796],[108.80113,-7.59841],[108.80158,-7.59841],[108.80158,-7.59797],[108.80158,-7.59796],[108.80203,-7.59796],[108.80203,-7.59752],[108.80158,-7.59752],[108.80158,-7.59751],[108.80158,-7.59706],[108.80113,-7.59706],[108.80113,-7.59661],[108.80159,-7.59661],[108.80159,-7.59616],[108.80205,-7.59616],[108.80205,-7.59661],[108.80249,-7.59661],[108.8025,-7.59661],[108.8025,-7.59616],[108.80295,-7.59616],[108.80295,-7.59572],[108.80295,-7.59571],[108.8025,-7.59571],[108.8025,-7.59526],[108.8025,-7.59481],[108.8025,-7.59436],[108.8025,-7.59435],[108.8025,-7.59391],[108.8025,-7.5939],[108.8025,-7.59345],[108.80251,-7.59345],[108.80251,-7.593],[108.80206,-7.593],[108.80206,-7.59345],[108.80161,-7.59345],[108.8016,-7.59345],[108.80116,-7.59345],[108.80115,-7.59345],[108.8007,-7.59345],[108.8007,-7.59344],[108.8007,-7.59299],[108.80026,-7.59299],[108.80025,-7.59299],[108.79981,-7.59299],[108.7998,-7.59299],[108.79935,-7.59299],[108.79935,-7.59344],[108.79889,-7.59344],[108.79889,-7.59298],[108.79845,-7.59298],[108.79844,-7.59298],[108.79844,-7.59343],[108.79844,-7.59388],[108.79844,-7.59433],[108.79798,-7.59433],[108.79798,-7.59388],[108.79753,-7.59388],[108.79707,-7.59388],[108.79707,-7.59343],[108.79707,-7.59342],[108.79662,-7.59342],[108.79662,-7.59297],[108.79707,-7.59297],[108.79708,-7.59297],[108.79708,-7.59252],[108.79663,-7.59252],[108.79618,-7.59252],[108.79617,-7.59252],[108.79572,-7.59252],[108.79572,-7.59251],[108.79527,-7.59251],[108.79527,-7.59206],[108.79572,-7.59206],[108.79572,-7.59161],[108.79528,-7.59161],[108.79527,-7.59161],[108.79483,-7.59161],[108.79482,-7.59161],[108.79482,-7.59205],[108.79482,-7.59206],[108.79482,-7.59251],[108.79482,-7.59296],[108.79482,-7.59341],[108.79437,-7.59341],[108.79436,-7.59341],[108.79436,-7.59296],[108.79392,-7.59296],[108.79392,-7.59341],[108.79391,-7.59341],[108.79347,-7.59341],[108.79346,-7.59341],[108.79346,-7.59386],[108.79301,-7.59386],[108.793,-7.59386],[108.793,-7.5943],[108.793,-7.59431],[108.793,-7.59476],[108.79254,-7.59476],[108.79254,-7.59431],[108.79254,-7.5943],[108.79254,-7.59385],[108.79209,-7.59385],[108.79209,-7.5934],[108.79255,-7.5934],[108.79255,-7.59322],[108.79273,-7.59322],[108.79273,-7.5934],[108.79273,-7.59376],[108.793,-7.59376],[108.79301,-7.59376],[108.7931,-7.59376],[108.7931,-7.59358],[108.79328,-7.59358],[108.79328,-7.59341],[108.79328,-7.5934],[108.79346,-7.5934],[108.79347,-7.5934],[108.79364,-7.5934],[108.79364,-7.59305],[108.79347,-7.59305],[108.79346,-7.59305],[108.79345,-7.59305],[108.7931,-7.59305],[108.7931,-7.59304],[108.7931,-7.59295],[108.79346,-7.59295],[108.79346,-7.5925],[108.79346,-7.59205],[108.79302,-7.59205],[108.79302,-7.5925],[108.79301,-7.5925],[108.79301,-7.59268],[108.79273,-7.59268],[108.79273,-7.59286],[108.79256,-7.59286],[108.79255,-7.59286],[108.79255,-7.59295],[108.7921,-7.59295],[108.7921,-7.5925],[108.79165,-7.5925],[108.79165,-7.59249],[108.7912,-7.59249],[108.7912,-7.59294],[108.79075,-7.59294],[108.79074,-7.59294],[108.79056,-7.59294],[108.79056,-7.59285],[108.79074,-7.59285],[108.79075,-7.59285],[108.79075,-7.59249],[108.79074,-7.59249],[108.79074,-7.59204],[108.7912,-7.59204],[108.7912,-7.59159],[108.79165,-7.59159],[108.79166,-7.59159],[108.79211,-7.59159],[108.79256,-7.59159],[108.79256,-7.59115],[108.79256,-7.59114],[108.79256,-7.59069],[108.79301,-7.59069],[108.79301,-7.59024],[108.79347,-7.59024],[108.79347,-7.58979],[108.79347,-7.58934],[108.79348,-7.58934],[108.79348,-7.58889],[108.79348,-7.58844],[108.79348,-7.58799],[108.79348,-7.58798],[108.79367,-7.58798],[108.79367,-7.58754],[108.79367,-7.58753],[108.79367,-7.58744],[108.79385,-7.58744],[108.79385,-7.58708],[108.79394,-7.58708],[108.79394,-7.58663],[108.7935,-7.58663],[108.79349,-7.58663],[108.79304,-7.58663],[108.79304,-7.58632],[108.79308,-7.58631],[108.79311,-7.5863],[108.79312,-7.58627],[108.79312,-7.58626],[108.79313,-7.58626],[108.79313,-7.58625],[108.79321,-7.58619],[108.7932,-7.58617],[108.79349,-7.58617],[108.79349,-7.58573],[108.79308,-7.58573],[108.79304,-7.58559],[108.79304,-7.58555],[108.79296,-7.58527],[108.79304,-7.58527],[108.79304,-7.58482],[108.79284,-7.58482],[108.79271,-7.58437],[108.79259,-7.58392],[108.79259,-7.58391],[108.79259,-7.58346],[108.79247,-7.58346],[108.7924,-7.58321],[108.79226,-7.58305],[108.79214,-7.58301],[108.79215,-7.58301],[108.79169,-7.58286],[108.79169,-7.58255],[108.79125,-7.58255],[108.79125,-7.58272],[108.79117,-7.58269],[108.79116,-7.58269],[108.79115,-7.58268],[108.79114,-7.58268],[108.79079,-7.58258],[108.79079,-7.58255],[108.79071,-7.58255],[108.79034,-7.58244],[108.79034,-7.58245],[108.78989,-7.58231],[108.78987,-7.58231],[108.78944,-7.58217],[108.78918,-7.58209],[108.78919,-7.58209],[108.78899,-7.58203],[108.78899,-7.58164],[108.78854,-7.58164],[108.78854,-7.58188],[108.78808,-7.58174],[108.78808,-7.58163],[108.78775,-7.58163],[108.78764,-7.58159],[108.78764,-7.5816],[108.78759,-7.58158],[108.78758,-7.58158],[108.78758,-7.58157],[108.78757,-7.58157],[108.78756,-7.58157],[108.78756,-7.58156],[108.78718,-7.58144],[108.78718,-7.58118],[108.78673,-7.58118],[108.78673,-7.5809],[108.78682,-7.5809],[108.787,-7.5809],[108.78701,-7.5809],[108.78718,-7.5809],[108.78719,-7.5809]],[[108.79533,-7.58122],[108.79533,-7.58077],[108.79488,-7.58077],[108.79488,-7.58121],[108.79488,-7.58122],[108.79488,-7.58166],[108.79488,-7.58167],[108.79533,-7.58167],[108.79533,-7.58122]],[[108.80026,-7.59073],[108.80071,-7.59073],[108.80071,-7.59028],[108.80026,-7.59028],[108.80026,-7.59073]],[[108.80478,-7.59346],[108.80522,-7.59346],[108.80523,-7.59346],[108.80523,-7.59301],[108.80478,-7.59301],[108.80478,-7.59346]],[[108.80659,-7.59392],[108.80704,-7.59392],[108.80704,-7.59348],[108.80704,-7.59347],[108.80659,-7.59347],[108.80659,-7.59392]],[[108.81158,-7.59169],[108.81203,-7.59169],[108.81203,-7.59124],[108.81158,-7.59124],[108.81158,-7.59169]],[[108.80159,-7.59706],[108.80204,-7.59706],[108.80204,-7.59661],[108.80159,-7.59661],[108.80159,-7.59706]],[[108.7872,-7.57711],[108.78675,-7.57711],[108.78675,-7.57756],[108.78719,-7.57756],[108.7872,-7.57756],[108.7872,-7.57711]],[[108.78719,-7.57891],[108.78719,-7.57892],[108.78764,-7.57892],[108.78764,-7.57847],[108.78764,-7.57802],[108.78719,-7.57802],[108.78719,-7.57801],[108.78675,-7.57801],[108.78674,-7.57801],[108.78674,-7.57846],[108.78719,-7.57846],[108.78719,-7.57891]],[[108.78538,-7.57942],[108.78538,-7.57937],[108.78538,-7.57936],[108.78538,-7.57891],[108.78538,-7.57846],[108.78494,-7.57846],[108.78494,-7.5789],[108.78494,-7.57891],[108.78493,-7.57891],[108.78493,-7.57928],[108.78493,-7.57935],[108.78493,-7.57936],[108.78493,-7.5794],[108.78493,-7.57981],[108.78537,-7.57981],[108.78538,-7.57981],[108.78538,-7.57942]],[[108.78584,-7.57846],[108.78628,-7.57846],[108.78628,-7.57801],[108.78629,-7.57801],[108.78629,-7.57756],[108.78584,-7.57756],[108.78584,-7.578],[108.78584,-7.57801],[108.78584,-7.57846]],[[108.7881,-7.57953],[108.78815,-7.57945],[108.7881,-7.57946],[108.7881,-7.57952],[108.7881,-7.57953]],[[108.79622,-7.58393],[108.79578,-7.58393],[108.79577,-7.58393],[108.79577,-7.58438],[108.79622,-7.58438],[108.79622,-7.58393]],[[108.79575,-7.5889],[108.79575,-7.58935],[108.7962,-7.58935],[108.7962,-7.5889],[108.79575,-7.5889]],[[108.79574,-7.59025],[108.79619,-7.59025],[108.79619,-7.58981],[108.79574,-7.58981],[108.79574,-7.5898],[108.79529,-7.5898],[108.79529,-7.59025],[108.79573,-7.59025],[108.79574,-7.59025]],[[108.79347,-7.59088],[108.79347,-7.59106],[108.79346,-7.59106],[108.79328,-7.59106],[108.79328,-7.59114],[108.79328,-7.59115],[108.79328,-7.59142],[108.79346,-7.59142],[108.79347,-7.59142],[108.79365,-7.59142],[108.79383,-7.59142],[108.79391,-7.59142],[108.79392,-7.59142],[108.79419,-7.59142],[108.79419,-7.59124],[108.7942,-7.59124],[108.79437,-7.59124],[108.79455,-7.59124],[108.79455,-7.59115],[108.79455,-7.59088],[108.79438,-7.59088],[108.79437,-7.59088],[108.7942,-7.59088],[108.79419,-7.59088],[108.79401,-7.59088],[108.79401,-7.5907],[108.79437,-7.5907],[108.79437,-7.59025],[108.79393,-7.59025],[108.79393,-7.5907],[108.79392,-7.5907],[108.79365,-7.5907],[108.79365,-7.59088],[108.79347,-7.59088]],[[108.79262,-7.58075],[108.79262,-7.5812],[108.79216,-7.5812],[108.79216,-7.58165],[108.79171,-7.58165],[108.79171,-7.58183],[108.7917,-7.58183],[108.7917,-7.5821],[108.7917,-7.58255],[108.79188,-7.58255],[108.79188,-7.58256],[108.79188,-7.58273],[108.79206,-7.58273],[108.79206,-7.58274],[108.79206,-7.58292],[108.79215,-7.58292],[108.79242,-7.58292],[108.79242,-7.58274],[108.79243,-7.58274],[108.7926,-7.58274],[108.79261,-7.58274],[108.79261,-7.58256],[108.79279,-7.58256],[108.79279,-7.58211],[108.79279,-7.58202],[108.79261,-7.58202],[108.79261,-7.58166],[108.79261,-7.58165],[108.79307,-7.58165],[108.79307,-7.58166],[108.79307,-7.58211],[108.79306,-7.58211],[108.79306,-7.58256],[108.79351,-7.58256],[108.79396,-7.58256],[108.79396,-7.58211],[108.79397,-7.58211],[108.79397,-7.58166],[108.79442,-7.58166],[108.79442,-7.58121],[108.79398,-7.58121],[108.79397,-7.58121],[108.79353,-7.58121],[108.79352,-7.58121],[108.79307,-7.58121],[108.79307,-7.58076],[108.79307,-7.58075],[108.79262,-7.58075]],[[108.79216,-7.58075],[108.79172,-7.58075],[108.79171,-7.58075],[108.79171,-7.5812],[108.79216,-7.5812],[108.79216,-7.58075]],[[108.79396,-7.58302],[108.79351,-7.58302],[108.79351,-7.58346],[108.79351,-7.58347],[108.79395,-7.58347],[108.79396,-7.58347],[108.79396,-7.58302]],[[108.79305,-7.58347],[108.79296,-7.58347],[108.79296,-7.58382],[108.79305,-7.58382],[108.79315,-7.58382],[108.79315,-7.58383],[108.79305,-7.58383],[108.79296,-7.58383],[108.79296,-7.58391],[108.79296,-7.58392],[108.79296,-7.58437],[108.79305,-7.58437],[108.79305,-7.58482],[108.79349,-7.58482],[108.7935,-7.58482],[108.7935,-7.58437],[108.79368,-7.58437],[108.79368,-7.58392],[108.79368,-7.58383],[108.79351,-7.58383],[108.79351,-7.58365],[108.7935,-7.58365],[108.79333,-7.58365],[108.79332,-7.58365],[108.79332,-7.58347],[108.79305,-7.58347]],[[108.79367,-7.58582],[108.79367,-7.58618],[108.79394,-7.58618],[108.79395,-7.58618],[108.79422,-7.58618],[108.79422,-7.586],[108.79439,-7.586],[108.7944,-7.586],[108.79458,-7.586],[108.79458,-7.58573],[108.79458,-7.58564],[108.7944,-7.58564],[108.79422,-7.58564],[108.79395,-7.58564],[108.79394,-7.58564],[108.79386,-7.58564],[108.79386,-7.58573],[108.79386,-7.58582],[108.79367,-7.58582]],[[108.79171,-7.57984],[108.79127,-7.57984],[108.79127,-7.58029],[108.79171,-7.58029],[108.79171,-7.57985],[108.79171,-7.57984]],[[108.79262,-7.5794],[108.79217,-7.5794],[108.79217,-7.57984],[108.79217,-7.57985],[108.79262,-7.57985],[108.79262,-7.5794]],[[108.79263,-7.57985],[108.79263,-7.5803],[108.79307,-7.5803],[108.79307,-7.57985],[108.79263,-7.57985]],[[108.79565,-7.58926],[108.79565,-7.5889],[108.79565,-7.58872],[108.79548,-7.58872],[108.79548,-7.58854],[108.7953,-7.58854],[108.79529,-7.58854],[108.79511,-7.58854],[108.79485,-7.58854],[108.79484,-7.58854],[108.79475,-7.58854],[108.79475,-7.58889],[108.79483,-7.58889],[108.79484,-7.58889],[108.79493,-7.58889],[108.79493,-7.5889],[108.79493,-7.58907],[108.79511,-7.58907],[108.79511,-7.58908],[108.79511,-7.58926],[108.79529,-7.58926],[108.79565,-7.58926]],[[108.79665,-7.59071],[108.79664,-7.59071],[108.79664,-7.59116],[108.79709,-7.59116],[108.79709,-7.59071],[108.79665,-7.59071]],[[108.81066,-7.59304],[108.81066,-7.59259],[108.81066,-7.59214],[108.81022,-7.59214],[108.80994,-7.59214],[108.80994,-7.59213],[108.80994,-7.59186],[108.80977,-7.59186],[108.80977,-7.59168],[108.80976,-7.59168],[108.80958,-7.59168],[108.8094,-7.59168],[108.80932,-7.59168],[108.80931,-7.59168],[108.80922,-7.59168],[108.80886,-7.59168],[108.80886,-7.59204],[108.80886,-7.59213],[108.80904,-7.59213],[108.80904,-7.59222],[108.80922,-7.59222],[108.80922,-7.5924],[108.80931,-7.5924],[108.80931,-7.59258],[108.80975,-7.59258],[108.80976,-7.59258],[108.81021,-7.59258],[108.81021,-7.59259],[108.81021,-7.59304],[108.81066,-7.59304]],[[108.8143,-7.5917],[108.81474,-7.5917],[108.81474,-7.59125],[108.8143,-7.59125],[108.8143,-7.5917]]],[[[108.78403,-7.57755],[108.78403,-7.578],[108.78357,-7.578],[108.78357,-7.57754],[108.78358,-7.57754],[108.78358,-7.57709],[108.78403,-7.57709],[108.78404,-7.57709],[108.78404,-7.57754],[108.78404,-7.57755],[108.78403,-7.57755]]],[[[108.787,-7.56731],[108.78703,-7.56733],[108.78725,-7.56746],[108.78725,-7.56745],[108.78754,-7.56762],[108.78755,-7.56762],[108.78755,-7.56763],[108.7877,-7.56772],[108.7877,-7.56771],[108.78815,-7.56798],[108.78816,-7.56798],[108.78816,-7.56808],[108.78816,-7.56853],[108.78816,-7.56898],[108.78815,-7.56898],[108.7877,-7.56898],[108.78724,-7.56898],[108.78724,-7.56853],[108.78679,-7.56853],[108.78679,-7.56807],[108.7868,-7.56807],[108.7868,-7.56762],[108.78635,-7.56762],[108.78635,-7.56717],[108.78635,-7.56689],[108.78654,-7.56702],[108.78678,-7.56717],[108.78677,-7.56717],[108.7868,-7.56718],[108.787,-7.56731]]],[[[108.78542,-7.56631],[108.78545,-7.56632],[108.78582,-7.56655],[108.7859,-7.5666],[108.7859,-7.56671],[108.78545,-7.56671],[108.78544,-7.56671],[108.78499,-7.56671],[108.78499,-7.56641],[108.78499,-7.5664],[108.78528,-7.56634],[108.78532,-7.56633],[108.78542,-7.56631]]],[[[108.78899,-7.66928],[108.78899,-7.66883],[108.78944,-7.66883],[108.78945,-7.66883],[108.7899,-7.66883],[108.7899,-7.66929],[108.78944,-7.66929],[108.78944,-7.66974],[108.78936,-7.66974],[108.78899,-7.66961],[108.78899,-7.66928]]],[[[108.78854,-7.66883],[108.78809,-7.66883],[108.78809,-7.66837],[108.78854,-7.66837],[108.78854,-7.66883]]],[[[108.78764,-7.66837],[108.78764,-7.66792],[108.78809,-7.66792],[108.78809,-7.66837],[108.78764,-7.66837]]],[[[108.78719,-7.66746],[108.78764,-7.66746],[108.78764,-7.66747],[108.78764,-7.66792],[108.78719,-7.66792],[108.78718,-7.66792],[108.78718,-7.66747],[108.78719,-7.66747],[108.78719,-7.66746]]],[[[108.7881,-7.66657],[108.78764,-7.66657],[108.78764,-7.66611],[108.7881,-7.66611],[108.7881,-7.66657]]],[[[108.78901,-7.66612],[108.78901,-7.66567],[108.78947,-7.66567],[108.78947,-7.66612],[108.78901,-7.66612]]],[[[108.78903,-7.6625],[108.78903,-7.66251],[108.78857,-7.66251],[108.78857,-7.6625],[108.78857,-7.66205],[108.78903,-7.66205],[108.78903,-7.6625]]],[[[108.7895,-7.65709],[108.7895,-7.65664],[108.78906,-7.65664],[108.78905,-7.65664],[108.78905,-7.65663],[108.78905,-7.65618],[108.78905,-7.65573],[108.78906,-7.65573],[108.78951,-7.65573],[108.78951,-7.65528],[108.78906,-7.65528],[108.78906,-7.65483],[108.78906,-7.65482],[108.78952,-7.65482],[108.78952,-7.65483],[108.78997,-7.65483],[108.78997,-7.65438],[108.79043,-7.65438],[108.79043,-7.65483],[108.79088,-7.65483],[108.79088,-7.65529],[108.79042,-7.65529],[108.79042,-7.65573],[108.79042,-7.65574],[108.79087,-7.65574],[108.79088,-7.65574],[108.79132,-7.65574],[108.79133,-7.65574],[108.79133,-7.65529],[108.79178,-7.65529],[108.79179,-7.65529],[108.79224,-7.65529],[108.79224,-7.65574],[108.79269,-7.65574],[108.79269,-7.65575],[108.79269,-7.6562],[108.79223,-7.6562],[108.79223,-7.65575],[108.79178,-7.65575],[108.79178,-7.65619],[108.79133,-7.65619],[108.79133,-7.65664],[108.79132,-7.65664],[108.79132,-7.6571],[108.79087,-7.6571],[108.79087,-7.65754],[108.79132,-7.65754],[108.79132,-7.65755],[108.79132,-7.658],[108.79177,-7.658],[108.79177,-7.65845],[108.79222,-7.65845],[108.79222,-7.65891],[108.79266,-7.65891],[108.79266,-7.65846],[108.79312,-7.65846],[108.79312,-7.65891],[108.79312,-7.65936],[108.79312,-7.65981],[108.79312,-7.65982],[108.79357,-7.65982],[108.79357,-7.66027],[108.79402,-7.66027],[108.79402,-7.66072],[108.79447,-7.66072],[108.79447,-7.66073],[108.79492,-7.66073],[108.79492,-7.66118],[108.79537,-7.66118],[108.79537,-7.66163],[108.79537,-7.66209],[108.79581,-7.66209],[108.79582,-7.66209],[108.79627,-7.66209],[108.79627,-7.66254],[108.79673,-7.66254],[108.79673,-7.663],[108.79717,-7.663],[108.79718,-7.663],[108.79763,-7.663],[108.79763,-7.66345],[108.79763,-7.6639],[108.79763,-7.66391],[108.79762,-7.66391],[108.79762,-7.66435],[108.79762,-7.66436],[108.79762,-7.66481],[108.79807,-7.66481],[108.79807,-7.66526],[108.79852,-7.66526],[108.79852,-7.66481],[108.79898,-7.66481],[108.79898,-7.66527],[108.79852,-7.66527],[108.79852,-7.66571],[108.79852,-7.66572],[108.79897,-7.66572],[108.79897,-7.66617],[108.79942,-7.66617],[108.79988,-7.66617],[108.79988,-7.66663],[108.80032,-7.66663],[108.80033,-7.66663],[108.80077,-7.66663],[108.80078,-7.66663],[108.80123,-7.66663],[108.80123,-7.66708],[108.80123,-7.66709],[108.80168,-7.66709],[108.80214,-7.66709],[108.80214,-7.66754],[108.80168,-7.66754],[108.80168,-7.66799],[108.80213,-7.66799],[108.80213,-7.66844],[108.80213,-7.66845],[108.80213,-7.66889],[108.80213,-7.6689],[108.80258,-7.6689],[108.80258,-7.66935],[108.80303,-7.66935],[108.80303,-7.6698],[108.80303,-7.66981],[108.80257,-7.66981],[108.80257,-7.67025],[108.80302,-7.67025],[108.80302,-7.67026],[108.80303,-7.67026],[108.80303,-7.67071],[108.80302,-7.67071],[108.80257,-7.67071],[108.80257,-7.67116],[108.80212,-7.67116],[108.80212,-7.67161],[108.80257,-7.67161],[108.80257,-7.67206],[108.80257,-7.67251],[108.80256,-7.67251],[108.80256,-7.67296],[108.80256,-7.67297],[108.80256,-7.67336],[108.80237,-7.67332],[108.80224,-7.67329],[108.80213,-7.67325],[108.8021,-7.67323],[108.8021,-7.67297],[108.8021,-7.67296],[108.8021,-7.67251],[108.80211,-7.67251],[108.80211,-7.67206],[108.80211,-7.67161],[108.80166,-7.67161],[108.80166,-7.67116],[108.80166,-7.67115],[108.80166,-7.6707],[108.80212,-7.6707],[108.80257,-7.6707],[108.80257,-7.67026],[108.80212,-7.67026],[108.80212,-7.67025],[108.80212,-7.6698],[108.80212,-7.66935],[108.80167,-7.66935],[108.80167,-7.6698],[108.80122,-7.6698],[108.80122,-7.66935],[108.80122,-7.66934],[108.8011,-7.66934],[108.80106,-7.66926],[108.80093,-7.66889],[108.80083,-7.66862],[108.80077,-7.6685],[108.80077,-7.66844],[108.80073,-7.66844],[108.8006,-7.66819],[108.80053,-7.66799],[108.80053,-7.66799],[108.80051,-7.66793],[108.80039,-7.66774],[108.80032,-7.66767],[108.80029,-7.66764],[108.80014,-7.66753],[108.80032,-7.66753],[108.80032,-7.66708],[108.79987,-7.66708],[108.79942,-7.66708],[108.79941,-7.66708],[108.79897,-7.66708],[108.79896,-7.66708],[108.79896,-7.66707],[108.79852,-7.66707],[108.79851,-7.66707],[108.79851,-7.66662],[108.79807,-7.66662],[108.79806,-7.66662],[108.79762,-7.66662],[108.79761,-7.66662],[108.79716,-7.66662],[108.79716,-7.66706],[108.79716,-7.66707],[108.7967,-7.66707],[108.7967,-7.66706],[108.7967,-7.66661],[108.7967,-7.66616],[108.79626,-7.66616],[108.79625,-7.66616],[108.7958,-7.66616],[108.7958,-7.66661],[108.79534,-7.66661],[108.79534,-7.6666],[108.79489,-7.6666],[108.79489,-7.66615],[108.79489,-7.6657],[108.79535,-7.6657],[108.7958,-7.6657],[108.79581,-7.6657],[108.79625,-7.6657],[108.79626,-7.6657],[108.79626,-7.66525],[108.79671,-7.66525],[108.79671,-7.66481],[108.79671,-7.6648],[108.79626,-7.6648],[108.79626,-7.66435],[108.79671,-7.66435],[108.79671,-7.6639],[108.79671,-7.66345],[108.79626,-7.66345],[108.79626,-7.66299],[108.79581,-7.66299],[108.79581,-7.66254],[108.79536,-7.66254],[108.79536,-7.66209],[108.79491,-7.66209],[108.79491,-7.66208],[108.79446,-7.66208],[108.79446,-7.66253],[108.79401,-7.66253],[108.79356,-7.66253],[108.79356,-7.66298],[108.79356,-7.66343],[108.7931,-7.66343],[108.79265,-7.66343],[108.79264,-7.66343],[108.79219,-7.66343],[108.79219,-7.66297],[108.79265,-7.66297],[108.79265,-7.66253],[108.79265,-7.66252],[108.79265,-7.66207],[108.7931,-7.66207],[108.79311,-7.66207],[108.79356,-7.66207],[108.79356,-7.66163],[108.79356,-7.66162],[108.79356,-7.66118],[108.79356,-7.66117],[108.79356,-7.66072],[108.79311,-7.66072],[108.79311,-7.66027],[108.79311,-7.65982],[108.79266,-7.65982],[108.79266,-7.66026],[108.79266,-7.66027],[108.79221,-7.66027],[108.79221,-7.66026],[108.79221,-7.65981],[108.79221,-7.65936],[108.79176,-7.65936],[108.79175,-7.65936],[108.79175,-7.65891],[108.79175,-7.6589],[108.79176,-7.6589],[108.79176,-7.65845],[108.79131,-7.65845],[108.79131,-7.658],[108.79086,-7.658],[108.79086,-7.65845],[108.79041,-7.65845],[108.7904,-7.65845],[108.7904,-7.658],[108.7904,-7.65799],[108.7904,-7.65754],[108.78996,-7.65754],[108.78995,-7.65754],[108.78995,-7.65709],[108.78951,-7.65709],[108.7895,-7.65709]],[[108.79042,-7.6569],[108.79086,-7.6569],[108.79086,-7.65664],[108.79086,-7.65637],[108.79068,-7.65637],[108.79068,-7.65636],[108.79068,-7.65619],[108.79068,-7.65618],[108.79086,-7.65618],[108.79086,-7.65583],[108.7905,-7.65583],[108.7905,-7.65601],[108.79042,-7.65601],[108.79032,-7.65601],[108.79032,-7.65618],[108.79032,-7.65619],[108.79032,-7.65664],[108.79032,-7.6569],[108.79041,-7.6569],[108.79042,-7.6569]]],[[[108.79044,-7.65302],[108.79044,-7.65303],[108.78999,-7.65303],[108.78999,-7.65347],[108.78953,-7.65347],[108.78953,-7.65302],[108.78953,-7.65257],[108.78998,-7.65257],[108.78999,-7.65257],[108.79044,-7.65257],[108.79044,-7.65302]]],[[[108.78914,-7.64082],[108.78868,-7.64082],[108.78868,-7.64037],[108.78914,-7.64037],[108.78914,-7.64082]]],[[[108.79005,-7.63992],[108.7896,-7.63992],[108.7896,-7.63947],[108.79005,-7.63947],[108.79006,-7.63947],[108.79006,-7.63992],[108.79005,-7.63992]]],[[[108.78733,-7.63991],[108.78733,-7.63946],[108.78779,-7.63946],[108.78779,-7.63991],[108.78733,-7.63991]]],[[[108.78915,-7.63811],[108.78915,-7.63768],[108.78915,-7.63766],[108.78961,-7.63766],[108.78961,-7.63788],[108.78961,-7.63811],[108.78915,-7.63811]]],[[[108.78825,-7.6363],[108.78825,-7.63585],[108.78871,-7.63585],[108.78871,-7.6363],[108.78825,-7.6363]]],[[[108.7883,-7.62771],[108.78876,-7.62771],[108.78876,-7.62772],[108.78876,-7.62817],[108.78875,-7.62817],[108.78875,-7.62862],[108.78875,-7.62907],[108.78829,-7.62907],[108.78829,-7.62862],[108.78784,-7.62862],[108.78784,-7.62817],[108.78784,-7.62816],[108.78784,-7.62771],[108.7883,-7.62771]]],[[[108.78966,-7.62863],[108.7892,-7.62863],[108.7892,-7.62862],[108.7892,-7.62817],[108.78966,-7.62817],[108.78966,-7.62862],[108.78966,-7.62863]]],[[[108.78922,-7.62501],[108.78922,-7.62546],[108.78967,-7.62546],[108.78967,-7.62591],[108.78922,-7.62591],[108.78921,-7.62591],[108.78877,-7.62591],[108.78877,-7.62636],[108.78877,-7.62681],[108.78876,-7.62681],[108.78831,-7.62681],[108.78831,-7.62636],[108.78785,-7.62636],[108.78785,-7.62591],[108.78785,-7.6259],[108.78831,-7.6259],[108.78831,-7.62546],[108.78876,-7.62546],[108.78876,-7.62501],[108.78877,-7.62501],[108.78922,-7.62501]]],[[[108.79016,-7.61688],[108.79017,-7.61688],[108.79062,-7.61688],[108.79062,-7.61643],[108.79062,-7.61598],[108.79108,-7.61598],[108.79108,-7.61562],[108.79117,-7.61562],[108.79117,-7.6158],[108.79153,-7.6158],[108.79154,-7.6158],[108.79154,-7.61598],[108.79154,-7.61599],[108.79154,-7.61644],[108.79153,-7.61644],[108.79153,-7.61689],[108.79198,-7.61689],[108.79243,-7.61689],[108.79244,-7.61689],[108.79244,-7.61734],[108.79288,-7.61734],[108.79289,-7.61734],[108.79289,-7.61735],[108.79333,-7.61735],[108.79334,-7.61735],[108.79378,-7.61735],[108.79379,-7.61735],[108.79423,-7.61735],[108.79424,-7.61735],[108.79469,-7.61735],[108.79469,-7.61736],[108.79514,-7.61736],[108.79514,-7.61691],[108.79469,-7.61691],[108.79469,-7.61645],[108.79514,-7.61645],[108.79515,-7.61645],[108.79515,-7.61601],[108.79515,-7.616],[108.79515,-7.61555],[108.7956,-7.61555],[108.79561,-7.61555],[108.79606,-7.61555],[108.79606,-7.61601],[108.79561,-7.61601],[108.79561,-7.61646],[108.79606,-7.61646],[108.79606,-7.61691],[108.79606,-7.61736],[108.79605,-7.61736],[108.79605,-7.61781],[108.7965,-7.61781],[108.7965,-7.61782],[108.79696,-7.61782],[108.79696,-7.61827],[108.7974,-7.61827],[108.79741,-7.61827],[108.79786,-7.61827],[108.79786,-7.61873],[108.79741,-7.61873],[108.7974,-7.61873],[108.79695,-7.61873],[108.79695,-7.61917],[108.79731,-7.61917],[108.79731,-7.61918],[108.79731,-7.61927],[108.7973,-7.61927],[108.7973,-7.61963],[108.79694,-7.61963],[108.79694,-7.61918],[108.79649,-7.61918],[108.79649,-7.61962],[108.79604,-7.61962],[108.79559,-7.61962],[108.79558,-7.61962],[108.79558,-7.61917],[108.79559,-7.61917],[108.79604,-7.61917],[108.79649,-7.61917],[108.79649,-7.61872],[108.79604,-7.61872],[108.79604,-7.61827],[108.79559,-7.61827],[108.79559,-7.61872],[108.79514,-7.61872],[108.79513,-7.61872],[108.79513,-7.61871],[108.79469,-7.61871],[108.79468,-7.61871],[108.79468,-7.61826],[108.79468,-7.61781],[108.79424,-7.61781],[108.79423,-7.61781],[108.79379,-7.61781],[108.79378,-7.61781],[108.79378,-7.6178],[108.79334,-7.6178],[108.79333,-7.6178],[108.79289,-7.6178],[108.79288,-7.6178],[108.79243,-7.6178],[108.79198,-7.6178],[108.79198,-7.61825],[108.79152,-7.61825],[108.79152,-7.61869],[108.79152,-7.6187],[108.79106,-7.6187],[108.79106,-7.61869],[108.79061,-7.61869],[108.79061,-7.61824],[108.79061,-7.61779],[108.79061,-7.61734],[108.79017,-7.61734],[108.79017,-7.61778],[108.79017,-7.61779],[108.78971,-7.61779],[108.78971,-7.61778],[108.78971,-7.61751],[108.78978,-7.61751],[108.78978,-7.61733],[108.78978,-7.61698],[108.78972,-7.61698],[108.78971,-7.61698],[108.78942,-7.61698],[108.78942,-7.61697],[108.78942,-7.61688],[108.78971,-7.61688],[108.78972,-7.61688],[108.79016,-7.61688]],[[108.79197,-7.61779],[108.79197,-7.61734],[108.79153,-7.61734],[108.79153,-7.61779],[108.79197,-7.61779]]],[[[108.79018,-7.61507],[108.79018,-7.61463],[108.79018,-7.61462],[108.78973,-7.61462],[108.78973,-7.61417],[108.79018,-7.61417],[108.79063,-7.61417],[108.79063,-7.61462],[108.79108,-7.61462],[108.79109,-7.61462],[108.79109,-7.61463],[108.79153,-7.61463],[108.79154,-7.61463],[108.79199,-7.61463],[108.79199,-7.61508],[108.79172,-7.61508],[108.79171,-7.61508],[108.79154,-7.61508],[108.79153,-7.61508],[108.79109,-7.61508],[108.79108,-7.61508],[108.79063,-7.61508],[108.79018,-7.61508],[108.79018,-7.61552],[108.79018,-7.61553],[108.79018,-7.61598],[108.78972,-7.61598],[108.78972,-7.61553],[108.78972,-7.61552],[108.78972,-7.61507],[108.79018,-7.61507]]],[[[108.78975,-7.61146],[108.78929,-7.61146],[108.78929,-7.611],[108.78974,-7.611],[108.78974,-7.61055],[108.78929,-7.61055],[108.78929,-7.6101],[108.78975,-7.6101],[108.78975,-7.61055],[108.7902,-7.61055],[108.7902,-7.61101],[108.78975,-7.61101],[108.78975,-7.61146]]],[[[108.78883,-7.611],[108.78883,-7.61055],[108.78929,-7.61055],[108.78929,-7.611],[108.78883,-7.611]]],[[[108.78748,-7.60964],[108.78748,-7.60919],[108.78794,-7.60919],[108.78794,-7.60964],[108.78748,-7.60964]]],[[[108.78886,-7.60648],[108.78886,-7.60693],[108.78886,-7.60694],[108.78886,-7.60739],[108.78841,-7.60739],[108.78841,-7.60694],[108.78841,-7.60693],[108.78841,-7.60648],[108.78886,-7.60648]]],[[[108.78841,-7.60513],[108.78841,-7.60512],[108.78851,-7.60512],[108.78851,-7.60477],[108.78841,-7.60477],[108.78841,-7.60468],[108.78841,-7.60467],[108.78887,-7.60467],[108.78887,-7.60468],[108.78887,-7.60513],[108.78932,-7.60513],[108.78977,-7.60513],[108.78978,-7.60513],[108.79023,-7.60513],[108.79023,-7.60559],[108.79022,-7.60559],[108.79022,-7.60604],[108.78977,-7.60604],[108.78976,-7.60604],[108.78931,-7.60604],[108.78931,-7.60558],[108.78886,-7.60558],[108.78886,-7.60513],[108.78841,-7.60513]]],[[[108.78843,-7.60287],[108.78798,-7.60287],[108.78797,-7.60287],[108.78752,-7.60287],[108.78752,-7.60286],[108.78752,-7.60241],[108.78752,-7.602],[108.78752,-7.60196],[108.78798,-7.60196],[108.78844,-7.60196],[108.78844,-7.60242],[108.78843,-7.60242],[108.78843,-7.60251],[108.78843,-7.60287]]],[[[108.78844,-7.59835],[108.78867,-7.59835],[108.7889,-7.59835],[108.7889,-7.5988],[108.78866,-7.5988],[108.78844,-7.5988],[108.78844,-7.59835]]],[[[108.78802,-7.59428],[108.78757,-7.59428],[108.78757,-7.59392],[108.78766,-7.59392],[108.78766,-7.5941],[108.78784,-7.5941],[108.78802,-7.5941],[108.78802,-7.59428]]],[[[108.78983,-7.59284],[108.78984,-7.59284],[108.78984,-7.59285],[108.78983,-7.59285],[108.78966,-7.59285],[108.78966,-7.59284],[108.78983,-7.59284]]],[[[108.78749,-7.59265],[108.78749,-7.59283],[108.78748,-7.59283],[108.78748,-7.59265],[108.78749,-7.59265]]],[[[108.79029,-7.59248],[108.79029,-7.59249],[108.79038,-7.59249],[108.79038,-7.59267],[108.79029,-7.59267],[108.7902,-7.59267],[108.78984,-7.59267],[108.78984,-7.59248],[108.79029,-7.59248]]],[[[108.78935,-7.58118],[108.78935,-7.5811],[108.78936,-7.5811],[108.78936,-7.58118],[108.78936,-7.58119],[108.78936,-7.58128],[108.78935,-7.58128],[108.78935,-7.58119],[108.78935,-7.58118]]],[[[108.78918,-7.5811],[108.78917,-7.5811],[108.78917,-7.58109],[108.78918,-7.58109],[108.78935,-7.58109],[108.78935,-7.5811],[108.78918,-7.5811]]],[[[108.78945,-7.58073],[108.78945,-7.58074],[108.78917,-7.58074],[108.78917,-7.58092],[108.78899,-7.58092],[108.78899,-7.58073],[108.78945,-7.58073]]],[[[108.78902,-7.57712],[108.78902,-7.57757],[108.78901,-7.57757],[108.78901,-7.57802],[108.78855,-7.57802],[108.78855,-7.57757],[108.78856,-7.57757],[108.78856,-7.57712],[108.78902,-7.57712]]],[[[108.79038,-7.57577],[108.79083,-7.57577],[108.79083,-7.57622],[108.79083,-7.57623],[108.79037,-7.57623],[108.79037,-7.57622],[108.79007,-7.57622],[108.78998,-7.57622],[108.78992,-7.57622],[108.78992,-7.57577],[108.79011,-7.57577],[108.7902,-7.57577],[108.79037,-7.57577],[108.79038,-7.57577]]],[[[108.78857,-7.57531],[108.78812,-7.57531],[108.78812,-7.57486],[108.78767,-7.57486],[108.78767,-7.5744],[108.78812,-7.5744],[108.78857,-7.5744],[108.78857,-7.57486],[108.78857,-7.57531]]],[[[108.78722,-7.5744],[108.78722,-7.57395],[108.78767,-7.57395],[108.78767,-7.5744],[108.78722,-7.5744]]],[[[108.78814,-7.57215],[108.78813,-7.57215],[108.78768,-7.57215],[108.78768,-7.57214],[108.78768,-7.57169],[108.78768,-7.57124],[108.78723,-7.57124],[108.78723,-7.57079],[108.78723,-7.57078],[108.78723,-7.57034],[108.78723,-7.57033],[108.78723,-7.56988],[108.78769,-7.56988],[108.78814,-7.56988],[108.78814,-7.56943],[108.7886,-7.56943],[108.7886,-7.56989],[108.78905,-7.56989],[108.7895,-7.56989],[108.78951,-7.56989],[108.78951,-7.57034],[108.78951,-7.57035],[108.7895,-7.57035],[108.7895,-7.57079],[108.7895,-7.5708],[108.7895,-7.57125],[108.78995,-7.57125],[108.78995,-7.5717],[108.7895,-7.5717],[108.78949,-7.5717],[108.78905,-7.5717],[108.78904,-7.5717],[108.78904,-7.57215],[108.78904,-7.5726],[108.78904,-7.57305],[108.78903,-7.57305],[108.78903,-7.5735],[108.78903,-7.57351],[108.78903,-7.57396],[108.78857,-7.57396],[108.78857,-7.57351],[108.78857,-7.5735],[108.78857,-7.57305],[108.78858,-7.57305],[108.78858,-7.5726],[108.78858,-7.57215],[108.78814,-7.57215]]],[[[108.78995,-7.57015],[108.78997,-7.57022],[108.79007,-7.57031],[108.79024,-7.57033],[108.79028,-7.57035],[108.78995,-7.57035],[108.78995,-7.57015]]],[[[108.78995,-7.56978],[108.78996,-7.56978],[108.78998,-7.56986],[108.78997,-7.5699],[108.78995,-7.57004],[108.78995,-7.5699],[108.78995,-7.56989],[108.78995,-7.56978]]],[[[108.78951,-7.56888],[108.78958,-7.56899],[108.78951,-7.56899],[108.7895,-7.56899],[108.7895,-7.56888],[108.78951,-7.56888]]],[[[108.78905,-7.56899],[108.7886,-7.56899],[108.7886,-7.56853],[108.78905,-7.56853],[108.78906,-7.56853],[108.78906,-7.56899],[108.78905,-7.56899]]],[[[108.7908,-7.66975],[108.7908,-7.66974],[108.7908,-7.66929],[108.7908,-7.66884],[108.79126,-7.66884],[108.79126,-7.66929],[108.79171,-7.66929],[108.79171,-7.66884],[108.79216,-7.66884],[108.79216,-7.66839],[108.79262,-7.66839],[108.79262,-7.66885],[108.79262,-7.6693],[108.79262,-7.66975],[108.79307,-7.66975],[108.79307,-7.67021],[108.79261,-7.67021],[108.79261,-7.67027],[108.79215,-7.67029],[108.79215,-7.6702],[108.7917,-7.6702],[108.7917,-7.66975],[108.79126,-7.66975],[108.79125,-7.66975],[108.7908,-7.66975]],[[108.79215,-7.66975],[108.79216,-7.66975],[108.79216,-7.6693],[108.79171,-7.6693],[108.79171,-7.66975],[108.79215,-7.66975]]],[[[108.79307,-7.66931],[108.79307,-7.6693],[108.79307,-7.66885],[108.79352,-7.66885],[108.79352,-7.6684],[108.79352,-7.66795],[108.79353,-7.66795],[108.79398,-7.66795],[108.79398,-7.6675],[108.79398,-7.66705],[108.79353,-7.66705],[108.79308,-7.66705],[108.79307,-7.66705],[108.79307,-7.66659],[108.79263,-7.66659],[108.79262,-7.66659],[108.79262,-7.66614],[108.79263,-7.66614],[108.79308,-7.66614],[108.79308,-7.66659],[108.79353,-7.66659],[108.79353,-7.66614],[108.79399,-7.66614],[108.79399,-7.66659],[108.79399,-7.6666],[108.79443,-7.6666],[108.79444,-7.6666],[108.79489,-7.6666],[108.79489,-7.66705],[108.79534,-7.66705],[108.79534,-7.66751],[108.79489,-7.66751],[108.79489,-7.66796],[108.79443,-7.66796],[108.79443,-7.6684],[108.79443,-7.66841],[108.79488,-7.66841],[108.79488,-7.66886],[108.79443,-7.66886],[108.79443,-7.66931],[108.79398,-7.66931],[108.79353,-7.66931],[108.79352,-7.66931],[108.79307,-7.66931]]],[[[108.79217,-7.66749],[108.79217,-7.66704],[108.79263,-7.66704],[108.79263,-7.66749],[108.79263,-7.66794],[108.79263,-7.66795],[108.79217,-7.66795],[108.79217,-7.66794],[108.79217,-7.66749]]],[[[108.79126,-7.66794],[108.79126,-7.66749],[108.79172,-7.66749],[108.79172,-7.66794],[108.79126,-7.66794]]],[[[108.79175,-7.66252],[108.79129,-7.66252],[108.79129,-7.66207],[108.79129,-7.66206],[108.79175,-7.66206],[108.79175,-7.66207],[108.79175,-7.66252]]],[[[108.79177,-7.65755],[108.79177,-7.6571],[108.79223,-7.6571],[108.79223,-7.65755],[108.79177,-7.65755]]],[[[108.79044,-7.65122],[108.79044,-7.65077],[108.7909,-7.65077],[108.7909,-7.65122],[108.79044,-7.65122]]],[[[108.79092,-7.64851],[108.79046,-7.64851],[108.79046,-7.64806],[108.79092,-7.64806],[108.79092,-7.64851]]],[[[108.79095,-7.63993],[108.79095,-7.63947],[108.79141,-7.63947],[108.79141,-7.63993],[108.79095,-7.63993]]],[[[108.79186,-7.63948],[108.79186,-7.63903],[108.79232,-7.63903],[108.79232,-7.63948],[108.79186,-7.63948]]],[[[108.79324,-7.63677],[108.79324,-7.63678],[108.79319,-7.63678],[108.79278,-7.63678],[108.79278,-7.63677],[108.79233,-7.63677],[108.79233,-7.63632],[108.79278,-7.63632],[108.79279,-7.63632],[108.79324,-7.63632],[108.79324,-7.63674],[108.79324,-7.63675],[108.79324,-7.63677]]],[[[108.79099,-7.63405],[108.79098,-7.63405],[108.79053,-7.63405],[108.79053,-7.6336],[108.79098,-7.6336],[108.79099,-7.6336],[108.79099,-7.63405]]],[[[108.79196,-7.62051],[108.79196,-7.62005],[108.79242,-7.62005],[108.79242,-7.62051],[108.79196,-7.62051]]],[[[108.79154,-7.61328],[108.79154,-7.61327],[108.79154,-7.61282],[108.7911,-7.61282],[108.79109,-7.61282],[108.79064,-7.61282],[108.79064,-7.61237],[108.79019,-7.61237],[108.79019,-7.61191],[108.79065,-7.61191],[108.79065,-7.61237],[108.79109,-7.61237],[108.7911,-7.61237],[108.79155,-7.61237],[108.79155,-7.61282],[108.79199,-7.61282],[108.792,-7.61282],[108.792,-7.61238],[108.792,-7.61237],[108.792,-7.61192],[108.79246,-7.61192],[108.79246,-7.61147],[108.79291,-7.61147],[108.79292,-7.61147],[108.79336,-7.61147],[108.79336,-7.61103],[108.79336,-7.61102],[108.79336,-7.61057],[108.79337,-7.61057],[108.79382,-7.61057],[108.79427,-7.61057],[108.79427,-7.61058],[108.79473,-7.61058],[108.79473,-7.61103],[108.79472,-7.61103],[108.79472,-7.61148],[108.79472,-7.61193],[108.79472,-7.61194],[108.79427,-7.61194],[108.79426,-7.61193],[108.79382,-7.61193],[108.79382,-7.61238],[108.79426,-7.61238],[108.79427,-7.61238],[108.79472,-7.61238],[108.79472,-7.61239],[108.79472,-7.61284],[108.79427,-7.61284],[108.79426,-7.61284],[108.79381,-7.61284],[108.79381,-7.61283],[108.79336,-7.61283],[108.79336,-7.61238],[108.79336,-7.61193],[108.79292,-7.61193],[108.79291,-7.61193],[108.79246,-7.61193],[108.79246,-7.61237],[108.79246,-7.61238],[108.79246,-7.61283],[108.79245,-7.61283],[108.79245,-7.61328],[108.79245,-7.61373],[108.79245,-7.61418],[108.79289,-7.61418],[108.79289,-7.61373],[108.7929,-7.61373],[108.7929,-7.61328],[108.79336,-7.61328],[108.79336,-7.61373],[108.79336,-7.61374],[108.79335,-7.61374],[108.79335,-7.61418],[108.79335,-7.61419],[108.79335,-7.61464],[108.7929,-7.61464],[108.79289,-7.61464],[108.79244,-7.61464],[108.79244,-7.61418],[108.79199,-7.61418],[108.79153,-7.61418],[108.79153,-7.61373],[108.79154,-7.61373],[108.79154,-7.61328]]],[[[108.79428,-7.60967],[108.79428,-7.61013],[108.79382,-7.61013],[108.79382,-7.61012],[108.79337,-7.61012],[108.79337,-7.60967],[108.79382,-7.60967],[108.79383,-7.60967],[108.79428,-7.60967]]],[[[108.79338,-7.60922],[108.79292,-7.60922],[108.79292,-7.60876],[108.79338,-7.60876],[108.79338,-7.60922]]],[[[108.79111,-7.60921],[108.79066,-7.60921],[108.79066,-7.60875],[108.79111,-7.60875],[108.79112,-7.60875],[108.79112,-7.60921],[108.79111,-7.60921]]],[[[108.79247,-7.60831],[108.79247,-7.60786],[108.79293,-7.60786],[108.79293,-7.60831],[108.79247,-7.60831]]],[[[108.79067,-7.60649],[108.79067,-7.60604],[108.79067,-7.60559],[108.79113,-7.60559],[108.79113,-7.60604],[108.79113,-7.60649],[108.79158,-7.60649],[108.79158,-7.60605],[108.79203,-7.60605],[108.79203,-7.6056],[108.79249,-7.6056],[108.79249,-7.60515],[108.79204,-7.60515],[108.79204,-7.60502],[108.79204,-7.60469],[108.79249,-7.60469],[108.7925,-7.60469],[108.79261,-7.60469],[108.79295,-7.60469],[108.79295,-7.6047],[108.79295,-7.60515],[108.79295,-7.6056],[108.79339,-7.6056],[108.7934,-7.6056],[108.7934,-7.60515],[108.79385,-7.60515],[108.79385,-7.6047],[108.79385,-7.60425],[108.79431,-7.60425],[108.79431,-7.6047],[108.7943,-7.6047],[108.7943,-7.60516],[108.79385,-7.60516],[108.79385,-7.6056],[108.79385,-7.60561],[108.79385,-7.60605],[108.79385,-7.60606],[108.7943,-7.60606],[108.7943,-7.60651],[108.79385,-7.60651],[108.79384,-7.60651],[108.7934,-7.60651],[108.79339,-7.60651],[108.79339,-7.60696],[108.79294,-7.60696],[108.79293,-7.60696],[108.79248,-7.60696],[108.79248,-7.60695],[108.79203,-7.60695],[108.79158,-7.60695],[108.79157,-7.60695],[108.79113,-7.60695],[108.79112,-7.60695],[108.79067,-7.60695],[108.79067,-7.6065],[108.79067,-7.60649]],[[108.79249,-7.60605],[108.79249,-7.6065],[108.79293,-7.6065],[108.79294,-7.6065],[108.79294,-7.60606],[108.79294,-7.60605],[108.79294,-7.6056],[108.79249,-7.6056],[108.79249,-7.60605]]],[[[108.79345,-7.59567],[108.79299,-7.59567],[108.79299,-7.59566],[108.79299,-7.59521],[108.79345,-7.59521],[108.79345,-7.59566],[108.79345,-7.59567]]],[[[108.79075,-7.59114],[108.79075,-7.59113],[108.7903,-7.59113],[108.7903,-7.59068],[108.79075,-7.59068],[108.79076,-7.59068],[108.79076,-7.59023],[108.79121,-7.59023],[108.79121,-7.59068],[108.79121,-7.59113],[108.79121,-7.59114],[108.79075,-7.59114]]],[[[108.79121,-7.59023],[108.79121,-7.58978],[108.79166,-7.58978],[108.79166,-7.59023],[108.79121,-7.59023]]],[[[108.79257,-7.58934],[108.79257,-7.58889],[108.79257,-7.58888],[108.79257,-7.58843],[108.79303,-7.58843],[108.79303,-7.58888],[108.79303,-7.58889],[108.79303,-7.58934],[108.79257,-7.58934]]],[[[108.79258,-7.58753],[108.79258,-7.58708],[108.79303,-7.58708],[108.79304,-7.58708],[108.79349,-7.58708],[108.79349,-7.58726],[108.79331,-7.58726],[108.79331,-7.58753],[108.79304,-7.58753],[108.79303,-7.58753],[108.79258,-7.58753]]],[[[108.79035,-7.58074],[108.79035,-7.58029],[108.79081,-7.58029],[108.79081,-7.58074],[108.79035,-7.58074]]],[[[108.79308,-7.57759],[108.79308,-7.57714],[108.79354,-7.57714],[108.79354,-7.57759],[108.79399,-7.57759],[108.79399,-7.57805],[108.79353,-7.57805],[108.79353,-7.5785],[108.79308,-7.5785],[108.79307,-7.5785],[108.79307,-7.57804],[108.79308,-7.57804],[108.79353,-7.57804],[108.79353,-7.57759],[108.79308,-7.57759]]],[[[108.79083,-7.57803],[108.79082,-7.57803],[108.79037,-7.57803],[108.79037,-7.57758],[108.79037,-7.57713],[108.79082,-7.57713],[108.79083,-7.57713],[108.79083,-7.57758],[108.79083,-7.57803]]],[[[108.79218,-7.57669],[108.79218,-7.57623],[108.79264,-7.57623],[108.79264,-7.57669],[108.79218,-7.57669]]],[[[108.79175,-7.57442],[108.79171,-7.57442],[108.79174,-7.57438],[108.79175,-7.57437],[108.79175,-7.57442]]],[[[108.79441,-7.66976],[108.79397,-7.66995],[108.79397,-7.66976],[108.79441,-7.66976]]],[[[108.79531,-7.66971],[108.79533,-7.66969],[108.79533,-7.6697],[108.79531,-7.66971]]],[[[108.79533,-7.6697],[108.79559,-7.66954],[108.79534,-7.6697],[108.79533,-7.6697]]],[[[108.79488,-7.66931],[108.79488,-7.66886],[108.79533,-7.66886],[108.79533,-7.66923],[108.79521,-7.66931],[108.79507,-7.66941],[108.79504,-7.66943],[108.79503,-7.66946],[108.79503,-7.66947],[108.79503,-7.66948],[108.79502,-7.66948],[108.79502,-7.66949],[108.79501,-7.66949],[108.79501,-7.6695],[108.795,-7.6695],[108.79488,-7.66955],[108.79488,-7.66931]]],[[[108.79355,-7.66434],[108.79355,-7.66388],[108.79401,-7.66388],[108.79401,-7.66434],[108.79355,-7.66434]]],[[[108.79447,-7.66028],[108.79447,-7.65982],[108.79493,-7.65982],[108.79493,-7.66028],[108.79447,-7.66028]]],[[[108.79539,-7.65802],[108.79584,-7.65802],[108.79585,-7.65802],[108.79585,-7.65847],[108.7963,-7.65847],[108.7963,-7.65893],[108.79585,-7.65893],[108.79584,-7.65893],[108.79584,-7.65937],[108.79584,-7.65938],[108.79584,-7.65983],[108.79538,-7.65983],[108.79538,-7.65938],[108.79493,-7.65938],[108.79493,-7.65937],[108.79493,-7.65892],[108.79538,-7.65892],[108.79539,-7.65892],[108.79539,-7.65847],[108.79539,-7.65802]]],[[[108.79357,-7.65892],[108.79357,-7.65846],[108.79403,-7.65846],[108.79403,-7.65892],[108.79357,-7.65892]]],[[[108.79539,-7.65667],[108.79539,-7.65666],[108.79539,-7.65621],[108.7954,-7.65621],[108.79585,-7.65621],[108.79585,-7.65666],[108.79585,-7.65667],[108.79585,-7.65712],[108.7954,-7.65712],[108.79539,-7.65712],[108.79539,-7.65667]]],[[[108.79358,-7.65711],[108.79358,-7.65666],[108.79358,-7.65665],[108.79404,-7.65665],[108.79404,-7.65666],[108.79404,-7.65711],[108.79358,-7.65711]]],[[[108.79494,-7.65576],[108.79494,-7.65531],[108.7954,-7.65531],[108.7954,-7.65576],[108.79494,-7.65576]]],[[[108.79573,-7.63679],[108.79595,-7.63679],[108.7964,-7.63679],[108.79641,-7.63679],[108.79686,-7.63679],[108.79686,-7.63711],[108.79686,-7.63712],[108.79686,-7.63725],[108.7964,-7.63725],[108.7964,-7.63724],[108.79595,-7.63724],[108.79549,-7.63724],[108.79549,-7.63679],[108.79504,-7.63679],[108.79504,-7.63661],[108.79504,-7.63633],[108.7955,-7.63633],[108.7955,-7.63672],[108.7955,-7.63679],[108.79573,-7.63679]]],[[[108.79369,-7.63633],[108.79369,-7.63587],[108.79414,-7.63587],[108.79414,-7.63633],[108.79369,-7.63633]]],[[[108.79646,-7.62821],[108.796,-7.62821],[108.79554,-7.62821],[108.79554,-7.62775],[108.796,-7.62775],[108.79646,-7.62775],[108.79646,-7.62821]]],[[[108.79509,-7.6273],[108.79509,-7.62685],[108.79555,-7.62685],[108.79555,-7.6273],[108.79509,-7.6273]]],[[[108.79556,-7.62595],[108.79555,-7.62595],[108.79555,-7.62549],[108.79556,-7.62549],[108.79601,-7.62549],[108.79601,-7.62595],[108.79556,-7.62595]]],[[[108.79556,-7.62504],[108.79511,-7.62504],[108.7951,-7.62504],[108.7951,-7.62459],[108.79511,-7.62459],[108.79556,-7.62459],[108.79556,-7.62504]]],[[[108.79466,-7.62323],[108.79466,-7.62278],[108.79512,-7.62278],[108.79512,-7.62323],[108.79466,-7.62323]]],[[[108.79516,-7.6151],[108.79516,-7.61465],[108.79562,-7.61465],[108.79562,-7.6151],[108.79516,-7.6151]]],[[[108.79425,-7.6151],[108.79425,-7.61464],[108.79471,-7.61464],[108.79471,-7.6151],[108.79425,-7.6151]]],[[[108.79471,-7.6142],[108.79471,-7.61374],[108.79517,-7.61374],[108.79517,-7.6142],[108.79471,-7.6142]]],[[[108.79563,-7.60968],[108.79564,-7.60968],[108.79609,-7.60968],[108.79655,-7.60968],[108.79655,-7.61014],[108.79654,-7.61014],[108.79654,-7.61059],[108.79654,-7.61104],[108.79699,-7.61104],[108.79699,-7.61149],[108.79744,-7.61149],[108.79744,-7.61105],[108.79744,-7.61104],[108.7979,-7.61104],[108.7979,-7.61105],[108.7979,-7.6115],[108.7979,-7.61195],[108.79744,-7.61195],[108.79744,-7.6124],[108.79744,-7.61285],[108.79789,-7.61285],[108.79789,-7.61331],[108.79834,-7.61331],[108.79834,-7.61376],[108.79878,-7.61376],[108.79878,-7.61331],[108.79924,-7.61331],[108.79969,-7.61331],[108.79969,-7.61286],[108.80015,-7.61286],[108.80015,-7.61332],[108.7997,-7.61332],[108.7997,-7.61377],[108.79924,-7.61377],[108.79879,-7.61377],[108.79879,-7.61421],[108.79879,-7.61422],[108.79878,-7.61422],[108.79878,-7.61466],[108.79878,-7.61467],[108.79878,-7.61512],[108.79923,-7.61512],[108.79923,-7.61557],[108.79923,-7.61602],[108.79923,-7.61648],[108.79967,-7.61648],[108.79968,-7.61648],[108.80013,-7.61648],[108.80013,-7.61693],[108.79968,-7.61693],[108.79967,-7.61693],[108.79923,-7.61693],[108.79922,-7.61693],[108.79922,-7.61648],[108.79877,-7.61648],[108.79877,-7.61602],[108.79832,-7.61602],[108.79832,-7.61557],[108.79832,-7.61512],[108.79832,-7.61467],[108.79832,-7.61466],[108.79787,-7.61466],[108.79787,-7.61421],[108.79742,-7.61421],[108.79742,-7.61376],[108.79742,-7.6133],[108.79743,-7.6133],[108.79743,-7.61285],[108.79698,-7.61285],[108.79698,-7.6124],[108.79698,-7.61195],[108.79653,-7.61195],[108.79653,-7.61194],[108.79607,-7.61194],[108.79607,-7.61149],[108.79562,-7.61149],[108.79562,-7.61104],[108.79517,-7.61104],[108.79517,-7.61058],[108.79518,-7.61058],[108.79518,-7.61013],[108.79518,-7.60968],[108.79563,-7.60968]],[[108.79563,-7.61104],[108.79608,-7.61104],[108.79608,-7.61059],[108.79608,-7.61014],[108.79564,-7.61014],[108.79564,-7.61058],[108.79563,-7.61058],[108.79563,-7.61104]]],[[[108.79519,-7.60923],[108.79519,-7.60878],[108.79519,-7.60877],[108.79565,-7.60877],[108.79565,-7.60878],[108.7961,-7.60878],[108.7961,-7.60923],[108.79565,-7.60923],[108.79564,-7.60923],[108.79519,-7.60923]]],[[[108.7952,-7.60652],[108.79565,-7.60652],[108.79565,-7.60607],[108.79539,-7.60607],[108.79538,-7.60607],[108.79538,-7.60606],[108.79539,-7.60606],[108.79557,-7.60606],[108.79557,-7.60589],[108.79565,-7.60589],[108.79566,-7.60589],[108.79575,-7.60589],[108.79575,-7.60607],[108.79593,-7.60607],[108.79611,-7.60607],[108.79611,-7.60652],[108.79566,-7.60652],[108.79566,-7.60697],[108.79566,-7.60742],[108.79566,-7.60787],[108.79565,-7.60787],[108.7952,-7.60787],[108.7952,-7.60742],[108.7952,-7.60697],[108.79475,-7.60697],[108.79475,-7.6066],[108.79502,-7.6066],[108.79502,-7.60652],[108.79502,-7.60651],[108.79502,-7.60642],[108.7952,-7.60642],[108.7952,-7.60651],[108.7952,-7.60652]]],[[[108.79557,-7.60571],[108.79556,-7.60571],[108.79521,-7.60571],[108.79521,-7.60588],[108.7952,-7.60588],[108.79484,-7.60588],[108.79484,-7.60561],[108.7952,-7.60561],[108.79556,-7.60561],[108.79557,-7.60561],[108.79557,-7.60571]]],[[[108.79565,-7.60516],[108.79566,-7.60516],[108.79566,-7.60471],[108.79566,-7.60426],[108.79594,-7.60426],[108.79594,-7.60462],[108.79611,-7.60462],[108.79612,-7.60462],[108.7963,-7.60462],[108.7963,-7.60444],[108.79648,-7.60444],[108.79648,-7.60426],[108.79648,-7.6039],[108.7963,-7.6039],[108.7963,-7.60381],[108.7963,-7.60372],[108.79613,-7.60372],[108.79612,-7.60372],[108.79594,-7.60372],[108.79594,-7.60381],[108.79567,-7.60381],[108.79522,-7.60381],[108.79521,-7.60381],[108.79476,-7.60381],[108.79476,-7.60335],[108.79521,-7.60335],[108.79522,-7.60335],[108.79522,-7.6029],[108.79522,-7.60245],[108.79567,-7.60245],[108.79567,-7.602],[108.79613,-7.602],[108.79613,-7.60245],[108.79613,-7.60246],[108.79613,-7.6029],[108.79613,-7.60291],[108.79613,-7.60336],[108.79658,-7.60336],[108.79658,-7.60381],[108.79658,-7.60426],[108.79657,-7.60426],[108.79657,-7.60472],[108.79702,-7.60472],[108.79702,-7.60517],[108.79657,-7.60517],[108.79657,-7.60553],[108.79629,-7.60553],[108.79611,-7.60553],[108.79611,-7.60535],[108.79575,-7.60535],[108.79575,-7.60553],[108.79565,-7.60553],[108.79565,-7.60516]],[[108.79612,-7.60472],[108.79612,-7.60516],[108.79612,-7.60517],[108.79656,-7.60517],[108.79656,-7.60472],[108.79612,-7.60472]]],[[[108.79432,-7.60245],[108.79386,-7.60245],[108.79386,-7.60199],[108.79432,-7.60199],[108.79432,-7.60245]]],[[[108.79523,-7.60019],[108.79568,-7.60019],[108.79569,-7.60019],[108.79569,-7.60064],[108.79569,-7.60065],[108.79613,-7.60065],[108.79614,-7.60065],[108.79614,-7.6011],[108.79658,-7.6011],[108.79659,-7.6011],[108.79659,-7.60155],[108.79658,-7.60155],[108.79614,-7.60155],[108.79613,-7.60155],[108.79568,-7.60155],[108.79568,-7.6011],[108.79523,-7.6011],[108.79523,-7.60065],[108.79523,-7.60064],[108.79523,-7.60019]]],[[[108.79569,-7.59929],[108.79523,-7.59929],[108.79523,-7.59884],[108.79569,-7.59884],[108.79569,-7.59929]]],[[[108.79478,-7.59838],[108.79478,-7.59793],[108.79524,-7.59793],[108.79524,-7.59838],[108.79478,-7.59838]]],[[[108.79481,-7.59567],[108.79526,-7.59567],[108.79526,-7.59612],[108.79526,-7.59613],[108.79526,-7.59658],[108.79525,-7.59658],[108.79525,-7.59703],[108.79479,-7.59703],[108.79479,-7.59658],[108.79434,-7.59658],[108.79434,-7.59657],[108.79434,-7.59612],[108.79435,-7.59612],[108.79435,-7.59567],[108.7948,-7.59567],[108.79481,-7.59567]]],[[[108.79436,-7.59432],[108.79436,-7.59431],[108.79436,-7.59386],[108.79481,-7.59386],[108.79482,-7.59386],[108.79482,-7.59431],[108.79482,-7.59432],[108.79482,-7.59477],[108.79481,-7.59477],[108.79481,-7.59522],[108.79435,-7.59522],[108.79435,-7.59477],[108.79436,-7.59477],[108.79436,-7.59432]]],[[[108.79527,-7.59432],[108.79526,-7.59432],[108.79526,-7.59387],[108.79527,-7.59387],[108.79572,-7.59387],[108.79572,-7.59432],[108.79527,-7.59432]]],[[[108.79491,-7.57579],[108.79445,-7.57579],[108.79445,-7.57534],[108.79491,-7.57534],[108.79491,-7.57579]]],[[[108.79579,-7.66841],[108.79579,-7.66796],[108.79625,-7.66796],[108.79625,-7.66841],[108.79629,-7.66841],[108.79624,-7.66846],[108.79624,-7.66842],[108.79579,-7.66842],[108.79579,-7.66841]]],[[[108.79855,-7.6603],[108.79855,-7.65985],[108.79855,-7.65984],[108.79855,-7.65939],[108.799,-7.65939],[108.79946,-7.65939],[108.79946,-7.65985],[108.79945,-7.65985],[108.79945,-7.6603],[108.799,-7.6603],[108.79855,-7.6603]]],[[[108.7972,-7.65803],[108.7972,-7.65758],[108.79766,-7.65758],[108.79766,-7.65803],[108.7972,-7.65803]]],[[[108.79901,-7.65759],[108.79901,-7.65714],[108.79901,-7.65713],[108.79947,-7.65713],[108.79947,-7.65714],[108.79947,-7.65759],[108.79901,-7.65759]]],[[[108.79862,-7.64448],[108.79908,-7.64448],[108.79908,-7.64449],[108.79954,-7.64449],[108.79954,-7.64494],[108.79908,-7.64494],[108.79862,-7.64494],[108.79862,-7.64448]]],[[[108.79636,-7.64402],[108.79636,-7.64357],[108.79682,-7.64357],[108.79682,-7.64402],[108.79636,-7.64402]]],[[[108.80001,-7.64042],[108.80001,-7.63997],[108.80047,-7.63997],[108.80047,-7.64043],[108.80001,-7.64043],[108.80001,-7.64088],[108.80046,-7.64088],[108.80046,-7.64133],[108.8,-7.64133],[108.8,-7.64088],[108.79955,-7.64088],[108.79955,-7.64087],[108.7991,-7.64087],[108.7991,-7.64042],[108.79955,-7.64042],[108.79956,-7.64042],[108.80001,-7.64042]]],[[[108.79639,-7.63995],[108.79594,-7.63995],[108.79594,-7.6395],[108.79639,-7.6395],[108.7964,-7.6395],[108.7964,-7.63995],[108.79639,-7.63995]]],[[[108.79912,-7.63784],[108.79912,-7.63816],[108.79866,-7.63816],[108.79866,-7.63771],[108.79875,-7.63771],[108.79912,-7.63771],[108.79912,-7.63783],[108.79912,-7.63784]]],[[[108.7973,-7.6377],[108.7973,-7.63725],[108.79732,-7.63725],[108.79776,-7.63725],[108.79776,-7.63738],[108.79776,-7.6377],[108.7973,-7.6377]]],[[[108.79958,-7.6368],[108.79958,-7.63681],[108.80003,-7.63681],[108.80003,-7.63726],[108.79958,-7.63726],[108.79957,-7.63726],[108.79912,-7.63726],[108.79912,-7.63681],[108.79867,-7.63681],[108.79867,-7.6368],[108.79867,-7.63635],[108.79913,-7.63635],[108.79913,-7.6368],[108.79958,-7.6368]]],[[[108.79735,-7.62911],[108.79735,-7.62957],[108.7978,-7.62957],[108.7978,-7.63002],[108.79734,-7.63002],[108.79734,-7.62957],[108.79689,-7.62957],[108.79689,-7.62911],[108.79735,-7.62911]]],[[[108.79599,-7.62911],[108.79599,-7.62866],[108.79645,-7.62866],[108.79645,-7.62911],[108.79599,-7.62911]]],[[[108.79781,-7.62669],[108.79789,-7.62669],[108.79789,-7.62651],[108.79827,-7.62651],[108.79827,-7.62686],[108.79781,-7.62686],[108.79781,-7.62669]]],[[[108.79727,-7.62613],[108.79736,-7.62613],[108.79746,-7.62613],[108.79746,-7.62631],[108.79753,-7.62631],[108.79753,-7.62632],[108.79753,-7.62641],[108.79736,-7.62641],[108.79691,-7.62641],[108.7969,-7.62641],[108.7969,-7.6264],[108.7969,-7.62595],[108.79691,-7.62595],[108.79727,-7.62595],[108.79727,-7.62613]]],[[[108.79843,-7.62579],[108.79836,-7.62579],[108.79836,-7.6256],[108.79827,-7.6256],[108.798,-7.6256],[108.79782,-7.6256],[108.79781,-7.6256],[108.79781,-7.62559],[108.798,-7.62559],[108.798,-7.62551],[108.798,-7.6255],[108.798,-7.62524],[108.79782,-7.62524],[108.79782,-7.62523],[108.79764,-7.62523],[108.79736,-7.62523],[108.79736,-7.62505],[108.79782,-7.62505],[108.79782,-7.6246],[108.79737,-7.6246],[108.79737,-7.62415],[108.79737,-7.6237],[108.79737,-7.62369],[108.79783,-7.62369],[108.79783,-7.62325],[108.79783,-7.62324],[108.79783,-7.62279],[108.79784,-7.62279],[108.79784,-7.62234],[108.79784,-7.62189],[108.79829,-7.62189],[108.79874,-7.62189],[108.79874,-7.62235],[108.79829,-7.62235],[108.79829,-7.62279],[108.79829,-7.6228],[108.79829,-7.62324],[108.79829,-7.62325],[108.79874,-7.62325],[108.79874,-7.6237],[108.79829,-7.6237],[108.79829,-7.62415],[108.79783,-7.62415],[108.79783,-7.6246],[108.79828,-7.6246],[108.79828,-7.62505],[108.79873,-7.62505],[108.79873,-7.62506],[108.79873,-7.62551],[108.79918,-7.62551],[108.79918,-7.62596],[108.79963,-7.62596],[108.80009,-7.62596],[108.80009,-7.62597],[108.80009,-7.62642],[108.79963,-7.62642],[108.79917,-7.62642],[108.79917,-7.62596],[108.79873,-7.62596],[108.79872,-7.62596],[108.79872,-7.62641],[108.79844,-7.62641],[108.79843,-7.62641],[108.79843,-7.62596],[108.79843,-7.62579]]],[[[108.79918,-7.62551],[108.79918,-7.62506],[108.79964,-7.62506],[108.79964,-7.62551],[108.79918,-7.62551]]],[[[108.79646,-7.62505],[108.79646,-7.62459],[108.79692,-7.62459],[108.79692,-7.62505],[108.79646,-7.62505]]],[[[108.79919,-7.62235],[108.79919,-7.6219],[108.79965,-7.6219],[108.79965,-7.62235],[108.79919,-7.62235]]],[[[108.79739,-7.62008],[108.79739,-7.62053],[108.79739,-7.62098],[108.79694,-7.62098],[108.79694,-7.62053],[108.79694,-7.62008],[108.79739,-7.62008]]],[[[108.79947,-7.62036],[108.79966,-7.62036],[108.79966,-7.62054],[108.79947,-7.62054],[108.79947,-7.62036]]],[[[108.79875,-7.62009],[108.79911,-7.62009],[108.79911,-7.62018],[108.79894,-7.62018],[108.79894,-7.62036],[108.79875,-7.62036],[108.79875,-7.62009]]],[[[108.79875,-7.61963],[108.79894,-7.61964],[108.79875,-7.61964],[108.79875,-7.61963]]],[[[108.80011,-7.61919],[108.80012,-7.61919],[108.80012,-7.6191],[108.80021,-7.6191],[108.80021,-7.61919],[108.80021,-7.61928],[108.80012,-7.61928],[108.80011,-7.61928],[108.80003,-7.61928],[108.80003,-7.61946],[108.80002,-7.61946],[108.80002,-7.61928],[108.79984,-7.61928],[108.79967,-7.61928],[108.79966,-7.61928],[108.79948,-7.61928],[108.7993,-7.61928],[108.79921,-7.61928],[108.79912,-7.61928],[108.79912,-7.61918],[108.79921,-7.61918],[108.79921,-7.61919],[108.79966,-7.61919],[108.79967,-7.61919],[108.80011,-7.61919]]],[[[108.79876,-7.61928],[108.79875,-7.61928],[108.79875,-7.61918],[108.79876,-7.61918],[108.79876,-7.61928]]],[[[108.79876,-7.61828],[108.79876,-7.61783],[108.79922,-7.61783],[108.79922,-7.61828],[108.79876,-7.61828]]],[[[108.79985,-7.61765],[108.80004,-7.61765],[108.80004,-7.61766],[108.79985,-7.61766],[108.79985,-7.61783],[108.79985,-7.61784],[108.79985,-7.61802],[108.79967,-7.61802],[108.79967,-7.61784],[108.79967,-7.61783],[108.79922,-7.61783],[108.79922,-7.61738],[108.79967,-7.61738],[108.79968,-7.61738],[108.79985,-7.61738],[108.79985,-7.61765]]],[[[108.79786,-7.61783],[108.79786,-7.61737],[108.79832,-7.61737],[108.79832,-7.61783],[108.79786,-7.61783]]],[[[108.80059,-7.61423],[108.80059,-7.61422],[108.80059,-7.61377],[108.8006,-7.61377],[108.8006,-7.61332],[108.80106,-7.61332],[108.80106,-7.61377],[108.80151,-7.61377],[108.80151,-7.61378],[108.80196,-7.61378],[108.80196,-7.61423],[108.80196,-7.61468],[108.8015,-7.61468],[108.8015,-7.61423],[108.80105,-7.61423],[108.80105,-7.61468],[108.80059,-7.61468],[108.80059,-7.61513],[108.80014,-7.61513],[108.80014,-7.61558],[108.79968,-7.61558],[108.79968,-7.61513],[108.79968,-7.61512],[108.79968,-7.61467],[108.79923,-7.61467],[108.79923,-7.61422],[108.79969,-7.61422],[108.79969,-7.61467],[108.80013,-7.61467],[108.80014,-7.61467],[108.80059,-7.61467],[108.80059,-7.61423]]],[[[108.79653,-7.61285],[108.79607,-7.61285],[108.79607,-7.61239],[108.79653,-7.61239],[108.79653,-7.61285]]],[[[108.79656,-7.60589],[108.79665,-7.60589],[108.79665,-7.60562],[108.79702,-7.60562],[108.79702,-7.60607],[108.79656,-7.60607],[108.79647,-7.60607],[108.79647,-7.60589],[108.79656,-7.60589]]],[[[108.79792,-7.60608],[108.79746,-7.60608],[108.79746,-7.60562],[108.79792,-7.60562],[108.79792,-7.60608]]],[[[108.79702,-7.60472],[108.79702,-7.60427],[108.79748,-7.60427],[108.79748,-7.60472],[108.79702,-7.60472]]],[[[108.79929,-7.60428],[108.79929,-7.60383],[108.79974,-7.60383],[108.79974,-7.60428],[108.79929,-7.60428]]],[[[108.79793,-7.60337],[108.79838,-7.60337],[108.79839,-7.60337],[108.79884,-7.60337],[108.79884,-7.60382],[108.79884,-7.60428],[108.79838,-7.60428],[108.79838,-7.60382],[108.79793,-7.60382],[108.79793,-7.60337]]],[[[108.79658,-7.60291],[108.79658,-7.60246],[108.79658,-7.60201],[108.79658,-7.602],[108.79704,-7.602],[108.79704,-7.60201],[108.79704,-7.60246],[108.79704,-7.60291],[108.79704,-7.60336],[108.79658,-7.60336],[108.79658,-7.60291]]],[[[108.79794,-7.60292],[108.79793,-7.60292],[108.79793,-7.60246],[108.79794,-7.60246],[108.79839,-7.60246],[108.79839,-7.60292],[108.79794,-7.60292]]],[[[108.79706,-7.59885],[108.7966,-7.59885],[108.7966,-7.59884],[108.7966,-7.59839],[108.79706,-7.59839],[108.79706,-7.59884],[108.79706,-7.59885]]],[[[108.79569,-7.59884],[108.79569,-7.59839],[108.79615,-7.59839],[108.79615,-7.59884],[108.79569,-7.59884]]],[[[108.79705,-7.59794],[108.79705,-7.59749],[108.79751,-7.59749],[108.79751,-7.59794],[108.79705,-7.59794]]],[[[108.79932,-7.5975],[108.79887,-7.5975],[108.79887,-7.59705],[108.79932,-7.59705],[108.79932,-7.5975]]],[[[108.79842,-7.59705],[108.79797,-7.59705],[108.79797,-7.59704],[108.79797,-7.59659],[108.79842,-7.59659],[108.79842,-7.59704],[108.79842,-7.59705]]],[[[108.79571,-7.59568],[108.79571,-7.59522],[108.79617,-7.59522],[108.79617,-7.59568],[108.79571,-7.59568]]],[[[108.79888,-7.59524],[108.79842,-7.59524],[108.79842,-7.59479],[108.79888,-7.59479],[108.79888,-7.59524]]],[[[108.79707,-7.59478],[108.79707,-7.59433],[108.79753,-7.59433],[108.79753,-7.59478],[108.79707,-7.59478]]],[[[108.79616,-7.59432],[108.79616,-7.59387],[108.79617,-7.59387],[108.79662,-7.59387],[108.79662,-7.59432],[108.79662,-7.59433],[108.79617,-7.59433],[108.79616,-7.59433],[108.79616,-7.59432]]],[[[108.79846,-7.58846],[108.79846,-7.58801],[108.79892,-7.58801],[108.79892,-7.58846],[108.79846,-7.58846]]],[[[108.7971,-7.58846],[108.7971,-7.588],[108.79756,-7.588],[108.79756,-7.58846],[108.7971,-7.58846]]],[[[108.79575,-7.58755],[108.79575,-7.58709],[108.7962,-7.58709],[108.7962,-7.58755],[108.79575,-7.58755]]],[[[108.79801,-7.58711],[108.79801,-7.58665],[108.79847,-7.58665],[108.79847,-7.58711],[108.79801,-7.58711]]],[[[108.79713,-7.58258],[108.79758,-7.58258],[108.79758,-7.58213],[108.79804,-7.58213],[108.79804,-7.58259],[108.79759,-7.58259],[108.79759,-7.58304],[108.79758,-7.58304],[108.79713,-7.58304],[108.79713,-7.58258]]],[[[108.7994,-7.58214],[108.79985,-7.58214],[108.79985,-7.58169],[108.79985,-7.58124],[108.7994,-7.58124],[108.7994,-7.58079],[108.79986,-7.58079],[108.79986,-7.58034],[108.79941,-7.58034],[108.79941,-7.57989],[108.79941,-7.57988],[108.79896,-7.57988],[108.79896,-7.57943],[108.79896,-7.57898],[108.79896,-7.57865],[108.79942,-7.57867],[108.79942,-7.57898],[108.79986,-7.57898],[108.79986,-7.57855],[108.79987,-7.57854],[108.79987,-7.57853],[108.79991,-7.57853],[108.79998,-7.57853],[108.80032,-7.57853],[108.80077,-7.57853],[108.80077,-7.57808],[108.80078,-7.57808],[108.80078,-7.57763],[108.80124,-7.57763],[108.80124,-7.57808],[108.80124,-7.57809],[108.80123,-7.57809],[108.80123,-7.57854],[108.80078,-7.57854],[108.80078,-7.57899],[108.80077,-7.57899],[108.80077,-7.57943],[108.80077,-7.57944],[108.80122,-7.57944],[108.80167,-7.57944],[108.80167,-7.57899],[108.80213,-7.57899],[108.80259,-7.57899],[108.80259,-7.57945],[108.80304,-7.57945],[108.80304,-7.5799],[108.80303,-7.5799],[108.80303,-7.58035],[108.80303,-7.5808],[108.80348,-7.5808],[108.80348,-7.58126],[108.80348,-7.58171],[108.80393,-7.58171],[108.80393,-7.58126],[108.80393,-7.58081],[108.80438,-7.58081],[108.80439,-7.58081],[108.80484,-7.58081],[108.80484,-7.58126],[108.80484,-7.58127],[108.80439,-7.58127],[108.80439,-7.58171],[108.80484,-7.58171],[108.80484,-7.58172],[108.80484,-7.58217],[108.80528,-7.58217],[108.80529,-7.58217],[108.80573,-7.58217],[108.80574,-7.58217],[108.80619,-7.58217],[108.80619,-7.58262],[108.80619,-7.58263],[108.80619,-7.58308],[108.80619,-7.58353],[108.80618,-7.58353],[108.80618,-7.58398],[108.80573,-7.58398],[108.80573,-7.58443],[108.80573,-7.58488],[108.80573,-7.58534],[108.80572,-7.58534],[108.80527,-7.58534],[108.80527,-7.58488],[108.80483,-7.58488],[108.80482,-7.58488],[108.80437,-7.58488],[108.80437,-7.58443],[108.80392,-7.58443],[108.80392,-7.58442],[108.80346,-7.58442],[108.80346,-7.58397],[108.80302,-7.58397],[108.80302,-7.58442],[108.80256,-7.58442],[108.80256,-7.58487],[108.8021,-7.58487],[108.8021,-7.58532],[108.80255,-7.58532],[108.80301,-7.58532],[108.80301,-7.58577],[108.80255,-7.58577],[108.80209,-7.58577],[108.80209,-7.58532],[108.80164,-7.58532],[108.80164,-7.58486],[108.80119,-7.58486],[108.80119,-7.58441],[108.80165,-7.58441],[108.80165,-7.58486],[108.8021,-7.58486],[108.8021,-7.58441],[108.80256,-7.58441],[108.80256,-7.58396],[108.80301,-7.58396],[108.80301,-7.58352],[108.80301,-7.58351],[108.80302,-7.58351],[108.80302,-7.58307],[108.80302,-7.58306],[108.80302,-7.58261],[108.80257,-7.58261],[108.80257,-7.58306],[108.80212,-7.58306],[108.80212,-7.58351],[108.80166,-7.58351],[108.8012,-7.58351],[108.8012,-7.58305],[108.80121,-7.58305],[108.80121,-7.58261],[108.80121,-7.5826],[108.80076,-7.5826],[108.80031,-7.5826],[108.8003,-7.5826],[108.79985,-7.5826],[108.79939,-7.5826],[108.79939,-7.58259],[108.79894,-7.58259],[108.79894,-7.58214],[108.79894,-7.58169],[108.79849,-7.58169],[108.79849,-7.58123],[108.79895,-7.58123],[108.79895,-7.58169],[108.7994,-7.58169],[108.7994,-7.58214]],[[108.80213,-7.57945],[108.80213,-7.57944],[108.80168,-7.57944],[108.80168,-7.57989],[108.80213,-7.57989],[108.80213,-7.5799],[108.80257,-7.5799],[108.80258,-7.5799],[108.80258,-7.57945],[108.80213,-7.57945]],[[108.80212,-7.58125],[108.80257,-7.58125],[108.80257,-7.5808],[108.80212,-7.5808],[108.80212,-7.58125]],[[108.80031,-7.5817],[108.80031,-7.58214],[108.80031,-7.58215],[108.80076,-7.58215],[108.80076,-7.5817],[108.80031,-7.5817]],[[108.80211,-7.58306],[108.80211,-7.58261],[108.80167,-7.58261],[108.80167,-7.58306],[108.80211,-7.58306]],[[108.80347,-7.58352],[108.80347,-7.58397],[108.80392,-7.58397],[108.80392,-7.58352],[108.80348,-7.58352],[108.80347,-7.58352]],[[108.80438,-7.58216],[108.80438,-7.58172],[108.80393,-7.58172],[108.80393,-7.58216],[108.80438,-7.58216]]],[[[108.79714,-7.58122],[108.79714,-7.58168],[108.79714,-7.58213],[108.79668,-7.58213],[108.79668,-7.58168],[108.79668,-7.58122],[108.79714,-7.58122]]],[[[108.79715,-7.58078],[108.79669,-7.58078],[108.79669,-7.58077],[108.79669,-7.58032],[108.79715,-7.58032],[108.79715,-7.58077],[108.79715,-7.58078]]],[[[108.79805,-7.58078],[108.79759,-7.58078],[108.79759,-7.58033],[108.79759,-7.58032],[108.79805,-7.58032],[108.79805,-7.57988],[108.7985,-7.57988],[108.79851,-7.57988],[108.79896,-7.57988],[108.79896,-7.58033],[108.79851,-7.58033],[108.7985,-7.58033],[108.79805,-7.58033],[108.79805,-7.58078]]],[[[108.79942,-7.57671],[108.79942,-7.57654],[108.79942,-7.57649],[108.79949,-7.57646],[108.79949,-7.57645],[108.79952,-7.57644],[108.79961,-7.57628],[108.79961,-7.57628],[108.79962,-7.57627],[108.79965,-7.57627],[108.79988,-7.57627],[108.80034,-7.57627],[108.80034,-7.57672],[108.80079,-7.57672],[108.80079,-7.57673],[108.80079,-7.57718],[108.80033,-7.57718],[108.80033,-7.57763],[108.80033,-7.57808],[108.79987,-7.57808],[108.79987,-7.57814],[108.79987,-7.57839],[108.79987,-7.57852],[108.79984,-7.57851],[108.79983,-7.57851],[108.79951,-7.57839],[108.79949,-7.57839],[108.79941,-7.57836],[108.79941,-7.57808],[108.79897,-7.57808],[108.79896,-7.57808],[108.79896,-7.57807],[108.79864,-7.57807],[108.79861,-7.57806],[108.79857,-7.57807],[108.79852,-7.57807],[108.79851,-7.57807],[108.79851,-7.57774],[108.79851,-7.57762],[108.79852,-7.57762],[108.79853,-7.57762],[108.79896,-7.57762],[108.79897,-7.57762],[108.79941,-7.57762],[108.79942,-7.57762],[108.79942,-7.5772],[108.79942,-7.57717],[108.79941,-7.57717],[108.79897,-7.57717],[108.79897,-7.57672],[108.79942,-7.57672],[108.79942,-7.57671]],[[108.79943,-7.57695],[108.79943,-7.57717],[108.79951,-7.57717],[108.79987,-7.57717],[108.79988,-7.57717],[108.80033,-7.57717],[108.80033,-7.57673],[108.79988,-7.57673],[108.79988,-7.57672],[108.79951,-7.57672],[108.79943,-7.57672],[108.79943,-7.57688],[108.79943,-7.57695]]],[[[108.79852,-7.57674],[108.79852,-7.57686],[108.79852,-7.57717],[108.7985,-7.57717],[108.79807,-7.57717],[108.79806,-7.57717],[108.79806,-7.57671],[108.79807,-7.57671],[108.79833,-7.57671],[108.79843,-7.57671],[108.79852,-7.57672],[108.79852,-7.57674]]],[[[108.79716,-7.57716],[108.79671,-7.57716],[108.79671,-7.57671],[108.79716,-7.57671],[108.79717,-7.57671],[108.79717,-7.57716],[108.79716,-7.57716]]],[[[108.80126,-7.66076],[108.80126,-7.66031],[108.80172,-7.66031],[108.80172,-7.66076],[108.80126,-7.66076]]],[[[108.80172,-7.65986],[108.80172,-7.65941],[108.80218,-7.65941],[108.80218,-7.65986],[108.80172,-7.65986]]],[[[108.80218,-7.65941],[108.80218,-7.65896],[108.80264,-7.65896],[108.80264,-7.65941],[108.80218,-7.65941]]],[[[108.80176,-7.65263],[108.80176,-7.65218],[108.80222,-7.65218],[108.80222,-7.65263],[108.80176,-7.65263]]],[[[108.80269,-7.64631],[108.80315,-7.64631],[108.80315,-7.64676],[108.80315,-7.64677],[108.80315,-7.64722],[108.80269,-7.64722],[108.80269,-7.64677],[108.80269,-7.64676],[108.80269,-7.64631]]],[[[108.80289,-7.64541],[108.8027,-7.64541],[108.8027,-7.64496],[108.8027,-7.6445],[108.80316,-7.6445],[108.80316,-7.64451],[108.80361,-7.64451],[108.80361,-7.64459],[108.80361,-7.64496],[108.80321,-7.64496],[108.8032,-7.64496],[108.80316,-7.64496],[108.80315,-7.64496],[108.80315,-7.64501],[108.80315,-7.64541],[108.80289,-7.64541]]],[[[108.80225,-7.64269],[108.80226,-7.64269],[108.80226,-7.64224],[108.80272,-7.64224],[108.80272,-7.6427],[108.80271,-7.6427],[108.80271,-7.64315],[108.80225,-7.64315],[108.80225,-7.6427],[108.80225,-7.64269]]],[[[108.80092,-7.63953],[108.80092,-7.63907],[108.80138,-7.63907],[108.80138,-7.63953],[108.80092,-7.63953]]],[[[108.80138,-7.63682],[108.80138,-7.63727],[108.80183,-7.63727],[108.80228,-7.63727],[108.80228,-7.63682],[108.80229,-7.63682],[108.80229,-7.63637],[108.80229,-7.63592],[108.80275,-7.63592],[108.80275,-7.63637],[108.80275,-7.63682],[108.80274,-7.63682],[108.80274,-7.63727],[108.80274,-7.63728],[108.80274,-7.63772],[108.80274,-7.63773],[108.80319,-7.63773],[108.80319,-7.63818],[108.80364,-7.63818],[108.80364,-7.63864],[108.80409,-7.63864],[108.80409,-7.63909],[108.80363,-7.63909],[108.80363,-7.63864],[108.80318,-7.63864],[108.80318,-7.63863],[108.80274,-7.63863],[108.80273,-7.63863],[108.80228,-7.63863],[108.80228,-7.63818],[108.80183,-7.63818],[108.80138,-7.63818],[108.80138,-7.63817],[108.80138,-7.63772],[108.80093,-7.63772],[108.80093,-7.63727],[108.80093,-7.63682],[108.80093,-7.63681],[108.80138,-7.63681],[108.80138,-7.63682]]],[[[108.80048,-7.63546],[108.80048,-7.63501],[108.80048,-7.635],[108.80094,-7.635],[108.80094,-7.63501],[108.80094,-7.63546],[108.80048,-7.63546]]],[[[108.80094,-7.63411],[108.80094,-7.63365],[108.8014,-7.63365],[108.8014,-7.63411],[108.80094,-7.63411]]],[[[108.801,-7.62236],[108.801,-7.62191],[108.80146,-7.62191],[108.80146,-7.62236],[108.801,-7.62236]]],[[[108.80111,-7.62055],[108.80147,-7.62055],[108.80147,-7.621],[108.80147,-7.62101],[108.80101,-7.62101],[108.80101,-7.621],[108.80101,-7.62073],[108.80111,-7.62073],[108.80111,-7.62055]]],[[[108.80057,-7.62055],[108.80057,-7.621],[108.80011,-7.621],[108.80011,-7.62055],[108.80011,-7.6201],[108.80011,-7.62009],[108.80011,-7.62],[108.8002,-7.62],[108.8002,-7.62009],[108.8002,-7.6201],[108.8002,-7.62018],[108.80039,-7.62018],[108.80039,-7.62019],[108.80056,-7.62019],[108.80056,-7.62055],[108.80057,-7.62055]]],[[[108.80103,-7.61911],[108.80093,-7.61911],[108.80093,-7.61919],[108.80093,-7.6192],[108.80093,-7.61929],[108.80075,-7.61929],[108.80075,-7.6192],[108.80075,-7.61919],[108.80075,-7.61892],[108.80076,-7.61892],[108.80076,-7.61874],[108.80103,-7.61874],[108.80103,-7.61911]]],[[[108.80238,-7.61875],[108.80284,-7.61875],[108.80284,-7.61912],[108.80274,-7.61912],[108.80238,-7.61912],[108.80238,-7.61911],[108.80238,-7.61875]]],[[[108.79967,-7.61837],[108.79985,-7.61837],[108.79985,-7.61838],[108.79967,-7.61838],[108.79967,-7.61837]]],[[[108.80058,-7.61784],[108.80058,-7.61829],[108.80058,-7.61838],[108.80057,-7.61838],[108.80057,-7.61829],[108.80057,-7.61784],[108.8004,-7.61784],[108.8004,-7.61748],[108.80021,-7.61748],[108.80021,-7.61738],[108.80058,-7.61738],[108.80058,-7.61784]]],[[[108.80238,-7.6174],[108.80238,-7.61739],[108.80284,-7.61739],[108.80284,-7.61695],[108.80329,-7.61695],[108.8033,-7.61695],[108.80375,-7.61695],[108.80421,-7.61695],[108.80421,-7.6174],[108.80421,-7.61741],[108.80375,-7.61741],[108.80375,-7.61785],[108.8042,-7.61785],[108.8042,-7.61831],[108.8042,-7.61876],[108.80374,-7.61876],[108.80374,-7.61921],[108.80419,-7.61921],[108.80465,-7.61921],[108.80465,-7.61967],[108.80464,-7.61967],[108.80464,-7.62003],[108.80455,-7.62003],[108.80455,-7.62011],[108.80455,-7.62012],[108.80455,-7.62021],[108.80437,-7.62021],[108.80437,-7.62039],[108.80419,-7.62039],[108.80419,-7.62057],[108.80418,-7.62057],[108.80418,-7.62012],[108.80418,-7.62011],[108.80418,-7.61966],[108.80374,-7.61966],[108.80374,-7.62011],[108.80373,-7.62011],[108.80373,-7.62039],[108.80364,-7.62039],[108.80364,-7.62056],[108.80364,-7.62057],[108.80364,-7.62075],[108.80346,-7.62075],[108.80346,-7.62057],[108.80346,-7.62056],[108.80328,-7.62056],[108.80328,-7.62011],[108.80328,-7.61966],[108.80311,-7.61966],[108.80311,-7.61948],[108.80329,-7.61948],[108.80329,-7.61966],[108.80373,-7.61966],[108.80373,-7.61921],[108.80329,-7.61921],[108.80329,-7.61894],[108.80328,-7.61894],[108.80328,-7.61876],[108.80328,-7.61875],[108.80328,-7.6183],[108.80329,-7.6183],[108.80329,-7.61785],[108.80329,-7.6174],[108.80284,-7.6174],[108.80284,-7.61785],[108.80238,-7.61785],[108.80238,-7.6174]]],[[[108.80103,-7.61739],[108.80103,-7.61694],[108.80149,-7.61694],[108.80149,-7.61739],[108.80103,-7.61739]]],[[[108.80203,-7.6164],[108.80204,-7.6164],[108.80239,-7.6164],[108.8024,-7.6164],[108.8024,-7.61604],[108.80285,-7.61604],[108.80285,-7.61559],[108.8033,-7.61559],[108.80331,-7.61559],[108.80376,-7.61559],[108.80421,-7.61559],[108.80422,-7.61559],[108.80422,-7.6156],[108.80422,-7.61605],[108.80421,-7.61605],[108.80376,-7.61605],[108.80331,-7.61605],[108.80331,-7.6165],[108.80285,-7.6165],[108.80285,-7.61649],[108.8024,-7.61649],[108.80239,-7.61649],[108.80194,-7.61649],[108.80194,-7.6164],[108.80203,-7.6164]]],[[[108.80151,-7.61284],[108.80168,-7.61284],[108.80168,-7.61287],[108.80168,-7.61288],[108.80168,-7.6132],[108.80196,-7.6132],[108.80204,-7.6132],[108.80204,-7.61315],[108.80204,-7.61314],[108.80223,-7.61314],[108.80223,-7.61315],[108.80241,-7.61315],[108.80241,-7.61333],[108.80196,-7.61333],[108.80151,-7.61333],[108.80151,-7.61288],[108.80151,-7.61287],[108.80151,-7.61284]]],[[[108.80242,-7.61197],[108.80242,-7.61225],[108.80242,-7.61243],[108.80241,-7.61243],[108.80205,-7.61243],[108.80205,-7.61261],[108.80204,-7.61261],[108.80204,-7.61243],[108.80204,-7.61242],[108.80204,-7.6123],[108.80196,-7.6123],[108.80186,-7.6123],[108.80186,-7.61212],[108.80151,-7.61212],[108.80151,-7.61197],[108.80196,-7.61197],[108.80242,-7.61197]]],[[[108.80289,-7.60655],[108.80335,-7.60655],[108.80335,-7.60656],[108.80335,-7.60701],[108.80335,-7.60746],[108.8038,-7.60746],[108.8038,-7.60791],[108.8038,-7.60792],[108.80334,-7.60792],[108.80334,-7.60791],[108.80328,-7.60791],[108.80289,-7.60791],[108.80289,-7.60746],[108.80289,-7.60701],[108.80289,-7.60692],[108.80289,-7.60656],[108.80289,-7.60655]]],[[[108.80203,-7.60023],[108.80157,-7.60023],[108.80157,-7.59977],[108.80203,-7.59977],[108.80203,-7.60023]]],[[[108.8016,-7.59526],[108.8016,-7.5948],[108.80206,-7.5948],[108.80206,-7.59526],[108.8016,-7.59526]]],[[[108.80207,-7.59164],[108.80207,-7.59119],[108.80253,-7.59119],[108.80253,-7.59164],[108.80207,-7.59164]]],[[[108.80118,-7.58848],[108.80118,-7.58802],[108.80164,-7.58802],[108.80164,-7.58848],[108.80118,-7.58848]]],[[[108.79982,-7.58802],[108.79982,-7.58757],[108.79982,-7.58756],[108.80028,-7.58756],[108.80028,-7.58757],[108.80028,-7.58802],[108.79982,-7.58802]]],[[[108.80029,-7.58441],[108.80029,-7.58395],[108.80075,-7.58395],[108.80075,-7.58441],[108.80029,-7.58441]]],[[[108.80259,-7.57764],[108.80259,-7.57719],[108.80259,-7.57674],[108.80305,-7.57674],[108.80305,-7.57719],[108.80305,-7.57764],[108.8026,-7.57764],[108.8026,-7.57809],[108.80305,-7.57809],[108.80305,-7.57854],[108.80305,-7.57855],[108.80259,-7.57855],[108.80259,-7.57854],[108.80259,-7.57809],[108.80214,-7.57809],[108.80214,-7.57764],[108.80259,-7.57764]]],[[[108.80168,-7.57854],[108.80168,-7.57809],[108.80214,-7.57809],[108.80214,-7.57854],[108.80168,-7.57854]]],[[[108.80034,-7.57494],[108.80045,-7.57498],[108.80046,-7.57498],[108.80046,-7.57499],[108.80047,-7.57499],[108.80064,-7.57515],[108.80065,-7.57515],[108.80065,-7.57516],[108.8008,-7.57536],[108.8008,-7.57537],[108.8008,-7.57582],[108.80103,-7.57582],[108.8011,-7.57582],[108.80124,-7.57607],[108.80125,-7.57609],[108.80125,-7.57612],[108.80125,-7.57628],[108.80079,-7.57628],[108.80079,-7.57582],[108.80034,-7.57582],[108.80034,-7.57537],[108.80034,-7.57494]]],[[[108.80305,-7.57493],[108.8035,-7.57493],[108.80351,-7.57493],[108.80396,-7.57493],[108.80396,-7.57538],[108.80396,-7.57539],[108.80396,-7.57584],[108.80351,-7.57584],[108.80351,-7.57629],[108.80305,-7.57629],[108.80305,-7.57584],[108.8026,-7.57584],[108.8026,-7.57583],[108.8026,-7.57538],[108.80305,-7.57538],[108.80305,-7.57493]]],[[[108.8008,-7.57513],[108.8008,-7.5752],[108.8006,-7.57501],[108.80059,-7.57501],[108.80058,-7.57501],[108.80058,-7.575],[108.80057,-7.575],[108.80044,-7.57492],[108.80053,-7.57492],[108.8006,-7.57496],[108.8008,-7.57513]]],[[[108.80392,-7.67342],[108.80392,-7.67297],[108.80437,-7.67297],[108.80438,-7.67297],[108.80438,-7.6734],[108.80437,-7.6734],[108.80435,-7.67341],[108.80433,-7.67341],[108.80431,-7.67343],[108.80392,-7.67343],[108.80392,-7.67353],[108.80389,-7.67353],[108.80371,-7.67353],[108.80369,-7.67353],[108.80367,-7.67353],[108.80366,-7.67353],[108.80364,-7.67353],[108.80363,-7.67353],[108.8036,-7.67352],[108.80346,-7.67351],[108.80346,-7.67342],[108.80392,-7.67342]]],[[[108.80301,-7.67297],[108.80301,-7.67252],[108.80347,-7.67252],[108.80347,-7.67297],[108.80301,-7.67297]]],[[[108.80347,-7.67026],[108.80347,-7.66981],[108.80393,-7.66981],[108.80393,-7.67026],[108.80347,-7.67026]]],[[[108.80393,-7.66981],[108.80393,-7.66936],[108.80439,-7.66936],[108.80439,-7.66981],[108.80393,-7.66981]]],[[[108.80395,-7.66575],[108.80395,-7.66574],[108.80395,-7.66529],[108.80396,-7.66529],[108.80441,-7.66529],[108.80441,-7.66532],[108.80441,-7.66574],[108.80441,-7.66575],[108.80441,-7.6662],[108.80395,-7.6662],[108.80395,-7.66575]]],[[[108.80393,-7.66078],[108.80353,-7.66078],[108.80353,-7.66122],[108.80307,-7.66122],[108.80307,-7.66077],[108.80353,-7.66077],[108.80353,-7.66032],[108.80398,-7.66032],[108.80398,-7.65987],[108.8041,-7.65987],[108.80402,-7.66032],[108.80402,-7.66033],[108.80401,-7.66033],[108.80399,-7.66033],[108.80399,-7.66048],[108.80393,-7.66078]]],[[[108.80308,-7.65896],[108.80308,-7.65851],[108.80309,-7.65851],[108.80353,-7.65851],[108.80354,-7.65851],[108.80399,-7.65851],[108.80399,-7.65852],[108.80444,-7.65852],[108.80444,-7.65867],[108.8043,-7.65897],[108.80399,-7.65897],[108.80398,-7.65897],[108.80354,-7.65897],[108.80353,-7.65897],[108.80309,-7.65897],[108.80308,-7.65897],[108.80308,-7.65896]]],[[[108.80444,-7.65761],[108.80444,-7.65716],[108.8049,-7.65716],[108.8049,-7.65761],[108.8049,-7.65762],[108.8049,-7.65768],[108.80472,-7.65807],[108.80444,-7.65807],[108.80444,-7.65762],[108.80444,-7.65761]]],[[[108.80582,-7.65401],[108.80537,-7.65401],[108.80537,-7.65355],[108.80583,-7.65355],[108.80583,-7.65356],[108.80624,-7.65356],[108.80614,-7.65401],[108.80583,-7.65401],[108.80582,-7.65401]]],[[[108.80635,-7.65311],[108.80628,-7.65338],[108.80628,-7.65311],[108.80635,-7.65311]]],[[[108.80539,-7.65174],[108.80539,-7.6522],[108.80584,-7.6522],[108.80584,-7.65265],[108.80557,-7.65265],[108.80538,-7.65265],[108.80538,-7.65258],[108.80538,-7.65257],[108.80538,-7.6522],[108.80494,-7.6522],[108.80493,-7.65219],[108.80493,-7.6522],[108.80447,-7.6522],[108.80447,-7.65188],[108.80447,-7.65187],[108.80447,-7.65174],[108.80493,-7.65174],[108.80539,-7.65174]]],[[[108.80675,-7.652],[108.80663,-7.65221],[108.80629,-7.65221],[108.80629,-7.6522],[108.80629,-7.65175],[108.80675,-7.65175],[108.80675,-7.652]]],[[[108.80495,-7.64632],[108.8045,-7.64632],[108.8045,-7.64587],[108.80495,-7.64587],[108.80496,-7.64587],[108.80541,-7.64587],[108.80541,-7.64632],[108.80541,-7.64633],[108.80495,-7.64633],[108.80495,-7.64632]]],[[[108.80632,-7.64588],[108.80632,-7.64543],[108.80678,-7.64543],[108.80678,-7.64588],[108.80632,-7.64588]]],[[[108.80452,-7.64406],[108.80452,-7.64451],[108.80407,-7.64451],[108.80406,-7.64451],[108.80372,-7.64451],[108.80361,-7.64451],[108.80361,-7.64406],[108.80406,-7.64406],[108.80407,-7.64406],[108.80438,-7.64406],[108.80452,-7.64406]]],[[[108.80544,-7.64316],[108.80543,-7.64316],[108.80543,-7.64361],[108.80543,-7.64407],[108.80497,-7.64407],[108.80497,-7.64361],[108.80497,-7.64354],[108.80497,-7.64316],[108.80498,-7.64316],[108.80498,-7.64271],[108.80538,-7.64271],[108.80544,-7.64271],[108.80544,-7.64316]]],[[[108.80271,-7.6436],[108.80271,-7.64315],[108.80317,-7.64315],[108.80317,-7.6436],[108.80271,-7.6436]]],[[[108.80498,-7.64135],[108.80498,-7.64107],[108.80498,-7.6409],[108.80483,-7.6409],[108.80454,-7.6409],[108.80453,-7.6409],[108.80453,-7.64058],[108.80453,-7.64057],[108.80453,-7.64045],[108.80454,-7.64045],[108.80498,-7.64045],[108.80499,-7.64045],[108.80544,-7.64045],[108.80544,-7.64],[108.8059,-7.64],[108.8059,-7.64045],[108.80635,-7.64045],[108.80635,-7.64091],[108.8068,-7.64091],[108.8068,-7.64136],[108.80725,-7.64136],[108.80725,-7.64182],[108.80679,-7.64182],[108.80679,-7.64136],[108.80634,-7.64136],[108.80589,-7.64136],[108.80589,-7.64181],[108.80544,-7.64181],[108.80543,-7.64181],[108.80535,-7.64181],[108.80534,-7.64181],[108.80498,-7.64181],[108.80498,-7.64136],[108.80498,-7.64135]]],[[[108.80454,-7.64],[108.80453,-7.64],[108.80453,-7.63954],[108.80454,-7.63954],[108.80499,-7.63954],[108.80499,-7.64],[108.80454,-7.64]]],[[[108.80365,-7.63683],[108.80365,-7.63728],[108.80365,-7.63773],[108.80319,-7.63773],[108.80319,-7.63728],[108.80319,-7.63683],[108.80319,-7.63637],[108.80365,-7.63637],[108.80365,-7.63638],[108.80411,-7.63638],[108.80411,-7.63683],[108.80365,-7.63683]]],[[[108.80591,-7.63729],[108.80591,-7.63684],[108.80637,-7.63684],[108.80637,-7.63729],[108.80591,-7.63729]]],[[[108.8032,-7.63502],[108.80321,-7.63502],[108.80366,-7.63502],[108.80366,-7.63547],[108.80321,-7.63547],[108.8032,-7.63547],[108.80275,-7.63547],[108.80275,-7.63502],[108.8032,-7.63502]]],[[[108.80366,-7.63502],[108.80366,-7.63457],[108.80412,-7.63457],[108.80412,-7.63502],[108.80366,-7.63502]]],[[[108.80548,-7.63323],[108.80548,-7.63277],[108.80593,-7.63277],[108.80594,-7.63277],[108.80639,-7.63277],[108.80639,-7.63323],[108.80594,-7.63323],[108.80593,-7.63323],[108.80548,-7.63323]]],[[[108.8069,-7.62194],[108.80734,-7.62194],[108.80735,-7.62194],[108.80735,-7.62149],[108.80689,-7.62149],[108.80689,-7.62148],[108.80644,-7.62148],[108.80644,-7.62103],[108.80645,-7.62103],[108.80645,-7.62058],[108.80691,-7.62058],[108.80691,-7.62103],[108.80735,-7.62103],[108.80735,-7.62058],[108.80781,-7.62058],[108.80781,-7.62103],[108.80781,-7.62104],[108.80781,-7.62149],[108.80826,-7.62149],[108.80826,-7.62194],[108.80871,-7.62194],[108.80871,-7.62149],[108.80917,-7.62149],[108.80917,-7.62195],[108.80871,-7.62195],[108.80871,-7.62239],[108.80871,-7.6224],[108.80915,-7.6224],[108.80916,-7.6224],[108.80961,-7.6224],[108.80961,-7.62285],[108.81006,-7.62285],[108.81006,-7.62286],[108.81052,-7.62286],[108.81052,-7.62331],[108.81097,-7.62331],[108.81097,-7.62376],[108.81142,-7.62376],[108.81142,-7.62377],[108.81187,-7.62377],[108.81187,-7.62422],[108.81142,-7.62422],[108.81141,-7.62422],[108.81097,-7.62422],[108.81096,-7.62422],[108.81051,-7.62422],[108.81051,-7.62376],[108.81005,-7.62376],[108.81005,-7.62331],[108.80961,-7.62331],[108.8096,-7.62331],[108.80915,-7.62331],[108.80915,-7.6233],[108.80915,-7.62285],[108.80871,-7.62285],[108.8087,-7.62285],[108.80825,-7.62285],[108.80825,-7.6224],[108.8078,-7.6224],[108.8078,-7.62239],[108.80735,-7.62239],[108.80734,-7.62239],[108.8069,-7.62239],[108.80689,-7.62239],[108.80644,-7.62239],[108.80644,-7.62193],[108.8069,-7.62193],[108.8069,-7.62194]]],[[[108.80382,-7.62183],[108.80418,-7.62183],[108.80418,-7.62147],[108.80436,-7.62147],[108.80454,-7.62147],[108.80455,-7.62147],[108.80463,-7.62147],[108.80473,-7.62147],[108.80473,-7.62148],[108.80472,-7.62148],[108.80472,-7.62183],[108.8049,-7.62183],[108.80508,-7.62183],[108.80526,-7.62183],[108.80526,-7.62148],[108.80509,-7.62148],[108.80509,-7.62147],[108.80509,-7.62129],[108.80526,-7.62129],[108.80526,-7.62103],[108.80526,-7.62102],[108.80526,-7.62093],[108.80509,-7.62093],[108.80508,-7.62093],[108.80491,-7.62093],[108.80463,-7.62093],[108.80463,-7.62075],[108.80473,-7.62075],[108.80473,-7.62057],[108.80473,-7.62039],[108.80491,-7.62039],[108.80491,-7.62012],[108.80509,-7.62012],[108.80509,-7.62057],[108.80554,-7.62057],[108.806,-7.62057],[108.806,-7.62103],[108.80554,-7.62103],[108.80554,-7.62147],[108.80554,-7.62148],[108.80598,-7.62148],[108.80599,-7.62148],[108.80644,-7.62148],[108.80644,-7.62193],[108.80599,-7.62193],[108.80599,-7.62238],[108.80553,-7.62238],[108.80553,-7.62193],[108.80508,-7.62193],[108.80463,-7.62193],[108.80418,-7.62193],[108.80418,-7.62192],[108.80373,-7.62192],[108.80373,-7.62165],[108.80382,-7.62165],[108.80382,-7.62183]]],[[[108.80328,-7.6211],[108.80346,-7.6211],[108.80346,-7.62111],[108.80345,-7.62111],[108.80345,-7.62147],[108.80328,-7.62147],[108.80328,-7.6211]]],[[[108.80455,-7.62102],[108.80455,-7.62111],[108.80454,-7.62111],[108.80437,-7.62111],[108.80436,-7.62111],[108.80436,-7.62102],[108.80437,-7.62102],[108.80454,-7.62102],[108.80455,-7.62102]]],[[[108.80601,-7.61967],[108.80555,-7.61967],[108.80555,-7.61922],[108.80601,-7.61922],[108.80601,-7.61967]]],[[[108.80601,-7.61823],[108.80601,-7.61832],[108.80556,-7.61832],[108.80556,-7.61804],[108.80565,-7.61804],[108.80583,-7.61804],[108.80583,-7.61822],[108.80601,-7.61823]]],[[[108.80556,-7.61714],[108.80556,-7.61696],[108.80547,-7.61696],[108.80529,-7.61696],[108.80512,-7.61696],[108.80511,-7.61696],[108.80511,-7.61678],[108.80493,-7.61678],[108.80466,-7.61678],[108.80466,-7.6165],[108.80511,-7.6165],[108.80511,-7.61605],[108.80529,-7.61605],[108.80529,-7.61642],[108.80548,-7.61642],[108.80556,-7.61642],[108.80557,-7.61642],[108.80557,-7.61651],[108.80602,-7.61651],[108.80602,-7.61696],[108.80602,-7.61741],[108.80646,-7.61741],[108.80646,-7.61696],[108.80647,-7.61696],[108.80692,-7.61696],[108.80692,-7.61697],[108.80737,-7.61697],[108.80737,-7.61742],[108.80692,-7.61742],[108.80691,-7.61742],[108.80647,-7.61742],[108.80647,-7.61787],[108.80637,-7.61787],[108.80637,-7.61769],[108.80619,-7.61769],[108.80601,-7.61769],[108.80601,-7.6175],[108.80601,-7.61741],[108.80565,-7.61741],[108.80565,-7.61714],[108.80556,-7.61714]]],[[[108.80465,-7.61786],[108.80465,-7.61741],[108.80465,-7.61714],[108.80474,-7.61714],[108.80474,-7.61732],[108.80493,-7.61732],[108.80511,-7.61732],[108.80511,-7.61741],[108.80511,-7.6175],[108.80528,-7.6175],[108.80529,-7.6175],[108.80529,-7.61768],[108.80547,-7.61768],[108.80547,-7.61786],[108.80511,-7.61786],[108.8051,-7.61786],[108.80465,-7.61786]]],[[[108.80648,-7.61516],[108.80648,-7.61561],[108.80693,-7.61561],[108.80693,-7.61606],[108.80656,-7.61606],[108.80656,-7.61588],[108.80647,-7.61588],[108.80647,-7.61561],[108.80602,-7.61561],[108.80602,-7.61588],[108.80584,-7.61588],[108.80565,-7.61588],[108.80557,-7.61588],[108.80556,-7.61588],[108.80556,-7.6156],[108.80557,-7.6156],[108.80602,-7.6156],[108.80602,-7.61516],[108.80602,-7.61515],[108.80602,-7.6147],[108.80648,-7.6147],[108.80648,-7.61515],[108.80648,-7.61516]]],[[[108.80422,-7.61288],[108.80422,-7.61289],[108.80422,-7.61325],[108.80422,-7.61334],[108.80419,-7.61334],[108.80377,-7.61334],[108.80376,-7.61334],[108.80331,-7.61334],[108.80331,-7.61333],[108.80286,-7.61333],[108.80286,-7.61288],[108.80331,-7.61288],[108.80332,-7.61288],[108.80376,-7.61288],[108.80377,-7.61288],[108.80422,-7.61288]]],[[[108.80332,-7.61243],[108.80332,-7.61198],[108.80378,-7.61198],[108.80378,-7.61243],[108.80332,-7.61243]]],[[[108.80514,-7.6104],[108.80514,-7.61018],[108.8056,-7.61018],[108.8056,-7.61063],[108.8056,-7.61064],[108.80544,-7.61064],[108.80514,-7.61064],[108.80514,-7.61063],[108.80514,-7.6104]]],[[[108.80515,-7.60928],[108.80515,-7.60973],[108.8047,-7.60973],[108.80469,-7.60973],[108.80469,-7.60928],[108.80469,-7.60927],[108.80469,-7.60883],[108.80469,-7.60882],[108.80469,-7.60837],[108.8047,-7.60837],[108.80515,-7.60837],[108.80515,-7.60882],[108.80515,-7.60883],[108.80515,-7.60927],[108.80515,-7.60928]]],[[[108.80515,-7.60792],[108.80515,-7.60747],[108.80561,-7.60747],[108.80561,-7.60792],[108.80515,-7.60792]]],[[[108.80607,-7.60657],[108.80607,-7.60612],[108.80653,-7.60612],[108.80653,-7.60657],[108.80607,-7.60657]]],[[[108.80395,-7.60521],[108.80427,-7.60499],[108.80427,-7.60521],[108.80395,-7.60521]]],[[[108.80518,-7.60521],[108.80517,-7.60521],[108.80472,-7.60521],[108.80472,-7.60476],[108.80517,-7.60476],[108.80518,-7.60476],[108.80563,-7.60476],[108.80563,-7.60521],[108.80518,-7.60521]]],[[[108.80653,-7.60477],[108.80608,-7.60477],[108.80608,-7.60476],[108.80563,-7.60476],[108.80563,-7.60471],[108.80608,-7.60473],[108.80653,-7.60474],[108.80698,-7.60476],[108.80698,-7.60477],[108.80653,-7.60477]]],[[[108.80614,-7.59212],[108.80614,-7.59211],[108.80614,-7.59166],[108.80659,-7.59166],[108.8066,-7.59166],[108.8066,-7.59211],[108.8066,-7.59212],[108.8066,-7.59257],[108.80659,-7.59257],[108.80614,-7.59257],[108.80614,-7.59212]]],[[[108.80343,-7.59165],[108.80343,-7.5912],[108.80389,-7.5912],[108.80389,-7.59165],[108.80343,-7.59165]]],[[[108.80524,-7.59121],[108.80479,-7.59121],[108.80479,-7.59075],[108.80524,-7.59075],[108.80525,-7.59075],[108.80525,-7.59121],[108.80524,-7.59121]]],[[[108.80524,-7.5903],[108.80479,-7.5903],[108.80479,-7.58985],[108.80524,-7.58985],[108.80525,-7.58985],[108.8057,-7.58985],[108.8057,-7.5903],[108.8057,-7.59031],[108.80524,-7.59031],[108.80524,-7.5903]]],[[[108.80298,-7.59029],[108.80298,-7.58984],[108.80344,-7.58984],[108.80344,-7.59029],[108.80298,-7.59029]]],[[[108.80661,-7.58941],[108.80706,-7.58941],[108.80706,-7.58986],[108.8066,-7.58986],[108.8066,-7.58941],[108.80615,-7.58941],[108.80615,-7.58895],[108.80615,-7.5885],[108.80661,-7.5885],[108.80661,-7.58895],[108.80661,-7.58941]]],[[[108.80435,-7.58849],[108.8048,-7.58849],[108.8048,-7.58894],[108.8048,-7.58895],[108.80434,-7.58895],[108.80434,-7.58894],[108.80434,-7.58849],[108.8039,-7.58849],[108.80389,-7.58849],[108.80344,-7.58849],[108.80344,-7.58804],[108.80344,-7.58803],[108.8039,-7.58803],[108.8039,-7.58804],[108.80435,-7.58804],[108.80435,-7.58849]]],[[[108.80345,-7.58668],[108.80345,-7.58623],[108.80345,-7.58578],[108.80391,-7.58578],[108.80391,-7.58623],[108.80391,-7.58668],[108.80391,-7.58713],[108.80345,-7.58713],[108.80345,-7.58668]]],[[[108.80617,-7.58624],[108.80618,-7.58624],[108.80663,-7.58624],[108.80663,-7.5867],[108.80617,-7.5867],[108.80617,-7.58669],[108.80572,-7.58669],[108.80572,-7.58624],[108.80617,-7.58624]]],[[[108.80436,-7.58669],[108.80436,-7.58623],[108.80482,-7.58623],[108.80482,-7.58669],[108.80436,-7.58669]]],[[[108.80437,-7.58578],[108.80436,-7.58578],[108.80391,-7.58578],[108.80391,-7.58533],[108.80346,-7.58533],[108.80346,-7.58487],[108.80392,-7.58487],[108.80392,-7.58533],[108.80436,-7.58533],[108.80437,-7.58533],[108.80482,-7.58533],[108.80482,-7.58578],[108.80437,-7.58578]]],[[[108.80529,-7.58172],[108.80529,-7.58127],[108.80575,-7.58127],[108.80575,-7.58172],[108.80529,-7.58172]]],[[[108.80441,-7.57719],[108.80441,-7.5772],[108.80441,-7.57765],[108.80441,-7.5781],[108.80395,-7.5781],[108.80395,-7.57765],[108.80395,-7.5772],[108.80395,-7.57719],[108.80441,-7.57719]]],[[[108.80856,-7.64951],[108.80856,-7.64905],[108.80902,-7.64905],[108.80902,-7.64951],[108.80856,-7.64951]]],[[[108.81039,-7.6485],[108.81025,-7.64861],[108.80994,-7.64861],[108.80993,-7.64861],[108.80948,-7.64861],[108.80948,-7.64815],[108.80993,-7.64815],[108.80994,-7.64815],[108.81039,-7.64815],[108.81039,-7.64816],[108.81039,-7.64849],[108.81039,-7.6485]]],[[[108.80814,-7.64317],[108.80814,-7.64363],[108.80814,-7.64408],[108.80769,-7.64408],[108.80769,-7.64363],[108.80769,-7.64317],[108.80814,-7.64317]]],[[[108.80817,-7.64001],[108.80817,-7.64047],[108.80771,-7.64047],[108.80771,-7.64046],[108.80725,-7.64046],[108.80725,-7.64001],[108.80771,-7.64001],[108.80817,-7.64001]]],[[[108.80727,-7.63685],[108.80727,-7.6364],[108.80727,-7.63639],[108.80773,-7.63639],[108.80773,-7.6364],[108.80818,-7.6364],[108.80818,-7.63685],[108.80773,-7.63685],[108.80772,-7.63685],[108.80727,-7.63685]]],[[[108.81,-7.63551],[108.81,-7.63505],[108.81046,-7.63505],[108.81046,-7.63551],[108.81,-7.63551]]],[[[108.80774,-7.63549],[108.80728,-7.63549],[108.80682,-7.63549],[108.80682,-7.63504],[108.80728,-7.63504],[108.80774,-7.63504],[108.80774,-7.63549]]],[[[108.80955,-7.6337],[108.80955,-7.63325],[108.80955,-7.63324],[108.80955,-7.63279],[108.80956,-7.63279],[108.81001,-7.63279],[108.81001,-7.63307],[108.80992,-7.63307],[108.80992,-7.63324],[108.80992,-7.63325],[108.80973,-7.63325],[108.80973,-7.63361],[108.80992,-7.63361],[108.80992,-7.6337],[108.80992,-7.63397],[108.81,-7.63397],[108.81001,-7.63397],[108.81028,-7.63397],[108.81028,-7.6337],[108.81046,-7.6337],[108.81046,-7.63415],[108.81001,-7.63415],[108.81,-7.63415],[108.80955,-7.63415],[108.80955,-7.6337]]],[[[108.81136,-7.63326],[108.81136,-7.6328],[108.81182,-7.6328],[108.81182,-7.63326],[108.81136,-7.63326]]],[[[108.81091,-7.63325],[108.81046,-7.63325],[108.81045,-7.63325],[108.81045,-7.6328],[108.81046,-7.6328],[108.81046,-7.63235],[108.81046,-7.63234],[108.81046,-7.63189],[108.81092,-7.63189],[108.81092,-7.63234],[108.81092,-7.63235],[108.81092,-7.6328],[108.81091,-7.6328],[108.81091,-7.63325]]],[[[108.80776,-7.63052],[108.8073,-7.63052],[108.8073,-7.63007],[108.80776,-7.63007],[108.80776,-7.63052]]],[[[108.81185,-7.62648],[108.81185,-7.62603],[108.81231,-7.62603],[108.81231,-7.62648],[108.81185,-7.62648]]],[[[108.81277,-7.62377],[108.81278,-7.62377],[108.81278,-7.62422],[108.81278,-7.62423],[108.81277,-7.62423],[108.81232,-7.62423],[108.81232,-7.62422],[108.81232,-7.62377],[108.81187,-7.62377],[108.81187,-7.62332],[108.81232,-7.62332],[108.81233,-7.62332],[108.81233,-7.62377],[108.81277,-7.62377]]],[[[108.81233,-7.62151],[108.81233,-7.62196],[108.81278,-7.62196],[108.81278,-7.62197],[108.81323,-7.62197],[108.81323,-7.62242],[108.81323,-7.62287],[108.81278,-7.62287],[108.81277,-7.62287],[108.81232,-7.62287],[108.81232,-7.62242],[108.81232,-7.62241],[108.81232,-7.62196],[108.81187,-7.62196],[108.81187,-7.62151],[108.81143,-7.62151],[108.81142,-7.62151],[108.81097,-7.62151],[108.81097,-7.62105],[108.81143,-7.62105],[108.81143,-7.62106],[108.81187,-7.62106],[108.81188,-7.62106],[108.81233,-7.62106],[108.81233,-7.62151]]],[[[108.80962,-7.62105],[108.80962,-7.6206],[108.80962,-7.62059],[108.81007,-7.62059],[108.81007,-7.6206],[108.81007,-7.62105],[108.80962,-7.62105]]],[[[108.80872,-7.62059],[108.80826,-7.62059],[108.80826,-7.62014],[108.80872,-7.62014],[108.80872,-7.61969],[108.80917,-7.61969],[108.80917,-7.62014],[108.80917,-7.62059],[108.80872,-7.62059]]],[[[108.80736,-7.61923],[108.80736,-7.61878],[108.80782,-7.61878],[108.80782,-7.61923],[108.80736,-7.61923]]],[[[108.81235,-7.6188],[108.8119,-7.6188],[108.81189,-7.6188],[108.81144,-7.6188],[108.81144,-7.61835],[108.81144,-7.61834],[108.8119,-7.61834],[108.8119,-7.61835],[108.81235,-7.61835],[108.81235,-7.6188]]],[[[108.81009,-7.61743],[108.81009,-7.61789],[108.81053,-7.61789],[108.81054,-7.61789],[108.81099,-7.61789],[108.81099,-7.61834],[108.81054,-7.61834],[108.81053,-7.61834],[108.81008,-7.61834],[108.81008,-7.61789],[108.80963,-7.61789],[108.80963,-7.61743],[108.81009,-7.61743]]],[[[108.80873,-7.61788],[108.80872,-7.61788],[108.80828,-7.61788],[108.80827,-7.61788],[108.80782,-7.61788],[108.80782,-7.61833],[108.80737,-7.61833],[108.80736,-7.61833],[108.80736,-7.61832],[108.80692,-7.61832],[108.80691,-7.61832],[108.80691,-7.61823],[108.80692,-7.61823],[108.8071,-7.61823],[108.8071,-7.61787],[108.80736,-7.61787],[108.80737,-7.61787],[108.80782,-7.61787],[108.80782,-7.61742],[108.80827,-7.61742],[108.80828,-7.61742],[108.80873,-7.61742],[108.80873,-7.61743],[108.80918,-7.61743],[108.80918,-7.61788],[108.80873,-7.61788]]],[[[108.80965,-7.61246],[108.80966,-7.61246],[108.80966,-7.61201],[108.81011,-7.61201],[108.81012,-7.61201],[108.81057,-7.61201],[108.81057,-7.61247],[108.81012,-7.61247],[108.81011,-7.61247],[108.81011,-7.61292],[108.80965,-7.61292],[108.80965,-7.61246]]],[[[108.8065,-7.612],[108.80649,-7.612],[108.80649,-7.61154],[108.8065,-7.61154],[108.80695,-7.61154],[108.80695,-7.612],[108.8065,-7.612]]],[[[108.81058,-7.60976],[108.81058,-7.60931],[108.81058,-7.6093],[108.81104,-7.6093],[108.81104,-7.60931],[108.81104,-7.60976],[108.81058,-7.60976]]],[[[108.80924,-7.60523],[108.80924,-7.60483],[108.8096,-7.60484],[108.80961,-7.60478],[108.80969,-7.60478],[108.8097,-7.60478],[108.8097,-7.60433],[108.81015,-7.60433],[108.81016,-7.60433],[108.81061,-7.60433],[108.81061,-7.60478],[108.81061,-7.60479],[108.81106,-7.60479],[108.81106,-7.60524],[108.81151,-7.60524],[108.81151,-7.60479],[108.81197,-7.60479],[108.81197,-7.60525],[108.81151,-7.60525],[108.81151,-7.60569],[108.81151,-7.6057],[108.81105,-7.6057],[108.81105,-7.60569],[108.81105,-7.60524],[108.81061,-7.60524],[108.8106,-7.60524],[108.81015,-7.60524],[108.81015,-7.60569],[108.80969,-7.60569],[108.80969,-7.60524],[108.80969,-7.60523],[108.80924,-7.60523]]],[[[108.8097,-7.60388],[108.8097,-7.60343],[108.81016,-7.60343],[108.81016,-7.60388],[108.8097,-7.60388]]],[[[108.80927,-7.60207],[108.80927,-7.60223],[108.80924,-7.60207],[108.80926,-7.60207],[108.80927,-7.60207]]],[[[108.81198,-7.60163],[108.81243,-7.60163],[108.81243,-7.60209],[108.81197,-7.60209],[108.81197,-7.60208],[108.81153,-7.60208],[108.81152,-7.60208],[108.81107,-7.60208],[108.81107,-7.60181],[108.81116,-7.60181],[108.81116,-7.60163],[108.81152,-7.60163],[108.81153,-7.60163],[108.81197,-7.60163],[108.81198,-7.60163]]],[[[108.80972,-7.60026],[108.80972,-7.60071],[108.80972,-7.60072],[108.80972,-7.60117],[108.81016,-7.60117],[108.81017,-7.60117],[108.81062,-7.60117],[108.81062,-7.60126],[108.81026,-7.60126],[108.81026,-7.60162],[108.81044,-7.60162],[108.81062,-7.60162],[108.81062,-7.60163],[108.81017,-7.60163],[108.81016,-7.60163],[108.81016,-7.60162],[108.80972,-7.60162],[108.80971,-7.60162],[108.80971,-7.60117],[108.80927,-7.60117],[108.80926,-7.60117],[108.80926,-7.60072],[108.80926,-7.60071],[108.80926,-7.60026],[108.80927,-7.60026],[108.80972,-7.60026]]],[[[108.81199,-7.59997],[108.81245,-7.60019],[108.81245,-7.60028],[108.81262,-7.60028],[108.81289,-7.60041],[108.81335,-7.60063],[108.81335,-7.60073],[108.81335,-7.60074],[108.81289,-7.60074],[108.81289,-7.60073],[108.81244,-7.60073],[108.81243,-7.60073],[108.81198,-7.60073],[108.81198,-7.60028],[108.81199,-7.60028],[108.81199,-7.59997]]],[[[108.81108,-7.60073],[108.81108,-7.60027],[108.81154,-7.60027],[108.81154,-7.60073],[108.81108,-7.60073]]],[[[108.81017,-7.60027],[108.81017,-7.59982],[108.81017,-7.59981],[108.81063,-7.59981],[108.81063,-7.59982],[108.81063,-7.60027],[108.81017,-7.60027]]],[[[108.81108,-7.59982],[108.81108,-7.59961],[108.81154,-7.59979],[108.81154,-7.59982],[108.81108,-7.59982]]],[[[108.80924,-7.59936],[108.80928,-7.59923],[108.80928,-7.59936],[108.80924,-7.59936]]],[[[108.81062,-7.59699],[108.81065,-7.59697],[108.81065,-7.59698],[108.8107,-7.59695],[108.8107,-7.59694],[108.81071,-7.59694],[108.81072,-7.59694],[108.81073,-7.59694],[108.81074,-7.59694],[108.81075,-7.59695],[108.81076,-7.59696],[108.81077,-7.59697],[108.81077,-7.59698],[108.81077,-7.59699],[108.81077,-7.597],[108.81077,-7.59701],[108.81076,-7.59701],[108.81076,-7.59702],[108.81075,-7.59704],[108.81084,-7.59711],[108.81083,-7.59711],[108.81086,-7.59713],[108.81087,-7.59713],[108.81087,-7.59714],[108.81088,-7.59714],[108.81088,-7.59715],[108.81102,-7.59756],[108.81103,-7.5976],[108.81103,-7.59761],[108.81103,-7.59762],[108.81096,-7.59801],[108.81097,-7.59801],[108.81089,-7.59847],[108.81089,-7.59847],[108.81081,-7.59892],[108.81081,-7.59892],[108.81073,-7.59937],[108.81063,-7.59937],[108.81063,-7.59892],[108.81063,-7.59891],[108.81018,-7.59891],[108.81018,-7.59846],[108.81018,-7.59801],[108.81019,-7.59801],[108.81019,-7.59756],[108.81052,-7.5971],[108.81053,-7.5971],[108.8106,-7.597],[108.81061,-7.59699],[108.81062,-7.59699]]],[[[108.80972,-7.59936],[108.80972,-7.59891],[108.81018,-7.59891],[108.81018,-7.59936],[108.80972,-7.59936]]],[[[108.81291,-7.59667],[108.81336,-7.59667],[108.81336,-7.59712],[108.81291,-7.59712],[108.8129,-7.59712],[108.81285,-7.59712],[108.81245,-7.59675],[108.81245,-7.59667],[108.81245,-7.59666],[108.81236,-7.59666],[108.812,-7.59633],[108.812,-7.59621],[108.81245,-7.59621],[108.81246,-7.59621],[108.81291,-7.59621],[108.81291,-7.59666],[108.81291,-7.59667]]],[[[108.80797,-7.58896],[108.80797,-7.58851],[108.80843,-7.58851],[108.80843,-7.58896],[108.80797,-7.58896]]],[[[108.80706,-7.58896],[108.80706,-7.58851],[108.80706,-7.5885],[108.80752,-7.5885],[108.80752,-7.58851],[108.80752,-7.58896],[108.80706,-7.58896]]],[[[108.80888,-7.58851],[108.80843,-7.58851],[108.80843,-7.58806],[108.80888,-7.58806],[108.80888,-7.58761],[108.80933,-7.58761],[108.80933,-7.58806],[108.80933,-7.58807],[108.80933,-7.58852],[108.80888,-7.58852],[108.80888,-7.58851]]],[[[108.80891,-7.58355],[108.80845,-7.58355],[108.80845,-7.58354],[108.80845,-7.58309],[108.80891,-7.58309],[108.80891,-7.58354],[108.80891,-7.58355]]],[[[108.80981,-7.58309],[108.80982,-7.58309],[108.80982,-7.5831],[108.80982,-7.58355],[108.80981,-7.58355],[108.80936,-7.58355],[108.80936,-7.5831],[108.80936,-7.58309],[108.80981,-7.58309]]],[[[108.808,-7.58263],[108.808,-7.58309],[108.80755,-7.58309],[108.80755,-7.58354],[108.80709,-7.58354],[108.80663,-7.58354],[108.80663,-7.58353],[108.80663,-7.58308],[108.80709,-7.58308],[108.80754,-7.58308],[108.80754,-7.58263],[108.80709,-7.58263],[108.80709,-7.58218],[108.8071,-7.58218],[108.8071,-7.58173],[108.80756,-7.58173],[108.80756,-7.58218],[108.80755,-7.58218],[108.80755,-7.58263],[108.808,-7.58263]]],[[[108.80846,-7.58173],[108.80891,-7.58173],[108.80891,-7.58174],[108.80936,-7.58174],[108.80936,-7.58129],[108.80981,-7.58129],[108.80982,-7.58129],[108.81026,-7.58129],[108.81027,-7.58129],[108.81037,-7.58129],[108.81072,-7.58129],[108.81072,-7.58175],[108.81045,-7.58175],[108.81037,-7.58175],[108.81026,-7.58175],[108.81026,-7.58174],[108.80982,-7.58174],[108.80981,-7.58174],[108.80937,-7.58174],[108.80937,-7.58219],[108.80981,-7.58219],[108.80982,-7.58219],[108.80982,-7.58265],[108.80981,-7.58265],[108.80936,-7.58265],[108.80936,-7.58219],[108.80891,-7.58219],[108.80846,-7.58219],[108.80846,-7.58174],[108.80846,-7.58173]]],[[[108.81072,-7.58084],[108.81027,-7.58084],[108.81027,-7.58039],[108.81072,-7.58039],[108.81073,-7.58039],[108.81118,-7.58039],[108.81164,-7.58039],[108.81164,-7.58085],[108.81118,-7.58085],[108.81072,-7.58085],[108.81072,-7.58084]]],[[[108.8102,-7.57928],[108.81028,-7.57921],[108.81028,-7.5792],[108.81045,-7.57903],[108.81074,-7.57903],[108.81074,-7.57904],[108.81119,-7.57904],[108.81119,-7.57949],[108.81119,-7.57994],[108.81074,-7.57994],[108.81073,-7.57994],[108.81028,-7.57994],[108.80993,-7.57994],[108.80983,-7.57994],[108.80982,-7.57994],[108.80982,-7.5799],[108.80982,-7.57961],[108.80982,-7.57948],[108.80983,-7.57948],[108.80983,-7.57943],[108.80995,-7.57941],[108.8102,-7.57928]]],[[[108.8112,-7.57768],[108.81165,-7.57768],[108.81165,-7.57813],[108.81165,-7.57814],[108.81165,-7.57859],[108.81209,-7.57859],[108.8121,-7.57859],[108.81255,-7.57859],[108.81255,-7.57904],[108.81255,-7.57905],[108.81255,-7.57949],[108.81255,-7.5795],[108.813,-7.5795],[108.813,-7.57905],[108.81345,-7.57905],[108.81345,-7.5795],[108.81345,-7.57995],[108.8139,-7.57995],[108.8139,-7.5795],[108.81435,-7.5795],[108.81435,-7.57951],[108.8148,-7.57951],[108.8148,-7.57906],[108.81435,-7.57906],[108.81435,-7.57869],[108.81436,-7.57869],[108.81436,-7.57905],[108.81454,-7.57905],[108.81481,-7.57905],[108.81481,-7.57906],[108.8149,-7.57906],[108.8149,-7.57951],[108.8149,-7.57978],[108.81509,-7.57978],[108.81505,-7.57996],[108.81481,-7.57996],[108.8148,-7.57996],[108.8148,-7.58041],[108.81435,-7.58041],[108.8139,-7.58041],[108.81345,-7.58041],[108.81345,-7.58086],[108.81299,-7.58086],[108.81299,-7.58085],[108.81254,-7.58085],[108.81254,-7.5813],[108.81208,-7.5813],[108.81208,-7.58085],[108.81208,-7.5804],[108.81209,-7.5804],[108.81209,-7.57995],[108.81209,-7.5795],[108.81209,-7.57949],[108.81209,-7.57905],[108.81209,-7.57904],[108.81164,-7.57904],[108.81164,-7.57859],[108.81119,-7.57859],[108.81119,-7.57814],[108.81095,-7.57814],[108.81095,-7.57813],[108.811,-7.57768],[108.81119,-7.57768],[108.8112,-7.57768]]],[[[108.80802,-7.57812],[108.80841,-7.57812],[108.80841,-7.57816],[108.80841,-7.57821],[108.8084,-7.57821],[108.80839,-7.57821],[108.80838,-7.57821],[108.80839,-7.57845],[108.8084,-7.57845],[108.8084,-7.5785],[108.80841,-7.57857],[108.80802,-7.57857],[108.80802,-7.57812]]],[[[108.81075,-7.57632],[108.8112,-7.57632],[108.8112,-7.57633],[108.8112,-7.57678],[108.81075,-7.57678],[108.81074,-7.57678],[108.81074,-7.57633],[108.81074,-7.57632],[108.81075,-7.57632]]],[[[108.8085,-7.57559],[108.8085,-7.57586],[108.80849,-7.57586],[108.80804,-7.57586],[108.80804,-7.5756],[108.80804,-7.57557],[108.80804,-7.57555],[108.80824,-7.57555],[108.80825,-7.57555],[108.80843,-7.57555],[108.80844,-7.57555],[108.80845,-7.57555],[108.80849,-7.57557],[108.8085,-7.57557],[108.8085,-7.57559]]],[[[108.80985,-7.57406],[108.81031,-7.57406],[108.81031,-7.57451],[108.81031,-7.57452],[108.81031,-7.57497],[108.80985,-7.57497],[108.80985,-7.57452],[108.80985,-7.57451],[108.80985,-7.57406]]],[[[108.81771,-7.63238],[108.81771,-7.63193],[108.81817,-7.63193],[108.81817,-7.63238],[108.81771,-7.63238]]],[[[108.81635,-7.63147],[108.81681,-7.63147],[108.81681,-7.63193],[108.81726,-7.63193],[108.81726,-7.63238],[108.8168,-7.63238],[108.8168,-7.63193],[108.81635,-7.63193],[108.81635,-7.63147]]],[[[108.81862,-7.63103],[108.81862,-7.63058],[108.81908,-7.63058],[108.81908,-7.63103],[108.81862,-7.63103]]],[[[108.81863,-7.63013],[108.81818,-7.63013],[108.81818,-7.62967],[108.81863,-7.62967],[108.81863,-7.63013]]],[[[108.81953,-7.62923],[108.81953,-7.62878],[108.81999,-7.62878],[108.81999,-7.62923],[108.81953,-7.62923]]],[[[108.81773,-7.62832],[108.81773,-7.62786],[108.81818,-7.62786],[108.81818,-7.62832],[108.81773,-7.62832]]],[[[108.81276,-7.62784],[108.81275,-7.62784],[108.8123,-7.62784],[108.8123,-7.62739],[108.8123,-7.62738],[108.81275,-7.62738],[108.81275,-7.62694],[108.81275,-7.62693],[108.81321,-7.62693],[108.81321,-7.62694],[108.81321,-7.62739],[108.81321,-7.62784],[108.81276,-7.62784]]],[[[108.81773,-7.62742],[108.81773,-7.62741],[108.81773,-7.62696],[108.81819,-7.62696],[108.81819,-7.62741],[108.81819,-7.62742],[108.81773,-7.62742]]],[[[108.81321,-7.62558],[108.81367,-7.62558],[108.81367,-7.62604],[108.81412,-7.62604],[108.81412,-7.62649],[108.81366,-7.62649],[108.81366,-7.62604],[108.81321,-7.62604],[108.81321,-7.62558]]],[[[108.82046,-7.62607],[108.82001,-7.62607],[108.82001,-7.62562],[108.82046,-7.62562],[108.82047,-7.62562],[108.82047,-7.62607],[108.82046,-7.62607]]],[[[108.81956,-7.62471],[108.81956,-7.62426],[108.81956,-7.62381],[108.82001,-7.62381],[108.82002,-7.62381],[108.82047,-7.62381],[108.82047,-7.62426],[108.82002,-7.62426],[108.82002,-7.62471],[108.82001,-7.62471],[108.81956,-7.62471]]],[[[108.81341,-7.62423],[108.81323,-7.62423],[108.81322,-7.62423],[108.81286,-7.62423],[108.81286,-7.62422],[108.81322,-7.62422],[108.81322,-7.62378],[108.81322,-7.62377],[108.81368,-7.62377],[108.81368,-7.62378],[108.81368,-7.62423],[108.81341,-7.62423]]],[[[108.81461,-7.61972],[108.81506,-7.61972],[108.81506,-7.62017],[108.8146,-7.62017],[108.8146,-7.61972],[108.81416,-7.61972],[108.81416,-7.62017],[108.8137,-7.62017],[108.8137,-7.61971],[108.81415,-7.61971],[108.81415,-7.61938],[108.81415,-7.61926],[108.81461,-7.61926],[108.81461,-7.61948],[108.81461,-7.61972]]],[[[108.81506,-7.61949],[108.81506,-7.61927],[108.81551,-7.61927],[108.81551,-7.61943],[108.81551,-7.61944],[108.81551,-7.61972],[108.81506,-7.61972],[108.81506,-7.61949]]],[[[108.82122,-7.6193],[108.82095,-7.6193],[108.82094,-7.6193],[108.8205,-7.6193],[108.82049,-7.6193],[108.82049,-7.61885],[108.82049,-7.61884],[108.82049,-7.61839],[108.8205,-7.61839],[108.82095,-7.61839],[108.82095,-7.61884],[108.82115,-7.61884],[108.82115,-7.61885],[108.82122,-7.6193]]],[[[108.82095,-7.61794],[108.82095,-7.61792],[108.82095,-7.61749],[108.82116,-7.61749],[108.82112,-7.61794],[108.82105,-7.61794],[108.82095,-7.61794]]],[[[108.82095,-7.61659],[108.82136,-7.61659],[108.82128,-7.61682],[108.82124,-7.61704],[108.82123,-7.61704],[108.82095,-7.61704],[108.82095,-7.61659]]],[[[108.81735,-7.61341],[108.81735,-7.61295],[108.81781,-7.61295],[108.81781,-7.61296],[108.81826,-7.61296],[108.81826,-7.61341],[108.81826,-7.61386],[108.8178,-7.61386],[108.8178,-7.61341],[108.81735,-7.61341]]],[[[108.81782,-7.60979],[108.81782,-7.60934],[108.81783,-7.60934],[108.81828,-7.60934],[108.81828,-7.60979],[108.81828,-7.6098],[108.81783,-7.6098],[108.81782,-7.6098],[108.81782,-7.60979]]],[[[108.81557,-7.60797],[108.81558,-7.60797],[108.81558,-7.60843],[108.81557,-7.60843],[108.81557,-7.60888],[108.81602,-7.60888],[108.81602,-7.60933],[108.81557,-7.60933],[108.81557,-7.60978],[108.81511,-7.60978],[108.81511,-7.60933],[108.81556,-7.60933],[108.81556,-7.60888],[108.81511,-7.60888],[108.81511,-7.60842],[108.81512,-7.60842],[108.81512,-7.60797],[108.81557,-7.60797]]],[[[108.81918,-7.60935],[108.81918,-7.6089],[108.81964,-7.6089],[108.81964,-7.60935],[108.81918,-7.60935]]],[[[108.82372,-7.60892],[108.82371,-7.60892],[108.82371,-7.60847],[108.82372,-7.60847],[108.82417,-7.60847],[108.82417,-7.60892],[108.82372,-7.60892]]],[[[108.81647,-7.60888],[108.81602,-7.60888],[108.81602,-7.60843],[108.81647,-7.60843],[108.81648,-7.60843],[108.81648,-7.60888],[108.81647,-7.60888]]],[[[108.82553,-7.60712],[108.82553,-7.60667],[108.82599,-7.60667],[108.82599,-7.60712],[108.82553,-7.60712]]],[[[108.81602,-7.60708],[108.81602,-7.60662],[108.81648,-7.60662],[108.81648,-7.60708],[108.81602,-7.60708]]],[[[108.82146,-7.60529],[108.82192,-7.60529],[108.82192,-7.60574],[108.82192,-7.60575],[108.82192,-7.6062],[108.82146,-7.6062],[108.82146,-7.60575],[108.82146,-7.60574],[108.82146,-7.60529]]],[[[108.81557,-7.60617],[108.81557,-7.60572],[108.81603,-7.60572],[108.81603,-7.60617],[108.81557,-7.60617]]],[[[108.81604,-7.60527],[108.81558,-7.60527],[108.81558,-7.60481],[108.81604,-7.60481],[108.81604,-7.60527]]],[[[108.81287,-7.60435],[108.81332,-7.60435],[108.81332,-7.6048],[108.81332,-7.60525],[108.81287,-7.60525],[108.81287,-7.6048],[108.81287,-7.60435]]],[[[108.81468,-7.60481],[108.81467,-7.60481],[108.81422,-7.60481],[108.81422,-7.60435],[108.81468,-7.60435],[108.81468,-7.60436],[108.81513,-7.60436],[108.81513,-7.60481],[108.81468,-7.60481]]],[[[108.82374,-7.6044],[108.82374,-7.604],[108.82375,-7.60401],[108.82376,-7.60401],[108.8242,-7.60427],[108.8242,-7.6044],[108.82374,-7.6044]]],[[[108.81377,-7.60345],[108.81378,-7.60345],[108.81423,-7.60345],[108.81423,-7.6039],[108.81378,-7.6039],[108.81378,-7.60435],[108.81332,-7.60435],[108.81332,-7.6039],[108.81332,-7.60345],[108.81377,-7.60345]]],[[[108.81966,-7.60393],[108.81966,-7.60348],[108.82012,-7.60348],[108.82012,-7.60393],[108.81966,-7.60393]]],[[[108.81786,-7.60328],[108.81786,-7.60347],[108.81741,-7.60347],[108.8174,-7.60347],[108.81695,-7.60347],[108.81695,-7.60346],[108.8165,-7.60346],[108.8165,-7.60304],[108.81696,-7.60314],[108.81696,-7.60314],[108.81707,-7.60317],[108.81741,-7.60322],[108.81741,-7.60322],[108.81786,-7.60328]]],[[[108.81605,-7.60301],[108.81559,-7.60301],[108.81559,-7.60282],[108.81605,-7.60293],[108.81605,-7.60301]]],[[[108.81378,-7.60254],[108.81334,-7.60254],[108.81333,-7.60254],[108.81288,-7.60254],[108.81288,-7.60209],[108.81333,-7.60209],[108.81334,-7.60209],[108.81378,-7.60209],[108.81379,-7.60209],[108.81379,-7.60164],[108.81424,-7.60164],[108.81425,-7.60164],[108.81433,-7.60164],[108.81429,-7.6021],[108.81429,-7.6021],[108.81427,-7.60222],[108.81427,-7.60223],[108.81424,-7.60235],[108.81424,-7.60234],[108.81423,-7.60238],[108.81424,-7.60238],[108.81425,-7.60238],[108.81425,-7.60239],[108.81426,-7.60239],[108.81427,-7.6024],[108.81438,-7.60253],[108.81441,-7.60255],[108.81442,-7.60255],[108.81469,-7.60261],[108.81515,-7.60272],[108.81515,-7.603],[108.81469,-7.603],[108.81424,-7.603],[108.81423,-7.603],[108.81378,-7.603],[108.81378,-7.60255],[108.81378,-7.60254]]],[[[108.82964,-7.60217],[108.82964,-7.60219],[108.82942,-7.60262],[108.82918,-7.60262],[108.82918,-7.60246],[108.82931,-7.60228],[108.82937,-7.60217],[108.82964,-7.60217]]],[[[108.83042,-7.60037],[108.83046,-7.60035],[108.83045,-7.60037],[108.83042,-7.60037]]],[[[108.83022,-7.60003],[108.83021,-7.60003],[108.83021,-7.60002],[108.8302,-7.60002],[108.83019,-7.60002],[108.83019,-7.60001],[108.83019,-7.6],[108.83018,-7.6],[108.83018,-7.59999],[108.83018,-7.59998],[108.83018,-7.59991],[108.83033,-7.59991],[108.8305,-7.60026],[108.83048,-7.60032],[108.83047,-7.60032],[108.83035,-7.60037],[108.83027,-7.60037],[108.83026,-7.60037],[108.83026,-7.60036],[108.83026,-7.60035],[108.83025,-7.60035],[108.83023,-7.60023],[108.83023,-7.60022],[108.83023,-7.60003],[108.83022,-7.60003]]],[[[108.83013,-7.59766],[108.83016,-7.59798],[108.83016,-7.59811],[108.83011,-7.59811],[108.83011,-7.59766],[108.83013,-7.59766]]],[[[108.81336,-7.59759],[108.81334,-7.59757],[108.81336,-7.59757],[108.81336,-7.59759]]],[[[108.81427,-7.59713],[108.81381,-7.59713],[108.81381,-7.59712],[108.81381,-7.59667],[108.81427,-7.59667],[108.81427,-7.59712],[108.81427,-7.59713]]],[[[108.81603,-7.59663],[108.81602,-7.59663],[108.81601,-7.59663],[108.81598,-7.59663],[108.81592,-7.59668],[108.81563,-7.59668],[108.81563,-7.59623],[108.81609,-7.59623],[108.81609,-7.59662],[108.81603,-7.59663]]],[[[108.81744,-7.59579],[108.81789,-7.59579],[108.81835,-7.59579],[108.81835,-7.59589],[108.81821,-7.59592],[108.81789,-7.59615],[108.81777,-7.59624],[108.81762,-7.59635],[108.81761,-7.59635],[108.81754,-7.59638],[108.81753,-7.59638],[108.81744,-7.59639],[108.81699,-7.59647],[108.81699,-7.59624],[108.81699,-7.59623],[108.81699,-7.59578],[108.81744,-7.59578],[108.81744,-7.59579]]],[[[108.81745,-7.59488],[108.81699,-7.59488],[108.81699,-7.59443],[108.81745,-7.59443],[108.81745,-7.59488]]],[[[108.82044,-7.594],[108.82044,-7.59426],[108.82062,-7.59426],[108.82062,-7.59427],[108.82063,-7.59427],[108.82067,-7.59427],[108.82063,-7.59431],[108.82051,-7.59445],[108.82017,-7.59445],[108.82017,-7.594],[108.82017,-7.59399],[108.82017,-7.59354],[108.82044,-7.59354],[108.82044,-7.59372],[108.82044,-7.59373],[108.82044,-7.59399],[108.82044,-7.594]]],[[[108.81609,-7.59443],[108.81609,-7.59397],[108.81654,-7.59397],[108.81654,-7.59443],[108.81609,-7.59443]]],[[[108.82098,-7.59399],[108.821,-7.59399],[108.82098,-7.59401],[108.82098,-7.594],[108.82098,-7.59399]]],[[[108.81926,-7.59399],[108.81926,-7.59354],[108.81972,-7.59354],[108.81972,-7.59399],[108.81926,-7.59399]]],[[[108.82244,-7.5931],[108.82244,-7.5935],[108.82228,-7.59355],[108.82198,-7.59355],[108.82198,-7.5931],[108.82244,-7.5931]]],[[[108.82326,-7.59324],[108.82325,-7.59324],[108.82288,-7.59336],[108.82288,-7.5931],[108.82329,-7.5931],[108.8233,-7.59313],[108.82331,-7.59314],[108.82331,-7.59315],[108.82331,-7.59316],[108.82331,-7.59317],[108.8233,-7.59317],[108.8233,-7.59318],[108.82328,-7.59322],[108.82327,-7.59322],[108.82327,-7.59323],[108.82326,-7.59323],[108.82326,-7.59324]]],[[[108.82108,-7.59264],[108.82107,-7.59264],[108.82107,-7.59219],[108.82108,-7.59219],[108.82153,-7.59219],[108.82153,-7.59264],[108.82108,-7.59264]]],[[[108.81836,-7.59263],[108.81836,-7.59218],[108.81882,-7.59218],[108.81882,-7.59263],[108.81836,-7.59263]]],[[[108.82153,-7.59219],[108.82153,-7.59174],[108.82199,-7.59174],[108.82199,-7.59219],[108.82153,-7.59219]]],[[[108.82108,-7.59129],[108.82108,-7.59101],[108.82136,-7.59101],[108.82136,-7.59084],[108.82136,-7.59083],[108.82154,-7.59083],[108.82155,-7.59083],[108.82155,-7.59084],[108.822,-7.59084],[108.822,-7.59129],[108.82154,-7.59129],[108.82108,-7.59129]]],[[[108.82697,-7.59094],[108.82733,-7.59106],[108.82743,-7.59112],[108.82743,-7.59118],[108.82727,-7.5911],[108.82697,-7.59099],[108.82697,-7.59094]]],[[[108.82607,-7.59065],[108.82652,-7.59079],[108.82652,-7.59084],[108.82618,-7.59073],[108.82606,-7.59069],[108.82606,-7.59065],[108.82607,-7.59065]]],[[[108.81927,-7.59083],[108.81927,-7.59037],[108.81928,-7.59037],[108.81955,-7.59037],[108.81955,-7.59064],[108.81973,-7.59064],[108.81973,-7.59065],[108.81974,-7.59065],[108.8201,-7.59065],[108.8201,-7.59047],[108.82018,-7.59047],[108.82019,-7.59047],[108.82028,-7.59047],[108.82028,-7.59065],[108.82046,-7.59065],[108.82063,-7.59065],[108.82064,-7.59065],[108.82082,-7.59065],[108.821,-7.59065],[108.82109,-7.59065],[108.82118,-7.59065],[108.82118,-7.59066],[108.82109,-7.59066],[108.821,-7.59066],[108.821,-7.59083],[108.82064,-7.59083],[108.82063,-7.59083],[108.82019,-7.59083],[108.82018,-7.59083],[108.81973,-7.59083],[108.81928,-7.59083],[108.81927,-7.59083]]],[[[108.82155,-7.59001],[108.82155,-7.59003],[108.82155,-7.5903],[108.82136,-7.5903],[108.82136,-7.59029],[108.82136,-7.59011],[108.8211,-7.59011],[108.82109,-7.59011],[108.82101,-7.59011],[108.821,-7.59011],[108.821,-7.58997],[108.821,-7.58994],[108.82101,-7.58994],[108.8211,-7.58996],[108.8211,-7.58996],[108.82121,-7.58998],[108.82155,-7.59001]]],[[[108.81883,-7.58974],[108.81883,-7.58947],[108.81914,-7.58947],[108.81929,-7.58951],[108.81929,-7.58951],[108.81974,-7.58966],[108.81974,-7.58975],[108.81974,-7.58992],[108.81974,-7.5901],[108.81992,-7.5901],[108.81992,-7.59011],[108.81973,-7.59011],[108.81973,-7.58992],[108.81929,-7.58992],[108.81928,-7.58992],[108.8192,-7.58992],[108.8192,-7.58956],[108.81884,-7.58956],[108.81884,-7.58974],[108.81883,-7.58974]]],[[[108.81838,-7.58907],[108.81883,-7.58933],[108.81883,-7.58947],[108.81837,-7.58947],[108.81837,-7.58907],[108.81838,-7.58907]]],[[[108.81294,-7.58944],[108.81294,-7.58899],[108.8134,-7.58899],[108.8134,-7.58944],[108.81294,-7.58944]]],[[[108.81658,-7.58675],[108.81613,-7.58675],[108.81613,-7.58719],[108.81613,-7.5872],[108.81567,-7.5872],[108.81567,-7.58719],[108.81567,-7.58674],[108.81613,-7.58674],[108.81613,-7.58629],[108.81613,-7.58602],[108.81659,-7.58602],[108.81659,-7.58629],[108.81694,-7.58629],[108.81694,-7.58637],[108.81694,-7.58668],[108.81694,-7.58675],[108.81694,-7.58702],[108.81694,-7.58703],[108.81696,-7.5872],[108.817,-7.58745],[108.81699,-7.58742],[108.81702,-7.58761],[108.81703,-7.58763],[108.81703,-7.58765],[108.81704,-7.58765],[108.81705,-7.58768],[108.81705,-7.58767],[108.8172,-7.5881],[108.8172,-7.5881],[108.81726,-7.58826],[108.81747,-7.58845],[108.81748,-7.58846],[108.81748,-7.58855],[108.81748,-7.58856],[108.81748,-7.58901],[108.81702,-7.58901],[108.81702,-7.58856],[108.81657,-7.58856],[108.81657,-7.589],[108.81657,-7.58901],[108.81612,-7.58901],[108.81612,-7.589],[108.81612,-7.58855],[108.81567,-7.58855],[108.81567,-7.5881],[108.81612,-7.5881],[108.81612,-7.58765],[108.81657,-7.58765],[108.81657,-7.5872],[108.81658,-7.5872],[108.81658,-7.58675]],[[108.81689,-7.58695],[108.81689,-7.58685],[108.81687,-7.58692],[108.81689,-7.58695]]],[[[108.81386,-7.58854],[108.81386,-7.58809],[108.81431,-7.58809],[108.81431,-7.58764],[108.81477,-7.58764],[108.81477,-7.58809],[108.81432,-7.58809],[108.81432,-7.58854],[108.81386,-7.58854]]],[[[108.81341,-7.58718],[108.81296,-7.58718],[108.81296,-7.58673],[108.81341,-7.58673],[108.81342,-7.58673],[108.81387,-7.58673],[108.81387,-7.58718],[108.81342,-7.58718],[108.81341,-7.58718]]],[[[108.8186,-7.58224],[108.81867,-7.58224],[108.81858,-7.5824],[108.81841,-7.58268],[108.81841,-7.58257],[108.81842,-7.58254],[108.81843,-7.58254],[108.8186,-7.58224]]],[[[108.81909,-7.58051],[108.81909,-7.5805],[108.81905,-7.58043],[108.81909,-7.58043],[108.8191,-7.58043],[108.81914,-7.58051],[108.81911,-7.58089],[108.81908,-7.58089],[108.81909,-7.58051]]],[[[108.8148,-7.58041],[108.81496,-7.58041],[108.81486,-7.58087],[108.8148,-7.58087],[108.8148,-7.58041]]],[[[108.81814,-7.57934],[108.81808,-7.57928],[108.81818,-7.57931],[108.81844,-7.57946],[108.81844,-7.57952],[108.81815,-7.57935],[108.81814,-7.57935],[108.81814,-7.57934]]],[[[108.818,-7.57926],[108.81801,-7.57927],[108.81798,-7.57926],[108.818,-7.57926]]],[[[108.81711,-7.57908],[108.81753,-7.57916],[108.81753,-7.57916],[108.8176,-7.57917],[108.81798,-7.57926],[108.81752,-7.57919],[108.81752,-7.57919],[108.81711,-7.57913],[108.81708,-7.57913],[108.81707,-7.57913],[108.81662,-7.57913],[108.81662,-7.57908],[108.81707,-7.57908],[108.81708,-7.57908],[108.81711,-7.57908]]],[[[108.81472,-7.57869],[108.81473,-7.57869],[108.81473,-7.57861],[108.81473,-7.5786],[108.81473,-7.57851],[108.81482,-7.57859],[108.81482,-7.5786],[108.81482,-7.57861],[108.81481,-7.57861],[108.81481,-7.5787],[108.81472,-7.5787],[108.81472,-7.57869]]],[[[108.8139,-7.57815],[108.8139,-7.5777],[108.81436,-7.5777],[108.81436,-7.57815],[108.8139,-7.57815]]],[[[108.81345,-7.57453],[108.81348,-7.57457],[108.81348,-7.57498],[108.81302,-7.57498],[108.81302,-7.57453],[108.81345,-7.57453]]],[[[108.81256,-7.57354],[108.81258,-7.57356],[108.81258,-7.57362],[108.81212,-7.57362],[108.81212,-7.57321],[108.81256,-7.57354]]]]}}]}