{"type":"FeatureCollection","district":"SIDAREJA","features":[{"type":"Feature","properties":{"d":"SIDAREJA","net":"FWA-IndoorOutdoor"},"geometry":{"type":"MultiPolygon","coordinates":[[[[108.75645,-7.48298],[108.75645,-7.48344],[108.75599,-7.48344],[108.75599,-7.48298],[108.75645,-7.48298]]],[[[108.74605,-7.47796],[108.74605,-7.47751],[108.74606,-7.47751],[108.74651,-7.47751],[108.74651,-7.47796],[108.74651,-7.47842],[108.74606,-7.47842],[108.74605,-7.47842],[108.74605,-7.47796]]],[[[108.75783,-7.47757],[108.75784,-7.47757],[108.75829,-7.47757],[108.75829,-7.47802],[108.75829,-7.47815],[108.75829,-7.47848],[108.75873,-7.47848],[108.75873,-7.47831],[108.75873,-7.47803],[108.75919,-7.47803],[108.75964,-7.47803],[108.76009,-7.47803],[108.76009,-7.47848],[108.76054,-7.47848],[108.76054,-7.47849],[108.76099,-7.47849],[108.76145,-7.47849],[108.76145,-7.47894],[108.76189,-7.47894],[108.76189,-7.47849],[108.76235,-7.47849],[108.76235,-7.47895],[108.7628,-7.47895],[108.76325,-7.47895],[108.76325,-7.4785],[108.76371,-7.4785],[108.76371,-7.47895],[108.76416,-7.47895],[108.76416,-7.47851],[108.76462,-7.47851],[108.76462,-7.47806],[108.76507,-7.47806],[108.76507,-7.47761],[108.76507,-7.47716],[108.76507,-7.47671],[108.76507,-7.4767],[108.76507,-7.47625],[108.76507,-7.4758],[108.76508,-7.4758],[108.76508,-7.47535],[108.76463,-7.47535],[108.76463,-7.47579],[108.76463,-7.4758],[108.76463,-7.47625],[108.76418,-7.47625],[108.76417,-7.47625],[108.76417,-7.4758],[108.76417,-7.47579],[108.76417,-7.47535],[108.76417,-7.47534],[108.76373,-7.47534],[108.76372,-7.47534],[108.76372,-7.47489],[108.76373,-7.47489],[108.76417,-7.47489],[108.76418,-7.47489],[108.76463,-7.47489],[108.76463,-7.47444],[108.76418,-7.47444],[108.76418,-7.47399],[108.76418,-7.47354],[108.76464,-7.47354],[108.76464,-7.47309],[108.76419,-7.47309],[108.76419,-7.47264],[108.76419,-7.47263],[108.76419,-7.47218],[108.76464,-7.47218],[108.76465,-7.47218],[108.76465,-7.47173],[108.7642,-7.47173],[108.76374,-7.47173],[108.76374,-7.47128],[108.7633,-7.47128],[108.7633,-7.47172],[108.7633,-7.47173],[108.76284,-7.47173],[108.76284,-7.47172],[108.76284,-7.47127],[108.76239,-7.47127],[108.76239,-7.47172],[108.76194,-7.47172],[108.76193,-7.47172],[108.76148,-7.47172],[108.76102,-7.47172],[108.76102,-7.47126],[108.76058,-7.47126],[108.76057,-7.47126],[108.76012,-7.47126],[108.76012,-7.47081],[108.76012,-7.4708],[108.76058,-7.4708],[108.76058,-7.47081],[108.76103,-7.47081],[108.76103,-7.47126],[108.76148,-7.47126],[108.76148,-7.47081],[108.76148,-7.47036],[108.76194,-7.47036],[108.7624,-7.47036],[108.7624,-7.47082],[108.76284,-7.47082],[108.76285,-7.47082],[108.76329,-7.47082],[108.7633,-7.47082],[108.76375,-7.47082],[108.76375,-7.47127],[108.7642,-7.47127],[108.7642,-7.47128],[108.76465,-7.47128],[108.76466,-7.47128],[108.76511,-7.47128],[108.76511,-7.47173],[108.76511,-7.47219],[108.7651,-7.47219],[108.7651,-7.47264],[108.76555,-7.47264],[108.76556,-7.47264],[108.766,-7.47264],[108.766,-7.47219],[108.76555,-7.47219],[108.76555,-7.47174],[108.76601,-7.47174],[108.76601,-7.47219],[108.76646,-7.47219],[108.76646,-7.47264],[108.76646,-7.47309],[108.76646,-7.4731],[108.76646,-7.47355],[108.76646,-7.474],[108.76645,-7.474],[108.76645,-7.47445],[108.7669,-7.47445],[108.76736,-7.47445],[108.76736,-7.47491],[108.76735,-7.47491],[108.76735,-7.47536],[108.76735,-7.47581],[108.76735,-7.47626],[108.7678,-7.47626],[108.7678,-7.47672],[108.76734,-7.47672],[108.76734,-7.47716],[108.76734,-7.47717],[108.76779,-7.47717],[108.76779,-7.47762],[108.76824,-7.47762],[108.76824,-7.47807],[108.76824,-7.47808],[108.76824,-7.47852],[108.76824,-7.47853],[108.76824,-7.47898],[108.76869,-7.47898],[108.76869,-7.47943],[108.76914,-7.47943],[108.76914,-7.47988],[108.76914,-7.47989],[108.76914,-7.48034],[108.76914,-7.48079],[108.76913,-7.48079],[108.76869,-7.48079],[108.76868,-7.48079],[108.76868,-7.48124],[108.76913,-7.48124],[108.76913,-7.48169],[108.76958,-7.48169],[108.76958,-7.48124],[108.77003,-7.48124],[108.77003,-7.4808],[108.77003,-7.48079],[108.77003,-7.48035],[108.77003,-7.48034],[108.77003,-7.47989],[108.77049,-7.47989],[108.77049,-7.47944],[108.77094,-7.47944],[108.77095,-7.47944],[108.7714,-7.47944],[108.7714,-7.4799],[108.77185,-7.4799],[108.77185,-7.47945],[108.77185,-7.479],[108.77231,-7.479],[108.77277,-7.479],[108.77277,-7.47945],[108.77307,-7.47945],[108.77321,-7.47945],[108.77321,-7.47942],[108.77321,-7.47913],[108.77321,-7.479],[108.77323,-7.479],[108.77367,-7.479],[108.77367,-7.47945],[108.77367,-7.47946],[108.77367,-7.47954],[108.77367,-7.47964],[108.77367,-7.47991],[108.77367,-7.48036],[108.77366,-7.48036],[108.77366,-7.48081],[108.77366,-7.48126],[108.77411,-7.48126],[108.77411,-7.48082],[108.77411,-7.48081],[108.77456,-7.48081],[108.77456,-7.48037],[108.77457,-7.48037],[108.77457,-7.47991],[108.77471,-7.47991],[108.77502,-7.47991],[108.77503,-7.47991],[108.77503,-7.48],[108.77503,-7.48037],[108.77524,-7.48037],[108.77533,-7.48037],[108.77547,-7.48037],[108.77548,-7.48037],[108.77548,-7.48082],[108.77547,-7.48082],[108.77527,-7.48082],[108.77518,-7.48082],[108.77502,-7.48082],[108.77502,-7.48127],[108.77512,-7.48127],[108.77522,-7.48127],[108.77547,-7.48127],[108.77547,-7.48172],[108.77547,-7.48173],[108.77516,-7.48173],[108.77501,-7.48173],[108.77501,-7.48177],[108.77501,-7.48217],[108.77501,-7.48218],[108.77456,-7.48218],[108.77456,-7.48262],[108.77501,-7.48262],[108.77501,-7.48263],[108.77545,-7.48263],[108.77546,-7.48263],[108.77546,-7.48218],[108.77591,-7.48218],[108.77591,-7.48173],[108.77592,-7.48173],[108.77592,-7.48128],[108.77637,-7.48128],[108.77638,-7.48128],[108.77682,-7.48128],[108.77682,-7.48083],[108.77637,-7.48083],[108.77637,-7.48038],[108.77637,-7.48037],[108.77683,-7.48037],[108.77683,-7.48038],[108.77728,-7.48038],[108.77728,-7.48083],[108.77728,-7.48128],[108.77683,-7.48128],[108.77683,-7.48173],[108.77727,-7.48173],[108.77728,-7.48173],[108.77773,-7.48173],[108.77773,-7.48174],[108.77817,-7.48174],[108.77818,-7.48174],[108.77863,-7.48174],[108.77863,-7.48219],[108.77907,-7.48219],[108.77908,-7.48219],[108.77953,-7.48219],[108.77953,-7.48175],[108.77998,-7.48175],[108.77999,-7.48175],[108.77999,-7.4813],[108.77954,-7.4813],[108.77954,-7.48084],[108.78,-7.48084],[108.78,-7.4813],[108.78044,-7.4813],[108.78045,-7.4813],[108.7809,-7.4813],[108.7809,-7.48175],[108.7809,-7.4822],[108.78135,-7.4822],[108.78135,-7.48221],[108.78179,-7.48221],[108.7818,-7.48221],[108.7818,-7.48176],[108.7818,-7.48131],[108.78226,-7.48131],[108.78226,-7.48176],[108.7827,-7.48176],[108.78271,-7.48176],[108.78316,-7.48176],[108.78316,-7.48221],[108.78316,-7.48222],[108.78361,-7.48222],[108.78361,-7.48267],[108.78316,-7.48267],[108.78315,-7.48267],[108.78271,-7.48267],[108.7827,-7.48267],[108.7827,-7.48312],[108.78225,-7.48312],[108.78225,-7.48357],[108.78224,-7.48357],[108.78224,-7.48402],[108.78178,-7.48402],[108.78178,-7.48356],[108.78179,-7.48356],[108.78179,-7.48311],[108.78134,-7.48311],[108.78134,-7.48266],[108.78089,-7.48266],[108.78089,-7.48311],[108.78089,-7.48356],[108.78088,-7.48356],[108.78088,-7.48401],[108.78043,-7.48401],[108.78043,-7.48446],[108.78043,-7.48452],[108.78043,-7.48491],[108.77998,-7.48491],[108.77953,-7.48491],[108.77952,-7.48491],[108.77908,-7.48491],[108.77907,-7.48491],[108.77862,-7.48491],[108.77862,-7.48535],[108.77862,-7.48536],[108.77816,-7.48536],[108.77816,-7.4858],[108.77816,-7.48581],[108.77771,-7.48581],[108.77771,-7.48625],[108.77816,-7.48625],[108.77816,-7.48671],[108.77861,-7.48671],[108.77861,-7.48716],[108.77815,-7.48716],[108.77769,-7.48716],[108.77769,-7.48671],[108.7777,-7.48671],[108.7777,-7.48625],[108.77725,-7.48625],[108.77725,-7.4858],[108.7777,-7.4858],[108.7777,-7.48535],[108.77771,-7.48535],[108.77771,-7.4849],[108.77771,-7.48445],[108.77816,-7.48445],[108.77817,-7.48445],[108.77862,-7.48445],[108.77862,-7.48443],[108.77862,-7.484],[108.77818,-7.484],[108.77817,-7.484],[108.77772,-7.484],[108.77772,-7.48355],[108.77772,-7.48354],[108.77772,-7.48309],[108.77727,-7.48309],[108.77727,-7.48354],[108.77681,-7.48354],[108.77681,-7.48309],[108.77637,-7.48309],[108.77636,-7.48309],[108.77591,-7.48309],[108.77591,-7.48308],[108.77546,-7.48308],[108.77546,-7.48353],[108.775,-7.48353],[108.775,-7.48398],[108.77545,-7.48398],[108.77545,-7.48415],[108.77545,-7.48443],[108.77545,-7.48444],[108.7759,-7.48444],[108.77635,-7.48444],[108.77636,-7.48444],[108.77681,-7.48444],[108.77681,-7.48489],[108.77681,-7.4849],[108.77635,-7.4849],[108.77635,-7.48534],[108.7768,-7.48534],[108.7768,-7.4858],[108.77634,-7.4858],[108.77634,-7.48534],[108.7759,-7.48534],[108.7759,-7.48579],[108.77589,-7.48579],[108.77589,-7.48624],[108.77589,-7.48625],[108.77589,-7.48669],[108.77589,-7.4867],[108.77589,-7.48715],[108.77544,-7.48715],[108.77544,-7.4867],[108.77544,-7.48669],[108.77544,-7.48625],[108.77544,-7.48624],[108.77544,-7.48579],[108.77544,-7.48534],[108.77499,-7.48534],[108.77499,-7.48579],[108.77459,-7.48579],[108.77457,-7.48579],[108.77454,-7.48579],[108.77454,-7.48534],[108.77409,-7.48534],[108.77409,-7.48533],[108.77409,-7.48488],[108.77454,-7.48488],[108.77454,-7.48443],[108.77409,-7.48443],[108.77364,-7.48443],[108.77364,-7.48488],[108.77364,-7.48533],[108.77319,-7.48533],[108.77319,-7.48555],[108.77319,-7.48565],[108.77319,-7.48578],[108.77273,-7.48578],[108.77273,-7.48556],[108.77273,-7.48547],[108.77273,-7.48533],[108.77318,-7.48533],[108.77318,-7.48488],[108.77318,-7.48443],[108.77274,-7.48443],[108.77273,-7.48443],[108.77273,-7.48442],[108.77228,-7.48442],[108.77228,-7.48397],[108.77184,-7.48397],[108.77184,-7.48442],[108.77183,-7.48442],[108.77183,-7.48487],[108.77183,-7.48532],[108.77137,-7.48532],[108.77137,-7.48487],[108.77092,-7.48487],[108.77092,-7.48442],[108.77092,-7.48441],[108.77047,-7.48441],[108.77047,-7.48396],[108.77003,-7.48396],[108.77002,-7.48396],[108.76957,-7.48396],[108.76957,-7.48441],[108.76911,-7.48441],[108.76911,-7.4844],[108.76866,-7.4844],[108.76821,-7.4844],[108.7682,-7.4844],[108.76775,-7.4844],[108.76775,-7.48485],[108.76775,-7.4853],[108.7673,-7.4853],[108.76685,-7.4853],[108.76684,-7.4853],[108.7664,-7.4853],[108.7664,-7.48574],[108.7664,-7.48575],[108.76594,-7.48575],[108.76594,-7.48574],[108.76549,-7.48574],[108.76548,-7.48574],[108.76504,-7.48574],[108.76503,-7.48574],[108.76503,-7.48619],[108.76458,-7.48619],[108.76457,-7.48619],[108.76412,-7.48619],[108.76412,-7.48573],[108.76367,-7.48573],[108.76367,-7.48528],[108.76322,-7.48528],[108.76322,-7.48573],[108.76277,-7.48573],[108.76277,-7.48618],[108.76231,-7.48618],[108.76231,-7.48573],[108.76231,-7.48572],[108.76276,-7.48572],[108.76276,-7.48527],[108.76322,-7.48527],[108.76322,-7.48483],[108.76277,-7.48483],[108.76277,-7.48437],[108.76322,-7.48437],[108.76323,-7.48437],[108.76368,-7.48437],[108.76368,-7.48483],[108.76413,-7.48483],[108.76459,-7.48483],[108.76459,-7.48528],[108.76503,-7.48528],[108.76503,-7.48484],[108.76503,-7.48483],[108.76504,-7.48483],[108.76504,-7.48438],[108.76459,-7.48438],[108.76459,-7.48393],[108.76505,-7.48393],[108.76505,-7.48438],[108.76549,-7.48438],[108.76549,-7.48394],[108.76549,-7.48393],[108.76549,-7.48348],[108.76549,-7.48303],[108.76549,-7.48258],[108.7655,-7.48258],[108.7655,-7.48213],[108.76595,-7.48213],[108.76596,-7.48213],[108.76641,-7.48213],[108.76641,-7.48168],[108.76686,-7.48168],[108.76686,-7.48135],[108.76686,-7.48123],[108.76669,-7.48123],[108.76641,-7.48123],[108.76641,-7.48103],[108.76641,-7.48078],[108.76687,-7.48078],[108.76687,-7.48033],[108.76732,-7.48033],[108.76733,-7.48033],[108.76778,-7.48033],[108.76778,-7.48078],[108.76778,-7.48123],[108.76822,-7.48123],[108.76822,-7.48079],[108.76822,-7.48078],[108.76823,-7.48078],[108.76823,-7.48034],[108.76823,-7.48033],[108.76823,-7.47988],[108.76778,-7.47988],[108.76733,-7.47988],[108.76733,-7.47943],[108.76688,-7.47943],[108.76688,-7.47987],[108.76688,-7.47988],[108.76642,-7.47988],[108.76642,-7.47987],[108.76597,-7.47987],[108.76597,-7.48032],[108.76597,-7.48069],[108.76597,-7.4807],[108.76597,-7.48077],[108.76551,-7.48077],[108.76506,-7.48077],[108.76506,-7.48122],[108.76505,-7.48122],[108.76505,-7.48167],[108.7646,-7.48167],[108.76459,-7.48167],[108.76415,-7.48167],[108.76414,-7.48167],[108.76414,-7.48122],[108.76414,-7.48077],[108.76369,-7.48077],[108.76369,-7.48076],[108.76369,-7.48031],[108.76325,-7.48031],[108.76324,-7.48031],[108.76279,-7.48031],[108.76279,-7.47986],[108.76279,-7.47985],[108.76235,-7.47985],[108.76234,-7.47985],[108.76189,-7.47985],[108.76144,-7.47985],[108.76144,-7.4794],[108.76099,-7.4794],[108.76099,-7.47939],[108.76054,-7.47939],[108.76009,-7.47939],[108.76009,-7.47894],[108.75964,-7.47894],[108.75964,-7.47862],[108.75964,-7.47849],[108.75964,-7.47848],[108.75923,-7.47848],[108.75919,-7.47848],[108.75919,-7.47893],[108.75919,-7.47938],[108.75873,-7.47938],[108.75873,-7.47893],[108.75828,-7.47893],[108.75782,-7.47893],[108.75782,-7.47847],[108.75783,-7.47847],[108.75783,-7.47802],[108.75738,-7.47802],[108.75738,-7.47785],[108.75738,-7.47757],[108.75783,-7.47757]],[[108.76462,-7.47896],[108.76462,-7.47941],[108.76506,-7.47941],[108.76506,-7.47896],[108.76507,-7.47896],[108.76507,-7.47851],[108.76462,-7.47851],[108.76462,-7.47896]],[[108.76465,-7.47264],[108.76465,-7.47309],[108.76509,-7.47309],[108.7651,-7.47309],[108.7651,-7.47264],[108.76465,-7.47264]],[[108.78043,-7.48356],[108.78043,-7.48311],[108.77998,-7.48311],[108.77998,-7.48355],[108.77998,-7.48356],[108.77998,-7.48401],[108.78043,-7.48401],[108.78043,-7.48356]],[[108.77953,-7.48401],[108.77953,-7.48445],[108.77953,-7.48446],[108.77998,-7.48446],[108.77998,-7.48401],[108.77953,-7.48401]],[[108.76641,-7.48258],[108.76685,-7.48258],[108.76685,-7.48213],[108.76641,-7.48213],[108.76641,-7.48258]],[[108.76687,-7.48123],[108.76731,-7.48123],[108.76732,-7.48123],[108.76732,-7.48078],[108.76687,-7.48078],[108.76687,-7.48123]],[[108.7732,-7.48171],[108.77365,-7.48171],[108.77365,-7.48127],[108.77365,-7.48126],[108.7732,-7.48126],[108.7732,-7.48171]],[[108.7732,-7.48081],[108.77275,-7.48081],[108.77275,-7.48126],[108.7732,-7.48126],[108.7732,-7.48081]],[[108.77275,-7.48036],[108.7723,-7.48036],[108.7723,-7.48035],[108.77185,-7.48035],[108.77185,-7.4808],[108.7714,-7.4808],[108.77139,-7.4808],[108.77094,-7.4808],[108.77094,-7.48125],[108.77049,-7.48125],[108.77049,-7.4817],[108.77048,-7.4817],[108.77004,-7.4817],[108.77003,-7.4817],[108.76958,-7.4817],[108.76958,-7.48214],[108.76958,-7.48215],[108.77003,-7.48215],[108.77048,-7.48215],[108.77049,-7.48215],[108.77049,-7.4826],[108.77093,-7.4826],[108.77093,-7.48215],[108.77138,-7.48215],[108.77138,-7.48171],[108.77138,-7.4817],[108.77138,-7.48125],[108.77139,-7.48125],[108.77184,-7.48125],[108.77229,-7.48125],[108.77229,-7.48081],[108.77275,-7.48081],[108.77275,-7.48036]],[[108.77274,-7.48307],[108.77274,-7.48352],[108.77319,-7.48352],[108.77319,-7.48367],[108.77319,-7.48397],[108.77364,-7.48397],[108.77364,-7.48385],[108.77371,-7.48386],[108.77371,-7.48385],[108.7737,-7.48385],[108.77369,-7.48385],[108.77368,-7.48385],[108.77367,-7.48385],[108.77364,-7.48384],[108.77364,-7.48379],[108.77364,-7.48353],[108.77364,-7.48352],[108.77364,-7.48307],[108.77319,-7.48307],[108.77274,-7.48307]],[[108.77368,-7.4838],[108.77368,-7.4838],[108.77364,-7.48379],[108.77368,-7.4838]],[[108.76462,-7.48031],[108.76506,-7.48031],[108.76506,-7.47987],[108.76461,-7.47987],[108.76461,-7.48031],[108.76462,-7.48031]],[[108.76326,-7.47896],[108.76326,-7.4794],[108.7637,-7.4794],[108.7637,-7.47896],[108.76326,-7.47896]],[[108.76458,-7.48528],[108.76413,-7.48528],[108.76413,-7.48573],[108.76458,-7.48573],[108.76458,-7.48528]],[[108.76823,-7.48124],[108.76823,-7.48169],[108.76867,-7.48169],[108.76867,-7.48124],[108.76823,-7.48124]],[[108.76821,-7.48394],[108.76821,-7.48395],[108.76866,-7.48395],[108.76866,-7.4835],[108.76911,-7.4835],[108.76912,-7.4835],[108.76912,-7.48305],[108.76867,-7.48305],[108.76866,-7.48305],[108.76822,-7.48305],[108.76822,-7.4835],[108.76776,-7.4835],[108.76776,-7.48394],[108.76821,-7.48394]],[[108.76639,-7.48439],[108.76639,-7.48394],[108.76595,-7.48394],[108.76595,-7.48439],[108.76639,-7.48439]],[[108.76776,-7.48304],[108.76731,-7.48304],[108.76731,-7.48349],[108.76776,-7.48349],[108.76776,-7.48304]],[[108.76595,-7.48484],[108.76595,-7.48529],[108.76639,-7.48529],[108.76639,-7.48484],[108.76595,-7.48484]],[[108.7673,-7.48439],[108.76775,-7.48439],[108.76775,-7.48395],[108.7673,-7.48395],[108.7673,-7.48439]],[[108.76689,-7.47581],[108.76644,-7.47581],[108.76644,-7.47536],[108.76644,-7.47535],[108.76644,-7.47491],[108.76644,-7.4749],[108.76644,-7.47445],[108.766,-7.47445],[108.76599,-7.47445],[108.76554,-7.47445],[108.76554,-7.4749],[108.76599,-7.4749],[108.76599,-7.47535],[108.76554,-7.47535],[108.76554,-7.4758],[108.76599,-7.4758],[108.76599,-7.47626],[108.76644,-7.47626],[108.76644,-7.47671],[108.76688,-7.47671],[108.76689,-7.47671],[108.76734,-7.47671],[108.76734,-7.47626],[108.76689,-7.47626],[108.76689,-7.47581]],[[108.76688,-7.47897],[108.76733,-7.47897],[108.76733,-7.47852],[108.76733,-7.47807],[108.76688,-7.47807],[108.76688,-7.47852],[108.76688,-7.47897]],[[108.76689,-7.47758],[108.76688,-7.47758],[108.76687,-7.47758],[108.76687,-7.4774],[108.76643,-7.4774],[108.76633,-7.4774],[108.76633,-7.47761],[108.76633,-7.47794],[108.76615,-7.47794],[108.76615,-7.47806],[108.76615,-7.47807],[108.76615,-7.4783],[108.76643,-7.4783],[108.76669,-7.4783],[108.76669,-7.47812],[108.76687,-7.47812],[108.76687,-7.47807],[108.76687,-7.47794],[108.76688,-7.47794],[108.76705,-7.47794],[108.76705,-7.47762],[108.76705,-7.47758],[108.76689,-7.47758]],[[108.76509,-7.47444],[108.76554,-7.47444],[108.76554,-7.474],[108.76509,-7.474],[108.76509,-7.47444]],[[108.766,-7.47399],[108.766,-7.47355],[108.76555,-7.47355],[108.76555,-7.47399],[108.766,-7.47399]],[[108.77273,-7.48262],[108.77229,-7.48262],[108.77229,-7.48306],[108.77273,-7.48306],[108.77273,-7.48262]],[[108.77139,-7.48035],[108.77139,-7.4799],[108.77095,-7.4799],[108.77095,-7.48035],[108.77139,-7.48035]],[[108.77275,-7.4799],[108.77276,-7.4799],[108.77276,-7.47945],[108.77231,-7.47945],[108.77231,-7.4799],[108.77275,-7.4799]],[[108.77682,-7.48218],[108.77637,-7.48218],[108.77637,-7.48263],[108.77682,-7.48263],[108.77682,-7.48219],[108.77682,-7.48218]],[[108.77404,-7.48164],[108.77403,-7.48172],[108.77396,-7.48217],[108.77393,-7.48239],[108.77397,-7.48217],[108.77404,-7.48172],[108.77408,-7.48152],[108.77404,-7.48164]],[[108.77545,-7.48534],[108.77589,-7.48534],[108.77589,-7.48489],[108.77545,-7.48489],[108.77545,-7.48534]],[[108.77483,-7.48425],[108.77484,-7.48424],[108.77484,-7.48423],[108.77485,-7.48422],[108.77492,-7.48413],[108.77486,-7.4841],[108.77484,-7.4841],[108.77479,-7.48443],[108.77472,-7.48489],[108.77472,-7.48489],[108.77466,-7.48533],[108.77474,-7.48534],[108.77474,-7.48533],[108.77474,-7.48533],[108.77478,-7.48488],[108.77478,-7.48488],[108.77482,-7.48443],[108.77483,-7.48425]],[[108.77372,-7.48386],[108.77372,-7.48386],[108.77372,-7.48386],[108.77372,-7.48386]],[[108.77817,-7.48219],[108.77773,-7.48219],[108.77773,-7.48264],[108.77773,-7.48309],[108.77817,-7.48309],[108.77817,-7.48264],[108.77862,-7.48264],[108.77862,-7.48219],[108.77818,-7.48219],[108.77817,-7.48219]],[[108.77907,-7.4831],[108.77907,-7.48265],[108.77863,-7.48265],[108.77863,-7.48309],[108.77863,-7.4831],[108.77863,-7.48355],[108.77863,-7.484],[108.77907,-7.484],[108.77907,-7.48355],[108.77907,-7.4831]],[[108.78224,-7.48311],[108.78224,-7.48266],[108.7818,-7.48266],[108.7818,-7.48311],[108.78224,-7.48311]]],[[[108.75784,-7.47666],[108.75784,-7.47667],[108.75784,-7.47712],[108.75738,-7.47712],[108.75738,-7.47667],[108.75738,-7.47666],[108.75738,-7.47621],[108.75784,-7.47621],[108.75784,-7.47666]]],[[[108.75557,-7.47666],[108.75557,-7.47665],[108.75569,-7.47665],[108.75603,-7.47665],[108.75603,-7.47666],[108.75603,-7.47711],[108.75557,-7.47711],[108.75557,-7.47687],[108.75557,-7.47666]]],[[[108.74824,-7.47662],[108.74833,-7.47662],[108.74833,-7.47707],[108.74787,-7.47707],[108.74787,-7.47662],[108.74824,-7.47662]]],[[[108.75241,-7.47619],[108.75241,-7.47664],[108.75195,-7.47664],[108.75195,-7.47619],[108.75195,-7.47618],[108.75241,-7.47618],[108.75241,-7.47619]]],[[[108.75331,-7.47574],[108.75316,-7.47574],[108.75316,-7.47542],[108.75298,-7.47542],[108.75298,-7.47529],[108.75332,-7.47529],[108.75332,-7.47484],[108.75377,-7.47484],[108.75377,-7.47439],[108.75423,-7.47439],[108.75423,-7.47484],[108.75378,-7.47484],[108.75378,-7.47529],[108.75423,-7.47529],[108.75423,-7.47574],[108.75467,-7.47574],[108.75467,-7.47575],[108.75467,-7.4762],[108.75421,-7.4762],[108.75421,-7.47575],[108.75377,-7.47575],[108.75377,-7.47619],[108.75331,-7.47619],[108.75331,-7.47574]],[[108.75332,-7.47574],[108.75377,-7.47574],[108.75377,-7.47529],[108.75332,-7.47529],[108.75332,-7.47574]]],[[[108.73847,-7.47527],[108.73847,-7.47521],[108.73883,-7.47521],[108.73883,-7.47567],[108.73928,-7.47567],[108.73917,-7.47576],[108.7389,-7.47592],[108.73882,-7.47594],[108.73882,-7.47567],[108.73837,-7.47567],[108.73837,-7.47563],[108.73847,-7.47527]]],[[[108.75105,-7.47483],[108.75105,-7.47437],[108.75151,-7.47437],[108.75151,-7.47438],[108.75196,-7.47438],[108.75242,-7.47438],[108.75242,-7.47483],[108.75287,-7.47483],[108.75287,-7.47524],[108.75244,-7.47524],[108.75244,-7.47528],[108.75244,-7.47529],[108.75244,-7.47574],[108.75241,-7.47574],[108.75241,-7.47529],[108.75241,-7.47528],[108.75196,-7.47528],[108.75196,-7.47483],[108.75151,-7.47483],[108.7515,-7.47483],[108.75105,-7.47483]]],[[[108.74743,-7.47571],[108.74743,-7.47526],[108.74789,-7.47526],[108.74789,-7.47535],[108.74788,-7.47535],[108.74788,-7.47571],[108.74743,-7.47571]]],[[[108.74608,-7.4757],[108.74562,-7.4757],[108.74562,-7.47525],[108.74608,-7.47525],[108.74608,-7.4757]]],[[[108.74426,-7.47524],[108.74426,-7.47569],[108.74381,-7.47569],[108.7438,-7.47569],[108.7438,-7.47524],[108.74381,-7.47524],[108.74426,-7.47524]]],[[[108.7411,-7.47523],[108.74155,-7.47523],[108.74155,-7.47528],[108.74109,-7.47526],[108.74109,-7.47523],[108.74087,-7.47523],[108.74064,-7.47515],[108.74064,-7.47477],[108.7411,-7.47477],[108.7411,-7.47523]]],[[[108.75514,-7.47439],[108.75514,-7.47485],[108.75513,-7.47485],[108.75468,-7.47485],[108.75468,-7.47439],[108.75513,-7.47439],[108.75514,-7.47439]]],[[[108.74653,-7.47435],[108.74653,-7.4739],[108.74609,-7.4739],[108.74608,-7.4739],[108.74563,-7.4739],[108.74563,-7.47344],[108.74608,-7.47344],[108.74608,-7.47299],[108.74564,-7.47299],[108.74563,-7.47299],[108.74519,-7.47299],[108.74518,-7.47299],[108.74473,-7.47299],[108.74473,-7.47254],[108.74473,-7.47253],[108.74473,-7.47208],[108.74519,-7.47208],[108.74519,-7.47253],[108.74519,-7.47254],[108.74563,-7.47254],[108.74564,-7.47254],[108.74609,-7.47254],[108.74609,-7.47299],[108.74654,-7.47299],[108.74699,-7.47299],[108.74699,-7.473],[108.74744,-7.473],[108.74744,-7.47345],[108.74789,-7.47345],[108.7479,-7.47345],[108.7479,-7.4739],[108.7479,-7.47391],[108.74789,-7.47391],[108.74744,-7.47391],[108.74744,-7.47435],[108.74744,-7.47436],[108.74699,-7.47436],[108.74699,-7.4748],[108.74653,-7.4748],[108.74653,-7.47435]],[[108.74698,-7.4739],[108.74699,-7.4739],[108.74699,-7.47345],[108.74654,-7.47345],[108.74654,-7.4739],[108.74698,-7.4739]]],[[[108.74381,-7.47388],[108.74427,-7.47388],[108.74427,-7.47344],[108.74427,-7.47343],[108.74473,-7.47343],[108.74473,-7.47344],[108.74473,-7.47389],[108.74518,-7.47389],[108.74518,-7.47434],[108.74472,-7.47434],[108.74472,-7.47389],[108.74427,-7.47389],[108.74427,-7.47434],[108.74381,-7.47434],[108.74381,-7.47389],[108.74381,-7.47388]]],[[[108.7411,-7.47432],[108.7411,-7.47387],[108.74155,-7.47387],[108.74156,-7.47387],[108.74156,-7.47432],[108.74156,-7.47433],[108.74155,-7.47433],[108.7411,-7.47433],[108.7411,-7.47432]]],[[[108.75378,-7.47348],[108.75423,-7.47348],[108.75423,-7.47303],[108.75468,-7.47303],[108.75469,-7.47303],[108.75469,-7.47304],[108.75513,-7.47304],[108.75514,-7.47304],[108.75559,-7.47304],[108.75559,-7.47349],[108.75514,-7.47349],[108.75513,-7.47349],[108.75469,-7.47349],[108.75469,-7.47394],[108.75468,-7.47394],[108.75424,-7.47394],[108.75423,-7.47394],[108.75378,-7.47394],[108.75378,-7.47348]]],[[[108.75831,-7.47305],[108.75876,-7.47305],[108.75876,-7.47306],[108.75876,-7.47351],[108.7583,-7.47351],[108.7583,-7.47306],[108.75786,-7.47306],[108.75786,-7.4735],[108.7574,-7.4735],[108.7574,-7.47305],[108.7574,-7.4726],[108.75785,-7.4726],[108.75786,-7.4726],[108.75831,-7.4726],[108.75831,-7.47305]]],[[[108.75637,-7.4735],[108.75604,-7.4735],[108.75604,-7.47304],[108.75627,-7.47304],[108.7565,-7.47304],[108.7565,-7.4735],[108.75637,-7.4735]]],[[[108.74428,-7.47253],[108.74382,-7.47253],[108.74382,-7.47208],[108.74428,-7.47208],[108.74428,-7.47253]]],[[[108.74338,-7.47253],[108.74292,-7.47253],[108.74246,-7.47253],[108.74246,-7.47252],[108.74246,-7.47207],[108.74201,-7.47207],[108.74201,-7.47162],[108.74247,-7.47162],[108.74247,-7.47207],[108.74292,-7.47207],[108.74338,-7.47207],[108.74338,-7.47253]]],[[[108.75333,-7.47167],[108.75333,-7.47122],[108.75379,-7.47122],[108.75379,-7.47168],[108.75333,-7.47168],[108.75333,-7.47213],[108.75288,-7.47213],[108.75288,-7.47167],[108.75333,-7.47167]]],[[[108.74744,-7.47164],[108.74745,-7.47164],[108.7479,-7.47164],[108.7479,-7.4721],[108.74745,-7.4721],[108.74744,-7.4721],[108.74699,-7.4721],[108.74699,-7.47164],[108.74744,-7.47164]]],[[[108.75108,-7.47076],[108.75108,-7.47121],[108.75062,-7.47121],[108.75062,-7.47076],[108.75108,-7.47076]]],[[[108.74972,-7.46894],[108.74972,-7.46849],[108.74973,-7.46849],[108.75018,-7.46849],[108.75018,-7.46805],[108.75018,-7.46804],[108.74973,-7.46804],[108.74973,-7.46759],[108.74973,-7.46714],[108.74973,-7.46669],[108.74974,-7.46669],[108.74974,-7.46624],[108.74974,-7.46623],[108.7502,-7.46623],[108.7502,-7.46624],[108.7502,-7.46669],[108.75019,-7.46669],[108.75019,-7.46714],[108.75019,-7.46759],[108.75064,-7.46759],[108.75064,-7.46804],[108.75064,-7.46805],[108.75064,-7.4685],[108.75018,-7.4685],[108.75018,-7.46894],[108.75018,-7.46895],[108.75063,-7.46895],[108.75063,-7.4694],[108.75063,-7.46985],[108.75018,-7.46985],[108.75018,-7.4703],[108.74973,-7.4703],[108.74973,-7.47075],[108.75018,-7.47075],[108.75018,-7.47121],[108.74972,-7.47121],[108.74972,-7.4712],[108.74926,-7.4712],[108.74926,-7.47075],[108.74927,-7.47075],[108.74927,-7.4703],[108.74972,-7.4703],[108.74972,-7.46985],[108.74972,-7.4694],[108.74927,-7.4694],[108.74927,-7.46894],[108.74972,-7.46894]]],[[[108.73931,-7.4707],[108.73931,-7.47115],[108.73885,-7.47115],[108.73885,-7.4707],[108.73931,-7.4707]]],[[[108.75832,-7.46989],[108.75832,-7.47034],[108.75787,-7.47034],[108.75742,-7.47034],[108.75742,-7.46989],[108.75787,-7.46989],[108.75832,-7.46989]]],[[[108.74475,-7.46937],[108.74475,-7.46982],[108.74429,-7.46982],[108.74429,-7.46937],[108.74475,-7.46937]]],[[[108.75833,-7.46808],[108.75879,-7.46808],[108.75879,-7.46854],[108.75833,-7.46854],[108.75833,-7.46899],[108.75833,-7.46944],[108.75787,-7.46944],[108.75787,-7.46899],[108.75742,-7.46899],[108.75742,-7.46898],[108.75697,-7.46898],[108.75696,-7.46898],[108.75696,-7.46853],[108.75697,-7.46853],[108.75742,-7.46853],[108.75787,-7.46853],[108.75788,-7.46853],[108.75833,-7.46853],[108.75833,-7.46808]]],[[[108.7529,-7.46851],[108.7529,-7.46896],[108.75244,-7.46896],[108.75244,-7.46851],[108.7529,-7.46851]]],[[[108.74656,-7.46848],[108.74656,-7.46893],[108.7461,-7.46893],[108.7461,-7.46848],[108.7461,-7.46847],[108.74656,-7.46847],[108.74656,-7.46848]]],[[[108.75653,-7.46582],[108.75608,-7.46582],[108.75608,-7.46536],[108.75653,-7.46536],[108.75653,-7.46491],[108.75654,-7.46491],[108.75654,-7.46446],[108.75654,-7.46401],[108.757,-7.46401],[108.757,-7.46446],[108.757,-7.46492],[108.75699,-7.46492],[108.75699,-7.46537],[108.75744,-7.46537],[108.75744,-7.46492],[108.75744,-7.46447],[108.7579,-7.46447],[108.7579,-7.46492],[108.7579,-7.46537],[108.75835,-7.46537],[108.75835,-7.46582],[108.75835,-7.46583],[108.75835,-7.46628],[108.75789,-7.46628],[108.75744,-7.46628],[108.75744,-7.46672],[108.75744,-7.46673],[108.75744,-7.46718],[108.75788,-7.46718],[108.75788,-7.46673],[108.75834,-7.46673],[108.75834,-7.46718],[108.75789,-7.46718],[108.75789,-7.46763],[108.75743,-7.46763],[108.75743,-7.46718],[108.75698,-7.46718],[108.75698,-7.46673],[108.75698,-7.46672],[108.75698,-7.46627],[108.75653,-7.46627],[108.75653,-7.46582]]],[[[108.74657,-7.46758],[108.74657,-7.46757],[108.74611,-7.46757],[108.74611,-7.46712],[108.74657,-7.46712],[108.74702,-7.46712],[108.74703,-7.46712],[108.74703,-7.46758],[108.74702,-7.46758],[108.74657,-7.46758]]],[[[108.75653,-7.46717],[108.75607,-7.46717],[108.75607,-7.46672],[108.75653,-7.46672],[108.75653,-7.46717]]],[[[108.74567,-7.46666],[108.74567,-7.46712],[108.74521,-7.46712],[108.74521,-7.46666],[108.74567,-7.46666]]],[[[108.74468,-7.46711],[108.7443,-7.46711],[108.7443,-7.46666],[108.74476,-7.46666],[108.74476,-7.46697],[108.74468,-7.46697],[108.74468,-7.46711]]],[[[108.74703,-7.46622],[108.74703,-7.46667],[108.74702,-7.46667],[108.74657,-7.46667],[108.74657,-7.46622],[108.74702,-7.46622],[108.74703,-7.46622]]],[[[108.74929,-7.46533],[108.74884,-7.46533],[108.74884,-7.46488],[108.74884,-7.46487],[108.74929,-7.46487],[108.74929,-7.46443],[108.74929,-7.46442],[108.74975,-7.46442],[108.74975,-7.46443],[108.75021,-7.46443],[108.75021,-7.46488],[108.74975,-7.46488],[108.74975,-7.46533],[108.7502,-7.46533],[108.75066,-7.46533],[108.75066,-7.46579],[108.7502,-7.46579],[108.74974,-7.46579],[108.74974,-7.46578],[108.74974,-7.46533],[108.7493,-7.46533],[108.74929,-7.46533]]],[[[108.75518,-7.46491],[108.75518,-7.46536],[108.75472,-7.46536],[108.75472,-7.46491],[108.75472,-7.4649],[108.75518,-7.4649],[108.75518,-7.46491]]],[[[108.75201,-7.46444],[108.75156,-7.46444],[108.75156,-7.46399],[108.75156,-7.46398],[108.75201,-7.46398],[108.75201,-7.46399],[108.75201,-7.46444]]],[[[108.7407,-7.46393],[108.7407,-7.46438],[108.74024,-7.46438],[108.74024,-7.46393],[108.7407,-7.46393]]],[[[108.75383,-7.464],[108.75337,-7.464],[108.75337,-7.46399],[108.75292,-7.46399],[108.75292,-7.46354],[108.75292,-7.46309],[108.75337,-7.46309],[108.75338,-7.46309],[108.75383,-7.46309],[108.75383,-7.46354],[108.75383,-7.46355],[108.75383,-7.464]]],[[[108.74886,-7.46397],[108.7484,-7.46397],[108.7484,-7.46352],[108.74886,-7.46352],[108.74886,-7.46397]]],[[[108.75745,-7.46356],[108.757,-7.46356],[108.757,-7.46311],[108.75745,-7.46311],[108.75745,-7.46356]]],[[[108.7398,-7.46302],[108.7398,-7.46347],[108.73934,-7.46347],[108.73934,-7.46302],[108.7398,-7.46302]]],[[[108.75655,-7.46311],[108.7561,-7.46311],[108.7561,-7.46265],[108.75655,-7.46265],[108.75655,-7.46311]]],[[[108.7552,-7.4631],[108.75519,-7.4631],[108.75474,-7.4631],[108.75474,-7.46265],[108.75484,-7.46265],[108.7552,-7.46265],[108.7552,-7.46269],[108.7552,-7.4631]]],[[[108.7475,-7.46261],[108.7475,-7.46306],[108.74704,-7.46306],[108.74704,-7.46261],[108.7475,-7.46261]]],[[[108.74071,-7.46257],[108.74071,-7.46303],[108.74025,-7.46303],[108.74025,-7.46257],[108.74071,-7.46257]]],[[[108.75384,-7.46264],[108.75338,-7.46264],[108.75338,-7.46219],[108.75384,-7.46219],[108.75384,-7.46264]]],[[[108.75248,-7.46263],[108.75202,-7.46263],[108.75202,-7.46218],[108.75248,-7.46218],[108.75248,-7.46263]]],[[[108.7561,-7.46175],[108.7561,-7.4613],[108.75655,-7.4613],[108.75656,-7.4613],[108.75662,-7.4613],[108.75669,-7.46164],[108.75674,-7.46175],[108.75656,-7.46175],[108.75655,-7.46175],[108.7561,-7.46175]]],[[[108.73981,-7.46122],[108.73981,-7.46121],[108.74026,-7.46121],[108.74027,-7.46121],[108.74027,-7.46122],[108.74027,-7.46167],[108.74026,-7.46167],[108.73981,-7.46167],[108.73981,-7.46122]]],[[[108.75385,-7.46129],[108.75339,-7.46129],[108.75339,-7.46083],[108.75385,-7.46083],[108.75385,-7.46129]]],[[[108.74615,-7.46079],[108.7466,-7.46079],[108.74661,-7.46079],[108.74661,-7.4608],[108.74661,-7.46125],[108.7466,-7.46125],[108.74615,-7.46125],[108.74615,-7.4608],[108.74615,-7.46079]]],[[[108.74117,-7.46077],[108.74117,-7.46122],[108.74072,-7.46122],[108.74071,-7.46122],[108.74071,-7.46077],[108.74072,-7.46077],[108.74117,-7.46077]]],[[[108.74887,-7.4599],[108.74887,-7.46036],[108.74841,-7.46036],[108.74841,-7.4599],[108.74887,-7.4599]]],[[[108.74163,-7.45987],[108.74163,-7.46032],[108.74117,-7.46032],[108.74117,-7.45987],[108.74163,-7.45987]]],[[[108.74072,-7.45986],[108.74027,-7.45986],[108.74026,-7.45986],[108.74026,-7.45941],[108.74027,-7.45941],[108.74072,-7.45941],[108.74072,-7.45986]]],[[[108.74662,-7.45763],[108.74662,-7.45809],[108.74707,-7.45809],[108.74707,-7.45854],[108.74707,-7.45899],[108.74706,-7.45899],[108.74706,-7.45944],[108.74661,-7.45944],[108.7466,-7.45944],[108.74615,-7.45944],[108.74615,-7.45899],[108.74615,-7.45854],[108.74661,-7.45854],[108.74661,-7.45809],[108.74616,-7.45809],[108.74616,-7.45763],[108.74662,-7.45763]]],[[[108.74254,-7.45897],[108.74254,-7.45942],[108.74208,-7.45942],[108.74208,-7.45897],[108.74254,-7.45897]]],[[[108.7516,-7.45856],[108.7516,-7.45902],[108.75159,-7.45902],[108.75114,-7.45902],[108.75114,-7.45856],[108.75159,-7.45856],[108.7516,-7.45856]]],[[[108.75024,-7.45901],[108.74978,-7.45901],[108.74978,-7.45856],[108.74978,-7.45855],[108.75024,-7.45855],[108.75024,-7.45856],[108.75024,-7.45901]]],[[[108.74518,-7.45843],[108.74519,-7.45837],[108.74521,-7.45824],[108.74525,-7.45818],[108.74526,-7.45818],[108.74526,-7.45853],[108.74525,-7.45853],[108.74508,-7.45853],[108.74518,-7.45843]]],[[[108.74291,-7.45807],[108.743,-7.45821],[108.743,-7.45852],[108.74254,-7.45852],[108.74254,-7.45807],[108.74254,-7.45761],[108.74264,-7.45761],[108.74264,-7.45768],[108.74284,-7.45795],[108.74291,-7.45807]]],[[[108.74119,-7.45851],[108.74073,-7.45851],[108.74073,-7.45806],[108.74119,-7.45806],[108.74119,-7.45851]]],[[[108.74571,-7.45747],[108.74571,-7.45763],[108.74561,-7.45763],[108.74564,-7.45759],[108.74571,-7.45747]]],[[[108.74662,-7.45718],[108.74616,-7.45718],[108.74616,-7.45673],[108.74662,-7.45673],[108.74662,-7.45718]]],[[[108.7408,-7.4558],[108.74079,-7.45577],[108.74075,-7.45564],[108.74109,-7.45569],[108.7412,-7.45573],[108.74136,-7.4558],[108.7412,-7.4558],[108.74119,-7.4558],[108.7408,-7.4558]]],[[[108.76366,-7.48844],[108.76366,-7.48889],[108.76321,-7.48889],[108.76321,-7.48844],[108.76366,-7.48844]]],[[[108.76502,-7.48755],[108.76457,-7.48755],[108.76457,-7.48799],[108.76457,-7.488],[108.76411,-7.488],[108.76411,-7.48799],[108.76411,-7.48754],[108.76366,-7.48754],[108.76366,-7.48709],[108.76412,-7.48709],[108.76412,-7.48754],[108.76456,-7.48754],[108.76456,-7.48709],[108.76502,-7.48709],[108.76502,-7.48755]]],[[[108.76276,-7.48663],[108.76321,-7.48663],[108.76321,-7.48708],[108.76321,-7.48709],[108.76321,-7.48753],[108.76321,-7.48754],[108.76321,-7.48799],[108.76276,-7.48799],[108.76276,-7.48754],[108.76276,-7.48753],[108.76231,-7.48753],[108.76231,-7.48708],[108.76276,-7.48708],[108.76276,-7.48663]]],[[[108.76186,-7.48753],[108.76186,-7.48798],[108.7614,-7.48798],[108.7614,-7.48753],[108.7614,-7.48708],[108.7614,-7.48707],[108.76186,-7.48707],[108.76186,-7.48708],[108.76186,-7.48753]]],[[[108.76095,-7.48752],[108.76095,-7.48798],[108.76049,-7.48798],[108.76049,-7.48752],[108.76095,-7.48752]]],[[[108.76141,-7.48662],[108.76096,-7.48662],[108.76096,-7.48617],[108.76141,-7.48617],[108.76141,-7.48662]]],[[[108.76096,-7.48526],[108.76096,-7.48572],[108.76051,-7.48572],[108.7605,-7.48572],[108.7605,-7.48526],[108.76051,-7.48526],[108.76096,-7.48526]]],[[[108.76232,-7.48437],[108.76232,-7.48482],[108.76187,-7.48482],[108.76186,-7.48482],[108.76141,-7.48482],[108.76141,-7.48437],[108.76141,-7.48436],[108.76187,-7.48436],[108.76187,-7.48437],[108.76232,-7.48437]]],[[[108.76096,-7.48436],[108.76096,-7.48481],[108.76058,-7.48481],[108.76068,-7.48447],[108.76051,-7.48456],[108.76051,-7.48457],[108.76012,-7.48481],[108.76006,-7.48481],[108.76005,-7.48481],[108.76005,-7.48436],[108.76006,-7.48436],[108.7605,-7.48436],[108.76051,-7.48436],[108.76096,-7.48436]]],[[[108.76144,-7.48165],[108.76144,-7.48211],[108.76098,-7.48211],[108.76098,-7.48165],[108.76144,-7.48165]]],[[[108.7637,-7.48167],[108.76369,-7.48167],[108.76324,-7.48167],[108.76324,-7.48121],[108.76369,-7.48121],[108.7637,-7.48121],[108.7637,-7.48167]]],[[[108.76417,-7.4776],[108.76417,-7.47805],[108.76371,-7.47805],[108.76371,-7.4776],[108.76417,-7.4776]]],[[[108.75919,-7.47758],[108.75874,-7.47758],[108.75873,-7.47758],[108.75873,-7.47712],[108.75874,-7.47712],[108.75919,-7.47712],[108.75919,-7.47758]]],[[[108.76327,-7.47534],[108.76328,-7.47534],[108.76328,-7.47579],[108.76328,-7.47624],[108.76327,-7.47624],[108.76327,-7.47669],[108.76282,-7.47669],[108.76282,-7.47714],[108.76236,-7.47714],[108.76236,-7.47669],[108.76281,-7.47669],[108.76281,-7.47624],[108.76282,-7.47624],[108.76282,-7.47579],[108.76282,-7.47534],[108.76327,-7.47534]]],[[[108.75874,-7.47622],[108.75874,-7.47667],[108.75829,-7.47667],[108.75828,-7.47667],[108.75828,-7.47622],[108.75829,-7.47622],[108.75874,-7.47622]]],[[[108.76192,-7.47623],[108.76192,-7.47624],[108.76146,-7.47624],[108.76146,-7.47623],[108.76146,-7.47578],[108.76192,-7.47578],[108.76192,-7.47623]]],[[[108.76193,-7.47488],[108.76192,-7.47488],[108.76147,-7.47488],[108.76147,-7.47443],[108.76192,-7.47443],[108.76193,-7.47443],[108.76193,-7.47488]]],[[[108.75832,-7.47125],[108.75787,-7.47125],[108.75787,-7.47079],[108.75832,-7.47079],[108.75832,-7.47125]]],[[[108.75923,-7.4699],[108.75923,-7.47035],[108.75877,-7.47035],[108.75877,-7.4699],[108.75877,-7.46989],[108.75923,-7.46989],[108.75923,-7.4699]]],[[[108.76421,-7.46992],[108.76376,-7.46992],[108.76376,-7.46947],[108.76421,-7.46947],[108.76421,-7.46992]]],[[[108.75923,-7.46899],[108.75923,-7.46944],[108.75923,-7.46945],[108.75877,-7.46945],[108.75877,-7.46944],[108.75877,-7.46899],[108.75923,-7.46899]]],[[[108.76014,-7.46809],[108.7606,-7.46809],[108.7606,-7.4681],[108.76105,-7.4681],[108.7615,-7.4681],[108.76151,-7.4681],[108.76151,-7.46855],[108.7615,-7.46855],[108.76105,-7.46855],[108.7606,-7.46855],[108.7606,-7.469],[108.76014,-7.469],[108.75968,-7.469],[108.75968,-7.46854],[108.76014,-7.46854],[108.76014,-7.4681],[108.76014,-7.46809]]],[[[108.7633,-7.46857],[108.7633,-7.46856],[108.7633,-7.46811],[108.76331,-7.46811],[108.76376,-7.46811],[108.76376,-7.46856],[108.76376,-7.46857],[108.76331,-7.46857],[108.7633,-7.46857]]],[[[108.76286,-7.4672],[108.76286,-7.46721],[108.76286,-7.46766],[108.76241,-7.46766],[108.76241,-7.46811],[108.76196,-7.46811],[108.76195,-7.46811],[108.76195,-7.46765],[108.76196,-7.46765],[108.7624,-7.46765],[108.7624,-7.46721],[108.7624,-7.4672],[108.7624,-7.46675],[108.76241,-7.46675],[108.76286,-7.46675],[108.76286,-7.4672]]],[[[108.7597,-7.46764],[108.7597,-7.46809],[108.75924,-7.46809],[108.75924,-7.46764],[108.7597,-7.46764]]],[[[108.76331,-7.46766],[108.76331,-7.46721],[108.76376,-7.46721],[108.76377,-7.46721],[108.76422,-7.46721],[108.76422,-7.46766],[108.76377,-7.46766],[108.76376,-7.46766],[108.76331,-7.46766]]],[[[108.76468,-7.46676],[108.76468,-7.46721],[108.76422,-7.46721],[108.76422,-7.46676],[108.76468,-7.46676]]],[[[108.76196,-7.4672],[108.76151,-7.4672],[108.7615,-7.4672],[108.7615,-7.46675],[108.76106,-7.46675],[108.76105,-7.46675],[108.76105,-7.46629],[108.76106,-7.46629],[108.76151,-7.46629],[108.76151,-7.46675],[108.76196,-7.46675],[108.76196,-7.4672]]],[[[108.75925,-7.46583],[108.75925,-7.46628],[108.75879,-7.46628],[108.75879,-7.46583],[108.75925,-7.46583]]],[[[108.76061,-7.46538],[108.76061,-7.46584],[108.76015,-7.46584],[108.76015,-7.46538],[108.76061,-7.46538]]],[[[108.75925,-7.46403],[108.75925,-7.46357],[108.75939,-7.46357],[108.75971,-7.46365],[108.75971,-7.46403],[108.75925,-7.46403]]],[[[108.76728,-7.48936],[108.76728,-7.48982],[108.76682,-7.48982],[108.76682,-7.49026],[108.76682,-7.49027],[108.76637,-7.49027],[108.76637,-7.49057],[108.76636,-7.49057],[108.76632,-7.49056],[108.76591,-7.4903],[108.76591,-7.49026],[108.76593,-7.49026],[108.76636,-7.49026],[108.76636,-7.48981],[108.76637,-7.48981],[108.76682,-7.48981],[108.76682,-7.48936],[108.76728,-7.48936]]],[[[108.76637,-7.48891],[108.76637,-7.48934],[108.76637,-7.48936],[108.76636,-7.48936],[108.76619,-7.48936],[108.76592,-7.48936],[108.76592,-7.48942],[108.76592,-7.48981],[108.76547,-7.48981],[108.76546,-7.48981],[108.7651,-7.48981],[108.76501,-7.48981],[108.76501,-7.48964],[108.76501,-7.48943],[108.76501,-7.48935],[108.76546,-7.48935],[108.76547,-7.48935],[108.76591,-7.48935],[108.76591,-7.48891],[108.76592,-7.48891],[108.76637,-7.48891]]],[[[108.7682,-7.48756],[108.76774,-7.48756],[108.76774,-7.48711],[108.7682,-7.48711],[108.7682,-7.48756]]],[[[108.76774,-7.48628],[108.76774,-7.4862],[108.76776,-7.4862],[108.76785,-7.4862],[108.7682,-7.4862],[108.7682,-7.48666],[108.76774,-7.48666],[108.76774,-7.48656],[108.76774,-7.48628]]],[[[108.76639,-7.4862],[108.76639,-7.48665],[108.76593,-7.48665],[108.76593,-7.4862],[108.76593,-7.48619],[108.76639,-7.48619],[108.76639,-7.4862]]],[[[108.76549,-7.48619],[108.76549,-7.48664],[108.76503,-7.48664],[108.76503,-7.48619],[108.76549,-7.48619]]],[[[108.7655,-7.48122],[108.76596,-7.48122],[108.76596,-7.48123],[108.76641,-7.48123],[108.76641,-7.48168],[108.76596,-7.48168],[108.76595,-7.48168],[108.7655,-7.48168],[108.7655,-7.48122]]],[[[108.76648,-7.46812],[108.76648,-7.46858],[108.76602,-7.46858],[108.76602,-7.46812],[108.76648,-7.46812]]],[[[108.76658,-7.46641],[108.76676,-7.46641],[108.76694,-7.46641],[108.76695,-7.46641],[108.76695,-7.46677],[108.76694,-7.46677],[108.76649,-7.46677],[108.76649,-7.46632],[108.76658,-7.46632],[108.76658,-7.46641]]],[[[108.77044,-7.49164],[108.76998,-7.49164],[108.76998,-7.49209],[108.76953,-7.49209],[108.76953,-7.49223],[108.76946,-7.49219],[108.76924,-7.49209],[108.76913,-7.49203],[108.76907,-7.49198],[108.76907,-7.49163],[108.76952,-7.49163],[108.76952,-7.49118],[108.76998,-7.49118],[108.77044,-7.49118],[108.77044,-7.49119],[108.77044,-7.49164]]],[[[108.77318,-7.48713],[108.77318,-7.48714],[108.77272,-7.48714],[108.77272,-7.48713],[108.77272,-7.48668],[108.77318,-7.48668],[108.77318,-7.48713]]],[[[108.77181,-7.48623],[108.77181,-7.48622],[108.77203,-7.48622],[108.77212,-7.48622],[108.77227,-7.48622],[108.77227,-7.48623],[108.77227,-7.48668],[108.77204,-7.48668],[108.77195,-7.48668],[108.77181,-7.48668],[108.77181,-7.48623]]],[[[108.76956,-7.48486],[108.76956,-7.48531],[108.7691,-7.48531],[108.7691,-7.48486],[108.76956,-7.48486]]],[[[108.77047,-7.48486],[108.77001,-7.48486],[108.77001,-7.48441],[108.77047,-7.48441],[108.77047,-7.48486]]],[[[108.77367,-7.47633],[108.77367,-7.4763],[108.77367,-7.47629],[108.77384,-7.47629],[108.77413,-7.47629],[108.77413,-7.4763],[108.77458,-7.4763],[108.77459,-7.4763],[108.77503,-7.4763],[108.77504,-7.4763],[108.77549,-7.4763],[108.77595,-7.4763],[108.77595,-7.47673],[108.77595,-7.47674],[108.77595,-7.47676],[108.77603,-7.47676],[108.77639,-7.47676],[108.7764,-7.47676],[108.77685,-7.47676],[108.77685,-7.47664],[108.77685,-7.47655],[108.77685,-7.47653],[108.77685,-7.47652],[108.77685,-7.47631],[108.77685,-7.47586],[108.77731,-7.47586],[108.77731,-7.47631],[108.77776,-7.47631],[108.77776,-7.47641],[108.77776,-7.47652],[108.77776,-7.47676],[108.77776,-7.47677],[108.77821,-7.47677],[108.77821,-7.47722],[108.77865,-7.47722],[108.77866,-7.47722],[108.77911,-7.47722],[108.77911,-7.47768],[108.77956,-7.47768],[108.77956,-7.47813],[108.77956,-7.47858],[108.7791,-7.47858],[108.7791,-7.47813],[108.7791,-7.47768],[108.77866,-7.47768],[108.77866,-7.47813],[108.7782,-7.47813],[108.7782,-7.47768],[108.7782,-7.47767],[108.77775,-7.47767],[108.77775,-7.47812],[108.7773,-7.47812],[108.77729,-7.47812],[108.77729,-7.47857],[108.77774,-7.47857],[108.7782,-7.47857],[108.7782,-7.47903],[108.77819,-7.47903],[108.77819,-7.47948],[108.77819,-7.47993],[108.77819,-7.48038],[108.77819,-7.48084],[108.77863,-7.48084],[108.77864,-7.48084],[108.77909,-7.48084],[108.77909,-7.48129],[108.77864,-7.48129],[108.77863,-7.48129],[108.77818,-7.48129],[108.77773,-7.48129],[108.77772,-7.48129],[108.77772,-7.48083],[108.77773,-7.48083],[108.77773,-7.48038],[108.77773,-7.47993],[108.77773,-7.47948],[108.77773,-7.47903],[108.77728,-7.47903],[108.77728,-7.47902],[108.77683,-7.47902],[108.77683,-7.47857],[108.77683,-7.47812],[108.77638,-7.47812],[108.77638,-7.47766],[108.77684,-7.47766],[108.77684,-7.47767],[108.77729,-7.47767],[108.77729,-7.47743],[108.77729,-7.47734],[108.77729,-7.47722],[108.7773,-7.47722],[108.7773,-7.47677],[108.77685,-7.47677],[108.77685,-7.47721],[108.77685,-7.47722],[108.77639,-7.47722],[108.77639,-7.47721],[108.77604,-7.47721],[108.77594,-7.47721],[108.77594,-7.47719],[108.77594,-7.47688],[108.77594,-7.47678],[108.77594,-7.47676],[108.77585,-7.47676],[108.77581,-7.47676],[108.77549,-7.47676],[108.77503,-7.47676],[108.77503,-7.47675],[108.7749,-7.47675],[108.77489,-7.47675],[108.77459,-7.47675],[108.77458,-7.47675],[108.77413,-7.47675],[108.77413,-7.4772],[108.77368,-7.4772],[108.77367,-7.4772],[108.77322,-7.4772],[108.77322,-7.47675],[108.77283,-7.47675],[108.77277,-7.47675],[108.77277,-7.47674],[108.77277,-7.47661],[108.77277,-7.47629],[108.77323,-7.47629],[108.77323,-7.47674],[108.77367,-7.47674],[108.77367,-7.47633]],[[108.7773,-7.47642],[108.77739,-7.4764],[108.77738,-7.47638],[108.77731,-7.47639],[108.77731,-7.47639],[108.77704,-7.47641],[108.77705,-7.47648],[108.7773,-7.47642],[108.7773,-7.47642]]],[[[108.77369,-7.47403],[108.77369,-7.47449],[108.77323,-7.47449],[108.77323,-7.47403],[108.77369,-7.47403]]],[[[108.77371,-7.47223],[108.77371,-7.47268],[108.7737,-7.47268],[108.77325,-7.47268],[108.77325,-7.47223],[108.7737,-7.47223],[108.77371,-7.47223]]],[[[108.77054,-7.47086],[108.77054,-7.47041],[108.77054,-7.46996],[108.77054,-7.46995],[108.77054,-7.4695],[108.771,-7.4695],[108.771,-7.46995],[108.771,-7.46996],[108.771,-7.47041],[108.771,-7.47086],[108.77054,-7.47086]]],[[[108.7692,-7.46904],[108.7692,-7.4695],[108.76874,-7.4695],[108.76874,-7.46904],[108.7692,-7.46904]]],[[[108.771,-7.4686],[108.771,-7.46905],[108.77055,-7.46905],[108.77055,-7.4686],[108.77055,-7.46815],[108.771,-7.46815],[108.771,-7.4686]]],[[[108.76964,-7.46814],[108.76964,-7.46769],[108.76964,-7.46724],[108.76965,-7.46724],[108.7701,-7.46724],[108.7701,-7.46769],[108.7701,-7.46814],[108.7701,-7.46815],[108.76965,-7.46815],[108.76964,-7.46814]]],[[[108.77282,-7.46712],[108.77282,-7.4668],[108.77328,-7.4668],[108.77328,-7.46707],[108.77328,-7.46716],[108.77328,-7.46726],[108.77282,-7.46726],[108.77282,-7.4672],[108.77282,-7.46712]]],[[[108.77192,-7.46635],[108.77192,-7.4668],[108.77146,-7.4668],[108.77146,-7.46635],[108.77146,-7.46634],[108.77192,-7.46634],[108.77192,-7.46635]]],[[[108.77329,-7.46635],[108.77328,-7.46635],[108.77283,-7.46635],[108.77283,-7.4659],[108.77328,-7.4659],[108.77329,-7.4659],[108.77329,-7.46635]]],[[[108.77283,-7.46319],[108.77284,-7.46319],[108.77329,-7.46319],[108.77329,-7.46299],[108.77334,-7.46299],[108.77329,-7.46286],[108.77329,-7.46274],[108.77329,-7.46229],[108.77375,-7.46229],[108.77375,-7.46274],[108.7742,-7.46274],[108.7742,-7.4632],[108.77465,-7.4632],[108.77465,-7.46365],[108.7751,-7.46365],[108.7751,-7.4641],[108.7751,-7.46456],[108.77464,-7.46456],[108.77464,-7.4641],[108.7742,-7.4641],[108.77419,-7.4641],[108.77413,-7.4641],[108.77374,-7.4641],[108.77374,-7.46455],[108.77374,-7.465],[108.77419,-7.465],[108.77419,-7.46545],[108.77419,-7.46546],[108.77374,-7.46546],[108.77373,-7.46546],[108.77373,-7.46545],[108.77329,-7.46545],[108.77328,-7.46545],[108.77328,-7.465],[108.77328,-7.46455],[108.77283,-7.46455],[108.77283,-7.4641],[108.77283,-7.46409],[108.77238,-7.46409],[108.77238,-7.46364],[108.77238,-7.46319],[108.77283,-7.46319]],[[108.77408,-7.46365],[108.77419,-7.46365],[108.77419,-7.4632],[108.77375,-7.4632],[108.77375,-7.46322],[108.77375,-7.46323],[108.77375,-7.46365],[108.77408,-7.46365]]],[[[108.77285,-7.46229],[108.77241,-7.46229],[108.77239,-7.46228],[108.77239,-7.46227],[108.77239,-7.46183],[108.77285,-7.46183],[108.77285,-7.46229]]],[[[108.77117,-7.45098],[108.77117,-7.45092],[108.77128,-7.45077],[108.77154,-7.45053],[108.77155,-7.45053],[108.77155,-7.45098],[108.77155,-7.45099],[108.77117,-7.45099],[108.77117,-7.45098]]],[[[108.77246,-7.44941],[108.77246,-7.44963],[108.77229,-7.44963],[108.7723,-7.44958],[108.77246,-7.44941]]],[[[108.77451,-7.48985],[108.77451,-7.4894],[108.77477,-7.4894],[108.77493,-7.4894],[108.77497,-7.4894],[108.77497,-7.48895],[108.77497,-7.4885],[108.77498,-7.4885],[108.77498,-7.48805],[108.77498,-7.4876],[108.77544,-7.4876],[108.77544,-7.48805],[108.77544,-7.4885],[108.77543,-7.4885],[108.77543,-7.48895],[108.77543,-7.4894],[108.77543,-7.48941],[108.77497,-7.48941],[108.77497,-7.48942],[108.77497,-7.48953],[108.77497,-7.48985],[108.77497,-7.48986],[108.77497,-7.4903],[108.77497,-7.49031],[108.77497,-7.49054],[108.77497,-7.49076],[108.77496,-7.49076],[108.77496,-7.49121],[108.77488,-7.49121],[108.77479,-7.49121],[108.77451,-7.49121],[108.77451,-7.49166],[108.77406,-7.49166],[108.77405,-7.49166],[108.77405,-7.49121],[108.77406,-7.49121],[108.7745,-7.49121],[108.7745,-7.49076],[108.77451,-7.49076],[108.77451,-7.49031],[108.77451,-7.4903],[108.77451,-7.48986],[108.77451,-7.48985]]],[[[108.77408,-7.48669],[108.77445,-7.48669],[108.77449,-7.48669],[108.77454,-7.48669],[108.77454,-7.48714],[108.77453,-7.48714],[108.77453,-7.48759],[108.7741,-7.48759],[108.77407,-7.48759],[108.77407,-7.48728],[108.77407,-7.48714],[108.77408,-7.48714],[108.77408,-7.48669]]],[[[108.77636,-7.48354],[108.77636,-7.48399],[108.7759,-7.48399],[108.7759,-7.48354],[108.7759,-7.48353],[108.77636,-7.48353],[108.77636,-7.48354]]],[[[108.77599,-7.47044],[108.77599,-7.47044],[108.77597,-7.47007],[108.77597,-7.46998],[108.77597,-7.46953],[108.77598,-7.46953],[108.77598,-7.46908],[108.77598,-7.46863],[108.77644,-7.46863],[108.77644,-7.46908],[108.77644,-7.46953],[108.77689,-7.46953],[108.77689,-7.46999],[108.77688,-7.46999],[108.77688,-7.47044],[108.77688,-7.47089],[108.77733,-7.47089],[108.77733,-7.47134],[108.77778,-7.47134],[108.77778,-7.4709],[108.77778,-7.47089],[108.77778,-7.47045],[108.77778,-7.47044],[108.77778,-7.46999],[108.77824,-7.46999],[108.77824,-7.47044],[108.77824,-7.47045],[108.77824,-7.47089],[108.77824,-7.4709],[108.77824,-7.47135],[108.77824,-7.4718],[108.77869,-7.4718],[108.77869,-7.47225],[108.77913,-7.47225],[108.77913,-7.47181],[108.77913,-7.4718],[108.77959,-7.4718],[108.77959,-7.47181],[108.77959,-7.47226],[108.77959,-7.47271],[108.77914,-7.47271],[108.77913,-7.47271],[108.77902,-7.47271],[108.77893,-7.47271],[108.77868,-7.47271],[108.77868,-7.47249],[108.77868,-7.47237],[108.77868,-7.47225],[108.77851,-7.47225],[108.77836,-7.47225],[108.77823,-7.47225],[108.77823,-7.4722],[108.77823,-7.47216],[108.77823,-7.47207],[108.77823,-7.47206],[108.77823,-7.47199],[108.77823,-7.4718],[108.77795,-7.4718],[108.77782,-7.4718],[108.77778,-7.4718],[108.77778,-7.47188],[108.77778,-7.47225],[108.77732,-7.47225],[108.77732,-7.4718],[108.77687,-7.4718],[108.77687,-7.47145],[108.77687,-7.47142],[108.77687,-7.47139],[108.77687,-7.47134],[108.77678,-7.47134],[108.77667,-7.47134],[108.77651,-7.47126],[108.77643,-7.47125],[108.77643,-7.47125],[108.77666,-7.47134],[108.77643,-7.47134],[108.77642,-7.47134],[108.77597,-7.47134],[108.77597,-7.47118],[108.77597,-7.47113],[108.77604,-7.47113],[108.77602,-7.47089],[108.77602,-7.47089],[108.77599,-7.47044]]],[[[108.77508,-7.46862],[108.77553,-7.46862],[108.77553,-7.46907],[108.77553,-7.46908],[108.77553,-7.46953],[108.77508,-7.46953],[108.77507,-7.46953],[108.77477,-7.46953],[108.77475,-7.46953],[108.7747,-7.46953],[108.77462,-7.46953],[108.77462,-7.46952],[108.77462,-7.46945],[108.77462,-7.46939],[108.77462,-7.46933],[108.77462,-7.46907],[108.77462,-7.46872],[108.77462,-7.4687],[108.77462,-7.46864],[108.77462,-7.46862],[108.77507,-7.46862],[108.77508,-7.46862]]],[[[108.77554,-7.46682],[108.77599,-7.46682],[108.77599,-7.46727],[108.77644,-7.46727],[108.77644,-7.46772],[108.77644,-7.46773],[108.77599,-7.46773],[108.77599,-7.46772],[108.77598,-7.46772],[108.77554,-7.46772],[108.77553,-7.46772],[108.77509,-7.46772],[108.77509,-7.46817],[108.77463,-7.46817],[108.77463,-7.46772],[108.77463,-7.46768],[108.77463,-7.46767],[108.77463,-7.46727],[108.77463,-7.46726],[108.77463,-7.46681],[108.77508,-7.46681],[108.77509,-7.46681],[108.77554,-7.46681],[108.77554,-7.46682]]],[[[108.77373,-7.46708],[108.77373,-7.46681],[108.77419,-7.46681],[108.77419,-7.46712],[108.77419,-7.46721],[108.77419,-7.46726],[108.77373,-7.46726],[108.77373,-7.46717],[108.77373,-7.46708]]],[[[108.77648,-7.4605],[108.77648,-7.46095],[108.77602,-7.46095],[108.77602,-7.4605],[108.77602,-7.46049],[108.77648,-7.46049],[108.77648,-7.4605]]],[[[108.77377,-7.45958],[108.77331,-7.45958],[108.77331,-7.45913],[108.77377,-7.45913],[108.77377,-7.45958]]],[[[108.7765,-7.45643],[108.7765,-7.45688],[108.77693,-7.45688],[108.77695,-7.45688],[108.77695,-7.45691],[108.77695,-7.45734],[108.77649,-7.45734],[108.77649,-7.45688],[108.77604,-7.45688],[108.77604,-7.45643],[108.77617,-7.45643],[108.77627,-7.45643],[108.7765,-7.45643]]],[[[108.7756,-7.45417],[108.7756,-7.45462],[108.77515,-7.45462],[108.77515,-7.45417],[108.77515,-7.45416],[108.7756,-7.45416],[108.7756,-7.45417]]],[[[108.77382,-7.44964],[108.77382,-7.45009],[108.77336,-7.45009],[108.77336,-7.44964],[108.77382,-7.44964]]],[[[108.77994,-7.49079],[108.77994,-7.49078],[108.77949,-7.49078],[108.77949,-7.49033],[108.77994,-7.49033],[108.77995,-7.49033],[108.7804,-7.49033],[108.7804,-7.49079],[108.77995,-7.49079],[108.77994,-7.49079]]],[[[108.77725,-7.48806],[108.77725,-7.48851],[108.77724,-7.48851],[108.77679,-7.48851],[108.77679,-7.48806],[108.77724,-7.48806],[108.77725,-7.48806]]],[[[108.77725,-7.48715],[108.77725,-7.48761],[108.77724,-7.48761],[108.77679,-7.48761],[108.77679,-7.48715],[108.77724,-7.48715],[108.77725,-7.48715]]],[[[108.78043,-7.48581],[108.78043,-7.48627],[108.77997,-7.48627],[108.77997,-7.48581],[108.78043,-7.48581]]],[[[108.77952,-7.48581],[108.77906,-7.48581],[108.77906,-7.48536],[108.77952,-7.48536],[108.77952,-7.48581]]],[[[108.7791,-7.47948],[108.7791,-7.47994],[108.77864,-7.47994],[108.77864,-7.47948],[108.7791,-7.47948]]],[[[108.77888,-7.47406],[108.77878,-7.47406],[108.77867,-7.47406],[108.77821,-7.47406],[108.77821,-7.47361],[108.77867,-7.47361],[108.77888,-7.47361],[108.77897,-7.47361],[108.77913,-7.47361],[108.77913,-7.47406],[108.77888,-7.47406]]],[[[108.77686,-7.47405],[108.77641,-7.47405],[108.7764,-7.47405],[108.7764,-7.4736],[108.77641,-7.4736],[108.77686,-7.4736],[108.77686,-7.47405]]],[[[108.77686,-7.47315],[108.77731,-7.47315],[108.77731,-7.4727],[108.77777,-7.4727],[108.77777,-7.47296],[108.77777,-7.47301],[108.77777,-7.4731],[108.77777,-7.47315],[108.77777,-7.47322],[108.77777,-7.4733],[108.77777,-7.47331],[108.77777,-7.4736],[108.77777,-7.47361],[108.77754,-7.47361],[108.77757,-7.47351],[108.7775,-7.47356],[108.7775,-7.47361],[108.77745,-7.47361],[108.77731,-7.47361],[108.77731,-7.4736],[108.77686,-7.4736],[108.77686,-7.47315]]],[[[108.77914,-7.47136],[108.77914,-7.47135],[108.77914,-7.4709],[108.77959,-7.4709],[108.7796,-7.4709],[108.7796,-7.47135],[108.7796,-7.47136],[108.77959,-7.47136],[108.77914,-7.47136]]],[[[108.7778,-7.46818],[108.77734,-7.46818],[108.77734,-7.46773],[108.7778,-7.46773],[108.7778,-7.46818]]],[[[108.77826,-7.46728],[108.7778,-7.46728],[108.77734,-7.46728],[108.77734,-7.46683],[108.7778,-7.46683],[108.77826,-7.46683],[108.77826,-7.46728]]],[[[108.7778,-7.46638],[108.7778,-7.46593],[108.77735,-7.46593],[108.77735,-7.46592],[108.77735,-7.46547],[108.77781,-7.46547],[108.77781,-7.46592],[108.77826,-7.46592],[108.77826,-7.46593],[108.77826,-7.46638],[108.7778,-7.46638]]],[[[108.77872,-7.46412],[108.77873,-7.46412],[108.77873,-7.46457],[108.77917,-7.46457],[108.77918,-7.46457],[108.77918,-7.46503],[108.77917,-7.46503],[108.77872,-7.46503],[108.77872,-7.46457],[108.77827,-7.46457],[108.77827,-7.46412],[108.77872,-7.46412]]],[[[108.77782,-7.46412],[108.77782,-7.46457],[108.77736,-7.46457],[108.77736,-7.46412],[108.77736,-7.46366],[108.77782,-7.46366],[108.77782,-7.46412]]],[[[108.77963,-7.46367],[108.77963,-7.46413],[108.77917,-7.46413],[108.77917,-7.46367],[108.77963,-7.46367]]],[[[108.77827,-7.46186],[108.77872,-7.46186],[108.77873,-7.46186],[108.77918,-7.46186],[108.77918,-7.46142],[108.77918,-7.46141],[108.77918,-7.46096],[108.77964,-7.46096],[108.7801,-7.46096],[108.7801,-7.46097],[108.7801,-7.46142],[108.77964,-7.46142],[108.77964,-7.46187],[108.77918,-7.46187],[108.77918,-7.46232],[108.77873,-7.46232],[108.77873,-7.46277],[108.77828,-7.46277],[108.77828,-7.46322],[108.77827,-7.46322],[108.77782,-7.46322],[108.77782,-7.46276],[108.77827,-7.46276],[108.77827,-7.46232],[108.77827,-7.46231],[108.77827,-7.46186]]],[[[108.77738,-7.4605],[108.77738,-7.46095],[108.77692,-7.46095],[108.77692,-7.4605],[108.77738,-7.4605]]],[[[108.77965,-7.46032],[108.77965,-7.46051],[108.77919,-7.46051],[108.77919,-7.46006],[108.77944,-7.46006],[108.77965,-7.46006],[108.77965,-7.46032]]],[[[108.77785,-7.4587],[108.77739,-7.4587],[108.77739,-7.45824],[108.77785,-7.45824],[108.77785,-7.4587]]],[[[108.77654,-7.44875],[108.77654,-7.4492],[108.77653,-7.4492],[108.77608,-7.4492],[108.77608,-7.44875],[108.77653,-7.44875],[108.77654,-7.44875]]],[[[108.78222,-7.49328],[108.78219,-7.49327],[108.78219,-7.49305],[108.78265,-7.49305],[108.78265,-7.4933],[108.78222,-7.49328]]],[[[108.78315,-7.49306],[108.7831,-7.49306],[108.7831,-7.49261],[108.78335,-7.49261],[108.78328,-7.49292],[108.78316,-7.49306],[108.78315,-7.49306]]],[[[108.78175,-7.49124],[108.78175,-7.49079],[108.7822,-7.49079],[108.78221,-7.49079],[108.78266,-7.49079],[108.78266,-7.49035],[108.78221,-7.49035],[108.78221,-7.49034],[108.78221,-7.48989],[108.78176,-7.48989],[108.78176,-7.48944],[108.7813,-7.48944],[108.7813,-7.48898],[108.78176,-7.48898],[108.78176,-7.48899],[108.78221,-7.48899],[108.78221,-7.48854],[108.78267,-7.48854],[108.78267,-7.48809],[108.78222,-7.48809],[108.78222,-7.48764],[108.78222,-7.48763],[108.78222,-7.48718],[108.78268,-7.48718],[108.78268,-7.48673],[108.78313,-7.48673],[108.78313,-7.48628],[108.78313,-7.48583],[108.78359,-7.48583],[108.78359,-7.48538],[108.78405,-7.48538],[108.78405,-7.48583],[108.7845,-7.48583],[108.7845,-7.48584],[108.78495,-7.48584],[108.78495,-7.48539],[108.78541,-7.48539],[108.78541,-7.48584],[108.78585,-7.48584],[108.78585,-7.48539],[108.78631,-7.48539],[108.78631,-7.48584],[108.78631,-7.48585],[108.78676,-7.48585],[108.78722,-7.48585],[108.78722,-7.4863],[108.78721,-7.4863],[108.78721,-7.48675],[108.78721,-7.4872],[108.78721,-7.48721],[108.78721,-7.48766],[108.7872,-7.48766],[108.7872,-7.48811],[108.78765,-7.48811],[108.78765,-7.48766],[108.78765,-7.48721],[108.78811,-7.48721],[108.78811,-7.48766],[108.78856,-7.48766],[108.78856,-7.48722],[108.78856,-7.48721],[108.78856,-7.48676],[108.78811,-7.48676],[108.78811,-7.48631],[108.78766,-7.48631],[108.78766,-7.48586],[108.78766,-7.48585],[108.78812,-7.48585],[108.78824,-7.48585],[108.78857,-7.48585],[108.78857,-7.48556],[108.78857,-7.48541],[108.78902,-7.48541],[108.78902,-7.48507],[108.78902,-7.48506],[108.78902,-7.48496],[108.78902,-7.48451],[108.78902,-7.4845],[108.78902,-7.48405],[108.78858,-7.48405],[108.78857,-7.48405],[108.78813,-7.48405],[108.78812,-7.48405],[108.78803,-7.48405],[108.78767,-7.48405],[108.78722,-7.48405],[108.78722,-7.48393],[108.78722,-7.48359],[108.78722,-7.48314],[108.78767,-7.48314],[108.78767,-7.48269],[108.78768,-7.48269],[108.78768,-7.48224],[108.78814,-7.48224],[108.78814,-7.48269],[108.78813,-7.48269],[108.78813,-7.48314],[108.78768,-7.48314],[108.78768,-7.48359],[108.78813,-7.48359],[108.78813,-7.4836],[108.78857,-7.4836],[108.78858,-7.4836],[108.78903,-7.4836],[108.78949,-7.4836],[108.78949,-7.48405],[108.78994,-7.48405],[108.78994,-7.48406],[108.78994,-7.48451],[108.78993,-7.48451],[108.78993,-7.48496],[108.79038,-7.48496],[108.79038,-7.48516],[108.79038,-7.48541],[108.79083,-7.48541],[108.79083,-7.48519],[108.79083,-7.48497],[108.79083,-7.48496],[108.79083,-7.48451],[108.79129,-7.48451],[108.79129,-7.48407],[108.79129,-7.48406],[108.79085,-7.48406],[108.79084,-7.48406],[108.79039,-7.48406],[108.79039,-7.48361],[108.78994,-7.48361],[108.78994,-7.48316],[108.78994,-7.48315],[108.78949,-7.48315],[108.78949,-7.4827],[108.78904,-7.4827],[108.78858,-7.4827],[108.78858,-7.48224],[108.78904,-7.48224],[108.78904,-7.48179],[108.7895,-7.48179],[108.7895,-7.48225],[108.78994,-7.48225],[108.78995,-7.48225],[108.7904,-7.48225],[108.7904,-7.4818],[108.7904,-7.48135],[108.7904,-7.4809],[108.78995,-7.4809],[108.78995,-7.48044],[108.79023,-7.48044],[108.7904,-7.48044],[108.7904,-7.48],[108.7904,-7.47999],[108.79024,-7.47999],[108.78996,-7.47999],[108.78995,-7.47999],[108.78995,-7.47954],[108.78996,-7.47954],[108.79025,-7.47954],[108.7904,-7.47954],[108.79041,-7.47954],[108.79041,-7.47909],[108.79025,-7.47909],[108.78996,-7.47909],[108.78996,-7.47864],[108.78951,-7.47864],[108.78951,-7.47818],[108.78996,-7.47818],[108.78996,-7.47773],[108.79026,-7.47773],[108.79042,-7.47773],[108.79042,-7.47818],[108.79042,-7.47819],[108.79042,-7.47864],[108.79042,-7.47909],[108.79087,-7.47909],[108.79087,-7.47954],[108.79131,-7.47954],[108.79131,-7.47909],[108.79177,-7.47909],[108.79177,-7.47865],[108.79177,-7.47864],[108.79223,-7.47864],[108.79223,-7.47865],[108.79223,-7.4791],[108.79268,-7.4791],[108.79268,-7.47865],[108.79313,-7.47865],[108.79314,-7.47865],[108.79359,-7.47865],[108.79359,-7.4791],[108.79359,-7.47911],[108.79359,-7.47956],[108.79403,-7.47956],[108.79404,-7.47956],[108.79448,-7.47956],[108.79449,-7.47956],[108.79472,-7.47956],[108.79494,-7.47986],[108.79494,-7.48002],[108.79505,-7.48002],[108.79508,-7.48006],[108.79519,-7.48013],[108.79522,-7.48002],[108.79539,-7.48002],[108.79584,-7.48002],[108.79585,-7.48002],[108.79585,-7.48047],[108.79584,-7.48047],[108.79567,-7.48047],[108.7955,-7.48047],[108.79545,-7.48047],[108.79539,-7.48047],[108.79493,-7.48047],[108.79493,-7.48002],[108.79448,-7.48002],[108.79448,-7.48001],[108.79404,-7.48001],[108.79403,-7.48001],[108.79403,-7.48046],[108.79403,-7.48091],[108.79403,-7.48092],[108.79403,-7.48137],[108.79447,-7.48137],[108.79448,-7.48137],[108.79493,-7.48137],[108.79538,-7.48137],[108.79538,-7.48092],[108.79583,-7.48092],[108.79584,-7.48092],[108.79609,-7.48092],[108.79621,-7.48092],[108.79626,-7.48092],[108.79629,-7.48092],[108.79629,-7.48048],[108.79629,-7.48047],[108.79675,-7.48047],[108.79675,-7.48048],[108.79675,-7.48093],[108.7972,-7.48093],[108.7972,-7.48138],[108.79765,-7.48138],[108.79765,-7.48174],[108.79765,-7.48183],[108.79765,-7.48184],[108.79765,-7.48188],[108.79765,-7.48229],[108.79719,-7.48229],[108.79719,-7.48184],[108.79674,-7.48184],[108.79674,-7.48183],[108.79629,-7.48183],[108.79629,-7.48138],[108.79584,-7.48138],[108.79584,-7.48183],[108.79539,-7.48183],[108.79538,-7.48183],[108.79538,-7.48227],[108.79538,-7.48228],[108.79538,-7.48273],[108.79538,-7.48318],[108.79492,-7.48318],[108.79492,-7.48273],[108.79492,-7.48228],[108.79492,-7.48227],[108.79492,-7.48182],[108.79448,-7.48182],[108.79447,-7.48182],[108.79402,-7.48182],[108.79402,-7.48227],[108.79356,-7.48227],[108.79356,-7.48182],[108.79311,-7.48182],[108.79311,-7.48137],[108.79311,-7.48136],[108.79311,-7.48091],[108.79312,-7.48091],[108.79312,-7.48046],[108.79267,-7.48046],[108.79267,-7.48091],[108.79221,-7.48091],[108.79221,-7.48045],[108.79177,-7.48045],[108.79176,-7.48045],[108.79176,-7.4809],[108.79176,-7.48135],[108.79176,-7.48136],[108.79221,-7.48136],[108.79267,-7.48136],[108.79267,-7.48181],[108.79221,-7.48181],[108.79221,-7.48226],[108.79266,-7.48226],[108.79311,-7.48226],[108.79311,-7.48271],[108.79311,-7.48272],[108.79356,-7.48272],[108.79401,-7.48272],[108.79402,-7.48272],[108.79447,-7.48272],[108.79447,-7.48318],[108.79401,-7.48318],[108.79401,-7.48363],[108.79356,-7.48363],[108.79356,-7.48317],[108.79311,-7.48317],[108.79311,-7.48362],[108.79266,-7.48362],[108.79221,-7.48362],[108.79221,-7.48407],[108.79266,-7.48407],[108.79266,-7.48452],[108.7922,-7.48452],[108.7922,-7.48497],[108.7922,-7.48542],[108.7922,-7.48588],[108.79265,-7.48588],[108.79265,-7.48633],[108.79264,-7.48633],[108.79264,-7.48678],[108.79309,-7.48678],[108.79309,-7.48723],[108.79354,-7.48723],[108.79354,-7.48679],[108.79399,-7.48679],[108.794,-7.48679],[108.79445,-7.48679],[108.79445,-7.48724],[108.794,-7.48724],[108.794,-7.48769],[108.79354,-7.48769],[108.79354,-7.48814],[108.79309,-7.48814],[108.79308,-7.48814],[108.79263,-7.48814],[108.79263,-7.48859],[108.79263,-7.48904],[108.79307,-7.48904],[108.79308,-7.48904],[108.79353,-7.48904],[108.79353,-7.48949],[108.79353,-7.4895],[108.79353,-7.48995],[108.79353,-7.4904],[108.79308,-7.4904],[108.79307,-7.4904],[108.79262,-7.4904],[108.79262,-7.48995],[108.79262,-7.48994],[108.79262,-7.48949],[108.79262,-7.48904],[108.79218,-7.48904],[108.79217,-7.48904],[108.79173,-7.48904],[108.79173,-7.48949],[108.79218,-7.48949],[108.79218,-7.48994],[108.79172,-7.48994],[108.79172,-7.49039],[108.79217,-7.49039],[108.79217,-7.49084],[108.79217,-7.49085],[108.79217,-7.49129],[108.79217,-7.4913],[108.79261,-7.4913],[108.79262,-7.4913],[108.79262,-7.49085],[108.79308,-7.49085],[108.79308,-7.4913],[108.79307,-7.4913],[108.79307,-7.49175],[108.79262,-7.49175],[108.79262,-7.49194],[108.79262,-7.49195],[108.79247,-7.49198],[108.79227,-7.49201],[108.79216,-7.49196],[108.79215,-7.49195],[108.79207,-7.49184],[108.79203,-7.49175],[108.79201,-7.49168],[108.79193,-7.4913],[108.79192,-7.49125],[108.79186,-7.49104],[108.79176,-7.49085],[108.79176,-7.49085],[108.79171,-7.49074],[108.79165,-7.49062],[108.79151,-7.49046],[108.79144,-7.49039],[108.79136,-7.49031],[108.79132,-7.49029],[108.79126,-7.49025],[108.79126,-7.49024],[108.79123,-7.49023],[108.79107,-7.49013],[108.79082,-7.48998],[108.79082,-7.48998],[108.79077,-7.48995],[108.79075,-7.48994],[108.79073,-7.48994],[108.7905,-7.48985],[108.79036,-7.48982],[108.79036,-7.48982],[108.79016,-7.48978],[108.78991,-7.48976],[108.78969,-7.48975],[108.78946,-7.48975],[108.78932,-7.48976],[108.78908,-7.4898],[108.789,-7.48983],[108.789,-7.48982],[108.78879,-7.4899],[108.78874,-7.48993],[108.78873,-7.48993],[108.78855,-7.49002],[108.78855,-7.49002],[108.78827,-7.49015],[108.78809,-7.49025],[108.78809,-7.49025],[108.78786,-7.49037],[108.78764,-7.49037],[108.78764,-7.48992],[108.78719,-7.48992],[108.78719,-7.48947],[108.78719,-7.48946],[108.78764,-7.48946],[108.78764,-7.48902],[108.78719,-7.48902],[108.78719,-7.48901],[108.78674,-7.48901],[108.78674,-7.48946],[108.78674,-7.48991],[108.78629,-7.48991],[108.78629,-7.49036],[108.78584,-7.49036],[108.78584,-7.4906],[108.78583,-7.4906],[108.78564,-7.4905],[108.78538,-7.49048],[108.78538,-7.49036],[108.78538,-7.48991],[108.78493,-7.48991],[108.78493,-7.49036],[108.78447,-7.49036],[108.78447,-7.4899],[108.78403,-7.4899],[108.78403,-7.49035],[108.78402,-7.49035],[108.78402,-7.4908],[108.78357,-7.4908],[108.78356,-7.4908],[108.78312,-7.4908],[108.78311,-7.4908],[108.78266,-7.4908],[108.78266,-7.49125],[108.78266,-7.4917],[108.78265,-7.4917],[108.78265,-7.49215],[108.7822,-7.49215],[108.78175,-7.49215],[108.78175,-7.4917],[108.78175,-7.49125],[108.78175,-7.49124]],[[108.78495,-7.48629],[108.7845,-7.48629],[108.78449,-7.48629],[108.78449,-7.48674],[108.78494,-7.48674],[108.7854,-7.48674],[108.7854,-7.4872],[108.78584,-7.4872],[108.78584,-7.48675],[108.7863,-7.48675],[108.7863,-7.4863],[108.78586,-7.4863],[108.78585,-7.4863],[108.7854,-7.4863],[108.7854,-7.48629],[108.7854,-7.48584],[108.78495,-7.48584],[108.78495,-7.48629]],[[108.79268,-7.47955],[108.79312,-7.47955],[108.79313,-7.47955],[108.79313,-7.47911],[108.79313,-7.4791],[108.79268,-7.4791],[108.79268,-7.47955]],[[108.79402,-7.48137],[108.79357,-7.48137],[108.79357,-7.48182],[108.79402,-7.48182],[108.79402,-7.48137]],[[108.79172,-7.48949],[108.79127,-7.48949],[108.79127,-7.48993],[108.79127,-7.48994],[108.79172,-7.48994],[108.79172,-7.48949]],[[108.78992,-7.48542],[108.78992,-7.48541],[108.78992,-7.48513],[108.78992,-7.48496],[108.78948,-7.48496],[108.78948,-7.4851],[108.78948,-7.48541],[108.78948,-7.48586],[108.78992,-7.48586],[108.78993,-7.48586],[108.79038,-7.48586],[108.79038,-7.48542],[108.78992,-7.48542]],[[108.79038,-7.48632],[108.79038,-7.48677],[108.79038,-7.48722],[108.79082,-7.48722],[108.79083,-7.48722],[108.79128,-7.48722],[108.79128,-7.48723],[108.79173,-7.48723],[108.79173,-7.48768],[108.79173,-7.48813],[108.79128,-7.48813],[108.79128,-7.48858],[108.79172,-7.48858],[108.79173,-7.48858],[108.79217,-7.48858],[108.79217,-7.48814],[108.79217,-7.48813],[108.79217,-7.48768],[108.79218,-7.48768],[108.79218,-7.48723],[108.79218,-7.48678],[108.79173,-7.48678],[108.79173,-7.48632],[108.79219,-7.48632],[108.79219,-7.48588],[108.79174,-7.48588],[108.79174,-7.48587],[108.79128,-7.48587],[108.79128,-7.48542],[108.79084,-7.48542],[108.79084,-7.48587],[108.79038,-7.48587],[108.79038,-7.48632]],[[108.78991,-7.48722],[108.78947,-7.48722],[108.78947,-7.48767],[108.7899,-7.48767],[108.78992,-7.48767],[108.78992,-7.48752],[108.78992,-7.48729],[108.78992,-7.48722],[108.78991,-7.48722]],[[108.78992,-7.48812],[108.79037,-7.48812],[108.79037,-7.48768],[108.79037,-7.48767],[108.78992,-7.48767],[108.78992,-7.48812]],[[108.78448,-7.4881],[108.78403,-7.4881],[108.78403,-7.48809],[108.78359,-7.48809],[108.78359,-7.48854],[108.78358,-7.48854],[108.78358,-7.48899],[108.78403,-7.48899],[108.78403,-7.489],[108.78403,-7.48945],[108.78448,-7.48945],[108.78448,-7.4899],[108.78493,-7.4899],[108.78493,-7.48945],[108.78538,-7.48945],[108.78538,-7.48901],[108.78538,-7.489],[108.78493,-7.489],[108.78493,-7.48855],[108.78448,-7.48855],[108.78448,-7.4881]],[[108.78404,-7.48629],[108.78404,-7.48584],[108.78359,-7.48584],[108.78359,-7.48628],[108.78359,-7.48674],[108.78314,-7.48674],[108.78314,-7.48718],[108.78358,-7.48718],[108.78359,-7.48718],[108.78359,-7.48719],[108.78403,-7.48719],[108.78403,-7.48674],[108.78403,-7.48629],[108.78404,-7.48629]],[[108.78947,-7.48676],[108.78947,-7.48632],[108.78947,-7.48631],[108.78918,-7.48631],[108.78903,-7.48631],[108.78903,-7.48676],[108.78902,-7.48676],[108.78902,-7.48721],[108.78947,-7.48721],[108.78947,-7.48682],[108.78947,-7.48677],[108.78947,-7.48676]],[[108.78765,-7.48992],[108.78809,-7.48992],[108.78809,-7.48947],[108.78765,-7.48947],[108.78765,-7.48992]],[[108.78857,-7.48631],[108.78902,-7.48631],[108.78902,-7.48586],[108.78857,-7.48586],[108.78857,-7.48631]],[[108.79308,-7.48724],[108.79264,-7.48724],[108.79264,-7.48768],[108.79308,-7.48768],[108.79308,-7.48724]],[[108.79082,-7.48903],[108.79115,-7.48903],[108.79127,-7.48903],[108.79127,-7.48858],[108.79083,-7.48858],[108.79082,-7.48858],[108.79082,-7.48898],[108.79082,-7.48903]],[[108.7904,-7.48226],[108.7904,-7.4827],[108.79085,-7.4827],[108.79085,-7.48226],[108.7904,-7.48226]],[[108.79131,-7.48181],[108.79131,-7.48225],[108.79131,-7.48226],[108.79141,-7.48226],[108.79175,-7.48226],[108.79175,-7.48181],[108.79143,-7.48181],[108.79142,-7.48181],[108.79131,-7.48181]],[[108.79222,-7.47955],[108.79222,-7.48],[108.79222,-7.48045],[108.79267,-7.48045],[108.79267,-7.48001],[108.79267,-7.48],[108.79267,-7.47955],[108.79223,-7.47955],[108.79222,-7.47955]]],[[[108.7831,-7.49171],[108.7831,-7.4917],[108.7831,-7.49125],[108.78356,-7.49125],[108.78356,-7.49146],[108.78349,-7.49164],[108.78348,-7.4917],[108.78348,-7.49171],[108.7831,-7.49171]]],[[[108.78131,-7.48989],[108.78131,-7.49034],[108.78085,-7.49034],[108.78085,-7.48989],[108.78085,-7.48988],[108.78131,-7.48988],[108.78131,-7.48989]]],[[[108.78178,-7.48492],[108.78178,-7.48461],[108.78178,-7.48447],[108.78224,-7.48447],[108.78224,-7.48464],[108.78224,-7.48492],[108.78224,-7.48537],[108.78178,-7.48537],[108.78133,-7.48537],[108.78088,-7.48537],[108.78088,-7.48492],[108.78088,-7.48491],[108.78088,-7.48455],[108.78088,-7.48446],[108.78133,-7.48446],[108.78133,-7.48458],[108.78133,-7.48491],[108.78133,-7.48492],[108.78178,-7.48492]]],[[[108.78542,-7.48177],[108.78542,-7.48222],[108.78542,-7.48223],[108.78542,-7.48268],[108.78542,-7.48313],[108.78536,-7.48313],[108.78496,-7.48313],[108.78496,-7.48268],[108.78496,-7.48223],[108.78496,-7.48222],[108.78496,-7.48177],[108.78497,-7.48177],[108.78523,-7.48177],[108.78542,-7.48177]]],[[[108.78407,-7.48177],[108.78407,-7.48222],[108.78452,-7.48222],[108.78452,-7.48267],[108.78452,-7.48268],[108.78452,-7.48313],[108.78406,-7.48313],[108.78406,-7.48268],[108.78406,-7.48267],[108.78406,-7.48222],[108.78361,-7.48222],[108.78361,-7.48177],[108.78407,-7.48177]]],[[[108.78407,-7.48087],[108.78406,-7.48087],[108.78406,-7.48067],[108.78406,-7.48066],[108.78406,-7.48041],[108.78407,-7.48041],[108.7842,-7.48041],[108.78452,-7.48041],[108.78452,-7.48087],[108.78493,-7.48087],[108.78497,-7.48087],[108.78497,-7.48113],[108.78497,-7.48132],[108.78452,-7.48132],[108.78451,-7.48132],[108.78451,-7.48087],[108.78407,-7.48087]]],[[[108.78136,-7.4813],[108.7809,-7.4813],[108.7809,-7.48085],[108.78136,-7.48085],[108.78136,-7.4813]]],[[[108.78225,-7.47995],[108.78226,-7.47995],[108.78226,-7.4795],[108.78226,-7.47905],[108.78181,-7.47905],[108.78181,-7.4786],[108.78181,-7.47859],[108.78226,-7.47859],[108.78226,-7.47815],[108.78181,-7.47815],[108.78181,-7.47814],[108.78181,-7.47769],[108.78136,-7.47769],[108.78136,-7.47724],[108.78182,-7.47724],[108.78227,-7.47724],[108.78227,-7.47679],[108.78183,-7.47679],[108.78182,-7.47679],[108.78137,-7.47679],[108.78137,-7.47634],[108.78137,-7.47633],[108.78093,-7.47633],[108.78092,-7.47633],[108.78047,-7.47633],[108.78047,-7.47588],[108.78055,-7.47588],[108.78066,-7.47588],[108.78092,-7.47588],[108.78093,-7.47588],[108.78137,-7.47588],[108.78138,-7.47588],[108.78183,-7.47588],[108.78183,-7.47633],[108.78183,-7.47634],[108.78228,-7.47634],[108.78274,-7.47634],[108.78274,-7.47667],[108.78274,-7.47677],[108.78274,-7.47679],[108.78273,-7.47679],[108.78273,-7.47724],[108.78228,-7.47724],[108.78228,-7.47769],[108.78273,-7.47769],[108.78273,-7.47815],[108.78318,-7.47815],[108.78318,-7.4786],[108.78317,-7.4786],[108.78317,-7.47905],[108.78317,-7.4795],[108.78317,-7.47951],[108.78272,-7.47951],[108.78272,-7.47995],[108.78272,-7.47996],[108.78272,-7.48041],[108.78271,-7.48041],[108.7824,-7.48041],[108.78226,-7.48041],[108.78226,-7.4804],[108.78181,-7.4804],[108.78181,-7.47995],[108.78225,-7.47995]]],[[[108.78,-7.48039],[108.78,-7.47994],[108.78045,-7.47994],[108.78045,-7.47949],[108.78,-7.47949],[108.78,-7.47904],[108.78,-7.47859],[108.78001,-7.47859],[108.78001,-7.47813],[108.78046,-7.47813],[108.78046,-7.47859],[108.78091,-7.47859],[108.78091,-7.47814],[108.78112,-7.47814],[108.78113,-7.47814],[108.78136,-7.47814],[108.78137,-7.47814],[108.78137,-7.47859],[108.78136,-7.47859],[108.78134,-7.47859],[108.78092,-7.47859],[108.78092,-7.47904],[108.78091,-7.47904],[108.78091,-7.47949],[108.78091,-7.47995],[108.78136,-7.47995],[108.78136,-7.4804],[108.7809,-7.4804],[108.7809,-7.47995],[108.78046,-7.47995],[108.78046,-7.48039],[108.78046,-7.4804],[108.78,-7.4804],[108.78,-7.48039]]],[[[108.78046,-7.47712],[108.78046,-7.47678],[108.7808,-7.47678],[108.78092,-7.47678],[108.78092,-7.47723],[108.78092,-7.47724],[108.78092,-7.47738],[108.78092,-7.47769],[108.78079,-7.47769],[108.78078,-7.47769],[108.78046,-7.47769],[108.78046,-7.47724],[108.78046,-7.47723],[108.78046,-7.47712]]],[[[108.78455,-7.4759],[108.7841,-7.4759],[108.7841,-7.47544],[108.78455,-7.47544],[108.78455,-7.47545],[108.785,-7.47545],[108.785,-7.4759],[108.78455,-7.4759]]],[[[108.78184,-7.47453],[108.78138,-7.47453],[108.78138,-7.47408],[108.78138,-7.47407],[108.78184,-7.47407],[108.78184,-7.47408],[108.78184,-7.47453]]],[[[108.78185,-7.47227],[108.7814,-7.47227],[108.78139,-7.47227],[108.78139,-7.47182],[108.7814,-7.47182],[108.78185,-7.47182],[108.78185,-7.47227]]],[[[108.78368,-7.46686],[108.78368,-7.46641],[108.78396,-7.46641],[108.78396,-7.4665],[108.78414,-7.4665],[108.78414,-7.46686],[108.78368,-7.46686]]],[[[108.78143,-7.46549],[108.78143,-7.46594],[108.78098,-7.46594],[108.78097,-7.46594],[108.78097,-7.46549],[108.78098,-7.46549],[108.78143,-7.46549]]],[[[108.78007,-7.46504],[108.78007,-7.46503],[108.78007,-7.46458],[108.78008,-7.46458],[108.78053,-7.46458],[108.78053,-7.46503],[108.78053,-7.46504],[108.78008,-7.46504],[108.78007,-7.46504]]],[[[108.781,-7.46233],[108.781,-7.46278],[108.78054,-7.46278],[108.78054,-7.46233],[108.78054,-7.46232],[108.781,-7.46232],[108.781,-7.46233]]],[[[108.78673,-7.49037],[108.78674,-7.49037],[108.78719,-7.49037],[108.78719,-7.49066],[108.78676,-7.49078],[108.78674,-7.49078],[108.78673,-7.49078],[108.78673,-7.49037]]],[[[108.78767,-7.48449],[108.78767,-7.4845],[108.78767,-7.48481],[108.78767,-7.48495],[108.78767,-7.48498],[108.78767,-7.4854],[108.78742,-7.4854],[108.78721,-7.4854],[108.78721,-7.48497],[108.78721,-7.48495],[108.78722,-7.48495],[108.78722,-7.4845],[108.78722,-7.48449],[108.78767,-7.48449]]],[[[108.78587,-7.48449],[108.78541,-7.48449],[108.78541,-7.48403],[108.78587,-7.48403],[108.78587,-7.48449]]],[[[108.7886,-7.47999],[108.7886,-7.48044],[108.78815,-7.48044],[108.78815,-7.48089],[108.78769,-7.48089],[108.78769,-7.48043],[108.78814,-7.48043],[108.78814,-7.47998],[108.78815,-7.47998],[108.78815,-7.47953],[108.7877,-7.47953],[108.7877,-7.47998],[108.78724,-7.47998],[108.78724,-7.47953],[108.78724,-7.47907],[108.7877,-7.47907],[108.7877,-7.47908],[108.78815,-7.47908],[108.78816,-7.47908],[108.78816,-7.47953],[108.7886,-7.47953],[108.7886,-7.47908],[108.78905,-7.47908],[108.78906,-7.47908],[108.78951,-7.47908],[108.78951,-7.47953],[108.78951,-7.47954],[108.78951,-7.47999],[108.78951,-7.48044],[108.78951,-7.48089],[108.7895,-7.48089],[108.78905,-7.48089],[108.78905,-7.48044],[108.78905,-7.47999],[108.7886,-7.47999]]],[[[108.7859,-7.47771],[108.78544,-7.47771],[108.78544,-7.47726],[108.7859,-7.47726],[108.7859,-7.47771]]],[[[108.78997,-7.47683],[108.78997,-7.47669],[108.78997,-7.4766],[108.78997,-7.47638],[108.78997,-7.47593],[108.78997,-7.47592],[108.78998,-7.47592],[108.78998,-7.47548],[108.78998,-7.47547],[108.78998,-7.47502],[108.78998,-7.47457],[108.79031,-7.47457],[108.79037,-7.47457],[108.79035,-7.47502],[108.79034,-7.47548],[108.79034,-7.47548],[108.79033,-7.47593],[108.79033,-7.47593],[108.79032,-7.47615],[108.79032,-7.47638],[108.79032,-7.47659],[108.79043,-7.47658],[108.79043,-7.47683],[108.79027,-7.47683],[108.78997,-7.47683]]],[[[108.78499,-7.47659],[108.78499,-7.47635],[108.78545,-7.47635],[108.78545,-7.4766],[108.78545,-7.47669],[108.78545,-7.47681],[108.78499,-7.47681],[108.78499,-7.47668],[108.78499,-7.47659]]],[[[108.78644,-7.45964],[108.78644,-7.46009],[108.78644,-7.4601],[108.78598,-7.4601],[108.78598,-7.46009],[108.78598,-7.45964],[108.78644,-7.45964]]],[[[108.79082,-7.48678],[108.79082,-7.48677],[108.79082,-7.48632],[108.79083,-7.48632],[108.79128,-7.48632],[108.79128,-7.48677],[108.79128,-7.48678],[108.79083,-7.48678],[108.79082,-7.48678]]],[[[108.7931,-7.48498],[108.79356,-7.48498],[108.79356,-7.48543],[108.79401,-7.48543],[108.79401,-7.48588],[108.79446,-7.48588],[108.79446,-7.48589],[108.79446,-7.48634],[108.794,-7.48634],[108.794,-7.48589],[108.79355,-7.48589],[108.79355,-7.48633],[108.79309,-7.48633],[108.79309,-7.48588],[108.79355,-7.48588],[108.79355,-7.48543],[108.7931,-7.48543],[108.79264,-7.48543],[108.79264,-7.48497],[108.7931,-7.48497],[108.7931,-7.48498]]],[[[108.7909,-7.4722],[108.79077,-7.47232],[108.79076,-7.47232],[108.79044,-7.4726],[108.79044,-7.47232],[108.79044,-7.47231],[108.79044,-7.47186],[108.7909,-7.47186],[108.7909,-7.47141],[108.7909,-7.47096],[108.79136,-7.47096],[108.79136,-7.47141],[108.79136,-7.47187],[108.7909,-7.47187],[108.7909,-7.4722]]],[[[108.79227,-7.47052],[108.79182,-7.47052],[108.79182,-7.47051],[108.79182,-7.47006],[108.79227,-7.47006],[108.79228,-7.47006],[108.79272,-7.47006],[108.79272,-7.46962],[108.79272,-7.46961],[108.79272,-7.46916],[108.79227,-7.46916],[108.79227,-7.46871],[108.79182,-7.46871],[108.79182,-7.46825],[108.79228,-7.46825],[108.79228,-7.46826],[108.79273,-7.46826],[108.79273,-7.46871],[108.79273,-7.46916],[108.79318,-7.46916],[108.79318,-7.46961],[108.79318,-7.46962],[108.79363,-7.46962],[108.79363,-7.47007],[108.79407,-7.47007],[108.79408,-7.47007],[108.79443,-7.47007],[108.79453,-7.47007],[108.79499,-7.47007],[108.79499,-7.47008],[108.79543,-7.47008],[108.79544,-7.47008],[108.79544,-7.46963],[108.7959,-7.46963],[108.7959,-7.46998],[108.7959,-7.47008],[108.79589,-7.47008],[108.79589,-7.47011],[108.79589,-7.47053],[108.79634,-7.47053],[108.79634,-7.47008],[108.7968,-7.47008],[108.7968,-7.46963],[108.79726,-7.46963],[108.79726,-7.46964],[108.79764,-7.46964],[108.79771,-7.46964],[108.79771,-7.46969],[108.79771,-7.47009],[108.79726,-7.47009],[108.79725,-7.47009],[108.79717,-7.47009],[108.79703,-7.47009],[108.7968,-7.47009],[108.7968,-7.47026],[108.7968,-7.47037],[108.7968,-7.47054],[108.7968,-7.47099],[108.79634,-7.47099],[108.79634,-7.47102],[108.79634,-7.47144],[108.79589,-7.47144],[108.79588,-7.47144],[108.79588,-7.47189],[108.79588,-7.47234],[108.79588,-7.47279],[108.79633,-7.47279],[108.79633,-7.47325],[108.79588,-7.47325],[108.79588,-7.47369],[108.79588,-7.4737],[108.79588,-7.47415],[108.79633,-7.47415],[108.79633,-7.4746],[108.79633,-7.47505],[108.79587,-7.47505],[108.79587,-7.4755],[108.79587,-7.47595],[108.79587,-7.47596],[108.79586,-7.47596],[108.79586,-7.4764],[108.79586,-7.47641],[108.79586,-7.47686],[108.79586,-7.47731],[108.79586,-7.47776],[108.79585,-7.47776],[108.79585,-7.47821],[108.79585,-7.47866],[108.79585,-7.47867],[108.7954,-7.47867],[108.7954,-7.47911],[108.7954,-7.47912],[108.7954,-7.47957],[108.79539,-7.47957],[108.79525,-7.47957],[108.79528,-7.47911],[108.79528,-7.47911],[108.79531,-7.47866],[108.79534,-7.47821],[108.79537,-7.47776],[108.79537,-7.47765],[108.79537,-7.47765],[108.79537,-7.47766],[108.79537,-7.47767],[108.79536,-7.47767],[108.79535,-7.47767],[108.79535,-7.47768],[108.79534,-7.47768],[108.79533,-7.47768],[108.79495,-7.47776],[108.79494,-7.47776],[108.79449,-7.47776],[108.79449,-7.4773],[108.79494,-7.4773],[108.79494,-7.47685],[108.79449,-7.47685],[108.79449,-7.4764],[108.79495,-7.4764],[108.79495,-7.47595],[108.79495,-7.4755],[108.79496,-7.4755],[108.79496,-7.47505],[108.79496,-7.4746],[108.79496,-7.47459],[108.79496,-7.47414],[108.79497,-7.47414],[108.79497,-7.47369],[108.79542,-7.47369],[108.79542,-7.47324],[108.79542,-7.47279],[108.79497,-7.47279],[108.79497,-7.47234],[108.79542,-7.47234],[108.79542,-7.47189],[108.79542,-7.47144],[108.79542,-7.47143],[108.79543,-7.47143],[108.79543,-7.47099],[108.79543,-7.47098],[108.79508,-7.47098],[108.79498,-7.47098],[108.79498,-7.47143],[108.79491,-7.47143],[108.79453,-7.47143],[108.79452,-7.47143],[108.79452,-7.47098],[108.79452,-7.47053],[108.79408,-7.47053],[108.79407,-7.47053],[108.79407,-7.47052],[108.79363,-7.47052],[108.79362,-7.47052],[108.79362,-7.47007],[108.79318,-7.47007],[108.79317,-7.47007],[108.79273,-7.47007],[108.79273,-7.47052],[108.79272,-7.47052],[108.79228,-7.47052],[108.79227,-7.47052]],[[108.7958,-7.47144],[108.79579,-7.47144],[108.79566,-7.47166],[108.79566,-7.47167],[108.79566,-7.47168],[108.79561,-7.47189],[108.7956,-7.47196],[108.79559,-7.47234],[108.79557,-7.47279],[108.79555,-7.47324],[108.79553,-7.4737],[108.79553,-7.4737],[108.79552,-7.47415],[108.79547,-7.47415],[108.79543,-7.47415],[108.79542,-7.47415],[108.79542,-7.47459],[108.79542,-7.4746],[108.79545,-7.4746],[108.79546,-7.4746],[108.7955,-7.4746],[108.79548,-7.47505],[108.79546,-7.4755],[108.79545,-7.47596],[108.79545,-7.47596],[108.79543,-7.47641],[108.79543,-7.47641],[108.79541,-7.47686],[108.7954,-7.47708],[108.7954,-7.47704],[108.79539,-7.47731],[108.7954,-7.47716],[108.7954,-7.47718],[108.79542,-7.47686],[108.79545,-7.4764],[108.79545,-7.4764],[108.79548,-7.47595],[108.79548,-7.47595],[108.79551,-7.4755],[108.79554,-7.47505],[108.79557,-7.4746],[108.79587,-7.4746],[108.79587,-7.47415],[108.79559,-7.47415],[108.79562,-7.47369],[108.79562,-7.47369],[108.79565,-7.47324],[108.79568,-7.47279],[108.79571,-7.47234],[108.79574,-7.47189],[108.79574,-7.47186],[108.79574,-7.47185],[108.79574,-7.47184],[108.79588,-7.47143],[108.79588,-7.47142],[108.79597,-7.47114],[108.79588,-7.47129],[108.79588,-7.47129],[108.7958,-7.47144]]],[[[108.79138,-7.46735],[108.79137,-7.46735],[108.79092,-7.46735],[108.79092,-7.46689],[108.79047,-7.46689],[108.79047,-7.46644],[108.79047,-7.46643],[108.79047,-7.46599],[108.79093,-7.46599],[108.79093,-7.46644],[108.79093,-7.46648],[108.79093,-7.46689],[108.79115,-7.46689],[108.79116,-7.46689],[108.79138,-7.46689],[108.79138,-7.4669],[108.79183,-7.4669],[108.79183,-7.46735],[108.79144,-7.46735],[108.79138,-7.46735]]],[[[108.79422,-7.49186],[108.79397,-7.49184],[108.79397,-7.49176],[108.79443,-7.49176],[108.79443,-7.49188],[108.79422,-7.49186]]],[[[108.79579,-7.49132],[108.79578,-7.49132],[108.79578,-7.49177],[108.79533,-7.49177],[108.79533,-7.49176],[108.79488,-7.49176],[108.79443,-7.49176],[108.79443,-7.49131],[108.79488,-7.49131],[108.79533,-7.49131],[108.79533,-7.49086],[108.79579,-7.49086],[108.79579,-7.49131],[108.79579,-7.49132]]],[[[108.79398,-7.49131],[108.79398,-7.49085],[108.79443,-7.49085],[108.79443,-7.49041],[108.79443,-7.4904],[108.79488,-7.4904],[108.79488,-7.49041],[108.79488,-7.49086],[108.79443,-7.49086],[108.79443,-7.49131],[108.79398,-7.49131]]],[[[108.79579,-7.48905],[108.79579,-7.4886],[108.79625,-7.4886],[108.79625,-7.48861],[108.79659,-7.48861],[108.79668,-7.48861],[108.79671,-7.48861],[108.79671,-7.48882],[108.79671,-7.48892],[108.79671,-7.48906],[108.79715,-7.48906],[108.79716,-7.48906],[108.79761,-7.48906],[108.79761,-7.48952],[108.79805,-7.48952],[108.79806,-7.48952],[108.79851,-7.48952],[108.79851,-7.48907],[108.79897,-7.48907],[108.79897,-7.48952],[108.79897,-7.48982],[108.79897,-7.48995],[108.79897,-7.48997],[108.79897,-7.48998],[108.79851,-7.48998],[108.79851,-7.49042],[108.79851,-7.49043],[108.79851,-7.49088],[108.79805,-7.49088],[108.79805,-7.49043],[108.79805,-7.49042],[108.7976,-7.49042],[108.7976,-7.49087],[108.79714,-7.49087],[108.79714,-7.49042],[108.79669,-7.49042],[108.79669,-7.48997],[108.79669,-7.48996],[108.79624,-7.48996],[108.79624,-7.48951],[108.79624,-7.48906],[108.7958,-7.48906],[108.7958,-7.48951],[108.79534,-7.48951],[108.79534,-7.48905],[108.79579,-7.48905]],[[108.7976,-7.48997],[108.7976,-7.48952],[108.79716,-7.48952],[108.79715,-7.48952],[108.79715,-7.48996],[108.79715,-7.48997],[108.79715,-7.49042],[108.7976,-7.49042],[108.7976,-7.48997]]],[[[108.79398,-7.48814],[108.79444,-7.48814],[108.79444,-7.48769],[108.7949,-7.48769],[108.7949,-7.48724],[108.79536,-7.48724],[108.79536,-7.4877],[108.7949,-7.4877],[108.7949,-7.48815],[108.7949,-7.4886],[108.79489,-7.4886],[108.79489,-7.48905],[108.79443,-7.48905],[108.79443,-7.4886],[108.79398,-7.4886],[108.79398,-7.48814]]],[[[108.79537,-7.48634],[108.79536,-7.48634],[108.79491,-7.48634],[108.79491,-7.48589],[108.79536,-7.48589],[108.79537,-7.48589],[108.79537,-7.48634]]],[[[108.79499,-7.46917],[108.79499,-7.46962],[108.79499,-7.46963],[108.79453,-7.46963],[108.79453,-7.46962],[108.79453,-7.46917],[108.79499,-7.46917]]],[[[108.79409,-7.4694],[108.79409,-7.46962],[108.79363,-7.46962],[108.79363,-7.46917],[108.79401,-7.46917],[108.79409,-7.46917],[108.79409,-7.4694]]],[[[108.79365,-7.46736],[108.79319,-7.46736],[108.79319,-7.46691],[108.79365,-7.46691],[108.79365,-7.46736]]],[[[108.7932,-7.466],[108.7932,-7.46645],[108.79274,-7.46645],[108.79274,-7.466],[108.7932,-7.466]]],[[[108.79598,-7.45382],[108.79642,-7.45382],[108.79643,-7.45382],[108.79643,-7.45427],[108.79643,-7.45472],[108.79642,-7.45472],[108.79597,-7.45472],[108.79597,-7.45427],[108.79597,-7.45382],[108.79553,-7.45382],[108.79553,-7.45427],[108.79552,-7.45427],[108.79507,-7.45427],[108.79507,-7.45472],[108.79461,-7.45472],[108.79461,-7.45426],[108.79507,-7.45426],[108.79507,-7.45382],[108.79507,-7.45381],[108.79507,-7.45336],[108.79552,-7.45336],[108.79553,-7.45336],[108.79597,-7.45336],[108.79598,-7.45336],[108.79598,-7.45382]]],[[[108.79668,-7.49191],[108.79668,-7.49189],[108.79668,-7.49187],[108.79668,-7.49177],[108.79714,-7.49177],[108.79714,-7.4918],[108.79714,-7.49182],[108.79714,-7.49187],[108.79698,-7.4919],[108.79668,-7.49191]]],[[[108.79759,-7.49178],[108.79762,-7.49178],[108.79759,-7.49179],[108.79759,-7.49178]]],[[[108.79804,-7.49133],[108.7985,-7.49133],[108.7985,-7.49142],[108.7982,-7.49154],[108.79804,-7.4916],[108.79804,-7.49133]]],[[[108.79908,-7.49088],[108.79916,-7.49088],[108.79941,-7.49088],[108.79941,-7.49108],[108.79938,-7.49108],[108.79914,-7.49115],[108.79895,-7.49122],[108.79895,-7.49112],[108.79895,-7.49088],[108.79908,-7.49088]]],[[[108.79987,-7.48989],[108.79987,-7.48997],[108.79987,-7.48998],[108.79987,-7.49043],[108.79987,-7.49088],[108.80032,-7.49088],[108.80032,-7.49112],[108.80029,-7.49111],[108.79995,-7.49106],[108.79986,-7.49106],[108.79986,-7.49088],[108.79941,-7.49088],[108.79941,-7.49043],[108.79941,-7.48998],[108.79941,-7.48993],[108.79941,-7.48985],[108.79941,-7.48953],[108.79987,-7.48953],[108.79987,-7.48989]]],[[[108.80213,-7.48999],[108.80213,-7.49044],[108.80167,-7.49044],[108.80167,-7.48999],[108.80213,-7.48999]]],[[[108.80304,-7.48774],[108.80259,-7.48774],[108.80259,-7.48728],[108.80305,-7.48728],[108.80305,-7.48684],[108.80305,-7.48683],[108.80305,-7.48638],[108.8035,-7.48638],[108.8035,-7.48593],[108.8035,-7.48548],[108.80306,-7.48548],[108.80305,-7.48548],[108.80261,-7.48548],[108.8026,-7.48548],[108.80216,-7.48548],[108.80216,-7.48592],[108.8026,-7.48592],[108.80261,-7.48592],[108.80261,-7.48593],[108.80261,-7.48638],[108.8026,-7.48638],[108.80215,-7.48638],[108.80215,-7.48593],[108.8017,-7.48593],[108.8017,-7.48547],[108.80125,-7.48547],[108.8008,-7.48547],[108.8008,-7.48573],[108.8008,-7.48592],[108.80034,-7.48592],[108.80034,-7.48571],[108.80034,-7.48547],[108.80034,-7.48546],[108.80034,-7.48502],[108.80034,-7.48501],[108.80034,-7.48456],[108.8008,-7.48456],[108.8008,-7.48411],[108.8008,-7.48366],[108.80125,-7.48366],[108.80126,-7.48366],[108.80126,-7.48411],[108.80126,-7.48456],[108.80126,-7.48457],[108.8017,-7.48457],[108.8017,-7.48412],[108.80215,-7.48412],[108.80215,-7.48367],[108.8017,-7.48367],[108.8017,-7.48321],[108.80125,-7.48321],[108.80125,-7.48276],[108.80171,-7.48276],[108.80171,-7.48321],[108.80216,-7.48321],[108.80262,-7.48321],[108.80262,-7.48322],[108.80262,-7.48367],[108.80306,-7.48367],[108.80307,-7.48367],[108.80352,-7.48367],[108.80352,-7.48412],[108.80352,-7.48413],[108.80352,-7.48458],[108.80396,-7.48458],[108.80396,-7.48413],[108.80442,-7.48413],[108.80442,-7.48458],[108.80487,-7.48458],[108.80487,-7.48413],[108.80532,-7.48413],[108.80533,-7.48413],[108.80533,-7.48368],[108.80578,-7.48368],[108.80579,-7.48368],[108.80624,-7.48368],[108.80624,-7.48369],[108.80624,-7.48414],[108.80669,-7.48414],[108.80669,-7.48459],[108.80714,-7.48459],[108.80714,-7.48504],[108.80714,-7.48505],[108.80714,-7.4855],[108.80713,-7.4855],[108.80713,-7.48588],[108.80713,-7.48589],[108.80713,-7.48595],[108.80737,-7.48595],[108.80758,-7.48595],[108.80758,-7.4855],[108.80771,-7.4855],[108.80803,-7.4855],[108.80804,-7.4855],[108.80804,-7.48505],[108.80849,-7.48505],[108.8085,-7.48505],[108.80894,-7.48505],[108.80895,-7.48505],[108.80895,-7.48551],[108.80939,-7.48551],[108.8094,-7.48551],[108.80984,-7.48551],[108.80985,-7.48551],[108.80985,-7.48596],[108.81029,-7.48596],[108.81029,-7.48551],[108.8103,-7.48551],[108.81075,-7.48551],[108.81075,-7.48597],[108.81119,-7.48597],[108.8112,-7.48597],[108.81165,-7.48597],[108.81165,-7.48552],[108.81211,-7.48552],[108.81211,-7.48597],[108.81256,-7.48597],[108.81256,-7.48643],[108.81211,-7.48643],[108.8121,-7.48643],[108.8121,-7.48688],[108.81165,-7.48688],[108.81164,-7.48688],[108.81164,-7.48642],[108.8112,-7.48642],[108.81119,-7.48642],[108.81075,-7.48642],[108.81075,-7.48687],[108.81075,-7.48732],[108.8103,-7.48732],[108.8103,-7.48777],[108.81075,-7.48777],[108.81075,-7.48823],[108.81029,-7.48823],[108.81029,-7.48777],[108.80984,-7.48777],[108.80939,-7.48777],[108.80939,-7.48822],[108.80893,-7.48822],[108.80893,-7.48867],[108.80848,-7.48867],[108.80847,-7.48867],[108.80802,-7.48867],[108.80802,-7.48912],[108.80756,-7.48912],[108.80756,-7.48867],[108.80756,-7.48866],[108.80733,-7.48866],[108.80712,-7.48866],[108.80711,-7.48866],[108.80666,-7.48866],[108.80666,-7.48821],[108.80621,-7.48821],[108.80576,-7.48821],[108.80575,-7.48821],[108.80575,-7.4882],[108.80575,-7.48775],[108.80576,-7.48775],[108.80576,-7.4873],[108.80621,-7.4873],[108.80622,-7.4873],[108.80666,-7.4873],[108.80667,-7.4873],[108.80712,-7.4873],[108.80712,-7.48685],[108.80667,-7.48685],[108.80667,-7.4864],[108.80623,-7.4864],[108.80622,-7.4864],[108.80577,-7.4864],[108.80577,-7.48685],[108.80531,-7.48685],[108.80531,-7.48729],[108.80531,-7.4873],[108.80531,-7.48775],[108.80531,-7.4882],[108.80531,-7.48865],[108.80486,-7.48865],[108.80485,-7.48865],[108.8044,-7.48865],[108.8044,-7.4882],[108.8044,-7.48775],[108.8044,-7.48774],[108.8044,-7.48729],[108.80396,-7.48729],[108.80396,-7.48774],[108.80395,-7.48774],[108.80351,-7.48774],[108.8035,-7.48774],[108.8035,-7.48819],[108.80304,-7.48819],[108.80304,-7.48774]],[[108.80759,-7.4864],[108.80713,-7.4864],[108.80713,-7.48666],[108.80713,-7.48685],[108.80757,-7.48685],[108.80758,-7.48685],[108.80758,-7.48731],[108.80758,-7.48776],[108.80745,-7.48776],[108.80712,-7.48776],[108.80712,-7.48821],[108.80739,-7.48821],[108.80756,-7.48821],[108.80757,-7.48821],[108.80802,-7.48821],[108.80847,-7.48821],[108.80847,-7.48776],[108.80848,-7.48776],[108.80848,-7.48732],[108.80848,-7.48731],[108.80848,-7.48686],[108.80848,-7.48641],[108.80803,-7.48641],[108.80803,-7.48596],[108.80769,-7.48596],[108.80759,-7.48596],[108.80759,-7.48601],[108.80759,-7.4864]],[[108.80395,-7.48684],[108.80395,-7.48639],[108.80351,-7.48639],[108.80351,-7.48683],[108.80351,-7.48684],[108.80395,-7.48684]],[[108.80531,-7.48594],[108.80487,-7.48594],[108.80487,-7.48639],[108.80486,-7.48639],[108.80486,-7.48684],[108.80531,-7.48684],[108.80531,-7.4864],[108.80531,-7.48639],[108.80531,-7.48594]],[[108.80532,-7.48549],[108.80532,-7.48594],[108.80577,-7.48594],[108.80577,-7.48549],[108.80532,-7.48549]],[[108.80939,-7.48641],[108.80894,-7.48641],[108.80894,-7.48686],[108.80938,-7.48686],[108.80939,-7.48686],[108.80984,-7.48686],[108.80984,-7.48642],[108.80939,-7.48642],[108.80939,-7.48641]],[[108.80894,-7.48596],[108.80894,-7.48551],[108.8085,-7.48551],[108.80849,-7.48551],[108.80849,-7.48595],[108.80849,-7.48596],[108.80894,-7.48596]]],[[[108.79626,-7.4877],[108.79626,-7.48815],[108.79626,-7.48816],[108.7958,-7.48816],[108.7958,-7.48815],[108.7958,-7.4877],[108.79626,-7.4877]]],[[[108.79627,-7.4868],[108.79627,-7.48725],[108.79626,-7.48725],[108.79581,-7.48725],[108.79581,-7.4868],[108.79626,-7.4868],[108.79627,-7.4868]]],[[[108.8017,-7.48683],[108.80124,-7.48683],[108.80124,-7.48637],[108.8017,-7.48637],[108.8017,-7.48683]]],[[[108.79944,-7.48501],[108.79944,-7.48546],[108.79898,-7.48546],[108.79898,-7.48501],[108.79944,-7.48501]]],[[[108.8008,-7.48366],[108.80036,-7.48366],[108.80035,-7.48366],[108.80035,-7.48321],[108.80035,-7.4832],[108.80035,-7.48275],[108.80081,-7.48275],[108.80081,-7.48321],[108.8008,-7.48321],[108.8008,-7.48366]]],[[[108.79628,-7.48273],[108.79628,-7.48318],[108.79628,-7.48319],[108.79582,-7.48319],[108.79582,-7.48318],[108.79582,-7.48273],[108.79628,-7.48273]]],[[[108.79855,-7.48184],[108.799,-7.48184],[108.799,-7.48229],[108.799,-7.4823],[108.79859,-7.4823],[108.79855,-7.4823],[108.79855,-7.48229],[108.79855,-7.48227],[108.79855,-7.48184]]],[[[108.80036,-7.48185],[108.7999,-7.48185],[108.7999,-7.4814],[108.80036,-7.4814],[108.80036,-7.48185]]],[[[108.79855,-7.48139],[108.79855,-7.48184],[108.7981,-7.48184],[108.79809,-7.48184],[108.79809,-7.48139],[108.7981,-7.48139],[108.79855,-7.48139]]],[[[108.7972,-7.47958],[108.79675,-7.47958],[108.79674,-7.47958],[108.79674,-7.47912],[108.79675,-7.47912],[108.7972,-7.47912],[108.7972,-7.47958]]],[[[108.79676,-7.47867],[108.7963,-7.47867],[108.7963,-7.47822],[108.79676,-7.47822],[108.79676,-7.47867]]],[[[108.80265,-7.47689],[108.80265,-7.47734],[108.80219,-7.47734],[108.80219,-7.47689],[108.80265,-7.47689]]],[[[108.80222,-7.47237],[108.80177,-7.47237],[108.80176,-7.47237],[108.80176,-7.47192],[108.80177,-7.47192],[108.80222,-7.47192],[108.80222,-7.47237]]],[[[108.80269,-7.46966],[108.80223,-7.46966],[108.80223,-7.46921],[108.80269,-7.46921],[108.80269,-7.46966]]],[[[108.79862,-7.46919],[108.79862,-7.46964],[108.79861,-7.46964],[108.79816,-7.46964],[108.79816,-7.46919],[108.79861,-7.46919],[108.79862,-7.46919]]],[[[108.80179,-7.4683],[108.80179,-7.46876],[108.80133,-7.46876],[108.80133,-7.4683],[108.80133,-7.46785],[108.80179,-7.46785],[108.80179,-7.4683]]],[[[108.80043,-7.4683],[108.80043,-7.46875],[108.79997,-7.46875],[108.79997,-7.4683],[108.79997,-7.46829],[108.80043,-7.46829],[108.80043,-7.4683]]],[[[108.8036,-7.46515],[108.80406,-7.46515],[108.80451,-7.46515],[108.80451,-7.4647],[108.80406,-7.4647],[108.80406,-7.46425],[108.80407,-7.46425],[108.80407,-7.4638],[108.80362,-7.4638],[108.80362,-7.46334],[108.80408,-7.46334],[108.80408,-7.46335],[108.80452,-7.46335],[108.80453,-7.46335],[108.80453,-7.4629],[108.80498,-7.4629],[108.80499,-7.4629],[108.80543,-7.4629],[108.80543,-7.46245],[108.80543,-7.462],[108.80544,-7.462],[108.80588,-7.462],[108.80588,-7.46155],[108.80589,-7.46155],[108.80589,-7.4611],[108.80544,-7.4611],[108.80544,-7.46064],[108.8059,-7.46064],[108.8059,-7.4611],[108.80634,-7.4611],[108.80634,-7.46065],[108.8068,-7.46065],[108.80725,-7.46065],[108.80726,-7.46065],[108.8077,-7.46065],[108.80771,-7.46065],[108.80771,-7.4602],[108.80771,-7.46006],[108.80771,-7.45997],[108.80771,-7.45975],[108.80817,-7.45975],[108.80817,-7.4599],[108.80817,-7.45999],[108.80817,-7.4602],[108.80862,-7.4602],[108.80862,-7.45992],[108.80862,-7.45984],[108.80862,-7.45975],[108.80889,-7.45975],[108.80898,-7.45975],[108.80907,-7.45975],[108.80907,-7.45961],[108.80907,-7.45945],[108.80907,-7.4593],[108.80915,-7.4593],[108.80925,-7.4593],[108.80952,-7.4593],[108.80952,-7.45886],[108.80952,-7.45885],[108.80952,-7.45883],[108.80983,-7.45855],[108.80952,-7.45879],[108.80952,-7.4584],[108.80998,-7.4584],[108.80998,-7.45841],[108.80998,-7.45843],[108.80998,-7.45885],[108.80998,-7.45886],[108.80998,-7.45931],[108.80953,-7.45931],[108.80953,-7.45976],[108.80952,-7.45976],[108.80908,-7.45976],[108.80908,-7.46021],[108.80907,-7.46021],[108.80862,-7.46021],[108.80862,-7.46065],[108.80862,-7.46066],[108.80907,-7.46066],[108.80907,-7.46111],[108.80862,-7.46111],[108.80861,-7.46111],[108.80816,-7.46111],[108.80771,-7.46111],[108.80771,-7.46156],[108.8077,-7.46156],[108.8077,-7.46201],[108.80725,-7.46201],[108.80724,-7.46201],[108.80679,-7.46201],[108.80679,-7.46246],[108.80634,-7.46246],[108.80634,-7.4629],[108.80634,-7.46291],[108.80589,-7.46291],[108.80589,-7.46335],[108.80634,-7.46335],[108.80634,-7.46336],[108.80634,-7.46381],[108.80634,-7.46426],[108.80589,-7.46426],[108.80588,-7.46426],[108.80543,-7.46426],[108.80543,-7.46471],[108.80497,-7.46471],[108.80497,-7.46516],[108.80452,-7.46516],[108.80452,-7.46561],[108.80406,-7.46561],[108.80406,-7.46606],[108.8036,-7.46606],[108.8036,-7.46651],[108.80315,-7.46651],[108.80315,-7.4665],[108.8027,-7.4665],[108.8027,-7.46605],[108.80315,-7.46605],[108.80315,-7.4656],[108.8036,-7.4656],[108.8036,-7.46515]],[[108.80544,-7.46336],[108.80544,-7.4638],[108.80588,-7.4638],[108.80588,-7.46336],[108.80544,-7.46336]],[[108.80497,-7.46426],[108.80497,-7.46425],[108.80453,-7.46425],[108.80452,-7.46425],[108.80452,-7.4647],[108.80497,-7.4647],[108.80497,-7.46426]],[[108.80679,-7.46155],[108.80679,-7.4611],[108.80635,-7.4611],[108.80635,-7.46155],[108.80679,-7.46155]]],[[[108.8018,-7.46514],[108.8018,-7.46559],[108.80135,-7.46559],[108.80135,-7.46514],[108.8018,-7.46514]]],[[[108.79864,-7.46558],[108.79818,-7.46558],[108.79818,-7.46512],[108.79864,-7.46512],[108.79864,-7.46558]]],[[[108.8018,-7.46469],[108.80135,-7.46469],[108.80135,-7.46424],[108.8018,-7.46424],[108.8018,-7.46469]]],[[[108.79683,-7.46331],[108.79683,-7.46376],[108.79637,-7.46376],[108.79637,-7.46331],[108.79683,-7.46331]]],[[[108.80317,-7.46289],[108.80317,-7.46334],[108.80271,-7.46334],[108.80271,-7.46289],[108.80317,-7.46289]]],[[[108.80137,-7.46153],[108.80136,-7.46153],[108.80091,-7.46153],[108.80091,-7.46152],[108.80091,-7.46107],[108.80091,-7.46062],[108.80103,-7.46062],[108.80137,-7.46062],[108.80137,-7.46069],[108.80137,-7.46107],[108.80182,-7.46107],[108.80182,-7.46108],[108.80227,-7.46108],[108.80228,-7.46108],[108.80273,-7.46108],[108.80273,-7.46153],[108.80228,-7.46153],[108.80228,-7.46198],[108.80272,-7.46198],[108.80272,-7.46243],[108.80272,-7.46244],[108.80226,-7.46244],[108.80226,-7.46243],[108.80182,-7.46243],[108.80181,-7.46243],[108.80136,-7.46243],[108.80136,-7.46198],[108.80181,-7.46198],[108.80182,-7.46198],[108.80182,-7.46153],[108.80137,-7.46153]]],[[[108.80046,-7.46197],[108.80046,-7.46242],[108.8,-7.46242],[108.8,-7.46197],[108.80046,-7.46197]]],[[[108.80273,-7.46063],[108.80228,-7.46063],[108.80182,-7.46063],[108.80182,-7.46062],[108.80153,-7.46062],[108.80137,-7.46062],[108.80137,-7.46059],[108.80137,-7.46017],[108.80182,-7.46017],[108.80183,-7.46017],[108.80228,-7.46017],[108.80273,-7.46017],[108.80274,-7.46017],[108.80274,-7.46063],[108.80273,-7.46063]]],[[[108.79734,-7.45111],[108.79734,-7.45098],[108.7974,-7.45096],[108.79761,-7.45089],[108.7978,-7.45087],[108.7978,-7.45111],[108.7978,-7.45112],[108.7978,-7.45157],[108.7978,-7.45202],[108.79734,-7.45202],[108.79734,-7.45157],[108.79734,-7.45112],[108.79734,-7.45111]]],[[[108.79916,-7.4508],[108.79916,-7.45112],[108.79916,-7.45157],[108.79916,-7.45158],[108.7987,-7.45158],[108.7987,-7.45157],[108.79825,-7.45157],[108.79825,-7.45112],[108.79825,-7.45081],[108.79851,-7.45079],[108.7987,-7.45079],[108.79901,-7.45078],[108.79916,-7.45079],[108.79916,-7.4508]]],[[[108.80618,-7.49543],[108.80618,-7.49588],[108.80618,-7.49589],[108.80572,-7.49589],[108.80572,-7.49588],[108.80572,-7.49543],[108.80618,-7.49543]]],[[[108.80754,-7.49499],[108.80799,-7.49499],[108.80799,-7.49544],[108.80753,-7.49544],[108.80753,-7.49499],[108.80708,-7.49499],[108.80708,-7.49453],[108.80724,-7.49453],[108.80735,-7.49453],[108.80754,-7.49453],[108.80754,-7.49499]]],[[[108.80573,-7.49407],[108.80573,-7.49453],[108.80618,-7.49453],[108.80618,-7.49498],[108.80573,-7.49498],[108.80572,-7.49498],[108.80572,-7.49453],[108.80556,-7.49453],[108.80568,-7.49407],[108.80573,-7.49407]]],[[[108.80664,-7.49318],[108.80618,-7.49318],[108.80618,-7.49272],[108.80595,-7.49272],[108.80593,-7.49264],[108.80581,-7.49248],[108.80573,-7.49244],[108.80573,-7.49227],[108.80619,-7.49227],[108.80619,-7.49272],[108.80664,-7.49272],[108.80664,-7.49318]]],[[[108.80665,-7.49227],[108.80619,-7.49227],[108.80619,-7.49182],[108.80665,-7.49182],[108.80665,-7.49227]]],[[[108.8071,-7.49183],[108.8071,-7.49182],[108.8071,-7.49137],[108.8071,-7.49092],[108.80756,-7.49092],[108.80756,-7.49137],[108.80801,-7.49137],[108.80801,-7.49183],[108.80756,-7.49183],[108.80755,-7.49183],[108.8071,-7.49183]]],[[[108.80484,-7.49091],[108.80484,-7.49136],[108.80438,-7.49136],[108.80438,-7.49091],[108.80484,-7.49091]]],[[[108.80711,-7.49047],[108.80711,-7.49038],[108.80711,-7.49002],[108.80715,-7.49002],[108.80756,-7.49002],[108.80756,-7.49047],[108.80711,-7.49047]]],[[[108.80404,-7.49019],[108.80396,-7.49],[108.8044,-7.49],[108.8044,-7.49045],[108.80411,-7.49045],[108.80404,-7.49019]]],[[[108.80711,-7.48956],[108.80711,-7.49002],[108.80666,-7.49002],[108.80666,-7.48956],[108.80711,-7.48956]]],[[[108.80576,-7.48956],[108.80576,-7.49001],[108.8053,-7.49001],[108.8053,-7.48956],[108.8053,-7.48955],[108.80576,-7.48955],[108.80576,-7.48956]]],[[[108.80485,-7.48955],[108.80439,-7.48955],[108.80439,-7.4891],[108.80485,-7.4891],[108.80485,-7.48955]]],[[[108.80666,-7.48911],[108.80621,-7.48911],[108.8062,-7.48911],[108.8062,-7.48866],[108.80621,-7.48866],[108.80666,-7.48866],[108.80666,-7.48911]]],[[[108.80669,-7.48279],[108.80624,-7.48279],[108.80624,-7.48278],[108.80624,-7.48233],[108.80669,-7.48233],[108.80669,-7.48188],[108.80715,-7.48188],[108.80715,-7.48234],[108.80669,-7.48234],[108.80669,-7.48278],[108.80669,-7.48279]]],[[[108.80624,-7.48188],[108.80624,-7.48233],[108.80579,-7.48233],[108.80579,-7.48188],[108.80624,-7.48188]]],[[[108.8076,-7.48053],[108.80806,-7.48053],[108.80851,-7.48053],[108.80851,-7.48008],[108.80806,-7.48008],[108.80806,-7.47963],[108.80807,-7.47963],[108.80807,-7.47918],[108.80761,-7.47918],[108.80761,-7.47872],[108.80762,-7.47872],[108.80762,-7.47827],[108.80807,-7.47827],[108.80807,-7.47782],[108.80852,-7.47782],[108.80852,-7.47738],[108.80852,-7.47737],[108.80852,-7.47692],[108.80853,-7.47692],[108.80853,-7.47647],[108.80853,-7.47602],[108.80809,-7.47602],[108.80808,-7.47602],[108.80763,-7.47602],[108.80763,-7.47646],[108.80808,-7.47646],[108.80808,-7.47647],[108.80808,-7.47692],[108.80763,-7.47692],[108.80762,-7.47692],[108.80717,-7.47692],[108.80717,-7.47647],[108.80717,-7.47646],[108.80717,-7.47601],[108.80763,-7.47601],[108.80763,-7.47556],[108.80718,-7.47556],[108.80673,-7.47556],[108.80673,-7.47601],[108.80627,-7.47601],[108.80627,-7.47556],[108.80627,-7.47555],[108.80672,-7.47555],[108.80672,-7.47511],[108.80672,-7.4751],[108.80672,-7.47465],[108.80627,-7.47465],[108.80627,-7.4742],[108.80673,-7.4742],[108.80673,-7.47375],[108.80673,-7.4733],[108.80719,-7.4733],[108.80765,-7.4733],[108.80765,-7.47375],[108.80765,-7.47376],[108.80764,-7.47376],[108.80764,-7.4742],[108.80764,-7.47421],[108.80764,-7.47466],[108.80809,-7.47466],[108.80809,-7.47511],[108.80854,-7.47511],[108.80854,-7.47467],[108.80854,-7.47466],[108.80854,-7.47421],[108.80809,-7.47421],[108.80809,-7.47376],[108.80854,-7.47376],[108.80855,-7.47376],[108.80855,-7.47331],[108.809,-7.47331],[108.809,-7.47286],[108.80855,-7.47286],[108.80855,-7.4724],[108.80901,-7.4724],[108.80901,-7.47286],[108.80946,-7.47286],[108.80946,-7.47241],[108.80946,-7.47196],[108.80991,-7.47196],[108.80991,-7.47241],[108.81036,-7.47241],[108.81036,-7.47286],[108.81081,-7.47286],[108.81081,-7.47242],[108.81081,-7.47241],[108.81127,-7.47241],[108.81127,-7.47197],[108.81127,-7.47196],[108.81173,-7.47196],[108.81173,-7.47197],[108.81217,-7.47197],[108.81218,-7.47197],[108.81218,-7.47152],[108.81264,-7.47152],[108.81264,-7.47197],[108.81263,-7.47197],[108.81263,-7.47242],[108.81218,-7.47242],[108.81218,-7.47287],[108.81263,-7.47287],[108.81263,-7.47333],[108.81217,-7.47333],[108.81217,-7.47378],[108.81262,-7.47378],[108.81262,-7.47423],[108.81262,-7.47468],[108.81306,-7.47468],[108.81307,-7.47468],[108.81352,-7.47468],[108.81352,-7.47469],[108.81352,-7.47514],[108.81352,-7.47559],[108.81307,-7.47559],[108.81307,-7.47604],[108.81351,-7.47604],[108.81352,-7.47604],[108.81352,-7.47649],[108.81396,-7.47649],[108.81397,-7.47649],[108.81397,-7.4765],[108.81441,-7.4765],[108.81442,-7.4765],[108.81486,-7.4765],[108.81487,-7.4765],[108.81532,-7.4765],[108.81577,-7.4765],[108.81577,-7.47605],[108.81533,-7.47605],[108.81532,-7.47605],[108.81488,-7.47605],[108.81487,-7.47605],[108.81442,-7.47605],[108.81396,-7.47605],[108.81396,-7.47559],[108.81442,-7.47559],[108.81487,-7.47559],[108.81487,-7.47515],[108.81442,-7.47515],[108.81442,-7.47469],[108.81397,-7.47469],[108.81397,-7.47424],[108.81442,-7.47424],[108.81443,-7.47424],[108.81488,-7.47424],[108.81534,-7.47424],[108.81534,-7.4747],[108.81488,-7.4747],[108.81488,-7.47515],[108.81533,-7.47515],[108.81578,-7.47515],[108.81579,-7.47515],[108.81623,-7.47515],[108.81623,-7.4747],[108.81626,-7.4747],[108.81624,-7.47515],[108.81624,-7.47516],[108.81624,-7.47516],[108.81622,-7.4756],[108.8162,-7.47606],[108.8162,-7.47606],[108.81619,-7.47628],[108.81612,-7.47651],[108.81599,-7.47696],[108.81595,-7.4771],[108.81588,-7.47741],[108.81577,-7.47741],[108.81532,-7.47741],[108.81532,-7.47786],[108.81487,-7.47786],[108.81486,-7.47786],[108.81486,-7.47741],[108.81486,-7.4774],[108.81486,-7.47696],[108.81486,-7.47695],[108.81442,-7.47695],[108.81442,-7.4774],[108.81441,-7.4774],[108.81396,-7.4774],[108.81396,-7.47695],[108.81352,-7.47695],[108.81351,-7.47695],[108.81306,-7.47695],[108.81306,-7.47649],[108.81262,-7.47649],[108.81261,-7.47649],[108.81261,-7.47694],[108.81216,-7.47694],[108.81215,-7.47694],[108.81171,-7.47694],[108.8117,-7.47694],[108.81125,-7.47694],[108.81079,-7.47694],[108.81079,-7.47693],[108.81035,-7.47693],[108.81034,-7.47693],[108.81034,-7.47738],[108.80988,-7.47738],[108.80988,-7.47693],[108.80989,-7.47693],[108.80989,-7.47648],[108.80944,-7.47648],[108.80944,-7.47692],[108.80944,-7.47693],[108.80944,-7.47738],[108.80943,-7.47738],[108.80943,-7.47783],[108.80943,-7.47828],[108.80987,-7.47828],[108.80988,-7.47828],[108.81033,-7.47828],[108.81033,-7.47874],[108.80988,-7.47874],[108.80987,-7.47874],[108.80943,-7.47874],[108.80943,-7.47918],[108.80988,-7.47918],[108.80988,-7.47919],[108.80988,-7.47964],[108.80943,-7.47964],[108.80942,-7.47964],[108.80898,-7.47964],[108.80898,-7.48009],[108.80897,-7.48009],[108.80897,-7.48054],[108.80852,-7.48054],[108.80852,-7.48099],[108.80897,-7.48099],[108.80897,-7.48144],[108.80942,-7.48144],[108.80942,-7.48189],[108.80942,-7.4819],[108.80941,-7.4819],[108.80941,-7.48202],[108.80941,-7.48234],[108.80941,-7.48235],[108.80941,-7.4828],[108.80986,-7.4828],[108.80986,-7.48325],[108.80986,-7.4837],[108.80986,-7.48371],[108.8094,-7.48371],[108.8094,-7.4837],[108.8094,-7.48325],[108.8094,-7.4828],[108.80896,-7.4828],[108.80895,-7.4828],[108.80895,-7.48325],[108.8085,-7.48325],[108.80849,-7.48325],[108.80804,-7.48325],[108.80804,-7.48324],[108.80785,-7.48324],[108.80784,-7.48324],[108.80759,-7.48324],[108.80759,-7.48279],[108.8079,-7.48279],[108.80804,-7.48279],[108.80805,-7.48279],[108.80849,-7.48279],[108.8085,-7.48279],[108.8085,-7.48235],[108.8085,-7.48234],[108.8085,-7.4819],[108.8085,-7.48189],[108.8085,-7.48144],[108.80851,-7.48144],[108.80851,-7.48099],[108.80806,-7.48099],[108.80761,-7.48099],[108.80761,-7.48143],[108.80761,-7.48144],[108.80715,-7.48144],[108.80715,-7.48143],[108.80715,-7.48098],[108.8076,-7.48098],[108.8076,-7.48053]],[[108.80673,-7.47465],[108.80718,-7.47465],[108.80718,-7.47421],[108.80718,-7.4742],[108.80673,-7.4742],[108.80673,-7.47465]],[[108.80946,-7.47331],[108.80991,-7.47331],[108.80991,-7.47286],[108.80946,-7.47286],[108.80946,-7.47331]],[[108.81036,-7.47377],[108.81036,-7.47332],[108.80991,-7.47332],[108.80991,-7.47376],[108.80991,-7.47377],[108.81036,-7.47377]],[[108.80945,-7.47557],[108.80989,-7.47557],[108.8099,-7.47557],[108.8099,-7.47512],[108.80945,-7.47512],[108.80945,-7.47557]],[[108.80901,-7.47376],[108.80945,-7.47376],[108.80945,-7.47331],[108.80901,-7.47331],[108.80901,-7.47376]],[[108.81172,-7.47242],[108.81127,-7.47242],[108.81127,-7.47287],[108.81127,-7.47332],[108.81126,-7.47332],[108.81126,-7.47377],[108.81171,-7.47377],[108.81171,-7.47332],[108.81217,-7.47332],[108.81217,-7.47287],[108.81172,-7.47287],[108.81172,-7.47242]],[[108.81216,-7.47378],[108.81171,-7.47378],[108.81171,-7.47422],[108.81171,-7.47423],[108.81216,-7.47423],[108.81216,-7.47378]]],[[[108.80671,-7.48007],[108.80716,-7.48007],[108.80716,-7.47963],[108.80716,-7.47962],[108.80762,-7.47962],[108.80762,-7.47963],[108.80762,-7.48008],[108.80716,-7.48008],[108.80716,-7.48053],[108.80671,-7.48053],[108.8067,-7.48053],[108.80625,-7.48053],[108.80625,-7.48007],[108.8067,-7.48007],[108.80671,-7.48007]]],[[[108.80626,-7.47872],[108.80626,-7.47917],[108.8058,-7.47917],[108.8058,-7.47872],[108.8058,-7.47871],[108.80626,-7.47871],[108.80626,-7.47872]]],[[[108.80628,-7.47691],[108.80627,-7.47691],[108.80582,-7.47691],[108.80582,-7.47646],[108.80627,-7.47646],[108.80628,-7.47646],[108.80628,-7.47691]]],[[[108.80537,-7.47555],[108.80492,-7.47555],[108.80492,-7.4751],[108.80492,-7.47465],[108.80492,-7.47464],[108.80537,-7.47464],[108.80537,-7.47465],[108.80537,-7.4751],[108.80537,-7.47555]]],[[[108.80447,-7.47419],[108.80447,-7.47464],[108.80402,-7.47464],[108.80402,-7.47419],[108.80447,-7.47419]]],[[[108.80493,-7.47419],[108.80447,-7.47419],[108.80447,-7.47374],[108.80493,-7.47374],[108.80493,-7.47419]]],[[[108.80766,-7.47194],[108.80766,-7.47195],[108.80811,-7.47195],[108.80811,-7.4724],[108.80766,-7.4724],[108.80765,-7.4724],[108.8072,-7.4724],[108.8072,-7.47194],[108.80766,-7.47194]]],[[[108.8045,-7.46922],[108.8045,-7.46967],[108.80404,-7.46967],[108.80404,-7.46922],[108.8045,-7.46922]]],[[[108.80541,-7.46877],[108.8054,-7.46877],[108.80495,-7.46877],[108.80495,-7.46832],[108.8054,-7.46832],[108.80541,-7.46832],[108.80541,-7.46877]]],[[[108.80405,-7.46877],[108.80359,-7.46877],[108.80359,-7.46831],[108.80405,-7.46831],[108.80405,-7.46877]]],[[[108.80722,-7.46743],[108.80722,-7.46788],[108.80676,-7.46788],[108.80676,-7.46743],[108.80676,-7.46742],[108.80722,-7.46742],[108.80722,-7.46743]]],[[[108.80723,-7.46607],[108.80723,-7.46652],[108.80677,-7.46652],[108.80677,-7.46607],[108.80723,-7.46607]]],[[[108.80545,-7.45974],[108.80545,-7.46019],[108.80525,-7.46019],[108.80499,-7.46019],[108.80499,-7.46012],[108.80499,-7.45974],[108.80545,-7.45974]]],[[[108.80682,-7.45703],[108.80682,-7.45749],[108.80637,-7.45749],[108.80637,-7.45703],[108.80682,-7.45703]]],[[[108.8073,-7.45252],[108.8073,-7.45297],[108.80684,-7.45297],[108.80684,-7.45252],[108.8073,-7.45252]]],[[[108.8064,-7.45161],[108.8064,-7.45206],[108.80594,-7.45206],[108.80594,-7.45161],[108.8064,-7.45161]]],[[[108.81023,-7.49952],[108.81023,-7.49977],[108.80996,-7.49961],[108.80986,-7.49952],[108.81023,-7.49952]]],[[[108.80919,-7.49861],[108.8091,-7.49816],[108.80933,-7.49816],[108.80933,-7.49861],[108.8092,-7.49861],[108.80919,-7.49861]]],[[[108.80934,-7.49726],[108.80888,-7.49726],[108.80888,-7.49704],[108.80888,-7.4968],[108.80915,-7.4968],[108.80934,-7.4968],[108.80934,-7.49726]]],[[[108.80936,-7.4941],[108.80936,-7.49454],[108.80936,-7.49455],[108.8089,-7.49455],[108.8089,-7.49454],[108.8089,-7.49409],[108.8089,-7.49364],[108.80935,-7.49364],[108.80935,-7.49319],[108.80981,-7.49319],[108.80981,-7.49364],[108.80981,-7.4941],[108.80936,-7.4941]]],[[[108.81072,-7.49319],[108.81072,-7.4932],[108.81116,-7.4932],[108.81117,-7.4932],[108.81161,-7.4932],[108.81162,-7.4932],[108.81207,-7.4932],[108.81207,-7.49366],[108.81162,-7.49366],[108.81162,-7.4941],[108.81162,-7.49411],[108.81161,-7.49411],[108.81116,-7.49411],[108.81116,-7.4941],[108.81116,-7.49365],[108.81072,-7.49365],[108.81071,-7.49365],[108.81026,-7.49365],[108.81026,-7.49319],[108.81071,-7.49319],[108.81072,-7.49319]]],[[[108.81072,-7.49229],[108.81072,-7.49274],[108.81072,-7.49275],[108.81026,-7.49275],[108.81026,-7.49274],[108.81026,-7.49229],[108.81072,-7.49229]]],[[[108.80981,-7.49229],[108.80937,-7.49229],[108.80936,-7.49229],[108.80891,-7.49229],[108.80891,-7.49228],[108.80846,-7.49228],[108.80846,-7.49183],[108.80891,-7.49183],[108.80936,-7.49183],[108.80937,-7.49183],[108.80981,-7.49183],[108.80982,-7.49183],[108.80982,-7.49184],[108.80982,-7.49229],[108.80981,-7.49229]]],[[[108.80937,-7.49003],[108.80937,-7.49048],[108.80891,-7.49048],[108.80891,-7.49003],[108.80891,-7.49002],[108.80937,-7.49002],[108.80937,-7.49003]]],[[[108.80985,-7.48461],[108.8103,-7.48461],[108.8103,-7.48506],[108.80985,-7.48506],[108.80984,-7.48506],[108.80939,-7.48506],[108.80939,-7.48461],[108.80984,-7.48461],[108.80985,-7.48461]]],[[[108.8085,-7.48415],[108.8085,-7.4846],[108.80849,-7.4846],[108.80804,-7.4846],[108.80804,-7.48415],[108.80849,-7.48415],[108.8085,-7.48415]]],[[[108.80946,-7.4715],[108.80946,-7.47196],[108.80901,-7.47196],[108.809,-7.47196],[108.809,-7.4715],[108.80901,-7.4715],[108.80946,-7.4715]]],[[[108.81037,-7.47151],[108.80991,-7.47151],[108.80991,-7.47106],[108.80991,-7.47105],[108.81037,-7.47105],[108.81037,-7.47106],[108.81037,-7.47151]]],[[[108.80901,-7.47105],[108.80856,-7.47105],[108.80855,-7.47105],[108.80855,-7.4706],[108.80856,-7.4706],[108.80901,-7.4706],[108.80901,-7.47105]]],[[[108.80993,-7.46879],[108.80993,-7.46925],[108.80947,-7.46925],[108.80947,-7.46879],[108.80993,-7.46879]]],[[[108.80858,-7.46788],[108.80858,-7.46834],[108.80812,-7.46834],[108.80812,-7.46788],[108.80858,-7.46788]]],[[[108.81042,-7.46157],[108.81042,-7.46202],[108.80996,-7.46202],[108.80996,-7.46157],[108.81042,-7.46157]]],[[[108.81043,-7.45841],[108.81043,-7.45807],[108.81043,-7.45799],[108.81043,-7.45796],[108.81047,-7.45796],[108.81058,-7.45796],[108.81089,-7.45796],[108.81089,-7.45841],[108.81043,-7.45841]]],[[[108.81034,-7.4566],[108.81045,-7.4566],[108.81045,-7.45705],[108.81034,-7.45705],[108.81025,-7.45705],[108.80999,-7.45705],[108.80999,-7.4566],[108.81025,-7.4566],[108.81034,-7.4566]]],[[[108.80954,-7.45659],[108.80954,-7.45705],[108.80908,-7.45705],[108.80908,-7.45659],[108.80954,-7.45659]]],[[[108.81113,-7.49952],[108.81159,-7.49952],[108.81159,-7.49986],[108.81143,-7.49995],[108.81118,-7.49998],[108.81117,-7.49998],[108.81113,-7.49998],[108.81113,-7.49952]]],[[[108.81341,-7.49773],[108.81341,-7.49728],[108.81386,-7.49728],[108.81387,-7.49728],[108.81432,-7.49728],[108.81432,-7.49732],[108.81419,-7.49773],[108.81417,-7.49778],[108.81413,-7.4979],[108.8141,-7.49818],[108.81404,-7.49864],[108.81404,-7.49864],[108.81401,-7.49879],[108.81397,-7.49898],[108.81392,-7.49909],[108.81385,-7.49909],[108.81385,-7.49864],[108.81385,-7.49863],[108.81385,-7.49818],[108.81386,-7.49818],[108.81386,-7.49773],[108.81341,-7.49773]]],[[[108.81251,-7.49772],[108.8125,-7.49772],[108.8125,-7.49817],[108.81295,-7.49817],[108.81295,-7.49818],[108.81295,-7.49844],[108.81282,-7.49842],[108.81263,-7.49847],[108.81249,-7.49855],[108.81249,-7.49818],[108.81204,-7.49818],[108.81204,-7.49817],[108.81204,-7.49772],[108.81205,-7.49772],[108.81205,-7.49727],[108.81251,-7.49727],[108.81251,-7.49772]]],[[[108.81441,-7.49412],[108.81433,-7.49412],[108.81433,-7.49386],[108.81438,-7.49403],[108.81441,-7.49412]]],[[[108.81162,-7.49229],[108.81162,-7.49275],[108.81117,-7.49275],[108.81116,-7.49275],[108.81116,-7.49229],[108.81117,-7.49229],[108.81162,-7.49229]]],[[[108.81163,-7.49185],[108.81117,-7.49185],[108.81117,-7.49139],[108.81163,-7.49139],[108.81163,-7.49185]]],[[[108.81375,-7.49012],[108.8139,-7.4904],[108.8139,-7.4905],[108.81344,-7.4905],[108.81344,-7.49005],[108.81374,-7.49005],[108.81375,-7.49005],[108.81375,-7.49012]]],[[[108.8139,-7.48934],[108.8139,-7.48915],[108.81394,-7.48915],[108.81391,-7.4893],[108.8139,-7.48934]]],[[[108.8139,-7.48869],[108.8139,-7.48915],[108.81345,-7.48915],[108.81345,-7.48869],[108.8139,-7.48869]]],[[[108.813,-7.48869],[108.813,-7.48914],[108.81255,-7.48914],[108.81255,-7.48869],[108.813,-7.48869]]],[[[108.81119,-7.48823],[108.81164,-7.48823],[108.81165,-7.48823],[108.8121,-7.48823],[108.8121,-7.48869],[108.81164,-7.48869],[108.81164,-7.48868],[108.81119,-7.48868],[108.81119,-7.48823]]],[[[108.81392,-7.48557],[108.81392,-7.48558],[108.8139,-7.48558],[108.81377,-7.48571],[108.81372,-7.48579],[108.81371,-7.48598],[108.81371,-7.4863],[108.81371,-7.48634],[108.81373,-7.48643],[108.81373,-7.48643],[108.81376,-7.4867],[108.81383,-7.48689],[108.81346,-7.48689],[108.81346,-7.48644],[108.81346,-7.48643],[108.81346,-7.48598],[108.81346,-7.48553],[108.81392,-7.48553],[108.81392,-7.48557]]],[[[108.81709,-7.48419],[108.81709,-7.48374],[108.8171,-7.48374],[108.8171,-7.48329],[108.8171,-7.48284],[108.81755,-7.48284],[108.81755,-7.48239],[108.818,-7.48239],[108.81797,-7.48251],[108.81784,-7.48284],[108.81769,-7.48322],[108.81766,-7.48329],[108.81756,-7.48356],[108.81756,-7.48357],[108.81749,-7.48374],[108.81744,-7.4839],[108.81733,-7.48419],[108.81733,-7.4842],[108.81733,-7.4842],[108.81728,-7.48431],[108.81715,-7.48465],[108.81714,-7.48465],[108.81709,-7.48465],[108.81709,-7.48476],[108.81679,-7.4851],[108.81664,-7.4851],[108.81663,-7.4851],[108.81663,-7.48509],[108.81619,-7.48509],[108.81619,-7.48554],[108.81622,-7.48554],[108.81618,-7.48556],[108.81618,-7.48554],[108.81573,-7.48554],[108.81573,-7.48509],[108.81618,-7.48509],[108.81618,-7.48464],[108.81619,-7.48464],[108.81663,-7.48464],[108.81664,-7.48464],[108.81664,-7.48419],[108.81709,-7.48419]]],[[[108.81302,-7.48507],[108.81302,-7.48553],[108.81256,-7.48553],[108.81256,-7.48507],[108.81302,-7.48507]]],[[[108.81484,-7.48418],[108.81484,-7.48463],[108.81483,-7.48463],[108.81438,-7.48463],[108.81438,-7.48418],[108.81483,-7.48418],[108.81484,-7.48418]]],[[[108.81212,-7.48372],[108.81257,-7.48372],[108.81258,-7.48372],[108.81303,-7.48372],[108.81303,-7.48417],[108.81258,-7.48417],[108.81257,-7.48417],[108.81212,-7.48417],[108.81212,-7.48372]]],[[[108.81167,-7.48326],[108.81167,-7.48371],[108.81121,-7.48371],[108.81121,-7.48326],[108.81167,-7.48326]]],[[[108.81168,-7.48055],[108.81168,-7.481],[108.81123,-7.481],[108.81123,-7.48055],[108.81168,-7.48055]]],[[[108.8144,-7.48011],[108.8144,-7.48056],[108.8144,-7.48057],[108.81394,-7.48057],[108.81394,-7.48056],[108.81394,-7.48011],[108.8144,-7.48011]]],[[[108.81078,-7.48009],[108.81078,-7.47964],[108.81123,-7.47964],[108.81123,-7.48009],[108.81123,-7.4801],[108.81123,-7.48055],[108.81078,-7.48055],[108.81078,-7.4801],[108.81078,-7.48009]]],[[[108.81305,-7.4792],[108.81259,-7.4792],[108.81259,-7.47875],[108.81305,-7.47875],[108.81305,-7.4792]]],[[[108.81215,-7.4783],[108.81169,-7.4783],[108.81169,-7.47874],[108.81123,-7.47874],[108.81123,-7.47829],[108.81078,-7.47829],[108.81078,-7.47784],[108.81124,-7.47784],[108.81124,-7.47829],[108.81169,-7.47829],[108.81169,-7.47784],[108.81215,-7.47784],[108.81215,-7.47829],[108.81215,-7.4783]]],[[[108.81624,-7.47425],[108.81579,-7.47425],[108.81579,-7.4738],[108.81579,-7.47379],[108.81619,-7.47379],[108.81619,-7.4738],[108.81624,-7.47425]]],[[[108.81353,-7.47378],[108.81353,-7.47423],[108.81353,-7.47424],[108.81307,-7.47424],[108.81307,-7.47423],[108.81307,-7.47378],[108.81353,-7.47378]]],[[[108.81354,-7.47153],[108.81308,-7.47153],[108.81308,-7.47107],[108.81354,-7.47107],[108.81354,-7.47153]]],[[[108.81128,-7.47106],[108.81128,-7.47151],[108.81082,-7.47151],[108.81082,-7.47106],[108.81128,-7.47106]]],[[[108.81174,-7.46926],[108.81174,-7.46971],[108.81128,-7.46971],[108.81128,-7.46926],[108.81128,-7.46925],[108.81174,-7.46925],[108.81174,-7.46926]]],[[[108.81765,-7.46386],[108.81765,-7.46432],[108.81719,-7.46432],[108.81719,-7.46386],[108.81765,-7.46386]]],[[[108.81542,-7.45753],[108.81496,-7.45753],[108.81496,-7.45708],[108.81496,-7.45707],[108.81542,-7.45707],[108.81542,-7.45708],[108.81542,-7.45753]]],[[[108.81818,-7.44805],[108.81818,-7.44851],[108.81773,-7.44851],[108.81773,-7.44805],[108.81818,-7.44805]]],[[[108.81735,-7.43269],[108.81735,-7.43314],[108.81689,-7.43314],[108.81689,-7.43269],[108.81735,-7.43269]]],[[[108.81418,-7.43313],[108.81418,-7.43267],[108.81464,-7.43267],[108.81464,-7.43223],[108.81464,-7.43222],[108.81509,-7.43222],[108.81509,-7.43223],[108.81554,-7.43223],[108.81554,-7.43268],[108.81509,-7.43268],[108.81509,-7.43313],[108.81464,-7.43313],[108.81463,-7.43313],[108.81418,-7.43313]]],[[[108.81539,-7.42995],[108.81556,-7.42989],[108.81556,-7.42997],[108.81536,-7.42997],[108.81535,-7.42997],[108.81542,-7.42994],[108.8154,-7.42995],[108.81539,-7.42995]]],[[[108.81873,-7.42953],[108.81918,-7.42953],[108.81918,-7.42954],[108.81963,-7.42954],[108.81963,-7.42909],[108.82008,-7.42909],[108.82008,-7.42864],[108.82053,-7.42864],[108.82054,-7.42864],[108.82054,-7.42819],[108.82099,-7.42819],[108.821,-7.42819],[108.82144,-7.42819],[108.82144,-7.42774],[108.8219,-7.42774],[108.82235,-7.42774],[108.82235,-7.42729],[108.82281,-7.42729],[108.82281,-7.42775],[108.82236,-7.42775],[108.82236,-7.42819],[108.82236,-7.4282],[108.82235,-7.4282],[108.82235,-7.42865],[108.82235,-7.4291],[108.8219,-7.4291],[108.8219,-7.42955],[108.82189,-7.42955],[108.82189,-7.43],[108.82234,-7.43],[108.8228,-7.43],[108.8228,-7.43046],[108.82279,-7.43046],[108.82279,-7.43091],[108.82324,-7.43091],[108.82324,-7.43136],[108.82324,-7.43181],[108.82324,-7.43182],[108.82278,-7.43182],[108.82278,-7.43181],[108.82278,-7.43136],[108.82233,-7.43136],[108.82233,-7.43091],[108.82188,-7.43091],[108.82188,-7.43046],[108.82188,-7.43045],[108.82144,-7.43045],[108.82143,-7.43045],[108.82098,-7.43045],[108.82053,-7.43045],[108.82008,-7.43045],[108.82008,-7.43089],[108.82008,-7.4309],[108.82008,-7.43135],[108.81962,-7.43135],[108.81962,-7.43089],[108.81917,-7.43089],[108.81917,-7.43044],[108.81872,-7.43044],[108.81872,-7.42999],[108.81827,-7.42999],[108.81827,-7.42998],[108.81782,-7.42998],[108.81782,-7.42953],[108.81827,-7.42953],[108.81827,-7.42908],[108.81873,-7.42908],[108.81873,-7.42953]],[[108.81963,-7.42999],[108.82008,-7.42999],[108.82008,-7.42954],[108.81963,-7.42954],[108.81963,-7.42999]],[[108.82189,-7.42865],[108.8219,-7.42865],[108.8219,-7.4282],[108.8219,-7.42819],[108.82145,-7.42819],[108.82145,-7.42864],[108.82145,-7.4291],[108.82189,-7.4291],[108.82189,-7.42865]],[[108.82053,-7.42955],[108.82053,-7.42999],[108.82098,-7.42999],[108.82098,-7.42955],[108.82053,-7.42955]]],[[[108.81783,-7.42885],[108.81783,-7.42908],[108.81746,-7.42908],[108.81782,-7.42885],[108.81783,-7.42885]]],[[[108.82538,-7.45826],[108.82538,-7.45828],[108.82538,-7.45848],[108.82531,-7.45848],[108.82492,-7.45848],[108.82492,-7.45832],[108.82492,-7.4581],[108.82492,-7.45808],[108.82492,-7.45803],[108.82538,-7.45803],[108.82538,-7.45826]]],[[[108.82854,-7.45759],[108.82854,-7.45714],[108.82854,-7.45669],[108.82854,-7.45624],[108.8281,-7.45624],[108.82809,-7.45624],[108.82764,-7.45624],[108.82764,-7.45623],[108.82719,-7.45623],[108.82719,-7.45578],[108.82674,-7.45578],[108.82674,-7.45623],[108.82629,-7.45623],[108.826,-7.45623],[108.82584,-7.45623],[108.82584,-7.45578],[108.82584,-7.45577],[108.82539,-7.45577],[108.82539,-7.45532],[108.82494,-7.45532],[108.82494,-7.45487],[108.82494,-7.45486],[108.82494,-7.45441],[108.82539,-7.45441],[108.82584,-7.45441],[108.82584,-7.45442],[108.82584,-7.45487],[108.82629,-7.45487],[108.82629,-7.45498],[108.82629,-7.45532],[108.82674,-7.45532],[108.82674,-7.45533],[108.8272,-7.45533],[108.8272,-7.45578],[108.82764,-7.45578],[108.82765,-7.45578],[108.82809,-7.45578],[108.8281,-7.45578],[108.82855,-7.45578],[108.82855,-7.45533],[108.82811,-7.45533],[108.8281,-7.45533],[108.82765,-7.45533],[108.82765,-7.45488],[108.8272,-7.45488],[108.8272,-7.45442],[108.82766,-7.45442],[108.82766,-7.45488],[108.8281,-7.45488],[108.82811,-7.45488],[108.82856,-7.45488],[108.82856,-7.45533],[108.82901,-7.45533],[108.82901,-7.45534],[108.82946,-7.45534],[108.82946,-7.45579],[108.82946,-7.45624],[108.8299,-7.45624],[108.82991,-7.45624],[108.82991,-7.45579],[108.83037,-7.45579],[108.83037,-7.45625],[108.83082,-7.45625],[108.83082,-7.4567],[108.83126,-7.4567],[108.83127,-7.4567],[108.83172,-7.4567],[108.83172,-7.45625],[108.83218,-7.45625],[108.83218,-7.45626],[108.83262,-7.45626],[108.83263,-7.45626],[108.83308,-7.45626],[108.83308,-7.45671],[108.83308,-7.45716],[108.83262,-7.45716],[108.83262,-7.45671],[108.83218,-7.45671],[108.83217,-7.45671],[108.83172,-7.45671],[108.83172,-7.45716],[108.83127,-7.45716],[108.83126,-7.45716],[108.83126,-7.45761],[108.8308,-7.45761],[108.8308,-7.4576],[108.83036,-7.4576],[108.83035,-7.4576],[108.83035,-7.45805],[108.83035,-7.45851],[108.8299,-7.45851],[108.8299,-7.45895],[108.8299,-7.45896],[108.82945,-7.45896],[108.82944,-7.45896],[108.82944,-7.45895],[108.82944,-7.4585],[108.82944,-7.45805],[108.82945,-7.45805],[108.82989,-7.45805],[108.82989,-7.4576],[108.82945,-7.4576],[108.82944,-7.4576],[108.82944,-7.45715],[108.829,-7.45715],[108.829,-7.4576],[108.82855,-7.4576],[108.82855,-7.45804],[108.82855,-7.45805],[108.82854,-7.45805],[108.82809,-7.45805],[108.82809,-7.45804],[108.82764,-7.45804],[108.82764,-7.45759],[108.82764,-7.45714],[108.82809,-7.45714],[108.8281,-7.45714],[108.8281,-7.45759],[108.82854,-7.45759]]],[[[108.82494,-7.45396],[108.82494,-7.45441],[108.82449,-7.45441],[108.82404,-7.45441],[108.82403,-7.45441],[108.82403,-7.45396],[108.82404,-7.45396],[108.82449,-7.45396],[108.82494,-7.45396]]],[[[108.82539,-7.45351],[108.82539,-7.45396],[108.82494,-7.45396],[108.82494,-7.45351],[108.82539,-7.45351]]],[[[108.82132,-7.45349],[108.82177,-7.45349],[108.82178,-7.45349],[108.82223,-7.45349],[108.82223,-7.45395],[108.82178,-7.45395],[108.82177,-7.45395],[108.82132,-7.45395],[108.82132,-7.45349]]],[[[108.82042,-7.45394],[108.81996,-7.45394],[108.81996,-7.45349],[108.81996,-7.45348],[108.82042,-7.45348],[108.82042,-7.45349],[108.82042,-7.45394]]],[[[108.82313,-7.45169],[108.82314,-7.45169],[108.82314,-7.45124],[108.82269,-7.45124],[108.82269,-7.45079],[108.82224,-7.45079],[108.82224,-7.45033],[108.8227,-7.45033],[108.8227,-7.45079],[108.82315,-7.45079],[108.82315,-7.45124],[108.8236,-7.45124],[108.8236,-7.4517],[108.82405,-7.4517],[108.82405,-7.45215],[108.82449,-7.45215],[108.8245,-7.45215],[108.82495,-7.45215],[108.82495,-7.45261],[108.82449,-7.45261],[108.82449,-7.45306],[108.82404,-7.45306],[108.82403,-7.45306],[108.82403,-7.45305],[108.82359,-7.45305],[108.82358,-7.45305],[108.82314,-7.45305],[108.82313,-7.45305],[108.82313,-7.4526],[108.82313,-7.45215],[108.82313,-7.45214],[108.82313,-7.45169]],[[108.82404,-7.45215],[108.82359,-7.45215],[108.82359,-7.4526],[108.82403,-7.4526],[108.82404,-7.4526],[108.82404,-7.45215]]],[[[108.82223,-7.45259],[108.82224,-7.45259],[108.82224,-7.45304],[108.82223,-7.45304],[108.82178,-7.45304],[108.82132,-7.45304],[108.82132,-7.45259],[108.82178,-7.45259],[108.82223,-7.45259]]],[[[108.82677,-7.45126],[108.82677,-7.45171],[108.82631,-7.45171],[108.82631,-7.45126],[108.82677,-7.45126]]],[[[108.82633,-7.4499],[108.82632,-7.4499],[108.82587,-7.4499],[108.82587,-7.44945],[108.82632,-7.44945],[108.82633,-7.44945],[108.82633,-7.4499]]],[[[108.82678,-7.44855],[108.82723,-7.44855],[108.82723,-7.449],[108.82677,-7.449],[108.82677,-7.44855],[108.82632,-7.44855],[108.82632,-7.4481],[108.82632,-7.44809],[108.82678,-7.44809],[108.82678,-7.44765],[108.82632,-7.44765],[108.82632,-7.44719],[108.82633,-7.44719],[108.82633,-7.44674],[108.82678,-7.44674],[108.82679,-7.44674],[108.82723,-7.44674],[108.82724,-7.44674],[108.82724,-7.44629],[108.82724,-7.44584],[108.82724,-7.44539],[108.82679,-7.44539],[108.82679,-7.44494],[108.82679,-7.44493],[108.82725,-7.44493],[108.82725,-7.44449],[108.82725,-7.44448],[108.8277,-7.44448],[108.8277,-7.44404],[108.8277,-7.44403],[108.82771,-7.44403],[108.82816,-7.44403],[108.82816,-7.44404],[108.82816,-7.44449],[108.8286,-7.44449],[108.8286,-7.44404],[108.82861,-7.44404],[108.82906,-7.44404],[108.82906,-7.44359],[108.82952,-7.44359],[108.82952,-7.44404],[108.82997,-7.44404],[108.82997,-7.4445],[108.82997,-7.44495],[108.82951,-7.44495],[108.82906,-7.44495],[108.82861,-7.44495],[108.8286,-7.44495],[108.8286,-7.44494],[108.82816,-7.44494],[108.82815,-7.44494],[108.82771,-7.44494],[108.8277,-7.44494],[108.82725,-7.44494],[108.82725,-7.44539],[108.8277,-7.44539],[108.82816,-7.44539],[108.82816,-7.44584],[108.82816,-7.44585],[108.82815,-7.44585],[108.82815,-7.44629],[108.82815,-7.4463],[108.8286,-7.4463],[108.8286,-7.44675],[108.8286,-7.4472],[108.8286,-7.44765],[108.8286,-7.44811],[108.82904,-7.44811],[108.82904,-7.44766],[108.82904,-7.44721],[108.82904,-7.4472],[108.82905,-7.4472],[108.82905,-7.44675],[108.82951,-7.44675],[108.82951,-7.44721],[108.8295,-7.44721],[108.8295,-7.44766],[108.82996,-7.44766],[108.82996,-7.44811],[108.8295,-7.44811],[108.82905,-7.44811],[108.82905,-7.44856],[108.82904,-7.44856],[108.82904,-7.44901],[108.82859,-7.44901],[108.82858,-7.44901],[108.82814,-7.44901],[108.82813,-7.44901],[108.82768,-7.44901],[108.82768,-7.44856],[108.82768,-7.44855],[108.82768,-7.4481],[108.82724,-7.4481],[108.82723,-7.4481],[108.82678,-7.4481],[108.82678,-7.44855]],[[108.82906,-7.44449],[108.82951,-7.44449],[108.82951,-7.44404],[108.82906,-7.44404],[108.82906,-7.44449]],[[108.82768,-7.4472],[108.82724,-7.4472],[108.82723,-7.4472],[108.82678,-7.4472],[108.82678,-7.44764],[108.82724,-7.44764],[108.82724,-7.44765],[108.82768,-7.44765],[108.82768,-7.4472]],[[108.82859,-7.44856],[108.82859,-7.44811],[108.82814,-7.44811],[108.82814,-7.44855],[108.82814,-7.44856],[108.82858,-7.44856],[108.82859,-7.44856]]],[[[108.82452,-7.44899],[108.82406,-7.44899],[108.82406,-7.44854],[108.82452,-7.44854],[108.82452,-7.44899]]],[[[108.82362,-7.44673],[108.82407,-7.44673],[108.82407,-7.44718],[108.82407,-7.44763],[108.82362,-7.44763],[108.82316,-7.44763],[108.82316,-7.44718],[108.82362,-7.44718],[108.82362,-7.44673]]],[[[108.82906,-7.44585],[108.8286,-7.44585],[108.8286,-7.4454],[108.8286,-7.44539],[108.82906,-7.44539],[108.82906,-7.4454],[108.82906,-7.44585]]],[[[108.82589,-7.44538],[108.82589,-7.44583],[108.82543,-7.44583],[108.82543,-7.44538],[108.82589,-7.44538]]],[[[108.82319,-7.44356],[108.82273,-7.44356],[108.82273,-7.44311],[108.82319,-7.44311],[108.82319,-7.44356]]],[[[108.82591,-7.44267],[108.82591,-7.44312],[108.8259,-7.44312],[108.82545,-7.44312],[108.82545,-7.44267],[108.8259,-7.44267],[108.82591,-7.44267]]],[[[108.82681,-7.44132],[108.82681,-7.44087],[108.82726,-7.44087],[108.82727,-7.44087],[108.82727,-7.44042],[108.82772,-7.44042],[108.82772,-7.43997],[108.82818,-7.43997],[108.82863,-7.43997],[108.82863,-7.43952],[108.82819,-7.43952],[108.82818,-7.43952],[108.82773,-7.43952],[108.82773,-7.43907],[108.82728,-7.43907],[108.82728,-7.43861],[108.82774,-7.43861],[108.82774,-7.43907],[108.82818,-7.43907],[108.82819,-7.43907],[108.82864,-7.43907],[108.82864,-7.43952],[108.82908,-7.43952],[108.82909,-7.43952],[108.82954,-7.43952],[108.82954,-7.43908],[108.82954,-7.43907],[108.82954,-7.43862],[108.82999,-7.43862],[108.82999,-7.43818],[108.82999,-7.43817],[108.82954,-7.43817],[108.82954,-7.43772],[108.82999,-7.43772],[108.83,-7.43772],[108.83045,-7.43772],[108.83091,-7.43772],[108.83091,-7.43818],[108.83136,-7.43818],[108.83136,-7.43863],[108.8318,-7.43863],[108.8318,-7.43818],[108.83226,-7.43818],[108.83226,-7.43864],[108.83181,-7.43864],[108.83181,-7.43909],[108.83135,-7.43909],[108.83135,-7.43908],[108.8309,-7.43908],[108.8309,-7.43953],[108.83045,-7.43953],[108.83044,-7.43953],[108.82999,-7.43953],[108.82999,-7.43998],[108.82954,-7.43998],[108.82954,-7.44043],[108.82909,-7.44043],[108.82909,-7.44088],[108.82953,-7.44088],[108.82954,-7.44088],[108.82998,-7.44088],[108.82999,-7.44088],[108.83044,-7.44088],[108.83044,-7.44134],[108.83044,-7.44179],[108.82998,-7.44179],[108.82998,-7.44224],[108.82952,-7.44224],[108.82952,-7.44179],[108.82952,-7.44178],[108.82998,-7.44178],[108.82998,-7.44134],[108.82953,-7.44134],[108.82953,-7.44133],[108.82908,-7.44133],[108.82862,-7.44133],[108.82862,-7.44088],[108.82818,-7.44088],[108.82817,-7.44088],[108.82772,-7.44088],[108.82772,-7.44132],[108.82817,-7.44132],[108.82817,-7.44133],[108.82817,-7.44178],[108.82772,-7.44178],[108.82771,-7.44178],[108.82726,-7.44178],[108.82726,-7.44133],[108.82726,-7.44132],[108.82681,-7.44132]],[[108.83044,-7.43863],[108.82999,-7.43863],[108.82999,-7.43907],[108.82999,-7.43908],[108.83044,-7.43908],[108.83045,-7.43908],[108.83089,-7.43908],[108.83089,-7.43863],[108.83045,-7.43863],[108.83044,-7.43863]]],[[[108.825,-7.44176],[108.825,-7.44131],[108.82545,-7.44131],[108.82546,-7.44131],[108.82546,-7.44176],[108.82546,-7.44177],[108.82545,-7.44177],[108.825,-7.44177],[108.825,-7.44176]]],[[[108.82274,-7.44175],[108.82228,-7.44175],[108.82228,-7.4413],[108.82274,-7.4413],[108.82274,-7.44175]]],[[[108.82636,-7.44132],[108.8259,-7.44132],[108.8259,-7.44086],[108.82591,-7.44086],[108.82591,-7.44041],[108.82637,-7.44041],[108.82637,-7.44087],[108.82636,-7.44087],[108.82636,-7.44132]]],[[[108.82728,-7.43951],[108.82728,-7.43997],[108.82682,-7.43997],[108.82682,-7.43951],[108.82728,-7.43951]]],[[[108.82683,-7.4368],[108.82683,-7.43635],[108.82684,-7.43635],[108.82729,-7.43635],[108.82729,-7.4368],[108.82729,-7.43681],[108.82684,-7.43681],[108.82683,-7.43681],[108.82683,-7.4368]]],[[[108.82639,-7.43544],[108.82639,-7.4359],[108.82594,-7.4359],[108.82593,-7.4359],[108.82593,-7.43544],[108.82594,-7.43544],[108.82639,-7.43544]]],[[[108.82686,-7.43228],[108.82686,-7.43274],[108.8264,-7.43274],[108.8264,-7.43228],[108.82686,-7.43228]]],[[[108.82414,-7.43182],[108.82414,-7.43137],[108.82459,-7.43137],[108.8246,-7.43137],[108.82505,-7.43137],[108.82505,-7.43182],[108.8246,-7.43182],[108.82459,-7.43182],[108.82414,-7.43182]]],[[[108.82098,-7.4309],[108.82098,-7.43135],[108.82053,-7.43135],[108.82053,-7.4309],[108.82098,-7.4309]]],[[[108.82642,-7.42957],[108.82642,-7.43002],[108.82597,-7.43002],[108.82597,-7.42957],[108.82642,-7.42957]]],[[[108.82552,-7.42957],[108.82506,-7.42957],[108.82506,-7.42911],[108.82552,-7.42911],[108.82552,-7.42957]]],[[[108.81919,-7.42773],[108.81918,-7.42773],[108.819,-7.42773],[108.81902,-7.42771],[108.81917,-7.42728],[108.81917,-7.42727],[108.81919,-7.42727],[108.81919,-7.42728],[108.81964,-7.42728],[108.81964,-7.42773],[108.81919,-7.42773]]],[[[108.82237,-7.42593],[108.82237,-7.42639],[108.82236,-7.42639],[108.82191,-7.42639],[108.82191,-7.42593],[108.82236,-7.42593],[108.82237,-7.42593]]],[[[108.83396,-7.46078],[108.8335,-7.46078],[108.8335,-7.46033],[108.83396,-7.46033],[108.83396,-7.46078]]],[[[108.83442,-7.45988],[108.83396,-7.45988],[108.83396,-7.45943],[108.83442,-7.45943],[108.83442,-7.45988]]],[[[108.83306,-7.45987],[108.83306,-7.45988],[108.8326,-7.45988],[108.8326,-7.45987],[108.8326,-7.45942],[108.83306,-7.45942],[108.83306,-7.45987]]],[[[108.83171,-7.45851],[108.83171,-7.45896],[108.83126,-7.45896],[108.83125,-7.45896],[108.8308,-7.45896],[108.8308,-7.45851],[108.83125,-7.45851],[108.83126,-7.45851],[108.83171,-7.45851]]],[[[108.83307,-7.45761],[108.83307,-7.45806],[108.83307,-7.45807],[108.83353,-7.45807],[108.83353,-7.45852],[108.83307,-7.45852],[108.83262,-7.45852],[108.83261,-7.45852],[108.83216,-7.45852],[108.83216,-7.45806],[108.83261,-7.45806],[108.83261,-7.45761],[108.83307,-7.45761]]],[[[108.83534,-7.45808],[108.83533,-7.45808],[108.83488,-7.45808],[108.83488,-7.45762],[108.83533,-7.45762],[108.83534,-7.45762],[108.83534,-7.45808]]],[[[108.83534,-7.45672],[108.83488,-7.45672],[108.83488,-7.45627],[108.83534,-7.45627],[108.83534,-7.45672]]],[[[108.8358,-7.45582],[108.83534,-7.45582],[108.83534,-7.45537],[108.8358,-7.45537],[108.8358,-7.45582]]],[[[108.83444,-7.45581],[108.83444,-7.45582],[108.83398,-7.45582],[108.83398,-7.45581],[108.83398,-7.45536],[108.83444,-7.45536],[108.83444,-7.45581]]],[[[108.83082,-7.45535],[108.83127,-7.45535],[108.83128,-7.45535],[108.83173,-7.45535],[108.83173,-7.4558],[108.83128,-7.4558],[108.83127,-7.4558],[108.83082,-7.4558],[108.83082,-7.45535]]],[[[108.83263,-7.45535],[108.83218,-7.45535],[108.83218,-7.4549],[108.83218,-7.45445],[108.83263,-7.45445],[108.83263,-7.4549],[108.83263,-7.45535]]],[[[108.83128,-7.45444],[108.83128,-7.4549],[108.83082,-7.4549],[108.83082,-7.45444],[108.83128,-7.45444]]],[[[108.82992,-7.45444],[108.82992,-7.45489],[108.82946,-7.45489],[108.82946,-7.45444],[108.82946,-7.45443],[108.82992,-7.45443],[108.82992,-7.45444]]],[[[108.83128,-7.45354],[108.83128,-7.45399],[108.83083,-7.45399],[108.83083,-7.45354],[108.83128,-7.45354]]],[[[108.83309,-7.45355],[108.83263,-7.45355],[108.83263,-7.4531],[108.83309,-7.4531],[108.83309,-7.45355]]],[[[108.83174,-7.45309],[108.83128,-7.45309],[108.83128,-7.45264],[108.83174,-7.45264],[108.83174,-7.45309]]],[[[108.82994,-7.45037],[108.82994,-7.45082],[108.82948,-7.45082],[108.82948,-7.45037],[108.82994,-7.45037]]],[[[108.82995,-7.44856],[108.82995,-7.44902],[108.82949,-7.44902],[108.82949,-7.44856],[108.82995,-7.44856]]],[[[108.83041,-7.44631],[108.83041,-7.44676],[108.82996,-7.44676],[108.82996,-7.44631],[108.83041,-7.44631]]],[[[108.82996,-7.44631],[108.82951,-7.44631],[108.82951,-7.4463],[108.82951,-7.44585],[108.82996,-7.44585],[108.82996,-7.4454],[108.83041,-7.4454],[108.83041,-7.44586],[108.82996,-7.44586],[108.82996,-7.4463],[108.82996,-7.44631]]],[[[108.83133,-7.44496],[108.83087,-7.44496],[108.83087,-7.4445],[108.83133,-7.4445],[108.83133,-7.44496]]],[[[108.83812,-7.44408],[108.83812,-7.44454],[108.83766,-7.44454],[108.83766,-7.44408],[108.83812,-7.44408]]],[[[108.83676,-7.44453],[108.8363,-7.44453],[108.8363,-7.44408],[108.83676,-7.44408],[108.83676,-7.44453]]],[[[108.83903,-7.44364],[108.83903,-7.44409],[108.83857,-7.44409],[108.83857,-7.44364],[108.83903,-7.44364]]],[[[108.8336,-7.44262],[108.8336,-7.44271],[108.8336,-7.44316],[108.8336,-7.44361],[108.8336,-7.44406],[108.83314,-7.44406],[108.83314,-7.44361],[108.83314,-7.44316],[108.83314,-7.44306],[108.83314,-7.44271],[108.83314,-7.44226],[108.83314,-7.44225],[108.83315,-7.44225],[108.8336,-7.44225],[108.8336,-7.44226],[108.8336,-7.44262]]],[[[108.82998,-7.44269],[108.82998,-7.44314],[108.82952,-7.44314],[108.82952,-7.44269],[108.82998,-7.44269]]],[[[108.83451,-7.4409],[108.83451,-7.44136],[108.83405,-7.44136],[108.83405,-7.4409],[108.83451,-7.4409]]],[[[108.83135,-7.44089],[108.83135,-7.44134],[108.83134,-7.44134],[108.83089,-7.44134],[108.83089,-7.44089],[108.83134,-7.44089],[108.83135,-7.44089]]],[[[108.83814,-7.44002],[108.83814,-7.44047],[108.83813,-7.44047],[108.83768,-7.44047],[108.83768,-7.44002],[108.83813,-7.44002],[108.83814,-7.44002]]],[[[108.8395,-7.43958],[108.83904,-7.43958],[108.83904,-7.43912],[108.8395,-7.43912],[108.8395,-7.43958]]],[[[108.83814,-7.43866],[108.83814,-7.43912],[108.83768,-7.43912],[108.83768,-7.43866],[108.83814,-7.43866]]],[[[108.84041,-7.43822],[108.84041,-7.43868],[108.83995,-7.43868],[108.83995,-7.43822],[108.84041,-7.43822]]],[[[108.8395,-7.43822],[108.8395,-7.43867],[108.83904,-7.43867],[108.83904,-7.43822],[108.8395,-7.43822]]],[[[108.83498,-7.43684],[108.83543,-7.43684],[108.83589,-7.43684],[108.83589,-7.4373],[108.83543,-7.4373],[108.83498,-7.4373],[108.83498,-7.43775],[108.83453,-7.43775],[108.83453,-7.4382],[108.83407,-7.4382],[108.83407,-7.43774],[108.83408,-7.43774],[108.83408,-7.43729],[108.83453,-7.43729],[108.83453,-7.43684],[108.83498,-7.43684]]],[[[108.83906,-7.43686],[108.83951,-7.43686],[108.83951,-7.43641],[108.83997,-7.43641],[108.83997,-7.43687],[108.83951,-7.43687],[108.83951,-7.43731],[108.83951,-7.43732],[108.83951,-7.43777],[108.83905,-7.43777],[108.83905,-7.43732],[108.83905,-7.43731],[108.8386,-7.43731],[108.8386,-7.43686],[108.83905,-7.43686],[108.83906,-7.43686]]],[[[108.83678,-7.43776],[108.83633,-7.43776],[108.83633,-7.43775],[108.83633,-7.4373],[108.83678,-7.4373],[108.83679,-7.4373],[108.83724,-7.4373],[108.83724,-7.43776],[108.83679,-7.43776],[108.83678,-7.43776]]],[[[108.83816,-7.43686],[108.8377,-7.43686],[108.83765,-7.43686],[108.83724,-7.43686],[108.83724,-7.43685],[108.83679,-7.43685],[108.83679,-7.4364],[108.83724,-7.4364],[108.83725,-7.4364],[108.83753,-7.4364],[108.83754,-7.4364],[108.8377,-7.4364],[108.8377,-7.43595],[108.8377,-7.4355],[108.83816,-7.4355],[108.83816,-7.43595],[108.83816,-7.4364],[108.83816,-7.43641],[108.83816,-7.43686]]],[[[108.84223,-7.43597],[108.84223,-7.43643],[108.84177,-7.43643],[108.84177,-7.43597],[108.84223,-7.43597]]],[[[108.83589,-7.4364],[108.83543,-7.4364],[108.83543,-7.43594],[108.83589,-7.43594],[108.83589,-7.4364]]],[[[108.83228,-7.43638],[108.83182,-7.43638],[108.83182,-7.43592],[108.83228,-7.43592],[108.83228,-7.43638]]],[[[108.83046,-7.43592],[108.83046,-7.43637],[108.83,-7.43637],[108.83,-7.43592],[108.83,-7.43591],[108.83046,-7.43591],[108.83046,-7.43592]]],[[[108.84042,-7.43506],[108.84042,-7.43551],[108.83997,-7.43551],[108.83997,-7.43506],[108.84042,-7.43506]]],[[[108.8359,-7.43414],[108.83635,-7.43414],[108.83636,-7.43414],[108.83681,-7.43414],[108.83681,-7.43459],[108.83636,-7.43459],[108.83636,-7.43504],[108.83681,-7.43504],[108.83681,-7.4355],[108.83635,-7.4355],[108.83635,-7.43504],[108.8359,-7.43504],[108.83544,-7.43504],[108.83544,-7.43459],[108.83544,-7.43413],[108.8359,-7.43413],[108.8359,-7.43414]]],[[[108.83092,-7.43547],[108.83046,-7.43547],[108.83046,-7.43501],[108.83092,-7.43501],[108.83092,-7.43547]]],[[[108.83997,-7.43461],[108.83997,-7.43506],[108.83952,-7.43506],[108.83951,-7.43506],[108.83951,-7.43461],[108.83952,-7.43461],[108.83997,-7.43461]]],[[[108.835,-7.43503],[108.835,-7.43504],[108.83454,-7.43504],[108.83454,-7.43503],[108.83454,-7.43458],[108.835,-7.43458],[108.835,-7.43503]]],[[[108.84087,-7.43461],[108.84042,-7.43461],[108.84042,-7.43416],[108.84087,-7.43416],[108.84088,-7.43416],[108.84133,-7.43416],[108.84133,-7.43461],[108.84088,-7.43461],[108.84087,-7.43461]]],[[[108.82957,-7.43456],[108.82956,-7.43456],[108.82911,-7.43456],[108.82911,-7.4341],[108.82956,-7.4341],[108.82957,-7.4341],[108.83002,-7.4341],[108.83002,-7.43411],[108.83002,-7.43456],[108.82957,-7.43456]]],[[[108.83998,-7.4337],[108.83998,-7.43416],[108.83952,-7.43416],[108.83952,-7.4337],[108.83952,-7.43325],[108.83998,-7.43325],[108.83998,-7.4337]]],[[[108.835,-7.43368],[108.835,-7.43413],[108.83454,-7.43413],[108.83454,-7.43368],[108.835,-7.43368]]],[[[108.84225,-7.43371],[108.84225,-7.43372],[108.84179,-7.43372],[108.84179,-7.43371],[108.84179,-7.43326],[108.84225,-7.43326],[108.84225,-7.43371]]],[[[108.83546,-7.43323],[108.83546,-7.43368],[108.835,-7.43368],[108.835,-7.43323],[108.83546,-7.43323]]],[[[108.83908,-7.43325],[108.83862,-7.43325],[108.83817,-7.43325],[108.83816,-7.43325],[108.83816,-7.43279],[108.83817,-7.43279],[108.83862,-7.43279],[108.83908,-7.43279],[108.83908,-7.43325]]],[[[108.84541,-7.43283],[108.84541,-7.43272],[108.84546,-7.43283],[108.84541,-7.43283]]],[[[108.83184,-7.43276],[108.83138,-7.43276],[108.83138,-7.43231],[108.83184,-7.43231],[108.83184,-7.43276]]],[[[108.84451,-7.43192],[108.84451,-7.43237],[108.84406,-7.43237],[108.84405,-7.43237],[108.84405,-7.43192],[108.84406,-7.43192],[108.84451,-7.43192]]],[[[108.83003,-7.43185],[108.83003,-7.4323],[108.82957,-7.4323],[108.82957,-7.43185],[108.83003,-7.43185]]],[[[108.84135,-7.431],[108.84135,-7.43145],[108.84089,-7.43145],[108.84089,-7.431],[108.84135,-7.431]]],[[[108.83185,-7.43141],[108.83139,-7.43141],[108.83139,-7.43095],[108.83185,-7.43095],[108.83185,-7.43141]]],[[[108.83234,-7.42102],[108.83234,-7.42138],[108.83216,-7.42138],[108.83216,-7.42147],[108.83189,-7.42147],[108.83189,-7.42102],[108.83189,-7.42101],[108.83234,-7.42101],[108.83234,-7.42102]]]]}},{"type":"Feature","properties":{"d":"SIDAREJA","net":"FWA-Outdoor"},"geometry":{"type":"MultiPolygon","coordinates":[[[[108.73851,-7.47476],[108.73884,-7.47476],[108.73884,-7.47521],[108.73929,-7.47521],[108.73929,-7.47522],[108.73974,-7.47522],[108.73974,-7.47526],[108.73964,-7.47538],[108.73929,-7.47566],[108.73929,-7.47567],[108.73928,-7.47567],[108.73883,-7.47567],[108.73883,-7.47594],[108.73838,-7.47607],[108.73838,-7.47607],[108.73823,-7.47612],[108.73823,-7.47611],[108.73824,-7.47608],[108.73826,-7.47602],[108.73829,-7.47596],[108.73836,-7.47566],[108.73838,-7.4756],[108.73838,-7.47566],[108.73883,-7.47566],[108.73883,-7.47521],[108.73847,-7.47521],[108.73851,-7.47476]]],[[[108.74381,-7.47614],[108.74381,-7.47635],[108.7438,-7.47635],[108.74369,-7.47623],[108.74356,-7.47614],[108.74357,-7.47614],[108.74335,-7.47598],[108.7431,-7.47579],[108.74294,-7.47569],[108.74335,-7.47569],[108.74336,-7.47569],[108.74381,-7.47569],[108.74381,-7.47614]]],[[[108.74201,-7.47523],[108.742,-7.47523],[108.74155,-7.47523],[108.74155,-7.47478],[108.742,-7.47478],[108.74201,-7.47478],[108.74201,-7.47523]]],[[[108.7402,-7.47386],[108.7402,-7.47387],[108.74065,-7.47387],[108.74065,-7.47432],[108.74065,-7.47477],[108.7402,-7.47477],[108.74019,-7.47477],[108.73975,-7.47477],[108.73974,-7.47477],[108.73929,-7.47477],[108.73929,-7.47431],[108.73974,-7.47431],[108.73974,-7.47386],[108.7402,-7.47386]]],[[[108.73866,-7.47404],[108.73884,-7.47404],[108.73884,-7.47431],[108.73851,-7.47431],[108.7385,-7.4742],[108.73849,-7.47404],[108.73866,-7.47404]]],[[[108.73845,-7.47341],[108.73845,-7.4734],[108.73848,-7.4734],[108.73848,-7.47341],[108.73848,-7.4735],[108.73884,-7.4735],[108.73884,-7.47368],[108.73847,-7.47368],[108.73847,-7.4737],[108.73845,-7.47341]]],[[[108.74292,-7.47343],[108.74246,-7.47343],[108.74246,-7.47297],[108.74292,-7.47297],[108.74292,-7.47343]]],[[[108.73929,-7.47341],[108.73929,-7.47296],[108.73975,-7.47296],[108.73975,-7.47341],[108.73929,-7.47341]]],[[[108.7402,-7.4726],[108.7402,-7.47251],[108.7402,-7.47224],[108.7403,-7.47224],[108.7403,-7.47242],[108.74066,-7.47242],[108.74066,-7.47251],[108.74066,-7.47278],[108.74084,-7.47278],[108.7411,-7.47278],[108.74111,-7.47278],[108.7412,-7.47278],[108.7412,-7.47252],[108.7412,-7.47251],[108.7412,-7.47243],[108.7412,-7.47242],[108.74138,-7.47242],[108.74138,-7.47207],[108.7412,-7.47207],[108.7412,-7.47206],[108.74156,-7.47206],[108.74156,-7.47162],[108.74156,-7.47161],[108.74156,-7.47116],[108.74112,-7.47116],[108.74111,-7.47116],[108.74066,-7.47116],[108.74066,-7.47115],[108.74067,-7.47115],[108.74067,-7.47098],[108.74084,-7.47098],[108.74084,-7.4708],[108.74084,-7.47079],[108.74085,-7.47079],[108.74085,-7.47071],[108.74111,-7.47071],[108.74112,-7.47071],[108.74157,-7.47071],[108.74157,-7.47062],[108.74157,-7.47044],[108.74158,-7.47044],[108.74175,-7.47044],[108.74176,-7.47044],[108.74203,-7.47044],[108.74203,-7.47071],[108.74247,-7.47071],[108.74248,-7.47071],[108.74293,-7.47071],[108.74293,-7.47027],[108.74248,-7.47027],[108.74248,-7.46981],[108.74204,-7.46981],[108.74203,-7.46981],[108.74176,-7.46981],[108.74176,-7.46972],[108.74158,-7.46972],[108.74158,-7.46936],[108.74158,-7.46935],[108.74203,-7.46935],[108.74204,-7.46935],[108.74204,-7.46936],[108.74248,-7.46936],[108.74248,-7.46891],[108.74248,-7.46846],[108.74204,-7.46846],[108.74203,-7.46846],[108.74203,-7.46801],[108.74203,-7.468],[108.74159,-7.468],[108.74159,-7.46845],[108.74159,-7.4689],[108.74158,-7.4689],[108.74114,-7.4689],[108.74113,-7.4689],[108.74113,-7.46935],[108.74067,-7.46935],[108.74067,-7.4689],[108.74068,-7.4689],[108.74068,-7.46845],[108.74023,-7.46845],[108.73977,-7.46845],[108.73977,-7.46844],[108.73977,-7.46799],[108.74023,-7.46799],[108.74068,-7.46799],[108.74069,-7.46799],[108.74113,-7.46799],[108.74113,-7.46755],[108.74068,-7.46755],[108.74068,-7.46709],[108.74113,-7.46709],[108.74114,-7.46709],[108.74159,-7.46709],[108.74159,-7.4671],[108.74204,-7.4671],[108.74204,-7.46755],[108.74249,-7.46755],[108.74249,-7.468],[108.74249,-7.46801],[108.74249,-7.46846],[108.74294,-7.46846],[108.74294,-7.46891],[108.74294,-7.46936],[108.74338,-7.46936],[108.74338,-7.46891],[108.74339,-7.46891],[108.74384,-7.46891],[108.74384,-7.46847],[108.74384,-7.46846],[108.74339,-7.46846],[108.74339,-7.46801],[108.74339,-7.46756],[108.74339,-7.46711],[108.74385,-7.46711],[108.74385,-7.46756],[108.74385,-7.46801],[108.7443,-7.46801],[108.7443,-7.46756],[108.7443,-7.46711],[108.74468,-7.46711],[108.74468,-7.46733],[108.7445,-7.46733],[108.7445,-7.46756],[108.7445,-7.46769],[108.74468,-7.46769],[108.74468,-7.46787],[108.74475,-7.46787],[108.74476,-7.46787],[108.74504,-7.46787],[108.74504,-7.46757],[108.74504,-7.46756],[108.74504,-7.46712],[108.74504,-7.46711],[108.74504,-7.46697],[108.74476,-7.46697],[108.74476,-7.46666],[108.74431,-7.46666],[108.74386,-7.46666],[108.74385,-7.46666],[108.7434,-7.46666],[108.7434,-7.46665],[108.74295,-7.46665],[108.74295,-7.4662],[108.74295,-7.46575],[108.7425,-7.46575],[108.7425,-7.4653],[108.7425,-7.46529],[108.74206,-7.46529],[108.74205,-7.46529],[108.7416,-7.46529],[108.7416,-7.46502],[108.74178,-7.46502],[108.74179,-7.46502],[108.74205,-7.46502],[108.74206,-7.46502],[108.74215,-7.46502],[108.74215,-7.46484],[108.74215,-7.46439],[108.74215,-7.4643],[108.74206,-7.4643],[108.74196,-7.4643],[108.74161,-7.4643],[108.7416,-7.4643],[108.7416,-7.46438],[108.7416,-7.46439],[108.7416,-7.46448],[108.74124,-7.46448],[108.74124,-7.46483],[108.74142,-7.46483],[108.74142,-7.46484],[108.74115,-7.46484],[108.7407,-7.46484],[108.7407,-7.46528],[108.7407,-7.46529],[108.74024,-7.46529],[108.74024,-7.46573],[108.73978,-7.46573],[108.73978,-7.46528],[108.73934,-7.46528],[108.73933,-7.46528],[108.73933,-7.46573],[108.73906,-7.46573],[108.73888,-7.46573],[108.7387,-7.46573],[108.7387,-7.46572],[108.7387,-7.46555],[108.73843,-7.46555],[108.73834,-7.46555],[108.73834,-7.46572],[108.73834,-7.46573],[108.73816,-7.46573],[108.73816,-7.46572],[108.73798,-7.46572],[108.73798,-7.46527],[108.73798,-7.46518],[108.73834,-7.46518],[108.73834,-7.465],[108.73843,-7.465],[108.73852,-7.465],[108.73852,-7.46518],[108.73888,-7.46518],[108.73888,-7.46483],[108.73888,-7.46482],[108.73888,-7.46464],[108.73871,-7.46464],[108.73852,-7.46464],[108.73852,-7.46446],[108.73843,-7.46446],[108.73816,-7.46446],[108.73816,-7.46482],[108.73798,-7.46482],[108.73798,-7.46437],[108.73753,-7.46437],[108.73753,-7.46481],[108.73753,-7.46482],[108.73753,-7.46527],[108.73753,-7.46572],[108.73761,-7.46572],[108.73761,-7.4659],[108.73753,-7.4659],[108.73752,-7.4659],[108.73743,-7.4659],[108.73743,-7.46617],[108.73707,-7.46617],[108.73707,-7.46644],[108.73693,-7.46644],[108.73698,-7.46617],[108.737,-7.46608],[108.73707,-7.46608],[108.73707,-7.4659],[108.73725,-7.4659],[108.73725,-7.46572],[108.73725,-7.46554],[108.73726,-7.46554],[108.73726,-7.46527],[108.73726,-7.46518],[108.73726,-7.46517],[108.73743,-7.46517],[108.73743,-7.465],[108.73744,-7.465],[108.73744,-7.46482],[108.73744,-7.46481],[108.73744,-7.46446],[108.73735,-7.46446],[108.73735,-7.46445],[108.73737,-7.46436],[108.73739,-7.46427],[108.7374,-7.46419],[108.73739,-7.46409],[108.73753,-7.46409],[108.73762,-7.46409],[108.73762,-7.46392],[108.73762,-7.46391],[108.73762,-7.46346],[108.73762,-7.46319],[108.73754,-7.46319],[108.73753,-7.46319],[108.73733,-7.46319],[108.73732,-7.46301],[108.73731,-7.46265],[108.73732,-7.46256],[108.73737,-7.46229],[108.73754,-7.46229],[108.73763,-7.46229],[108.73763,-7.46211],[108.73763,-7.46193],[108.73754,-7.46193],[108.73746,-7.46193],[108.73745,-7.46193],[108.73745,-7.46192],[108.73746,-7.46192],[108.73754,-7.46192],[108.73763,-7.46192],[108.73764,-7.46192],[108.73764,-7.46193],[108.73764,-7.46211],[108.73764,-7.46229],[108.73781,-7.46229],[108.73781,-7.46247],[108.73799,-7.46247],[108.738,-7.46247],[108.73835,-7.46247],[108.73835,-7.46229],[108.73836,-7.46229],[108.73844,-7.46229],[108.73845,-7.46229],[108.73854,-7.46229],[108.73854,-7.46211],[108.7389,-7.46211],[108.7389,-7.46166],[108.73854,-7.46166],[108.73854,-7.46139],[108.73872,-7.46139],[108.73872,-7.46121],[108.73872,-7.46103],[108.73872,-7.46076],[108.73872,-7.46067],[108.73846,-7.46067],[108.73845,-7.46067],[108.73836,-7.46067],[108.73836,-7.4603],[108.73836,-7.46012],[108.73846,-7.46012],[108.73855,-7.46012],[108.73855,-7.45994],[108.73873,-7.45994],[108.73873,-7.46012],[108.73891,-7.46012],[108.73891,-7.46013],[108.73891,-7.4603],[108.73891,-7.46031],[108.73927,-7.46031],[108.73927,-7.45986],[108.73927,-7.45985],[108.73927,-7.45959],[108.7391,-7.45959],[108.73909,-7.45959],[108.73909,-7.45941],[108.73891,-7.45941],[108.73873,-7.45941],[108.73873,-7.45958],[108.73855,-7.45958],[108.73847,-7.45958],[108.73846,-7.45958],[108.73837,-7.45958],[108.73837,-7.4594],[108.73819,-7.4594],[108.73801,-7.4594],[108.73795,-7.4594],[108.73801,-7.45918],[108.73801,-7.4592],[108.73808,-7.45895],[108.73811,-7.45883],[108.73819,-7.45871],[108.73831,-7.45849],[108.73832,-7.45849],[108.73846,-7.45825],[108.73846,-7.45824],[108.73852,-7.45814],[108.73858,-7.45804],[108.73859,-7.45804],[108.73866,-7.45789],[108.73891,-7.45759],[108.73892,-7.45759],[108.73892,-7.45758],[108.73892,-7.45759],[108.73892,-7.4576],[108.73937,-7.4576],[108.73937,-7.45715],[108.73927,-7.45715],[108.73928,-7.45713],[108.73938,-7.45705],[108.73951,-7.45694],[108.73984,-7.4567],[108.74029,-7.45637],[108.74046,-7.45625],[108.74045,-7.45625],[108.74053,-7.45619],[108.74074,-7.45595],[108.74081,-7.45587],[108.7408,-7.4558],[108.74119,-7.4558],[108.7412,-7.4558],[108.74136,-7.4558],[108.7414,-7.45582],[108.74129,-7.45593],[108.74156,-7.45625],[108.74165,-7.45635],[108.74165,-7.45636],[108.74165,-7.4567],[108.74165,-7.45671],[108.74194,-7.45671],[108.74198,-7.45676],[108.7421,-7.45683],[108.7421,-7.45684],[108.7421,-7.45716],[108.74165,-7.45716],[108.74164,-7.45716],[108.74164,-7.45761],[108.74164,-7.45806],[108.74164,-7.45851],[108.74118,-7.45851],[108.74118,-7.45806],[108.74074,-7.45806],[108.74073,-7.45806],[108.74073,-7.45851],[108.74027,-7.45851],[108.74027,-7.45806],[108.74027,-7.45805],[108.73983,-7.45805],[108.73983,-7.4585],[108.73937,-7.4585],[108.73937,-7.45895],[108.73982,-7.45895],[108.73982,-7.45896],[108.74027,-7.45896],[108.74072,-7.45896],[108.74073,-7.45896],[108.74118,-7.45896],[108.74118,-7.45941],[108.74163,-7.45941],[108.74163,-7.45987],[108.74207,-7.45987],[108.74208,-7.45987],[108.74208,-7.45942],[108.74253,-7.45942],[108.74254,-7.45942],[108.74298,-7.45942],[108.74299,-7.45942],[108.74344,-7.45942],[108.74344,-7.45987],[108.74344,-7.45988],[108.74389,-7.45988],[108.74389,-7.45976],[108.74389,-7.45975],[108.74421,-7.45943],[108.74435,-7.45943],[108.74435,-7.45988],[108.74435,-7.46033],[108.74479,-7.46033],[108.74479,-7.45989],[108.74479,-7.45988],[108.7448,-7.45988],[108.7448,-7.45943],[108.74525,-7.45943],[108.74525,-7.45899],[108.74525,-7.45898],[108.74525,-7.45853],[108.74525,-7.45818],[108.74532,-7.45808],[108.7457,-7.45808],[108.74571,-7.45808],[108.74615,-7.45808],[108.74616,-7.45808],[108.74661,-7.45808],[108.74661,-7.45809],[108.74661,-7.45854],[108.74616,-7.45854],[108.74615,-7.45854],[108.74571,-7.45854],[108.74571,-7.45898],[108.74571,-7.45899],[108.74571,-7.45943],[108.74571,-7.45944],[108.74615,-7.45944],[108.74616,-7.45944],[108.7466,-7.45944],[108.74661,-7.45944],[108.74705,-7.45944],[108.74706,-7.45944],[108.74706,-7.459],[108.74706,-7.45899],[108.74706,-7.45854],[108.74706,-7.45809],[108.74751,-7.45809],[108.74752,-7.45809],[108.74797,-7.45809],[108.74842,-7.45809],[108.74842,-7.45764],[108.74888,-7.45764],[108.74888,-7.4581],[108.74843,-7.4581],[108.74843,-7.45855],[108.74888,-7.45855],[108.74888,-7.459],[108.74933,-7.459],[108.74933,-7.45945],[108.74933,-7.45946],[108.74933,-7.45991],[108.74977,-7.45991],[108.75022,-7.45991],[108.75023,-7.45991],[108.75023,-7.45946],[108.75069,-7.45946],[108.75069,-7.45991],[108.75113,-7.45991],[108.75113,-7.45992],[108.75159,-7.45992],[108.75159,-7.46037],[108.75203,-7.46037],[108.75203,-7.45992],[108.75204,-7.45992],[108.75204,-7.45947],[108.75159,-7.45947],[108.75159,-7.45902],[108.75159,-7.45856],[108.75114,-7.45856],[108.75114,-7.45811],[108.75159,-7.45811],[108.7516,-7.45811],[108.7516,-7.45856],[108.75204,-7.45856],[108.75205,-7.45856],[108.75205,-7.45857],[108.75249,-7.45857],[108.7525,-7.45857],[108.75294,-7.45857],[108.75294,-7.45812],[108.7525,-7.45812],[108.75249,-7.45812],[108.75204,-7.45812],[108.75204,-7.45767],[108.75204,-7.45766],[108.75204,-7.4573],[108.75218,-7.45732],[108.7525,-7.45743],[108.75271,-7.45751],[108.75296,-7.45759],[108.75296,-7.45759],[108.75322,-7.45767],[108.75321,-7.45767],[108.75331,-7.4577],[108.75341,-7.45776],[108.75341,-7.45777],[108.75357,-7.45787],[108.75381,-7.45804],[108.75382,-7.45812],[108.75386,-7.45842],[108.75386,-7.45857],[108.75386,-7.45858],[108.75388,-7.45858],[108.75395,-7.45903],[108.75396,-7.45908],[108.7543,-7.45909],[108.75471,-7.45911],[108.75473,-7.45911],[108.75475,-7.45911],[108.75476,-7.45911],[108.75476,-7.45911],[108.75514,-7.45912],[108.75521,-7.45911],[108.75521,-7.45912],[108.75521,-7.45949],[108.75475,-7.45949],[108.75475,-7.45948],[108.7543,-7.45948],[108.7543,-7.45993],[108.7543,-7.46038],[108.7543,-7.46039],[108.75385,-7.46039],[108.75385,-7.46083],[108.7534,-7.46083],[108.7534,-7.46128],[108.75385,-7.46128],[108.75385,-7.46174],[108.75339,-7.46174],[108.75293,-7.46174],[108.75293,-7.46173],[108.75248,-7.46173],[108.75248,-7.46218],[108.75293,-7.46218],[108.75339,-7.46218],[108.75339,-7.46219],[108.75339,-7.46264],[108.75383,-7.46264],[108.75384,-7.46264],[108.75429,-7.46264],[108.75429,-7.4631],[108.75383,-7.4631],[108.75383,-7.46309],[108.75338,-7.46309],[108.75293,-7.46309],[108.75293,-7.46354],[108.75247,-7.46354],[108.75247,-7.46399],[108.75291,-7.46399],[108.75292,-7.46399],[108.75337,-7.46399],[108.75337,-7.46445],[108.75291,-7.46445],[108.75291,-7.46444],[108.75247,-7.46444],[108.75246,-7.46444],[108.75201,-7.46444],[108.75201,-7.46399],[108.75156,-7.46399],[108.75111,-7.46399],[108.75111,-7.46443],[108.75156,-7.46443],[108.75156,-7.46444],[108.75156,-7.46489],[108.75111,-7.46489],[108.75111,-7.46444],[108.75066,-7.46444],[108.75066,-7.46443],[108.75066,-7.46398],[108.75066,-7.46353],[108.75021,-7.46353],[108.75021,-7.46398],[108.75021,-7.46443],[108.74976,-7.46443],[108.74975,-7.46443],[108.7493,-7.46443],[108.74884,-7.46443],[108.74884,-7.46442],[108.7484,-7.46442],[108.74839,-7.46442],[108.74839,-7.46487],[108.74793,-7.46487],[108.74793,-7.46442],[108.74749,-7.46442],[108.74703,-7.46442],[108.74703,-7.46441],[108.74659,-7.46441],[108.74658,-7.46441],[108.74613,-7.46441],[108.74568,-7.46441],[108.74568,-7.46486],[108.74613,-7.46486],[108.74613,-7.46531],[108.74567,-7.46531],[108.74522,-7.46531],[108.74522,-7.46576],[108.74477,-7.46576],[108.74477,-7.46621],[108.74522,-7.46621],[108.74522,-7.46666],[108.74522,-7.46711],[108.74567,-7.46711],[108.74567,-7.46712],[108.74612,-7.46712],[108.74612,-7.46757],[108.74656,-7.46757],[108.74657,-7.46757],[108.74702,-7.46757],[108.74702,-7.46758],[108.74747,-7.46758],[108.74747,-7.46713],[108.74747,-7.46668],[108.74747,-7.46667],[108.74747,-7.46623],[108.74747,-7.46622],[108.74747,-7.46577],[108.74793,-7.46577],[108.74793,-7.46532],[108.74838,-7.46532],[108.74839,-7.46532],[108.74884,-7.46532],[108.74884,-7.46578],[108.74884,-7.46623],[108.74839,-7.46623],[108.74838,-7.46623],[108.74838,-7.46668],[108.74793,-7.46668],[108.74793,-7.46713],[108.74793,-7.46758],[108.74793,-7.46803],[108.74793,-7.46848],[108.74837,-7.46848],[108.74838,-7.46848],[108.74838,-7.46849],[108.74882,-7.46849],[108.74883,-7.46849],[108.74927,-7.46849],[108.74928,-7.46849],[108.74973,-7.46849],[108.74973,-7.46894],[108.74973,-7.46895],[108.74928,-7.46895],[108.74928,-7.46939],[108.74973,-7.46939],[108.74973,-7.4694],[108.74973,-7.46985],[108.74927,-7.46985],[108.74927,-7.4694],[108.74882,-7.4694],[108.74882,-7.46939],[108.74837,-7.46939],[108.74791,-7.46939],[108.74791,-7.46894],[108.74747,-7.46894],[108.74747,-7.46938],[108.74747,-7.46939],[108.74701,-7.46939],[108.74701,-7.46938],[108.74655,-7.46938],[108.74655,-7.46893],[108.74656,-7.46893],[108.74656,-7.46848],[108.74612,-7.46848],[108.74611,-7.46848],[108.74566,-7.46848],[108.74566,-7.46847],[108.7452,-7.46847],[108.7452,-7.46892],[108.7452,-7.46937],[108.7452,-7.46983],[108.74564,-7.46983],[108.74565,-7.46983],[108.7461,-7.46983],[108.7461,-7.47028],[108.74565,-7.47028],[108.74564,-7.47028],[108.74519,-7.47028],[108.74519,-7.46983],[108.74474,-7.46983],[108.74474,-7.47027],[108.74474,-7.47028],[108.74429,-7.47028],[108.74428,-7.47028],[108.74428,-7.47027],[108.74384,-7.47027],[108.74384,-7.47072],[108.74339,-7.47072],[108.74339,-7.47117],[108.74338,-7.47117],[108.74338,-7.47162],[108.74338,-7.47207],[108.74383,-7.47207],[108.74383,-7.47208],[108.74383,-7.47253],[108.74337,-7.47253],[108.74337,-7.47208],[108.74292,-7.47208],[108.74292,-7.47207],[108.74247,-7.47207],[108.74247,-7.47162],[108.74202,-7.47162],[108.74202,-7.47207],[108.74202,-7.47252],[108.74202,-7.47297],[108.74156,-7.47297],[108.74111,-7.47297],[108.7411,-7.47297],[108.74066,-7.47297],[108.74065,-7.47297],[108.74029,-7.47297],[108.74029,-7.47296],[108.74029,-7.4726],[108.7402,-7.4726]],[[108.73984,-7.4567],[108.73985,-7.4567],[108.73984,-7.4567],[108.73984,-7.4567]],[[108.75248,-7.46128],[108.75204,-7.46128],[108.75203,-7.46128],[108.75158,-7.46128],[108.75158,-7.46172],[108.75158,-7.46173],[108.75158,-7.46218],[108.75202,-7.46218],[108.75202,-7.46173],[108.75248,-7.46173],[108.75248,-7.46128]],[[108.7452,-7.46802],[108.74476,-7.46802],[108.74476,-7.46847],[108.7452,-7.46847],[108.7452,-7.46802]],[[108.75294,-7.45992],[108.75294,-7.45948],[108.75294,-7.45947],[108.7525,-7.45947],[108.7525,-7.45992],[108.75294,-7.45992]],[[108.74298,-7.46078],[108.74298,-7.46033],[108.74253,-7.46033],[108.74253,-7.46078],[108.74297,-7.46078],[108.74298,-7.46078]],[[108.74252,-7.46123],[108.74252,-7.46078],[108.74207,-7.46078],[108.74207,-7.46077],[108.74162,-7.46077],[108.74117,-7.46077],[108.74116,-7.46077],[108.74116,-7.46032],[108.74117,-7.46032],[108.74162,-7.46032],[108.74162,-7.45987],[108.74118,-7.45987],[108.74117,-7.45987],[108.74072,-7.45987],[108.74072,-7.45941],[108.74027,-7.45941],[108.74027,-7.45986],[108.74027,-7.46031],[108.73982,-7.46031],[108.73981,-7.46031],[108.73937,-7.46031],[108.73937,-7.46076],[108.73937,-7.46121],[108.73936,-7.46121],[108.73891,-7.46121],[108.73891,-7.46166],[108.73936,-7.46166],[108.73936,-7.46212],[108.7389,-7.46212],[108.7389,-7.46256],[108.7389,-7.46257],[108.73845,-7.46257],[108.73845,-7.46301],[108.7389,-7.46301],[108.7389,-7.46302],[108.7389,-7.46347],[108.73934,-7.46347],[108.73935,-7.46347],[108.73979,-7.46347],[108.7398,-7.46347],[108.7398,-7.46302],[108.74025,-7.46302],[108.74026,-7.46302],[108.74071,-7.46302],[108.74071,-7.46348],[108.74116,-7.46348],[108.74116,-7.46393],[108.7416,-7.46393],[108.74161,-7.46393],[108.74206,-7.46393],[108.74206,-7.46394],[108.74251,-7.46394],[108.74251,-7.46349],[108.74297,-7.46349],[108.74297,-7.46394],[108.74342,-7.46394],[108.74342,-7.46349],[108.74387,-7.46349],[108.74387,-7.46395],[108.74342,-7.46395],[108.74342,-7.46439],[108.74342,-7.4644],[108.74342,-7.46485],[108.74297,-7.46485],[108.74296,-7.46485],[108.74296,-7.46529],[108.74296,-7.4653],[108.74341,-7.4653],[108.74386,-7.4653],[108.74386,-7.46485],[108.74432,-7.46485],[108.74432,-7.4644],[108.74432,-7.46395],[108.74477,-7.46395],[108.74523,-7.46395],[108.74523,-7.4644],[108.74567,-7.4644],[108.74567,-7.46396],[108.74567,-7.46395],[108.74613,-7.46395],[108.74613,-7.46351],[108.74568,-7.46351],[108.74568,-7.46305],[108.74568,-7.4626],[108.74523,-7.4626],[108.74523,-7.46215],[108.74478,-7.46215],[108.74478,-7.46169],[108.74434,-7.46169],[108.74433,-7.46169],[108.74388,-7.46169],[108.74388,-7.46124],[108.74388,-7.46123],[108.74388,-7.46079],[108.74388,-7.46078],[108.74344,-7.46078],[108.74343,-7.46078],[108.74343,-7.46123],[108.74298,-7.46123],[108.74297,-7.46123],[108.74252,-7.46123]],[[108.74249,-7.46936],[108.74249,-7.46981],[108.74293,-7.46981],[108.74293,-7.46936],[108.74249,-7.46936]],[[108.73843,-7.46347],[108.73799,-7.46347],[108.73799,-7.46392],[108.73843,-7.46392],[108.73843,-7.46347]],[[108.7407,-7.46393],[108.74025,-7.46393],[108.74025,-7.46438],[108.74069,-7.46438],[108.7407,-7.46438],[108.7407,-7.46393]],[[108.74024,-7.46528],[108.74024,-7.46483],[108.73979,-7.46483],[108.73979,-7.46528],[108.74024,-7.46528]],[[108.73888,-7.46437],[108.73888,-7.46392],[108.73844,-7.46392],[108.73844,-7.46437],[108.73888,-7.46437]],[[108.73754,-7.46256],[108.73754,-7.46301],[108.73798,-7.46301],[108.73799,-7.46301],[108.73799,-7.46256],[108.73754,-7.46256]],[[108.74429,-7.46937],[108.74429,-7.46982],[108.74474,-7.46982],[108.74474,-7.46937],[108.7443,-7.46937],[108.74429,-7.46937]],[[108.74797,-7.45855],[108.74797,-7.45899],[108.74797,-7.459],[108.74842,-7.459],[108.74842,-7.45855],[108.74797,-7.45855]],[[108.74796,-7.4599],[108.74796,-7.46035],[108.74841,-7.46035],[108.74886,-7.46035],[108.74886,-7.45991],[108.74886,-7.4599],[108.74887,-7.4599],[108.74887,-7.45946],[108.74887,-7.45945],[108.74842,-7.45945],[108.74797,-7.45945],[108.74796,-7.45945],[108.74752,-7.45945],[108.74751,-7.45945],[108.74751,-7.4599],[108.74796,-7.4599]],[[108.74813,-7.46306],[108.74831,-7.46306],[108.7484,-7.46306],[108.74841,-7.46306],[108.74867,-7.46306],[108.74867,-7.46262],[108.74867,-7.46261],[108.74867,-7.46252],[108.74868,-7.46252],[108.74868,-7.46216],[108.74841,-7.46216],[108.7484,-7.46216],[108.74832,-7.46216],[108.74832,-7.46234],[108.74831,-7.46234],[108.74831,-7.46216],[108.74796,-7.46216],[108.74795,-7.46216],[108.74795,-7.46261],[108.74795,-7.46306],[108.74812,-7.46306],[108.74813,-7.46306]],[[108.7475,-7.46352],[108.7475,-7.46396],[108.74794,-7.46396],[108.74794,-7.46352],[108.7475,-7.46352]],[[108.74506,-7.46106],[108.74524,-7.46106],[108.74525,-7.46106],[108.74542,-7.46106],[108.74542,-7.46079],[108.74542,-7.4607],[108.74525,-7.4607],[108.74524,-7.4607],[108.74506,-7.4607],[108.7448,-7.4607],[108.74479,-7.4607],[108.7447,-7.4607],[108.7447,-7.46079],[108.7447,-7.46088],[108.74452,-7.46088],[108.74452,-7.46124],[108.74452,-7.46142],[108.74478,-7.46142],[108.74479,-7.46142],[108.74488,-7.46142],[108.74488,-7.46124],[108.74506,-7.46124],[108.74506,-7.46106]],[[108.7466,-7.4608],[108.74616,-7.4608],[108.74615,-7.4608],[108.74615,-7.46124],[108.74615,-7.46125],[108.74615,-7.4617],[108.74659,-7.4617],[108.7466,-7.4617],[108.7466,-7.46125],[108.7466,-7.4608]],[[108.74614,-7.4626],[108.74659,-7.4626],[108.74704,-7.4626],[108.74704,-7.46216],[108.74659,-7.46216],[108.74659,-7.46215],[108.74615,-7.46215],[108.74614,-7.46215],[108.74614,-7.4626]],[[108.74705,-7.46261],[108.74705,-7.46306],[108.74749,-7.46306],[108.74749,-7.46261],[108.74705,-7.46261]],[[108.74522,-7.46485],[108.74522,-7.46441],[108.74477,-7.46441],[108.74477,-7.46485],[108.74522,-7.46485]],[[108.74704,-7.46306],[108.74659,-7.46306],[108.74659,-7.46351],[108.74704,-7.46351],[108.74704,-7.46306]],[[108.74706,-7.46125],[108.74706,-7.4617],[108.7475,-7.4617],[108.7475,-7.46126],[108.7475,-7.46125],[108.74706,-7.46125]],[[108.75022,-7.46081],[108.75022,-7.46037],[108.75022,-7.46036],[108.74977,-7.46036],[108.74977,-7.46081],[108.75022,-7.46081]],[[108.74841,-7.46307],[108.7484,-7.46307],[108.7484,-7.46351],[108.7484,-7.46352],[108.7484,-7.46397],[108.74884,-7.46397],[108.74885,-7.46397],[108.74885,-7.46352],[108.74885,-7.46307],[108.74841,-7.46307]],[[108.74886,-7.46216],[108.7493,-7.46216],[108.7493,-7.46172],[108.74886,-7.46172],[108.74886,-7.46216]],[[108.75203,-7.46218],[108.75203,-7.46263],[108.75247,-7.46263],[108.75247,-7.46218],[108.75203,-7.46218]],[[108.75022,-7.46127],[108.75022,-7.46172],[108.75066,-7.46172],[108.75067,-7.46172],[108.75067,-7.46127],[108.75022,-7.46127]],[[108.75339,-7.46038],[108.75339,-7.45993],[108.75295,-7.45993],[108.75295,-7.46038],[108.75339,-7.46038]]],[[[108.73844,-7.47295],[108.73844,-7.47279],[108.73844,-7.4725],[108.73844,-7.4722],[108.73841,-7.47205],[108.73839,-7.47196],[108.73839,-7.4716],[108.7384,-7.4716],[108.73885,-7.4716],[108.73885,-7.47205],[108.73885,-7.4725],[108.73885,-7.4726],[108.73867,-7.4726],[108.73867,-7.47278],[108.73866,-7.47278],[108.73848,-7.47278],[108.73848,-7.47295],[108.73848,-7.47296],[108.73844,-7.47296],[108.73844,-7.47295]]],[[[108.73975,-7.47251],[108.7393,-7.47251],[108.7393,-7.47205],[108.73975,-7.47205],[108.73975,-7.47251]]],[[[108.7402,-7.47161],[108.74066,-7.47161],[108.74066,-7.4717],[108.7403,-7.4717],[108.7403,-7.47188],[108.7402,-7.47188],[108.7402,-7.47161]]],[[[108.7393,-7.47115],[108.73976,-7.47115],[108.73976,-7.47133],[108.73976,-7.4716],[108.73976,-7.47161],[108.7393,-7.47161],[108.7393,-7.4716],[108.7393,-7.47115]]],[[[108.73849,-7.47042],[108.7385,-7.47042],[108.73868,-7.47042],[108.73885,-7.47042],[108.73886,-7.47042],[108.73904,-7.47042],[108.73904,-7.47043],[108.73922,-7.47043],[108.7393,-7.47043],[108.73931,-7.47043],[108.7394,-7.47043],[108.7394,-7.4707],[108.73931,-7.4707],[108.7393,-7.4707],[108.73886,-7.4707],[108.73885,-7.4707],[108.73868,-7.4707],[108.73868,-7.47061],[108.73849,-7.47061],[108.73849,-7.47042]]],[[[108.74085,-7.47008],[108.74085,-7.47026],[108.74067,-7.47026],[108.74067,-7.4698],[108.74103,-7.4698],[108.74103,-7.47007],[108.74113,-7.47007],[108.74113,-7.47008],[108.74085,-7.47008]]],[[[108.73932,-7.46971],[108.73931,-7.46971],[108.73923,-7.46971],[108.73922,-7.46971],[108.73922,-7.4697],[108.73923,-7.4697],[108.73931,-7.4697],[108.73932,-7.4697],[108.7394,-7.4697],[108.7394,-7.46934],[108.73977,-7.46934],[108.73977,-7.46953],[108.73941,-7.46953],[108.73941,-7.46971],[108.7394,-7.46971],[108.73932,-7.46971]]],[[[108.7376,-7.46843],[108.73796,-7.46843],[108.73796,-7.46888],[108.73796,-7.46889],[108.73796,-7.46933],[108.73796,-7.46934],[108.73778,-7.46934],[108.73757,-7.46934],[108.7375,-7.46915],[108.7375,-7.46889],[108.7375,-7.46888],[108.7374,-7.46888],[108.73737,-7.46879],[108.7375,-7.46879],[108.73751,-7.46879],[108.7376,-7.46879],[108.7376,-7.46843]]],[[[108.73887,-7.46844],[108.73887,-7.46799],[108.73933,-7.46799],[108.73933,-7.46844],[108.73887,-7.46844]]],[[[108.73797,-7.46753],[108.73797,-7.46798],[108.73751,-7.46798],[108.73751,-7.46789],[108.7376,-7.46789],[108.7376,-7.46771],[108.73761,-7.46771],[108.73761,-7.46753],[108.73797,-7.46753]]],[[[108.73797,-7.46698],[108.73797,-7.46681],[108.73797,-7.4668],[108.73797,-7.46663],[108.73797,-7.46662],[108.73798,-7.46662],[108.73815,-7.46662],[108.73815,-7.46645],[108.73842,-7.46645],[108.73843,-7.46645],[108.73852,-7.46645],[108.73852,-7.46618],[108.73852,-7.46609],[108.73869,-7.46609],[108.7387,-7.46609],[108.7387,-7.46618],[108.7387,-7.46663],[108.73843,-7.46663],[108.73842,-7.46663],[108.73798,-7.46663],[108.73798,-7.46708],[108.73752,-7.46708],[108.73752,-7.46717],[108.73743,-7.46717],[108.73742,-7.46717],[108.73742,-7.46708],[108.73742,-7.46707],[108.73742,-7.46699],[108.73724,-7.46699],[108.73724,-7.4668],[108.73725,-7.4668],[108.73725,-7.46698],[108.73752,-7.46698],[108.7376,-7.46698],[108.73797,-7.46698]]],[[[108.73887,-7.46708],[108.73887,-7.46663],[108.73906,-7.46663],[108.73933,-7.46663],[108.73942,-7.46663],[108.73942,-7.46645],[108.7396,-7.46645],[108.7396,-7.46627],[108.73961,-7.46627],[108.73961,-7.46618],[108.73961,-7.46591],[108.73942,-7.46591],[108.73942,-7.46573],[108.73978,-7.46573],[108.73978,-7.46618],[108.74023,-7.46618],[108.74024,-7.46618],[108.74024,-7.46664],[108.74024,-7.46709],[108.74023,-7.46709],[108.73978,-7.46709],[108.73978,-7.46664],[108.73933,-7.46664],[108.73933,-7.46708],[108.73933,-7.46709],[108.73887,-7.46709],[108.73887,-7.46708]]],[[[108.73743,-7.46663],[108.73725,-7.46663],[108.73725,-7.46662],[108.73743,-7.46662],[108.73743,-7.46663]]],[[[108.73834,-7.46591],[108.73834,-7.4659],[108.73843,-7.4659],[108.73852,-7.4659],[108.73852,-7.46591],[108.73852,-7.46609],[108.73843,-7.46609],[108.73833,-7.46609],[108.73833,-7.46608],[108.73834,-7.46608],[108.73834,-7.46591]]],[[[108.7398,-7.46167],[108.74026,-7.46167],[108.74026,-7.46212],[108.74026,-7.46257],[108.7398,-7.46257],[108.7398,-7.46212],[108.7398,-7.46167]]],[[[108.74162,-7.46213],[108.74161,-7.46213],[108.74161,-7.46168],[108.74162,-7.46168],[108.74207,-7.46168],[108.74207,-7.46213],[108.74162,-7.46213]]],[[[108.73836,-7.46193],[108.73835,-7.46193],[108.73835,-7.46175],[108.73845,-7.46175],[108.73845,-7.46193],[108.73836,-7.46193]]],[[[108.738,-7.46166],[108.738,-7.46157],[108.73818,-7.46157],[108.73818,-7.46166],[108.73818,-7.46175],[108.73817,-7.46175],[108.738,-7.46175],[108.738,-7.46166]]],[[[108.738,-7.46157],[108.73799,-7.46157],[108.73781,-7.46157],[108.73781,-7.46121],[108.73781,-7.4612],[108.73782,-7.4612],[108.73799,-7.4612],[108.738,-7.4612],[108.738,-7.46121],[108.738,-7.46157]]],[[[108.73836,-7.46084],[108.73836,-7.46085],[108.73818,-7.46085],[108.738,-7.46085],[108.738,-7.46084],[108.73836,-7.46084]]],[[[108.73779,-7.46012],[108.73782,-7.45988],[108.73783,-7.45988],[108.73783,-7.46012],[108.73779,-7.46012]]],[[[108.74741,-7.48023],[108.74786,-7.48023],[108.74786,-7.48068],[108.74741,-7.48068],[108.74741,-7.48067],[108.74741,-7.48023]]],[[[108.74786,-7.47933],[108.74831,-7.47933],[108.74831,-7.47897],[108.74831,-7.47896],[108.74841,-7.47896],[108.74841,-7.47888],[108.74841,-7.47879],[108.74877,-7.47879],[108.74877,-7.47888],[108.74877,-7.47933],[108.74922,-7.47933],[108.74922,-7.47978],[108.74922,-7.47979],[108.74877,-7.47979],[108.74877,-7.48023],[108.74831,-7.48023],[108.74786,-7.48023],[108.74786,-7.47978],[108.7475,-7.47978],[108.7475,-7.47932],[108.74786,-7.47932],[108.74786,-7.47933]]],[[[108.74696,-7.48],[108.74695,-7.48],[108.74686,-7.47986],[108.74696,-7.47986],[108.74696,-7.48]]],[[[108.74696,-7.47797],[108.74651,-7.47797],[108.74651,-7.47751],[108.74696,-7.47751],[108.74696,-7.47706],[108.74697,-7.47706],[108.74697,-7.47661],[108.74652,-7.47661],[108.74652,-7.47616],[108.74698,-7.47616],[108.74698,-7.47661],[108.74742,-7.47661],[108.74743,-7.47661],[108.74788,-7.47661],[108.74788,-7.47625],[108.74806,-7.47625],[108.74806,-7.47626],[108.74824,-7.47626],[108.74824,-7.47662],[108.74788,-7.47662],[108.74788,-7.47706],[108.74788,-7.47707],[108.74832,-7.47707],[108.74833,-7.47707],[108.74833,-7.47662],[108.74835,-7.47662],[108.74842,-7.47662],[108.74842,-7.47698],[108.7486,-7.47698],[108.74878,-7.47698],[108.74879,-7.47698],[108.74896,-7.47698],[108.74897,-7.47698],[108.74897,-7.47707],[108.74896,-7.47707],[108.74879,-7.47707],[108.74878,-7.47707],[108.74878,-7.47734],[108.74842,-7.47734],[108.74842,-7.47752],[108.74841,-7.47752],[108.74833,-7.47752],[108.74832,-7.47752],[108.74823,-7.47752],[108.74823,-7.4777],[108.74805,-7.4777],[108.74787,-7.4777],[108.74769,-7.4777],[108.74769,-7.47788],[108.74751,-7.47788],[108.74751,-7.47797],[108.74751,-7.47824],[108.74778,-7.47824],[108.74786,-7.47824],[108.74787,-7.47824],[108.74787,-7.47842],[108.74787,-7.47843],[108.74787,-7.47878],[108.74805,-7.47878],[108.74805,-7.47888],[108.74786,-7.47888],[108.74786,-7.47843],[108.74786,-7.47842],[108.74741,-7.47842],[108.74741,-7.47797],[108.74697,-7.47797],[108.74696,-7.47797]]],[[[108.74741,-7.47887],[108.74696,-7.47887],[108.74696,-7.47842],[108.74741,-7.47842],[108.74741,-7.47887]]],[[[108.74552,-7.47697],[108.74516,-7.47697],[108.74516,-7.47696],[108.74515,-7.47696],[108.74498,-7.47696],[108.74471,-7.47696],[108.7447,-7.47696],[108.74462,-7.47696],[108.74462,-7.47705],[108.74462,-7.47716],[108.74461,-7.47716],[108.74451,-7.47705],[108.74425,-7.4768],[108.74425,-7.4766],[108.74426,-7.4766],[108.7447,-7.4766],[108.74471,-7.4766],[108.74515,-7.4766],[108.74516,-7.4766],[108.74561,-7.4766],[108.74607,-7.4766],[108.74607,-7.47661],[108.74652,-7.47661],[108.74652,-7.47706],[108.74607,-7.47706],[108.74606,-7.47706],[108.74606,-7.47751],[108.74606,-7.47796],[108.74561,-7.47796],[108.7456,-7.47796],[108.74537,-7.47796],[108.74529,-7.47787],[108.74552,-7.47787],[108.74552,-7.47751],[108.7456,-7.47751],[108.74561,-7.47751],[108.7457,-7.47751],[108.7457,-7.47715],[108.74561,-7.47715],[108.7456,-7.47715],[108.74552,-7.47715],[108.74552,-7.47706],[108.74552,-7.47705],[108.74552,-7.47697]]],[[[108.74516,-7.47772],[108.74516,-7.47773],[108.74515,-7.47772],[108.74512,-7.47769],[108.74512,-7.47768],[108.74515,-7.47768],[108.74515,-7.47751],[108.74515,-7.4775],[108.74516,-7.4775],[108.74516,-7.47751],[108.74516,-7.47772]]],[[[108.74607,-7.47525],[108.74563,-7.47525],[108.74562,-7.47525],[108.74517,-7.47525],[108.74517,-7.4757],[108.74472,-7.4757],[108.74471,-7.4757],[108.74426,-7.4757],[108.74426,-7.47524],[108.74426,-7.47479],[108.74472,-7.47479],[108.74472,-7.47434],[108.74517,-7.47434],[108.74517,-7.47389],[108.74472,-7.47389],[108.74472,-7.47344],[108.74427,-7.47344],[108.74427,-7.47299],[108.74427,-7.47298],[108.74427,-7.47253],[108.74428,-7.47253],[108.74428,-7.47208],[108.74474,-7.47208],[108.74474,-7.47253],[108.74473,-7.47253],[108.74473,-7.47298],[108.74473,-7.47299],[108.74518,-7.47299],[108.74563,-7.47299],[108.74564,-7.47299],[108.74609,-7.47299],[108.74609,-7.47344],[108.74564,-7.47344],[108.74563,-7.47344],[108.74563,-7.47389],[108.74563,-7.47434],[108.74563,-7.47435],[108.74563,-7.47479],[108.74563,-7.4748],[108.74607,-7.4748],[108.74608,-7.4748],[108.74608,-7.47435],[108.74608,-7.4739],[108.74653,-7.4739],[108.74653,-7.47345],[108.74699,-7.47345],[108.74699,-7.4739],[108.74654,-7.4739],[108.74654,-7.47435],[108.74654,-7.4748],[108.74698,-7.4748],[108.74699,-7.4748],[108.74744,-7.4748],[108.74744,-7.47481],[108.74789,-7.47481],[108.74789,-7.47436],[108.74744,-7.47436],[108.74744,-7.4739],[108.74789,-7.4739],[108.74789,-7.47346],[108.74789,-7.47345],[108.74744,-7.47345],[108.74744,-7.473],[108.74744,-7.47255],[108.74699,-7.47255],[108.74699,-7.47209],[108.74745,-7.47209],[108.74745,-7.4721],[108.74789,-7.4721],[108.7479,-7.4721],[108.7479,-7.47165],[108.74745,-7.47165],[108.74745,-7.4712],[108.74745,-7.47119],[108.747,-7.47119],[108.747,-7.47074],[108.747,-7.47029],[108.74746,-7.47029],[108.74746,-7.47074],[108.7479,-7.47074],[108.74791,-7.47074],[108.74836,-7.47074],[108.74882,-7.47074],[108.74882,-7.47075],[108.74927,-7.47075],[108.74927,-7.4712],[108.74971,-7.4712],[108.74972,-7.4712],[108.75017,-7.4712],[108.75017,-7.47121],[108.75063,-7.47121],[108.75063,-7.47166],[108.75107,-7.47166],[108.75107,-7.47121],[108.75107,-7.47076],[108.75063,-7.47076],[108.75062,-7.47076],[108.75017,-7.47076],[108.75017,-7.47031],[108.75017,-7.4703],[108.75017,-7.46985],[108.75018,-7.46985],[108.75062,-7.46985],[108.75062,-7.4694],[108.75063,-7.4694],[108.75107,-7.4694],[108.75108,-7.4694],[108.75153,-7.4694],[108.75153,-7.46941],[108.75198,-7.46941],[108.75199,-7.46941],[108.75244,-7.46941],[108.75244,-7.46986],[108.75288,-7.46986],[108.75289,-7.46986],[108.7532,-7.46986],[108.75334,-7.46986],[108.75334,-7.46987],[108.75334,-7.47012],[108.75334,-7.47032],[108.75334,-7.47077],[108.75289,-7.47077],[108.75289,-7.47122],[108.75334,-7.47122],[108.75334,-7.47167],[108.75288,-7.47167],[108.75288,-7.47212],[108.75243,-7.47212],[108.75243,-7.47167],[108.75198,-7.47167],[108.75198,-7.47212],[108.75153,-7.47212],[108.75153,-7.47257],[108.75107,-7.47257],[108.75107,-7.47302],[108.75107,-7.47347],[108.75061,-7.47347],[108.75061,-7.47392],[108.75106,-7.47392],[108.75106,-7.47437],[108.75106,-7.47482],[108.75151,-7.47482],[108.75151,-7.47483],[108.75151,-7.47528],[108.75106,-7.47528],[108.75105,-7.47528],[108.75105,-7.47573],[108.7506,-7.47573],[108.7506,-7.47618],[108.75023,-7.47618],[108.75023,-7.47591],[108.75015,-7.47591],[108.75014,-7.47591],[108.75005,-7.47591],[108.74987,-7.47591],[108.74987,-7.4759],[108.7497,-7.4759],[108.74969,-7.4759],[108.74933,-7.4759],[108.74933,-7.47572],[108.74933,-7.47554],[108.74925,-7.47554],[108.74924,-7.47554],[108.74897,-7.47554],[108.7488,-7.47554],[108.74879,-7.47554],[108.74861,-7.47554],[108.74861,-7.47571],[108.74861,-7.47572],[108.74843,-7.47572],[108.74843,-7.47571],[108.74843,-7.47554],[108.74834,-7.47554],[108.74824,-7.47554],[108.74824,-7.47553],[108.74824,-7.47535],[108.74788,-7.47535],[108.74788,-7.47526],[108.74744,-7.47526],[108.74744,-7.47571],[108.74788,-7.47571],[108.74789,-7.47571],[108.74806,-7.47571],[108.74806,-7.47572],[108.74806,-7.4759],[108.74789,-7.4759],[108.74788,-7.4759],[108.74788,-7.47616],[108.74743,-7.47616],[108.74743,-7.47571],[108.74698,-7.47571],[108.74653,-7.47571],[108.74652,-7.47571],[108.74607,-7.47571],[108.74607,-7.4757],[108.74607,-7.47525]],[[108.75199,-7.47031],[108.75198,-7.47031],[108.75198,-7.47076],[108.75243,-7.47076],[108.75243,-7.47077],[108.75288,-7.47077],[108.75288,-7.47032],[108.75243,-7.47032],[108.75243,-7.47031],[108.75199,-7.47031]],[[108.7479,-7.47345],[108.7479,-7.47346],[108.7479,-7.47372],[108.74807,-7.47372],[108.74807,-7.4739],[108.74825,-7.4739],[108.74826,-7.4739],[108.74826,-7.47391],[108.74807,-7.47391],[108.74807,-7.47436],[108.74807,-7.47445],[108.74825,-7.47445],[108.74825,-7.47463],[108.74834,-7.47463],[108.74835,-7.47463],[108.74843,-7.47463],[108.74861,-7.47463],[108.74861,-7.47481],[108.74861,-7.47517],[108.74879,-7.47517],[108.7488,-7.47517],[108.74915,-7.47517],[108.74915,-7.47482],[108.74915,-7.47481],[108.74924,-7.47481],[108.74925,-7.47481],[108.74952,-7.47481],[108.74952,-7.47437],[108.74952,-7.47436],[108.74952,-7.4741],[108.74934,-7.4741],[108.74934,-7.47409],[108.74925,-7.47409],[108.74924,-7.47409],[108.74916,-7.47409],[108.74898,-7.47409],[108.74898,-7.47391],[108.7488,-7.47391],[108.7488,-7.47355],[108.74879,-7.47355],[108.74862,-7.47355],[108.74862,-7.47346],[108.74862,-7.47337],[108.74843,-7.47337],[108.74835,-7.47337],[108.74834,-7.47337],[108.74826,-7.47337],[108.7479,-7.47337],[108.7479,-7.47345]],[[108.74517,-7.47524],[108.74517,-7.4748],[108.74472,-7.4748],[108.74472,-7.47524],[108.74517,-7.47524]],[[108.75015,-7.47527],[108.75015,-7.47572],[108.75059,-7.47572],[108.75059,-7.47527],[108.75015,-7.47527]],[[108.7506,-7.47482],[108.7506,-7.47437],[108.75015,-7.47437],[108.75015,-7.47482],[108.7506,-7.47482]],[[108.74926,-7.4721],[108.74926,-7.47166],[108.74926,-7.47165],[108.74881,-7.47165],[108.74881,-7.4721],[108.74925,-7.4721],[108.74926,-7.4721]]],[[[108.74336,-7.47479],[108.74336,-7.47433],[108.74382,-7.47433],[108.74382,-7.47479],[108.74336,-7.47479]]],[[[108.74518,-7.47254],[108.74518,-7.47208],[108.74564,-7.47208],[108.74564,-7.47254],[108.74518,-7.47254]]],[[[108.74564,-7.47164],[108.74564,-7.47118],[108.74609,-7.47118],[108.74609,-7.47164],[108.74564,-7.47164]]],[[[108.74658,-7.46622],[108.74657,-7.46622],[108.74612,-7.46622],[108.74612,-7.46576],[108.74657,-7.46576],[108.74658,-7.46576],[108.74658,-7.46622]]],[[[108.74477,-7.4635],[108.74477,-7.46305],[108.74523,-7.46305],[108.74523,-7.4635],[108.74477,-7.4635]]],[[[108.7448,-7.45882],[108.74481,-7.45882],[108.74481,-7.45898],[108.7448,-7.45898],[108.74465,-7.45898],[108.7448,-7.45882]]],[[[108.74703,-7.45628],[108.74708,-7.45629],[108.74708,-7.45673],[108.74662,-7.45673],[108.74662,-7.45628],[108.74703,-7.45628]]],[[[108.74921,-7.48194],[108.74921,-7.48159],[108.74966,-7.48159],[108.74967,-7.48159],[108.74967,-7.48205],[108.74966,-7.48205],[108.74957,-7.48205],[108.74925,-7.48197],[108.74921,-7.48194]]],[[[108.74831,-7.48114],[108.74831,-7.48068],[108.74876,-7.48068],[108.74876,-7.48114],[108.74831,-7.48114]]],[[[108.75057,-7.4807],[108.75057,-7.48024],[108.75103,-7.48024],[108.75103,-7.4807],[108.75057,-7.4807]]],[[[108.74967,-7.47934],[108.74967,-7.47888],[108.75013,-7.47888],[108.75013,-7.47934],[108.74967,-7.47934]]],[[[108.74923,-7.47798],[108.74923,-7.47843],[108.74878,-7.47843],[108.74877,-7.47843],[108.74859,-7.47843],[108.74859,-7.47842],[108.74859,-7.47824],[108.74877,-7.47824],[108.74878,-7.47824],[108.74878,-7.47807],[108.74914,-7.47807],[108.74914,-7.47798],[108.74914,-7.47789],[108.74923,-7.47789],[108.74923,-7.47798]]],[[[108.75194,-7.47845],[108.75194,-7.47799],[108.7524,-7.47799],[108.7524,-7.47845],[108.75194,-7.47845]]],[[[108.74923,-7.47735],[108.74923,-7.47716],[108.74933,-7.47716],[108.74933,-7.47708],[108.74933,-7.47707],[108.74933,-7.47699],[108.74933,-7.47698],[108.74968,-7.47698],[108.74968,-7.47663],[108.74968,-7.47662],[108.74969,-7.47662],[108.74969,-7.47644],[108.7497,-7.47644],[108.74987,-7.47644],[108.75014,-7.47644],[108.75015,-7.47644],[108.75015,-7.47645],[108.75015,-7.47662],[108.75015,-7.47663],[108.75015,-7.47708],[108.75059,-7.47708],[108.75059,-7.47663],[108.75105,-7.47663],[108.75105,-7.47708],[108.7506,-7.47708],[108.7506,-7.47753],[108.75059,-7.47753],[108.75014,-7.47753],[108.74969,-7.47753],[108.74968,-7.47753],[108.7495,-7.47753],[108.7495,-7.47735],[108.74932,-7.47735],[108.74923,-7.47735]]],[[[108.75195,-7.47574],[108.75195,-7.47528],[108.75241,-7.47528],[108.75241,-7.47574],[108.75195,-7.47574]]],[[[108.75287,-7.47483],[108.75332,-7.47483],[108.75332,-7.47529],[108.75377,-7.47529],[108.75377,-7.47574],[108.75422,-7.47574],[108.75422,-7.47619],[108.75422,-7.4762],[108.75467,-7.4762],[108.75467,-7.47575],[108.75512,-7.47575],[108.75512,-7.4753],[108.75543,-7.4753],[108.75558,-7.4753],[108.75558,-7.47575],[108.75551,-7.47575],[108.75513,-7.47575],[108.75513,-7.4762],[108.75513,-7.47665],[108.75558,-7.47665],[108.75558,-7.47686],[108.75558,-7.47711],[108.75602,-7.47711],[108.75602,-7.47666],[108.75603,-7.47666],[108.75603,-7.47621],[108.75603,-7.47575],[108.75648,-7.47575],[108.75649,-7.47575],[108.75649,-7.47576],[108.75693,-7.47576],[108.75694,-7.47576],[108.75694,-7.47621],[108.75739,-7.47621],[108.75739,-7.47666],[108.75739,-7.47711],[108.75739,-7.47712],[108.75783,-7.47712],[108.75783,-7.47667],[108.75784,-7.47667],[108.75828,-7.47667],[108.75829,-7.47667],[108.75874,-7.47667],[108.75874,-7.47712],[108.75874,-7.47757],[108.75919,-7.47757],[108.75919,-7.47758],[108.75964,-7.47758],[108.75964,-7.47803],[108.75919,-7.47803],[108.75874,-7.47803],[108.75874,-7.47831],[108.75874,-7.47848],[108.75828,-7.47848],[108.75828,-7.47815],[108.75828,-7.47803],[108.75828,-7.47802],[108.75828,-7.47758],[108.75828,-7.47757],[108.75784,-7.47757],[108.75783,-7.47757],[108.75739,-7.47757],[108.75738,-7.47757],[108.75738,-7.47785],[108.75738,-7.47802],[108.75783,-7.47802],[108.75783,-7.47847],[108.75783,-7.47892],[108.75828,-7.47892],[108.75828,-7.47893],[108.75828,-7.47938],[108.75783,-7.47938],[108.75782,-7.47938],[108.75782,-7.47983],[108.75782,-7.48028],[108.75827,-7.48028],[108.75827,-7.48073],[108.75827,-7.48074],[108.75827,-7.48119],[108.75781,-7.48119],[108.75781,-7.48074],[108.75781,-7.48073],[108.75736,-7.48073],[108.75691,-7.48073],[108.75691,-7.48118],[108.75645,-7.48118],[108.75645,-7.48073],[108.75645,-7.48028],[108.75645,-7.48027],[108.75601,-7.48027],[108.756,-7.48027],[108.75555,-7.48027],[108.75555,-7.47982],[108.75524,-7.47982],[108.7551,-7.47982],[108.7551,-7.47946],[108.7551,-7.47936],[108.75555,-7.47936],[108.75555,-7.47891],[108.75556,-7.47891],[108.75556,-7.47846],[108.75556,-7.47801],[108.75556,-7.47756],[108.75548,-7.47756],[108.75512,-7.47756],[108.75511,-7.47756],[108.75466,-7.47756],[108.75466,-7.47801],[108.7542,-7.47801],[108.7542,-7.47755],[108.75375,-7.47755],[108.75375,-7.4771],[108.7533,-7.4771],[108.7533,-7.47664],[108.75376,-7.47664],[108.75376,-7.4762],[108.75376,-7.47619],[108.75376,-7.47574],[108.75331,-7.47574],[108.75331,-7.47529],[108.75298,-7.47529],[108.75298,-7.47524],[108.75286,-7.47524],[108.75286,-7.47483],[108.75241,-7.47483],[108.75241,-7.47438],[108.75287,-7.47438],[108.75287,-7.47483]],[[108.75376,-7.47665],[108.75376,-7.4771],[108.75421,-7.4771],[108.75466,-7.4771],[108.75466,-7.47665],[108.75422,-7.47665],[108.75421,-7.47665],[108.75376,-7.47665]]],[[[108.7488,-7.47463],[108.74879,-7.47463],[108.74879,-7.47445],[108.7488,-7.47445],[108.74897,-7.47445],[108.74897,-7.47446],[108.7488,-7.47446],[108.7488,-7.47463]]],[[[108.75197,-7.47347],[108.75242,-7.47347],[108.75242,-7.47393],[108.75197,-7.47393],[108.75196,-7.47393],[108.75151,-7.47393],[108.75151,-7.47347],[108.75196,-7.47347],[108.75197,-7.47347]]],[[[108.75245,-7.4676],[108.75291,-7.4676],[108.75291,-7.46806],[108.7529,-7.46806],[108.7529,-7.46851],[108.75245,-7.46851],[108.75244,-7.46851],[108.75199,-7.46851],[108.75199,-7.46806],[108.75199,-7.46805],[108.75199,-7.46767],[108.75199,-7.4676],[108.75218,-7.4676],[108.75245,-7.4676]]],[[[108.74975,-7.46578],[108.75019,-7.46578],[108.7502,-7.46578],[108.75065,-7.46578],[108.75065,-7.46579],[108.75065,-7.46624],[108.7502,-7.46624],[108.75019,-7.46624],[108.74974,-7.46624],[108.74974,-7.46578],[108.74929,-7.46578],[108.74929,-7.46533],[108.74975,-7.46533],[108.74975,-7.46578]]],[[[108.75068,-7.45901],[108.75068,-7.45856],[108.75114,-7.45856],[108.75114,-7.45901],[108.75068,-7.45901]]],[[[108.76219,-7.48941],[108.76216,-7.48941],[108.7621,-7.48941],[108.76184,-7.48947],[108.76184,-7.48934],[108.76139,-7.48934],[108.76139,-7.48888],[108.76184,-7.48888],[108.76185,-7.48888],[108.76185,-7.48844],[108.76185,-7.48843],[108.7614,-7.48843],[108.7614,-7.48798],[108.76185,-7.48798],[108.76185,-7.48753],[108.76186,-7.48753],[108.76186,-7.48708],[108.76231,-7.48708],[108.76231,-7.48753],[108.76276,-7.48753],[108.76276,-7.48798],[108.76276,-7.48799],[108.76276,-7.48844],[108.76259,-7.48844],[108.76266,-7.48825],[108.76258,-7.48822],[108.76251,-7.48844],[108.76231,-7.48844],[108.76231,-7.48889],[108.7623,-7.48889],[108.7623,-7.48915],[108.76224,-7.48934],[108.76223,-7.48935],[108.76225,-7.48934],[108.76226,-7.48938],[108.76228,-7.48934],[108.7623,-7.48929],[108.7623,-7.48934],[108.7623,-7.48941],[108.76227,-7.48941],[108.76226,-7.48941],[108.76219,-7.48941]]],[[[108.76141,-7.48753],[108.76095,-7.48753],[108.76095,-7.48707],[108.76141,-7.48707],[108.76141,-7.48753]]],[[[108.76008,-7.48662],[108.76051,-7.48662],[108.76051,-7.48707],[108.76005,-7.48707],[108.76005,-7.48673],[108.76008,-7.48662]]],[[[108.76276,-7.48573],[108.76321,-7.48573],[108.76322,-7.48573],[108.76322,-7.48528],[108.76368,-7.48528],[108.76368,-7.48573],[108.76413,-7.48573],[108.76413,-7.48618],[108.76413,-7.48619],[108.76457,-7.48619],[108.76458,-7.48619],[108.76503,-7.48619],[108.76503,-7.48664],[108.76503,-7.48709],[108.76457,-7.48709],[108.76457,-7.48754],[108.76411,-7.48754],[108.76411,-7.48709],[108.76367,-7.48709],[108.76366,-7.48709],[108.76321,-7.48709],[108.76321,-7.48664],[108.76321,-7.48663],[108.76277,-7.48663],[108.76276,-7.48663],[108.76231,-7.48663],[108.76186,-7.48663],[108.76141,-7.48663],[108.76141,-7.48617],[108.76186,-7.48617],[108.76231,-7.48617],[108.76231,-7.48618],[108.76276,-7.48618],[108.76276,-7.48573]]],[[[108.7605,-7.48617],[108.7605,-7.48572],[108.76096,-7.48572],[108.76096,-7.48617],[108.7605,-7.48617]]],[[[108.75825,-7.4857],[108.75779,-7.4857],[108.75779,-7.48525],[108.75825,-7.48525],[108.75825,-7.4857]]],[[[108.75584,-7.48549],[108.75579,-7.48532],[108.75579,-7.48531],[108.7558,-7.48524],[108.75598,-7.48524],[108.75598,-7.48562],[108.75584,-7.48549]]],[[[108.76006,-7.48436],[108.76006,-7.48481],[108.76006,-7.48485],[108.75961,-7.48512],[108.75961,-7.48513],[108.75939,-7.48526],[108.75915,-7.48526],[108.75915,-7.48481],[108.75915,-7.4848],[108.7596,-7.4848],[108.7596,-7.48436],[108.75961,-7.48436],[108.76006,-7.48436]]],[[[108.76096,-7.48482],[108.76096,-7.48436],[108.76051,-7.48436],[108.76051,-7.48391],[108.76097,-7.48391],[108.76097,-7.48436],[108.76142,-7.48436],[108.76142,-7.48482],[108.76096,-7.48482]]],[[[108.7552,-7.48253],[108.75509,-7.48253],[108.75509,-7.48207],[108.75547,-7.48207],[108.75555,-7.48207],[108.75555,-7.48253],[108.7552,-7.48253]]],[[[108.75555,-7.48117],[108.7551,-7.48117],[108.7551,-7.48072],[108.7551,-7.48027],[108.75553,-7.48027],[108.75555,-7.48027],[108.75555,-7.48029],[108.75555,-7.4803],[108.75555,-7.48072],[108.75555,-7.48117]]],[[[108.75964,-7.47848],[108.75964,-7.47862],[108.75964,-7.47893],[108.75964,-7.47894],[108.75918,-7.47894],[108.75918,-7.47893],[108.75918,-7.47848],[108.75923,-7.47848],[108.75964,-7.47848]]],[[[108.76326,-7.4785],[108.76326,-7.47895],[108.76371,-7.47895],[108.76371,-7.47941],[108.76325,-7.47941],[108.76325,-7.47895],[108.7628,-7.47895],[108.7628,-7.4785],[108.76235,-7.4785],[108.76235,-7.47805],[108.76235,-7.47804],[108.76281,-7.47804],[108.76281,-7.47805],[108.76281,-7.4785],[108.76326,-7.4785]]],[[[108.75964,-7.47713],[108.75964,-7.47668],[108.7601,-7.47668],[108.7601,-7.47713],[108.75964,-7.47713]]],[[[108.75285,-7.47596],[108.75316,-7.47596],[108.75316,-7.47574],[108.75331,-7.47574],[108.75331,-7.47619],[108.75285,-7.47619],[108.75285,-7.47596]]],[[[108.75784,-7.47576],[108.75739,-7.47576],[108.75738,-7.47576],[108.75738,-7.47531],[108.75739,-7.47531],[108.75784,-7.47531],[108.75784,-7.47576]]],[[[108.7583,-7.47486],[108.75829,-7.47486],[108.75784,-7.47486],[108.75784,-7.47441],[108.75829,-7.47441],[108.7583,-7.47441],[108.75875,-7.47441],[108.75875,-7.47486],[108.7583,-7.47486]]],[[[108.75469,-7.47439],[108.75468,-7.47439],[108.75468,-7.47484],[108.75422,-7.47484],[108.75422,-7.47439],[108.75378,-7.47439],[108.75377,-7.47439],[108.75332,-7.47439],[108.75332,-7.47393],[108.75287,-7.47393],[108.75287,-7.47348],[108.75333,-7.47348],[108.75333,-7.47393],[108.75377,-7.47393],[108.75378,-7.47393],[108.75423,-7.47393],[108.75423,-7.47394],[108.75468,-7.47394],[108.75469,-7.47394],[108.75513,-7.47394],[108.75513,-7.47349],[108.75558,-7.47349],[108.75559,-7.47349],[108.75604,-7.47349],[108.75604,-7.47395],[108.75631,-7.47395],[108.75649,-7.47395],[108.75649,-7.4744],[108.75649,-7.47485],[108.75603,-7.47485],[108.75603,-7.47471],[108.75603,-7.4744],[108.75603,-7.47395],[108.75558,-7.47395],[108.75558,-7.47394],[108.75514,-7.47394],[108.75514,-7.47439],[108.75513,-7.47439],[108.75469,-7.47439]]],[[[108.75378,-7.47348],[108.75333,-7.47348],[108.75333,-7.47303],[108.75378,-7.47303],[108.75423,-7.47303],[108.75424,-7.47303],[108.75424,-7.47349],[108.75423,-7.47349],[108.75378,-7.47349],[108.75378,-7.47348]]],[[[108.76012,-7.47216],[108.76012,-7.47261],[108.76012,-7.47306],[108.75967,-7.47306],[108.75967,-7.47261],[108.75967,-7.47216],[108.76012,-7.47216]]],[[[108.75514,-7.47304],[108.75468,-7.47304],[108.75468,-7.47259],[108.75468,-7.47258],[108.75514,-7.47258],[108.75514,-7.47259],[108.75514,-7.47304]]],[[[108.75967,-7.47035],[108.75968,-7.47035],[108.76013,-7.47035],[108.76013,-7.4708],[108.76013,-7.47081],[108.76013,-7.47126],[108.76012,-7.47126],[108.76012,-7.47171],[108.75967,-7.47171],[108.75967,-7.47126],[108.75922,-7.47126],[108.75922,-7.4717],[108.75922,-7.47216],[108.75876,-7.47216],[108.75876,-7.4717],[108.75831,-7.4717],[108.75831,-7.47125],[108.75877,-7.47125],[108.75877,-7.4708],[108.75877,-7.47035],[108.75922,-7.47035],[108.75967,-7.47035]]],[[[108.76103,-7.47171],[108.76057,-7.47171],[108.76057,-7.47126],[108.76103,-7.47126],[108.76103,-7.47171]]],[[[108.75787,-7.47125],[108.75741,-7.47125],[108.75741,-7.47124],[108.75741,-7.47079],[108.75787,-7.47079],[108.75787,-7.47124],[108.75787,-7.47125]]],[[[108.75832,-7.46944],[108.75832,-7.46899],[108.75878,-7.46899],[108.75878,-7.46944],[108.75832,-7.46944]]],[[[108.75471,-7.46852],[108.75471,-7.46897],[108.75426,-7.46897],[108.75426,-7.46942],[108.7538,-7.46942],[108.7538,-7.46897],[108.75425,-7.46897],[108.75425,-7.46852],[108.75471,-7.46852]]],[[[108.76059,-7.469],[108.76059,-7.46855],[108.76105,-7.46855],[108.76105,-7.469],[108.76059,-7.469]]],[[[108.75788,-7.46854],[108.75742,-7.46854],[108.75742,-7.46853],[108.75742,-7.46808],[108.75742,-7.46763],[108.75788,-7.46763],[108.75834,-7.46763],[108.75834,-7.46808],[108.75834,-7.46809],[108.75788,-7.46809],[108.75788,-7.46853],[108.75788,-7.46854]]],[[[108.75969,-7.46764],[108.75969,-7.46719],[108.76014,-7.46719],[108.76015,-7.46719],[108.7606,-7.46719],[108.76105,-7.46719],[108.76105,-7.46674],[108.7615,-7.46674],[108.7615,-7.4663],[108.7615,-7.46629],[108.76106,-7.46629],[108.76105,-7.46629],[108.76061,-7.46629],[108.7606,-7.46629],[108.76015,-7.46629],[108.76015,-7.46584],[108.7597,-7.46584],[108.7597,-7.46583],[108.75925,-7.46583],[108.75925,-7.46538],[108.7597,-7.46538],[108.7597,-7.46493],[108.75925,-7.46493],[108.75925,-7.46448],[108.7597,-7.46448],[108.7597,-7.46403],[108.75971,-7.46403],[108.75971,-7.46365],[108.76017,-7.46375],[108.76017,-7.46375],[108.76062,-7.46385],[108.76062,-7.46403],[108.76017,-7.46403],[108.76016,-7.46403],[108.76016,-7.46448],[108.75971,-7.46448],[108.75971,-7.46493],[108.76016,-7.46493],[108.76016,-7.46538],[108.76016,-7.46584],[108.7606,-7.46584],[108.76061,-7.46584],[108.76105,-7.46584],[108.76106,-7.46584],[108.7615,-7.46584],[108.76151,-7.46584],[108.76151,-7.46539],[108.76151,-7.46494],[108.76106,-7.46494],[108.76106,-7.46449],[108.76106,-7.46448],[108.76152,-7.46448],[108.76152,-7.46449],[108.76197,-7.46449],[108.76242,-7.46449],[108.76243,-7.46449],[108.7625,-7.46449],[108.76288,-7.46474],[108.76288,-7.46475],[108.76292,-7.46477],[108.76302,-7.46483],[108.76315,-7.46491],[108.76315,-7.46495],[108.76315,-7.46513],[108.76314,-7.46513],[108.76288,-7.46513],[108.76287,-7.46513],[108.76278,-7.46513],[108.76278,-7.46531],[108.7626,-7.46531],[108.7626,-7.4654],[108.76242,-7.4654],[108.76242,-7.46584],[108.76242,-7.46585],[108.76242,-7.4663],[108.76241,-7.4663],[108.76241,-7.46675],[108.76241,-7.4672],[108.76196,-7.4672],[108.76196,-7.46765],[108.76151,-7.46765],[108.7615,-7.46765],[108.76106,-7.46765],[108.76106,-7.4681],[108.76105,-7.4681],[108.7606,-7.4681],[108.7606,-7.46765],[108.76015,-7.46765],[108.76015,-7.46809],[108.76015,-7.4681],[108.75969,-7.4681],[108.75969,-7.46809],[108.75969,-7.46764]],[[108.76195,-7.4672],[108.76195,-7.46675],[108.76151,-7.46675],[108.76151,-7.4672],[108.76195,-7.4672]]],[[[108.75924,-7.46809],[108.75878,-7.46809],[108.75878,-7.46764],[108.75924,-7.46764],[108.75924,-7.46809]]],[[[108.7588,-7.46628],[108.75925,-7.46628],[108.7597,-7.46628],[108.75971,-7.46628],[108.75971,-7.46674],[108.7597,-7.46674],[108.75925,-7.46674],[108.75879,-7.46674],[108.75879,-7.46673],[108.75835,-7.46673],[108.75834,-7.46673],[108.75789,-7.46673],[108.75789,-7.46718],[108.75743,-7.46718],[108.75743,-7.46673],[108.75743,-7.46627],[108.75789,-7.46627],[108.75789,-7.46628],[108.75834,-7.46628],[108.75835,-7.46628],[108.75879,-7.46628],[108.7588,-7.46628]]],[[[108.75608,-7.46582],[108.75562,-7.46582],[108.75562,-7.46581],[108.75562,-7.46536],[108.75608,-7.46536],[108.75608,-7.46581],[108.75608,-7.46582]]],[[[108.75699,-7.46492],[108.75699,-7.46446],[108.75745,-7.46446],[108.75745,-7.46492],[108.75699,-7.46492]]],[[[108.7594,-7.46357],[108.7594,-7.46358],[108.75926,-7.46358],[108.75926,-7.46357],[108.75926,-7.46354],[108.7594,-7.46357]]],[[[108.75429,-7.46129],[108.75429,-7.46084],[108.75474,-7.46084],[108.75474,-7.46039],[108.75475,-7.46039],[108.75519,-7.46039],[108.7552,-7.46039],[108.7552,-7.45994],[108.75565,-7.45994],[108.75566,-7.45994],[108.75611,-7.45994],[108.75611,-7.46039],[108.75566,-7.46039],[108.75565,-7.46039],[108.75565,-7.46084],[108.7552,-7.46084],[108.7552,-7.46129],[108.7552,-7.46173],[108.7552,-7.46174],[108.7552,-7.46175],[108.75516,-7.46175],[108.75475,-7.46175],[108.75475,-7.46203],[108.75475,-7.46219],[108.75466,-7.46219],[108.75429,-7.46219],[108.75429,-7.46174],[108.75474,-7.46174],[108.75474,-7.46129],[108.75429,-7.46129]]],[[[108.75655,-7.46101],[108.75662,-7.4613],[108.75655,-7.4613],[108.75655,-7.46101]]],[[[108.75566,-7.45949],[108.75566,-7.4591],[108.75595,-7.45908],[108.75602,-7.45908],[108.75612,-7.45937],[108.75612,-7.45949],[108.75566,-7.45949]]],[[[108.76636,-7.49026],[108.76593,-7.49026],[108.76592,-7.49026],[108.76591,-7.49026],[108.76582,-7.49026],[108.76558,-7.4902],[108.76547,-7.49022],[108.76547,-7.49022],[108.76546,-7.49022],[108.76529,-7.49024],[108.76526,-7.49026],[108.76516,-7.49026],[108.76501,-7.49026],[108.76501,-7.48981],[108.76501,-7.4898],[108.7651,-7.4898],[108.76546,-7.4898],[108.76547,-7.4898],[108.76547,-7.48981],[108.76591,-7.48981],[108.76591,-7.48942],[108.76591,-7.48936],[108.76546,-7.48936],[108.76546,-7.48935],[108.76546,-7.48891],[108.76546,-7.4889],[108.76546,-7.48845],[108.76547,-7.48845],[108.76547,-7.488],[108.76592,-7.488],[108.76593,-7.488],[108.76637,-7.488],[108.76638,-7.488],[108.76638,-7.48755],[108.76683,-7.48755],[108.76683,-7.48711],[108.76683,-7.4871],[108.76638,-7.4871],[108.76638,-7.48665],[108.76638,-7.4862],[108.76594,-7.4862],[108.76594,-7.48665],[108.76593,-7.48665],[108.76593,-7.4871],[108.76547,-7.4871],[108.76547,-7.48664],[108.76548,-7.48664],[108.76548,-7.4862],[108.76548,-7.48619],[108.76548,-7.48574],[108.76593,-7.48574],[108.76594,-7.48574],[108.76639,-7.48574],[108.76639,-7.48529],[108.76685,-7.48529],[108.76685,-7.4853],[108.7673,-7.4853],[108.76775,-7.4853],[108.76775,-7.48485],[108.76775,-7.4844],[108.7673,-7.4844],[108.7673,-7.48394],[108.76775,-7.48394],[108.76775,-7.48349],[108.7673,-7.48349],[108.7673,-7.48304],[108.76776,-7.48304],[108.76776,-7.48349],[108.76821,-7.48349],[108.76821,-7.48304],[108.76867,-7.48304],[108.76867,-7.48305],[108.76912,-7.48305],[108.76912,-7.4835],[108.76867,-7.4835],[108.76867,-7.48395],[108.76821,-7.48395],[108.76776,-7.48395],[108.76776,-7.4844],[108.7682,-7.4844],[108.76821,-7.4844],[108.76865,-7.4844],[108.76866,-7.4844],[108.76911,-7.4844],[108.76957,-7.4844],[108.76957,-7.48441],[108.77002,-7.48441],[108.77002,-7.48396],[108.77048,-7.48396],[108.77048,-7.48441],[108.77093,-7.48441],[108.77093,-7.48486],[108.77138,-7.48486],[108.77138,-7.48487],[108.77138,-7.48532],[108.77182,-7.48532],[108.77182,-7.48487],[108.77228,-7.48487],[108.77252,-7.48487],[108.77242,-7.48522],[108.77238,-7.48533],[108.77228,-7.48533],[108.77228,-7.4854],[108.77228,-7.4856],[108.77228,-7.48577],[108.77273,-7.48577],[108.77273,-7.48578],[108.77273,-7.48623],[108.77317,-7.48623],[108.77318,-7.48623],[108.77318,-7.48578],[108.77318,-7.48564],[108.77318,-7.48555],[108.77318,-7.48533],[108.77274,-7.48533],[108.77273,-7.48533],[108.77246,-7.48533],[108.77254,-7.48487],[108.77273,-7.48487],[108.77273,-7.48442],[108.77319,-7.48442],[108.77319,-7.48487],[108.77319,-7.48488],[108.77319,-7.48533],[108.77363,-7.48533],[108.77364,-7.48533],[108.77364,-7.48488],[108.77364,-7.48443],[108.77409,-7.48443],[108.77454,-7.48443],[108.77454,-7.48488],[108.77409,-7.48488],[108.77409,-7.48533],[108.77454,-7.48533],[108.77454,-7.48578],[108.77454,-7.48579],[108.77457,-7.48579],[108.77459,-7.48579],[108.77499,-7.48579],[108.77499,-7.48534],[108.77544,-7.48534],[108.77544,-7.48579],[108.77544,-7.48624],[108.77544,-7.48669],[108.77544,-7.4867],[108.77544,-7.48714],[108.77544,-7.48715],[108.77589,-7.48715],[108.77589,-7.4867],[108.77589,-7.48625],[108.77589,-7.48624],[108.77589,-7.48579],[108.77635,-7.48579],[108.77635,-7.4858],[108.7768,-7.4858],[108.7768,-7.48625],[108.77724,-7.48625],[108.77725,-7.48625],[108.7777,-7.48625],[108.7777,-7.4858],[108.77815,-7.4858],[108.77816,-7.4858],[108.77861,-7.4858],[108.77861,-7.48536],[108.77861,-7.4849],[108.77907,-7.4849],[108.77907,-7.48491],[108.77952,-7.48491],[108.77953,-7.48491],[108.77997,-7.48491],[108.77998,-7.48491],[108.78043,-7.48491],[108.78043,-7.48452],[108.78043,-7.48446],[108.78043,-7.48401],[108.78088,-7.48401],[108.78088,-7.48356],[108.78088,-7.48311],[108.78088,-7.48266],[108.78134,-7.48266],[108.78134,-7.48311],[108.78179,-7.48311],[108.78179,-7.48356],[108.78179,-7.48401],[108.78179,-7.48402],[108.78224,-7.48402],[108.78224,-7.48357],[108.78224,-7.48312],[108.78224,-7.48311],[108.7827,-7.48311],[108.7827,-7.48267],[108.7827,-7.48266],[108.78316,-7.48266],[108.78316,-7.48267],[108.7836,-7.48267],[108.78361,-7.48267],[108.78361,-7.48222],[108.78316,-7.48222],[108.78316,-7.48176],[108.78361,-7.48176],[108.78361,-7.48132],[108.78316,-7.48132],[108.78316,-7.48131],[108.78316,-7.48086],[108.78316,-7.48079],[108.78316,-7.48041],[108.78271,-7.48041],[108.78271,-7.47996],[108.78271,-7.47995],[108.78271,-7.4795],[108.78316,-7.4795],[108.78316,-7.47905],[108.78317,-7.47905],[108.78317,-7.4786],[108.78362,-7.4786],[108.78363,-7.4786],[108.78408,-7.4786],[108.78408,-7.47861],[108.78453,-7.47861],[108.78453,-7.47816],[108.78499,-7.47816],[108.78499,-7.47861],[108.78499,-7.47906],[108.78543,-7.47906],[108.78544,-7.47906],[108.78589,-7.47906],[108.78589,-7.47907],[108.78634,-7.47907],[108.78679,-7.47907],[108.7868,-7.47907],[108.78725,-7.47907],[108.78725,-7.47863],[108.78725,-7.47862],[108.78725,-7.47817],[108.7877,-7.47817],[108.78771,-7.47817],[108.78771,-7.47862],[108.78771,-7.47863],[108.78771,-7.47908],[108.7877,-7.47908],[108.78725,-7.47908],[108.78725,-7.47952],[108.78725,-7.47953],[108.78725,-7.47998],[108.78769,-7.47998],[108.78769,-7.47953],[108.78815,-7.47953],[108.78815,-7.47998],[108.78815,-7.48043],[108.7886,-7.48043],[108.7886,-7.47998],[108.78905,-7.47998],[108.78906,-7.47998],[108.78906,-7.48044],[108.78905,-7.48044],[108.78905,-7.48089],[108.7895,-7.48089],[108.78995,-7.48089],[108.78996,-7.48089],[108.79041,-7.48089],[108.79041,-7.4809],[108.79041,-7.48135],[108.79041,-7.4818],[108.79041,-7.48225],[108.79086,-7.48225],[108.79086,-7.48271],[108.7904,-7.48271],[108.7904,-7.48225],[108.78995,-7.48225],[108.78949,-7.48225],[108.78949,-7.4818],[108.78905,-7.4818],[108.78905,-7.48224],[108.78905,-7.48225],[108.78859,-7.48225],[108.78859,-7.48269],[108.78904,-7.48269],[108.78904,-7.4827],[108.78949,-7.4827],[108.78949,-7.48315],[108.78994,-7.48315],[108.78994,-7.4836],[108.79039,-7.4836],[108.79039,-7.48361],[108.79039,-7.48406],[108.79084,-7.48406],[108.7913,-7.48406],[108.7913,-7.48452],[108.79084,-7.48452],[108.79084,-7.48496],[108.79084,-7.48497],[108.79084,-7.48519],[108.79084,-7.48542],[108.79129,-7.48542],[108.79129,-7.48587],[108.79173,-7.48587],[108.79174,-7.48587],[108.79219,-7.48587],[108.79219,-7.48543],[108.79219,-7.48542],[108.79219,-7.48497],[108.79219,-7.48452],[108.79265,-7.48452],[108.79265,-7.48407],[108.7922,-7.48407],[108.7922,-7.48362],[108.79265,-7.48362],[108.79266,-7.48362],[108.79311,-7.48362],[108.79311,-7.48317],[108.79356,-7.48317],[108.79356,-7.48362],[108.79401,-7.48362],[108.79401,-7.48317],[108.79446,-7.48317],[108.79446,-7.48273],[108.79446,-7.48272],[108.79402,-7.48272],[108.79401,-7.48272],[108.79357,-7.48272],[108.79356,-7.48272],[108.79311,-7.48272],[108.79311,-7.48227],[108.79266,-7.48227],[108.79266,-7.48226],[108.79221,-7.48226],[108.79221,-7.48181],[108.79266,-7.48181],[108.79266,-7.48136],[108.79221,-7.48136],[108.79176,-7.48136],[108.79175,-7.48136],[108.79175,-7.4809],[108.79176,-7.4809],[108.79176,-7.48045],[108.79222,-7.48045],[108.79222,-7.48091],[108.79266,-7.48091],[108.79266,-7.48046],[108.79312,-7.48046],[108.79312,-7.48091],[108.79312,-7.48136],[108.79312,-7.48181],[108.79357,-7.48181],[108.79357,-7.48137],[108.79357,-7.48136],[108.79402,-7.48136],[108.79402,-7.48092],[108.79402,-7.48091],[108.79402,-7.48046],[108.79403,-7.48046],[108.79403,-7.48001],[108.79448,-7.48001],[108.79449,-7.48001],[108.79494,-7.48001],[108.79494,-7.47986],[108.79505,-7.48002],[108.79494,-7.48002],[108.79494,-7.48047],[108.79538,-7.48047],[108.79539,-7.48047],[108.79544,-7.48047],[108.79549,-7.48047],[108.79567,-7.48047],[108.79584,-7.48047],[108.7963,-7.48047],[108.7963,-7.48093],[108.79627,-7.48093],[108.79622,-7.48093],[108.7961,-7.48093],[108.79584,-7.48093],[108.79584,-7.48092],[108.79539,-7.48092],[108.79539,-7.48137],[108.79493,-7.48137],[108.79448,-7.48137],[108.79447,-7.48137],[108.79403,-7.48137],[108.79403,-7.48182],[108.79447,-7.48182],[108.79448,-7.48182],[108.79493,-7.48182],[108.79493,-7.48227],[108.79493,-7.48228],[108.79493,-7.48273],[108.79492,-7.48273],[108.79492,-7.48318],[108.79537,-7.48318],[108.79537,-7.48273],[108.79537,-7.48228],[108.79538,-7.48228],[108.79538,-7.48183],[108.79583,-7.48183],[108.79583,-7.48138],[108.79629,-7.48138],[108.79629,-7.48183],[108.79674,-7.48183],[108.7972,-7.48183],[108.7972,-7.48229],[108.79764,-7.48229],[108.79764,-7.48188],[108.79764,-7.48184],[108.79781,-7.48184],[108.79809,-7.48184],[108.7981,-7.48184],[108.79855,-7.48184],[108.79855,-7.48227],[108.79855,-7.48229],[108.79858,-7.48229],[108.799,-7.48229],[108.79945,-7.48229],[108.79945,-7.48185],[108.79991,-7.48185],[108.79991,-7.4823],[108.7999,-7.4823],[108.7999,-7.48275],[108.80035,-7.48275],[108.80035,-7.4832],[108.80035,-7.48321],[108.80035,-7.48365],[108.80035,-7.48366],[108.80036,-7.48366],[108.8008,-7.48366],[108.8008,-7.48411],[108.8008,-7.48456],[108.80035,-7.48456],[108.80035,-7.48501],[108.80035,-7.48546],[108.80035,-7.48547],[108.80034,-7.48547],[108.80034,-7.48571],[108.80034,-7.48591],[108.80034,-7.48592],[108.80079,-7.48592],[108.80079,-7.48573],[108.80079,-7.48547],[108.80124,-7.48547],[108.80125,-7.48547],[108.8017,-7.48547],[108.8017,-7.48592],[108.80215,-7.48592],[108.80215,-7.48547],[108.8026,-7.48547],[108.80261,-7.48547],[108.80261,-7.48548],[108.80305,-7.48548],[108.80306,-7.48548],[108.80351,-7.48548],[108.80351,-7.48593],[108.80351,-7.48638],[108.80395,-7.48638],[108.80396,-7.48638],[108.80396,-7.48684],[108.80395,-7.48684],[108.8035,-7.48684],[108.8035,-7.48638],[108.80306,-7.48638],[108.80306,-7.48683],[108.80306,-7.48728],[108.80306,-7.48729],[108.80305,-7.48729],[108.8026,-7.48729],[108.8026,-7.48773],[108.8026,-7.48774],[108.8026,-7.48819],[108.80214,-7.48819],[108.80214,-7.48818],[108.80169,-7.48818],[108.80168,-7.48818],[108.80124,-7.48818],[108.80123,-7.48818],[108.80123,-7.48847],[108.80123,-7.48848],[108.80123,-7.48863],[108.80145,-7.48863],[108.80168,-7.48863],[108.80214,-7.48863],[108.80214,-7.48904],[108.80214,-7.48905],[108.80214,-7.48909],[108.80213,-7.48909],[108.80213,-7.48954],[108.80213,-7.48999],[108.80168,-7.48999],[108.80168,-7.49044],[108.80213,-7.49044],[108.80213,-7.49089],[108.80213,-7.4909],[108.80212,-7.4909],[108.80212,-7.49135],[108.80167,-7.49135],[108.80167,-7.49134],[108.80134,-7.49134],[108.80129,-7.49133],[108.80122,-7.49132],[108.80077,-7.49123],[108.80075,-7.49123],[108.80031,-7.49112],[108.80031,-7.49111],[108.80031,-7.49089],[108.79987,-7.49089],[108.79987,-7.49106],[108.79978,-7.49106],[108.79969,-7.49105],[108.79941,-7.49108],[108.79941,-7.49088],[108.79916,-7.49088],[108.79908,-7.49088],[108.79896,-7.49088],[108.79896,-7.49043],[108.79851,-7.49043],[108.79851,-7.48997],[108.79896,-7.48997],[108.79896,-7.48987],[108.79896,-7.48984],[108.79896,-7.48983],[108.79896,-7.48952],[108.79941,-7.48952],[108.79941,-7.48908],[108.79941,-7.48907],[108.79941,-7.48863],[108.79941,-7.48862],[108.79897,-7.48862],[108.79896,-7.48862],[108.79896,-7.48817],[108.79896,-7.48805],[108.79896,-7.48795],[108.79896,-7.48772],[108.79852,-7.48772],[108.79852,-7.48779],[108.79852,-7.48789],[108.79852,-7.48816],[108.79852,-7.48817],[108.79852,-7.48862],[108.79807,-7.48862],[108.79807,-7.48907],[108.79852,-7.48907],[108.79852,-7.48952],[108.79806,-7.48952],[108.79761,-7.48952],[108.79761,-7.48997],[108.79761,-7.49042],[108.79806,-7.49042],[108.79806,-7.49087],[108.79851,-7.49087],[108.79851,-7.49088],[108.79851,-7.49133],[108.79869,-7.49133],[108.79852,-7.49141],[108.7985,-7.49142],[108.7985,-7.49133],[108.79805,-7.49133],[108.79805,-7.49088],[108.79805,-7.49087],[108.7976,-7.49087],[108.7976,-7.49132],[108.7976,-7.49173],[108.7976,-7.49178],[108.79759,-7.49178],[108.79759,-7.49179],[108.79752,-7.49181],[108.79742,-7.49183],[108.79741,-7.49183],[108.79723,-7.49186],[108.79713,-7.49188],[108.79713,-7.49187],[108.79713,-7.49182],[108.79713,-7.4918],[108.79713,-7.49177],[108.79669,-7.49177],[108.79669,-7.49187],[108.79669,-7.49189],[108.79669,-7.49191],[108.79641,-7.49192],[108.79644,-7.49192],[108.79633,-7.49192],[108.79623,-7.49192],[108.79578,-7.49191],[108.79578,-7.49177],[108.79578,-7.49132],[108.79578,-7.49131],[108.79578,-7.49087],[108.79578,-7.49086],[108.79534,-7.49086],[108.79533,-7.49086],[108.79533,-7.49131],[108.79488,-7.49131],[108.79443,-7.49131],[108.79443,-7.49176],[108.79398,-7.49176],[108.79397,-7.49176],[108.79353,-7.49176],[108.79352,-7.49176],[108.79352,-7.4918],[108.7935,-7.4918],[108.79331,-7.4918],[108.79314,-7.49182],[108.79306,-7.49184],[108.79306,-7.49175],[108.79307,-7.49175],[108.79307,-7.4913],[108.79307,-7.49085],[108.79263,-7.49085],[108.79262,-7.49085],[108.79262,-7.4913],[108.79216,-7.4913],[108.79216,-7.49085],[108.79216,-7.49084],[108.79217,-7.49084],[108.79217,-7.4904],[108.79217,-7.49039],[108.79172,-7.49039],[108.79172,-7.48994],[108.79126,-7.48994],[108.79126,-7.48949],[108.79126,-7.48948],[108.79172,-7.48948],[108.79172,-7.48904],[108.79217,-7.48904],[108.79218,-7.48904],[108.79262,-7.48904],[108.79262,-7.48859],[108.79262,-7.48814],[108.79263,-7.48814],[108.79308,-7.48814],[108.79353,-7.48814],[108.79353,-7.48769],[108.79399,-7.48769],[108.79399,-7.48724],[108.79444,-7.48724],[108.79445,-7.48724],[108.79445,-7.48679],[108.794,-7.48679],[108.79355,-7.48679],[108.79355,-7.48724],[108.79309,-7.48724],[108.79309,-7.48769],[108.79263,-7.48769],[108.79263,-7.48723],[108.79309,-7.48723],[108.79309,-7.48679],[108.79309,-7.48678],[108.79264,-7.48678],[108.79264,-7.48633],[108.79264,-7.48588],[108.79219,-7.48588],[108.79219,-7.48633],[108.79174,-7.48633],[108.79174,-7.48678],[108.79219,-7.48678],[108.79219,-7.48723],[108.79218,-7.48723],[108.79218,-7.48768],[108.79218,-7.48813],[108.79218,-7.48859],[108.79173,-7.48859],[108.79172,-7.48859],[108.79172,-7.48858],[108.79128,-7.48858],[108.79128,-7.48903],[108.79127,-7.48903],[108.79115,-7.48903],[108.79082,-7.48903],[108.79082,-7.48898],[108.79082,-7.48858],[108.79127,-7.48858],[108.79127,-7.48813],[108.79172,-7.48813],[108.79172,-7.48768],[108.79172,-7.48723],[108.79128,-7.48723],[108.79127,-7.48723],[108.79083,-7.48723],[108.79082,-7.48723],[108.79082,-7.48722],[108.79037,-7.48722],[108.79037,-7.48677],[108.79037,-7.48632],[108.79037,-7.48587],[108.78992,-7.48587],[108.78992,-7.48586],[108.78947,-7.48586],[108.78947,-7.48541],[108.78947,-7.4851],[108.78947,-7.48496],[108.78993,-7.48496],[108.78993,-7.48451],[108.78993,-7.48406],[108.78948,-7.48406],[108.78948,-7.48361],[108.78948,-7.4836],[108.78904,-7.4836],[108.78903,-7.4836],[108.78858,-7.4836],[108.78813,-7.4836],[108.78812,-7.4836],[108.78767,-7.4836],[108.78767,-7.48314],[108.78723,-7.48314],[108.78722,-7.48314],[108.78722,-7.48359],[108.78722,-7.48393],[108.78722,-7.48404],[108.78722,-7.48449],[108.78722,-7.4845],[108.78722,-7.48494],[108.78722,-7.48495],[108.78722,-7.48497],[108.78722,-7.4854],[108.78722,-7.48585],[108.78765,-7.48585],[108.78767,-7.48585],[108.78767,-7.4854],[108.78767,-7.48498],[108.78767,-7.48495],[108.78767,-7.48482],[108.78767,-7.4845],[108.78767,-7.48405],[108.78803,-7.48405],[108.78812,-7.48405],[108.78857,-7.48405],[108.78858,-7.48405],[108.78903,-7.48405],[108.78903,-7.4845],[108.78903,-7.48495],[108.78903,-7.48496],[108.78903,-7.48506],[108.78903,-7.48541],[108.78902,-7.48541],[108.78857,-7.48541],[108.78857,-7.48555],[108.78857,-7.48586],[108.78824,-7.48586],[108.78812,-7.48586],[108.78767,-7.48586],[108.78767,-7.4863],[108.78812,-7.4863],[108.78812,-7.48631],[108.78812,-7.48676],[108.78857,-7.48676],[108.78857,-7.48721],[108.78857,-7.48766],[108.78811,-7.48766],[108.78811,-7.48721],[108.78766,-7.48721],[108.78766,-7.48766],[108.7872,-7.48766],[108.7872,-7.48721],[108.7872,-7.48675],[108.78721,-7.48675],[108.78721,-7.48631],[108.78721,-7.4863],[108.78721,-7.48585],[108.78677,-7.48585],[108.78676,-7.48585],[108.78631,-7.48585],[108.78631,-7.4854],[108.78631,-7.48539],[108.78586,-7.48539],[108.78586,-7.48584],[108.7854,-7.48584],[108.7854,-7.48629],[108.78495,-7.48629],[108.78495,-7.48674],[108.78449,-7.48674],[108.78449,-7.48629],[108.78494,-7.48629],[108.78494,-7.48584],[108.7845,-7.48584],[108.78449,-7.48584],[108.78404,-7.48584],[108.78404,-7.48628],[108.78404,-7.48629],[108.78404,-7.48674],[108.78404,-7.48719],[108.78359,-7.48719],[108.78358,-7.48719],[108.78313,-7.48719],[108.78313,-7.48673],[108.78269,-7.48673],[108.78269,-7.48718],[108.78268,-7.48718],[108.78223,-7.48718],[108.78223,-7.48763],[108.78223,-7.48808],[108.78268,-7.48808],[108.78268,-7.48854],[108.78223,-7.48854],[108.78222,-7.48854],[108.78222,-7.48899],[108.78177,-7.48899],[108.78176,-7.48899],[108.78131,-7.48899],[108.78131,-7.48943],[108.78176,-7.48943],[108.78176,-7.48944],[108.78176,-7.48989],[108.78221,-7.48989],[108.78221,-7.49034],[108.78266,-7.49034],[108.78266,-7.4908],[108.78311,-7.4908],[108.78357,-7.4908],[108.78357,-7.49125],[108.78368,-7.49125],[108.7836,-7.49137],[108.78356,-7.49146],[108.78356,-7.49125],[108.78311,-7.49125],[108.78311,-7.4917],[108.78265,-7.4917],[108.78265,-7.49125],[108.78265,-7.4908],[108.78221,-7.4908],[108.7822,-7.4908],[108.78175,-7.4908],[108.78175,-7.49124],[108.7813,-7.49124],[108.7813,-7.49079],[108.78085,-7.49079],[108.78084,-7.49079],[108.7804,-7.49079],[108.78039,-7.49079],[108.78039,-7.49034],[108.78039,-7.49033],[108.77995,-7.49033],[108.77994,-7.49033],[108.77994,-7.48988],[108.77995,-7.48988],[108.78039,-7.48988],[108.7804,-7.48988],[108.78085,-7.48988],[108.78085,-7.48944],[108.78085,-7.48943],[108.7804,-7.48943],[108.77995,-7.48943],[108.77994,-7.48943],[108.7795,-7.48943],[108.7795,-7.48988],[108.77905,-7.48988],[108.77905,-7.49033],[108.77927,-7.49033],[108.77927,-7.49078],[108.77904,-7.49078],[108.77904,-7.49033],[108.77859,-7.49033],[108.77859,-7.48988],[108.77859,-7.48987],[108.77815,-7.48987],[108.77814,-7.48987],[108.77814,-7.49032],[108.77814,-7.49077],[108.77768,-7.49077],[108.77768,-7.49122],[108.77723,-7.49122],[108.77723,-7.49167],[108.77677,-7.49167],[108.77677,-7.49172],[108.77632,-7.49167],[108.77631,-7.49167],[108.77631,-7.49122],[108.77632,-7.49122],[108.77632,-7.49077],[108.77632,-7.49076],[108.77632,-7.49031],[108.77678,-7.49031],[108.77678,-7.48987],[108.77678,-7.48986],[108.77678,-7.48941],[108.77723,-7.48941],[108.77723,-7.48896],[108.77724,-7.48896],[108.77724,-7.48851],[108.77724,-7.48806],[108.7768,-7.48806],[108.77679,-7.48806],[108.77634,-7.48806],[108.77634,-7.48851],[108.77679,-7.48851],[108.77679,-7.48896],[108.77633,-7.48896],[108.77633,-7.48851],[108.77588,-7.48851],[108.77588,-7.4885],[108.77543,-7.4885],[108.77543,-7.48805],[108.77543,-7.4876],[108.77499,-7.4876],[108.77498,-7.4876],[108.77453,-7.4876],[108.77453,-7.48804],[108.77453,-7.48805],[108.77408,-7.48805],[108.77408,-7.48849],[108.77408,-7.4885],[108.77392,-7.4885],[108.77383,-7.4885],[108.77362,-7.4885],[108.77362,-7.48849],[108.77362,-7.48804],[108.77317,-7.48804],[108.77317,-7.48849],[108.77271,-7.48849],[108.77271,-7.48804],[108.77271,-7.48759],[108.77271,-7.48758],[108.77271,-7.48713],[108.77227,-7.48713],[108.77226,-7.48713],[108.772,-7.48713],[108.77191,-7.48713],[108.77182,-7.48713],[108.77181,-7.48713],[108.77181,-7.48758],[108.77186,-7.48758],[108.77196,-7.48758],[108.77226,-7.48758],[108.77226,-7.48803],[108.77226,-7.48849],[108.77187,-7.48849],[108.77181,-7.48849],[108.77181,-7.48893],[108.77181,-7.48894],[108.77181,-7.48919],[108.77181,-7.48922],[108.77181,-7.48938],[108.77181,-7.48939],[108.77181,-7.48984],[108.77225,-7.48984],[108.77226,-7.48984],[108.77226,-7.49029],[108.77225,-7.49029],[108.77181,-7.49029],[108.7718,-7.49029],[108.77135,-7.49029],[108.77135,-7.49074],[108.77179,-7.49074],[108.7718,-7.49074],[108.77225,-7.49074],[108.7727,-7.49074],[108.77271,-7.49074],[108.77271,-7.49075],[108.77315,-7.49075],[108.77315,-7.4903],[108.77316,-7.4903],[108.77361,-7.4903],[108.77361,-7.49075],[108.77361,-7.4912],[108.77406,-7.4912],[108.77406,-7.49165],[108.77406,-7.49166],[108.77406,-7.49211],[108.77451,-7.49211],[108.77451,-7.49256],[108.77451,-7.49301],[108.77451,-7.49302],[108.77405,-7.49302],[108.77405,-7.49343],[108.77402,-7.49346],[108.77394,-7.49356],[108.77371,-7.49391],[108.7737,-7.49392],[108.77359,-7.49392],[108.77359,-7.49346],[108.77359,-7.49301],[108.77315,-7.49301],[108.77314,-7.49301],[108.77269,-7.49301],[108.77269,-7.49255],[108.77314,-7.49255],[108.77314,-7.49211],[108.77269,-7.49211],[108.77269,-7.4921],[108.77225,-7.4921],[108.77224,-7.4921],[108.77179,-7.4921],[108.77133,-7.4921],[108.77133,-7.49164],[108.77134,-7.49164],[108.77134,-7.49119],[108.77089,-7.49119],[108.77044,-7.49119],[108.77043,-7.49119],[108.76999,-7.49119],[108.76998,-7.49119],[108.76953,-7.49119],[108.76953,-7.49118],[108.76908,-7.49118],[108.76908,-7.49163],[108.76907,-7.49163],[108.76907,-7.49198],[108.76901,-7.49193],[108.76895,-7.49181],[108.76891,-7.49163],[108.7689,-7.49157],[108.76888,-7.49137],[108.76877,-7.49118],[108.76907,-7.49118],[108.76907,-7.49073],[108.76863,-7.49073],[108.76862,-7.49073],[108.76817,-7.49073],[108.76817,-7.49097],[108.76772,-7.49085],[108.76771,-7.49085],[108.76771,-7.49072],[108.76772,-7.49072],[108.76817,-7.49072],[108.76817,-7.49027],[108.76862,-7.49027],[108.76863,-7.49027],[108.76863,-7.48982],[108.76908,-7.48982],[108.76908,-7.48937],[108.76863,-7.48937],[108.76863,-7.48892],[108.76818,-7.48892],[108.76818,-7.48847],[108.76773,-7.48847],[108.76773,-7.48846],[108.76773,-7.48801],[108.76729,-7.48801],[108.76729,-7.48802],[108.76729,-7.48846],[108.76728,-7.48846],[108.76728,-7.48891],[108.76773,-7.48891],[108.76773,-7.48937],[108.76727,-7.48937],[108.76727,-7.48936],[108.76683,-7.48936],[108.76682,-7.48936],[108.76682,-7.48981],[108.76727,-7.48981],[108.76727,-7.49026],[108.76727,-7.49027],[108.76727,-7.49072],[108.76709,-7.49072],[108.76682,-7.49066],[108.76681,-7.49066],[108.76681,-7.49066],[108.76637,-7.49057],[108.76636,-7.49057],[108.76636,-7.49026]],[[108.77002,-7.48486],[108.76957,-7.48486],[108.76956,-7.48486],[108.76911,-7.48486],[108.76911,-7.4853],[108.76911,-7.48531],[108.76911,-7.48567],[108.76911,-7.48575],[108.76911,-7.48576],[108.76914,-7.48576],[108.76949,-7.48576],[108.76955,-7.48576],[108.76956,-7.48576],[108.77,-7.48576],[108.77001,-7.48576],[108.77001,-7.48531],[108.77046,-7.48531],[108.77046,-7.48486],[108.77047,-7.48486],[108.77047,-7.48441],[108.77002,-7.48441],[108.77002,-7.48486]],[[108.7976,-7.49042],[108.79715,-7.49042],[108.79715,-7.48997],[108.79715,-7.48952],[108.79715,-7.48951],[108.7976,-7.48951],[108.7976,-7.48907],[108.79715,-7.48907],[108.79715,-7.48906],[108.7967,-7.48906],[108.7967,-7.48892],[108.7967,-7.48882],[108.7967,-7.48861],[108.7967,-7.48816],[108.79671,-7.48816],[108.79671,-7.48771],[108.79667,-7.48771],[108.79657,-7.48771],[108.79626,-7.48771],[108.79626,-7.4877],[108.79626,-7.48725],[108.79626,-7.4868],[108.79582,-7.4868],[108.79581,-7.4868],[108.79581,-7.48725],[108.79581,-7.4877],[108.79581,-7.48815],[108.79626,-7.48815],[108.79626,-7.48861],[108.7958,-7.48861],[108.7958,-7.48906],[108.79625,-7.48906],[108.79625,-7.48951],[108.79625,-7.48996],[108.7967,-7.48996],[108.7967,-7.49041],[108.7967,-7.49042],[108.7967,-7.49087],[108.79714,-7.49087],[108.79715,-7.49087],[108.7976,-7.49087],[108.7976,-7.49042]],[[108.79443,-7.49086],[108.79398,-7.49086],[108.79398,-7.4913],[108.79398,-7.49131],[108.79443,-7.49131],[108.79443,-7.49086]],[[108.79488,-7.49086],[108.79488,-7.49041],[108.79443,-7.49041],[108.79443,-7.49086],[108.79488,-7.49086]],[[108.79217,-7.48994],[108.79217,-7.48949],[108.79172,-7.48949],[108.79172,-7.48994],[108.79217,-7.48994]],[[108.78993,-7.48513],[108.78993,-7.48541],[108.79038,-7.48541],[108.79038,-7.48516],[108.79038,-7.48497],[108.79038,-7.48496],[108.78993,-7.48496],[108.78993,-7.48513]],[[108.7854,-7.48539],[108.78495,-7.48539],[108.78495,-7.48584],[108.7854,-7.48584],[108.7854,-7.48539]],[[108.77768,-7.49032],[108.77724,-7.49032],[108.77723,-7.49032],[108.77678,-7.49032],[108.77678,-7.49076],[108.77678,-7.49077],[108.77678,-7.49122],[108.77722,-7.49122],[108.77722,-7.49077],[108.77768,-7.49077],[108.77768,-7.49032]],[[108.77392,-7.48804],[108.77401,-7.48804],[108.77407,-7.48804],[108.77407,-7.48774],[108.77407,-7.48759],[108.77401,-7.48759],[108.77362,-7.48759],[108.77362,-7.48804],[108.77392,-7.48804]],[[108.77362,-7.48714],[108.77317,-7.48714],[108.77317,-7.48758],[108.77317,-7.48759],[108.77362,-7.48759],[108.77362,-7.48714]],[[108.77135,-7.48984],[108.7709,-7.48984],[108.7709,-7.49028],[108.7709,-7.49029],[108.77135,-7.49029],[108.77135,-7.48984]],[[108.7931,-7.48498],[108.79265,-7.48498],[108.79265,-7.48542],[108.79265,-7.48543],[108.7931,-7.48543],[108.79355,-7.48543],[108.79355,-7.48498],[108.79311,-7.48498],[108.7931,-7.48498]],[[108.7931,-7.48633],[108.79354,-7.48633],[108.79355,-7.48633],[108.79355,-7.48588],[108.7931,-7.48588],[108.7931,-7.48633]],[[108.77272,-7.48713],[108.77317,-7.48713],[108.77317,-7.48669],[108.77317,-7.48668],[108.77273,-7.48668],[108.77272,-7.48668],[108.77272,-7.48713]],[[108.76775,-7.48666],[108.76819,-7.48666],[108.7682,-7.48666],[108.7682,-7.48621],[108.76785,-7.48621],[108.76776,-7.48621],[108.76775,-7.48621],[108.76775,-7.48625],[108.76775,-7.48653],[108.76775,-7.48665],[108.76775,-7.48666]],[[108.76775,-7.48711],[108.76774,-7.48711],[108.76774,-7.48756],[108.76819,-7.48756],[108.76819,-7.48711],[108.76775,-7.48711]],[[108.76637,-7.48891],[108.76592,-7.48891],[108.76592,-7.48935],[108.76592,-7.48936],[108.76619,-7.48936],[108.76636,-7.48936],[108.76637,-7.48936],[108.76637,-7.48935],[108.76637,-7.48891]],[[108.76637,-7.49026],[108.76681,-7.49026],[108.76681,-7.48981],[108.76637,-7.48981],[108.76637,-7.49026]],[[108.76684,-7.48575],[108.76639,-7.48575],[108.76639,-7.4862],[108.76684,-7.4862],[108.76684,-7.48665],[108.76729,-7.48665],[108.76729,-7.4862],[108.76729,-7.48575],[108.76685,-7.48575],[108.76684,-7.48575]],[[108.7691,-7.48621],[108.76865,-7.48621],[108.76865,-7.48666],[108.7691,-7.48666],[108.76955,-7.48666],[108.77,-7.48666],[108.77,-7.48667],[108.77001,-7.48667],[108.77045,-7.48667],[108.77045,-7.48622],[108.77001,-7.48622],[108.77,-7.48622],[108.76955,-7.48622],[108.76955,-7.48621],[108.7691,-7.48621]],[[108.77,-7.48847],[108.76955,-7.48847],[108.76955,-7.48892],[108.77,-7.48892],[108.77,-7.48848],[108.77,-7.48847]],[[108.76864,-7.48892],[108.76909,-7.48892],[108.76909,-7.48847],[108.76865,-7.48847],[108.76864,-7.48847],[108.76864,-7.48892]],[[108.76909,-7.48937],[108.76954,-7.48937],[108.76954,-7.48892],[108.76909,-7.48892],[108.76909,-7.48937]],[[108.77227,-7.48623],[108.77212,-7.48623],[108.77203,-7.48623],[108.77182,-7.48623],[108.77182,-7.48667],[108.77182,-7.48668],[108.77195,-7.48668],[108.77204,-7.48668],[108.77226,-7.48668],[108.77227,-7.48668],[108.77227,-7.48623]],[[108.77052,-7.48937],[108.77052,-7.48938],[108.77051,-7.48938],[108.77051,-7.48939],[108.77051,-7.4894],[108.77051,-7.48941],[108.77057,-7.48942],[108.77064,-7.48939],[108.77063,-7.48938],[108.77064,-7.48938],[108.77056,-7.48926],[108.77055,-7.48925],[108.77052,-7.48937]],[[108.77315,-7.4921],[108.7736,-7.4921],[108.7736,-7.49166],[108.77315,-7.49166],[108.77315,-7.4921]],[[108.77405,-7.49301],[108.77405,-7.49256],[108.7736,-7.49256],[108.7736,-7.49301],[108.77405,-7.49301]],[[108.78088,-7.48491],[108.78088,-7.48492],[108.78088,-7.48536],[108.78088,-7.48537],[108.78133,-7.48537],[108.78178,-7.48537],[108.78223,-7.48537],[108.78223,-7.48492],[108.78223,-7.48464],[108.78223,-7.48447],[108.78179,-7.48447],[108.78179,-7.48461],[108.78179,-7.48492],[108.78133,-7.48492],[108.78133,-7.48458],[108.78133,-7.48447],[108.78088,-7.48447],[108.78088,-7.48455],[108.78088,-7.48491]],[[108.78085,-7.49034],[108.7813,-7.49034],[108.7813,-7.48989],[108.78085,-7.48989],[108.78085,-7.49033],[108.78085,-7.49034]],[[108.7768,-7.4876],[108.77724,-7.4876],[108.77724,-7.48716],[108.7768,-7.48716],[108.7768,-7.4876]],[[108.77409,-7.48669],[108.77408,-7.48669],[108.77408,-7.48714],[108.77408,-7.48723],[108.77408,-7.48759],[108.7741,-7.48759],[108.77453,-7.48759],[108.77453,-7.48714],[108.77453,-7.48669],[108.77449,-7.48669],[108.77445,-7.48669],[108.77409,-7.48669]],[[108.77454,-7.48586],[108.77455,-7.48586],[108.77456,-7.48585],[108.77455,-7.48586],[108.77454,-7.48586]],[[108.77462,-7.48601],[108.77463,-7.48599],[108.77464,-7.48598],[108.77464,-7.48597],[108.77463,-7.48597],[108.77462,-7.48601]],[[108.77814,-7.48716],[108.77815,-7.48716],[108.7786,-7.48716],[108.7786,-7.48671],[108.77815,-7.48671],[108.77815,-7.48626],[108.7777,-7.48626],[108.7777,-7.4867],[108.7777,-7.48671],[108.7777,-7.48716],[108.77814,-7.48716]],[[108.77951,-7.48581],[108.77952,-7.48581],[108.77952,-7.48536],[108.77907,-7.48536],[108.77907,-7.48581],[108.77951,-7.48581]],[[108.77997,-7.48582],[108.77997,-7.48626],[108.77997,-7.48627],[108.78042,-7.48627],[108.78042,-7.48582],[108.77997,-7.48582]],[[108.78453,-7.47951],[108.78453,-7.47996],[108.78497,-7.47996],[108.78497,-7.47951],[108.78453,-7.47951]],[[108.78452,-7.48028],[108.78452,-7.48028],[108.78452,-7.48028],[108.78452,-7.48028]],[[108.78362,-7.48086],[108.78371,-7.48086],[108.78406,-7.48086],[108.78407,-7.48086],[108.78451,-7.48086],[108.78451,-7.48042],[108.7842,-7.48042],[108.78407,-7.48042],[108.78407,-7.48041],[108.78362,-7.48041],[108.78362,-7.48086]],[[108.78497,-7.48113],[108.78497,-7.48087],[108.78493,-7.48087],[108.78452,-7.48087],[108.78452,-7.48132],[108.78496,-7.48132],[108.78497,-7.48132],[108.78497,-7.48113]],[[108.78497,-7.48313],[108.78536,-7.48313],[108.78541,-7.48313],[108.78541,-7.48268],[108.78541,-7.48223],[108.78541,-7.48178],[108.78523,-7.48178],[108.78522,-7.48178],[108.78497,-7.48178],[108.78497,-7.48222],[108.78497,-7.48223],[108.78497,-7.48267],[108.78497,-7.48268],[108.78497,-7.48313]],[[108.78813,-7.48314],[108.78813,-7.4827],[108.78813,-7.48269],[108.78813,-7.48224],[108.78769,-7.48224],[108.78768,-7.48224],[108.78768,-7.48269],[108.78768,-7.48314],[108.78812,-7.48314],[108.78813,-7.48314]],[[108.78451,-7.48312],[108.78451,-7.48268],[108.78451,-7.48267],[108.78451,-7.48223],[108.78451,-7.48222],[108.78407,-7.48222],[108.78407,-7.48267],[108.78406,-7.48267],[108.78406,-7.48312],[108.78451,-7.48312]],[[108.78314,-7.48583],[108.78314,-7.48628],[108.78314,-7.48673],[108.78358,-7.48673],[108.78358,-7.48629],[108.78358,-7.48628],[108.78358,-7.48583],[108.78314,-7.48583]],[[108.78404,-7.48538],[108.78359,-7.48538],[108.78359,-7.48583],[108.78404,-7.48583],[108.78404,-7.48539],[108.78404,-7.48538]],[[108.78406,-7.48222],[108.78406,-7.48177],[108.78362,-7.48177],[108.78362,-7.48222],[108.78406,-7.48222]],[[108.78586,-7.48449],[108.78586,-7.48404],[108.78542,-7.48404],[108.78542,-7.48449],[108.78586,-7.48449]],[[108.78814,-7.48043],[108.7877,-7.48043],[108.78769,-7.48043],[108.78769,-7.48088],[108.78814,-7.48088],[108.78814,-7.48043]],[[108.78633,-7.47997],[108.78589,-7.47997],[108.78589,-7.48042],[108.78633,-7.48042],[108.78633,-7.47998],[108.78633,-7.47997]],[[108.78542,-7.48178],[108.78587,-7.48178],[108.78587,-7.48133],[108.78542,-7.48133],[108.78542,-7.48178]],[[108.79128,-7.48677],[108.79128,-7.48633],[108.79128,-7.48632],[108.79083,-7.48632],[108.79083,-7.48677],[108.79127,-7.48677],[108.79128,-7.48677]],[[108.79083,-7.48542],[108.79038,-7.48542],[108.79038,-7.48587],[108.79083,-7.48587],[108.79083,-7.48542]],[[108.79263,-7.48904],[108.79263,-7.48949],[108.79263,-7.48994],[108.79263,-7.49039],[108.79263,-7.4904],[108.79307,-7.4904],[108.79308,-7.4904],[108.79352,-7.4904],[108.79352,-7.48995],[108.79352,-7.4895],[108.79352,-7.48905],[108.79308,-7.48905],[108.79307,-7.48905],[108.79307,-7.48904],[108.79263,-7.48904]],[[108.80216,-7.48593],[108.80216,-7.48638],[108.8026,-7.48638],[108.8026,-7.48593],[108.80216,-7.48593]],[[108.79943,-7.48501],[108.79899,-7.48501],[108.79899,-7.48546],[108.79943,-7.48546],[108.79943,-7.48501]],[[108.79929,-7.48611],[108.79931,-7.48608],[108.79929,-7.48607],[108.79929,-7.48611]],[[108.79979,-7.48681],[108.79979,-7.48664],[108.79979,-7.48663],[108.7998,-7.48663],[108.79988,-7.48663],[108.79989,-7.48663],[108.79997,-7.48663],[108.79997,-7.48646],[108.79997,-7.48645],[108.79998,-7.48645],[108.79998,-7.48637],[108.79998,-7.48627],[108.80015,-7.48627],[108.80015,-7.48592],[108.79998,-7.48592],[108.79989,-7.48592],[108.79988,-7.48592],[108.79962,-7.48592],[108.79962,-7.48628],[108.79944,-7.48628],[108.79943,-7.48628],[108.79943,-7.48636],[108.79943,-7.48681],[108.79943,-7.48682],[108.79979,-7.48682],[108.79979,-7.48681]],[[108.79628,-7.48274],[108.79628,-7.48273],[108.79583,-7.48273],[108.79583,-7.48318],[108.79627,-7.48318],[108.79628,-7.48318],[108.79628,-7.48274]],[[108.79489,-7.48815],[108.79489,-7.4877],[108.79445,-7.4877],[108.79445,-7.48815],[108.79399,-7.48815],[108.79399,-7.48859],[108.79444,-7.48859],[108.79444,-7.4886],[108.79444,-7.48905],[108.79488,-7.48905],[108.79489,-7.48905],[108.79489,-7.4886],[108.79489,-7.48815]],[[108.79534,-7.48906],[108.79534,-7.4895],[108.79534,-7.48951],[108.79579,-7.48951],[108.79579,-7.48906],[108.79534,-7.48906]],[[108.79401,-7.48634],[108.79445,-7.48634],[108.79445,-7.48589],[108.79401,-7.48589],[108.79401,-7.48634]],[[108.79491,-7.48634],[108.79536,-7.48634],[108.79536,-7.48589],[108.79491,-7.48589],[108.79491,-7.48634]],[[108.79535,-7.48725],[108.7949,-7.48725],[108.7949,-7.4877],[108.79535,-7.4877],[108.79535,-7.48725]],[[108.794,-7.48543],[108.79356,-7.48543],[108.79356,-7.48588],[108.794,-7.48588],[108.794,-7.48544],[108.794,-7.48543]],[[108.79357,-7.48227],[108.79401,-7.48227],[108.79402,-7.48227],[108.79402,-7.48182],[108.79357,-7.48182],[108.79357,-7.48227]],[[108.79917,-7.48643],[108.79917,-7.48641],[108.79916,-7.48643],[108.79917,-7.48643]],[[108.79682,-7.48304],[108.79682,-7.48303],[108.79682,-7.48303],[108.79681,-7.48302],[108.79681,-7.48303],[108.79682,-7.48304]],[[108.79876,-7.48246],[108.79859,-7.48237],[108.79859,-7.48237],[108.79876,-7.48246]],[[108.79942,-7.49043],[108.79942,-7.49088],[108.79986,-7.49088],[108.79986,-7.49043],[108.79986,-7.48998],[108.79986,-7.48997],[108.79986,-7.48989],[108.79986,-7.48953],[108.79942,-7.48953],[108.79942,-7.48985],[108.79942,-7.48993],[108.79942,-7.48998],[108.79942,-7.49043]],[[108.80125,-7.48638],[108.80125,-7.48682],[108.80169,-7.48682],[108.80169,-7.48638],[108.80125,-7.48638]],[[108.80122,-7.49044],[108.80122,-7.49089],[108.80167,-7.49089],[108.80167,-7.49044],[108.80122,-7.49044]],[[108.80078,-7.48863],[108.80078,-7.48908],[108.80122,-7.48908],[108.80122,-7.48863],[108.80078,-7.48863]],[[108.80006,-7.48944],[108.80005,-7.4895],[108.80009,-7.48949],[108.80006,-7.48944]]],[[[108.76275,-7.48934],[108.76275,-7.48889],[108.76321,-7.48889],[108.76321,-7.48934],[108.76366,-7.48934],[108.76366,-7.48979],[108.76366,-7.4898],[108.76366,-7.49025],[108.76328,-7.49025],[108.7632,-7.49019],[108.76312,-7.49013],[108.76294,-7.48982],[108.76292,-7.48979],[108.7632,-7.48979],[108.7632,-7.48934],[108.76275,-7.48934]]],[[[108.76502,-7.48935],[108.76501,-7.48935],[108.76456,-7.48935],[108.76456,-7.4889],[108.76501,-7.4889],[108.76502,-7.4889],[108.76502,-7.48935]]],[[[108.76366,-7.48799],[108.76411,-7.48799],[108.76412,-7.48799],[108.76412,-7.48844],[108.76412,-7.48845],[108.76411,-7.48845],[108.76366,-7.48845],[108.76366,-7.48844],[108.76366,-7.48799]]],[[[108.76366,-7.48799],[108.76321,-7.48799],[108.76321,-7.48754],[108.76366,-7.48754],[108.76366,-7.48799]]],[[[108.76504,-7.48529],[108.76458,-7.48529],[108.76458,-7.48483],[108.76504,-7.48483],[108.76504,-7.48529]]],[[[108.76595,-7.48439],[108.76594,-7.48439],[108.76594,-7.48394],[108.76595,-7.48394],[108.7664,-7.48394],[108.7664,-7.48439],[108.76595,-7.48439]]],[[[108.76414,-7.48393],[108.76368,-7.48393],[108.76368,-7.48347],[108.76414,-7.48347],[108.76414,-7.48393]]],[[[108.7655,-7.48077],[108.76551,-7.48077],[108.76596,-7.48077],[108.76596,-7.4807],[108.76596,-7.48069],[108.76596,-7.48032],[108.76596,-7.47987],[108.76642,-7.47987],[108.76687,-7.47987],[108.76687,-7.47942],[108.76733,-7.47942],[108.76733,-7.47987],[108.76733,-7.47988],[108.76778,-7.47988],[108.76823,-7.47988],[108.76824,-7.47988],[108.76824,-7.48033],[108.76823,-7.48033],[108.76823,-7.48078],[108.76823,-7.48079],[108.76823,-7.48124],[108.76868,-7.48124],[108.76868,-7.48169],[108.76822,-7.48169],[108.76822,-7.48124],[108.76777,-7.48124],[108.76777,-7.48079],[108.76777,-7.48078],[108.76777,-7.48033],[108.76733,-7.48033],[108.76732,-7.48033],[108.76688,-7.48033],[108.76687,-7.48033],[108.76687,-7.48078],[108.76732,-7.48078],[108.76732,-7.48123],[108.76687,-7.48123],[108.76687,-7.48135],[108.76687,-7.48168],[108.76641,-7.48168],[108.76641,-7.48213],[108.76686,-7.48213],[108.76686,-7.48258],[108.76686,-7.48259],[108.7664,-7.48259],[108.7664,-7.48258],[108.7664,-7.48213],[108.76596,-7.48213],[108.76595,-7.48213],[108.7655,-7.48213],[108.7655,-7.48168],[108.76505,-7.48168],[108.76505,-7.48167],[108.76505,-7.48122],[108.76505,-7.48077],[108.7655,-7.48077]],[[108.76641,-7.48123],[108.76596,-7.48123],[108.76551,-7.48123],[108.76551,-7.48167],[108.76596,-7.48167],[108.76596,-7.48168],[108.76641,-7.48168],[108.76641,-7.48123]],[[108.76642,-7.48123],[108.76669,-7.48123],[108.76686,-7.48123],[108.76686,-7.48078],[108.76642,-7.48078],[108.76642,-7.48104],[108.76642,-7.48123]]],[[[108.7646,-7.48031],[108.7646,-7.47986],[108.76506,-7.47986],[108.76506,-7.48032],[108.76463,-7.48032],[108.76462,-7.48032],[108.7646,-7.48032],[108.7646,-7.48031]]],[[[108.76461,-7.47941],[108.76461,-7.47896],[108.76507,-7.47896],[108.76507,-7.47941],[108.76461,-7.47941]]],[[[108.76733,-7.47897],[108.76688,-7.47897],[108.76688,-7.47852],[108.76688,-7.47807],[108.76733,-7.47807],[108.76733,-7.47852],[108.76733,-7.47897]]],[[[108.76598,-7.47535],[108.76599,-7.47535],[108.76599,-7.4749],[108.76554,-7.4749],[108.76554,-7.47445],[108.76509,-7.47445],[108.76509,-7.47399],[108.76554,-7.47399],[108.76554,-7.47354],[108.766,-7.47354],[108.766,-7.474],[108.76555,-7.474],[108.76555,-7.47445],[108.76599,-7.47445],[108.766,-7.47445],[108.76645,-7.47445],[108.76645,-7.474],[108.76645,-7.47355],[108.76645,-7.4731],[108.76646,-7.4731],[108.76646,-7.47265],[108.76646,-7.47264],[108.76646,-7.4722],[108.76646,-7.47219],[108.76601,-7.47219],[108.76601,-7.47264],[108.76556,-7.47264],[108.76555,-7.47264],[108.7651,-7.47264],[108.7651,-7.47219],[108.7651,-7.47174],[108.7651,-7.47173],[108.7651,-7.47128],[108.76466,-7.47128],[108.76465,-7.47128],[108.7642,-7.47128],[108.7642,-7.47083],[108.76375,-7.47083],[108.76375,-7.47037],[108.76375,-7.46992],[108.76421,-7.46992],[108.76466,-7.46992],[108.76466,-7.46948],[108.76466,-7.46947],[108.76421,-7.46947],[108.76376,-7.46947],[108.76376,-7.46902],[108.76331,-7.46902],[108.7633,-7.46902],[108.7633,-7.46856],[108.76331,-7.46856],[108.76376,-7.46856],[108.76376,-7.46812],[108.76376,-7.46811],[108.76331,-7.46811],[108.7633,-7.46811],[108.7633,-7.46766],[108.76286,-7.46766],[108.76285,-7.46766],[108.76285,-7.46721],[108.76285,-7.4672],[108.76286,-7.4672],[108.76331,-7.4672],[108.76331,-7.46721],[108.76331,-7.46766],[108.76376,-7.46766],[108.76421,-7.46766],[108.76421,-7.46721],[108.76376,-7.46721],[108.76376,-7.46676],[108.76331,-7.46676],[108.76331,-7.4663],[108.76286,-7.4663],[108.76286,-7.46585],[108.76287,-7.46585],[108.76287,-7.46567],[108.76296,-7.46567],[108.76296,-7.46549],[108.76315,-7.46549],[108.76332,-7.46549],[108.76333,-7.46549],[108.76368,-7.46549],[108.76368,-7.4654],[108.76368,-7.46523],[108.76369,-7.46523],[108.76378,-7.46529],[108.76385,-7.46533],[108.76408,-7.4654],[108.76408,-7.4654],[108.76423,-7.46546],[108.76458,-7.46557],[108.76463,-7.46559],[108.76469,-7.4656],[108.76469,-7.4656],[108.76475,-7.46562],[108.76481,-7.46564],[108.76509,-7.46569],[108.76513,-7.46569],[108.76514,-7.46569],[108.7653,-7.46572],[108.76543,-7.46574],[108.76547,-7.46575],[108.76559,-7.46576],[108.76604,-7.46583],[108.76605,-7.46583],[108.76605,-7.46583],[108.76617,-7.46584],[108.7663,-7.46587],[108.76649,-7.4659],[108.7665,-7.4659],[108.7665,-7.4659],[108.76658,-7.46591],[108.76658,-7.46592],[108.76658,-7.46632],[108.7665,-7.46632],[108.76649,-7.46632],[108.76649,-7.46677],[108.76694,-7.46677],[108.76694,-7.46641],[108.76739,-7.46641],[108.7674,-7.46641],[108.76748,-7.46641],[108.76748,-7.46633],[108.76748,-7.46632],[108.76748,-7.46605],[108.7674,-7.46605],[108.76739,-7.46605],[108.76713,-7.46605],[108.76695,-7.46605],[108.76694,-7.46605],[108.76694,-7.46598],[108.76694,-7.46597],[108.76739,-7.46603],[108.7674,-7.46603],[108.76785,-7.46608],[108.7683,-7.46613],[108.76875,-7.46618],[108.76913,-7.46623],[108.76921,-7.46624],[108.76921,-7.46624],[108.76966,-7.46631],[108.76966,-7.46631],[108.76975,-7.46632],[108.77005,-7.46627],[108.77011,-7.46623],[108.7702,-7.46615],[108.77038,-7.46606],[108.77046,-7.46605],[108.77048,-7.46605],[108.77056,-7.46604],[108.77056,-7.46604],[108.77071,-7.46603],[108.7708,-7.46603],[108.77082,-7.46603],[108.77101,-7.46603],[108.77102,-7.46603],[108.77105,-7.46603],[108.77109,-7.46589],[108.77123,-7.46544],[108.77128,-7.46528],[108.77131,-7.46517],[108.77131,-7.46517],[108.77133,-7.46511],[108.77135,-7.46499],[108.77136,-7.46504],[108.77136,-7.46504],[108.77136,-7.46499],[108.77136,-7.46497],[108.77136,-7.46496],[108.77137,-7.4649],[108.77137,-7.4649],[108.7714,-7.46479],[108.7714,-7.4648],[108.77141,-7.46482],[108.77141,-7.46476],[108.77141,-7.46474],[108.77142,-7.46474],[108.77147,-7.46465],[108.77148,-7.46461],[108.77147,-7.46461],[108.77147,-7.46462],[108.77146,-7.46462],[108.77145,-7.46462],[108.77145,-7.46463],[108.77145,-7.46464],[108.77145,-7.46465],[108.77145,-7.46466],[108.77142,-7.46472],[108.77145,-7.46457],[108.77146,-7.46454],[108.77148,-7.46454],[108.77151,-7.46454],[108.77193,-7.46454],[108.77194,-7.46454],[108.77215,-7.46454],[108.77225,-7.46454],[108.77238,-7.46454],[108.77238,-7.46409],[108.77283,-7.46409],[108.77284,-7.46409],[108.77284,-7.46454],[108.77329,-7.46454],[108.77329,-7.46455],[108.77329,-7.465],[108.77329,-7.46545],[108.77373,-7.46545],[108.77374,-7.46545],[108.77418,-7.46545],[108.77418,-7.46501],[108.77418,-7.465],[108.77374,-7.465],[108.77373,-7.465],[108.77373,-7.46455],[108.77374,-7.46455],[108.77417,-7.46455],[108.77418,-7.46455],[108.77419,-7.46455],[108.77419,-7.4641],[108.77465,-7.4641],[108.77465,-7.46455],[108.77509,-7.46455],[108.77509,-7.4641],[108.7751,-7.4641],[108.7751,-7.46366],[108.7751,-7.46365],[108.77465,-7.46365],[108.77465,-7.4632],[108.7751,-7.4632],[108.77511,-7.4632],[108.77555,-7.4632],[108.77556,-7.4632],[108.77556,-7.46275],[108.77602,-7.46275],[108.77602,-7.4632],[108.77602,-7.46321],[108.77601,-7.46321],[108.77601,-7.46366],[108.77556,-7.46366],[108.77556,-7.46411],[108.776,-7.46411],[108.77601,-7.46411],[108.77645,-7.46411],[108.77646,-7.46411],[108.77691,-7.46411],[108.77691,-7.46366],[108.77737,-7.46366],[108.77737,-7.46411],[108.77737,-7.46412],[108.77737,-7.46457],[108.77782,-7.46457],[108.77782,-7.46502],[108.77736,-7.46502],[108.77736,-7.46547],[108.77736,-7.46592],[108.7769,-7.46592],[108.7769,-7.46637],[108.77735,-7.46637],[108.77735,-7.46682],[108.77735,-7.46683],[108.77735,-7.46728],[108.77779,-7.46728],[108.7778,-7.46728],[108.77825,-7.46728],[108.77825,-7.46773],[108.77825,-7.46818],[108.77825,-7.46819],[108.77869,-7.46819],[108.7787,-7.46819],[108.7787,-7.46774],[108.77916,-7.46774],[108.77916,-7.46819],[108.77915,-7.46819],[108.77915,-7.46864],[108.7787,-7.46864],[108.7787,-7.46909],[108.77869,-7.46909],[108.77869,-7.46954],[108.77869,-7.46999],[108.77869,-7.47],[108.77824,-7.47],[108.77824,-7.46999],[108.77824,-7.46954],[108.77779,-7.46954],[108.77734,-7.46954],[108.77734,-7.46999],[108.77688,-7.46999],[108.77688,-7.46954],[108.77643,-7.46954],[108.77643,-7.46953],[108.77643,-7.46908],[108.77643,-7.46863],[108.77599,-7.46863],[108.77598,-7.46863],[108.77553,-7.46863],[108.77553,-7.46862],[108.77508,-7.46862],[108.77462,-7.46862],[108.77462,-7.46817],[108.77508,-7.46817],[108.77508,-7.46772],[108.77553,-7.46772],[108.77554,-7.46772],[108.77598,-7.46772],[108.77599,-7.46772],[108.77644,-7.46772],[108.77644,-7.46728],[108.77644,-7.46727],[108.77599,-7.46727],[108.77598,-7.46727],[108.77598,-7.46682],[108.77554,-7.46682],[108.77553,-7.46682],[108.77509,-7.46682],[108.77508,-7.46682],[108.77464,-7.46682],[108.77464,-7.46726],[108.77448,-7.46726],[108.77439,-7.46726],[108.77418,-7.46726],[108.77418,-7.46771],[108.77372,-7.46771],[108.77372,-7.46726],[108.77327,-7.46726],[108.77327,-7.46716],[108.77327,-7.46707],[108.77327,-7.46681],[108.77282,-7.46681],[108.77282,-7.4668],[108.77237,-7.4668],[108.77237,-7.46635],[108.77208,-7.46635],[108.77199,-7.46635],[108.77193,-7.46635],[108.77192,-7.46635],[108.77147,-7.46635],[108.77147,-7.46679],[108.77147,-7.4668],[108.77192,-7.4668],[108.77192,-7.46696],[108.77192,-7.46725],[108.77187,-7.46725],[108.77147,-7.46725],[108.77146,-7.46725],[108.77146,-7.4677],[108.77146,-7.46815],[108.77101,-7.46815],[108.771,-7.46815],[108.77055,-7.46815],[108.77055,-7.4677],[108.7701,-7.4677],[108.7701,-7.46724],[108.76965,-7.46724],[108.76965,-7.46769],[108.76965,-7.46814],[108.7692,-7.46814],[108.76919,-7.46814],[108.76875,-7.46814],[108.76875,-7.46859],[108.76875,-7.46904],[108.76874,-7.46904],[108.76874,-7.46949],[108.76919,-7.46949],[108.76919,-7.46904],[108.76965,-7.46904],[108.76965,-7.46905],[108.7701,-7.46905],[108.77055,-7.46905],[108.771,-7.46905],[108.77145,-7.46905],[108.77145,-7.46951],[108.771,-7.46951],[108.77055,-7.46951],[108.77055,-7.46995],[108.77009,-7.46995],[108.77009,-7.4695],[108.76965,-7.4695],[108.76965,-7.46995],[108.76964,-7.46995],[108.76964,-7.4704],[108.76919,-7.4704],[108.76919,-7.47085],[108.76964,-7.47085],[108.76964,-7.4713],[108.76964,-7.47131],[108.76963,-7.47131],[108.76963,-7.47175],[108.76963,-7.47176],[108.77008,-7.47176],[108.77008,-7.47131],[108.77008,-7.47086],[108.77009,-7.47086],[108.77009,-7.4704],[108.77055,-7.4704],[108.77055,-7.47086],[108.771,-7.47086],[108.771,-7.47131],[108.77144,-7.47131],[108.77145,-7.47131],[108.7719,-7.47131],[108.7719,-7.47177],[108.77234,-7.47177],[108.77235,-7.47177],[108.7728,-7.47177],[108.77325,-7.47177],[108.77326,-7.47177],[108.7737,-7.47177],[108.77371,-7.47177],[108.77371,-7.47178],[108.77371,-7.47223],[108.77415,-7.47223],[108.77416,-7.47223],[108.77416,-7.47268],[108.77415,-7.47268],[108.7737,-7.47268],[108.7737,-7.47313],[108.7737,-7.47358],[108.7737,-7.47404],[108.77414,-7.47404],[108.77414,-7.47359],[108.7746,-7.47359],[108.77505,-7.47359],[108.77505,-7.47314],[108.77505,-7.47269],[108.77506,-7.47269],[108.77551,-7.47269],[108.77551,-7.47314],[108.77551,-7.47359],[108.77551,-7.47404],[108.77595,-7.47404],[108.77595,-7.4736],[108.77596,-7.4736],[108.77641,-7.4736],[108.77641,-7.47405],[108.77685,-7.47405],[108.77685,-7.4736],[108.77686,-7.4736],[108.77731,-7.4736],[108.77745,-7.4736],[108.7775,-7.4736],[108.77749,-7.47373],[108.77754,-7.4736],[108.77776,-7.4736],[108.77776,-7.47331],[108.77776,-7.47325],[108.77776,-7.47315],[108.77777,-7.47315],[108.77777,-7.4731],[108.77777,-7.47301],[108.77777,-7.47296],[108.77777,-7.4727],[108.77786,-7.4727],[108.77789,-7.4727],[108.77794,-7.4727],[108.77822,-7.4727],[108.77822,-7.47225],[108.77819,-7.47225],[108.77812,-7.47225],[108.7781,-7.47225],[108.77777,-7.47225],[108.77777,-7.47187],[108.77777,-7.4718],[108.77781,-7.4718],[108.77795,-7.4718],[108.77823,-7.4718],[108.77823,-7.47135],[108.77869,-7.47135],[108.77869,-7.4718],[108.77914,-7.4718],[108.77914,-7.47226],[108.77868,-7.47226],[108.77868,-7.47238],[108.77868,-7.47249],[108.77868,-7.4727],[108.77868,-7.47271],[108.77893,-7.47271],[108.77902,-7.47271],[108.77913,-7.47271],[108.77913,-7.47316],[108.77913,-7.47361],[108.77897,-7.47361],[108.77888,-7.47361],[108.77868,-7.47361],[108.77867,-7.47361],[108.77822,-7.47361],[108.77777,-7.47361],[108.77777,-7.47406],[108.77744,-7.47406],[108.77742,-7.47406],[108.77737,-7.47406],[108.77731,-7.47406],[108.77731,-7.47427],[108.77723,-7.47433],[108.77724,-7.47434],[108.77723,-7.4744],[108.77731,-7.47435],[108.77731,-7.4745],[108.77731,-7.47451],[108.77765,-7.47451],[108.77768,-7.47451],[108.77775,-7.47451],[108.77776,-7.47451],[108.77786,-7.47451],[108.77821,-7.47451],[108.77821,-7.47406],[108.77866,-7.47406],[108.77867,-7.47406],[108.77879,-7.47406],[108.77888,-7.47406],[108.77912,-7.47406],[108.77912,-7.47451],[108.77912,-7.47452],[108.77879,-7.47452],[108.77869,-7.47452],[108.77867,-7.47452],[108.77867,-7.47496],[108.77867,-7.47497],[108.77867,-7.47534],[108.77863,-7.47535],[108.77864,-7.47541],[108.77866,-7.47541],[108.77867,-7.47541],[108.77867,-7.47542],[108.77877,-7.47542],[108.77878,-7.47542],[108.7788,-7.47542],[108.77881,-7.47542],[108.77882,-7.47542],[108.77912,-7.47542],[108.77912,-7.47548],[108.77912,-7.47556],[108.77912,-7.47587],[108.77956,-7.47587],[108.77956,-7.47563],[108.77956,-7.47555],[108.77956,-7.47542],[108.77957,-7.47542],[108.77957,-7.47497],[108.78003,-7.47497],[108.78003,-7.47542],[108.78002,-7.47542],[108.78002,-7.47561],[108.78002,-7.4757],[108.78002,-7.47587],[108.78047,-7.47587],[108.78047,-7.47588],[108.78047,-7.47633],[108.78092,-7.47633],[108.78138,-7.47633],[108.78138,-7.47679],[108.7812,-7.47679],[108.78092,-7.47679],[108.78092,-7.47678],[108.78079,-7.47678],[108.78047,-7.47678],[108.78047,-7.47712],[108.78047,-7.47723],[108.78046,-7.47723],[108.78046,-7.47768],[108.78078,-7.47768],[108.78091,-7.47768],[108.78092,-7.47768],[108.78092,-7.47769],[108.78092,-7.47797],[108.78092,-7.47814],[108.78092,-7.47859],[108.78134,-7.47859],[108.78136,-7.47859],[108.78137,-7.47859],[108.78137,-7.47895],[108.78137,-7.47904],[108.78136,-7.47904],[108.78091,-7.47904],[108.78091,-7.47859],[108.78046,-7.47859],[108.78046,-7.47814],[108.78001,-7.47814],[108.78001,-7.47813],[108.77956,-7.47813],[108.77956,-7.47768],[108.77911,-7.47768],[108.77911,-7.47723],[108.77956,-7.47723],[108.78001,-7.47723],[108.78001,-7.47679],[108.78001,-7.47678],[108.78001,-7.47633],[108.77957,-7.47633],[108.77956,-7.47633],[108.77911,-7.47633],[108.77911,-7.47677],[108.77866,-7.47677],[108.77866,-7.47632],[108.77821,-7.47632],[108.7781,-7.47632],[108.77807,-7.47632],[108.7779,-7.47632],[108.77776,-7.47632],[108.77775,-7.47632],[108.7773,-7.47632],[108.7773,-7.47586],[108.77686,-7.47586],[108.77685,-7.47586],[108.77641,-7.47586],[108.7764,-7.47586],[108.77595,-7.47586],[108.77595,-7.47631],[108.7764,-7.47631],[108.7764,-7.47662],[108.7764,-7.47663],[108.7764,-7.47666],[108.7764,-7.47676],[108.77638,-7.47676],[108.77602,-7.47676],[108.77594,-7.47676],[108.77594,-7.47674],[108.77594,-7.47673],[108.77594,-7.47631],[108.77549,-7.47631],[108.77549,-7.4763],[108.77504,-7.4763],[108.77458,-7.4763],[108.77458,-7.47585],[108.77413,-7.47585],[108.77413,-7.47539],[108.77459,-7.47539],[108.77459,-7.47495],[108.77459,-7.47494],[108.77415,-7.47494],[108.77414,-7.47494],[108.77369,-7.47494],[108.77369,-7.47539],[108.77324,-7.47539],[108.77323,-7.47539],[108.77323,-7.47584],[108.77368,-7.47584],[108.77368,-7.47623],[108.77368,-7.47629],[108.77368,-7.4763],[108.77368,-7.47633],[108.77368,-7.47675],[108.77322,-7.47675],[108.77322,-7.4763],[108.77322,-7.47629],[108.77278,-7.47629],[108.77277,-7.47629],[108.77277,-7.47662],[108.77277,-7.47674],[108.77277,-7.47686],[108.77277,-7.47719],[108.77291,-7.47719],[108.77308,-7.47719],[108.77322,-7.47719],[108.77322,-7.47728],[108.77322,-7.47738],[108.77322,-7.47765],[108.77322,-7.4781],[108.77322,-7.47853],[108.77322,-7.47855],[108.77321,-7.47855],[108.77277,-7.47855],[108.77277,-7.479],[108.77231,-7.479],[108.77186,-7.479],[108.77186,-7.47945],[108.77186,-7.4799],[108.7714,-7.4799],[108.7714,-7.48035],[108.77094,-7.48035],[108.77094,-7.4799],[108.77094,-7.47989],[108.7714,-7.47989],[108.7714,-7.47945],[108.77095,-7.47945],[108.77095,-7.47944],[108.7705,-7.47944],[108.7705,-7.47989],[108.77004,-7.47989],[108.77004,-7.48034],[108.77004,-7.48079],[108.76958,-7.48079],[108.76958,-7.48034],[108.76913,-7.48034],[108.76913,-7.47989],[108.76913,-7.47944],[108.76868,-7.47944],[108.76868,-7.47943],[108.76868,-7.47898],[108.76823,-7.47898],[108.76823,-7.47853],[108.76823,-7.47808],[108.76823,-7.47807],[108.76824,-7.47807],[108.76824,-7.47763],[108.76824,-7.47762],[108.76778,-7.47762],[108.76778,-7.47717],[108.76733,-7.47717],[108.76733,-7.47672],[108.76688,-7.47672],[108.76688,-7.47671],[108.76643,-7.47671],[108.76643,-7.47626],[108.76643,-7.47581],[108.76598,-7.47581],[108.76598,-7.4758],[108.76553,-7.4758],[108.76553,-7.47535],[108.76598,-7.47535]],[[108.76645,-7.4749],[108.76645,-7.47535],[108.76645,-7.47536],[108.76644,-7.47536],[108.76644,-7.47581],[108.76689,-7.47581],[108.76689,-7.47626],[108.76734,-7.47626],[108.76734,-7.47581],[108.76779,-7.47581],[108.7678,-7.47581],[108.7678,-7.47536],[108.7678,-7.47491],[108.7678,-7.47446],[108.76781,-7.47446],[108.76781,-7.47455],[108.76798,-7.47455],[108.76799,-7.47455],[108.76817,-7.47455],[108.76826,-7.47455],[108.76853,-7.47455],[108.76853,-7.47446],[108.76853,-7.47419],[108.76871,-7.47419],[108.76872,-7.47419],[108.7689,-7.47419],[108.7689,-7.47401],[108.76908,-7.47401],[108.76908,-7.47356],[108.76916,-7.47356],[108.76916,-7.47311],[108.76872,-7.47311],[108.76872,-7.47329],[108.76871,-7.47329],[108.76835,-7.47329],[108.76835,-7.47347],[108.76827,-7.47347],[108.76826,-7.47347],[108.76817,-7.47347],[108.76817,-7.47356],[108.76782,-7.47356],[108.76782,-7.47401],[108.76799,-7.47401],[108.76799,-7.47419],[108.76798,-7.47419],[108.76781,-7.47419],[108.76781,-7.47401],[108.76745,-7.47401],[108.76745,-7.474],[108.76763,-7.474],[108.76763,-7.47382],[108.76781,-7.47382],[108.76781,-7.47356],[108.76781,-7.47355],[108.76781,-7.47346],[108.76763,-7.47346],[108.76763,-7.47328],[108.76736,-7.47328],[108.76736,-7.4731],[108.76692,-7.4731],[108.76691,-7.4731],[108.76691,-7.47355],[108.76691,-7.474],[108.76691,-7.47445],[108.76645,-7.47445],[108.76645,-7.4749]],[[108.76601,-7.47174],[108.76556,-7.47174],[108.76556,-7.47219],[108.76601,-7.47219],[108.76601,-7.47174]],[[108.77418,-7.46721],[108.77418,-7.46712],[108.77418,-7.46681],[108.77374,-7.46681],[108.77373,-7.46681],[108.77373,-7.46708],[108.77373,-7.46717],[108.77373,-7.46726],[108.77418,-7.46726],[108.77418,-7.46721]],[[108.7737,-7.47223],[108.77326,-7.47223],[108.77325,-7.47223],[108.7728,-7.47223],[108.77235,-7.47223],[108.77235,-7.47267],[108.7728,-7.47267],[108.7728,-7.47313],[108.77324,-7.47313],[108.77324,-7.47268],[108.7737,-7.47268],[108.7737,-7.47223]],[[108.77823,-7.47199],[108.77823,-7.47207],[108.77823,-7.47211],[108.77823,-7.47216],[108.77823,-7.4722],[108.77823,-7.47225],[108.77835,-7.47225],[108.77851,-7.47225],[108.77868,-7.47225],[108.77868,-7.4718],[108.77823,-7.4718],[108.77823,-7.47199]],[[108.77033,-7.47728],[108.77033,-7.47763],[108.7705,-7.47763],[108.77051,-7.47763],[108.77069,-7.47763],[108.77069,-7.47764],[108.77051,-7.47764],[108.7705,-7.47764],[108.7705,-7.478],[108.77051,-7.478],[108.77069,-7.478],[108.77095,-7.478],[108.77096,-7.478],[108.77105,-7.478],[108.77105,-7.47764],[108.77105,-7.47746],[108.77096,-7.47746],[108.77086,-7.47746],[108.77086,-7.47728],[108.77069,-7.47728],[108.77051,-7.47728],[108.7705,-7.47728],[108.77033,-7.47728]],[[108.76779,-7.47627],[108.76734,-7.47627],[108.76734,-7.47671],[108.76779,-7.47671],[108.76779,-7.47627]],[[108.76422,-7.46676],[108.76422,-7.46721],[108.76467,-7.46721],[108.76467,-7.46677],[108.76467,-7.46676],[108.76422,-7.46676]],[[108.76422,-7.46631],[108.76378,-7.46631],[108.76377,-7.46631],[108.76377,-7.46676],[108.76422,-7.46676],[108.76422,-7.46631]],[[108.76764,-7.47147],[108.76781,-7.47147],[108.76782,-7.47147],[108.76782,-7.47148],[108.768,-7.47148],[108.768,-7.47175],[108.768,-7.47184],[108.76826,-7.47184],[108.76827,-7.47184],[108.76836,-7.47184],[108.76836,-7.47175],[108.76836,-7.47166],[108.76854,-7.47166],[108.76854,-7.4713],[108.76854,-7.47112],[108.76836,-7.47112],[108.76828,-7.47112],[108.76827,-7.47112],[108.76819,-7.47112],[108.768,-7.47112],[108.768,-7.47094],[108.76782,-7.47094],[108.76782,-7.47085],[108.76782,-7.47084],[108.76782,-7.47075],[108.76746,-7.47075],[108.76746,-7.47084],[108.76746,-7.47129],[108.76746,-7.4713],[108.76746,-7.47147],[108.76764,-7.47147]],[[108.76656,-7.47056],[108.76656,-7.47039],[108.76656,-7.47002],[108.76656,-7.46994],[108.76656,-7.46993],[108.76656,-7.46966],[108.76647,-7.46966],[108.7662,-7.46966],[108.7662,-7.46984],[108.76602,-7.46984],[108.76602,-7.46993],[108.76602,-7.47038],[108.7662,-7.47038],[108.7662,-7.47039],[108.7662,-7.47056],[108.76646,-7.47056],[108.76647,-7.47056],[108.76656,-7.47056]],[[108.76603,-7.46857],[108.76603,-7.46858],[108.76647,-7.46858],[108.76648,-7.46858],[108.76693,-7.46858],[108.76693,-7.46813],[108.76648,-7.46813],[108.76603,-7.46813],[108.76603,-7.46857]],[[108.76602,-7.46948],[108.76602,-7.46903],[108.76557,-7.46903],[108.76557,-7.46947],[108.76557,-7.46948],[108.76601,-7.46948],[108.76602,-7.46948]],[[108.76558,-7.46767],[108.76602,-7.46767],[108.76603,-7.46767],[108.76648,-7.46767],[108.76648,-7.46723],[108.76648,-7.46722],[108.76604,-7.46722],[108.76603,-7.46722],[108.76558,-7.46722],[108.76558,-7.46767]],[[108.76918,-7.47085],[108.76873,-7.47085],[108.76873,-7.4713],[108.76917,-7.4713],[108.76918,-7.4713],[108.76918,-7.47085]],[[108.76874,-7.46679],[108.76874,-7.46678],[108.76874,-7.46633],[108.7683,-7.46633],[108.7683,-7.46678],[108.7683,-7.46723],[108.76874,-7.46723],[108.76874,-7.46679]],[[108.76919,-7.46724],[108.76875,-7.46724],[108.76875,-7.46768],[108.76875,-7.46769],[108.76919,-7.46769],[108.76919,-7.46724]],[[108.77186,-7.4781],[108.77186,-7.47809],[108.77141,-7.47809],[108.77141,-7.47854],[108.77185,-7.47854],[108.77186,-7.47854],[108.77186,-7.4781]],[[108.7755,-7.47495],[108.77505,-7.47495],[108.77505,-7.4754],[108.7755,-7.4754],[108.7755,-7.47495]],[[108.7755,-7.47585],[108.77595,-7.47585],[108.77595,-7.4754],[108.7755,-7.4754],[108.7755,-7.47585]],[[108.77279,-7.47313],[108.77234,-7.47313],[108.77234,-7.47357],[108.77234,-7.47358],[108.77278,-7.47358],[108.77279,-7.47358],[108.77279,-7.47313]],[[108.77143,-7.47493],[108.77142,-7.47493],[108.77142,-7.47538],[108.77187,-7.47538],[108.77232,-7.47538],[108.77232,-7.47493],[108.77187,-7.47493],[108.77187,-7.47448],[108.77143,-7.47448],[108.77143,-7.47493]],[[108.77187,-7.47674],[108.77142,-7.47674],[108.77142,-7.47718],[108.77142,-7.47719],[108.77186,-7.47719],[108.77187,-7.47719],[108.77187,-7.47674]],[[108.77369,-7.47404],[108.77324,-7.47404],[108.77324,-7.47448],[108.77324,-7.47449],[108.77369,-7.47449],[108.77369,-7.47404]],[[108.77776,-7.47541],[108.77793,-7.47541],[108.77802,-7.47541],[108.77804,-7.47541],[108.77821,-7.47541],[108.77821,-7.47497],[108.77821,-7.47496],[108.77796,-7.47496],[108.77787,-7.47496],[108.77778,-7.47496],[108.77776,-7.47496],[108.77776,-7.47541]],[[108.7782,-7.47602],[108.7782,-7.47602],[108.7782,-7.47602],[108.7782,-7.47602]],[[108.7764,-7.4754],[108.7764,-7.47496],[108.7764,-7.47495],[108.7764,-7.4745],[108.77596,-7.4745],[108.77596,-7.47495],[108.77596,-7.4754],[108.7764,-7.4754]],[[108.77283,-7.46545],[108.77239,-7.46545],[108.77238,-7.46545],[108.77238,-7.46589],[108.77238,-7.4659],[108.77283,-7.4659],[108.77283,-7.46545]],[[108.77283,-7.46635],[108.77328,-7.46635],[108.77328,-7.4659],[108.77283,-7.4659],[108.77283,-7.46635]],[[108.77101,-7.46679],[108.77056,-7.46679],[108.77056,-7.46724],[108.77101,-7.46724],[108.77101,-7.4668],[108.77101,-7.46679]],[[108.7714,-7.46486],[108.77138,-7.4649],[108.77138,-7.4649],[108.77141,-7.46486],[108.77141,-7.46485],[108.7714,-7.46486]],[[108.77735,-7.46773],[108.77734,-7.46773],[108.77734,-7.46818],[108.77779,-7.46818],[108.77779,-7.46773],[108.77735,-7.46773]]],[[[108.76419,-7.47354],[108.76419,-7.47309],[108.76419,-7.47308],[108.76465,-7.47308],[108.76465,-7.47309],[108.76465,-7.47354],[108.76419,-7.47354]]],[[[108.76329,-7.47127],[108.76375,-7.47127],[108.76375,-7.47173],[108.76419,-7.47173],[108.7642,-7.47173],[108.76465,-7.47173],[108.76465,-7.47218],[108.7642,-7.47218],[108.76419,-7.47218],[108.76374,-7.47218],[108.76374,-7.47173],[108.76329,-7.47173],[108.76329,-7.47127]]],[[[108.77089,-7.49254],[108.77134,-7.49254],[108.77134,-7.49255],[108.77134,-7.49257],[108.77134,-7.49258],[108.77119,-7.49255],[108.77104,-7.49257],[108.77088,-7.49263],[108.77088,-7.49255],[108.77043,-7.49255],[108.77043,-7.49254],[108.76999,-7.49254],[108.76997,-7.49253],[108.76997,-7.49252],[108.76993,-7.49248],[108.7698,-7.49237],[108.76952,-7.49223],[108.76952,-7.49209],[108.76997,-7.49209],[108.76997,-7.49164],[108.77043,-7.49164],[108.77043,-7.49209],[108.77089,-7.49209],[108.77089,-7.49254]]],[[[108.76914,-7.48124],[108.76958,-7.48124],[108.76959,-7.48124],[108.76959,-7.4817],[108.77003,-7.4817],[108.77004,-7.4817],[108.77048,-7.4817],[108.77048,-7.48125],[108.77049,-7.48125],[108.77093,-7.48125],[108.77093,-7.4808],[108.77094,-7.4808],[108.77139,-7.4808],[108.77184,-7.4808],[108.77184,-7.48035],[108.7723,-7.48035],[108.77276,-7.48035],[108.77276,-7.48081],[108.77321,-7.48081],[108.77321,-7.48126],[108.77365,-7.48126],[108.77365,-7.48081],[108.77366,-7.48081],[108.77366,-7.48036],[108.77411,-7.48036],[108.77411,-7.47991],[108.77366,-7.47991],[108.77366,-7.47964],[108.77366,-7.47954],[108.77366,-7.47946],[108.77367,-7.47946],[108.77367,-7.47901],[108.77412,-7.47901],[108.77412,-7.47946],[108.77457,-7.47946],[108.77458,-7.47946],[108.77502,-7.47946],[108.77503,-7.47946],[108.77503,-7.4799],[108.77503,-7.47992],[108.77507,-7.47992],[108.77547,-7.47992],[108.77548,-7.47992],[108.77548,-7.48037],[108.77592,-7.48037],[108.77593,-7.48037],[108.77593,-7.48082],[108.77592,-7.48082],[108.77547,-7.48082],[108.77547,-7.48037],[108.77533,-7.48037],[108.77524,-7.48037],[108.77502,-7.48037],[108.77502,-7.48],[108.77502,-7.47992],[108.77472,-7.47992],[108.77457,-7.47992],[108.77457,-7.48036],[108.77457,-7.48037],[108.77457,-7.48082],[108.77412,-7.48082],[108.77411,-7.48082],[108.77411,-7.48127],[108.77366,-7.48127],[108.77366,-7.48172],[108.7732,-7.48172],[108.7732,-7.48126],[108.77275,-7.48126],[108.77275,-7.48081],[108.7723,-7.48081],[108.7723,-7.48126],[108.77185,-7.48126],[108.77184,-7.48126],[108.77139,-7.48126],[108.77139,-7.4817],[108.77139,-7.48171],[108.77139,-7.48216],[108.77094,-7.48216],[108.77094,-7.48261],[108.77093,-7.48261],[108.77048,-7.48261],[108.77048,-7.48215],[108.77004,-7.48215],[108.77003,-7.48215],[108.76958,-7.48215],[108.76958,-7.4817],[108.76913,-7.4817],[108.76913,-7.48124],[108.76868,-7.48124],[108.76868,-7.48079],[108.76913,-7.48079],[108.76914,-7.48079],[108.76914,-7.48124]]],[[[108.77224,-7.49377],[108.77206,-7.49347],[108.77205,-7.49346],[108.77205,-7.49346],[108.7719,-7.4932],[108.77178,-7.49302],[108.77178,-7.49302],[108.77177,-7.493],[108.77178,-7.493],[108.77179,-7.493],[108.77224,-7.493],[108.77224,-7.49345],[108.77224,-7.49346],[108.77224,-7.49377]]],[[[108.77183,-7.48442],[108.77183,-7.48397],[108.77229,-7.48397],[108.77229,-7.48442],[108.77183,-7.48442]]],[[[108.77318,-7.48307],[108.77319,-7.48307],[108.77364,-7.48307],[108.77364,-7.48352],[108.77364,-7.48379],[108.77364,-7.48384],[108.77324,-7.48373],[108.77322,-7.4838],[108.77364,-7.48386],[108.77364,-7.48397],[108.77364,-7.48398],[108.77319,-7.48398],[108.77318,-7.48397],[108.77318,-7.48367],[108.77318,-7.48352],[108.77274,-7.48352],[108.77273,-7.48352],[108.77273,-7.48307],[108.77229,-7.48307],[108.77228,-7.48307],[108.77228,-7.48261],[108.77229,-7.48261],[108.77274,-7.48261],[108.77274,-7.48307],[108.77318,-7.48307]]],[[[108.7723,-7.47991],[108.7723,-7.4799],[108.7723,-7.47945],[108.77276,-7.47945],[108.77276,-7.4799],[108.77276,-7.47991],[108.7723,-7.47991]]],[[[108.77239,-7.46302],[108.77246,-7.46297],[108.77284,-7.46298],[108.77284,-7.46319],[108.77239,-7.46319],[108.77239,-7.46364],[108.77233,-7.46364],[108.77223,-7.46364],[108.77194,-7.46364],[108.77193,-7.46364],[108.7718,-7.46364],[108.77177,-7.46364],[108.77173,-7.46364],[108.77193,-7.46342],[108.77201,-7.46334],[108.77201,-7.46334],[108.77215,-7.4632],[108.77217,-7.46318],[108.77218,-7.46318],[108.77239,-7.46302],[108.77239,-7.46302]]],[[[108.77224,-7.46183],[108.77231,-7.4616],[108.7724,-7.46139],[108.7724,-7.46183],[108.7724,-7.46228],[108.77231,-7.46222],[108.77223,-7.46189],[108.77225,-7.46183],[108.77224,-7.46183]]],[[[108.77244,-7.45302],[108.77228,-7.45289],[108.77222,-7.45279],[108.77245,-7.45279],[108.77245,-7.45302],[108.77244,-7.45302]]],[[[108.77199,-7.45054],[108.77155,-7.45054],[108.77154,-7.45054],[108.77154,-7.45053],[108.77157,-7.45051],[108.77173,-7.45039],[108.77176,-7.45036],[108.77199,-7.45018],[108.77199,-7.45017],[108.772,-7.45017],[108.77206,-7.45012],[108.77208,-7.45008],[108.77209,-7.45008],[108.77218,-7.44989],[108.77229,-7.44963],[108.77245,-7.44963],[108.77245,-7.44941],[108.77267,-7.44918],[108.77287,-7.44896],[108.77292,-7.44894],[108.77292,-7.44895],[108.77327,-7.4488],[108.77337,-7.44878],[108.77337,-7.44919],[108.77382,-7.44919],[108.77382,-7.44964],[108.77336,-7.44964],[108.77336,-7.45009],[108.77336,-7.45054],[108.77381,-7.45054],[108.77381,-7.45099],[108.77381,-7.451],[108.77425,-7.451],[108.77426,-7.451],[108.77471,-7.451],[108.77516,-7.451],[108.77517,-7.451],[108.77561,-7.451],[108.77562,-7.451],[108.77562,-7.45055],[108.77608,-7.45055],[108.77608,-7.45101],[108.77652,-7.45101],[108.77653,-7.45101],[108.77698,-7.45101],[108.77698,-7.45146],[108.77653,-7.45146],[108.77652,-7.45146],[108.77652,-7.45182],[108.77643,-7.45182],[108.77625,-7.45182],[108.77625,-7.45146],[108.77625,-7.4511],[108.77607,-7.4511],[108.77607,-7.45101],[108.77607,-7.45092],[108.77571,-7.45092],[108.77571,-7.451],[108.77571,-7.45101],[108.77571,-7.45128],[108.77562,-7.45128],[108.77561,-7.45128],[108.77552,-7.45128],[108.77552,-7.45145],[108.77552,-7.45146],[108.77535,-7.45146],[108.77535,-7.45164],[108.77534,-7.45164],[108.77534,-7.45191],[108.77516,-7.45191],[108.77471,-7.45191],[108.77471,-7.45236],[108.77425,-7.45236],[108.77425,-7.4528],[108.77425,-7.45281],[108.7747,-7.45281],[108.7747,-7.45326],[108.77515,-7.45326],[108.77515,-7.45371],[108.77515,-7.45416],[108.77515,-7.45417],[108.77515,-7.45461],[108.77515,-7.45462],[108.7756,-7.45462],[108.7756,-7.45507],[108.77605,-7.45507],[108.77606,-7.45507],[108.7765,-7.45507],[108.77651,-7.45507],[108.77651,-7.45552],[108.77651,-7.45553],[108.77651,-7.45598],[108.77695,-7.45598],[108.77696,-7.45598],[108.77696,-7.45643],[108.7774,-7.45643],[108.77741,-7.45643],[108.77741,-7.45689],[108.7774,-7.45689],[108.7774,-7.45734],[108.77785,-7.45734],[108.77785,-7.45779],[108.7783,-7.45779],[108.77831,-7.45779],[108.77831,-7.45825],[108.77876,-7.45825],[108.77876,-7.4587],[108.77875,-7.4587],[108.77875,-7.45915],[108.7792,-7.45915],[108.7792,-7.4596],[108.7792,-7.45961],[108.77965,-7.45961],[108.77965,-7.46006],[108.7801,-7.46006],[108.7801,-7.46051],[108.78055,-7.46051],[108.78055,-7.46007],[108.781,-7.46007],[108.78101,-7.46007],[108.78146,-7.46007],[108.78146,-7.46052],[108.78146,-7.46097],[108.78191,-7.46097],[108.78191,-7.46098],[108.78236,-7.46098],[108.78281,-7.46098],[108.78281,-7.46143],[108.78281,-7.46188],[108.78326,-7.46188],[108.78326,-7.46144],[108.78326,-7.46143],[108.78371,-7.46143],[108.78372,-7.46143],[108.78372,-7.46144],[108.78372,-7.46189],[108.78416,-7.46189],[108.78417,-7.46189],[108.78461,-7.46189],[108.78462,-7.46189],[108.78507,-7.46189],[108.78507,-7.4619],[108.78551,-7.4619],[108.78552,-7.4619],[108.78597,-7.4619],[108.78597,-7.46235],[108.78597,-7.4628],[108.78552,-7.4628],[108.78552,-7.46325],[108.78596,-7.46325],[108.78597,-7.46325],[108.78642,-7.46325],[108.78642,-7.46281],[108.78687,-7.46281],[108.78688,-7.46281],[108.78732,-7.46281],[108.78733,-7.46281],[108.78777,-7.46281],[108.78778,-7.46281],[108.78823,-7.46281],[108.78869,-7.46281],[108.78869,-7.46327],[108.78823,-7.46327],[108.78823,-7.46363],[108.78814,-7.46363],[108.78814,-7.46345],[108.78778,-7.46345],[108.78778,-7.46363],[108.78777,-7.46363],[108.78759,-7.46363],[108.78759,-7.46371],[108.78759,-7.46372],[108.78759,-7.46399],[108.78777,-7.46399],[108.78777,-7.46417],[108.78796,-7.46417],[108.78823,-7.46417],[108.78823,-7.46462],[108.78777,-7.46462],[108.78732,-7.46462],[108.78731,-7.46462],[108.78731,-7.46417],[108.78731,-7.46371],[108.78687,-7.46371],[108.78651,-7.46371],[108.78651,-7.46326],[108.78642,-7.46326],[108.78615,-7.46326],[108.78597,-7.46326],[108.78596,-7.46326],[108.78561,-7.46326],[108.78561,-7.46344],[108.7856,-7.46344],[108.7856,-7.4637],[108.7856,-7.46371],[108.7856,-7.46379],[108.78578,-7.46379],[108.78578,-7.4638],[108.7856,-7.4638],[108.7856,-7.46416],[108.78578,-7.46416],[108.78596,-7.46416],[108.78597,-7.46416],[108.78633,-7.46416],[108.78633,-7.4638],[108.78641,-7.4638],[108.78642,-7.4638],[108.78642,-7.46416],[108.78687,-7.46416],[108.78687,-7.46461],[108.78687,-7.46462],[108.78642,-7.46462],[108.78642,-7.46463],[108.78642,-7.46506],[108.78687,-7.46506],[108.78687,-7.46507],[108.78687,-7.46552],[108.78641,-7.46552],[108.78641,-7.46507],[108.78596,-7.46507],[108.78596,-7.46506],[108.78596,-7.46461],[108.78551,-7.46461],[108.78551,-7.46428],[108.78551,-7.46416],[108.78529,-7.46416],[108.78506,-7.46416],[108.78506,-7.46402],[108.78506,-7.46371],[108.78506,-7.4637],[108.78461,-7.4637],[108.78461,-7.46325],[108.78506,-7.46325],[108.78506,-7.4628],[108.78461,-7.4628],[108.78461,-7.46235],[108.78417,-7.46235],[108.78417,-7.46279],[108.78417,-7.46325],[108.78416,-7.46325],[108.78416,-7.46349],[108.78416,-7.4637],[108.78371,-7.4637],[108.78371,-7.46415],[108.7837,-7.46415],[108.7837,-7.4646],[108.7837,-7.46505],[108.7836,-7.46505],[108.7836,-7.46523],[108.78352,-7.46523],[108.78342,-7.46523],[108.78342,-7.46541],[108.78324,-7.46541],[108.78324,-7.46505],[108.78279,-7.46505],[108.78279,-7.4646],[108.78234,-7.4646],[108.78234,-7.46504],[108.78234,-7.4655],[108.78233,-7.4655],[108.78233,-7.46595],[108.78278,-7.46595],[108.78323,-7.46595],[108.78323,-7.4655],[108.78324,-7.4655],[108.78324,-7.46559],[108.78324,-7.46595],[108.7836,-7.46595],[108.7836,-7.46596],[108.7836,-7.46613],[108.78368,-7.46613],[108.78369,-7.46613],[108.78378,-7.46613],[108.78378,-7.46632],[108.78396,-7.46632],[108.78396,-7.46641],[108.78369,-7.46641],[108.78369,-7.46686],[108.78413,-7.46686],[108.78413,-7.4665],[108.78414,-7.4665],[108.78414,-7.46668],[108.78432,-7.46668],[108.78432,-7.46686],[108.78414,-7.46686],[108.78414,-7.46731],[108.78369,-7.46731],[108.78368,-7.46731],[108.78323,-7.46731],[108.78323,-7.46686],[108.78278,-7.46686],[108.78278,-7.4664],[108.78233,-7.4664],[108.78233,-7.46685],[108.78188,-7.46685],[108.78187,-7.46685],[108.78187,-7.4664],[108.78143,-7.4664],[108.78142,-7.4664],[108.78142,-7.46595],[108.78142,-7.46594],[108.78142,-7.46549],[108.78098,-7.46549],[108.78098,-7.46594],[108.78052,-7.46594],[108.78052,-7.46549],[108.78052,-7.46504],[108.78052,-7.46503],[108.78052,-7.46458],[108.78053,-7.46458],[108.78098,-7.46458],[108.78098,-7.46459],[108.78143,-7.46459],[108.78188,-7.46459],[108.78188,-7.46414],[108.78189,-7.46414],[108.78189,-7.46369],[108.78144,-7.46369],[108.78144,-7.46368],[108.78098,-7.46368],[108.78098,-7.46323],[108.78099,-7.46323],[108.78099,-7.46278],[108.78099,-7.46233],[108.78054,-7.46233],[108.78054,-7.46188],[108.78054,-7.46187],[108.78009,-7.46187],[108.78009,-7.46142],[108.78009,-7.46097],[108.77965,-7.46097],[108.77964,-7.46097],[108.77919,-7.46097],[108.77919,-7.46096],[108.77919,-7.46051],[108.77964,-7.46051],[108.77964,-7.46031],[108.77964,-7.46006],[108.77945,-7.46006],[108.77944,-7.46006],[108.7792,-7.46006],[108.77919,-7.46006],[108.77874,-7.46006],[108.77874,-7.45961],[108.77829,-7.45961],[108.77829,-7.4596],[108.77829,-7.45915],[108.77784,-7.45915],[108.77784,-7.4587],[108.77784,-7.45825],[108.77739,-7.45825],[108.77739,-7.45824],[108.77739,-7.45779],[108.77694,-7.45779],[108.77694,-7.45734],[108.77694,-7.4569],[108.77694,-7.45689],[108.77693,-7.45689],[108.7765,-7.45689],[108.7765,-7.45688],[108.7765,-7.45643],[108.77627,-7.45643],[108.77617,-7.45643],[108.77604,-7.45643],[108.77604,-7.45625],[108.77604,-7.45598],[108.77584,-7.45598],[108.77559,-7.45598],[108.77559,-7.45565],[108.77559,-7.45552],[108.77549,-7.45552],[108.77517,-7.45552],[108.7753,-7.45528],[108.77514,-7.45508],[108.77514,-7.45507],[108.77513,-7.45507],[108.77477,-7.45462],[108.7747,-7.45452],[108.77441,-7.45416],[108.77425,-7.45395],[108.77425,-7.45371],[108.77404,-7.45371],[108.77383,-7.45349],[108.7738,-7.45345],[108.77363,-7.45326],[108.77362,-7.45326],[108.77358,-7.45321],[108.77343,-7.45305],[108.77341,-7.45305],[108.77335,-7.45301],[108.77327,-7.45296],[108.77302,-7.45299],[108.77289,-7.453],[108.77289,-7.4528],[108.7729,-7.4528],[108.7729,-7.45235],[108.77245,-7.45235],[108.77244,-7.45235],[108.77244,-7.45189],[108.77244,-7.45144],[108.772,-7.45144],[108.77199,-7.45144],[108.77155,-7.45144],[108.77154,-7.45144],[108.77138,-7.45144],[108.77126,-7.45126],[108.77118,-7.45107],[108.77117,-7.45098],[108.77154,-7.45098],[108.77155,-7.45098],[108.77199,-7.45098],[108.77199,-7.45054]],[[108.77336,-7.44919],[108.77292,-7.44919],[108.77291,-7.44919],[108.77291,-7.44963],[108.77291,-7.44964],[108.77336,-7.44964],[108.77336,-7.44919]],[[108.77425,-7.45145],[108.77381,-7.45145],[108.7738,-7.45145],[108.7738,-7.4519],[108.77425,-7.4519],[108.77425,-7.45145]],[[108.78089,-7.4654],[108.78097,-7.4654],[108.78098,-7.4654],[108.78125,-7.4654],[108.78142,-7.4654],[108.78143,-7.4654],[108.78161,-7.4654],[108.78188,-7.4654],[108.78197,-7.4654],[108.78197,-7.46504],[108.78189,-7.46504],[108.78188,-7.46504],[108.7818,-7.46504],[108.7818,-7.46468],[108.78144,-7.46468],[108.78144,-7.46504],[108.78143,-7.46504],[108.78143,-7.46468],[108.78126,-7.46468],[108.78098,-7.46468],[108.78097,-7.46468],[108.78089,-7.46468],[108.78089,-7.46503],[108.78089,-7.46504],[108.78089,-7.4654]],[[108.78055,-7.46052],[108.78055,-7.46097],[108.781,-7.46097],[108.781,-7.46052],[108.78055,-7.46052]],[[108.781,-7.46142],[108.78145,-7.46142],[108.78145,-7.46097],[108.781,-7.46097],[108.781,-7.46142]],[[108.78325,-7.46279],[108.78281,-7.46279],[108.7828,-7.46279],[108.78235,-7.46279],[108.78235,-7.46288],[108.78235,-7.46323],[108.78235,-7.46324],[108.7828,-7.46324],[108.78325,-7.46324],[108.78325,-7.46316],[108.78325,-7.46315],[108.78325,-7.46279]],[[108.78235,-7.46278],[108.78235,-7.46234],[108.78235,-7.46233],[108.78217,-7.46233],[108.78217,-7.46188],[108.78217,-7.46179],[108.782,-7.46179],[108.782,-7.46161],[108.78191,-7.46161],[108.7819,-7.46161],[108.78163,-7.46161],[108.78163,-7.46179],[108.78145,-7.46179],[108.78145,-7.46187],[108.78145,-7.46188],[108.78145,-7.46233],[108.78163,-7.46233],[108.78181,-7.46233],[108.7819,-7.46233],[108.7819,-7.46278],[108.78235,-7.46278]]],[[[108.77495,-7.49305],[108.77495,-7.49302],[108.77514,-7.49302],[108.77515,-7.49303],[108.77516,-7.49303],[108.77516,-7.49304],[108.77517,-7.49304],[108.77517,-7.49305],[108.77517,-7.49306],[108.77518,-7.49306],[108.77518,-7.49307],[108.77509,-7.49305],[108.77495,-7.49305]]],[[[108.7745,-7.49121],[108.77451,-7.49121],[108.77479,-7.49121],[108.77488,-7.49121],[108.77496,-7.49121],[108.77496,-7.49142],[108.77496,-7.49151],[108.77496,-7.49166],[108.77451,-7.49166],[108.7745,-7.49166],[108.7745,-7.49121]]],[[[108.77496,-7.48985],[108.77497,-7.48985],[108.77506,-7.48985],[108.77542,-7.48985],[108.77542,-7.48986],[108.77542,-7.49031],[108.775,-7.49031],[108.77496,-7.49031],[108.77496,-7.48989],[108.77496,-7.48986],[108.77496,-7.48985]]],[[[108.77545,-7.48308],[108.7759,-7.48308],[108.77591,-7.48308],[108.77636,-7.48308],[108.77682,-7.48308],[108.77682,-7.48309],[108.77682,-7.48354],[108.77726,-7.48354],[108.77726,-7.48309],[108.77772,-7.48309],[108.77772,-7.48354],[108.77772,-7.48399],[108.77772,-7.484],[108.77817,-7.484],[108.77863,-7.484],[108.77863,-7.48443],[108.77863,-7.48445],[108.77817,-7.48445],[108.77772,-7.48445],[108.77772,-7.4849],[108.77771,-7.4849],[108.77771,-7.48535],[108.77726,-7.48535],[108.77726,-7.4858],[108.7768,-7.4858],[108.7768,-7.48535],[108.77635,-7.48535],[108.77635,-7.48489],[108.7768,-7.48489],[108.7768,-7.48444],[108.77636,-7.48444],[108.77635,-7.48444],[108.77591,-7.48444],[108.7759,-7.48444],[108.77545,-7.48444],[108.77545,-7.48415],[108.77545,-7.48399],[108.77545,-7.48398],[108.775,-7.48398],[108.775,-7.48353],[108.77545,-7.48353],[108.77545,-7.48308]],[[108.77636,-7.48399],[108.77636,-7.48354],[108.77591,-7.48354],[108.77591,-7.48398],[108.77591,-7.48399],[108.77635,-7.48399],[108.77636,-7.48399]]],[[[108.77455,-7.48217],[108.775,-7.48217],[108.77501,-7.48217],[108.77501,-7.48177],[108.77501,-7.48172],[108.77516,-7.48172],[108.77546,-7.48172],[108.77546,-7.48127],[108.77592,-7.48127],[108.77592,-7.48172],[108.77592,-7.48173],[108.77592,-7.48218],[108.77547,-7.48218],[108.77546,-7.48218],[108.77546,-7.48263],[108.77501,-7.48263],[108.775,-7.48263],[108.77455,-7.48263],[108.77455,-7.48217]]],[[[108.77367,-7.47856],[108.77367,-7.4781],[108.77412,-7.4781],[108.77412,-7.47856],[108.77367,-7.47856]]],[[[108.77502,-7.47811],[108.77502,-7.47766],[108.77548,-7.47766],[108.77548,-7.47811],[108.77502,-7.47811]]],[[[108.77549,-7.47676],[108.77582,-7.47676],[108.77587,-7.47676],[108.77594,-7.47676],[108.77594,-7.47678],[108.77594,-7.47688],[108.77594,-7.47719],[108.77594,-7.47721],[108.77602,-7.47721],[108.77639,-7.47721],[108.77639,-7.47729],[108.77639,-7.47737],[108.77639,-7.47766],[108.77639,-7.47812],[108.77593,-7.47812],[108.77593,-7.47766],[108.77548,-7.47766],[108.77548,-7.47721],[108.77503,-7.47721],[108.77503,-7.47694],[108.77503,-7.47693],[108.77503,-7.47675],[108.77549,-7.47675],[108.77549,-7.47676]]],[[[108.77412,-7.4772],[108.77412,-7.47675],[108.77458,-7.47675],[108.77458,-7.4772],[108.77412,-7.4772]]],[[[108.7737,-7.47133],[108.7737,-7.47087],[108.77416,-7.47087],[108.77416,-7.47133],[108.7737,-7.47133]]],[[[108.77281,-7.46951],[108.77281,-7.46996],[108.77281,-7.46997],[108.77281,-7.47042],[108.77235,-7.47042],[108.77235,-7.46997],[108.77235,-7.46996],[108.77235,-7.46951],[108.77281,-7.46951]]],[[[108.77372,-7.46907],[108.77326,-7.46907],[108.77326,-7.46861],[108.77372,-7.46861],[108.77372,-7.46907]]],[[[108.7742,-7.46365],[108.77408,-7.46365],[108.77374,-7.46365],[108.77374,-7.46322],[108.77374,-7.46319],[108.7742,-7.46319],[108.7742,-7.46365]]],[[[108.77241,-7.46228],[108.77285,-7.46228],[108.77285,-7.46251],[108.77256,-7.46239],[108.77241,-7.46229],[108.77241,-7.46228]]],[[[108.7724,-7.46138],[108.77258,-7.46093],[108.77276,-7.46048],[108.77286,-7.46024],[108.77286,-7.46025],[108.77286,-7.46048],[108.77286,-7.46093],[108.77286,-7.46138],[108.7724,-7.46138]]],[[[108.77304,-7.45957],[108.77332,-7.45957],[108.77332,-7.45958],[108.77332,-7.46003],[108.77294,-7.46003],[108.77296,-7.46],[108.77303,-7.45958],[108.77303,-7.45957],[108.77304,-7.45957]]],[[[108.77377,-7.45822],[108.77371,-7.45822],[108.77377,-7.45811],[108.77377,-7.45822]]],[[[108.77544,-7.48534],[108.77544,-7.48489],[108.7759,-7.48489],[108.7759,-7.48534],[108.77544,-7.48534]]],[[[108.77817,-7.48219],[108.77818,-7.48219],[108.77862,-7.48219],[108.77862,-7.48174],[108.77818,-7.48174],[108.77817,-7.48174],[108.77773,-7.48174],[108.77772,-7.48174],[108.77728,-7.48174],[108.77727,-7.48174],[108.77727,-7.48129],[108.77727,-7.48128],[108.77727,-7.48083],[108.77728,-7.48083],[108.77773,-7.48083],[108.77773,-7.48128],[108.77818,-7.48128],[108.77818,-7.48129],[108.77863,-7.48129],[108.77908,-7.48129],[108.77908,-7.48084],[108.77909,-7.48084],[108.77909,-7.48039],[108.77954,-7.48039],[108.77955,-7.48039],[108.77999,-7.48039],[108.78,-7.48039],[108.78045,-7.48039],[108.78091,-7.48039],[108.78091,-7.4804],[108.78091,-7.48085],[108.7809,-7.48085],[108.7809,-7.4813],[108.78045,-7.4813],[108.78044,-7.4813],[108.77999,-7.4813],[108.77999,-7.48175],[108.77954,-7.48175],[108.77954,-7.4822],[108.77908,-7.4822],[108.77863,-7.4822],[108.77863,-7.48264],[108.77908,-7.48264],[108.77908,-7.48265],[108.77908,-7.4831],[108.77908,-7.48355],[108.77862,-7.48355],[108.77862,-7.4831],[108.77862,-7.48265],[108.77818,-7.48265],[108.77818,-7.48309],[108.77772,-7.48309],[108.77772,-7.48264],[108.77772,-7.48219],[108.77817,-7.48219]],[[108.77954,-7.48085],[108.77954,-7.48129],[108.77999,-7.48129],[108.77999,-7.48085],[108.77954,-7.48085]]],[[[108.77636,-7.48264],[108.77636,-7.48218],[108.77682,-7.48218],[108.77682,-7.48264],[108.77636,-7.48264]]],[[[108.77683,-7.48128],[108.77682,-7.48128],[108.77637,-7.48128],[108.77637,-7.48083],[108.77682,-7.48083],[108.77683,-7.48083],[108.77683,-7.48128]]],[[[108.77684,-7.47722],[108.77684,-7.47676],[108.7773,-7.47676],[108.7773,-7.47722],[108.77684,-7.47722]]],[[[108.77551,-7.47224],[108.77551,-7.47179],[108.77597,-7.47179],[108.77597,-7.47224],[108.77551,-7.47224]]],[[[108.77779,-7.47135],[108.77733,-7.47135],[108.77733,-7.47089],[108.77779,-7.47089],[108.77779,-7.47135]]],[[[108.7774,-7.45599],[108.7774,-7.45553],[108.77786,-7.45553],[108.77786,-7.45599],[108.7774,-7.45599]]],[[[108.77786,-7.454],[108.77805,-7.454],[108.77805,-7.45373],[108.77805,-7.45328],[108.77832,-7.45328],[108.77832,-7.45373],[108.77878,-7.45373],[108.77878,-7.45418],[108.77923,-7.45418],[108.77923,-7.45437],[108.77913,-7.45437],[108.77913,-7.45455],[108.77895,-7.45455],[108.77877,-7.45455],[108.77859,-7.45455],[108.77859,-7.45463],[108.77859,-7.45464],[108.77831,-7.45464],[108.77831,-7.45463],[108.77831,-7.45418],[108.77787,-7.45418],[108.77787,-7.45463],[108.77741,-7.45463],[108.77741,-7.45418],[108.77786,-7.45418],[108.77786,-7.454]]],[[[108.77605,-7.45417],[108.77605,-7.45372],[108.77651,-7.45372],[108.77651,-7.45417],[108.77605,-7.45417]]],[[[108.77643,-7.4529],[108.77643,-7.45282],[108.77643,-7.45281],[108.77643,-7.45273],[108.77643,-7.45272],[108.77652,-7.45272],[108.77652,-7.45273],[108.77652,-7.45282],[108.77697,-7.45282],[108.77697,-7.45327],[108.77715,-7.45327],[108.77715,-7.45363],[108.77742,-7.45363],[108.77742,-7.45372],[108.77742,-7.45373],[108.77696,-7.45373],[108.77696,-7.45372],[108.77696,-7.45327],[108.77651,-7.45327],[108.77605,-7.45327],[108.77605,-7.4529],[108.77606,-7.4529],[108.77643,-7.4529]]],[[[108.77561,-7.45282],[108.77561,-7.45326],[108.77515,-7.45326],[108.77515,-7.45281],[108.77561,-7.45281],[108.77561,-7.45272],[108.7757,-7.45272],[108.77588,-7.45272],[108.77588,-7.45281],[108.77588,-7.45282],[108.77561,-7.45282]]],[[[108.77625,-7.45218],[108.77652,-7.45218],[108.77652,-7.45236],[108.77652,-7.45237],[108.77625,-7.45237],[108.77625,-7.45255],[108.77624,-7.45255],[108.77606,-7.45255],[108.77606,-7.45254],[108.77624,-7.45254],[108.77624,-7.45237],[108.77624,-7.45236],[108.77624,-7.45218],[108.77625,-7.45218]]],[[[108.77834,-7.45056],[108.77834,-7.45057],[108.77879,-7.45057],[108.77879,-7.45102],[108.77834,-7.45102],[108.77833,-7.45102],[108.77789,-7.45102],[108.77788,-7.45102],[108.77743,-7.45102],[108.77743,-7.45056],[108.77788,-7.45056],[108.77789,-7.45056],[108.77834,-7.45056]]],[[[108.77857,-7.4935],[108.77862,-7.49349],[108.77879,-7.49349],[108.77858,-7.49355],[108.77857,-7.49355],[108.77857,-7.4935]]],[[[108.77902,-7.49334],[108.77948,-7.49313],[108.77948,-7.49314],[108.77969,-7.49304],[108.77989,-7.49304],[108.77972,-7.49308],[108.77948,-7.49319],[108.77948,-7.49319],[108.77935,-7.49325],[108.77902,-7.4934],[108.77902,-7.49334]]],[[[108.78083,-7.49305],[108.78129,-7.49305],[108.78129,-7.49315],[108.78098,-7.49311],[108.78083,-7.49309],[108.78083,-7.49305]]],[[[108.7813,-7.49169],[108.78175,-7.49169],[108.78175,-7.49215],[108.7813,-7.49215],[108.78085,-7.49215],[108.78085,-7.4926],[108.78039,-7.4926],[108.78039,-7.49214],[108.78084,-7.49214],[108.78084,-7.49169],[108.7813,-7.49169]]],[[[108.77995,-7.49169],[108.7796,-7.49169],[108.77949,-7.49123],[108.77995,-7.49123],[108.77995,-7.49169]]],[[[108.77927,-7.49123],[108.77926,-7.49169],[108.77903,-7.49169],[108.77903,-7.49168],[108.77903,-7.49123],[108.77927,-7.49123]]],[[[108.77939,-7.49078],[108.77928,-7.49033],[108.7795,-7.49033],[108.7795,-7.49078],[108.77939,-7.49078]]],[[[108.77998,-7.48446],[108.77953,-7.48446],[108.77953,-7.48401],[108.77953,-7.484],[108.77998,-7.484],[108.77998,-7.48356],[108.77998,-7.48355],[108.77998,-7.4831],[108.78043,-7.4831],[108.78043,-7.48355],[108.78043,-7.48356],[108.78043,-7.48401],[108.77998,-7.48401],[108.77998,-7.48446]]],[[[108.77865,-7.47993],[108.77819,-7.47993],[108.77819,-7.47948],[108.77819,-7.47903],[108.77865,-7.47903],[108.77865,-7.47948],[108.77865,-7.47993]]],[[[108.78001,-7.47949],[108.77955,-7.47949],[108.77955,-7.47904],[108.77955,-7.47903],[108.77955,-7.47858],[108.78001,-7.47858],[108.78001,-7.47903],[108.78001,-7.47904],[108.78001,-7.47949]]],[[[108.77865,-7.47812],[108.77865,-7.47768],[108.77911,-7.47768],[108.77911,-7.47813],[108.77865,-7.47813],[108.77865,-7.47858],[108.77819,-7.47858],[108.77819,-7.47813],[108.77819,-7.47812],[108.77865,-7.47812]]],[[[108.77958,-7.47362],[108.77958,-7.47316],[108.78004,-7.47316],[108.78004,-7.47362],[108.77958,-7.47362]]],[[[108.78049,-7.47227],[108.78049,-7.47226],[108.78004,-7.47226],[108.78004,-7.47181],[108.78049,-7.47181],[108.7805,-7.47181],[108.78094,-7.47181],[108.78095,-7.47181],[108.78095,-7.47227],[108.78094,-7.47227],[108.78049,-7.47227]]],[[[108.7814,-7.47046],[108.7814,-7.47091],[108.78095,-7.47091],[108.78095,-7.47136],[108.78049,-7.47136],[108.78049,-7.47091],[108.78049,-7.47046],[108.78094,-7.47046],[108.78095,-7.47046],[108.7814,-7.47046]]],[[[108.77916,-7.46639],[108.77916,-7.46593],[108.77962,-7.46593],[108.77962,-7.46639],[108.77916,-7.46639]]],[[[108.77917,-7.46412],[108.77962,-7.46412],[108.77963,-7.46412],[108.77963,-7.46413],[108.77963,-7.46458],[108.78007,-7.46458],[108.78008,-7.46458],[108.78008,-7.46503],[108.78007,-7.46503],[108.77963,-7.46503],[108.77962,-7.46503],[108.77917,-7.46503],[108.77917,-7.46458],[108.77917,-7.46413],[108.77917,-7.46412]]],[[[108.77828,-7.46322],[108.77872,-7.46322],[108.77873,-7.46322],[108.77873,-7.46367],[108.77872,-7.46367],[108.77828,-7.46367],[108.77827,-7.46367],[108.77782,-7.46367],[108.77782,-7.46321],[108.77827,-7.46321],[108.77828,-7.46321],[108.77828,-7.46322]]],[[[108.77918,-7.46277],[108.77918,-7.46232],[108.77964,-7.46232],[108.77964,-7.46277],[108.77918,-7.46277]]],[[[108.77874,-7.46096],[108.77828,-7.46096],[108.77828,-7.46051],[108.77874,-7.46051],[108.77874,-7.46096]]],[[[108.78147,-7.45736],[108.78147,-7.45691],[108.78147,-7.45646],[108.78192,-7.45646],[108.78193,-7.45646],[108.78238,-7.45646],[108.78238,-7.45691],[108.78238,-7.45736],[108.78193,-7.45736],[108.78192,-7.45736],[108.78192,-7.45781],[108.78147,-7.45781],[108.78147,-7.45826],[108.78101,-7.45826],[108.78101,-7.45871],[108.78056,-7.45871],[108.78055,-7.45871],[108.78055,-7.45826],[108.78055,-7.45781],[108.78056,-7.45781],[108.78101,-7.45781],[108.78146,-7.45781],[108.78146,-7.45736],[108.78147,-7.45736]]],[[[108.78057,-7.45645],[108.78057,-7.456],[108.78103,-7.456],[108.78103,-7.45645],[108.78057,-7.45645]]],[[[108.78058,-7.4551],[108.78058,-7.45555],[108.78012,-7.45555],[108.78012,-7.45509],[108.77968,-7.45509],[108.77968,-7.45491],[108.78003,-7.45491],[108.78003,-7.45464],[108.78003,-7.45455],[108.77985,-7.45455],[108.77968,-7.45455],[108.77968,-7.45419],[108.78013,-7.45419],[108.78013,-7.45464],[108.78013,-7.45509],[108.78058,-7.45509],[108.78058,-7.45465],[108.78058,-7.45464],[108.78104,-7.45464],[108.78104,-7.45465],[108.78104,-7.4551],[108.78058,-7.4551]]],[[[108.77876,-7.45509],[108.77876,-7.45491],[108.77877,-7.45491],[108.77895,-7.45491],[108.77922,-7.45491],[108.77922,-7.45509],[108.77876,-7.45509]]],[[[108.77878,-7.45328],[108.77832,-7.45328],[108.77832,-7.45283],[108.77878,-7.45283],[108.77878,-7.45328]]],[[[108.78106,-7.45013],[108.7806,-7.45013],[108.7806,-7.44968],[108.7806,-7.44967],[108.78106,-7.44967],[108.78106,-7.44968],[108.78106,-7.45013]]],[[[108.77925,-7.44857],[108.77925,-7.44876],[108.77925,-7.44877],[108.77879,-7.44877],[108.77879,-7.44876],[108.77879,-7.44843],[108.77891,-7.44841],[108.77925,-7.44857]]],[[[108.78316,-7.49306],[108.7831,-7.49311],[108.7831,-7.4931],[108.7831,-7.49306],[108.78316,-7.49306]]],[[[108.7822,-7.4926],[108.78175,-7.4926],[108.78175,-7.49215],[108.7822,-7.49215],[108.7822,-7.4926]]],[[[108.78445,-7.49074],[108.78434,-7.49081],[108.78402,-7.49081],[108.78402,-7.49035],[108.78448,-7.49035],[108.78448,-7.49073],[108.78445,-7.49074]]],[[[108.78449,-7.489],[108.78448,-7.489],[108.78403,-7.489],[108.78357,-7.489],[108.78357,-7.48854],[108.78358,-7.48854],[108.78358,-7.48809],[108.78403,-7.48809],[108.78404,-7.48809],[108.78404,-7.48854],[108.78448,-7.48854],[108.78449,-7.48854],[108.78449,-7.48855],[108.78449,-7.489]]],[[[108.7818,-7.48221],[108.78134,-7.48221],[108.78134,-7.48176],[108.78134,-7.48175],[108.7818,-7.48175],[108.7818,-7.48176],[108.7818,-7.48221]]],[[[108.78181,-7.48131],[108.78135,-7.48131],[108.78135,-7.48085],[108.78135,-7.4804],[108.78181,-7.4804],[108.78181,-7.48085],[108.78181,-7.48131]]],[[[108.78181,-7.47995],[108.78136,-7.47995],[108.78136,-7.4795],[108.78181,-7.4795],[108.78182,-7.4795],[108.78182,-7.47995],[108.78181,-7.47995]]],[[[108.78228,-7.47679],[108.78228,-7.47724],[108.78272,-7.47724],[108.78273,-7.47724],[108.78318,-7.47724],[108.78318,-7.4777],[108.78318,-7.47815],[108.78272,-7.47815],[108.78272,-7.4777],[108.78227,-7.4777],[108.78227,-7.47724],[108.78182,-7.47724],[108.78182,-7.47679],[108.78228,-7.47679]]],[[[108.78139,-7.47498],[108.78093,-7.47498],[108.78093,-7.47453],[108.78093,-7.47452],[108.78139,-7.47452],[108.78139,-7.47453],[108.78139,-7.47498]]],[[[108.7841,-7.46595],[108.78414,-7.46595],[108.78415,-7.46595],[108.78415,-7.46596],[108.78414,-7.46596],[108.7841,-7.46596],[108.78396,-7.46596],[108.78396,-7.46595],[108.7841,-7.46595]]],[[[108.78396,-7.4656],[108.78396,-7.46559],[108.78415,-7.46559],[108.78415,-7.4656],[108.78396,-7.4656]]],[[[108.78281,-7.46098],[108.78281,-7.46053],[108.78326,-7.46053],[108.78326,-7.46098],[108.78281,-7.46098]]],[[[108.78281,-7.46008],[108.78281,-7.46053],[108.78236,-7.46053],[108.78191,-7.46053],[108.78191,-7.46007],[108.78236,-7.46007],[108.78281,-7.46007],[108.78281,-7.46008]]],[[[108.78146,-7.45962],[108.78101,-7.45962],[108.78101,-7.45916],[108.78146,-7.45916],[108.78146,-7.45962]]],[[[108.78236,-7.45917],[108.78236,-7.45872],[108.78282,-7.45872],[108.78282,-7.45917],[108.78236,-7.45917]]],[[[108.78194,-7.45511],[108.78194,-7.4551],[108.78194,-7.45465],[108.78239,-7.45465],[108.7824,-7.45465],[108.78284,-7.45465],[108.78285,-7.45465],[108.78285,-7.4551],[108.78285,-7.45511],[108.78329,-7.45511],[108.78329,-7.45466],[108.78375,-7.45466],[108.78375,-7.45511],[108.7833,-7.45511],[108.7833,-7.45556],[108.78329,-7.45556],[108.78285,-7.45556],[108.78284,-7.45556],[108.78284,-7.45601],[108.78284,-7.45646],[108.78328,-7.45646],[108.78329,-7.45646],[108.78374,-7.45646],[108.78374,-7.45647],[108.78419,-7.45647],[108.7842,-7.45647],[108.7842,-7.45692],[108.78419,-7.45692],[108.78374,-7.45692],[108.78329,-7.45692],[108.78328,-7.45692],[108.78283,-7.45692],[108.78283,-7.45646],[108.78238,-7.45646],[108.78238,-7.45601],[108.78238,-7.45556],[108.78239,-7.45556],[108.78239,-7.45511],[108.78194,-7.45511]]],[[[108.78419,-7.45602],[108.78374,-7.45602],[108.78374,-7.45556],[108.78419,-7.45556],[108.7842,-7.45556],[108.7842,-7.45602],[108.78419,-7.45602]]],[[[108.7833,-7.45375],[108.78375,-7.45375],[108.78375,-7.45331],[108.78375,-7.4533],[108.78421,-7.4533],[108.78421,-7.45331],[108.78421,-7.45376],[108.7842,-7.45376],[108.7842,-7.45421],[108.78375,-7.45421],[108.78374,-7.45421],[108.7833,-7.45421],[108.78329,-7.45421],[108.78284,-7.45421],[108.78284,-7.4542],[108.78239,-7.4542],[108.78239,-7.45375],[108.78284,-7.45375],[108.78285,-7.45375],[108.78329,-7.45375],[108.7833,-7.45375]]],[[[108.78294,-7.45276],[108.78285,-7.45276],[108.78285,-7.4524],[108.78331,-7.4524],[108.78331,-7.45285],[108.78294,-7.45285],[108.78294,-7.45276]]],[[[108.78422,-7.45119],[108.7844,-7.45144],[108.7844,-7.4515],[108.78422,-7.4515],[108.78422,-7.45119]]],[[[108.78349,-7.4515],[108.78331,-7.4515],[108.78331,-7.45104],[108.78377,-7.45104],[108.78377,-7.45132],[108.7835,-7.45132],[108.7835,-7.4515],[108.78349,-7.4515]]],[[[108.78673,-7.48991],[108.78674,-7.48991],[108.78719,-7.48991],[108.78719,-7.48992],[108.78764,-7.48992],[108.78764,-7.49037],[108.78764,-7.49048],[108.7872,-7.49066],[108.78719,-7.49066],[108.78718,-7.49066],[108.78718,-7.49037],[108.78674,-7.49037],[108.78674,-7.49078],[108.7865,-7.4908],[108.78629,-7.49075],[108.78628,-7.49075],[108.78628,-7.49037],[108.78628,-7.49036],[108.78628,-7.48991],[108.78629,-7.48991],[108.78673,-7.48991]]],[[[108.78448,-7.48945],[108.78493,-7.48945],[108.78494,-7.48945],[108.78494,-7.4899],[108.78494,-7.48991],[108.78493,-7.48991],[108.78448,-7.48991],[108.78448,-7.4899],[108.78448,-7.48945]]],[[[108.78673,-7.48946],[108.78673,-7.48901],[108.78674,-7.48901],[108.78719,-7.48901],[108.78765,-7.48901],[108.78765,-7.48947],[108.78719,-7.48947],[108.78674,-7.48947],[108.78673,-7.48947],[108.78673,-7.48946]]],[[[108.78585,-7.48675],[108.78585,-7.4863],[108.78631,-7.4863],[108.78631,-7.48675],[108.78585,-7.48675]]],[[[108.7859,-7.47862],[108.78544,-7.47862],[108.78544,-7.47861],[108.78544,-7.47816],[108.7859,-7.47816],[108.7859,-7.47861],[108.7859,-7.47862]]],[[[108.78771,-7.47772],[108.78725,-7.47772],[108.78725,-7.47727],[108.78771,-7.47727],[108.78771,-7.47772]]],[[[108.78455,-7.47635],[108.78455,-7.47659],[108.78455,-7.47669],[108.78455,-7.4768],[108.78409,-7.4768],[108.78409,-7.47671],[108.78409,-7.47661],[108.78409,-7.47635],[108.78455,-7.47635]]],[[[108.78811,-7.47104],[108.78818,-7.47104],[108.78819,-7.47104],[108.78828,-7.47104],[108.78828,-7.47095],[108.78828,-7.47086],[108.78828,-7.47085],[108.78846,-7.47085],[108.78846,-7.4705],[108.78819,-7.4705],[108.78811,-7.4705],[108.78811,-7.47049],[108.78819,-7.47049],[108.78865,-7.47049],[108.78865,-7.4705],[108.78865,-7.47095],[108.78864,-7.47095],[108.78864,-7.47122],[108.78828,-7.47122],[108.78828,-7.47125],[108.78828,-7.4714],[108.78828,-7.47176],[108.78846,-7.47176],[108.78846,-7.47185],[108.78819,-7.47185],[108.78819,-7.4723],[108.78818,-7.4723],[108.78773,-7.4723],[108.78773,-7.47185],[108.78818,-7.47185],[108.78818,-7.4714],[108.78774,-7.4714],[108.78773,-7.4714],[108.78773,-7.47121],[108.78774,-7.47121],[108.7881,-7.47121],[108.7881,-7.47104],[108.78811,-7.47104]]],[[[108.78728,-7.47094],[108.78728,-7.47049],[108.78738,-7.47049],[108.78756,-7.47049],[108.78756,-7.47067],[108.78738,-7.47067],[108.78738,-7.47094],[108.78728,-7.47094]]],[[[108.7872,-7.47049],[108.78683,-7.47049],[108.78683,-7.47004],[108.78683,-7.46976],[108.78684,-7.46976],[108.78684,-7.47004],[108.78684,-7.47013],[108.78702,-7.47013],[108.7872,-7.47013],[108.7872,-7.47049]]],[[[108.78702,-7.46904],[108.78685,-7.46904],[108.78684,-7.46904],[108.78684,-7.46868],[108.78685,-7.46868],[108.7873,-7.46868],[108.7873,-7.46823],[108.78776,-7.46823],[108.78776,-7.46869],[108.7873,-7.46869],[108.7873,-7.46913],[108.78775,-7.46913],[108.78775,-7.46959],[108.78775,-7.47004],[108.78774,-7.47004],[108.78774,-7.46977],[108.78738,-7.46977],[108.78729,-7.46977],[108.7872,-7.46977],[108.7872,-7.46959],[108.78702,-7.46959],[108.78702,-7.46958],[108.78702,-7.46941],[108.78684,-7.46941],[108.78684,-7.4694],[108.78702,-7.4694],[108.78702,-7.46914],[108.78702,-7.46913],[108.78702,-7.46904]]],[[[108.78683,-7.4694],[108.78683,-7.46941],[108.78666,-7.46941],[108.78666,-7.46958],[108.78666,-7.46959],[108.78638,-7.46959],[108.78638,-7.46958],[108.78638,-7.46922],[108.78648,-7.46922],[108.78666,-7.46922],[108.78666,-7.4694],[108.78683,-7.4694]]],[[[108.78525,-7.46741],[108.78541,-7.46741],[108.78541,-7.46732],[108.78541,-7.46723],[108.78549,-7.46723],[108.7855,-7.46723],[108.78559,-7.46723],[108.78559,-7.46687],[108.78595,-7.46687],[108.78595,-7.46732],[108.78595,-7.46759],[108.78559,-7.46759],[108.78559,-7.46777],[108.78559,-7.46784],[108.78559,-7.46795],[108.78558,-7.46795],[108.78558,-7.46822],[108.78558,-7.46823],[108.78558,-7.46831],[108.78576,-7.46831],[108.78576,-7.46849],[108.78594,-7.46849],[108.78594,-7.4685],[108.78594,-7.46868],[108.78594,-7.46886],[108.78612,-7.46886],[108.78612,-7.46913],[108.78593,-7.46913],[108.78593,-7.46868],[108.78548,-7.46868],[108.78548,-7.46823],[108.78548,-7.46822],[108.78548,-7.46777],[108.78504,-7.46777],[108.78504,-7.46741],[108.78525,-7.46741]]],[[[108.78686,-7.46778],[108.7864,-7.46778],[108.7864,-7.46822],[108.7864,-7.46823],[108.7864,-7.4685],[108.78631,-7.4685],[108.78631,-7.46823],[108.78631,-7.46822],[108.78631,-7.46814],[108.78612,-7.46814],[108.78612,-7.46795],[108.78595,-7.46795],[108.78595,-7.46777],[108.7864,-7.46777],[108.7864,-7.46732],[108.78686,-7.46732],[108.78686,-7.46778]]],[[[108.78504,-7.46822],[108.78458,-7.46822],[108.78458,-7.46777],[108.78504,-7.46777],[108.78504,-7.46822]]],[[[108.78468,-7.46705],[108.78468,-7.46732],[108.78459,-7.46732],[108.78459,-7.46704],[108.78468,-7.46704],[108.78469,-7.46704],[108.78486,-7.46704],[108.78486,-7.46705],[108.78468,-7.46705]]],[[[108.7855,-7.46686],[108.7855,-7.46687],[108.78523,-7.46687],[108.78523,-7.46705],[108.78522,-7.46705],[108.78522,-7.46687],[108.78522,-7.46686],[108.7855,-7.46686]]],[[[108.78459,-7.46596],[108.7846,-7.46596],[108.78505,-7.46596],[108.78505,-7.46641],[108.78505,-7.46669],[108.78486,-7.46668],[108.78486,-7.4665],[108.78486,-7.46641],[108.78486,-7.46614],[108.7846,-7.46614],[108.78459,-7.46614],[108.78451,-7.46614],[108.78432,-7.46614],[108.78432,-7.46596],[108.78459,-7.46596]]],[[[108.78686,-7.46642],[108.7864,-7.46642],[108.7864,-7.46597],[108.78686,-7.46597],[108.78686,-7.46642]]],[[[108.78735,-7.45766],[108.78745,-7.45766],[108.78745,-7.45784],[108.78735,-7.45784],[108.78735,-7.45829],[108.7878,-7.45829],[108.7878,-7.45784],[108.78781,-7.45784],[108.78781,-7.45802],[108.78799,-7.45802],[108.78816,-7.45802],[108.78816,-7.45803],[108.78825,-7.45803],[108.78826,-7.45803],[108.78853,-7.45803],[108.78853,-7.45821],[108.78835,-7.45821],[108.78835,-7.4583],[108.78826,-7.4583],[108.78825,-7.4583],[108.7878,-7.4583],[108.7878,-7.45875],[108.78735,-7.45875],[108.78735,-7.45874],[108.7869,-7.45874],[108.7869,-7.45919],[108.78645,-7.45919],[108.78644,-7.45919],[108.78599,-7.45919],[108.78599,-7.45874],[108.78599,-7.45829],[108.78644,-7.45829],[108.78645,-7.45829],[108.7869,-7.45829],[108.7869,-7.45784],[108.78726,-7.45784],[108.78726,-7.45766],[108.78735,-7.45766]]],[[[108.78672,-7.45747],[108.78672,-7.45748],[108.78672,-7.45766],[108.7869,-7.45766],[108.7869,-7.45784],[108.78645,-7.45784],[108.78644,-7.45784],[108.78644,-7.45747],[108.78645,-7.45747],[108.78654,-7.45747],[108.78672,-7.45747]]],[[[108.78872,-7.45649],[108.78872,-7.45604],[108.78918,-7.45604],[108.78918,-7.45649],[108.78963,-7.45649],[108.78963,-7.4565],[108.79008,-7.4565],[108.79008,-7.45695],[108.78963,-7.45695],[108.78962,-7.45695],[108.78962,-7.4574],[108.78917,-7.4574],[108.78916,-7.4574],[108.78872,-7.4574],[108.78871,-7.4574],[108.78826,-7.4574],[108.78826,-7.45739],[108.78799,-7.45739],[108.78798,-7.45739],[108.78798,-7.4573],[108.78781,-7.4573],[108.78781,-7.45712],[108.7878,-7.45712],[108.78763,-7.45712],[108.78735,-7.45712],[108.78735,-7.45694],[108.7878,-7.45694],[108.78781,-7.45694],[108.78781,-7.45649],[108.78826,-7.45649],[108.78827,-7.45649],[108.78871,-7.45649],[108.78872,-7.45649]]],[[[108.7851,-7.45557],[108.7851,-7.45602],[108.78555,-7.45602],[108.78555,-7.45648],[108.786,-7.45648],[108.786,-7.45693],[108.78618,-7.45693],[108.78618,-7.45711],[108.786,-7.45711],[108.786,-7.45738],[108.786,-7.45739],[108.78599,-7.45739],[108.78599,-7.45738],[108.78555,-7.45738],[108.78554,-7.45738],[108.78509,-7.45738],[108.78509,-7.45693],[108.78464,-7.45693],[108.78464,-7.45647],[108.78464,-7.45602],[108.78464,-7.45557],[108.78465,-7.45557],[108.7851,-7.45557]],[[108.7851,-7.45648],[108.7851,-7.45693],[108.78554,-7.45693],[108.78554,-7.45648],[108.7851,-7.45648]]],[[[108.78654,-7.45694],[108.78654,-7.45693],[108.7869,-7.45693],[108.7869,-7.45694],[108.78654,-7.45694]]],[[[108.78602,-7.45332],[108.78556,-7.45332],[108.78556,-7.45286],[108.78557,-7.45286],[108.78557,-7.45259],[108.78584,-7.45259],[108.78592,-7.45259],[108.78603,-7.45262],[108.78603,-7.45286],[108.78648,-7.45286],[108.78648,-7.45287],[108.78648,-7.45332],[108.78602,-7.45332]]],[[[108.78993,-7.48742],[108.78993,-7.48767],[108.79037,-7.48767],[108.79038,-7.48767],[108.79038,-7.48812],[108.79038,-7.48813],[108.79037,-7.48813],[108.78992,-7.48813],[108.78992,-7.48812],[108.78992,-7.48767],[108.7899,-7.48767],[108.78947,-7.48767],[108.78947,-7.48722],[108.78991,-7.48722],[108.78992,-7.48722],[108.78993,-7.48722],[108.78993,-7.48735],[108.78993,-7.48742]]],[[[108.78935,-7.48677],[108.78902,-7.48677],[108.78902,-7.48676],[108.78902,-7.48631],[108.78918,-7.48631],[108.78947,-7.48631],[108.78948,-7.48631],[108.78948,-7.48676],[108.78948,-7.48677],[108.78947,-7.48677],[108.78935,-7.48677]]],[[[108.7913,-7.48181],[108.7913,-7.4818],[108.79131,-7.4818],[108.79142,-7.4818],[108.79143,-7.4818],[108.79176,-7.4818],[108.79176,-7.48181],[108.79176,-7.48226],[108.79141,-7.48226],[108.79131,-7.48226],[108.7913,-7.48226],[108.7913,-7.48181]]],[[[108.78995,-7.48044],[108.78995,-7.47999],[108.78996,-7.47999],[108.79024,-7.47999],[108.79041,-7.47999],[108.79041,-7.48044],[108.79041,-7.48045],[108.79023,-7.48045],[108.78996,-7.48045],[108.78995,-7.48045],[108.78995,-7.48044]]],[[[108.79132,-7.47909],[108.79086,-7.47909],[108.79086,-7.47864],[108.79132,-7.47864],[108.79177,-7.47864],[108.79177,-7.47819],[108.79132,-7.47819],[108.79132,-7.47774],[108.79133,-7.47774],[108.79133,-7.47729],[108.79133,-7.47684],[108.79133,-7.47649],[108.7917,-7.47645],[108.79171,-7.47645],[108.79172,-7.47645],[108.79175,-7.47647],[108.79177,-7.47638],[108.79177,-7.47638],[108.79179,-7.47633],[108.79179,-7.47634],[108.79181,-7.47622],[108.79182,-7.47622],[108.79182,-7.47621],[108.79182,-7.4762],[108.79183,-7.4762],[108.79184,-7.4762],[108.79184,-7.47619],[108.79185,-7.47619],[108.79199,-7.47616],[108.792,-7.47615],[108.79203,-7.47605],[108.79201,-7.47601],[108.79201,-7.476],[108.79201,-7.47599],[108.79201,-7.47598],[108.79201,-7.47597],[108.79201,-7.47596],[108.79202,-7.47596],[108.79203,-7.47593],[108.79204,-7.47593],[108.79213,-7.47578],[108.79213,-7.47573],[108.79205,-7.47549],[108.79205,-7.47549],[108.79192,-7.47503],[108.79224,-7.47503],[108.79224,-7.47548],[108.79224,-7.47549],[108.79224,-7.47593],[108.79224,-7.47594],[108.79269,-7.47594],[108.79314,-7.47594],[108.79314,-7.47639],[108.79359,-7.47639],[108.79359,-7.47594],[108.79405,-7.47594],[108.79405,-7.4764],[108.7936,-7.4764],[108.7936,-7.47684],[108.7936,-7.47685],[108.79404,-7.47685],[108.79405,-7.47685],[108.79405,-7.4773],[108.79405,-7.47775],[108.79405,-7.47795],[108.7936,-7.47805],[108.7936,-7.47805],[108.7935,-7.47807],[108.79359,-7.47814],[108.79359,-7.47814],[108.7936,-7.47815],[108.7936,-7.47815],[108.7936,-7.47815],[108.79365,-7.47821],[108.79394,-7.47848],[108.79394,-7.47849],[108.79395,-7.4785],[108.794,-7.47865],[108.794,-7.47865],[108.79404,-7.47877],[108.79404,-7.47876],[108.79405,-7.47879],[108.79414,-7.4788],[108.79415,-7.4788],[108.79416,-7.4788],[108.79416,-7.47881],[108.79417,-7.47881],[108.7942,-7.47884],[108.79421,-7.47884],[108.79421,-7.47885],[108.7944,-7.47911],[108.79449,-7.47924],[108.79449,-7.47923],[108.79472,-7.47956],[108.79449,-7.47956],[108.79404,-7.47956],[108.79403,-7.47956],[108.79358,-7.47956],[108.79358,-7.47911],[108.79358,-7.47865],[108.79314,-7.47865],[108.79313,-7.47865],[108.79269,-7.47865],[108.79268,-7.47865],[108.79268,-7.4791],[108.79313,-7.4791],[108.79313,-7.47955],[108.79313,-7.47956],[108.79268,-7.47956],[108.79268,-7.48],[108.79268,-7.48001],[108.79222,-7.48001],[108.79222,-7.48],[108.79222,-7.47955],[108.79267,-7.47955],[108.79267,-7.4791],[108.79222,-7.4791],[108.79222,-7.47865],[108.79178,-7.47865],[108.79178,-7.4791],[108.79132,-7.4791],[108.79132,-7.47909]]],[[[108.79025,-7.47954],[108.78996,-7.47954],[108.78995,-7.47954],[108.78995,-7.47909],[108.78996,-7.47909],[108.79025,-7.47909],[108.79041,-7.47909],[108.79041,-7.47954],[108.79025,-7.47954]]],[[[108.78906,-7.47863],[108.78905,-7.47863],[108.78905,-7.47818],[108.78906,-7.47818],[108.78951,-7.47818],[108.78951,-7.47863],[108.78906,-7.47863]]],[[[108.79027,-7.47728],[108.79043,-7.47728],[108.79043,-7.47773],[108.79088,-7.47773],[108.79088,-7.47774],[108.79088,-7.47819],[108.79042,-7.47819],[108.79042,-7.47774],[108.79026,-7.47774],[108.78997,-7.47774],[108.78997,-7.47773],[108.78997,-7.47728],[108.79027,-7.47728]]],[[[108.78953,-7.47502],[108.78953,-7.47547],[108.78953,-7.47592],[108.78907,-7.47592],[108.78907,-7.47547],[108.78907,-7.47502],[108.78953,-7.47502]]],[[[108.79026,-7.47412],[108.79033,-7.47412],[108.79038,-7.47412],[108.79037,-7.47457],[108.79031,-7.47457],[108.78999,-7.47457],[108.78998,-7.47457],[108.78998,-7.47412],[108.78998,-7.47394],[108.78999,-7.47394],[108.79008,-7.47394],[108.79008,-7.47412],[108.79026,-7.47412]]],[[[108.78864,-7.47231],[108.78863,-7.47231],[108.78863,-7.47212],[108.78864,-7.47212],[108.78882,-7.47212],[108.78882,-7.47195],[108.78882,-7.47186],[108.78882,-7.47185],[108.78882,-7.4714],[108.78909,-7.4714],[108.7891,-7.4714],[108.78955,-7.4714],[108.78955,-7.47186],[108.78954,-7.47186],[108.78954,-7.47231],[108.78999,-7.47231],[108.78999,-7.47276],[108.79025,-7.47276],[108.78999,-7.47298],[108.78982,-7.47313],[108.78987,-7.47321],[108.78988,-7.47321],[108.78999,-7.47336],[108.79003,-7.4734],[108.78999,-7.4734],[108.78998,-7.4734],[108.78996,-7.4734],[108.7899,-7.4734],[108.7899,-7.47367],[108.78954,-7.47367],[108.78953,-7.47367],[108.78953,-7.47322],[108.78953,-7.47321],[108.78909,-7.47321],[108.78908,-7.47321],[108.78908,-7.47276],[108.78908,-7.47231],[108.78864,-7.47231]]],[[[108.79181,-7.47051],[108.79227,-7.47051],[108.79227,-7.47097],[108.79182,-7.47097],[108.79182,-7.47142],[108.79136,-7.47142],[108.79136,-7.47096],[108.79181,-7.47096],[108.79181,-7.47051]]],[[[108.79272,-7.47007],[108.79227,-7.47007],[108.79227,-7.46961],[108.79272,-7.46961],[108.79273,-7.46961],[108.79273,-7.47007],[108.79272,-7.47007]]],[[[108.79228,-7.46781],[108.79182,-7.46781],[108.79182,-7.4678],[108.79137,-7.4678],[108.79137,-7.46735],[108.79144,-7.46735],[108.79182,-7.46735],[108.79183,-7.46735],[108.792,-7.46735],[108.79201,-7.46735],[108.79228,-7.46735],[108.79228,-7.4678],[108.79228,-7.46781]]],[[[108.78866,-7.46734],[108.78866,-7.46688],[108.78912,-7.46688],[108.78912,-7.46734],[108.78866,-7.46734]]],[[[108.79184,-7.46555],[108.79184,-7.46599],[108.79184,-7.466],[108.79139,-7.466],[108.79139,-7.46644],[108.79184,-7.46644],[108.79184,-7.46645],[108.79184,-7.4669],[108.79138,-7.4669],[108.79116,-7.4669],[108.79115,-7.4669],[108.79092,-7.4669],[108.79092,-7.46648],[108.79092,-7.46647],[108.79092,-7.46644],[108.79093,-7.46644],[108.79093,-7.46599],[108.79138,-7.46599],[108.79138,-7.46554],[108.79184,-7.46554],[108.79184,-7.46509],[108.7923,-7.46509],[108.7923,-7.46555],[108.79184,-7.46555]]],[[[108.79094,-7.46463],[108.79094,-7.46509],[108.79049,-7.46509],[108.79049,-7.46554],[108.79003,-7.46554],[108.78957,-7.46554],[108.78957,-7.46553],[108.78957,-7.46508],[108.79003,-7.46508],[108.79003,-7.46463],[108.78958,-7.46463],[108.78958,-7.46418],[108.79003,-7.46418],[108.79004,-7.46418],[108.79049,-7.46418],[108.79049,-7.46463],[108.79094,-7.46463]]],[[[108.7923,-7.46239],[108.7923,-7.46238],[108.79186,-7.46238],[108.79185,-7.46238],[108.79185,-7.46193],[108.79185,-7.46148],[108.79141,-7.46148],[108.7914,-7.46148],[108.79096,-7.46148],[108.79096,-7.46192],[108.7914,-7.46192],[108.79141,-7.46192],[108.79141,-7.46193],[108.79141,-7.46238],[108.79141,-7.46283],[108.7914,-7.46283],[108.79095,-7.46283],[108.79095,-7.46238],[108.79095,-7.46193],[108.79051,-7.46193],[108.79051,-7.46237],[108.7905,-7.46237],[108.79005,-7.46237],[108.78959,-7.46237],[108.78959,-7.46192],[108.7896,-7.46192],[108.7896,-7.46147],[108.7896,-7.46102],[108.78915,-7.46102],[108.78915,-7.46101],[108.7887,-7.46101],[108.7887,-7.46056],[108.7887,-7.46011],[108.78915,-7.46011],[108.78915,-7.46056],[108.7896,-7.46056],[108.79005,-7.46056],[108.79006,-7.46056],[108.79006,-7.46102],[108.79006,-7.46147],[108.79006,-7.46192],[108.7905,-7.46192],[108.7905,-7.46147],[108.7905,-7.46102],[108.79095,-7.46102],[108.79096,-7.46102],[108.7914,-7.46102],[108.79141,-7.46102],[108.79141,-7.46057],[108.79186,-7.46057],[108.79186,-7.46013],[108.79186,-7.46012],[108.79186,-7.45967],[108.79141,-7.45967],[108.79141,-7.45922],[108.79142,-7.45922],[108.79142,-7.45877],[108.79142,-7.45876],[108.79188,-7.45876],[108.79188,-7.45877],[108.79188,-7.45922],[108.79233,-7.45922],[108.79233,-7.45967],[108.79277,-7.45967],[108.79278,-7.45967],[108.79323,-7.45967],[108.79323,-7.45968],[108.79323,-7.46013],[108.79367,-7.46013],[108.79368,-7.46013],[108.79413,-7.46013],[108.79413,-7.46058],[108.79413,-7.46059],[108.79367,-7.46059],[108.79367,-7.46058],[108.79323,-7.46058],[108.79323,-7.46103],[108.79367,-7.46103],[108.79368,-7.46103],[108.79413,-7.46103],[108.79413,-7.46104],[108.79413,-7.46149],[108.79413,-7.46194],[108.79458,-7.46194],[108.79458,-7.46239],[108.79503,-7.46239],[108.79503,-7.4624],[108.79547,-7.4624],[108.79548,-7.4624],[108.79548,-7.46195],[108.79548,-7.4615],[108.79594,-7.4615],[108.79594,-7.46195],[108.79594,-7.4624],[108.79593,-7.4624],[108.79593,-7.46285],[108.79593,-7.4633],[108.79593,-7.46331],[108.79547,-7.46331],[108.79547,-7.4633],[108.79502,-7.4633],[108.79457,-7.4633],[108.79457,-7.46375],[108.79411,-7.46375],[108.79366,-7.46375],[108.79365,-7.46375],[108.79321,-7.46375],[108.7932,-7.46375],[108.7932,-7.46374],[108.79276,-7.46374],[108.79276,-7.46419],[108.79321,-7.46419],[108.79321,-7.46465],[108.79365,-7.46465],[108.79365,-7.4642],[108.79366,-7.4642],[108.7941,-7.4642],[108.79411,-7.4642],[108.79456,-7.4642],[108.79456,-7.46465],[108.79411,-7.46465],[108.79411,-7.4651],[108.79411,-7.46555],[108.79456,-7.46555],[108.79456,-7.46556],[108.79456,-7.46601],[108.79501,-7.46601],[108.79501,-7.46646],[108.79456,-7.46646],[108.79456,-7.46691],[108.7941,-7.46691],[108.7941,-7.46646],[108.79365,-7.46646],[108.79365,-7.46601],[108.79365,-7.466],[108.7932,-7.466],[108.7932,-7.46555],[108.7932,-7.4651],[108.7932,-7.46465],[108.79276,-7.46465],[108.79275,-7.46465],[108.7923,-7.46465],[108.7923,-7.46464],[108.7923,-7.46419],[108.79185,-7.46419],[108.79185,-7.46374],[108.7923,-7.46374],[108.7923,-7.46329],[108.79185,-7.46329],[108.79185,-7.46283],[108.7923,-7.46283],[108.7923,-7.46239]],[[108.79277,-7.46013],[108.79277,-7.46058],[108.79322,-7.46058],[108.79322,-7.46013],[108.79278,-7.46013],[108.79277,-7.46013]],[[108.79286,-7.46194],[108.79286,-7.46203],[108.79276,-7.46203],[108.79267,-7.46203],[108.79267,-7.46221],[108.79231,-7.46221],[108.79231,-7.46238],[108.79231,-7.46239],[108.79231,-7.46256],[108.79249,-7.46256],[108.79249,-7.46257],[108.79231,-7.46257],[108.79231,-7.46283],[108.79231,-7.46284],[108.79231,-7.46293],[108.79249,-7.46293],[108.79249,-7.46311],[108.79275,-7.46311],[108.79276,-7.46311],[108.79285,-7.46311],[108.79285,-7.46284],[108.79285,-7.46275],[108.79276,-7.46275],[108.79275,-7.46275],[108.79267,-7.46275],[108.79267,-7.46274],[108.79275,-7.46274],[108.79276,-7.46274],[108.79285,-7.46274],[108.79285,-7.46257],[108.79303,-7.46257],[108.79303,-7.46239],[108.79304,-7.46239],[108.79321,-7.46239],[108.79339,-7.46239],[108.79339,-7.46203],[108.79322,-7.46203],[108.79322,-7.46194],[108.79322,-7.46185],[108.79321,-7.46185],[108.79286,-7.46185],[108.79286,-7.46193],[108.79286,-7.46194]],[[108.79455,-7.46601],[108.79411,-7.46601],[108.79411,-7.46646],[108.79455,-7.46646],[108.79455,-7.46601]]],[[[108.79095,-7.46373],[108.79095,-7.46418],[108.79049,-7.46418],[108.79049,-7.46373],[108.79004,-7.46373],[108.79004,-7.46328],[108.78959,-7.46328],[108.78959,-7.46282],[108.79004,-7.46282],[108.79005,-7.46282],[108.7905,-7.46282],[108.7905,-7.46328],[108.7905,-7.46373],[108.79095,-7.46373]]],[[[108.79141,-7.46057],[108.79095,-7.46057],[108.79095,-7.46012],[108.79141,-7.46012],[108.79141,-7.46057]]],[[[108.78943,-7.45893],[108.7896,-7.45893],[108.78961,-7.45893],[108.78979,-7.45893],[108.78979,-7.45876],[108.79006,-7.45876],[108.79006,-7.45921],[108.78961,-7.45921],[108.7896,-7.45921],[108.78915,-7.45921],[108.78915,-7.45893],[108.78943,-7.45893]]],[[[108.78825,-7.45875],[108.78852,-7.45875],[108.78852,-7.45893],[108.78871,-7.45893],[108.78871,-7.4592],[108.78825,-7.4592],[108.78825,-7.45875]]],[[[108.79006,-7.45785],[108.79052,-7.45785],[108.79052,-7.45786],[108.79052,-7.45831],[108.79052,-7.45876],[108.79006,-7.45876],[108.79006,-7.45831],[108.79006,-7.45786],[108.79006,-7.45785]]],[[[108.79233,-7.45741],[108.79234,-7.45741],[108.79279,-7.45741],[108.79279,-7.45787],[108.79234,-7.45787],[108.79234,-7.45832],[108.79188,-7.45832],[108.79188,-7.45787],[108.79188,-7.45786],[108.79188,-7.45741],[108.79233,-7.45741]]],[[[108.78853,-7.45785],[108.78853,-7.45784],[108.78871,-7.45784],[108.78871,-7.45785],[108.78871,-7.45803],[108.78853,-7.45803],[108.78853,-7.45785]]],[[[108.79488,-7.49176],[108.79533,-7.49176],[108.79533,-7.49191],[108.7949,-7.49191],[108.79488,-7.49191],[108.79488,-7.49176]]],[[[108.79522,-7.48],[108.79525,-7.47956],[108.79539,-7.47956],[108.7954,-7.47956],[108.7954,-7.48002],[108.79539,-7.48002],[108.79523,-7.48002],[108.79522,-7.48002],[108.79522,-7.48001],[108.79522,-7.48]]],[[[108.79675,-7.47957],[108.79675,-7.48002],[108.79675,-7.48003],[108.7963,-7.48003],[108.79629,-7.48003],[108.79629,-7.48002],[108.79629,-7.47957],[108.79585,-7.47957],[108.79584,-7.47957],[108.79584,-7.47912],[108.79585,-7.47912],[108.7963,-7.47912],[108.7963,-7.47957],[108.79675,-7.47957]]],[[[108.79631,-7.47822],[108.79585,-7.47822],[108.79585,-7.47776],[108.79631,-7.47776],[108.79631,-7.47822]]],[[[108.79269,-7.47504],[108.79269,-7.47458],[108.79315,-7.47458],[108.79315,-7.47504],[108.79269,-7.47504]]],[[[108.79315,-7.47414],[108.79315,-7.47368],[108.79361,-7.47368],[108.79361,-7.47414],[108.79315,-7.47414]]],[[[108.79634,-7.47189],[108.79588,-7.47189],[108.79588,-7.47144],[108.79634,-7.47144],[108.79634,-7.47189]]],[[[108.795,-7.47144],[108.79498,-7.47144],[108.79497,-7.47144],[108.79497,-7.47143],[108.79497,-7.47101],[108.79497,-7.47098],[108.79498,-7.47098],[108.79508,-7.47098],[108.79543,-7.47098],[108.79543,-7.47143],[108.79543,-7.47144],[108.795,-7.47144]]],[[[108.79363,-7.47097],[108.79362,-7.47097],[108.79317,-7.47097],[108.79317,-7.47052],[108.79362,-7.47052],[108.79363,-7.47052],[108.79363,-7.47097]]],[[[108.79499,-7.46962],[108.79499,-7.47008],[108.79453,-7.47008],[108.79453,-7.46962],[108.79423,-7.46962],[108.79408,-7.46962],[108.79408,-7.46938],[108.79408,-7.46917],[108.79454,-7.46917],[108.79454,-7.46962],[108.79499,-7.46962]]],[[[108.79318,-7.46872],[108.79318,-7.46871],[108.79318,-7.46832],[108.79318,-7.46826],[108.79318,-7.46781],[108.79318,-7.46736],[108.79364,-7.46736],[108.79364,-7.46781],[108.79364,-7.46826],[108.79364,-7.46865],[108.79364,-7.46866],[108.79364,-7.46871],[108.79364,-7.46872],[108.79364,-7.46917],[108.79363,-7.46917],[108.79363,-7.46962],[108.79408,-7.46962],[108.79408,-7.47007],[108.79363,-7.47007],[108.79362,-7.47007],[108.79362,-7.46962],[108.79317,-7.46962],[108.79317,-7.46917],[108.79317,-7.46916],[108.79318,-7.46916],[108.79318,-7.46872]]],[[[108.79591,-7.46827],[108.79591,-7.46828],[108.79545,-7.46828],[108.79545,-7.46827],[108.79545,-7.46782],[108.79591,-7.46782],[108.79591,-7.46827]]],[[[108.79409,-7.46782],[108.79409,-7.46736],[108.79455,-7.46736],[108.79455,-7.46782],[108.79409,-7.46782]]],[[[108.79546,-7.46692],[108.79546,-7.46647],[108.79546,-7.46646],[108.79591,-7.46646],[108.79591,-7.46647],[108.79591,-7.46692],[108.79546,-7.46692]]],[[[108.7932,-7.46691],[108.79274,-7.46691],[108.79274,-7.46645],[108.7932,-7.46645],[108.7932,-7.46691]]],[[[108.79546,-7.46511],[108.79546,-7.46466],[108.79592,-7.46466],[108.79592,-7.46511],[108.79546,-7.46511]]],[[[108.79546,-7.46421],[108.79546,-7.46376],[108.79546,-7.46375],[108.79592,-7.46375],[108.79592,-7.46376],[108.79592,-7.46421],[108.79546,-7.46421]]],[[[108.7964,-7.4615],[108.79639,-7.4615],[108.79594,-7.4615],[108.79594,-7.46105],[108.79639,-7.46105],[108.7964,-7.46105],[108.7964,-7.4615]]],[[[108.79594,-7.45969],[108.79639,-7.45969],[108.79639,-7.45924],[108.79685,-7.45924],[108.79685,-7.45969],[108.79685,-7.4597],[108.7964,-7.4597],[108.7964,-7.46014],[108.7964,-7.46015],[108.79639,-7.46015],[108.79594,-7.46015],[108.79594,-7.46014],[108.79594,-7.45969]]],[[[108.79594,-7.45969],[108.79549,-7.45969],[108.79549,-7.45924],[108.79594,-7.45924],[108.79594,-7.45969]]],[[[108.79413,-7.45923],[108.79414,-7.45923],[108.79459,-7.45923],[108.79459,-7.45968],[108.79414,-7.45968],[108.79413,-7.45968],[108.79368,-7.45968],[108.79368,-7.45923],[108.79413,-7.45923]]],[[[108.79687,-7.45472],[108.79687,-7.45428],[108.79687,-7.45427],[108.79643,-7.45427],[108.79642,-7.45427],[108.79642,-7.45382],[108.79598,-7.45382],[108.79598,-7.45427],[108.79597,-7.45427],[108.79552,-7.45427],[108.79552,-7.45382],[108.79597,-7.45382],[108.79597,-7.45337],[108.79643,-7.45337],[108.79643,-7.45382],[108.79687,-7.45382],[108.79687,-7.45337],[108.79688,-7.45337],[108.79733,-7.45337],[108.79778,-7.45337],[108.79778,-7.45293],[108.79778,-7.45292],[108.79733,-7.45292],[108.79733,-7.45247],[108.79688,-7.45247],[108.79688,-7.45202],[108.79688,-7.45201],[108.79688,-7.45156],[108.79689,-7.45156],[108.79689,-7.45131],[108.79709,-7.45114],[108.79712,-7.45111],[108.79711,-7.45111],[108.79719,-7.45103],[108.79735,-7.45098],[108.79735,-7.45111],[108.79735,-7.45157],[108.79734,-7.45157],[108.79734,-7.45201],[108.79734,-7.45202],[108.79779,-7.45202],[108.79779,-7.45157],[108.79779,-7.45112],[108.7978,-7.45112],[108.7978,-7.45087],[108.79815,-7.45082],[108.79826,-7.45081],[108.79826,-7.45112],[108.79825,-7.45112],[108.79825,-7.45157],[108.7987,-7.45157],[108.79915,-7.45157],[108.79915,-7.45112],[108.79961,-7.45112],[108.79961,-7.45158],[108.79916,-7.45158],[108.79916,-7.45203],[108.7996,-7.45203],[108.79961,-7.45203],[108.80006,-7.45203],[108.80006,-7.45248],[108.80006,-7.45293],[108.80051,-7.45293],[108.80051,-7.45294],[108.80051,-7.45339],[108.80005,-7.45339],[108.80005,-7.45384],[108.80005,-7.45393],[108.79995,-7.45393],[108.79995,-7.45411],[108.79959,-7.45411],[108.79959,-7.45384],[108.79959,-7.45338],[108.79915,-7.45338],[108.79915,-7.45383],[108.79914,-7.45383],[108.79914,-7.45428],[108.79959,-7.45428],[108.79959,-7.45429],[108.79959,-7.45447],[108.79977,-7.45447],[108.79977,-7.45465],[108.80004,-7.45465],[108.80005,-7.45465],[108.80013,-7.45465],[108.80013,-7.45447],[108.80014,-7.45447],[108.80014,-7.45429],[108.8005,-7.45429],[108.8005,-7.4543],[108.80049,-7.4543],[108.80049,-7.45447],[108.80049,-7.45448],[108.80031,-7.45448],[108.80031,-7.45474],[108.80031,-7.45483],[108.80049,-7.45483],[108.80049,-7.45502],[108.80031,-7.45502],[108.80031,-7.45519],[108.80031,-7.4552],[108.80031,-7.45556],[108.80049,-7.45556],[108.80049,-7.45564],[108.80049,-7.45565],[108.80094,-7.45565],[108.80094,-7.4561],[108.80139,-7.4561],[108.80139,-7.45565],[108.80185,-7.45565],[108.80185,-7.45611],[108.80139,-7.45611],[108.80139,-7.45655],[108.80139,-7.45656],[108.80139,-7.45701],[108.80094,-7.45701],[108.80093,-7.45701],[108.80093,-7.45745],[108.80093,-7.45746],[108.80139,-7.45746],[108.80139,-7.45791],[108.80093,-7.45791],[108.80093,-7.45836],[108.80138,-7.45836],[108.80138,-7.45881],[108.80183,-7.45881],[108.80183,-7.45927],[108.80228,-7.45927],[108.80228,-7.45972],[108.80228,-7.46017],[108.80183,-7.46017],[108.80138,-7.46017],[108.80138,-7.46059],[108.80138,-7.46062],[108.80151,-7.46062],[108.80182,-7.46062],[108.80183,-7.46062],[108.80228,-7.46062],[108.80228,-7.46077],[108.80228,-7.46087],[108.80228,-7.46108],[108.80183,-7.46108],[108.80182,-7.46108],[108.80137,-7.46108],[108.80137,-7.46069],[108.80137,-7.46062],[108.80105,-7.46062],[108.80092,-7.46062],[108.80092,-7.4606],[108.80092,-7.4605],[108.80092,-7.46017],[108.80092,-7.45972],[108.80047,-7.45972],[108.80047,-7.45926],[108.80047,-7.45881],[108.80002,-7.45881],[108.80002,-7.45836],[108.80002,-7.4579],[108.80003,-7.4579],[108.80003,-7.45745],[108.80048,-7.45745],[108.80048,-7.45701],[108.80048,-7.457],[108.80003,-7.457],[108.80003,-7.45655],[108.79958,-7.45655],[108.79958,-7.4561],[108.79913,-7.4561],[108.79913,-7.45609],[108.79912,-7.45609],[108.79912,-7.45564],[108.79913,-7.45564],[108.79958,-7.45564],[108.79958,-7.45519],[108.79958,-7.45474],[108.79914,-7.45474],[108.79913,-7.45474],[108.79869,-7.45474],[108.79868,-7.45474],[108.79823,-7.45474],[108.79823,-7.45473],[108.79778,-7.45473],[108.79777,-7.45473],[108.79733,-7.45473],[108.79733,-7.45518],[108.79732,-7.45518],[108.79688,-7.45518],[108.79688,-7.45563],[108.79687,-7.45563],[108.79642,-7.45563],[108.79596,-7.45563],[108.79596,-7.45517],[108.79642,-7.45517],[108.79642,-7.45472],[108.79687,-7.45472]],[[108.79887,-7.45266],[108.79887,-7.45248],[108.7987,-7.45248],[108.79869,-7.45248],[108.79851,-7.45248],[108.79851,-7.45284],[108.79869,-7.45284],[108.79869,-7.45293],[108.79869,-7.45302],[108.7987,-7.45302],[108.79888,-7.45302],[108.79888,-7.4532],[108.79914,-7.4532],[108.79915,-7.4532],[108.79924,-7.4532],[108.79924,-7.45302],[108.7996,-7.45302],[108.7996,-7.45338],[108.80005,-7.45338],[108.80005,-7.45294],[108.7996,-7.45294],[108.7996,-7.45293],[108.7996,-7.45284],[108.79978,-7.45284],[108.79978,-7.45248],[108.79961,-7.45248],[108.7996,-7.45248],[108.79942,-7.45248],[108.79942,-7.4523],[108.79915,-7.4523],[108.79906,-7.4523],[108.79906,-7.45248],[108.79888,-7.45248],[108.79888,-7.45266],[108.79887,-7.45266]],[[108.79825,-7.45247],[108.79869,-7.45247],[108.79869,-7.45202],[108.79825,-7.45202],[108.79825,-7.45247]],[[108.80093,-7.45655],[108.80093,-7.4561],[108.80049,-7.4561],[108.80049,-7.45655],[108.80093,-7.45655]]],[[[108.79859,-7.47236],[108.79859,-7.4719],[108.79905,-7.4719],[108.79905,-7.47236],[108.79859,-7.47236]]],[[[108.79723,-7.4719],[108.79754,-7.4719],[108.79769,-7.4719],[108.79769,-7.472],[108.79769,-7.47235],[108.79723,-7.47235],[108.79723,-7.4719]]],[[[108.79725,-7.46918],[108.79771,-7.46918],[108.79771,-7.46898],[108.79771,-7.46886],[108.79771,-7.46874],[108.79771,-7.46873],[108.79771,-7.46852],[108.79771,-7.46834],[108.79771,-7.46829],[108.79771,-7.46828],[108.79771,-7.46783],[108.79771,-7.46738],[108.79817,-7.46738],[108.79817,-7.46783],[108.79821,-7.46783],[108.79834,-7.46783],[108.79861,-7.46783],[108.79861,-7.46758],[108.79861,-7.46746],[108.79861,-7.46738],[108.79869,-7.46738],[108.79883,-7.46738],[108.79907,-7.46738],[108.79907,-7.46694],[108.7989,-7.46694],[108.79881,-7.46694],[108.79862,-7.46694],[108.79862,-7.46693],[108.79862,-7.46648],[108.79867,-7.46648],[108.79876,-7.46648],[108.79907,-7.46648],[108.79908,-7.46648],[108.79908,-7.46626],[108.79908,-7.4661],[108.79908,-7.46603],[108.79912,-7.46603],[108.79922,-7.46603],[108.79954,-7.46603],[108.79954,-7.46649],[108.79998,-7.46649],[108.79998,-7.46604],[108.80044,-7.46604],[108.80044,-7.46559],[108.80044,-7.46514],[108.80031,-7.46514],[108.80022,-7.46514],[108.79999,-7.46514],[108.79999,-7.46513],[108.79999,-7.46468],[108.80014,-7.46468],[108.80023,-7.46468],[108.80045,-7.46468],[108.80045,-7.46513],[108.8009,-7.46513],[108.8009,-7.46514],[108.80135,-7.46514],[108.80135,-7.46469],[108.8018,-7.46469],[108.8018,-7.46424],[108.80135,-7.46424],[108.8009,-7.46424],[108.80089,-7.46424],[108.80089,-7.46423],[108.80045,-7.46423],[108.80044,-7.46423],[108.80016,-7.46423],[108.80007,-7.46423],[108.8,-7.46423],[108.79999,-7.46423],[108.79999,-7.4638],[108.79999,-7.46378],[108.79999,-7.46333],[108.79999,-7.46332],[108.8,-7.46332],[108.80045,-7.46332],[108.80045,-7.46288],[108.80045,-7.46243],[108.80045,-7.46242],[108.80045,-7.46197],[108.80046,-7.46197],[108.80046,-7.46152],[108.80091,-7.46152],[108.80092,-7.46152],[108.80136,-7.46152],[108.80137,-7.46152],[108.80182,-7.46152],[108.80182,-7.46153],[108.80182,-7.46198],[108.80137,-7.46198],[108.80136,-7.46198],[108.80136,-7.46243],[108.80181,-7.46243],[108.80182,-7.46243],[108.80226,-7.46243],[108.80227,-7.46243],[108.80272,-7.46243],[108.80272,-7.46288],[108.80272,-7.46289],[108.80272,-7.46334],[108.80317,-7.46334],[108.80317,-7.46379],[108.80317,-7.46424],[108.80317,-7.46425],[108.80316,-7.46425],[108.80316,-7.4647],[108.80361,-7.4647],[108.80361,-7.46425],[108.80407,-7.46425],[108.80407,-7.4647],[108.80452,-7.4647],[108.80452,-7.46425],[108.80498,-7.46425],[108.80498,-7.46471],[108.80543,-7.46471],[108.80543,-7.46516],[108.80587,-7.46516],[108.80587,-7.46471],[108.80633,-7.46471],[108.80633,-7.46516],[108.80588,-7.46516],[108.80588,-7.46561],[108.80588,-7.46606],[108.80632,-7.46606],[108.80632,-7.46607],[108.80678,-7.46607],[108.80678,-7.46652],[108.80722,-7.46652],[108.80723,-7.46652],[108.80768,-7.46652],[108.80768,-7.46698],[108.80813,-7.46698],[108.80813,-7.46743],[108.80768,-7.46743],[108.80768,-7.46788],[108.80813,-7.46788],[108.80813,-7.46833],[108.80858,-7.46833],[108.80858,-7.46834],[108.80858,-7.46879],[108.80903,-7.46879],[108.80903,-7.46924],[108.80948,-7.46924],[108.80948,-7.46925],[108.80993,-7.46925],[108.80993,-7.4697],[108.80948,-7.4697],[108.80947,-7.4697],[108.80902,-7.4697],[108.80902,-7.47014],[108.80902,-7.47015],[108.80946,-7.47015],[108.80947,-7.47015],[108.80992,-7.47015],[108.80992,-7.4706],[108.81037,-7.4706],[108.81037,-7.47061],[108.81082,-7.47061],[108.81082,-7.47016],[108.81128,-7.47016],[108.81173,-7.47016],[108.81174,-7.47016],[108.81218,-7.47016],[108.81219,-7.47016],[108.81264,-7.47016],[108.81264,-7.46971],[108.81309,-7.46971],[108.8131,-7.46971],[108.8131,-7.47016],[108.8131,-7.47017],[108.81355,-7.47017],[108.81355,-7.47062],[108.8131,-7.47062],[108.81309,-7.47062],[108.81264,-7.47062],[108.81219,-7.47062],[108.81218,-7.47062],[108.81173,-7.47062],[108.81173,-7.47106],[108.81173,-7.47151],[108.81173,-7.47152],[108.81218,-7.47152],[108.81218,-7.47197],[108.81173,-7.47197],[108.81172,-7.47197],[108.81128,-7.47197],[108.81127,-7.47197],[108.81127,-7.47242],[108.81172,-7.47242],[108.81172,-7.47287],[108.81172,-7.47332],[108.81172,-7.47377],[108.81216,-7.47377],[108.81216,-7.47333],[108.81216,-7.47332],[108.81262,-7.47332],[108.81262,-7.47333],[108.81262,-7.47378],[108.81217,-7.47378],[108.81217,-7.47423],[108.81171,-7.47423],[108.81171,-7.47378],[108.81126,-7.47378],[108.81126,-7.47377],[108.81126,-7.47332],[108.81126,-7.47287],[108.81126,-7.47242],[108.81082,-7.47242],[108.81082,-7.47287],[108.81036,-7.47287],[108.81036,-7.47242],[108.81036,-7.47241],[108.80991,-7.47241],[108.80991,-7.47196],[108.80946,-7.47196],[108.80946,-7.47241],[108.80946,-7.47286],[108.80901,-7.47286],[108.80901,-7.47331],[108.80946,-7.47331],[108.80946,-7.47376],[108.809,-7.47376],[108.809,-7.47331],[108.80856,-7.47331],[108.80855,-7.47331],[108.80855,-7.47376],[108.8081,-7.47376],[108.8081,-7.47421],[108.80855,-7.47421],[108.80855,-7.47466],[108.80854,-7.47466],[108.80854,-7.47511],[108.80808,-7.47511],[108.80808,-7.47466],[108.80763,-7.47466],[108.80763,-7.47421],[108.80764,-7.47421],[108.80764,-7.47376],[108.80764,-7.47375],[108.80764,-7.47331],[108.80764,-7.4733],[108.8072,-7.4733],[108.80719,-7.4733],[108.80674,-7.4733],[108.80674,-7.47375],[108.80674,-7.4742],[108.80719,-7.4742],[108.80719,-7.47466],[108.80673,-7.47466],[108.80673,-7.4751],[108.80673,-7.47511],[108.80673,-7.47556],[108.80718,-7.47556],[108.80718,-7.47601],[108.80672,-7.47601],[108.80672,-7.47556],[108.80628,-7.47556],[108.80628,-7.476],[108.80628,-7.47601],[108.80628,-7.47646],[108.80627,-7.47646],[108.80582,-7.47646],[108.80582,-7.47601],[108.80582,-7.476],[108.80582,-7.47556],[108.80582,-7.47555],[108.80582,-7.4751],[108.80537,-7.4751],[108.80537,-7.47465],[108.80492,-7.47465],[108.80492,-7.4751],[108.80447,-7.4751],[108.80447,-7.47465],[108.80447,-7.47464],[108.80447,-7.47419],[108.80402,-7.47419],[108.80357,-7.47419],[108.80357,-7.47374],[108.80357,-7.47373],[108.80357,-7.47329],[108.80357,-7.47328],[108.80312,-7.47328],[108.80267,-7.47328],[108.80267,-7.47373],[108.80222,-7.47373],[108.80221,-7.47373],[108.80176,-7.47373],[108.80176,-7.47327],[108.80131,-7.47327],[108.80131,-7.47282],[108.80177,-7.47282],[108.80177,-7.47327],[108.80222,-7.47327],[108.80222,-7.47328],[108.80266,-7.47328],[108.80266,-7.47283],[108.80266,-7.47237],[108.80222,-7.47237],[108.80221,-7.47237],[108.80221,-7.47192],[108.80222,-7.47192],[108.80267,-7.47192],[108.80267,-7.47147],[108.80222,-7.47147],[108.80177,-7.47147],[108.80176,-7.47147],[108.80176,-7.47102],[108.80132,-7.47102],[108.80131,-7.47102],[108.80131,-7.47101],[108.80087,-7.47101],[108.80086,-7.47101],[108.80086,-7.47056],[108.80042,-7.47056],[108.80041,-7.47056],[108.80041,-7.47011],[108.80041,-7.4701],[108.80041,-7.46965],[108.80042,-7.46965],[108.80087,-7.46965],[108.80087,-7.46921],[108.80087,-7.4692],[108.80042,-7.4692],[108.80042,-7.46875],[108.80042,-7.4683],[108.79998,-7.4683],[108.79997,-7.4683],[108.79997,-7.46875],[108.79951,-7.46875],[108.79951,-7.46874],[108.79907,-7.46874],[108.79907,-7.46919],[108.79906,-7.46919],[108.79862,-7.46919],[108.79861,-7.46919],[108.79817,-7.46919],[108.79817,-7.46964],[108.79816,-7.46964],[108.79816,-7.47009],[108.79861,-7.47009],[108.79861,-7.47055],[108.79815,-7.47055],[108.79815,-7.47009],[108.7977,-7.47009],[108.7977,-7.4697],[108.7977,-7.46964],[108.79764,-7.46964],[108.79725,-7.46964],[108.79725,-7.46919],[108.79725,-7.46918]],[[108.80135,-7.46559],[108.8018,-7.46559],[108.8018,-7.46514],[108.80135,-7.46514],[108.80135,-7.46559]],[[108.80361,-7.46515],[108.80315,-7.46515],[108.80315,-7.4647],[108.80271,-7.4647],[108.80271,-7.46515],[108.8027,-7.46515],[108.8027,-7.4656],[108.80316,-7.4656],[108.80316,-7.46605],[108.8027,-7.46605],[108.8027,-7.4665],[108.80315,-7.4665],[108.8036,-7.4665],[108.8036,-7.46605],[108.80406,-7.46605],[108.80406,-7.46561],[108.80406,-7.4656],[108.80451,-7.4656],[108.80451,-7.46516],[108.80406,-7.46516],[108.80406,-7.46515],[108.80406,-7.4647],[108.80361,-7.4647],[108.80361,-7.46515]],[[108.80492,-7.47419],[108.80492,-7.47374],[108.80447,-7.47374],[108.80447,-7.47419],[108.80492,-7.47419]],[[108.81127,-7.47151],[108.81127,-7.47106],[108.81083,-7.47106],[108.81083,-7.47151],[108.81127,-7.47151]],[[108.80133,-7.4683],[108.80133,-7.46875],[108.80178,-7.46875],[108.80178,-7.46831],[108.80178,-7.4683],[108.80178,-7.46785],[108.80134,-7.46785],[108.80134,-7.4683],[108.80133,-7.4683]],[[108.80131,-7.47011],[108.80087,-7.47011],[108.80087,-7.47056],[108.80131,-7.47056],[108.80131,-7.47011]],[[108.80225,-7.46379],[108.80226,-7.46379],[108.80226,-7.46334],[108.80181,-7.46334],[108.80181,-7.46378],[108.80181,-7.46379],[108.80225,-7.46379]],[[108.80497,-7.46471],[108.80452,-7.46471],[108.80452,-7.46515],[108.80497,-7.46515],[108.80497,-7.46471]],[[108.8045,-7.46787],[108.80406,-7.46787],[108.80406,-7.46831],[108.8045,-7.46831],[108.80451,-7.46831],[108.80451,-7.46832],[108.80451,-7.46877],[108.80495,-7.46877],[108.80496,-7.46877],[108.8054,-7.46877],[108.8054,-7.46832],[108.80495,-7.46832],[108.80495,-7.46787],[108.80451,-7.46787],[108.8045,-7.46787]],[[108.80766,-7.46923],[108.80766,-7.46879],[108.80766,-7.46878],[108.80766,-7.46833],[108.80722,-7.46833],[108.80722,-7.46878],[108.80721,-7.46878],[108.80721,-7.46923],[108.80766,-7.46923]],[[108.80765,-7.47014],[108.80721,-7.47014],[108.80721,-7.47059],[108.80765,-7.47059],[108.80765,-7.47014]],[[108.8072,-7.47239],[108.8072,-7.4724],[108.80765,-7.4724],[108.8081,-7.4724],[108.8081,-7.47195],[108.80766,-7.47195],[108.80765,-7.47195],[108.80721,-7.47195],[108.8072,-7.47195],[108.8072,-7.47239]],[[108.80539,-7.47284],[108.80538,-7.47284],[108.80538,-7.47329],[108.80583,-7.47329],[108.80583,-7.47284],[108.80539,-7.47284]],[[108.80314,-7.46967],[108.80359,-7.46967],[108.80404,-7.46967],[108.80405,-7.46967],[108.80449,-7.46967],[108.80449,-7.46922],[108.80404,-7.46922],[108.80404,-7.46877],[108.80405,-7.46877],[108.80405,-7.46832],[108.8036,-7.46832],[108.8036,-7.46876],[108.8036,-7.46877],[108.8036,-7.46922],[108.80314,-7.46922],[108.80314,-7.46966],[108.80314,-7.46967]],[[108.80267,-7.47193],[108.80267,-7.47237],[108.80312,-7.47237],[108.80312,-7.47193],[108.80267,-7.47193]],[[108.80223,-7.46921],[108.80223,-7.46966],[108.80268,-7.46966],[108.80268,-7.46921],[108.80224,-7.46921],[108.80223,-7.46921]],[[108.80405,-7.46786],[108.80405,-7.46741],[108.8036,-7.46741],[108.8036,-7.46786],[108.80405,-7.46786]],[[108.80628,-7.47465],[108.80673,-7.47465],[108.80673,-7.4742],[108.80629,-7.4742],[108.80628,-7.4742],[108.80628,-7.47465]],[[108.80676,-7.47104],[108.80676,-7.47149],[108.8072,-7.47149],[108.8072,-7.47104],[108.80676,-7.47104]],[[108.80631,-7.46923],[108.80631,-7.46968],[108.80675,-7.46968],[108.80675,-7.46924],[108.80675,-7.46923],[108.80631,-7.46923]],[[108.80631,-7.46742],[108.80631,-7.46697],[108.80587,-7.46697],[108.80587,-7.46742],[108.80631,-7.46742]],[[108.80721,-7.46788],[108.80722,-7.46788],[108.80722,-7.46743],[108.80677,-7.46743],[108.80677,-7.46787],[108.80677,-7.46788],[108.80721,-7.46788]],[[108.80946,-7.47151],[108.80901,-7.47151],[108.80901,-7.4715],[108.80901,-7.47105],[108.80901,-7.4706],[108.80856,-7.4706],[108.80811,-7.4706],[108.80811,-7.47104],[108.80811,-7.47105],[108.80856,-7.47105],[108.80856,-7.4715],[108.80856,-7.47195],[108.809,-7.47195],[108.80901,-7.47195],[108.80946,-7.47195],[108.80946,-7.47151]],[[108.80992,-7.47151],[108.81036,-7.47151],[108.81037,-7.47151],[108.81037,-7.47106],[108.80992,-7.47106],[108.80992,-7.4715],[108.80992,-7.47151]],[[108.809,-7.47241],[108.80856,-7.47241],[108.80856,-7.47285],[108.809,-7.47285],[108.809,-7.47241]],[[108.80856,-7.46969],[108.80856,-7.46924],[108.80812,-7.46924],[108.80812,-7.46969],[108.80856,-7.46969]]],[[[108.79725,-7.47054],[108.79679,-7.47054],[108.79679,-7.47037],[108.79679,-7.47026],[108.79679,-7.47009],[108.79703,-7.47009],[108.79718,-7.47009],[108.79725,-7.47009],[108.79725,-7.47054]]],[[[108.79681,-7.46929],[108.79681,-7.46963],[108.79646,-7.46963],[108.79635,-7.46963],[108.79635,-7.46961],[108.79635,-7.46918],[108.79635,-7.46873],[108.79681,-7.46873],[108.79681,-7.46918],[108.79681,-7.46925],[108.79681,-7.46929]]],[[[108.79817,-7.46693],[108.79771,-7.46693],[108.79771,-7.46648],[108.79817,-7.46648],[108.79817,-7.46693]]],[[[108.79817,-7.46603],[108.79817,-7.46558],[108.79817,-7.46557],[108.79863,-7.46557],[108.79863,-7.46558],[108.79863,-7.46603],[108.79817,-7.46603]]],[[[108.79818,-7.46467],[108.79773,-7.46467],[108.79773,-7.46422],[108.79773,-7.46377],[108.79818,-7.46377],[108.79819,-7.46377],[108.79864,-7.46377],[108.79864,-7.46422],[108.79864,-7.46467],[108.79864,-7.46513],[108.79818,-7.46513],[108.79818,-7.46467]]],[[[108.79683,-7.46376],[108.79683,-7.46331],[108.79638,-7.46331],[108.79638,-7.46286],[108.79683,-7.46286],[108.79684,-7.46286],[108.79729,-7.46286],[108.79729,-7.46331],[108.79729,-7.46376],[108.79683,-7.46376]]],[[[108.79819,-7.46332],[108.79774,-7.46332],[108.79774,-7.46286],[108.79819,-7.46286],[108.7982,-7.46286],[108.7982,-7.46332],[108.79819,-7.46332]]],[[[108.79868,-7.45609],[108.79823,-7.45609],[108.79822,-7.45609],[108.79822,-7.45564],[108.79823,-7.45564],[108.79868,-7.45564],[108.79868,-7.45609]]],[[[108.80171,-7.48366],[108.80216,-7.48366],[108.80216,-7.48412],[108.80171,-7.48412],[108.80171,-7.48457],[108.8017,-7.48457],[108.80125,-7.48457],[108.80125,-7.48412],[108.80125,-7.48411],[108.80125,-7.48366],[108.8008,-7.48366],[108.8008,-7.48321],[108.8008,-7.48276],[108.80126,-7.48276],[108.80126,-7.48321],[108.80171,-7.48321],[108.80171,-7.48366]]],[[[108.80035,-7.4823],[108.80035,-7.48185],[108.80081,-7.48185],[108.80081,-7.4823],[108.80035,-7.4823]]],[[[108.80127,-7.4814],[108.80081,-7.4814],[108.80081,-7.48095],[108.80127,-7.48095],[108.80127,-7.4814]]],[[[108.80127,-7.48095],[108.80127,-7.4805],[108.80173,-7.4805],[108.80173,-7.48095],[108.80127,-7.48095]]],[[[108.80083,-7.47959],[108.80083,-7.48005],[108.80082,-7.48005],[108.80082,-7.4805],[108.80036,-7.4805],[108.80036,-7.48004],[108.80037,-7.48004],[108.80037,-7.47959],[108.80083,-7.47959]]],[[[108.80037,-7.47914],[108.80037,-7.47869],[108.80083,-7.47869],[108.80083,-7.47914],[108.80037,-7.47914]]],[[[108.79947,-7.47823],[108.79947,-7.47778],[108.79993,-7.47778],[108.79993,-7.47823],[108.79947,-7.47823]]],[[[108.79903,-7.47507],[108.79903,-7.47462],[108.79903,-7.47461],[108.79949,-7.47461],[108.79949,-7.47462],[108.79994,-7.47462],[108.79994,-7.47507],[108.79949,-7.47507],[108.79948,-7.47507],[108.79903,-7.47507]]],[[[108.79951,-7.4701],[108.79906,-7.4701],[108.79906,-7.46965],[108.79951,-7.46965],[108.79952,-7.46965],[108.79952,-7.4701],[108.79951,-7.4701]]],[[[108.79955,-7.46378],[108.79909,-7.46378],[108.79909,-7.46377],[108.79909,-7.46332],[108.79955,-7.46332],[108.79955,-7.46377],[108.79955,-7.46378]]],[[[108.80003,-7.45745],[108.79958,-7.45745],[108.79958,-7.457],[108.80003,-7.457],[108.80003,-7.45745]]],[[[108.80141,-7.45475],[108.80186,-7.45475],[108.80186,-7.4552],[108.8014,-7.4552],[108.8014,-7.45475],[108.80095,-7.45475],[108.80095,-7.45429],[108.80141,-7.45429],[108.80141,-7.45475]]],[[[108.80095,-7.45294],[108.80141,-7.45294],[108.80141,-7.45339],[108.80141,-7.45384],[108.80141,-7.45385],[108.80095,-7.45385],[108.80095,-7.45384],[108.80095,-7.45339],[108.80095,-7.45294]]],[[[108.80146,-7.45143],[108.80148,-7.45143],[108.80167,-7.45159],[108.80187,-7.45175],[108.80223,-7.45204],[108.80232,-7.45211],[108.80275,-7.45246],[108.80277,-7.45244],[108.80277,-7.4525],[108.80231,-7.4525],[108.80231,-7.45249],[108.80186,-7.45249],[108.80186,-7.45204],[108.80142,-7.45204],[108.80142,-7.45249],[108.80141,-7.45249],[108.80096,-7.45249],[108.80096,-7.45204],[108.80096,-7.45158],[108.80141,-7.45158],[108.80141,-7.4514],[108.80143,-7.45141],[108.80146,-7.45143]]],[[[108.80051,-7.4511],[108.80051,-7.45111],[108.80051,-7.45113],[108.80006,-7.45113],[108.80006,-7.45099],[108.80051,-7.4511]]],[[[108.80527,-7.49723],[108.80527,-7.49724],[108.80571,-7.49724],[108.80572,-7.49724],[108.80617,-7.49724],[108.80617,-7.49769],[108.80572,-7.49769],[108.80571,-7.49769],[108.80526,-7.49769],[108.80526,-7.49814],[108.80571,-7.49814],[108.80571,-7.49839],[108.80564,-7.49838],[108.8054,-7.49831],[108.80525,-7.49819],[108.80525,-7.49814],[108.80519,-7.49814],[108.80506,-7.49793],[108.80498,-7.4977],[108.80497,-7.49769],[108.80497,-7.49768],[108.80498,-7.49768],[108.80493,-7.4975],[108.80493,-7.49724],[108.80493,-7.49723],[108.80493,-7.49709],[108.80497,-7.49678],[108.80527,-7.49678],[108.80527,-7.49723]]],[[[108.80516,-7.49588],[108.80527,-7.49548],[108.80528,-7.49548],[108.80528,-7.49588],[108.80572,-7.49588],[108.80573,-7.49588],[108.80617,-7.49588],[108.80617,-7.49544],[108.80617,-7.49543],[108.80572,-7.49543],[108.80572,-7.49498],[108.80617,-7.49498],[108.80617,-7.49453],[108.80618,-7.49453],[108.80662,-7.49453],[108.80663,-7.49453],[108.80663,-7.49408],[108.80618,-7.49408],[108.80618,-7.49363],[108.80581,-7.49363],[108.80591,-7.49327],[108.80593,-7.49317],[108.80596,-7.49306],[108.80598,-7.49286],[108.80595,-7.49272],[108.80619,-7.49272],[108.80619,-7.49227],[108.80664,-7.49227],[108.80664,-7.49182],[108.80665,-7.49182],[108.80665,-7.49137],[108.8062,-7.49137],[108.8062,-7.49182],[108.80575,-7.49182],[108.80574,-7.49182],[108.80574,-7.49227],[108.80529,-7.49227],[108.80528,-7.49227],[108.80518,-7.49227],[108.80493,-7.4922],[108.80483,-7.49214],[108.80483,-7.49213],[108.80474,-7.49208],[108.80461,-7.49192],[108.80456,-7.49181],[108.80483,-7.49181],[108.80483,-7.49136],[108.80484,-7.49136],[108.80484,-7.49091],[108.80439,-7.49091],[108.80439,-7.49136],[108.80439,-7.49138],[108.80438,-7.49136],[108.80433,-7.4912],[108.80424,-7.4909],[108.80438,-7.4909],[108.80438,-7.49045],[108.80439,-7.49045],[108.80439,-7.49001],[108.80439,-7.49],[108.80396,-7.49],[108.80394,-7.48996],[108.80394,-7.48995],[108.80385,-7.48973],[108.80375,-7.48955],[108.80374,-7.48953],[108.80359,-7.48937],[108.80349,-7.48932],[108.80349,-7.4891],[108.80304,-7.4891],[108.80304,-7.48909],[108.80258,-7.48909],[108.80258,-7.48864],[108.80304,-7.48864],[108.80304,-7.48819],[108.80349,-7.48819],[108.8035,-7.48819],[108.8035,-7.48774],[108.80395,-7.48774],[108.80395,-7.48729],[108.80441,-7.48729],[108.80441,-7.48774],[108.80441,-7.48819],[108.80441,-7.4882],[108.80441,-7.48865],[108.80485,-7.48865],[108.80486,-7.48865],[108.8053,-7.48865],[108.8053,-7.4882],[108.8053,-7.48775],[108.8053,-7.4873],[108.80531,-7.4873],[108.80531,-7.48685],[108.80486,-7.48685],[108.80485,-7.48685],[108.80485,-7.48684],[108.80485,-7.48639],[108.80486,-7.48639],[108.80486,-7.48594],[108.80531,-7.48594],[108.80531,-7.48549],[108.80577,-7.48549],[108.80577,-7.48594],[108.80532,-7.48594],[108.80532,-7.48639],[108.80531,-7.48639],[108.80531,-7.48684],[108.80576,-7.48684],[108.80576,-7.4864],[108.80576,-7.48639],[108.80622,-7.48639],[108.80622,-7.4864],[108.80667,-7.4864],[108.80667,-7.48685],[108.80712,-7.48685],[108.80712,-7.48666],[108.80712,-7.4864],[108.80757,-7.4864],[108.80758,-7.4864],[108.80758,-7.48601],[108.80758,-7.486],[108.80758,-7.48595],[108.80738,-7.48595],[108.80713,-7.48595],[108.80713,-7.48589],[108.80713,-7.48588],[108.80713,-7.4855],[108.80713,-7.48505],[108.80713,-7.4846],[108.80668,-7.4846],[108.80668,-7.48459],[108.80668,-7.48414],[108.80623,-7.48414],[108.80623,-7.48369],[108.80578,-7.48369],[108.80578,-7.48323],[108.80533,-7.48323],[108.80533,-7.48278],[108.80579,-7.48278],[108.80579,-7.48233],[108.80624,-7.48233],[108.80624,-7.48278],[108.80669,-7.48278],[108.80669,-7.48233],[108.80714,-7.48233],[108.80714,-7.48188],[108.8076,-7.48188],[108.8076,-7.48172],[108.8076,-7.48144],[108.8076,-7.48143],[108.8076,-7.48098],[108.80805,-7.48098],[108.80806,-7.48098],[108.80851,-7.48098],[108.80851,-7.48054],[108.80806,-7.48054],[108.80806,-7.48053],[108.80761,-7.48053],[108.80761,-7.48008],[108.80806,-7.48008],[108.80807,-7.48008],[108.80852,-7.48008],[108.80852,-7.48054],[108.80896,-7.48054],[108.80897,-7.48054],[108.80942,-7.48054],[108.80942,-7.48099],[108.80942,-7.48144],[108.80896,-7.48144],[108.80896,-7.48099],[108.80851,-7.48099],[108.80851,-7.48144],[108.80851,-7.48189],[108.80851,-7.4819],[108.80851,-7.48234],[108.8085,-7.48234],[108.8085,-7.48279],[108.8085,-7.4828],[108.80804,-7.4828],[108.80804,-7.48279],[108.8079,-7.48279],[108.8076,-7.48279],[108.8076,-7.48324],[108.80784,-7.48324],[108.80785,-7.48324],[108.80804,-7.48324],[108.80805,-7.48324],[108.8085,-7.48324],[108.8085,-7.48325],[108.80895,-7.48325],[108.80895,-7.4828],[108.8094,-7.4828],[108.8094,-7.48235],[108.80986,-7.48235],[108.80986,-7.4828],[108.81031,-7.4828],[108.81031,-7.48235],[108.81076,-7.48235],[108.81077,-7.48235],[108.81122,-7.48235],[108.81122,-7.48281],[108.81077,-7.48281],[108.81076,-7.48281],[108.81031,-7.48281],[108.81031,-7.48325],[108.81077,-7.48325],[108.81077,-7.48326],[108.81122,-7.48326],[108.81122,-7.48371],[108.81166,-7.48371],[108.81167,-7.48371],[108.81167,-7.48326],[108.81213,-7.48326],[108.81213,-7.48372],[108.81212,-7.48372],[108.81212,-7.48417],[108.81257,-7.48417],[108.81302,-7.48417],[108.81302,-7.48372],[108.81348,-7.48372],[108.81393,-7.48372],[108.81394,-7.48372],[108.81394,-7.48418],[108.81438,-7.48418],[108.81438,-7.48373],[108.81483,-7.48373],[108.81484,-7.48373],[108.81529,-7.48373],[108.81529,-7.48418],[108.81529,-7.48463],[108.81529,-7.48464],[108.81529,-7.48508],[108.81529,-7.48509],[108.81573,-7.48509],[108.81574,-7.48509],[108.81574,-7.48554],[108.81618,-7.48554],[108.81618,-7.48509],[108.81619,-7.48509],[108.81663,-7.48509],[108.81664,-7.48509],[108.81679,-7.48509],[108.81664,-7.48527],[108.81664,-7.48527],[108.81663,-7.48528],[108.8165,-7.48538],[108.81632,-7.48551],[108.81621,-7.48555],[108.81619,-7.48555],[108.81619,-7.48556],[108.81609,-7.48558],[108.81574,-7.48561],[108.81574,-7.48561],[108.81573,-7.48561],[108.81557,-7.48562],[108.81552,-7.48562],[108.81528,-7.4856],[108.81496,-7.48558],[108.81482,-7.48557],[108.81482,-7.48557],[108.81476,-7.48556],[108.81451,-7.48554],[108.81451,-7.48554],[108.81437,-7.48552],[108.81437,-7.48552],[108.81432,-7.48551],[108.81408,-7.48552],[108.81403,-7.48553],[108.81392,-7.48558],[108.81392,-7.48557],[108.81392,-7.48553],[108.81347,-7.48553],[108.81347,-7.48598],[108.81347,-7.48643],[108.81346,-7.48643],[108.81346,-7.48688],[108.81383,-7.48688],[108.81391,-7.4871],[108.81401,-7.48734],[108.814,-7.48734],[108.81391,-7.48734],[108.81391,-7.48779],[108.81415,-7.48779],[108.81416,-7.48779],[108.8142,-7.48793],[108.81413,-7.48825],[108.81391,-7.48825],[108.81391,-7.48869],[108.81403,-7.48869],[108.81403,-7.4887],[108.81394,-7.48915],[108.8139,-7.48915],[108.8139,-7.48931],[108.81386,-7.48952],[108.81384,-7.4896],[108.81382,-7.48971],[108.81374,-7.49004],[108.81375,-7.49005],[108.81374,-7.49005],[108.81345,-7.49005],[108.81345,-7.4905],[108.81389,-7.4905],[108.8139,-7.4905],[108.8139,-7.4904],[108.81391,-7.49042],[108.81395,-7.4905],[108.81408,-7.49077],[108.81408,-7.49096],[108.81407,-7.49096],[108.81389,-7.49096],[108.81389,-7.49095],[108.81345,-7.49095],[108.81344,-7.49095],[108.81299,-7.49095],[108.81254,-7.49095],[108.81254,-7.4914],[108.81299,-7.4914],[108.81299,-7.49185],[108.81254,-7.49185],[108.81253,-7.49185],[108.81208,-7.49185],[108.81208,-7.4923],[108.81253,-7.4923],[108.81253,-7.49275],[108.81253,-7.49321],[108.81297,-7.49321],[108.81297,-7.49276],[108.81343,-7.49276],[108.81343,-7.49321],[108.81298,-7.49321],[108.81298,-7.49366],[108.81342,-7.49366],[108.81343,-7.49366],[108.81387,-7.49366],[108.81388,-7.49366],[108.81388,-7.49321],[108.81414,-7.49321],[108.81415,-7.49328],[108.81427,-7.49366],[108.81427,-7.49366],[108.81433,-7.49385],[108.81433,-7.49412],[108.81433,-7.49457],[108.81433,-7.49502],[108.81387,-7.49502],[108.81387,-7.49547],[108.81342,-7.49547],[108.81341,-7.49547],[108.81297,-7.49547],[108.81297,-7.49592],[108.81342,-7.49592],[108.81342,-7.49637],[108.81387,-7.49637],[108.81387,-7.49682],[108.81387,-7.49683],[108.81432,-7.49683],[108.81432,-7.49728],[108.81433,-7.49728],[108.81431,-7.49734],[108.81431,-7.49728],[108.81387,-7.49728],[108.81386,-7.49728],[108.81342,-7.49728],[108.81341,-7.49728],[108.81341,-7.49773],[108.81295,-7.49773],[108.81295,-7.49727],[108.81251,-7.49727],[108.8125,-7.49727],[108.81206,-7.49727],[108.81205,-7.49727],[108.81205,-7.49772],[108.8116,-7.49772],[108.81159,-7.49772],[108.81115,-7.49772],[108.81114,-7.49772],[108.81114,-7.49817],[108.81114,-7.49862],[108.81114,-7.49907],[108.81159,-7.49907],[108.81159,-7.49953],[108.81189,-7.49953],[108.81183,-7.49962],[108.81163,-7.49983],[108.81159,-7.49986],[108.81158,-7.49986],[108.81158,-7.49953],[108.81113,-7.49953],[108.81113,-7.49907],[108.81068,-7.49907],[108.81068,-7.49862],[108.81068,-7.49817],[108.81023,-7.49817],[108.81023,-7.49861],[108.81023,-7.49862],[108.81023,-7.49907],[108.80978,-7.49907],[108.80978,-7.49862],[108.80978,-7.49861],[108.80933,-7.49861],[108.80933,-7.49816],[108.80978,-7.49816],[108.81023,-7.49816],[108.81023,-7.49771],[108.81023,-7.49726],[108.80979,-7.49726],[108.80978,-7.49726],[108.80933,-7.49726],[108.80933,-7.49681],[108.80933,-7.4968],[108.80915,-7.4968],[108.80889,-7.4968],[108.80888,-7.4968],[108.80867,-7.4968],[108.80865,-7.49676],[108.80852,-7.49664],[108.80843,-7.49662],[108.80838,-7.4966],[108.80827,-7.49659],[108.80811,-7.49667],[108.80798,-7.49676],[108.80797,-7.49677],[108.80795,-7.4968],[108.80753,-7.4968],[108.80752,-7.4968],[108.80752,-7.49635],[108.80752,-7.49634],[108.80708,-7.49634],[108.80707,-7.49634],[108.80663,-7.49634],[108.80662,-7.49634],[108.80618,-7.49634],[108.80617,-7.49634],[108.80572,-7.49634],[108.80572,-7.49633],[108.80527,-7.49633],[108.80505,-7.49633],[108.80512,-7.49602],[108.80516,-7.49588]],[[108.81347,-7.48508],[108.81302,-7.48508],[108.81302,-7.48463],[108.81302,-7.48462],[108.81257,-7.48462],[108.81257,-7.48507],[108.81257,-7.48552],[108.81257,-7.48553],[108.81256,-7.48553],[108.81256,-7.48598],[108.81301,-7.48598],[108.81301,-7.48553],[108.81347,-7.48553],[108.81347,-7.48508]],[[108.81387,-7.49457],[108.81342,-7.49457],[108.81297,-7.49457],[108.81297,-7.49501],[108.81342,-7.49501],[108.81342,-7.49502],[108.81387,-7.49502],[108.81387,-7.49457]],[[108.81031,-7.48416],[108.81075,-7.48416],[108.81076,-7.48416],[108.81076,-7.48371],[108.81031,-7.48371],[108.81031,-7.48416]],[[108.8103,-7.48597],[108.80985,-7.48597],[108.80984,-7.48597],[108.80984,-7.48551],[108.8094,-7.48551],[108.80939,-7.48551],[108.80895,-7.48551],[108.80895,-7.48596],[108.80894,-7.48596],[108.80849,-7.48596],[108.80849,-7.48551],[108.80849,-7.4855],[108.80894,-7.4855],[108.80894,-7.48506],[108.80849,-7.48506],[108.80849,-7.48505],[108.80805,-7.48505],[108.80804,-7.48505],[108.80804,-7.4855],[108.80771,-7.4855],[108.80759,-7.4855],[108.80759,-7.48595],[108.80769,-7.48595],[108.80804,-7.48595],[108.80804,-7.48641],[108.80849,-7.48641],[108.80849,-7.48686],[108.80848,-7.48686],[108.80848,-7.48731],[108.80848,-7.48776],[108.80848,-7.48822],[108.80802,-7.48822],[108.80802,-7.48821],[108.80757,-7.48821],[108.80739,-7.48821],[108.80711,-7.48821],[108.80711,-7.48776],[108.80745,-7.48776],[108.80757,-7.48776],[108.80757,-7.48731],[108.80757,-7.48686],[108.80712,-7.48686],[108.80712,-7.4873],[108.80712,-7.48731],[108.80666,-7.48731],[108.80666,-7.4873],[108.80622,-7.4873],[108.80621,-7.4873],[108.80577,-7.4873],[108.80576,-7.4873],[108.80576,-7.48775],[108.80576,-7.4882],[108.80621,-7.4882],[108.80666,-7.4882],[108.80666,-7.48821],[108.80666,-7.48866],[108.80711,-7.48866],[108.80733,-7.48866],[108.80757,-7.48866],[108.80757,-7.48911],[108.80802,-7.48911],[108.80802,-7.48912],[108.80802,-7.48957],[108.80846,-7.48957],[108.80847,-7.48957],[108.80891,-7.48957],[108.80892,-7.48957],[108.80892,-7.48912],[108.80847,-7.48912],[108.80847,-7.48867],[108.80892,-7.48867],[108.80892,-7.48822],[108.80938,-7.48822],[108.80938,-7.48777],[108.80983,-7.48777],[108.80984,-7.48777],[108.81029,-7.48777],[108.81029,-7.48732],[108.81074,-7.48732],[108.81074,-7.48687],[108.81074,-7.48642],[108.81075,-7.48642],[108.81119,-7.48642],[108.8112,-7.48642],[108.81165,-7.48642],[108.81165,-7.48687],[108.81165,-7.48688],[108.81209,-7.48688],[108.8121,-7.48688],[108.8121,-7.48643],[108.81255,-7.48643],[108.81255,-7.48598],[108.8121,-7.48598],[108.8121,-7.48552],[108.81166,-7.48552],[108.81166,-7.48597],[108.8112,-7.48597],[108.81075,-7.48597],[108.81074,-7.48597],[108.81074,-7.48552],[108.8103,-7.48552],[108.8103,-7.48597]],[[108.80621,-7.48866],[108.80621,-7.48911],[108.80621,-7.48956],[108.80666,-7.48956],[108.80666,-7.48911],[108.80666,-7.48866],[108.80621,-7.48866]],[[108.80666,-7.49001],[108.80711,-7.49001],[108.80711,-7.48957],[108.80711,-7.48956],[108.80666,-7.48956],[108.80666,-7.49001]],[[108.8139,-7.48914],[108.8139,-7.4887],[108.81345,-7.4887],[108.81345,-7.48914],[108.8139,-7.48914]],[[108.8053,-7.49001],[108.80575,-7.49001],[108.80575,-7.48956],[108.80531,-7.48956],[108.8053,-7.48956],[108.8053,-7.49],[108.8053,-7.49001]],[[108.8044,-7.4891],[108.8044,-7.48955],[108.80484,-7.48955],[108.80485,-7.48955],[108.80485,-7.4891],[108.8044,-7.4891]],[[108.80806,-7.48184],[108.80806,-7.48184],[108.80811,-7.48185],[108.80843,-7.48189],[108.80806,-7.48184]],[[108.80711,-7.49137],[108.80711,-7.49182],[108.80756,-7.49182],[108.80756,-7.49183],[108.808,-7.49183],[108.80801,-7.49183],[108.80801,-7.49138],[108.80755,-7.49138],[108.80755,-7.49092],[108.80711,-7.49092],[108.80711,-7.49137]],[[108.80708,-7.49589],[108.80752,-7.49589],[108.80753,-7.49589],[108.80798,-7.49589],[108.80843,-7.49589],[108.80843,-7.49544],[108.80798,-7.49544],[108.80798,-7.49499],[108.80753,-7.49499],[108.80753,-7.49544],[108.80708,-7.49544],[108.80708,-7.49589]],[[108.80753,-7.49454],[108.80734,-7.49454],[108.80724,-7.49454],[108.80708,-7.49454],[108.80708,-7.49498],[108.80708,-7.49499],[108.80753,-7.49499],[108.80753,-7.49454]],[[108.80664,-7.49273],[108.80619,-7.49273],[108.80619,-7.49317],[108.80664,-7.49317],[108.80664,-7.49273]],[[108.80575,-7.49092],[108.80575,-7.49136],[108.80619,-7.49136],[108.80619,-7.49092],[108.80575,-7.49092]],[[108.80711,-7.49002],[108.80711,-7.49032],[108.80711,-7.49047],[108.80756,-7.49047],[108.80756,-7.49002],[108.80715,-7.49002],[108.80711,-7.49002]],[[108.81029,-7.48778],[108.81029,-7.48822],[108.81074,-7.48822],[108.81074,-7.48778],[108.81029,-7.48778]],[[108.80982,-7.49274],[108.80982,-7.49319],[108.80981,-7.49319],[108.80936,-7.49319],[108.80936,-7.49274],[108.80891,-7.49274],[108.80846,-7.49274],[108.80846,-7.49318],[108.80846,-7.49319],[108.80845,-7.49319],[108.80845,-7.49363],[108.80845,-7.49364],[108.8089,-7.49364],[108.8089,-7.49409],[108.8089,-7.49454],[108.80934,-7.49454],[108.80935,-7.49454],[108.80935,-7.49409],[108.80981,-7.49409],[108.80981,-7.49455],[108.81025,-7.49455],[108.81025,-7.4941],[108.81071,-7.4941],[108.81071,-7.49455],[108.81116,-7.49455],[108.81161,-7.49455],[108.81161,-7.49411],[108.81161,-7.4941],[108.81161,-7.49365],[108.81162,-7.49365],[108.81206,-7.49365],[108.81207,-7.49365],[108.81252,-7.49365],[108.81252,-7.49321],[108.81207,-7.49321],[108.81207,-7.4932],[108.81162,-7.4932],[108.81161,-7.4932],[108.81117,-7.4932],[108.81116,-7.4932],[108.81072,-7.4932],[108.81071,-7.4932],[108.81026,-7.4932],[108.81026,-7.49274],[108.81071,-7.49274],[108.81072,-7.49274],[108.81117,-7.49274],[108.81117,-7.49275],[108.81161,-7.49275],[108.81162,-7.49275],[108.81162,-7.4923],[108.81117,-7.4923],[108.81117,-7.49184],[108.81162,-7.49184],[108.81162,-7.4914],[108.81162,-7.49139],[108.81118,-7.49139],[108.81117,-7.49139],[108.81072,-7.49139],[108.81072,-7.49184],[108.81027,-7.49184],[108.81027,-7.49229],[108.80982,-7.49229],[108.80982,-7.49274]],[[108.81026,-7.49455],[108.81026,-7.495],[108.8107,-7.495],[108.8107,-7.49455],[108.81026,-7.49455]],[[108.8107,-7.49636],[108.8107,-7.49591],[108.81025,-7.49591],[108.81025,-7.49635],[108.81025,-7.49636],[108.81069,-7.49636],[108.8107,-7.49636]],[[108.80937,-7.49229],[108.80981,-7.49229],[108.80981,-7.49184],[108.80981,-7.49139],[108.80936,-7.49139],[108.80936,-7.49138],[108.80936,-7.49093],[108.80936,-7.49048],[108.80936,-7.49003],[108.80892,-7.49003],[108.80892,-7.49048],[108.80891,-7.49048],[108.80891,-7.49093],[108.80846,-7.49093],[108.80846,-7.49138],[108.80846,-7.49183],[108.80846,-7.49228],[108.80891,-7.49228],[108.80936,-7.49228],[108.80937,-7.49228],[108.80937,-7.49229]],[[108.80844,-7.4959],[108.80844,-7.49635],[108.80888,-7.49635],[108.80888,-7.4959],[108.80844,-7.4959]],[[108.80889,-7.49544],[108.80889,-7.495],[108.80844,-7.495],[108.80844,-7.49544],[108.80889,-7.49544]],[[108.80984,-7.48867],[108.81028,-7.48867],[108.81028,-7.48823],[108.80984,-7.48823],[108.80984,-7.48867]],[[108.81207,-7.49456],[108.81251,-7.49456],[108.81251,-7.49411],[108.81207,-7.49411],[108.81207,-7.49456]],[[108.81252,-7.49366],[108.81252,-7.49411],[108.81296,-7.49411],[108.81297,-7.49411],[108.81297,-7.49366],[108.81252,-7.49366]],[[108.8112,-7.48823],[108.8112,-7.48868],[108.81164,-7.48868],[108.81165,-7.48868],[108.81209,-7.48868],[108.81209,-7.48824],[108.81209,-7.48823],[108.81165,-7.48823],[108.81164,-7.48823],[108.8112,-7.48823]],[[108.81255,-7.48869],[108.81255,-7.48914],[108.813,-7.48914],[108.813,-7.48869],[108.81255,-7.48869]],[[108.81029,-7.48506],[108.8103,-7.48506],[108.8103,-7.48461],[108.80985,-7.48461],[108.8094,-7.48461],[108.8094,-7.48506],[108.80984,-7.48506],[108.80985,-7.48506],[108.81029,-7.48506]],[[108.80941,-7.48325],[108.80941,-7.4837],[108.80985,-7.4837],[108.80986,-7.4837],[108.81031,-7.4837],[108.81031,-7.48326],[108.80985,-7.48326],[108.80985,-7.48325],[108.80985,-7.4828],[108.80941,-7.4828],[108.80941,-7.48325]],[[108.80849,-7.48415],[108.80805,-7.48415],[108.80805,-7.4846],[108.80849,-7.4846],[108.80849,-7.48415]],[[108.81483,-7.48418],[108.81439,-7.48418],[108.81439,-7.48463],[108.81483,-7.48463],[108.81483,-7.48418]]],[[[108.80271,-7.49],[108.80268,-7.49045],[108.80258,-7.49045],[108.80258,-7.49],[108.80258,-7.48999],[108.80258,-7.48954],[108.80265,-7.48954],[108.80282,-7.48954],[108.80277,-7.48961],[108.80272,-7.48995],[108.80271,-7.49],[108.80271,-7.49]]],[[[108.80488,-7.48323],[108.80488,-7.48368],[108.80488,-7.48413],[108.80488,-7.48458],[108.80442,-7.48458],[108.80442,-7.48413],[108.80442,-7.48368],[108.80442,-7.48323],[108.80443,-7.48323],[108.80443,-7.48277],[108.80489,-7.48277],[108.80489,-7.48323],[108.80488,-7.48323]]],[[[108.80397,-7.48458],[108.80351,-7.48458],[108.80351,-7.48413],[108.80351,-7.48412],[108.80397,-7.48412],[108.80397,-7.48413],[108.80397,-7.48458]]],[[[108.80307,-7.48276],[108.80307,-7.48277],[108.80307,-7.48322],[108.80261,-7.48322],[108.80261,-7.48277],[108.80216,-7.48277],[108.80216,-7.48231],[108.80262,-7.48231],[108.80262,-7.48276],[108.80307,-7.48276]]],[[[108.80264,-7.47915],[108.80263,-7.47915],[108.80263,-7.4787],[108.80264,-7.4787],[108.80309,-7.4787],[108.80309,-7.47915],[108.80264,-7.47915]]],[[[108.80354,-7.4778],[108.80354,-7.47735],[108.804,-7.47735],[108.804,-7.4778],[108.80354,-7.4778]]],[[[108.80265,-7.47689],[108.80219,-7.47689],[108.80219,-7.47644],[108.80265,-7.47644],[108.80265,-7.47689]]],[[[108.80401,-7.47645],[108.80375,-7.47645],[108.80355,-7.47645],[108.80355,-7.47623],[108.80355,-7.47599],[108.80401,-7.47599],[108.80447,-7.47599],[108.80447,-7.476],[108.80492,-7.476],[108.80492,-7.47645],[108.80447,-7.47645],[108.80446,-7.47645],[108.80401,-7.47645]]],[[[108.80356,-7.47509],[108.80356,-7.47464],[108.80402,-7.47464],[108.80402,-7.47509],[108.80356,-7.47509]]],[[[108.80407,-7.46335],[108.80407,-7.46289],[108.80453,-7.46289],[108.80453,-7.46335],[108.80407,-7.46335]]],[[[108.80409,-7.45928],[108.80454,-7.45928],[108.80455,-7.45928],[108.805,-7.45928],[108.805,-7.45974],[108.80454,-7.45974],[108.80454,-7.45973],[108.80409,-7.45973],[108.80409,-7.45928]]],[[[108.80364,-7.45973],[108.80318,-7.45973],[108.80318,-7.45928],[108.80318,-7.45927],[108.80318,-7.45882],[108.80364,-7.45882],[108.80364,-7.45927],[108.80364,-7.45928],[108.80364,-7.45973]]],[[[108.80229,-7.45611],[108.80275,-7.45611],[108.80321,-7.45611],[108.80321,-7.45656],[108.80321,-7.45657],[108.80275,-7.45657],[108.80275,-7.45656],[108.80229,-7.45656],[108.80229,-7.45611]]],[[[108.80457,-7.45431],[108.80502,-7.45431],[108.80502,-7.45477],[108.80457,-7.45477],[108.80456,-7.45477],[108.80456,-7.45476],[108.80412,-7.45476],[108.80411,-7.45476],[108.80411,-7.45431],[108.80411,-7.45386],[108.80412,-7.45386],[108.80412,-7.45341],[108.80458,-7.45341],[108.80458,-7.45386],[108.80457,-7.45386],[108.80457,-7.45431]]],[[[108.80367,-7.45431],[108.80322,-7.45431],[108.80322,-7.45476],[108.80321,-7.45476],[108.80276,-7.45476],[108.80276,-7.4543],[108.80231,-7.4543],[108.80231,-7.45385],[108.80276,-7.45385],[108.80277,-7.45385],[108.80277,-7.4543],[108.80321,-7.4543],[108.80321,-7.45385],[108.80367,-7.45385],[108.80367,-7.45431]]],[[[108.80381,-7.45013],[108.80391,-7.45002],[108.80414,-7.44987],[108.80414,-7.45024],[108.80379,-7.45024],[108.80381,-7.45013]]],[[[108.80657,-7.49829],[108.80621,-7.49836],[108.80616,-7.49836],[108.80616,-7.49814],[108.80662,-7.49814],[108.80662,-7.49827],[108.80657,-7.49829]]],[[[108.80617,-7.49724],[108.80617,-7.49679],[108.80663,-7.49679],[108.80663,-7.49724],[108.80617,-7.49724]]],[[[108.80579,-7.48188],[108.80579,-7.48143],[108.80624,-7.48143],[108.80624,-7.48188],[108.80579,-7.48188]]],[[[108.80717,-7.47782],[108.80672,-7.47782],[108.80672,-7.47736],[108.80717,-7.47736],[108.80718,-7.47736],[108.80718,-7.47782],[108.80717,-7.47782]]],[[[108.80679,-7.46336],[108.80678,-7.46336],[108.80678,-7.46291],[108.80679,-7.46291],[108.80724,-7.46291],[108.80724,-7.46336],[108.80679,-7.46336]]],[[[108.80638,-7.45523],[108.80592,-7.45523],[108.80592,-7.45522],[108.80592,-7.45477],[108.80638,-7.45477],[108.80638,-7.45522],[108.80638,-7.45523]]],[[[108.80887,-7.49725],[108.80888,-7.49725],[108.80888,-7.49729],[108.80887,-7.49725]]],[[[108.80936,-7.49364],[108.8089,-7.49364],[108.8089,-7.49319],[108.80936,-7.49319],[108.80936,-7.49364]]],[[[108.80893,-7.48641],[108.80939,-7.48641],[108.80984,-7.48641],[108.80985,-7.48641],[108.80985,-7.48687],[108.80984,-7.48687],[108.80939,-7.48687],[108.80893,-7.48687],[108.80893,-7.48686],[108.80893,-7.48641]]],[[[108.81032,-7.481],[108.81032,-7.48055],[108.81032,-7.48054],[108.81078,-7.48054],[108.81078,-7.48055],[108.81078,-7.481],[108.81032,-7.481]]],[[[108.80853,-7.47737],[108.80853,-7.47782],[108.80853,-7.47783],[108.80808,-7.47783],[108.80807,-7.47783],[108.80807,-7.47782],[108.80807,-7.47737],[108.80807,-7.47692],[108.80807,-7.47647],[108.80808,-7.47647],[108.80808,-7.47602],[108.80854,-7.47602],[108.80854,-7.47647],[108.80853,-7.47647],[108.80853,-7.47692],[108.80853,-7.47737]]],[[[108.80944,-7.47557],[108.80944,-7.47512],[108.8099,-7.47512],[108.8099,-7.47557],[108.80944,-7.47557]]],[[[108.80991,-7.47377],[108.80991,-7.47331],[108.81036,-7.47331],[108.81036,-7.47377],[108.80991,-7.47377]]],[[[108.80946,-7.47331],[108.80946,-7.47286],[108.80991,-7.47286],[108.80991,-7.47331],[108.80946,-7.47331]]],[[[108.80948,-7.4688],[108.80948,-7.46834],[108.80994,-7.46834],[108.80994,-7.4688],[108.80948,-7.4688]]],[[[108.81084,-7.4679],[108.81039,-7.4679],[108.81039,-7.46744],[108.81084,-7.46744],[108.81085,-7.46744],[108.81085,-7.4679],[108.81084,-7.4679]]],[[[108.80814,-7.46608],[108.80768,-7.46608],[108.80768,-7.46562],[108.80814,-7.46562],[108.80814,-7.46608]]],[[[108.8104,-7.46518],[108.81085,-7.46518],[108.81085,-7.46519],[108.81131,-7.46519],[108.81131,-7.46564],[108.81085,-7.46564],[108.8104,-7.46564],[108.81039,-7.46564],[108.80994,-7.46564],[108.80994,-7.46518],[108.81039,-7.46518],[108.8104,-7.46518]]],[[[108.81087,-7.46293],[108.81041,-7.46293],[108.81041,-7.46247],[108.81087,-7.46247],[108.81087,-7.46293]]],[[[108.80861,-7.46021],[108.80907,-7.46021],[108.80907,-7.45976],[108.80952,-7.45976],[108.80952,-7.45931],[108.80997,-7.45931],[108.80997,-7.45886],[108.80997,-7.45843],[108.80997,-7.45842],[108.80997,-7.45841],[108.80997,-7.4584],[108.80998,-7.4584],[108.80998,-7.45795],[108.81044,-7.45795],[108.81044,-7.45799],[108.81044,-7.45806],[108.81044,-7.45841],[108.81088,-7.45841],[108.81088,-7.45796],[108.81089,-7.45796],[108.81089,-7.45751],[108.81089,-7.45706],[108.81089,-7.45705],[108.81135,-7.45705],[108.81135,-7.45706],[108.8118,-7.45706],[108.81225,-7.45706],[108.81226,-7.45706],[108.8127,-7.45706],[108.81271,-7.45706],[108.81271,-7.45661],[108.81316,-7.45661],[108.81361,-7.45661],[108.81361,-7.45616],[108.81406,-7.45616],[108.81406,-7.45572],[108.81406,-7.45571],[108.81452,-7.45571],[108.81452,-7.45527],[108.81452,-7.45526],[108.81497,-7.45526],[108.81497,-7.45482],[108.81498,-7.45482],[108.81498,-7.45491],[108.81516,-7.45491],[108.81534,-7.45491],[108.81543,-7.45491],[108.81552,-7.45491],[108.81588,-7.45491],[108.81588,-7.45482],[108.81588,-7.45455],[108.8157,-7.45455],[108.8157,-7.45437],[108.81588,-7.45437],[108.81589,-7.45437],[108.81634,-7.45437],[108.81634,-7.45482],[108.81589,-7.45482],[108.81589,-7.45527],[108.81634,-7.45527],[108.81634,-7.45572],[108.81634,-7.45573],[108.81634,-7.45618],[108.81588,-7.45618],[108.81542,-7.45618],[108.81542,-7.45617],[108.81498,-7.45617],[108.81497,-7.45617],[108.81497,-7.45662],[108.81542,-7.45662],[108.81542,-7.45708],[108.81496,-7.45708],[108.81496,-7.45662],[108.81452,-7.45662],[108.81451,-7.45662],[108.81407,-7.45662],[108.81406,-7.45662],[108.81406,-7.45707],[108.81406,-7.45752],[108.81406,-7.45797],[108.81361,-7.45797],[108.81361,-7.45842],[108.81361,-7.45888],[108.81315,-7.45888],[108.81315,-7.45932],[108.8136,-7.45932],[108.8136,-7.45933],[108.81405,-7.45933],[108.81406,-7.45933],[108.8145,-7.45933],[108.81451,-7.45933],[108.81495,-7.45933],[108.81496,-7.45933],[108.81541,-7.45933],[108.81541,-7.45979],[108.81496,-7.45979],[108.81495,-7.45979],[108.81451,-7.45979],[108.81451,-7.46023],[108.81451,-7.46024],[108.8145,-7.46024],[108.8145,-7.46069],[108.81495,-7.46069],[108.81541,-7.46069],[108.81541,-7.46114],[108.81495,-7.46114],[108.81449,-7.46114],[108.81449,-7.46069],[108.81404,-7.46069],[108.81404,-7.46023],[108.8136,-7.46023],[108.8136,-7.46068],[108.81359,-7.46068],[108.81359,-7.46113],[108.81359,-7.46159],[108.81313,-7.46159],[108.81313,-7.46158],[108.81268,-7.46158],[108.81268,-7.46203],[108.81223,-7.46203],[108.81222,-7.46203],[108.81178,-7.46203],[108.81177,-7.46203],[108.81177,-7.46158],[108.81133,-7.46158],[108.81132,-7.46158],[108.81087,-7.46158],[108.81087,-7.46157],[108.81043,-7.46157],[108.81042,-7.46157],[108.80997,-7.46157],[108.80997,-7.46202],[108.80997,-7.46247],[108.80951,-7.46247],[108.80951,-7.46202],[108.80951,-7.46157],[108.80906,-7.46157],[108.80906,-7.46111],[108.80906,-7.46066],[108.80861,-7.46066],[108.80861,-7.46021]],[[108.81088,-7.46022],[108.81132,-7.46022],[108.81133,-7.46022],[108.81133,-7.45977],[108.81088,-7.45977],[108.81088,-7.46021],[108.81088,-7.46022]],[[108.80997,-7.45976],[108.80953,-7.45976],[108.80953,-7.46021],[108.80997,-7.46021],[108.80997,-7.45976]],[[108.81224,-7.45932],[108.81269,-7.45932],[108.81269,-7.45887],[108.81315,-7.45887],[108.81315,-7.45842],[108.8127,-7.45842],[108.81225,-7.45842],[108.81225,-7.45887],[108.81224,-7.45887],[108.81224,-7.45932]],[[108.81178,-7.46158],[108.81222,-7.46158],[108.81222,-7.46113],[108.81178,-7.46113],[108.81178,-7.46158]],[[108.81534,-7.45581],[108.81542,-7.45581],[108.81543,-7.45581],[108.81552,-7.45581],[108.81552,-7.45572],[108.81552,-7.45563],[108.8157,-7.45563],[108.8157,-7.45527],[108.81552,-7.45527],[108.81543,-7.45527],[108.81534,-7.45527],[108.81516,-7.45527],[108.81498,-7.45527],[108.81497,-7.45527],[108.8148,-7.45527],[108.8148,-7.45545],[108.81462,-7.45545],[108.81462,-7.45572],[108.81462,-7.45581],[108.81497,-7.45581],[108.81497,-7.45599],[108.81498,-7.45599],[108.81534,-7.45599],[108.81534,-7.45581]]],[[[108.80863,-7.45659],[108.80863,-7.45614],[108.80909,-7.45614],[108.80909,-7.45659],[108.80863,-7.45659]]],[[[108.81113,-7.49997],[108.81114,-7.49997],[108.81114,-7.49998],[108.81113,-7.49998],[108.81099,-7.49997],[108.81113,-7.49997]]],[[[108.81116,-7.4941],[108.81071,-7.4941],[108.81071,-7.49365],[108.81116,-7.49365],[108.81117,-7.49365],[108.81117,-7.4941],[108.81116,-7.4941]]],[[[108.81351,-7.47785],[108.81305,-7.47785],[108.81305,-7.4774],[108.81351,-7.4774],[108.81396,-7.4774],[108.81397,-7.4774],[108.81397,-7.47785],[108.81396,-7.47785],[108.81351,-7.47785]]],[[[108.81306,-7.47694],[108.81261,-7.47694],[108.81261,-7.47649],[108.81306,-7.47649],[108.81307,-7.47649],[108.81307,-7.47694],[108.81306,-7.47694]]],[[[108.81352,-7.47469],[108.81352,-7.47424],[108.81398,-7.47424],[108.81398,-7.47469],[108.81443,-7.47469],[108.81443,-7.47514],[108.81488,-7.47514],[108.81488,-7.4756],[108.81443,-7.4756],[108.81442,-7.4756],[108.81397,-7.4756],[108.81397,-7.47604],[108.81442,-7.47604],[108.81442,-7.47605],[108.81442,-7.4765],[108.81397,-7.4765],[108.81396,-7.4765],[108.81351,-7.4765],[108.81351,-7.47605],[108.81351,-7.47604],[108.81306,-7.47604],[108.81306,-7.47559],[108.81351,-7.47559],[108.81351,-7.47514],[108.81351,-7.47469],[108.81352,-7.47469]]],[[[108.81309,-7.47152],[108.81309,-7.47197],[108.81309,-7.47243],[108.81263,-7.47243],[108.81263,-7.47197],[108.81263,-7.47152],[108.81309,-7.47152]]],[[[108.81129,-7.46835],[108.81129,-7.4679],[108.81174,-7.4679],[108.81174,-7.46745],[108.81219,-7.46745],[108.8122,-7.46745],[108.81265,-7.46745],[108.8131,-7.46745],[108.8131,-7.46701],[108.8131,-7.467],[108.81356,-7.467],[108.81356,-7.46701],[108.81401,-7.46701],[108.81446,-7.46701],[108.81447,-7.46701],[108.81492,-7.46701],[108.81492,-7.46656],[108.81537,-7.46656],[108.81537,-7.46611],[108.81583,-7.46611],[108.81583,-7.46656],[108.81583,-7.46657],[108.81583,-7.46702],[108.81538,-7.46702],[108.81537,-7.46702],[108.81492,-7.46702],[108.81492,-7.46746],[108.81492,-7.46747],[108.81492,-7.46792],[108.81447,-7.46792],[108.81446,-7.46792],[108.81401,-7.46792],[108.81401,-7.46791],[108.81356,-7.46791],[108.81355,-7.46791],[108.81311,-7.46791],[108.8131,-7.46791],[108.81265,-7.46791],[108.8122,-7.46791],[108.8122,-7.46835],[108.8122,-7.46836],[108.8122,-7.46881],[108.81219,-7.46881],[108.81175,-7.46881],[108.81175,-7.46926],[108.81219,-7.46926],[108.8122,-7.46926],[108.8122,-7.46971],[108.81219,-7.46971],[108.81174,-7.46971],[108.81174,-7.46926],[108.81129,-7.46926],[108.81129,-7.46881],[108.81129,-7.4688],[108.81129,-7.46835]]],[[[108.8122,-7.467],[108.8122,-7.46655],[108.81266,-7.46655],[108.81266,-7.467],[108.8122,-7.467]]],[[[108.81222,-7.46519],[108.81176,-7.46519],[108.81176,-7.46474],[108.81222,-7.46474],[108.81222,-7.46519]]],[[[108.81223,-7.46293],[108.81268,-7.46293],[108.81268,-7.46294],[108.81313,-7.46294],[108.81313,-7.46339],[108.81313,-7.46384],[108.81267,-7.46384],[108.81267,-7.46339],[108.81222,-7.46339],[108.81222,-7.46293],[108.81177,-7.46293],[108.81177,-7.46248],[108.81223,-7.46248],[108.81223,-7.46293]]],[[[108.81386,-7.49931],[108.81386,-7.49931],[108.81384,-7.4994],[108.81366,-7.49911],[108.81365,-7.49909],[108.81364,-7.49909],[108.8134,-7.4988],[108.8134,-7.49863],[108.81386,-7.49863],[108.81386,-7.49908],[108.81393,-7.49908],[108.81393,-7.49909],[108.81388,-7.49919],[108.81388,-7.49923],[108.81386,-7.49931]]],[[[108.81709,-7.48464],[108.81715,-7.48464],[108.8171,-7.48476],[108.81709,-7.48476],[108.81709,-7.48464]]],[[[108.81619,-7.48419],[108.81574,-7.48419],[108.81573,-7.48419],[108.81573,-7.48373],[108.81574,-7.48373],[108.81619,-7.48373],[108.81619,-7.48374],[108.81665,-7.48374],[108.81665,-7.48419],[108.81619,-7.48419]]],[[[108.81484,-7.48238],[108.81484,-7.48192],[108.8153,-7.48192],[108.8153,-7.48238],[108.81484,-7.48238]]],[[[108.81801,-7.48194],[108.81801,-7.48165],[108.81824,-7.48166],[108.81815,-7.48194],[108.81801,-7.48194]]],[[[108.8144,-7.47921],[108.8144,-7.47876],[108.81486,-7.47876],[108.81486,-7.47921],[108.8144,-7.47921]]],[[[108.81486,-7.47831],[108.81441,-7.47831],[108.81441,-7.47785],[108.81486,-7.47785],[108.81487,-7.47785],[108.81487,-7.47831],[108.81486,-7.47831]]],[[[108.81624,-7.4747],[108.81624,-7.47511],[108.81624,-7.47515],[108.81623,-7.47528],[108.81623,-7.47515],[108.81579,-7.47515],[108.81578,-7.47515],[108.81533,-7.47515],[108.81533,-7.4747],[108.81578,-7.4747],[108.81578,-7.47425],[108.81624,-7.47425],[108.81627,-7.47447],[108.81626,-7.4747],[108.81624,-7.4747]]],[[[108.81615,-7.47335],[108.81579,-7.47335],[108.81579,-7.47334],[108.81579,-7.47289],[108.81613,-7.47289],[108.81614,-7.47331],[108.81615,-7.47334],[108.81615,-7.47335]]],[[[108.81398,-7.47289],[108.81398,-7.47288],[108.81398,-7.47243],[108.81444,-7.47243],[108.81444,-7.47288],[108.81444,-7.47289],[108.81398,-7.47289]]],[[[108.81636,-7.47154],[108.81625,-7.47157],[108.81625,-7.47154],[108.81636,-7.47154]]],[[[108.81851,-7.47119],[108.81851,-7.4711],[108.81897,-7.4711],[108.81897,-7.47117],[108.81851,-7.47119]]],[[[108.81942,-7.4711],[108.81942,-7.47065],[108.81988,-7.47065],[108.81988,-7.47107],[108.81958,-7.4711],[108.81942,-7.4711]]],[[[108.81399,-7.47108],[108.81399,-7.47062],[108.81445,-7.47062],[108.81445,-7.47108],[108.81399,-7.47108]]],[[[108.814,-7.46882],[108.814,-7.46837],[108.814,-7.46836],[108.81446,-7.46836],[108.81446,-7.46837],[108.81446,-7.46882],[108.814,-7.46882]]],[[[108.81673,-7.46793],[108.81673,-7.46838],[108.81627,-7.46838],[108.81627,-7.46793],[108.81627,-7.46792],[108.81627,-7.46747],[108.81673,-7.46747],[108.81718,-7.46747],[108.81719,-7.46747],[108.81719,-7.46748],[108.81763,-7.46748],[108.81764,-7.46748],[108.81764,-7.46793],[108.81763,-7.46793],[108.81719,-7.46793],[108.81718,-7.46793],[108.81673,-7.46793]]],[[[108.81537,-7.46792],[108.81537,-7.46747],[108.81583,-7.46747],[108.81583,-7.46792],[108.81537,-7.46792]]],[[[108.8199,-7.46659],[108.8199,-7.46614],[108.8199,-7.46613],[108.82036,-7.46613],[108.82036,-7.46614],[108.82036,-7.46659],[108.8199,-7.46659]]],[[[108.81765,-7.46386],[108.81811,-7.46386],[108.81811,-7.46387],[108.81856,-7.46387],[108.81856,-7.46414],[108.81855,-7.46414],[108.81855,-7.46432],[108.81819,-7.46432],[108.81819,-7.46468],[108.81837,-7.46468],[108.81855,-7.46468],[108.81873,-7.46468],[108.81873,-7.4645],[108.81874,-7.4645],[108.81874,-7.46477],[108.81874,-7.46478],[108.81874,-7.46486],[108.819,-7.46486],[108.81901,-7.46486],[108.8191,-7.46486],[108.8191,-7.46478],[108.8191,-7.46477],[108.81946,-7.46477],[108.81946,-7.46478],[108.81946,-7.46523],[108.81946,-7.46568],[108.81945,-7.46568],[108.81945,-7.46613],[108.81899,-7.46613],[108.81899,-7.46568],[108.81854,-7.46568],[108.81854,-7.46523],[108.81854,-7.46522],[108.81855,-7.46522],[108.81855,-7.46478],[108.81855,-7.46477],[108.81809,-7.46477],[108.81809,-7.46432],[108.81765,-7.46432],[108.81765,-7.46386]]],[[[108.81583,-7.46566],[108.81583,-7.46521],[108.81628,-7.46521],[108.81628,-7.46476],[108.81583,-7.46476],[108.81583,-7.46431],[108.81628,-7.46431],[108.81629,-7.46431],[108.81674,-7.46431],[108.81674,-7.46476],[108.81719,-7.46476],[108.81719,-7.46477],[108.81765,-7.46477],[108.81765,-7.46522],[108.8181,-7.46522],[108.8181,-7.46567],[108.81764,-7.46567],[108.81718,-7.46567],[108.81718,-7.46522],[108.81674,-7.46522],[108.81674,-7.46567],[108.81628,-7.46567],[108.81583,-7.46567],[108.81583,-7.46566]]],[[[108.81964,-7.46306],[108.81983,-7.46306],[108.81983,-7.46324],[108.81992,-7.46324],[108.81992,-7.46342],[108.81947,-7.46342],[108.81946,-7.46342],[108.81901,-7.46342],[108.81901,-7.46297],[108.81946,-7.46297],[108.81946,-7.46252],[108.81947,-7.46252],[108.81964,-7.46252],[108.81964,-7.46297],[108.81964,-7.46306]]],[[[108.81902,-7.46161],[108.81902,-7.46206],[108.81902,-7.46252],[108.81857,-7.46252],[108.81857,-7.46297],[108.81811,-7.46297],[108.81811,-7.46341],[108.81811,-7.46342],[108.81765,-7.46342],[108.81765,-7.46341],[108.81765,-7.46296],[108.8172,-7.46296],[108.8172,-7.46251],[108.8172,-7.46206],[108.81675,-7.46206],[108.81675,-7.46205],[108.8163,-7.46205],[108.8163,-7.4616],[108.8163,-7.46115],[108.81585,-7.46115],[108.81585,-7.46069],[108.81631,-7.46069],[108.81631,-7.46025],[108.81631,-7.46024],[108.81631,-7.45979],[108.81676,-7.45979],[108.81677,-7.45979],[108.81722,-7.45979],[108.81722,-7.46025],[108.81766,-7.46025],[108.81767,-7.46025],[108.81767,-7.4607],[108.81767,-7.46115],[108.81812,-7.46115],[108.81812,-7.46161],[108.81767,-7.46161],[108.81767,-7.46206],[108.81811,-7.46206],[108.81812,-7.46206],[108.81856,-7.46206],[108.81856,-7.46161],[108.81857,-7.46161],[108.81902,-7.46161]],[[108.81811,-7.46296],[108.81811,-7.46251],[108.81766,-7.46251],[108.81766,-7.46296],[108.81811,-7.46296]]],[[[108.81674,-7.46341],[108.81674,-7.46296],[108.8172,-7.46296],[108.8172,-7.46341],[108.81674,-7.46341]]],[[[108.82083,-7.46207],[108.82083,-7.46252],[108.82083,-7.46253],[108.82037,-7.46253],[108.82037,-7.46252],[108.82019,-7.46252],[108.82001,-7.46252],[108.82,-7.46252],[108.81992,-7.46252],[108.81992,-7.46207],[108.82037,-7.46207],[108.82083,-7.46207]]],[[[108.81403,-7.46204],[108.81403,-7.46159],[108.81449,-7.46159],[108.81495,-7.46159],[108.81495,-7.46204],[108.81449,-7.46204],[108.81403,-7.46204]]],[[[108.81586,-7.45844],[108.81586,-7.45798],[108.81632,-7.45798],[108.81632,-7.45844],[108.81586,-7.45844]]],[[[108.81497,-7.45843],[108.81496,-7.45843],[108.81451,-7.45843],[108.81451,-7.45798],[108.81496,-7.45798],[108.81497,-7.45798],[108.81497,-7.45843]]],[[[108.81498,-7.45454],[108.81516,-7.45454],[108.81517,-7.45454],[108.81517,-7.45455],[108.81516,-7.45455],[108.81498,-7.45455],[108.81498,-7.45454]]],[[[108.81725,-7.45347],[108.81724,-7.45347],[108.8168,-7.45347],[108.81679,-7.45347],[108.81635,-7.45347],[108.81634,-7.45347],[108.81634,-7.45308],[108.8164,-7.45302],[108.8164,-7.45302],[108.81641,-7.45301],[108.81641,-7.45301],[108.81665,-7.45278],[108.81665,-7.45273],[108.81634,-7.45268],[108.81634,-7.45268],[108.81589,-7.4526],[108.81589,-7.45256],[108.81589,-7.45238],[108.81572,-7.45238],[108.81572,-7.4522],[108.81553,-7.4522],[108.81545,-7.4522],[108.81544,-7.4522],[108.81535,-7.4522],[108.81518,-7.4522],[108.81499,-7.4522],[108.81499,-7.45219],[108.81518,-7.45219],[108.81518,-7.45211],[108.81518,-7.4521],[108.81518,-7.45184],[108.815,-7.45184],[108.81499,-7.45184],[108.81468,-7.45184],[108.8147,-7.45165],[108.81499,-7.45165],[108.81499,-7.4512],[108.81545,-7.4512],[108.81545,-7.45165],[108.81545,-7.45166],[108.81545,-7.4521],[108.81545,-7.45211],[108.81589,-7.45211],[108.8159,-7.45211],[108.81635,-7.45211],[108.81635,-7.45256],[108.8168,-7.45256],[108.8168,-7.45257],[108.81724,-7.45257],[108.81725,-7.45257],[108.8177,-7.45257],[108.8177,-7.45212],[108.81725,-7.45212],[108.81725,-7.45167],[108.81725,-7.45166],[108.81771,-7.45166],[108.81771,-7.45167],[108.81816,-7.45167],[108.81816,-7.45212],[108.81861,-7.45212],[108.81861,-7.45257],[108.81906,-7.45257],[108.81906,-7.45213],[108.81906,-7.45212],[108.81952,-7.45212],[108.81952,-7.45213],[108.81952,-7.45258],[108.81906,-7.45258],[108.81906,-7.45303],[108.81861,-7.45303],[108.8186,-7.45303],[108.81816,-7.45303],[108.81816,-7.45348],[108.8186,-7.45348],[108.81861,-7.45348],[108.81905,-7.45348],[108.81906,-7.45348],[108.81951,-7.45348],[108.81997,-7.45348],[108.81997,-7.45394],[108.82042,-7.45394],[108.82042,-7.45439],[108.81996,-7.45439],[108.8195,-7.45439],[108.8195,-7.45394],[108.81906,-7.45394],[108.81906,-7.45438],[108.8186,-7.45438],[108.8186,-7.45393],[108.81815,-7.45393],[108.81815,-7.45348],[108.8177,-7.45348],[108.8177,-7.45347],[108.81725,-7.45347]],[[108.8177,-7.45302],[108.81815,-7.45302],[108.81815,-7.45258],[108.81815,-7.45257],[108.8177,-7.45257],[108.8177,-7.45302]]],[[[108.81498,-7.45419],[108.81498,-7.454],[108.81534,-7.454],[108.81534,-7.45391],[108.81534,-7.45382],[108.81544,-7.45382],[108.81544,-7.45391],[108.81544,-7.45401],[108.81517,-7.45401],[108.81517,-7.45418],[108.81517,-7.45419],[108.81516,-7.45419],[108.81498,-7.45419]]],[[[108.81463,-7.45238],[108.81461,-7.45238],[108.81463,-7.45222],[108.81463,-7.45238]]],[[[108.81953,-7.44897],[108.81953,-7.4486],[108.81971,-7.4486],[108.81971,-7.44851],[108.81972,-7.44851],[108.81999,-7.44851],[108.81999,-7.44897],[108.82043,-7.44897],[108.82044,-7.44897],[108.82088,-7.44897],[108.82089,-7.44897],[108.82089,-7.44852],[108.82135,-7.44852],[108.82135,-7.44897],[108.82179,-7.44897],[108.82179,-7.44852],[108.8218,-7.44852],[108.8218,-7.44808],[108.8218,-7.44807],[108.82135,-7.44807],[108.82135,-7.44762],[108.8218,-7.44762],[108.82181,-7.44762],[108.82225,-7.44762],[108.82226,-7.44762],[108.82271,-7.44762],[108.82317,-7.44762],[108.82317,-7.44763],[108.82317,-7.44808],[108.82361,-7.44808],[108.82361,-7.44763],[108.82407,-7.44763],[108.82452,-7.44763],[108.82452,-7.44719],[108.82452,-7.44718],[108.82452,-7.44673],[108.82497,-7.44673],[108.82497,-7.44628],[108.82453,-7.44628],[108.82452,-7.44628],[108.82407,-7.44628],[108.82407,-7.44583],[108.82407,-7.44582],[108.82452,-7.44582],[108.82452,-7.44538],[108.82452,-7.44537],[108.82498,-7.44537],[108.82498,-7.44538],[108.82544,-7.44538],[108.82544,-7.44583],[108.82543,-7.44583],[108.82543,-7.44628],[108.82589,-7.44628],[108.82589,-7.44629],[108.82633,-7.44629],[108.82633,-7.44584],[108.82588,-7.44584],[108.82588,-7.44538],[108.82589,-7.44538],[108.82589,-7.44493],[108.82544,-7.44493],[108.82544,-7.44448],[108.82499,-7.44448],[108.82499,-7.44447],[108.82453,-7.44447],[108.82453,-7.44402],[108.82454,-7.44402],[108.82454,-7.44357],[108.82499,-7.44357],[108.82499,-7.44312],[108.82499,-7.44267],[108.82545,-7.44267],[108.82545,-7.44312],[108.8259,-7.44312],[108.8259,-7.44267],[108.82635,-7.44267],[108.82635,-7.44222],[108.82636,-7.44222],[108.8268,-7.44222],[108.82681,-7.44222],[108.82726,-7.44222],[108.82726,-7.44177],[108.82772,-7.44177],[108.82772,-7.44178],[108.82816,-7.44178],[108.82817,-7.44178],[108.82817,-7.44133],[108.82772,-7.44133],[108.82772,-7.44087],[108.82817,-7.44087],[108.82818,-7.44087],[108.82863,-7.44087],[108.82863,-7.44088],[108.82863,-7.44133],[108.82908,-7.44133],[108.82908,-7.44178],[108.82908,-7.44223],[108.82953,-7.44223],[108.82953,-7.44224],[108.82953,-7.44269],[108.82907,-7.44269],[108.82907,-7.44314],[108.82907,-7.44359],[108.82906,-7.44359],[108.82906,-7.44404],[108.82951,-7.44404],[108.82951,-7.4436],[108.82951,-7.44359],[108.82951,-7.44314],[108.82997,-7.44314],[108.82997,-7.44359],[108.83042,-7.44359],[108.83042,-7.4436],[108.83087,-7.4436],[108.83087,-7.44315],[108.83088,-7.44315],[108.83088,-7.4427],[108.83134,-7.4427],[108.83134,-7.44315],[108.83133,-7.44315],[108.83133,-7.4436],[108.83088,-7.4436],[108.83088,-7.44405],[108.83088,-7.4445],[108.83087,-7.4445],[108.83087,-7.44495],[108.83087,-7.44496],[108.83087,-7.44541],[108.83041,-7.44541],[108.83041,-7.4454],[108.82996,-7.4454],[108.82996,-7.44585],[108.82951,-7.44585],[108.82951,-7.4454],[108.82906,-7.4454],[108.82861,-7.4454],[108.82861,-7.44585],[108.82906,-7.44585],[108.82906,-7.4463],[108.82906,-7.44675],[108.8286,-7.44675],[108.8286,-7.4463],[108.8286,-7.44585],[108.82815,-7.44585],[108.82815,-7.4454],[108.82815,-7.44539],[108.82771,-7.44539],[108.8277,-7.44539],[108.82725,-7.44539],[108.82725,-7.44584],[108.82725,-7.44629],[108.82725,-7.44674],[108.82679,-7.44674],[108.82634,-7.44674],[108.82633,-7.44674],[108.82633,-7.44719],[108.82633,-7.44764],[108.82678,-7.44764],[108.82678,-7.44719],[108.82724,-7.44719],[108.82724,-7.4472],[108.82769,-7.4472],[108.82769,-7.44765],[108.82724,-7.44765],[108.82723,-7.44765],[108.82678,-7.44765],[108.82678,-7.4481],[108.82723,-7.4481],[108.82769,-7.4481],[108.82769,-7.44855],[108.82768,-7.44855],[108.82768,-7.449],[108.82813,-7.449],[108.82813,-7.44901],[108.82813,-7.44946],[108.82768,-7.44946],[108.82767,-7.44946],[108.82767,-7.44901],[108.82723,-7.44901],[108.82723,-7.44945],[108.82723,-7.44946],[108.82723,-7.4499],[108.82723,-7.44991],[108.82767,-7.44991],[108.82768,-7.44991],[108.82768,-7.45036],[108.82768,-7.45081],[108.82767,-7.45081],[108.82723,-7.45081],[108.82722,-7.45081],[108.82677,-7.45081],[108.82677,-7.45036],[108.82632,-7.45036],[108.82632,-7.45035],[108.82587,-7.45035],[108.82587,-7.4499],[108.82541,-7.4499],[108.82541,-7.44945],[108.82542,-7.44945],[108.82542,-7.449],[108.82542,-7.44899],[108.82497,-7.44899],[108.82451,-7.44899],[108.82451,-7.44854],[108.82407,-7.44854],[108.82406,-7.44854],[108.82361,-7.44854],[108.82361,-7.44853],[108.82316,-7.44853],[108.82316,-7.44808],[108.82271,-7.44808],[108.82226,-7.44808],[108.82226,-7.44853],[108.82225,-7.44853],[108.82225,-7.44898],[108.8227,-7.44898],[108.8227,-7.44943],[108.82225,-7.44943],[108.82224,-7.44943],[108.8218,-7.44943],[108.82179,-7.44943],[108.82179,-7.44988],[108.82224,-7.44988],[108.82225,-7.44988],[108.8227,-7.44988],[108.8227,-7.45034],[108.82315,-7.45034],[108.82315,-7.45079],[108.8236,-7.45079],[108.8236,-7.45124],[108.82314,-7.45124],[108.82314,-7.45079],[108.82269,-7.45079],[108.82269,-7.45034],[108.82224,-7.45034],[108.82224,-7.45033],[108.82179,-7.45033],[108.82179,-7.45078],[108.82134,-7.45078],[108.82134,-7.45123],[108.82134,-7.45168],[108.82134,-7.45169],[108.82134,-7.45214],[108.82178,-7.45214],[108.82178,-7.45169],[108.82223,-7.45169],[108.82224,-7.45169],[108.82224,-7.45214],[108.82223,-7.45214],[108.82179,-7.45214],[108.82179,-7.45259],[108.82178,-7.45259],[108.82133,-7.45259],[108.82133,-7.45214],[108.82088,-7.45214],[108.82088,-7.45259],[108.82042,-7.45259],[108.82042,-7.45303],[108.82042,-7.45304],[108.81996,-7.45304],[108.81996,-7.45303],[108.81996,-7.45258],[108.81997,-7.45258],[108.81997,-7.45213],[108.81997,-7.45168],[108.82042,-7.45168],[108.82043,-7.45168],[108.82043,-7.45123],[108.82088,-7.45123],[108.82088,-7.45078],[108.82044,-7.45078],[108.82043,-7.45078],[108.81998,-7.45078],[108.81998,-7.45123],[108.81953,-7.45123],[108.81953,-7.45168],[108.81907,-7.45168],[108.81907,-7.45122],[108.81862,-7.45122],[108.81862,-7.45077],[108.81862,-7.45032],[108.81908,-7.45032],[108.81908,-7.44987],[108.81953,-7.44987],[108.81953,-7.44942],[108.81998,-7.44942],[108.81998,-7.44897],[108.81953,-7.44897]],[[108.82861,-7.44404],[108.82861,-7.44449],[108.82816,-7.44449],[108.82815,-7.44449],[108.82815,-7.44404],[108.82771,-7.44404],[108.82771,-7.44449],[108.82726,-7.44449],[108.82726,-7.44494],[108.8277,-7.44494],[108.82771,-7.44494],[108.82815,-7.44494],[108.82816,-7.44494],[108.8286,-7.44494],[108.82861,-7.44494],[108.82906,-7.44494],[108.82906,-7.44495],[108.82951,-7.44495],[108.82996,-7.44495],[108.82996,-7.4445],[108.82996,-7.44405],[108.82952,-7.44405],[108.82952,-7.4445],[108.82906,-7.4445],[108.82906,-7.44404],[108.82861,-7.44404]],[[108.82725,-7.44494],[108.8268,-7.44494],[108.8268,-7.44449],[108.8268,-7.44448],[108.82635,-7.44448],[108.8259,-7.44448],[108.8259,-7.44493],[108.82635,-7.44493],[108.82635,-7.44538],[108.8268,-7.44538],[108.8268,-7.44539],[108.82725,-7.44539],[108.82725,-7.44494]],[[108.82632,-7.4499],[108.82633,-7.4499],[108.82677,-7.4499],[108.82677,-7.44946],[108.82677,-7.44945],[108.82633,-7.44945],[108.82632,-7.44945],[108.82588,-7.44945],[108.82587,-7.44945],[108.82587,-7.4499],[108.82632,-7.4499]],[[108.81908,-7.45077],[108.81952,-7.45077],[108.81953,-7.45077],[108.81953,-7.45032],[108.81908,-7.45032],[108.81908,-7.45077]],[[108.81999,-7.44942],[108.81999,-7.44987],[108.82043,-7.44987],[108.82043,-7.44942],[108.81999,-7.44942]],[[108.82677,-7.4481],[108.82633,-7.4481],[108.82633,-7.44854],[108.82633,-7.44855],[108.82677,-7.44855],[108.82677,-7.4481]],[[108.82678,-7.449],[108.82722,-7.449],[108.82722,-7.44855],[108.82678,-7.44855],[108.82678,-7.449]],[[108.82452,-7.44809],[108.82497,-7.44809],[108.82497,-7.44764],[108.82452,-7.44764],[108.82452,-7.44808],[108.82452,-7.44809]],[[108.82498,-7.44718],[108.82542,-7.44718],[108.82542,-7.44674],[108.82498,-7.44674],[108.82498,-7.44718]]],[[[108.8159,-7.45166],[108.81589,-7.45166],[108.81589,-7.45121],[108.8159,-7.45121],[108.81635,-7.45121],[108.81635,-7.45166],[108.8159,-7.45166]]],[[[108.81862,-7.44896],[108.81826,-7.44896],[108.81818,-7.44896],[108.81818,-7.44851],[108.81863,-7.44851],[108.81908,-7.44851],[108.81908,-7.44896],[108.81863,-7.44896],[108.81862,-7.44896]]],[[[108.81546,-7.44895],[108.815,-7.44895],[108.815,-7.44894],[108.815,-7.44849],[108.81546,-7.44849],[108.81546,-7.44894],[108.81546,-7.44895]]],[[[108.81729,-7.44624],[108.81774,-7.44624],[108.81774,-7.4467],[108.81773,-7.4467],[108.81773,-7.44715],[108.81773,-7.4476],[108.81818,-7.4476],[108.81818,-7.44715],[108.81864,-7.44715],[108.81864,-7.4476],[108.81909,-7.4476],[108.81909,-7.44761],[108.81909,-7.44806],[108.81863,-7.44806],[108.81818,-7.44806],[108.81773,-7.44806],[108.81773,-7.44805],[108.81728,-7.44805],[108.81728,-7.4476],[108.81728,-7.44715],[108.81728,-7.4467],[108.81728,-7.44669],[108.81728,-7.44624],[108.81683,-7.44624],[108.81683,-7.44579],[108.81729,-7.44579],[108.81729,-7.44624]]],[[[108.81638,-7.44669],[108.81683,-7.44669],[108.81683,-7.44714],[108.81683,-7.44715],[108.81638,-7.44715],[108.81637,-7.44714],[108.81637,-7.44669],[108.81638,-7.44669]]],[[[108.81818,-7.4467],[108.81818,-7.44625],[108.81864,-7.44625],[108.81864,-7.4467],[108.81818,-7.4467]]],[[[108.81819,-7.4458],[108.81819,-7.44534],[108.81865,-7.44534],[108.81865,-7.4458],[108.81819,-7.4458]]],[[[108.81775,-7.44399],[108.81775,-7.44354],[108.81775,-7.44353],[108.81821,-7.44353],[108.81821,-7.44354],[108.81821,-7.44399],[108.81775,-7.44399]]],[[[108.81686,-7.43946],[108.81641,-7.43946],[108.81596,-7.43946],[108.81596,-7.43901],[108.81641,-7.43901],[108.81686,-7.43901],[108.81687,-7.43901],[108.81732,-7.43901],[108.81732,-7.43947],[108.81686,-7.43947],[108.81686,-7.43946]]],[[[108.8178,-7.43314],[108.81734,-7.43314],[108.81734,-7.43269],[108.8178,-7.43269],[108.8178,-7.43314]]],[[[108.81644,-7.43314],[108.81644,-7.43269],[108.81644,-7.43268],[108.8169,-7.43268],[108.8169,-7.43269],[108.8169,-7.43314],[108.81644,-7.43314]]],[[[108.81736,-7.43043],[108.81736,-7.42998],[108.81782,-7.42998],[108.81782,-7.43043],[108.81736,-7.43043]]],[[[108.81747,-7.42908],[108.81782,-7.42908],[108.81783,-7.42908],[108.81828,-7.42908],[108.81828,-7.42953],[108.81783,-7.42953],[108.81782,-7.42953],[108.81737,-7.42953],[108.81737,-7.42914],[108.81747,-7.42908]]],[[[108.82033,-7.47066],[108.82033,-7.4702],[108.82079,-7.4702],[108.82079,-7.47066],[108.82033,-7.47066]]],[[[108.82127,-7.46343],[108.82127,-7.46298],[108.82173,-7.46298],[108.82173,-7.46343],[108.82127,-7.46343]]],[[[108.82581,-7.46074],[108.82581,-7.46029],[108.82626,-7.46029],[108.82627,-7.46029],[108.82672,-7.46029],[108.82672,-7.46075],[108.82627,-7.46075],[108.82626,-7.46075],[108.82581,-7.46075],[108.82581,-7.46074]]],[[[108.82175,-7.45666],[108.82175,-7.45662],[108.82179,-7.45666],[108.82175,-7.45666]]],[[[108.82221,-7.45621],[108.82221,-7.45666],[108.8218,-7.45666],[108.82175,-7.45662],[108.82175,-7.45621],[108.82175,-7.4562],[108.82221,-7.4562],[108.82221,-7.45621]]],[[[108.82358,-7.45486],[108.82358,-7.45441],[108.82404,-7.45441],[108.82404,-7.45486],[108.82358,-7.45486]]],[[[108.82539,-7.45441],[108.82539,-7.45442],[108.82494,-7.45442],[108.82494,-7.45441],[108.82494,-7.45396],[108.82539,-7.45396],[108.82539,-7.45441]]],[[[108.82449,-7.45396],[108.82404,-7.45396],[108.82403,-7.45396],[108.82403,-7.45351],[108.82403,-7.4535],[108.82403,-7.45305],[108.82404,-7.45305],[108.82449,-7.45305],[108.82449,-7.45306],[108.82494,-7.45306],[108.82494,-7.45351],[108.82494,-7.45396],[108.82449,-7.45396]]],[[[108.82177,-7.4535],[108.82177,-7.45304],[108.82223,-7.45304],[108.82223,-7.4535],[108.82177,-7.4535]]],[[[108.82404,-7.4526],[108.82359,-7.4526],[108.82358,-7.4526],[108.82358,-7.45215],[108.82359,-7.45215],[108.82404,-7.45215],[108.82404,-7.4526]]],[[[108.82495,-7.45216],[108.82495,-7.4517],[108.8245,-7.4517],[108.8245,-7.45125],[108.82496,-7.45125],[108.82496,-7.4517],[108.82541,-7.4517],[108.82541,-7.45216],[108.82495,-7.45216]]],[[[108.82404,-7.45215],[108.82404,-7.4517],[108.8245,-7.4517],[108.8245,-7.45215],[108.82404,-7.45215]]],[[[108.82269,-7.45124],[108.82224,-7.45124],[108.82223,-7.45124],[108.82223,-7.45079],[108.82224,-7.45079],[108.82269,-7.45079],[108.82269,-7.45124]]],[[[108.82315,-7.45034],[108.82315,-7.44989],[108.82361,-7.44989],[108.82361,-7.45034],[108.82315,-7.45034]]],[[[108.82317,-7.44673],[108.82317,-7.44627],[108.82362,-7.44627],[108.82362,-7.44673],[108.82317,-7.44673]]],[[[108.82045,-7.44671],[108.82045,-7.44626],[108.8209,-7.44626],[108.82091,-7.44626],[108.82136,-7.44626],[108.82181,-7.44626],[108.82182,-7.44626],[108.82227,-7.44626],[108.82227,-7.44627],[108.82227,-7.44672],[108.82182,-7.44672],[108.82181,-7.44672],[108.82136,-7.44672],[108.8209,-7.44672],[108.8209,-7.44671],[108.82045,-7.44671]]],[[[108.82136,-7.44581],[108.82136,-7.44536],[108.82182,-7.44536],[108.82182,-7.44581],[108.82136,-7.44581]]],[[[108.82137,-7.44446],[108.82092,-7.44446],[108.82091,-7.44446],[108.82091,-7.444],[108.82092,-7.444],[108.82137,-7.444],[108.82137,-7.44446]]],[[[108.82409,-7.44357],[108.82409,-7.44402],[108.82364,-7.44402],[108.82363,-7.44402],[108.82318,-7.44402],[108.82318,-7.44401],[108.82318,-7.44356],[108.82363,-7.44356],[108.82364,-7.44356],[108.82408,-7.44356],[108.82408,-7.44311],[108.82454,-7.44311],[108.82454,-7.44357],[108.82409,-7.44357]]],[[[108.8259,-7.44222],[108.82545,-7.44222],[108.82545,-7.44176],[108.8259,-7.44176],[108.82591,-7.44176],[108.82591,-7.44222],[108.8259,-7.44222]]],[[[108.82002,-7.44219],[108.82002,-7.44174],[108.82048,-7.44174],[108.82048,-7.44219],[108.82002,-7.44219]]],[[[108.82681,-7.44177],[108.82636,-7.44177],[108.82635,-7.44177],[108.82635,-7.44132],[108.82636,-7.44132],[108.82681,-7.44132],[108.82681,-7.44177]]],[[[108.82545,-7.44086],[108.82545,-7.44041],[108.825,-7.44041],[108.825,-7.43996],[108.82546,-7.43996],[108.82546,-7.43951],[108.82546,-7.43906],[108.82501,-7.43906],[108.82501,-7.43905],[108.82501,-7.4386],[108.82501,-7.43815],[108.82547,-7.43815],[108.82592,-7.43815],[108.82593,-7.43815],[108.82638,-7.43815],[108.82638,-7.43816],[108.82683,-7.43816],[108.82728,-7.43816],[108.82728,-7.43771],[108.82684,-7.43771],[108.82683,-7.43771],[108.82638,-7.43771],[108.82638,-7.43725],[108.82638,-7.4368],[108.82593,-7.4368],[108.82593,-7.43635],[108.82638,-7.43635],[108.82639,-7.43635],[108.82683,-7.43635],[108.82683,-7.4359],[108.82684,-7.4359],[108.82729,-7.4359],[108.82774,-7.4359],[108.82774,-7.43545],[108.82774,-7.435],[108.82729,-7.435],[108.82729,-7.43455],[108.8273,-7.43455],[108.8273,-7.43409],[108.82739,-7.43409],[108.8274,-7.43409],[108.8274,-7.43418],[108.82757,-7.43418],[108.82757,-7.43419],[108.8274,-7.43419],[108.8274,-7.43454],[108.82757,-7.43455],[108.82757,-7.43473],[108.82775,-7.43473],[108.82775,-7.43491],[108.82811,-7.43491],[108.82811,-7.43455],[108.82812,-7.43455],[108.8282,-7.43455],[108.82821,-7.43455],[108.8283,-7.43455],[108.8283,-7.4341],[108.82866,-7.4341],[108.82866,-7.43365],[108.82866,-7.4332],[108.82867,-7.4332],[108.82867,-7.43275],[108.82867,-7.43274],[108.82912,-7.43274],[108.82913,-7.43274],[108.82913,-7.43275],[108.82913,-7.4332],[108.82957,-7.4332],[108.82957,-7.43275],[108.83002,-7.43275],[108.83003,-7.43275],[108.83047,-7.43275],[108.83047,-7.43231],[108.83047,-7.4323],[108.83002,-7.4323],[108.83002,-7.43185],[108.83002,-7.4314],[108.82957,-7.4314],[108.82957,-7.43094],[108.82958,-7.43094],[108.82958,-7.43049],[108.82958,-7.43004],[108.82958,-7.42959],[108.82914,-7.42959],[108.82913,-7.42959],[108.82868,-7.42959],[108.82868,-7.42958],[108.82823,-7.42958],[108.82778,-7.42958],[108.82777,-7.42958],[108.82732,-7.42958],[108.82732,-7.43003],[108.82687,-7.43003],[108.82687,-7.42957],[108.82732,-7.42957],[108.82732,-7.42913],[108.82732,-7.42912],[108.82688,-7.42912],[108.82687,-7.42912],[108.82642,-7.42912],[108.82642,-7.42957],[108.82597,-7.42957],[108.82597,-7.42912],[108.82552,-7.42912],[108.82551,-7.42912],[108.82507,-7.42912],[108.82507,-7.42956],[108.82507,-7.42957],[108.82461,-7.42957],[108.82461,-7.42956],[108.82416,-7.42956],[108.8237,-7.42956],[108.8237,-7.42911],[108.82416,-7.42911],[108.82461,-7.42911],[108.82462,-7.42911],[108.82506,-7.42911],[108.82506,-7.42866],[108.82507,-7.42866],[108.82551,-7.42866],[108.82552,-7.42866],[108.82597,-7.42866],[108.82597,-7.42867],[108.82642,-7.42867],[108.82687,-7.42867],[108.82688,-7.42867],[108.82732,-7.42867],[108.82732,-7.42822],[108.82688,-7.42822],[108.82687,-7.42822],[108.82642,-7.42822],[108.82642,-7.42777],[108.82597,-7.42777],[108.82597,-7.42776],[108.82597,-7.42731],[108.82552,-7.42731],[108.82552,-7.42686],[108.82552,-7.42641],[108.82508,-7.42641],[108.82508,-7.42685],[108.82462,-7.42685],[108.82462,-7.4273],[108.82462,-7.42775],[108.82462,-7.42776],[108.82506,-7.42776],[108.82507,-7.42776],[108.82552,-7.42776],[108.82552,-7.42821],[108.82507,-7.42821],[108.82506,-7.42821],[108.82462,-7.42821],[108.82462,-7.42866],[108.82416,-7.42866],[108.82416,-7.42821],[108.82416,-7.4282],[108.82416,-7.42802],[108.82416,-7.42776],[108.82416,-7.42775],[108.82416,-7.4273],[108.82417,-7.4273],[108.82417,-7.42694],[108.82416,-7.42694],[108.82416,-7.42685],[108.82399,-7.42685],[108.82399,-7.42658],[108.82381,-7.42658],[108.8238,-7.42658],[108.82372,-7.42658],[108.82371,-7.42658],[108.82371,-7.4264],[108.82327,-7.4264],[108.82326,-7.4264],[108.82326,-7.42594],[108.82326,-7.42549],[108.82282,-7.42549],[108.82281,-7.42549],[108.82281,-7.42504],[108.82282,-7.42504],[108.82327,-7.42504],[108.82327,-7.42549],[108.82372,-7.42549],[108.82418,-7.42549],[108.82418,-7.42595],[108.82462,-7.42595],[108.82463,-7.42595],[108.82507,-7.42595],[108.82508,-7.42595],[108.82553,-7.42595],[108.82599,-7.42595],[108.82599,-7.42641],[108.82598,-7.42641],[108.82598,-7.42686],[108.82643,-7.42686],[108.82688,-7.42686],[108.82688,-7.42641],[108.82734,-7.42641],[108.82734,-7.42596],[108.8278,-7.42596],[108.8278,-7.42641],[108.8278,-7.42642],[108.82824,-7.42642],[108.82825,-7.42642],[108.8287,-7.42642],[108.8287,-7.42597],[108.82825,-7.42597],[108.82825,-7.42552],[108.8278,-7.42552],[108.8278,-7.42506],[108.82825,-7.42506],[108.82826,-7.42506],[108.8287,-7.42506],[108.8287,-7.42461],[108.82825,-7.42461],[108.82825,-7.42416],[108.82871,-7.42416],[108.82871,-7.42461],[108.82915,-7.42461],[108.82915,-7.42416],[108.82916,-7.42416],[108.82961,-7.42416],[108.82961,-7.42462],[108.83006,-7.42462],[108.83052,-7.42462],[108.83052,-7.42507],[108.83051,-7.42507],[108.83051,-7.42517],[108.83033,-7.42517],[108.83033,-7.42553],[108.83006,-7.42553],[108.83005,-7.42553],[108.83005,-7.42552],[108.82997,-7.42552],[108.82997,-7.42507],[108.82997,-7.42498],[108.82961,-7.42498],[108.82961,-7.42507],[108.82961,-7.42516],[108.8296,-7.42516],[108.82942,-7.42516],[108.82942,-7.42552],[108.82942,-7.4257],[108.8296,-7.4257],[108.82961,-7.4257],[108.82961,-7.42597],[108.82979,-7.42597],[108.82979,-7.42606],[108.82997,-7.42606],[108.83005,-7.42606],[108.83006,-7.42606],[108.83033,-7.42606],[108.83033,-7.42598],[108.83033,-7.42597],[108.83051,-7.42597],[108.83051,-7.42598],[108.83051,-7.42625],[108.83015,-7.42625],[108.83015,-7.42643],[108.83014,-7.42643],[108.83014,-7.42625],[108.83006,-7.42625],[108.83005,-7.42625],[108.82978,-7.42625],[108.82978,-7.42643],[108.82961,-7.42643],[108.8296,-7.42643],[108.82916,-7.42643],[108.82916,-7.42687],[108.8296,-7.42687],[108.8296,-7.42697],[108.82961,-7.42697],[108.82961,-7.42733],[108.83005,-7.42733],[108.83005,-7.42688],[108.83051,-7.42688],[108.83051,-7.42733],[108.83095,-7.42733],[108.83095,-7.42688],[108.83096,-7.42688],[108.83105,-7.42688],[108.83105,-7.42697],[108.83141,-7.42697],[108.83141,-7.42698],[108.83141,-7.42733],[108.83141,-7.42734],[108.83186,-7.42734],[108.83186,-7.42779],[108.83231,-7.42779],[108.83231,-7.42824],[108.83231,-7.42825],[108.83231,-7.42869],[108.83231,-7.4287],[108.83276,-7.4287],[108.83321,-7.4287],[108.83321,-7.42915],[108.83276,-7.42915],[108.83231,-7.42915],[108.83231,-7.4296],[108.83231,-7.43005],[108.83185,-7.43005],[108.83185,-7.4305],[108.8323,-7.4305],[108.8323,-7.43095],[108.8323,-7.43096],[108.8323,-7.43141],[108.83275,-7.43141],[108.83275,-7.43186],[108.8332,-7.43186],[108.8332,-7.43232],[108.83365,-7.43232],[108.83365,-7.43277],[108.83365,-7.43322],[108.83319,-7.43322],[108.83273,-7.43322],[108.83273,-7.43277],[108.83273,-7.43276],[108.83319,-7.43276],[108.83319,-7.43232],[108.83274,-7.43232],[108.83274,-7.43231],[108.83229,-7.43231],[108.83229,-7.43276],[108.83229,-7.43321],[108.83229,-7.43322],[108.83183,-7.43322],[108.83183,-7.43366],[108.83228,-7.43366],[108.83228,-7.43367],[108.83273,-7.43367],[108.83318,-7.43367],[108.83319,-7.43367],[108.83364,-7.43367],[108.83364,-7.43412],[108.83364,-7.43413],[108.83319,-7.43413],[108.83319,-7.43457],[108.83364,-7.43457],[108.83364,-7.43458],[108.83408,-7.43458],[108.83408,-7.43413],[108.83454,-7.43413],[108.83454,-7.43458],[108.83454,-7.43503],[108.83409,-7.43503],[108.83409,-7.43548],[108.83454,-7.43548],[108.83454,-7.43594],[108.83498,-7.43594],[108.83498,-7.43549],[108.83544,-7.43549],[108.83544,-7.43594],[108.83544,-7.43639],[108.83499,-7.43639],[108.83498,-7.43639],[108.83498,-7.43684],[108.83453,-7.43684],[108.83453,-7.43729],[108.83408,-7.43729],[108.83408,-7.43774],[108.83408,-7.43819],[108.83362,-7.43819],[108.83362,-7.43864],[108.83317,-7.43864],[108.83317,-7.43909],[108.83316,-7.43909],[108.83316,-7.43954],[108.83361,-7.43954],[108.83361,-7.43955],[108.83407,-7.43955],[108.83407,-7.44],[108.83406,-7.44],[108.83406,-7.44045],[108.83406,-7.4409],[108.8336,-7.4409],[108.8336,-7.44045],[108.8336,-7.44],[108.83316,-7.44],[108.83315,-7.44],[108.8327,-7.44],[108.8327,-7.43999],[108.83225,-7.43999],[108.83225,-7.43954],[108.83225,-7.43909],[108.8318,-7.43909],[108.8318,-7.43863],[108.83135,-7.43863],[108.83135,-7.43818],[108.83181,-7.43818],[108.83181,-7.43773],[108.83136,-7.43773],[108.83091,-7.43773],[108.8309,-7.43773],[108.83045,-7.43773],[108.83045,-7.43772],[108.83,-7.43772],[108.82955,-7.43772],[108.82955,-7.43817],[108.83,-7.43817],[108.83,-7.43862],[108.83045,-7.43862],[108.83045,-7.43863],[108.8309,-7.43863],[108.8309,-7.43908],[108.83045,-7.43908],[108.83044,-7.43908],[108.82999,-7.43908],[108.82999,-7.43863],[108.82954,-7.43863],[108.82954,-7.43907],[108.82954,-7.43908],[108.82954,-7.43953],[108.82909,-7.43953],[108.82909,-7.43952],[108.82864,-7.43952],[108.82864,-7.43997],[108.82818,-7.43997],[108.82773,-7.43997],[108.82773,-7.44042],[108.82728,-7.44042],[108.82727,-7.44042],[108.82727,-7.44087],[108.82681,-7.44087],[108.82681,-7.44042],[108.82637,-7.44042],[108.82636,-7.44042],[108.82591,-7.44042],[108.82591,-7.44086],[108.82591,-7.44132],[108.82545,-7.44132],[108.82545,-7.44086]],[[108.82462,-7.4264],[108.82417,-7.4264],[108.82417,-7.42685],[108.82462,-7.42685],[108.82462,-7.4264]],[[108.82417,-7.42595],[108.82372,-7.42595],[108.82372,-7.4264],[108.82417,-7.4264],[108.82417,-7.42595]],[[108.83229,-7.43186],[108.83184,-7.43186],[108.83184,-7.43231],[108.83229,-7.43231],[108.83229,-7.43186]],[[108.83453,-7.43639],[108.83453,-7.43594],[108.83408,-7.43594],[108.83408,-7.43638],[108.83408,-7.43639],[108.83408,-7.43684],[108.83453,-7.43684],[108.83453,-7.43639]],[[108.83181,-7.43863],[108.83226,-7.43863],[108.83226,-7.43818],[108.83181,-7.43818],[108.83181,-7.43863]],[[108.82912,-7.43455],[108.82957,-7.43455],[108.82957,-7.43456],[108.83001,-7.43456],[108.83002,-7.43456],[108.83002,-7.43411],[108.82957,-7.43411],[108.82912,-7.43411],[108.82912,-7.43455]],[[108.83045,-7.43637],[108.83046,-7.43637],[108.83046,-7.43592],[108.83001,-7.43592],[108.83001,-7.43636],[108.83001,-7.43637],[108.83045,-7.43637]],[[108.82682,-7.43996],[108.82727,-7.43996],[108.82727,-7.43952],[108.82682,-7.43952],[108.82682,-7.43996]],[[108.82729,-7.4368],[108.82729,-7.43636],[108.82729,-7.43635],[108.82684,-7.43635],[108.82684,-7.4368],[108.82684,-7.43725],[108.82729,-7.43725],[108.82729,-7.43681],[108.82729,-7.4368]],[[108.82773,-7.43861],[108.82729,-7.43861],[108.82728,-7.43861],[108.82728,-7.43906],[108.82773,-7.43906],[108.82773,-7.43862],[108.82773,-7.43861]],[[108.82818,-7.43952],[108.82863,-7.43952],[108.82863,-7.43907],[108.82819,-7.43907],[108.82818,-7.43907],[108.82773,-7.43907],[108.82773,-7.43951],[108.82773,-7.43952],[108.82818,-7.43952]],[[108.82819,-7.43726],[108.82864,-7.43726],[108.82909,-7.43726],[108.82909,-7.43681],[108.82865,-7.43681],[108.82864,-7.43681],[108.8282,-7.43681],[108.82819,-7.43681],[108.82819,-7.43726]],[[108.8291,-7.43636],[108.8291,-7.43681],[108.82955,-7.43681],[108.82955,-7.43637],[108.82955,-7.43636],[108.8291,-7.43636]],[[108.82959,-7.42868],[108.82914,-7.42868],[108.82914,-7.42913],[108.82959,-7.42913],[108.82959,-7.42869],[108.82959,-7.42868]],[[108.83048,-7.4314],[108.83048,-7.43095],[108.83004,-7.43095],[108.83003,-7.43095],[108.83003,-7.4314],[108.83048,-7.4314]],[[108.83006,-7.42778],[108.8305,-7.42778],[108.8305,-7.42733],[108.83006,-7.42733],[108.83006,-7.42778]],[[108.82778,-7.42777],[108.82734,-7.42777],[108.82733,-7.42777],[108.82733,-7.42822],[108.82778,-7.42822],[108.82778,-7.42777]],[[108.82959,-7.42823],[108.82959,-7.42778],[108.82915,-7.42778],[108.82915,-7.42823],[108.82959,-7.42823]],[[108.83092,-7.43546],[108.83092,-7.43502],[108.83047,-7.43502],[108.83047,-7.43546],[108.83092,-7.43546]],[[108.83227,-7.43728],[108.83272,-7.43728],[108.83272,-7.43683],[108.83227,-7.43683],[108.83227,-7.43728]],[[108.83227,-7.43774],[108.83227,-7.43818],[108.83271,-7.43818],[108.83271,-7.43774],[108.83227,-7.43774]],[[108.83227,-7.43637],[108.83227,-7.43593],[108.83182,-7.43593],[108.83182,-7.43637],[108.83227,-7.43637]],[[108.83138,-7.4314],[108.83094,-7.4314],[108.83094,-7.43185],[108.83138,-7.43185],[108.83138,-7.4314]],[[108.83139,-7.43095],[108.83139,-7.4314],[108.83184,-7.4314],[108.83184,-7.43096],[108.83184,-7.43095],[108.83184,-7.4305],[108.8314,-7.4305],[108.8314,-7.43095],[108.83139,-7.43095]],[[108.83138,-7.43231],[108.83138,-7.43276],[108.83183,-7.43276],[108.83183,-7.43231],[108.83139,-7.43231],[108.83138,-7.43231]],[[108.83408,-7.43593],[108.83408,-7.43548],[108.83363,-7.43548],[108.83363,-7.43593],[108.83408,-7.43593]]],[[[108.82411,-7.4404],[108.8241,-7.4404],[108.82365,-7.4404],[108.8232,-7.4404],[108.82275,-7.4404],[108.82275,-7.43995],[108.82275,-7.43994],[108.8232,-7.43994],[108.8232,-7.43995],[108.82365,-7.43995],[108.82365,-7.4395],[108.82411,-7.4395],[108.82411,-7.43995],[108.82411,-7.4404]]],[[[108.8241,-7.43905],[108.8241,-7.4386],[108.82456,-7.4386],[108.82456,-7.43905],[108.8241,-7.43905]]],[[[108.82004,-7.43858],[108.82004,-7.43813],[108.82004,-7.43812],[108.8205,-7.43812],[108.8205,-7.43813],[108.8205,-7.43858],[108.82004,-7.43858]]],[[[108.82547,-7.4377],[108.82547,-7.43725],[108.82502,-7.43725],[108.82502,-7.43679],[108.82548,-7.43679],[108.82548,-7.43725],[108.82593,-7.43725],[108.82593,-7.4377],[108.82547,-7.4377]]],[[[108.82095,-7.43677],[108.8205,-7.43677],[108.82049,-7.43677],[108.82049,-7.43632],[108.8205,-7.43632],[108.82095,-7.43632],[108.82095,-7.43677]]],[[[108.82367,-7.43634],[108.82367,-7.43588],[108.82413,-7.43588],[108.82413,-7.43634],[108.82367,-7.43634]]],[[[108.82638,-7.43545],[108.82594,-7.43545],[108.82594,-7.43589],[108.82594,-7.4359],[108.82548,-7.4359],[108.82548,-7.43589],[108.82548,-7.43544],[108.82593,-7.43544],[108.82593,-7.43499],[108.82594,-7.43499],[108.82638,-7.43499],[108.82639,-7.43499],[108.82684,-7.43499],[108.82684,-7.43545],[108.82639,-7.43545],[108.82638,-7.43545]]],[[[108.82414,-7.43273],[108.82414,-7.43272],[108.82368,-7.43272],[108.82368,-7.43227],[108.82368,-7.43182],[108.82324,-7.43182],[108.82324,-7.43227],[108.82278,-7.43227],[108.82278,-7.43181],[108.82323,-7.43181],[108.82323,-7.43136],[108.82324,-7.43136],[108.82324,-7.43091],[108.82279,-7.43091],[108.82279,-7.43046],[108.82279,-7.43001],[108.82279,-7.42955],[108.82235,-7.42955],[108.82235,-7.43],[108.82189,-7.43],[108.82189,-7.42955],[108.82189,-7.4291],[108.82234,-7.4291],[108.82235,-7.4291],[108.82235,-7.42874],[108.82253,-7.42874],[108.82254,-7.42874],[108.82281,-7.42874],[108.82281,-7.4291],[108.82325,-7.4291],[108.82326,-7.4291],[108.82326,-7.42956],[108.82325,-7.42956],[108.82325,-7.43001],[108.8237,-7.43001],[108.82416,-7.43001],[108.82416,-7.43046],[108.8237,-7.43046],[108.8237,-7.43091],[108.82415,-7.43091],[108.82415,-7.43137],[108.82415,-7.43182],[108.82459,-7.43182],[108.8246,-7.43182],[108.82505,-7.43182],[108.82505,-7.43227],[108.82505,-7.43228],[108.8255,-7.43228],[108.8255,-7.43183],[108.82595,-7.43183],[108.82595,-7.43138],[108.82641,-7.43138],[108.82641,-7.43183],[108.82686,-7.43183],[108.82686,-7.43138],[108.82732,-7.43138],[108.82732,-7.43183],[108.82732,-7.43184],[108.82732,-7.43228],[108.82732,-7.43229],[108.82732,-7.43274],[108.82776,-7.43274],[108.82776,-7.43229],[108.82822,-7.43229],[108.82822,-7.43274],[108.82777,-7.43274],[108.82777,-7.43319],[108.82776,-7.43319],[108.82776,-7.43364],[108.82776,-7.43365],[108.8273,-7.43365],[108.8273,-7.43364],[108.82686,-7.43364],[108.82685,-7.43364],[108.82685,-7.43409],[108.82639,-7.43409],[108.82639,-7.43364],[108.82595,-7.43364],[108.82594,-7.43364],[108.82549,-7.43364],[108.82549,-7.43363],[108.82504,-7.43363],[108.82504,-7.43318],[108.82459,-7.43318],[108.82459,-7.43273],[108.82414,-7.43273]],[[108.8255,-7.43273],[108.82595,-7.43273],[108.82595,-7.43318],[108.8264,-7.43318],[108.8264,-7.43319],[108.82685,-7.43319],[108.82685,-7.43274],[108.82686,-7.43274],[108.82686,-7.43229],[108.8264,-7.43229],[108.8264,-7.43228],[108.82596,-7.43228],[108.82595,-7.43228],[108.8255,-7.43228],[108.8255,-7.43273]]],[[[108.82278,-7.43362],[108.82233,-7.43362],[108.82233,-7.43317],[108.82278,-7.43317],[108.82279,-7.43317],[108.82279,-7.43362],[108.82278,-7.43362]]],[[[108.82372,-7.4282],[108.82372,-7.42856],[108.82372,-7.42857],[108.82344,-7.42857],[108.82344,-7.42865],[108.82344,-7.42866],[108.82343,-7.42866],[108.82326,-7.42866],[108.82326,-7.42865],[108.82326,-7.4282],[108.82362,-7.4282],[108.82372,-7.4282]]],[[[108.82326,-7.4273],[108.82281,-7.4273],[108.82281,-7.42684],[108.82326,-7.42684],[108.82327,-7.42684],[108.82327,-7.42712],[108.82326,-7.42712],[108.82326,-7.4273]]],[[[108.82145,-7.42684],[108.82145,-7.42639],[108.82145,-7.42638],[108.82191,-7.42638],[108.82191,-7.42639],[108.82191,-7.42684],[108.82145,-7.42684]]],[[[108.82599,-7.42505],[108.82599,-7.4255],[108.82553,-7.4255],[108.82553,-7.42505],[108.82508,-7.42505],[108.82508,-7.4246],[108.82508,-7.42414],[108.82554,-7.42414],[108.82554,-7.4246],[108.82554,-7.42505],[108.82599,-7.42505]]],[[[108.82464,-7.42505],[108.82418,-7.42505],[108.82418,-7.42504],[108.82372,-7.42504],[108.82372,-7.42459],[108.82372,-7.42414],[108.82418,-7.42414],[108.82418,-7.42369],[108.82464,-7.42369],[108.82464,-7.42414],[108.82464,-7.42459],[108.82464,-7.42504],[108.82464,-7.42505]]],[[[108.82282,-7.42368],[108.82282,-7.42323],[108.82283,-7.42323],[108.82283,-7.42278],[108.82328,-7.42278],[108.82328,-7.42233],[108.82374,-7.42233],[108.82374,-7.42278],[108.82374,-7.42323],[108.82329,-7.42323],[108.82328,-7.42323],[108.82328,-7.42368],[108.82282,-7.42368]]],[[[108.82555,-7.42144],[108.82555,-7.42098],[108.82601,-7.42098],[108.82601,-7.42144],[108.82555,-7.42144]]],[[[108.82513,-7.41644],[108.82523,-7.41646],[108.82523,-7.41647],[108.82513,-7.41647],[108.82513,-7.41645],[108.82513,-7.41644]]],[[[108.82806,-7.46347],[108.82806,-7.46301],[108.82852,-7.46301],[108.82852,-7.46347],[108.82806,-7.46347]]],[[[108.82882,-7.46031],[108.82863,-7.46031],[108.82853,-7.46031],[108.82853,-7.46016],[108.82853,-7.45999],[108.82874,-7.46021],[108.82858,-7.46],[108.82853,-7.45996],[108.82853,-7.45985],[108.82899,-7.45985],[108.82899,-7.46031],[108.82884,-7.46031],[108.82882,-7.46031]]],[[[108.82944,-7.45895],[108.82899,-7.45895],[108.82899,-7.4585],[108.82944,-7.4585],[108.82945,-7.4585],[108.82945,-7.45895],[108.82944,-7.45895]]],[[[108.82855,-7.45669],[108.82855,-7.45714],[108.82855,-7.45759],[108.82854,-7.45759],[108.82809,-7.45759],[108.82809,-7.45714],[108.82809,-7.45669],[108.82809,-7.45624],[108.82855,-7.45624],[108.82855,-7.45669]]],[[[108.82764,-7.45713],[108.82765,-7.45714],[108.82765,-7.45759],[108.82764,-7.45759],[108.82719,-7.45759],[108.82719,-7.45714],[108.82719,-7.45713],[108.82764,-7.45713]]],[[[108.82945,-7.45625],[108.82945,-7.45624],[108.82945,-7.45579],[108.82946,-7.45579],[108.82946,-7.45534],[108.82946,-7.45489],[108.82991,-7.45489],[108.82992,-7.45489],[108.83037,-7.45489],[108.83037,-7.45534],[108.83037,-7.45579],[108.83037,-7.4558],[108.82991,-7.4558],[108.82991,-7.45624],[108.82991,-7.45625],[108.82945,-7.45625]]],[[[108.82674,-7.45623],[108.82674,-7.45578],[108.82719,-7.45578],[108.82719,-7.45623],[108.82674,-7.45623]]],[[[108.82995,-7.44947],[108.82949,-7.44947],[108.82949,-7.44901],[108.82995,-7.44901],[108.82995,-7.44947]]],[[[108.82904,-7.44856],[108.82904,-7.44811],[108.8295,-7.44811],[108.8295,-7.44856],[108.82904,-7.44856]]],[[[108.82813,-7.44856],[108.82813,-7.4481],[108.82859,-7.4481],[108.82859,-7.44856],[108.82813,-7.44856]]],[[[108.82999,-7.43998],[108.83044,-7.43998],[108.83045,-7.43998],[108.83045,-7.44043],[108.83045,-7.44044],[108.83044,-7.44044],[108.82999,-7.44044],[108.82999,-7.44043],[108.82954,-7.44043],[108.82954,-7.44088],[108.82908,-7.44088],[108.82908,-7.44043],[108.82953,-7.44043],[108.82953,-7.43998],[108.82999,-7.43998]]],[[[108.82867,-7.43229],[108.82822,-7.43229],[108.82822,-7.43184],[108.82867,-7.43184],[108.82868,-7.43184],[108.82912,-7.43184],[108.82913,-7.43184],[108.82913,-7.4323],[108.82912,-7.4323],[108.82867,-7.4323],[108.82867,-7.43229]]],[[[108.82777,-7.43094],[108.82777,-7.43048],[108.82822,-7.43048],[108.82822,-7.43094],[108.82777,-7.43094]]],[[[108.82641,-7.43093],[108.82641,-7.43048],[108.82641,-7.43047],[108.82687,-7.43047],[108.82687,-7.43048],[108.82687,-7.43093],[108.82641,-7.43093]]],[[[108.82644,-7.42551],[108.82644,-7.42505],[108.82672,-7.42505],[108.82672,-7.42533],[108.82689,-7.42533],[108.82689,-7.42551],[108.82644,-7.42551]]],[[[108.8278,-7.42416],[108.82735,-7.42416],[108.82735,-7.4237],[108.8278,-7.4237],[108.82781,-7.4237],[108.82781,-7.42416],[108.8278,-7.42416]]],[[[108.8269,-7.42325],[108.82645,-7.42325],[108.82645,-7.42279],[108.8269,-7.42279],[108.82691,-7.42279],[108.82691,-7.42325],[108.8269,-7.42325]]],[[[108.83009,-7.42055],[108.82963,-7.42055],[108.82963,-7.4201],[108.83009,-7.4201],[108.83009,-7.42055]]],[[[108.82783,-7.41783],[108.82738,-7.41783],[108.82738,-7.41738],[108.82783,-7.41738],[108.82784,-7.41738],[108.82784,-7.41783],[108.82783,-7.41783]]],[[[108.82693,-7.41647],[108.82693,-7.41638],[108.82694,-7.41638],[108.82715,-7.41647],[108.82715,-7.41648],[108.82693,-7.41648],[108.82693,-7.41647]]],[[[108.8317,-7.45896],[108.8317,-7.45851],[108.83126,-7.45851],[108.83125,-7.45851],[108.83081,-7.45851],[108.8308,-7.45851],[108.8308,-7.45896],[108.83035,-7.45896],[108.83034,-7.45896],[108.83034,-7.45851],[108.83035,-7.45851],[108.83035,-7.45806],[108.83035,-7.45805],[108.83035,-7.4576],[108.8308,-7.4576],[108.83081,-7.4576],[108.83126,-7.4576],[108.83126,-7.45716],[108.83126,-7.45715],[108.83171,-7.45715],[108.83171,-7.45671],[108.83171,-7.4567],[108.83217,-7.4567],[108.83217,-7.45671],[108.83263,-7.45671],[108.83263,-7.45716],[108.83307,-7.45716],[108.83307,-7.45671],[108.83308,-7.45671],[108.83308,-7.45626],[108.83308,-7.45581],[108.83353,-7.45581],[108.83353,-7.45536],[108.83398,-7.45536],[108.83398,-7.45491],[108.83398,-7.45446],[108.83354,-7.45446],[108.83354,-7.45491],[108.83308,-7.45491],[108.83308,-7.45536],[108.83263,-7.45536],[108.83263,-7.45491],[108.83263,-7.4549],[108.83263,-7.45445],[108.83263,-7.454],[108.83263,-7.45355],[108.83308,-7.45355],[108.83309,-7.45355],[108.83309,-7.4531],[108.83309,-7.45265],[108.83355,-7.45265],[108.83355,-7.4531],[108.83355,-7.45355],[108.83399,-7.45355],[108.834,-7.45355],[108.83445,-7.45355],[108.83445,-7.45356],[108.8349,-7.45356],[108.8349,-7.45401],[108.83445,-7.45401],[108.83445,-7.45446],[108.83489,-7.45446],[108.8349,-7.45446],[108.83534,-7.45446],[108.83535,-7.45446],[108.8358,-7.45446],[108.8358,-7.45447],[108.83625,-7.45447],[108.83626,-7.45447],[108.8367,-7.45447],[108.83671,-7.45447],[108.83671,-7.45402],[108.83671,-7.45357],[108.83671,-7.45312],[108.83626,-7.45312],[108.83626,-7.45311],[108.83626,-7.45266],[108.83581,-7.45266],[108.83581,-7.45221],[108.83581,-7.45176],[108.83581,-7.4513],[108.83582,-7.4513],[108.83626,-7.4513],[108.83626,-7.45085],[108.83627,-7.45085],[108.83627,-7.45041],[108.83627,-7.4504],[108.83582,-7.4504],[108.83582,-7.44995],[108.83537,-7.44995],[108.83492,-7.44995],[108.83491,-7.44995],[108.83491,-7.44949],[108.83492,-7.44949],[108.83537,-7.44949],[108.83582,-7.44949],[108.83582,-7.44905],[108.83582,-7.44904],[108.83583,-7.44904],[108.83583,-7.4486],[108.83583,-7.44859],[108.83538,-7.44859],[108.83538,-7.44814],[108.83583,-7.44814],[108.83583,-7.44769],[108.83538,-7.44769],[108.83538,-7.44724],[108.83584,-7.44724],[108.83584,-7.44769],[108.83628,-7.44769],[108.83629,-7.44769],[108.83629,-7.44724],[108.83629,-7.44679],[108.83629,-7.44634],[108.83675,-7.44634],[108.83675,-7.44679],[108.8372,-7.44679],[108.8372,-7.44724],[108.8372,-7.44725],[108.8372,-7.44769],[108.8372,-7.4477],[108.8372,-7.44815],[108.83674,-7.44815],[108.83674,-7.44859],[108.83674,-7.4486],[108.83674,-7.44905],[108.83674,-7.4495],[108.83673,-7.4495],[108.83673,-7.44995],[108.83718,-7.44995],[108.83718,-7.4504],[108.83718,-7.45041],[108.83718,-7.45086],[108.83718,-7.45131],[108.83672,-7.45131],[108.83672,-7.45176],[108.83672,-7.45221],[108.83672,-7.45266],[108.83717,-7.45266],[108.83717,-7.45267],[108.83762,-7.45267],[108.83762,-7.45312],[108.83762,-7.45357],[108.83717,-7.45357],[108.83717,-7.45402],[108.83717,-7.45447],[108.83762,-7.45447],[108.83762,-7.45493],[108.83761,-7.45493],[108.83761,-7.45538],[108.83716,-7.45538],[108.83716,-7.45583],[108.8376,-7.45583],[108.83761,-7.45583],[108.83806,-7.45583],[108.83806,-7.45628],[108.83851,-7.45628],[108.83851,-7.45629],[108.83851,-7.45674],[108.83851,-7.45719],[108.83832,-7.45719],[108.83832,-7.45701],[108.83814,-7.45701],[108.83814,-7.45683],[108.83814,-7.45682],[108.83832,-7.45682],[108.83832,-7.45674],[108.83832,-7.45647],[108.83805,-7.45647],[108.83805,-7.45629],[108.83761,-7.45629],[108.83761,-7.45664],[108.83761,-7.45665],[108.8376,-7.45665],[108.8376,-7.45673],[108.8376,-7.45683],[108.83742,-7.45683],[108.83742,-7.45718],[108.8376,-7.45718],[108.8376,-7.45719],[108.8376,-7.45737],[108.8376,-7.45755],[108.83759,-7.45755],[108.83724,-7.45755],[108.83724,-7.45764],[108.83715,-7.45764],[108.83714,-7.45764],[108.83714,-7.45808],[108.83714,-7.45809],[108.83759,-7.45809],[108.83759,-7.45854],[108.83714,-7.45854],[108.83713,-7.45854],[108.83669,-7.45854],[108.83669,-7.45899],[108.83624,-7.45899],[108.83624,-7.45944],[108.83668,-7.45944],[108.83668,-7.45953],[108.83632,-7.45953],[108.83632,-7.45989],[108.8365,-7.45989],[108.83669,-7.45989],[108.83669,-7.46034],[108.83623,-7.46034],[108.83623,-7.46079],[108.83623,-7.46124],[108.83667,-7.46124],[108.83667,-7.4608],[108.83713,-7.4608],[108.83758,-7.4608],[108.83759,-7.4608],[108.83803,-7.4608],[108.83803,-7.46035],[108.83759,-7.46035],[108.83758,-7.46035],[108.83758,-7.4599],[108.83714,-7.4599],[108.83713,-7.4599],[108.83713,-7.45989],[108.83714,-7.45989],[108.83741,-7.45989],[108.83741,-7.45971],[108.83758,-7.45971],[108.83759,-7.45971],[108.83759,-7.45972],[108.83777,-7.45972],[108.83803,-7.45972],[108.83804,-7.45972],[108.83813,-7.45972],[108.83813,-7.45945],[108.83813,-7.45936],[108.83804,-7.45936],[108.83803,-7.45936],[108.83803,-7.459],[108.83803,-7.45899],[108.83804,-7.45899],[108.83849,-7.45899],[108.83849,-7.459],[108.83849,-7.45945],[108.83849,-7.4599],[108.83894,-7.4599],[108.83894,-7.45945],[108.83894,-7.459],[108.8394,-7.459],[108.8394,-7.45945],[108.83985,-7.45945],[108.83985,-7.45991],[108.83985,-7.46036],[108.83985,-7.46081],[108.83939,-7.46081],[108.83894,-7.46081],[108.83894,-7.46126],[108.83849,-7.46126],[108.83849,-7.46135],[108.83848,-7.46135],[108.83848,-7.46153],[108.83831,-7.46153],[108.83831,-7.46171],[108.83831,-7.46189],[108.83848,-7.46189],[108.83848,-7.46207],[108.83849,-7.46207],[108.83866,-7.46207],[108.83866,-7.46216],[108.83866,-7.46243],[108.83866,-7.46244],[108.83866,-7.46261],[108.83848,-7.46261],[108.83848,-7.46306],[108.83893,-7.46306],[108.83893,-7.46307],[108.83938,-7.46307],[108.83938,-7.46352],[108.83984,-7.46352],[108.83984,-7.46397],[108.83938,-7.46397],[108.83938,-7.46442],[108.83919,-7.46442],[108.83919,-7.46424],[108.83893,-7.46424],[108.83892,-7.46424],[108.83883,-7.46424],[108.83883,-7.46442],[108.83883,-7.46478],[108.83892,-7.46478],[108.83901,-7.46478],[108.83901,-7.46487],[108.83901,-7.46488],[108.83901,-7.46489],[108.83897,-7.46489],[108.83891,-7.4649],[108.83891,-7.46487],[108.83846,-7.46487],[108.83846,-7.46442],[108.83847,-7.46442],[108.83847,-7.46397],[108.83847,-7.46352],[108.83847,-7.46351],[108.83847,-7.46306],[108.83802,-7.46306],[108.83802,-7.46261],[108.83758,-7.46261],[108.83757,-7.46261],[108.83713,-7.46261],[108.83712,-7.46261],[108.83712,-7.46306],[108.83667,-7.46306],[108.83666,-7.46306],[108.83621,-7.46306],[108.83621,-7.46305],[108.83576,-7.46305],[108.83575,-7.46305],[108.8353,-7.46305],[108.8353,-7.4626],[108.83575,-7.4626],[108.83576,-7.4626],[108.83621,-7.4626],[108.83621,-7.46215],[108.83577,-7.46215],[108.83576,-7.46215],[108.83531,-7.46215],[108.83531,-7.4617],[108.83531,-7.46169],[108.83486,-7.46169],[108.83486,-7.46124],[108.83486,-7.46079],[108.83442,-7.46079],[108.83441,-7.46079],[108.83396,-7.46079],[108.83396,-7.46078],[108.83396,-7.46033],[108.83396,-7.45988],[108.83352,-7.45988],[108.83351,-7.45988],[108.83306,-7.45988],[108.83306,-7.45943],[108.83306,-7.45942],[108.8326,-7.45942],[108.8326,-7.45897],[108.83306,-7.45897],[108.83306,-7.45852],[108.83351,-7.45852],[108.83352,-7.45852],[108.83352,-7.45807],[108.83307,-7.45807],[108.83307,-7.45762],[108.83262,-7.45762],[108.83262,-7.45806],[108.83262,-7.45807],[108.83217,-7.45807],[108.83217,-7.45851],[108.83217,-7.45852],[108.83216,-7.45852],[108.83216,-7.45897],[108.83171,-7.45897],[108.83171,-7.45942],[108.83216,-7.45942],[108.83216,-7.45987],[108.83261,-7.45987],[108.83261,-7.46032],[108.83215,-7.46032],[108.83215,-7.45987],[108.8317,-7.45987],[108.8317,-7.46032],[108.8317,-7.46077],[108.8317,-7.46122],[108.83124,-7.46122],[108.83124,-7.46077],[108.83124,-7.46032],[108.8308,-7.46032],[108.83079,-7.46032],[108.83079,-7.45986],[108.8308,-7.45986],[108.83124,-7.45986],[108.83124,-7.45941],[108.83125,-7.45941],[108.83125,-7.45896],[108.8317,-7.45896]],[[108.83353,-7.45626],[108.83398,-7.45626],[108.83399,-7.45626],[108.83443,-7.45626],[108.83443,-7.45582],[108.83443,-7.45581],[108.83443,-7.45537],[108.83443,-7.45536],[108.83399,-7.45536],[108.83399,-7.45581],[108.83353,-7.45581],[108.83353,-7.45626]],[[108.83623,-7.45989],[108.83623,-7.45944],[108.83614,-7.45944],[108.83614,-7.45898],[108.83623,-7.45898],[108.83623,-7.45854],[108.83579,-7.45854],[108.83579,-7.4588],[108.83579,-7.45881],[108.83578,-7.45881],[108.83578,-7.45898],[108.83578,-7.45943],[108.83578,-7.45944],[108.83578,-7.45989],[108.83578,-7.46034],[108.83623,-7.46034],[108.83623,-7.45989]],[[108.83625,-7.45582],[108.83625,-7.45627],[108.83625,-7.45628],[108.83669,-7.45628],[108.8367,-7.45628],[108.83715,-7.45628],[108.83715,-7.45583],[108.8367,-7.45583],[108.8367,-7.45538],[108.8367,-7.45537],[108.83625,-7.45537],[108.8358,-7.45537],[108.83579,-7.45537],[108.83535,-7.45537],[108.83534,-7.45537],[108.83534,-7.45582],[108.83579,-7.45582],[108.8358,-7.45582],[108.83625,-7.45582]],[[108.83443,-7.45853],[108.83443,-7.45898],[108.83487,-7.45898],[108.83487,-7.45853],[108.83488,-7.45853],[108.83488,-7.45808],[108.83443,-7.45808],[108.83443,-7.45852],[108.83443,-7.45853]],[[108.83532,-7.46033],[108.83532,-7.45989],[108.83532,-7.45944],[108.83532,-7.45943],[108.83532,-7.45898],[108.83488,-7.45898],[108.83488,-7.45943],[108.83488,-7.45988],[108.83442,-7.45988],[108.83442,-7.46033],[108.83486,-7.46033],[108.83487,-7.46033],[108.83532,-7.46033]],[[108.83442,-7.45943],[108.83397,-7.45943],[108.83397,-7.45988],[108.83442,-7.45988],[108.83442,-7.45943]],[[108.83668,-7.4617],[108.83712,-7.4617],[108.83712,-7.46125],[108.83668,-7.46125],[108.83668,-7.4617]],[[108.83532,-7.46124],[108.83576,-7.46124],[108.83577,-7.46124],[108.83577,-7.46079],[108.83577,-7.46034],[108.83532,-7.46034],[108.83532,-7.46079],[108.83532,-7.46124]],[[108.8367,-7.45718],[108.83714,-7.45718],[108.83714,-7.45673],[108.8367,-7.45673],[108.8367,-7.45718]],[[108.83533,-7.45808],[108.83533,-7.45763],[108.83489,-7.45763],[108.83489,-7.45808],[108.83533,-7.45808]],[[108.83534,-7.45853],[108.83578,-7.45853],[108.83578,-7.45808],[108.83534,-7.45808],[108.83534,-7.45853]],[[108.83668,-7.45808],[108.83668,-7.45763],[108.83624,-7.45763],[108.83624,-7.45808],[108.83668,-7.45808]],[[108.83533,-7.45672],[108.83533,-7.45627],[108.83489,-7.45627],[108.83489,-7.45672],[108.83533,-7.45672]]],[[[108.83081,-7.4567],[108.83081,-7.45625],[108.83127,-7.45625],[108.83127,-7.4567],[108.83081,-7.4567]]],[[[108.83218,-7.4558],[108.83172,-7.4558],[108.83172,-7.45535],[108.83218,-7.45535],[108.83218,-7.4558]]],[[[108.83173,-7.45445],[108.83128,-7.45445],[108.83128,-7.45444],[108.83083,-7.45444],[108.83083,-7.45489],[108.83037,-7.45489],[108.83037,-7.45444],[108.83082,-7.45444],[108.83082,-7.45399],[108.83128,-7.45399],[108.83128,-7.45354],[108.83128,-7.45309],[108.83173,-7.45309],[108.83173,-7.45354],[108.83173,-7.45399],[108.83173,-7.454],[108.83173,-7.45445]]],[[[108.83173,-7.45309],[108.83173,-7.45264],[108.83219,-7.45264],[108.83219,-7.45309],[108.83173,-7.45309]]],[[[108.83085,-7.44992],[108.83039,-7.44992],[108.83039,-7.44947],[108.83085,-7.44947],[108.83085,-7.44992]]],[[[108.83155,-7.44676],[108.83176,-7.44676],[108.83176,-7.44722],[108.83131,-7.44722],[108.83112,-7.44722],[108.83086,-7.44722],[108.83086,-7.44676],[108.83131,-7.44676],[108.83155,-7.44676]]],[[[108.82995,-7.44721],[108.82995,-7.44676],[108.83041,-7.44676],[108.83041,-7.44721],[108.82995,-7.44721]]],[[[108.83267,-7.44632],[108.83312,-7.44632],[108.83313,-7.44632],[108.83358,-7.44632],[108.83358,-7.44677],[108.83358,-7.44678],[108.83312,-7.44678],[108.83312,-7.44677],[108.83267,-7.44677],[108.83221,-7.44677],[108.83221,-7.44632],[108.83267,-7.44632]]],[[[108.83131,-7.44631],[108.83131,-7.44586],[108.83177,-7.44586],[108.83177,-7.44631],[108.83131,-7.44631]]],[[[108.83255,-7.44406],[108.83269,-7.44406],[108.83269,-7.44451],[108.8324,-7.44451],[108.83224,-7.44451],[108.83223,-7.44451],[108.83178,-7.44451],[108.83178,-7.44406],[108.83178,-7.44405],[108.83224,-7.44405],[108.83224,-7.44406],[108.83255,-7.44406]]],[[[108.83315,-7.44361],[108.83314,-7.44361],[108.83276,-7.44361],[108.83269,-7.44361],[108.83269,-7.44316],[108.83305,-7.44316],[108.83314,-7.44316],[108.83315,-7.44316],[108.83315,-7.44361]]],[[[108.83315,-7.44271],[108.83314,-7.44271],[108.8327,-7.44271],[108.83269,-7.44271],[108.83224,-7.44271],[108.83224,-7.44315],[108.83178,-7.44315],[108.83178,-7.4427],[108.83224,-7.4427],[108.83224,-7.44225],[108.83269,-7.44225],[108.8327,-7.44225],[108.83314,-7.44225],[108.83315,-7.44225],[108.83315,-7.44271]]],[[[108.83089,-7.44134],[108.83089,-7.44179],[108.83044,-7.44179],[108.83044,-7.44224],[108.82998,-7.44224],[108.82998,-7.44179],[108.83043,-7.44179],[108.83043,-7.44134],[108.83089,-7.44134]]],[[[108.8327,-7.4409],[108.8327,-7.44045],[108.83316,-7.44045],[108.83316,-7.4409],[108.8327,-7.4409]]],[[[108.83134,-7.44089],[108.83134,-7.44044],[108.8318,-7.44044],[108.8318,-7.44089],[108.83134,-7.44089]]],[[[108.83321,-7.43096],[108.83321,-7.43141],[108.83275,-7.43141],[108.83275,-7.43096],[108.83275,-7.43051],[108.83275,-7.43006],[108.83275,-7.43005],[108.83275,-7.4296],[108.83321,-7.4296],[108.83366,-7.4296],[108.83366,-7.42961],[108.83366,-7.43006],[108.83321,-7.43006],[108.83321,-7.43051],[108.83366,-7.43051],[108.83366,-7.43096],[108.83321,-7.43096]]],[[[108.83214,-7.4259],[108.83214,-7.42571],[108.83196,-7.42571],[108.83196,-7.42553],[108.83232,-7.42553],[108.83278,-7.42553],[108.83278,-7.42554],[108.83305,-7.42554],[108.83305,-7.4259],[108.83287,-7.4259],[108.83287,-7.42599],[108.83286,-7.42599],[108.83278,-7.42599],[108.83277,-7.42599],[108.83277,-7.42608],[108.83268,-7.42608],[108.83268,-7.42626],[108.8325,-7.42626],[108.8325,-7.42599],[108.8325,-7.4259],[108.83232,-7.4259],[108.83214,-7.4259]]],[[[108.83142,-7.42463],[108.83142,-7.42499],[108.83124,-7.42499],[108.83124,-7.42508],[108.83106,-7.42508],[108.83106,-7.42499],[108.83096,-7.42499],[108.83096,-7.42462],[108.83097,-7.42462],[108.83097,-7.42417],[108.83142,-7.42417],[108.83143,-7.42417],[108.83188,-7.42417],[108.83188,-7.42418],[108.83188,-7.42463],[108.83143,-7.42463],[108.83142,-7.42463]]],[[[108.83006,-7.42417],[108.83006,-7.42372],[108.83052,-7.42372],[108.83052,-7.42417],[108.83006,-7.42417]]],[[[108.83198,-7.42246],[108.83216,-7.42246],[108.83216,-7.42264],[108.83234,-7.42264],[108.83234,-7.42282],[108.83234,-7.42327],[108.83234,-7.42328],[108.83234,-7.42373],[108.83188,-7.42373],[108.83188,-7.42328],[108.83188,-7.42327],[108.83143,-7.42327],[108.83143,-7.42282],[108.83188,-7.42282],[108.83188,-7.42237],[108.83198,-7.42237],[108.83198,-7.42246]]],[[[108.8344,-7.46214],[108.8344,-7.46169],[108.83486,-7.46169],[108.83486,-7.46214],[108.8344,-7.46214]]],[[[108.83714,-7.45899],[108.83723,-7.45899],[108.83723,-7.45935],[108.83714,-7.45935],[108.83713,-7.45935],[108.83713,-7.45899],[108.83714,-7.45899]]],[[[108.83355,-7.45129],[108.834,-7.45129],[108.83401,-7.45129],[108.83446,-7.45129],[108.83446,-7.4513],[108.83446,-7.45175],[108.83401,-7.45175],[108.834,-7.45175],[108.83355,-7.45175],[108.83355,-7.45129]]],[[[108.83537,-7.45085],[108.83536,-7.45085],[108.83536,-7.4504],[108.83537,-7.4504],[108.83582,-7.4504],[108.83582,-7.45085],[108.83537,-7.45085]]],[[[108.83446,-7.45085],[108.83446,-7.45039],[108.83492,-7.45039],[108.83492,-7.45085],[108.83446,-7.45085]]],[[[108.83447,-7.44859],[108.83447,-7.44814],[108.83447,-7.44813],[108.83493,-7.44813],[108.83493,-7.44814],[108.83493,-7.44859],[108.83447,-7.44859]]],[[[108.8372,-7.44543],[108.8372,-7.44499],[108.83675,-7.44499],[108.83675,-7.44498],[108.8363,-7.44498],[108.8363,-7.44453],[108.83675,-7.44453],[108.83675,-7.44408],[108.83675,-7.44363],[108.83676,-7.44363],[108.83676,-7.44318],[108.83721,-7.44318],[108.83722,-7.44318],[108.83766,-7.44318],[108.83767,-7.44318],[108.83767,-7.44273],[108.83767,-7.44228],[108.83812,-7.44228],[108.83812,-7.44183],[108.83858,-7.44183],[108.83858,-7.44138],[108.83858,-7.44093],[108.83858,-7.44048],[108.83858,-7.44047],[108.83858,-7.44003],[108.83858,-7.44002],[108.83814,-7.44002],[108.83813,-7.44002],[108.83769,-7.44002],[108.83768,-7.44002],[108.83723,-7.44002],[108.83723,-7.43994],[108.83723,-7.43957],[108.83723,-7.43956],[108.83723,-7.43911],[108.83678,-7.43911],[108.83678,-7.43866],[108.83633,-7.43866],[108.83633,-7.4382],[108.83678,-7.4382],[108.83678,-7.43776],[108.83678,-7.43775],[108.83724,-7.43775],[108.83724,-7.43776],[108.83724,-7.43821],[108.83679,-7.43821],[108.83679,-7.43866],[108.83724,-7.43866],[108.83724,-7.43911],[108.83767,-7.43911],[108.83768,-7.43911],[108.83769,-7.43911],[108.83814,-7.43911],[108.83814,-7.43912],[108.83814,-7.43957],[108.83858,-7.43957],[108.83859,-7.43957],[108.83904,-7.43957],[108.83949,-7.43957],[108.83949,-7.43912],[108.83905,-7.43912],[108.83904,-7.43912],[108.83859,-7.43912],[108.83859,-7.43867],[108.83859,-7.43822],[108.83859,-7.43821],[108.83905,-7.43821],[108.83905,-7.43777],[108.8386,-7.43777],[108.8386,-7.43731],[108.83815,-7.43731],[108.83815,-7.43686],[108.83861,-7.43686],[108.83861,-7.43731],[108.83906,-7.43731],[108.83906,-7.43777],[108.83951,-7.43777],[108.83951,-7.43822],[108.83905,-7.43822],[108.83905,-7.43867],[108.8395,-7.43867],[108.83995,-7.43867],[108.83996,-7.43867],[108.84041,-7.43867],[108.84041,-7.43913],[108.84041,-7.43958],[108.8404,-7.43958],[108.8404,-7.44003],[108.8404,-7.44048],[108.83995,-7.44048],[108.83994,-7.44048],[108.83994,-7.44093],[108.84039,-7.44093],[108.84085,-7.44093],[108.84085,-7.44094],[108.84085,-7.44139],[108.84039,-7.44139],[108.83994,-7.44139],[108.83994,-7.44183],[108.83994,-7.44184],[108.83994,-7.44229],[108.83949,-7.44229],[108.83948,-7.44229],[108.83903,-7.44229],[108.83903,-7.44228],[108.83858,-7.44228],[108.83858,-7.44273],[108.83903,-7.44273],[108.83949,-7.44273],[108.83949,-7.44274],[108.83949,-7.44319],[108.83903,-7.44319],[108.83903,-7.44364],[108.83858,-7.44364],[108.83857,-7.44364],[108.83857,-7.44409],[108.83857,-7.44454],[108.83902,-7.44454],[108.83902,-7.44499],[108.83947,-7.44499],[108.83947,-7.445],[108.83993,-7.445],[108.83993,-7.44545],[108.83947,-7.44545],[108.83902,-7.44545],[108.83901,-7.44545],[108.83901,-7.4459],[108.83856,-7.4459],[108.83855,-7.4459],[108.83811,-7.4459],[108.83811,-7.44634],[108.83811,-7.44635],[108.83765,-7.44635],[108.83765,-7.44634],[108.8372,-7.44634],[108.83675,-7.44634],[108.83675,-7.44589],[108.83675,-7.44544],[108.83675,-7.44543],[108.8372,-7.44543]],[[108.83765,-7.44589],[108.8381,-7.44589],[108.8381,-7.44544],[108.83766,-7.44544],[108.83765,-7.44544],[108.83765,-7.44589]],[[108.83811,-7.44454],[108.83811,-7.44409],[108.83766,-7.44409],[108.83766,-7.44453],[108.83766,-7.44454],[108.83811,-7.44454]]],[[[108.83359,-7.44407],[108.83359,-7.44362],[108.83359,-7.44361],[108.83359,-7.44316],[108.83405,-7.44316],[108.83405,-7.44361],[108.83405,-7.44362],[108.83405,-7.44407],[108.83359,-7.44407]]],[[[108.8345,-7.44362],[108.83449,-7.44362],[108.83449,-7.44316],[108.8345,-7.44316],[108.83495,-7.44316],[108.83495,-7.44362],[108.8345,-7.44362]]],[[[108.8345,-7.44181],[108.8345,-7.44136],[108.83496,-7.44136],[108.83496,-7.44181],[108.8345,-7.44181]]],[[[108.83678,-7.44092],[108.83632,-7.44092],[108.83632,-7.44087],[108.83632,-7.44046],[108.83678,-7.44046],[108.83678,-7.44063],[108.83678,-7.44092]]],[[[108.83541,-7.44091],[108.83541,-7.44046],[108.83587,-7.44046],[108.83587,-7.44091],[108.83541,-7.44091]]],[[[108.83588,-7.43956],[108.83588,-7.43911],[108.83633,-7.43911],[108.83633,-7.43956],[108.83588,-7.43956]]],[[[108.83588,-7.43685],[108.83588,-7.4364],[108.83588,-7.43639],[108.83634,-7.43639],[108.83634,-7.43595],[108.83634,-7.43594],[108.8368,-7.43594],[108.8368,-7.4355],[108.8368,-7.43504],[108.83635,-7.43504],[108.83635,-7.43459],[108.8368,-7.43459],[108.8368,-7.43414],[108.83711,-7.43414],[108.83726,-7.43414],[108.83726,-7.43459],[108.83726,-7.4346],[108.83705,-7.4346],[108.83681,-7.4346],[108.83681,-7.43504],[108.83706,-7.43504],[108.83726,-7.43504],[108.83726,-7.43542],[108.83726,-7.4355],[108.83729,-7.4355],[108.83771,-7.4355],[108.83771,-7.43595],[108.83771,-7.4364],[108.83754,-7.4364],[108.83725,-7.4364],[108.8368,-7.4364],[108.8368,-7.43685],[108.83725,-7.43685],[108.83725,-7.4373],[108.83725,-7.43731],[108.83679,-7.43731],[108.83679,-7.4373],[108.83634,-7.4373],[108.83634,-7.43775],[108.83588,-7.43775],[108.83543,-7.43775],[108.83543,-7.4382],[108.83498,-7.4382],[108.83498,-7.43865],[108.83452,-7.43865],[108.83452,-7.4382],[108.83452,-7.43774],[108.83498,-7.43774],[108.83498,-7.43729],[108.83543,-7.43729],[108.83543,-7.4373],[108.83588,-7.4373],[108.83588,-7.43685]]],[[[108.83681,-7.43324],[108.83636,-7.43324],[108.83636,-7.43278],[108.83681,-7.43278],[108.83682,-7.43278],[108.83682,-7.43324],[108.83681,-7.43324]]],[[[108.83456,-7.43051],[108.83456,-7.43006],[108.83501,-7.43006],[108.83502,-7.43006],[108.83502,-7.43052],[108.83501,-7.43052],[108.83456,-7.43052],[108.83456,-7.43096],[108.83456,-7.43097],[108.83456,-7.43142],[108.83411,-7.43142],[108.83411,-7.43187],[108.83455,-7.43187],[108.83456,-7.43187],[108.83501,-7.43187],[108.83546,-7.43187],[108.83547,-7.43187],[108.83547,-7.43233],[108.83546,-7.43233],[108.83501,-7.43233],[108.83501,-7.43278],[108.83455,-7.43278],[108.83455,-7.43323],[108.83409,-7.43323],[108.83409,-7.43277],[108.8341,-7.43277],[108.8341,-7.43232],[108.83365,-7.43232],[108.83365,-7.43187],[108.83365,-7.43141],[108.83411,-7.43141],[108.83411,-7.43097],[108.83411,-7.43096],[108.83411,-7.43051],[108.83456,-7.43051]]],[[[108.83636,-7.43233],[108.83636,-7.43188],[108.83682,-7.43188],[108.83682,-7.43233],[108.83636,-7.43233]]],[[[108.83591,-7.43143],[108.83591,-7.43097],[108.83637,-7.43097],[108.83637,-7.43143],[108.83591,-7.43143]]],[[[108.83322,-7.42735],[108.83322,-7.42689],[108.83368,-7.42689],[108.83368,-7.42735],[108.83322,-7.42735]]],[[[108.83367,-7.42645],[108.83322,-7.42645],[108.83322,-7.42644],[108.83322,-7.42626],[108.83359,-7.42626],[108.83359,-7.42599],[108.83367,-7.42599],[108.83368,-7.42599],[108.83413,-7.42599],[108.83413,-7.42555],[108.83413,-7.42554],[108.83413,-7.42509],[108.83414,-7.42509],[108.83414,-7.42464],[108.83459,-7.42464],[108.8346,-7.42464],[108.83504,-7.42464],[108.83505,-7.42464],[108.83505,-7.42509],[108.83505,-7.4251],[108.83505,-7.42555],[108.83504,-7.42555],[108.83504,-7.426],[108.83504,-7.42645],[108.83458,-7.42645],[108.83458,-7.426],[108.83413,-7.426],[108.83413,-7.42645],[108.83368,-7.42645],[108.83367,-7.42645]]],[[[108.84118,-7.46443],[108.84164,-7.46443],[108.84164,-7.46464],[108.84138,-7.46472],[108.84118,-7.46473],[108.84118,-7.46443]]],[[[108.83756,-7.46442],[108.83756,-7.46396],[108.83802,-7.46396],[108.83802,-7.46442],[108.83756,-7.46442]]],[[[108.84074,-7.46136],[108.84084,-7.46136],[108.84084,-7.46127],[108.84119,-7.46127],[108.8412,-7.46127],[108.84165,-7.46127],[108.84165,-7.46172],[108.8412,-7.46172],[108.8412,-7.46217],[108.84165,-7.46217],[108.84165,-7.46262],[108.84165,-7.46263],[108.84165,-7.46308],[108.84209,-7.46308],[108.8421,-7.46308],[108.8421,-7.46353],[108.84209,-7.46353],[108.84165,-7.46353],[108.84165,-7.46398],[108.84164,-7.46398],[108.84119,-7.46398],[108.84074,-7.46398],[108.84028,-7.46398],[108.84028,-7.46352],[108.84074,-7.46352],[108.84074,-7.46308],[108.84074,-7.46307],[108.84074,-7.46262],[108.84119,-7.46262],[108.84119,-7.46217],[108.84074,-7.46217],[108.84074,-7.46172],[108.84074,-7.46136]]],[[[108.84304,-7.46263],[108.843,-7.46273],[108.843,-7.46263],[108.84304,-7.46263]]],[[[108.84074,-7.46262],[108.84029,-7.46262],[108.84029,-7.46217],[108.84074,-7.46217],[108.84074,-7.46262]]],[[[108.83939,-7.46126],[108.83984,-7.46126],[108.83984,-7.46171],[108.83984,-7.46172],[108.83984,-7.46217],[108.83957,-7.46217],[108.83957,-7.46208],[108.83939,-7.46208],[108.83939,-7.46207],[108.83939,-7.46172],[108.83939,-7.46171],[108.83939,-7.46126]]],[[[108.84121,-7.46036],[108.84121,-7.46082],[108.84084,-7.46082],[108.84075,-7.46082],[108.84066,-7.46082],[108.84048,-7.46082],[108.84047,-7.46082],[108.84047,-7.46081],[108.84029,-7.46081],[108.84029,-7.46036],[108.84075,-7.46036],[108.84121,-7.46036]]],[[[108.84103,-7.45901],[108.84121,-7.45901],[108.84121,-7.45946],[108.84076,-7.45946],[108.84076,-7.45991],[108.8403,-7.45991],[108.8403,-7.45946],[108.84075,-7.45946],[108.84075,-7.45937],[108.84085,-7.45937],[108.84085,-7.45919],[108.84103,-7.45919],[108.84103,-7.45901]]],[[[108.84257,-7.45902],[108.84257,-7.45857],[108.84303,-7.45857],[108.84303,-7.45902],[108.84257,-7.45902]]],[[[108.84122,-7.45856],[108.84167,-7.45856],[108.84167,-7.45901],[108.84122,-7.45901],[108.84121,-7.45901],[108.84121,-7.45865],[108.84085,-7.45865],[108.84085,-7.45883],[108.84076,-7.45883],[108.84076,-7.45856],[108.84121,-7.45856],[108.84122,-7.45856]]],[[[108.84168,-7.45766],[108.84168,-7.45811],[108.84167,-7.45811],[108.84122,-7.45811],[108.84077,-7.45811],[108.84076,-7.45811],[108.84031,-7.45811],[108.84031,-7.4581],[108.84031,-7.45765],[108.84076,-7.45765],[108.84077,-7.45765],[108.84122,-7.45765],[108.84167,-7.45765],[108.84168,-7.45765],[108.84168,-7.45766]]],[[[108.84032,-7.45675],[108.83987,-7.45675],[108.83987,-7.45629],[108.84032,-7.45629],[108.84033,-7.45629],[108.84033,-7.45675],[108.84032,-7.45675]]],[[[108.84032,-7.45584],[108.83987,-7.45584],[108.83987,-7.45539],[108.84032,-7.45539],[108.84033,-7.45539],[108.84033,-7.45584],[108.84032,-7.45584]]],[[[108.83852,-7.45538],[108.83806,-7.45538],[108.83806,-7.45493],[108.83852,-7.45493],[108.83852,-7.45538]]],[[[108.84171,-7.44907],[108.84171,-7.44953],[108.84197,-7.44953],[108.84192,-7.44961],[108.84183,-7.44998],[108.84171,-7.44998],[108.8417,-7.44998],[108.8417,-7.44953],[108.84126,-7.44953],[108.84125,-7.44953],[108.84125,-7.44907],[108.84126,-7.44907],[108.84171,-7.44907]]],[[[108.84227,-7.44908],[108.84221,-7.44914],[108.84216,-7.44921],[108.84216,-7.44908],[108.84227,-7.44908]]],[[[108.84126,-7.44862],[108.84126,-7.44817],[108.84172,-7.44817],[108.84172,-7.44862],[108.84126,-7.44862]]],[[[108.8381,-7.4477],[108.83765,-7.4477],[108.83765,-7.44725],[108.8381,-7.44725],[108.8381,-7.4477]]],[[[108.83855,-7.44725],[108.83855,-7.4468],[108.83901,-7.4468],[108.83901,-7.44725],[108.83855,-7.44725]]],[[[108.83769,-7.44137],[108.83768,-7.44137],[108.83723,-7.44137],[108.83723,-7.44092],[108.83768,-7.44092],[108.83769,-7.44092],[108.83769,-7.44137]]],[[[108.83906,-7.43641],[108.83861,-7.43641],[108.83815,-7.43641],[108.83815,-7.43595],[108.83816,-7.43595],[108.83816,-7.43551],[108.83816,-7.4355],[108.83771,-7.4355],[108.83771,-7.43505],[108.83816,-7.43505],[108.83816,-7.4346],[108.83771,-7.4346],[108.83771,-7.43415],[108.83771,-7.43414],[108.83816,-7.43414],[108.83816,-7.4337],[108.83816,-7.43369],[108.83816,-7.43324],[108.83817,-7.43324],[108.83862,-7.43324],[108.83862,-7.43369],[108.83862,-7.4337],[108.83906,-7.4337],[108.83907,-7.4337],[108.83907,-7.43325],[108.83907,-7.4328],[108.83907,-7.43234],[108.83953,-7.43234],[108.83953,-7.4319],[108.83953,-7.43189],[108.83953,-7.43144],[108.83999,-7.43144],[108.84045,-7.43144],[108.84045,-7.43145],[108.8409,-7.43145],[108.8409,-7.4319],[108.8409,-7.43235],[108.84134,-7.43235],[108.84134,-7.4319],[108.8418,-7.4319],[108.8418,-7.43236],[108.84134,-7.43236],[108.84134,-7.4328],[108.84134,-7.43281],[108.84179,-7.43281],[108.8418,-7.43281],[108.84225,-7.43281],[108.84225,-7.43326],[108.8418,-7.43326],[108.84179,-7.43326],[108.84134,-7.43326],[108.84134,-7.43371],[108.84134,-7.43416],[108.84178,-7.43416],[108.84178,-7.43371],[108.84224,-7.43371],[108.8427,-7.43371],[108.8427,-7.43372],[108.84314,-7.43372],[108.84315,-7.43372],[108.84315,-7.43327],[108.8436,-7.43327],[108.84361,-7.43327],[108.84406,-7.43327],[108.84406,-7.43372],[108.8445,-7.43372],[108.8445,-7.43327],[108.84451,-7.43327],[108.84496,-7.43327],[108.84496,-7.43328],[108.8454,-7.43328],[108.8454,-7.43283],[108.84541,-7.43283],[108.84546,-7.43283],[108.84561,-7.43321],[108.84564,-7.43328],[108.84582,-7.43373],[108.84541,-7.43373],[108.8454,-7.43373],[108.84496,-7.43373],[108.84496,-7.43418],[108.84451,-7.43418],[108.8445,-7.43418],[108.84406,-7.43418],[108.84405,-7.43418],[108.84405,-7.43463],[108.84359,-7.43463],[108.84359,-7.43417],[108.84315,-7.43417],[108.84314,-7.43417],[108.8427,-7.43417],[108.84269,-7.43417],[108.84224,-7.43417],[108.84224,-7.43462],[108.84179,-7.43462],[108.84178,-7.43462],[108.84178,-7.43507],[108.84133,-7.43507],[108.84133,-7.43552],[108.84133,-7.43597],[108.84132,-7.43597],[108.84132,-7.43642],[108.84132,-7.43687],[108.84132,-7.43732],[108.84132,-7.43733],[108.84087,-7.43733],[108.84087,-7.43732],[108.84087,-7.43687],[108.84087,-7.43642],[108.84042,-7.43642],[108.83997,-7.43642],[108.83952,-7.43642],[108.83952,-7.43686],[108.83952,-7.43687],[108.83906,-7.43687],[108.83906,-7.43686],[108.83906,-7.43641]],[[108.83952,-7.4337],[108.83952,-7.43415],[108.83997,-7.43415],[108.83997,-7.43371],[108.83997,-7.4337],[108.83997,-7.43325],[108.83953,-7.43325],[108.83953,-7.4337],[108.83952,-7.4337]],[[108.84088,-7.43416],[108.84043,-7.43416],[108.84043,-7.43461],[108.84087,-7.43461],[108.84088,-7.43461],[108.84132,-7.43461],[108.84133,-7.43461],[108.84133,-7.43416],[108.84088,-7.43416]],[[108.83997,-7.43551],[108.84042,-7.43551],[108.84042,-7.43506],[108.83997,-7.43506],[108.83997,-7.43551]],[[108.83997,-7.43461],[108.83952,-7.43461],[108.83952,-7.43505],[108.83952,-7.43506],[108.83997,-7.43506],[108.83997,-7.43461]],[[108.84042,-7.43552],[108.84042,-7.43596],[108.84087,-7.43596],[108.84087,-7.43552],[108.84042,-7.43552]]],[[[108.84495,-7.43554],[108.84449,-7.43554],[108.84449,-7.43508],[108.84495,-7.43508],[108.84495,-7.43554]]],[[[108.84585,-7.43419],[108.84585,-7.43383],[108.84586,-7.43383],[108.84598,-7.43414],[108.846,-7.43419],[108.84586,-7.43419],[108.84585,-7.43419]]],[[[108.8436,-7.43282],[108.8436,-7.43237],[108.84406,-7.43237],[108.84406,-7.43282],[108.8436,-7.43282]]],[[[108.84496,-7.43238],[108.84496,-7.43237],[108.84496,-7.43192],[108.84496,-7.43167],[108.84507,-7.43192],[108.84527,-7.43237],[108.84527,-7.43238],[108.84496,-7.43238]]],[[[108.8418,-7.43055],[108.84181,-7.43055],[108.84181,-7.431],[108.84181,-7.43145],[108.8418,-7.43145],[108.84135,-7.43145],[108.84135,-7.431],[108.84135,-7.43055],[108.8418,-7.43055]]]]}}]}