{"type":"FeatureCollection","district":"CILACAP UTARA","features":[{"type":"Feature","properties":{"d":"CILACAP UTARA","net":"FWA-IndoorOutdoor"},"geometry":{"type":"MultiPolygon","coordinates":[[[[109.02036,-7.68997],[109.02033,-7.68995],[109.02033,-7.68995],[109.02032,-7.68995],[109.02015,-7.68984],[109.02018,-7.68984],[109.02032,-7.68984],[109.02032,-7.68939],[109.02077,-7.68939],[109.02078,-7.68939],[109.02122,-7.68939],[109.02123,-7.68939],[109.02123,-7.68894],[109.02168,-7.68894],[109.02168,-7.68849],[109.02169,-7.68849],[109.02169,-7.68804],[109.02124,-7.68804],[109.02123,-7.68804],[109.02078,-7.68804],[109.02078,-7.68848],[109.02078,-7.68894],[109.02032,-7.68894],[109.02032,-7.68848],[109.02032,-7.68803],[109.01988,-7.68803],[109.01988,-7.68848],[109.01943,-7.68848],[109.01943,-7.68893],[109.01943,-7.68937],[109.01897,-7.68907],[109.01875,-7.68893],[109.01897,-7.68893],[109.01897,-7.68848],[109.01897,-7.68802],[109.01942,-7.68802],[109.01943,-7.68802],[109.01943,-7.68803],[109.01987,-7.68803],[109.01987,-7.68758],[109.02033,-7.68758],[109.02033,-7.68713],[109.02078,-7.68713],[109.02079,-7.68713],[109.02124,-7.68713],[109.02124,-7.68668],[109.02169,-7.68668],[109.0217,-7.68668],[109.02215,-7.68668],[109.02215,-7.68713],[109.0226,-7.68713],[109.0226,-7.68714],[109.02306,-7.68714],[109.02306,-7.68759],[109.0235,-7.68759],[109.02351,-7.68759],[109.02396,-7.68759],[109.02396,-7.68715],[109.02396,-7.68714],[109.02396,-7.68669],[109.02441,-7.68669],[109.02441,-7.68624],[109.02487,-7.68624],[109.02487,-7.6867],[109.02441,-7.6867],[109.02441,-7.68714],[109.02441,-7.68715],[109.02441,-7.6876],[109.02396,-7.6876],[109.02396,-7.68804],[109.02396,-7.68805],[109.02441,-7.68805],[109.02441,-7.6885],[109.02486,-7.6885],[109.02486,-7.68895],[109.02531,-7.68895],[109.02532,-7.68895],[109.02532,-7.68896],[109.02532,-7.68941],[109.02576,-7.68941],[109.02577,-7.68941],[109.02577,-7.68968],[109.02577,-7.68981],[109.02577,-7.68986],[109.02576,-7.68986],[109.02576,-7.69031],[109.02576,-7.69032],[109.02576,-7.69077],[109.0253,-7.69077],[109.0253,-7.69122],[109.02484,-7.69122],[109.02484,-7.69121],[109.0244,-7.69121],[109.02439,-7.69121],[109.02432,-7.69121],[109.02419,-7.69121],[109.02394,-7.69121],[109.02394,-7.69145],[109.02394,-7.69158],[109.02394,-7.69166],[109.02394,-7.69172],[109.02394,-7.69179],[109.02384,-7.6917],[109.02381,-7.69169],[109.02378,-7.6917],[109.02378,-7.69169],[109.02376,-7.6917],[109.02375,-7.6917],[109.02368,-7.69172],[109.02366,-7.69173],[109.02366,-7.69173],[109.02364,-7.69174],[109.02364,-7.69174],[109.02363,-7.69174],[109.02363,-7.69174],[109.02361,-7.69175],[109.02359,-7.69176],[109.02361,-7.69175],[109.02352,-7.69178],[109.02348,-7.69179],[109.02343,-7.6918],[109.02337,-7.6918],[109.02336,-7.6918],[109.02336,-7.6918],[109.02331,-7.69179],[109.02315,-7.69172],[109.02305,-7.69166],[109.02303,-7.69165],[109.02267,-7.69145],[109.02263,-7.69142],[109.02262,-7.69141],[109.02258,-7.69139],[109.02257,-7.69139],[109.02257,-7.69138],[109.02227,-7.6912],[109.02228,-7.6912],[109.02213,-7.69112],[109.02213,-7.69112],[109.02208,-7.69109],[109.02167,-7.69082],[109.02167,-7.69081],[109.02157,-7.69075],[109.02123,-7.69053],[109.02123,-7.69053],[109.02098,-7.69036],[109.02087,-7.69029],[109.02077,-7.69023],[109.02037,-7.68997],[109.02036,-7.68997]],[[109.02214,-7.68804],[109.02215,-7.68804],[109.02259,-7.68804],[109.0226,-7.68804],[109.02305,-7.68804],[109.02305,-7.68759],[109.0226,-7.68759],[109.02215,-7.68759],[109.02214,-7.68759],[109.0217,-7.68759],[109.02169,-7.68759],[109.02169,-7.68804],[109.02214,-7.68804]],[[109.02033,-7.68803],[109.02078,-7.68803],[109.02078,-7.68758],[109.02033,-7.68758],[109.02033,-7.68803]],[[109.02396,-7.6885],[109.02396,-7.68895],[109.0244,-7.68895],[109.02441,-7.68895],[109.02441,-7.6885],[109.02396,-7.6885]],[[109.02259,-7.6894],[109.02214,-7.6894],[109.02214,-7.68984],[109.02214,-7.68985],[109.02259,-7.68985],[109.02259,-7.6894]],[[109.02259,-7.6903],[109.02303,-7.6903],[109.02304,-7.6903],[109.02349,-7.6903],[109.02349,-7.68985],[109.02305,-7.68985],[109.02304,-7.68985],[109.02259,-7.68985],[109.02259,-7.6903]],[[109.0244,-7.68986],[109.02486,-7.68986],[109.02486,-7.69031],[109.02512,-7.69031],[109.02525,-7.69031],[109.0253,-7.69031],[109.0253,-7.69026],[109.0253,-7.69013],[109.0253,-7.68986],[109.02531,-7.68986],[109.02531,-7.68941],[109.02486,-7.68941],[109.02441,-7.68941],[109.0244,-7.68941],[109.02395,-7.68941],[109.02395,-7.6894],[109.02395,-7.68895],[109.0235,-7.68895],[109.0235,-7.6885],[109.02305,-7.6885],[109.0226,-7.6885],[109.0226,-7.68894],[109.02305,-7.68894],[109.02305,-7.68895],[109.02305,-7.6894],[109.0235,-7.6894],[109.0235,-7.68985],[109.02395,-7.68985],[109.02395,-7.6903],[109.02395,-7.69031],[109.02395,-7.69076],[109.02439,-7.69076],[109.02439,-7.69031],[109.0244,-7.69031],[109.0244,-7.68986]]],[[[109.01943,-7.68937],[109.01943,-7.68938],[109.01944,-7.68938],[109.01961,-7.68949],[109.01945,-7.68938],[109.01987,-7.68938],[109.01988,-7.68938],[109.01988,-7.68965],[109.01988,-7.68966],[109.01988,-7.68967],[109.01987,-7.68967],[109.0195,-7.68944],[109.01942,-7.68939],[109.01942,-7.68938],[109.0194,-7.68938],[109.01897,-7.68911],[109.01868,-7.68893],[109.01871,-7.68893],[109.01872,-7.68894],[109.01897,-7.68909],[109.01943,-7.68937]]],[[[109.01773,-7.68825],[109.01762,-7.68841],[109.01762,-7.68841],[109.01757,-7.68847],[109.01753,-7.68852],[109.0174,-7.68847],[109.01741,-7.68847],[109.01725,-7.68841],[109.01717,-7.68837],[109.01717,-7.68838],[109.01671,-7.68819],[109.01671,-7.68802],[109.01671,-7.68801],[109.01651,-7.68801],[109.01644,-7.68801],[109.01625,-7.68801],[109.01625,-7.68756],[109.01581,-7.68756],[109.01581,-7.68801],[109.01535,-7.68801],[109.01535,-7.68813],[109.01531,-7.68811],[109.01528,-7.68805],[109.01526,-7.68801],[109.01524,-7.68797],[109.01518,-7.68792],[109.0151,-7.68787],[109.01498,-7.68782],[109.01489,-7.68777],[109.01489,-7.68755],[109.0149,-7.68755],[109.0149,-7.6871],[109.01535,-7.6871],[109.01535,-7.68665],[109.01581,-7.68665],[109.01626,-7.68665],[109.01626,-7.6862],[109.01581,-7.6862],[109.01581,-7.68575],[109.01627,-7.68575],[109.01627,-7.6853],[109.01672,-7.6853],[109.01672,-7.68485],[109.01717,-7.68485],[109.01717,-7.6844],[109.01763,-7.6844],[109.01763,-7.68395],[109.01763,-7.6835],[109.01808,-7.6835],[109.01809,-7.6835],[109.01854,-7.6835],[109.01899,-7.6835],[109.01899,-7.68305],[109.01854,-7.68305],[109.01854,-7.6826],[109.019,-7.6826],[109.019,-7.68305],[109.01945,-7.68305],[109.01945,-7.6826],[109.0199,-7.6826],[109.0199,-7.68216],[109.0199,-7.68215],[109.0199,-7.6817],[109.01991,-7.6817],[109.02035,-7.6817],[109.02036,-7.6817],[109.02036,-7.68125],[109.02081,-7.68125],[109.02082,-7.68125],[109.02127,-7.68125],[109.02127,-7.68126],[109.02172,-7.68126],[109.02172,-7.68171],[109.02127,-7.68171],[109.02127,-7.68216],[109.02081,-7.68216],[109.02081,-7.68261],[109.02036,-7.68261],[109.02035,-7.68261],[109.01991,-7.68261],[109.01991,-7.68306],[109.01991,-7.68351],[109.0199,-7.68351],[109.01945,-7.68351],[109.01945,-7.68396],[109.019,-7.68396],[109.01899,-7.68396],[109.01899,-7.68441],[109.01854,-7.68441],[109.01854,-7.68486],[109.01809,-7.68486],[109.01808,-7.68486],[109.01808,-7.68531],[109.01853,-7.68531],[109.01853,-7.68576],[109.01853,-7.68621],[109.01898,-7.68621],[109.01898,-7.68622],[109.01943,-7.68622],[109.01943,-7.68577],[109.01989,-7.68577],[109.01989,-7.68622],[109.01989,-7.68667],[109.01989,-7.68712],[109.01989,-7.68713],[109.01943,-7.68713],[109.01943,-7.68712],[109.01943,-7.68667],[109.01898,-7.68667],[109.01897,-7.68667],[109.01853,-7.68667],[109.01852,-7.68667],[109.01807,-7.68667],[109.01807,-7.68622],[109.01807,-7.68621],[109.01762,-7.68621],[109.01762,-7.68666],[109.01762,-7.68711],[109.01762,-7.68756],[109.01762,-7.68757],[109.01807,-7.68757],[109.01852,-7.68757],[109.01852,-7.68802],[109.01852,-7.68847],[109.01852,-7.68877],[109.01852,-7.68878],[109.01852,-7.68882],[109.01832,-7.6887],[109.01807,-7.68853],[109.01807,-7.68853],[109.01798,-7.68847],[109.01799,-7.68847],[109.01793,-7.68843],[109.01773,-7.68825]],[[109.01762,-7.68576],[109.01717,-7.68576],[109.01672,-7.68576],[109.01627,-7.68576],[109.01627,-7.6862],[109.01672,-7.6862],[109.01672,-7.68666],[109.01672,-7.68711],[109.01716,-7.68711],[109.01717,-7.68711],[109.01717,-7.68666],[109.01717,-7.68621],[109.01762,-7.68621],[109.01762,-7.68576]],[[109.01848,-7.68875],[109.0185,-7.68876],[109.01851,-7.68877],[109.01852,-7.68877],[109.01848,-7.68875]],[[109.01763,-7.68531],[109.01763,-7.68576],[109.01807,-7.68576],[109.01807,-7.68531],[109.01763,-7.68531]]],[[[109.01898,-7.68757],[109.01852,-7.68757],[109.01852,-7.68712],[109.01898,-7.68712],[109.01898,-7.68757]]],[[[109.01354,-7.68709],[109.01354,-7.68713],[109.01354,-7.68714],[109.01352,-7.68709],[109.01354,-7.68709]]],[[[109.0217,-7.68623],[109.02125,-7.68623],[109.02125,-7.68578],[109.02125,-7.68577],[109.02171,-7.68577],[109.02171,-7.68578],[109.02216,-7.68578],[109.02216,-7.68623],[109.02171,-7.68623],[109.0217,-7.68623]]],[[[109.01537,-7.68575],[109.01537,-7.6862],[109.01491,-7.6862],[109.01491,-7.68575],[109.01537,-7.68575]]],[[[109.01537,-7.68484],[109.01537,-7.6853],[109.01491,-7.6853],[109.01491,-7.68484],[109.01537,-7.68484]]],[[[109.01447,-7.68439],[109.01401,-7.68439],[109.01401,-7.68394],[109.01401,-7.68393],[109.01447,-7.68393],[109.01447,-7.68394],[109.01447,-7.68439]]],[[[109.02171,-7.68261],[109.02171,-7.68307],[109.02126,-7.68307],[109.02125,-7.68307],[109.02125,-7.68261],[109.02126,-7.68261],[109.02171,-7.68261]]],[[[109.02263,-7.68172],[109.02217,-7.68172],[109.02217,-7.68171],[109.02217,-7.68126],[109.02172,-7.68126],[109.02172,-7.68081],[109.02127,-7.68081],[109.02127,-7.68036],[109.02127,-7.68035],[109.02127,-7.6799],[109.02082,-7.6799],[109.02082,-7.67945],[109.02127,-7.67945],[109.02128,-7.67945],[109.02128,-7.679],[109.02128,-7.67855],[109.02083,-7.67855],[109.02083,-7.67854],[109.02037,-7.67854],[109.02037,-7.67809],[109.02038,-7.67809],[109.02038,-7.67764],[109.02083,-7.67764],[109.02084,-7.67764],[109.02128,-7.67764],[109.02129,-7.67764],[109.02129,-7.67719],[109.02174,-7.67719],[109.02174,-7.67674],[109.02219,-7.67674],[109.02264,-7.67674],[109.02264,-7.67629],[109.0231,-7.67629],[109.0231,-7.67674],[109.0231,-7.67675],[109.02355,-7.67675],[109.02355,-7.6763],[109.02355,-7.67585],[109.0231,-7.67585],[109.0231,-7.67539],[109.02266,-7.67539],[109.02266,-7.67584],[109.0222,-7.67584],[109.0222,-7.67539],[109.02265,-7.67539],[109.02265,-7.67494],[109.02311,-7.67494],[109.02311,-7.67539],[109.02356,-7.67539],[109.02402,-7.67539],[109.02402,-7.6754],[109.02447,-7.6754],[109.02447,-7.67585],[109.02492,-7.67585],[109.02492,-7.6763],[109.02446,-7.6763],[109.02446,-7.67585],[109.02402,-7.67585],[109.02401,-7.67585],[109.02401,-7.6763],[109.02401,-7.67675],[109.02356,-7.67675],[109.02356,-7.6772],[109.024,-7.6772],[109.02401,-7.6772],[109.02445,-7.6772],[109.02446,-7.6772],[109.02491,-7.6772],[109.02491,-7.67721],[109.02536,-7.67721],[109.02536,-7.67676],[109.02537,-7.67676],[109.02537,-7.67631],[109.02582,-7.67631],[109.02582,-7.67586],[109.02628,-7.67586],[109.02628,-7.67631],[109.02673,-7.67631],[109.02718,-7.67631],[109.02718,-7.67586],[109.02673,-7.67586],[109.02673,-7.67541],[109.02673,-7.67496],[109.02719,-7.67496],[109.02719,-7.67541],[109.02763,-7.67541],[109.02763,-7.67496],[109.02809,-7.67496],[109.02809,-7.67457],[109.02809,-7.67451],[109.02809,-7.67446],[109.02809,-7.67406],[109.02809,-7.67361],[109.02764,-7.67361],[109.02764,-7.67315],[109.0281,-7.67315],[109.0281,-7.6727],[109.02856,-7.6727],[109.02856,-7.67316],[109.0281,-7.67316],[109.0281,-7.67361],[109.02855,-7.67361],[109.02855,-7.67406],[109.02855,-7.67419],[109.02855,-7.67429],[109.02855,-7.67451],[109.02884,-7.67451],[109.02886,-7.67451],[109.02892,-7.67451],[109.029,-7.67451],[109.029,-7.67406],[109.02945,-7.67406],[109.02946,-7.67406],[109.02946,-7.67361],[109.02991,-7.67361],[109.02992,-7.67361],[109.03036,-7.67361],[109.03036,-7.67317],[109.03036,-7.67271],[109.03037,-7.67271],[109.03082,-7.67271],[109.03082,-7.67272],[109.03127,-7.67272],[109.03173,-7.67272],[109.03173,-7.67317],[109.03127,-7.67317],[109.03127,-7.67362],[109.03082,-7.67362],[109.03082,-7.67407],[109.03127,-7.67407],[109.03127,-7.67452],[109.03127,-7.67453],[109.03081,-7.67453],[109.03081,-7.67452],[109.03081,-7.67407],[109.03037,-7.67407],[109.03036,-7.67407],[109.02992,-7.67407],[109.02991,-7.67407],[109.02991,-7.67452],[109.03036,-7.67452],[109.03036,-7.67497],[109.03081,-7.67497],[109.03081,-7.67543],[109.03035,-7.67543],[109.03035,-7.67497],[109.02991,-7.67497],[109.0299,-7.67497],[109.02946,-7.67497],[109.02945,-7.67497],[109.02945,-7.67542],[109.02945,-7.67561],[109.02945,-7.67581],[109.02945,-7.67587],[109.02948,-7.67587],[109.02957,-7.67587],[109.0299,-7.67587],[109.03036,-7.67587],[109.03036,-7.67588],[109.03081,-7.67588],[109.03081,-7.6762],[109.03074,-7.6762],[109.03074,-7.67629],[109.03081,-7.67629],[109.03081,-7.67633],[109.03081,-7.67674],[109.03074,-7.67674],[109.03074,-7.67665],[109.03065,-7.67665],[109.03065,-7.67678],[109.03047,-7.67678],[109.03047,-7.67665],[109.03038,-7.67665],[109.03038,-7.67674],[109.03035,-7.67674],[109.03035,-7.67633],[109.0299,-7.67633],[109.0299,-7.67678],[109.02944,-7.67678],[109.02944,-7.6765],[109.02944,-7.67637],[109.02944,-7.67633],[109.02944,-7.67632],[109.02932,-7.67632],[109.02914,-7.67632],[109.02904,-7.67632],[109.02899,-7.67632],[109.02892,-7.67632],[109.02867,-7.67632],[109.02854,-7.67632],[109.02854,-7.67677],[109.02809,-7.67677],[109.02808,-7.67677],[109.02763,-7.67677],[109.02763,-7.67632],[109.02718,-7.67632],[109.02718,-7.67677],[109.02673,-7.67677],[109.02673,-7.67721],[109.02673,-7.67722],[109.02718,-7.67722],[109.02763,-7.67722],[109.02763,-7.67767],[109.02718,-7.67767],[109.02673,-7.67767],[109.02672,-7.67767],[109.02672,-7.67812],[109.02672,-7.67857],[109.02717,-7.67857],[109.02717,-7.67902],[109.02717,-7.67903],[109.02671,-7.67903],[109.02671,-7.67902],[109.02627,-7.67902],[109.02626,-7.67902],[109.02581,-7.67902],[109.02535,-7.67902],[109.02535,-7.67857],[109.02535,-7.67856],[109.02536,-7.67856],[109.02536,-7.67812],[109.02536,-7.67811],[109.02491,-7.67811],[109.02491,-7.67856],[109.02445,-7.67856],[109.02445,-7.67901],[109.024,-7.67901],[109.024,-7.67946],[109.024,-7.67991],[109.024,-7.68036],[109.024,-7.68037],[109.024,-7.68082],[109.02399,-7.68082],[109.02399,-7.68127],[109.02444,-7.68127],[109.02444,-7.68082],[109.02489,-7.68082],[109.0249,-7.68082],[109.02535,-7.68082],[109.02535,-7.68128],[109.02489,-7.68128],[109.02489,-7.68127],[109.02445,-7.68127],[109.02445,-7.68172],[109.02444,-7.68172],[109.02399,-7.68172],[109.02353,-7.68172],[109.02353,-7.68127],[109.02353,-7.68082],[109.02308,-7.68082],[109.02308,-7.68081],[109.02264,-7.68081],[109.02263,-7.68081],[109.02218,-7.68081],[109.02218,-7.68126],[109.02263,-7.68126],[109.02263,-7.68171],[109.02263,-7.68172]],[[109.02174,-7.6781],[109.02129,-7.6781],[109.02129,-7.67855],[109.02174,-7.67855],[109.02174,-7.6781]],[[109.02174,-7.679],[109.02218,-7.679],[109.02219,-7.679],[109.02219,-7.67855],[109.02174,-7.67855],[109.02174,-7.679]],[[109.02354,-7.67811],[109.02309,-7.67811],[109.02309,-7.67855],[109.02354,-7.67855],[109.02354,-7.67811]],[[109.02627,-7.67676],[109.02627,-7.67631],[109.02583,-7.67631],[109.02583,-7.67676],[109.02627,-7.67676]],[[109.02885,-7.67492],[109.02885,-7.67491],[109.02885,-7.67491],[109.02884,-7.67492],[109.02885,-7.67492]],[[109.02828,-7.67442],[109.02828,-7.67442],[109.02826,-7.67438],[109.02825,-7.67439],[109.02828,-7.67442]],[[109.02915,-7.67506],[109.02915,-7.67506],[109.02915,-7.67506],[109.02915,-7.67506]]],[[[109.02082,-7.6799],[109.02082,-7.68035],[109.02036,-7.68035],[109.02036,-7.6799],[109.02082,-7.6799]]],[[[109.02038,-7.67628],[109.02038,-7.67583],[109.02039,-7.67583],[109.02084,-7.67583],[109.02084,-7.67628],[109.02084,-7.67629],[109.02039,-7.67629],[109.02039,-7.67673],[109.02084,-7.67673],[109.02084,-7.67674],[109.02129,-7.67674],[109.02129,-7.67719],[109.02084,-7.67719],[109.02039,-7.67719],[109.02038,-7.67719],[109.01993,-7.67719],[109.01993,-7.67674],[109.01993,-7.67673],[109.01993,-7.67628],[109.02038,-7.67628]]],[[[109.02175,-7.67584],[109.0222,-7.67584],[109.0222,-7.67629],[109.02175,-7.67629],[109.02174,-7.67629],[109.02129,-7.67629],[109.02129,-7.67584],[109.02129,-7.67583],[109.02175,-7.67583],[109.02175,-7.67584]]],[[[109.02176,-7.67358],[109.0213,-7.67358],[109.0213,-7.67312],[109.02176,-7.67312],[109.02176,-7.67358]]],[[[109.02191,-7.64059],[109.02191,-7.64105],[109.02145,-7.64105],[109.02145,-7.64059],[109.02191,-7.64059]]],[[[109.02439,-7.69223],[109.02439,-7.69223],[109.02438,-7.69222],[109.02438,-7.69222],[109.02427,-7.69211],[109.02439,-7.69211],[109.02439,-7.69212],[109.02484,-7.69212],[109.02484,-7.69257],[109.02529,-7.69257],[109.02529,-7.69302],[109.02524,-7.69302],[109.0251,-7.69289],[109.02484,-7.69264],[109.02484,-7.69264],[109.02483,-7.69263],[109.02483,-7.69263],[109.02483,-7.69263],[109.02481,-7.69261],[109.02476,-7.69257],[109.02442,-7.69226],[109.02439,-7.69223]]],[[[109.02622,-7.68806],[109.02622,-7.68851],[109.02576,-7.68851],[109.02576,-7.68806],[109.02531,-7.68806],[109.02531,-7.6876],[109.02486,-7.6876],[109.02486,-7.68715],[109.02531,-7.68715],[109.02532,-7.68715],[109.02577,-7.68715],[109.02577,-7.6876],[109.02577,-7.68805],[109.02622,-7.68805],[109.02622,-7.68806]]],[[[109.02261,-7.68533],[109.02261,-7.68578],[109.02216,-7.68578],[109.02216,-7.68533],[109.02261,-7.68533]]],[[[109.02442,-7.68534],[109.02396,-7.68534],[109.02396,-7.68488],[109.02442,-7.68488],[109.02442,-7.68534]]],[[[109.02398,-7.68443],[109.02352,-7.68443],[109.02306,-7.68443],[109.02306,-7.68398],[109.02352,-7.68398],[109.02398,-7.68398],[109.02398,-7.68443]]],[[[109.02262,-7.68262],[109.02262,-7.68217],[109.02307,-7.68217],[109.02308,-7.68217],[109.02353,-7.68217],[109.02353,-7.68262],[109.02308,-7.68262],[109.02308,-7.68307],[109.02307,-7.68307],[109.02307,-7.68352],[109.02307,-7.68353],[109.02261,-7.68353],[109.02261,-7.68352],[109.02261,-7.68307],[109.02262,-7.68307],[109.02262,-7.68262]]],[[[109.0249,-7.67992],[109.0249,-7.68037],[109.02444,-7.68037],[109.02444,-7.67992],[109.0249,-7.67992]]],[[[109.02506,-7.64513],[109.02506,-7.64558],[109.0246,-7.64558],[109.0246,-7.64513],[109.0246,-7.64512],[109.02506,-7.64512],[109.02506,-7.64513]]],[[[109.02757,-7.6953],[109.02756,-7.6953],[109.02755,-7.69529],[109.0271,-7.69486],[109.0271,-7.69486],[109.02708,-7.69484],[109.02693,-7.6947],[109.02665,-7.69439],[109.02664,-7.69437],[109.02664,-7.69437],[109.02657,-7.69429],[109.02652,-7.69424],[109.0264,-7.69412],[109.02632,-7.69404],[109.0262,-7.69393],[109.02664,-7.69393],[109.02665,-7.69393],[109.0271,-7.69393],[109.0271,-7.69348],[109.02756,-7.69348],[109.02756,-7.69349],[109.02801,-7.69349],[109.02801,-7.69394],[109.02846,-7.69394],[109.02892,-7.69394],[109.02892,-7.6944],[109.02937,-7.6944],[109.02937,-7.69485],[109.02891,-7.69485],[109.02891,-7.6953],[109.02845,-7.6953],[109.02845,-7.69575],[109.0289,-7.69575],[109.02935,-7.69575],[109.02936,-7.69575],[109.02936,-7.6953],[109.02982,-7.6953],[109.02982,-7.69575],[109.03027,-7.69575],[109.03027,-7.69576],[109.03071,-7.69576],[109.03072,-7.69576],[109.03117,-7.69576],[109.03117,-7.69531],[109.03117,-7.69486],[109.03162,-7.69486],[109.03162,-7.69531],[109.03204,-7.69531],[109.03207,-7.69531],[109.03216,-7.69531],[109.03253,-7.69531],[109.03253,-7.69532],[109.03297,-7.69532],[109.03298,-7.69532],[109.03298,-7.69487],[109.03298,-7.69442],[109.03253,-7.69442],[109.03253,-7.69441],[109.03253,-7.69396],[109.03298,-7.69396],[109.03299,-7.69396],[109.03299,-7.69351],[109.03299,-7.69306],[109.03254,-7.69306],[109.03213,-7.69306],[109.03208,-7.69306],[109.03208,-7.69299],[109.03208,-7.6926],[109.03164,-7.6926],[109.03163,-7.6926],[109.03118,-7.6926],[109.03118,-7.69215],[109.03118,-7.6917],[109.03073,-7.6917],[109.03073,-7.69169],[109.03073,-7.69124],[109.03119,-7.69124],[109.03119,-7.69079],[109.03165,-7.69079],[109.03165,-7.69124],[109.03209,-7.69124],[109.03209,-7.6908],[109.03255,-7.6908],[109.03255,-7.69072],[109.03255,-7.69059],[109.03255,-7.69035],[109.03255,-7.68989],[109.033,-7.68989],[109.03301,-7.68989],[109.03301,-7.6899],[109.03346,-7.6899],[109.03346,-7.69035],[109.0339,-7.69035],[109.0339,-7.6899],[109.03391,-7.6899],[109.03391,-7.68945],[109.03346,-7.68945],[109.03346,-7.689],[109.03301,-7.689],[109.03301,-7.68944],[109.03255,-7.68944],[109.03255,-7.68899],[109.033,-7.68899],[109.033,-7.68854],[109.03301,-7.68854],[109.03301,-7.68809],[109.03346,-7.68809],[109.03346,-7.68769],[109.0335,-7.68769],[109.0335,-7.68764],[109.0335,-7.6876],[109.03368,-7.6876],[109.03368,-7.68751],[109.03369,-7.68751],[109.03377,-7.68751],[109.03377,-7.68742],[109.03392,-7.68742],[109.03393,-7.68742],[109.03395,-7.68742],[109.03395,-7.68733],[109.03404,-7.68733],[109.03404,-7.68724],[109.03413,-7.68724],[109.03413,-7.68719],[109.03438,-7.68719],[109.03438,-7.68764],[109.03395,-7.68764],[109.03395,-7.6876],[109.03393,-7.6876],[109.03392,-7.6876],[109.03386,-7.6876],[109.03386,-7.68764],[109.03386,-7.68769],[109.03392,-7.68769],[109.03392,-7.68781],[109.03392,-7.68809],[109.03347,-7.68809],[109.03347,-7.68854],[109.03346,-7.68854],[109.03346,-7.68899],[109.03392,-7.68899],[109.03392,-7.68945],[109.03436,-7.68945],[109.03437,-7.68945],[109.03481,-7.68945],[109.03482,-7.68945],[109.03518,-7.68945],[109.03519,-7.68945],[109.03527,-7.68945],[109.03527,-7.68957],[109.03527,-7.68991],[109.03481,-7.68991],[109.03481,-7.6899],[109.03437,-7.6899],[109.03436,-7.6899],[109.03436,-7.69035],[109.03391,-7.69035],[109.03391,-7.6908],[109.03436,-7.6908],[109.03436,-7.69126],[109.03436,-7.69171],[109.0348,-7.69171],[109.0348,-7.69126],[109.03481,-7.69126],[109.03526,-7.69126],[109.03526,-7.69171],[109.03526,-7.69217],[109.03481,-7.69217],[109.03481,-7.69261],[109.03481,-7.69262],[109.03436,-7.69262],[109.03436,-7.69306],[109.03481,-7.69306],[109.03481,-7.69307],[109.03525,-7.69307],[109.03526,-7.69307],[109.0357,-7.69307],[109.03571,-7.69307],[109.03616,-7.69307],[109.03616,-7.69352],[109.03616,-7.69353],[109.03616,-7.69397],[109.03616,-7.69398],[109.03661,-7.69398],[109.03661,-7.69443],[109.03616,-7.69443],[109.03616,-7.69488],[109.03571,-7.69488],[109.03571,-7.69533],[109.0357,-7.69533],[109.0357,-7.69578],[109.03525,-7.69578],[109.03525,-7.69623],[109.03479,-7.69623],[109.03479,-7.69668],[109.03434,-7.69668],[109.03433,-7.69668],[109.03393,-7.69668],[109.03388,-7.69668],[109.03388,-7.69661],[109.03388,-7.69623],[109.0336,-7.69623],[109.0335,-7.69623],[109.03342,-7.69623],[109.03342,-7.69622],[109.03298,-7.69622],[109.03297,-7.69622],[109.03252,-7.69622],[109.03207,-7.69622],[109.03207,-7.69667],[109.03207,-7.69712],[109.03162,-7.69712],[109.03162,-7.69757],[109.03116,-7.69757],[109.03116,-7.69802],[109.03116,-7.69847],[109.03161,-7.69847],[109.03161,-7.69893],[109.03206,-7.69893],[109.03252,-7.69893],[109.03252,-7.69938],[109.03206,-7.69938],[109.03206,-7.6994],[109.03204,-7.69938],[109.0316,-7.69896],[109.0316,-7.69893],[109.03157,-7.69893],[109.03135,-7.69872],[109.03115,-7.69854],[109.03115,-7.69853],[109.03108,-7.69847],[109.03071,-7.69813],[109.03059,-7.69802],[109.03025,-7.69771],[109.03025,-7.6977],[109.03011,-7.69757],[109.0301,-7.69757],[109.02982,-7.69731],[109.0298,-7.69729],[109.0296,-7.69711],[109.02935,-7.69689],[109.02933,-7.69687],[109.0293,-7.6969],[109.02904,-7.69666],[109.02904,-7.69665],[109.02901,-7.69662],[109.0289,-7.69652],[109.02855,-7.6962],[109.02845,-7.69612],[109.02845,-7.69612],[109.0281,-7.6958],[109.02804,-7.69575],[109.02799,-7.69571],[109.02799,-7.6957],[109.02791,-7.69564],[109.02757,-7.6953]],[[109.03368,-7.68764],[109.03368,-7.68769],[109.03377,-7.68769],[109.03377,-7.68764],[109.03377,-7.68761],[109.03377,-7.6876],[109.03376,-7.6876],[109.03368,-7.6876],[109.03368,-7.68764]],[[109.03207,-7.6958],[109.03207,-7.69577],[109.03199,-7.69577],[109.03162,-7.69577],[109.03162,-7.69621],[109.03162,-7.69622],[109.03207,-7.69622],[109.03207,-7.6958]],[[109.02755,-7.69484],[109.028,-7.69484],[109.028,-7.69439],[109.02755,-7.69439],[109.02755,-7.69484]],[[109.028,-7.69485],[109.028,-7.69529],[109.02845,-7.69529],[109.02845,-7.69485],[109.028,-7.69485]],[[109.03292,-7.69215],[109.033,-7.69215],[109.033,-7.6926],[109.033,-7.69261],[109.03344,-7.69261],[109.03345,-7.69261],[109.03345,-7.69216],[109.03345,-7.69171],[109.03333,-7.69171],[109.03317,-7.69171],[109.033,-7.69171],[109.033,-7.69125],[109.03299,-7.69125],[109.03255,-7.69125],[109.03255,-7.6917],[109.03255,-7.69215],[109.0328,-7.69215],[109.03292,-7.69215]],[[109.03209,-7.6926],[109.03241,-7.6926],[109.03253,-7.6926],[109.03254,-7.6926],[109.03254,-7.69259],[109.03254,-7.69245],[109.03254,-7.69215],[109.03209,-7.69215],[109.03209,-7.6926]],[[109.03119,-7.69125],[109.03119,-7.69169],[109.03164,-7.69169],[109.03164,-7.69125],[109.03119,-7.69125]],[[109.03524,-7.69533],[109.0348,-7.69533],[109.0348,-7.69578],[109.03524,-7.69578],[109.03524,-7.69533]],[[109.03345,-7.69397],[109.03344,-7.69397],[109.03344,-7.69441],[109.03344,-7.69442],[109.03389,-7.69442],[109.03389,-7.69397],[109.03389,-7.69352],[109.03345,-7.69352],[109.03345,-7.69396],[109.03345,-7.69397]],[[109.0348,-7.69442],[109.03525,-7.69442],[109.03525,-7.69398],[109.03525,-7.69397],[109.03481,-7.69397],[109.0348,-7.69397],[109.0348,-7.69442]],[[109.0339,-7.69351],[109.03435,-7.69351],[109.03435,-7.69307],[109.0339,-7.69307],[109.0339,-7.69351]],[[109.03301,-7.69112],[109.03301,-7.69125],[109.03311,-7.69125],[109.03345,-7.69125],[109.03345,-7.6908],[109.03301,-7.6908],[109.03301,-7.69112]]],[[[109.02607,-7.69381],[109.02574,-7.6935],[109.02572,-7.69348],[109.02572,-7.69347],[109.02574,-7.69347],[109.02574,-7.69348],[109.0262,-7.69348],[109.0262,-7.69393],[109.02613,-7.69386],[109.02607,-7.69381]]],[[[109.02847,-7.69304],[109.02847,-7.69349],[109.02801,-7.69349],[109.02801,-7.69304],[109.02847,-7.69304]]],[[[109.02803,-7.68987],[109.02848,-7.68987],[109.02848,-7.69033],[109.02802,-7.69033],[109.02802,-7.69078],[109.02757,-7.69078],[109.02756,-7.69078],[109.02756,-7.69032],[109.02757,-7.69032],[109.02802,-7.69032],[109.02802,-7.68987],[109.02768,-7.68987],[109.02757,-7.68987],[109.02757,-7.68942],[109.02803,-7.68942],[109.02803,-7.68952],[109.02803,-7.68987]]],[[[109.02712,-7.69032],[109.02712,-7.69077],[109.02711,-7.69077],[109.02666,-7.69077],[109.02666,-7.69067],[109.02666,-7.69032],[109.02711,-7.69032],[109.02712,-7.69032]]],[[[109.02848,-7.68943],[109.02848,-7.68937],[109.02859,-7.68937],[109.02894,-7.68901],[109.02894,-7.68943],[109.02848,-7.68943]]],[[[109.02848,-7.6891],[109.02848,-7.68897],[109.02861,-7.68897],[109.02862,-7.68897],[109.0287,-7.68897],[109.02848,-7.68918],[109.02848,-7.6891]]],[[[109.02849,-7.68835],[109.02849,-7.68852],[109.02803,-7.68852],[109.02803,-7.68807],[109.02831,-7.68807],[109.02842,-7.68807],[109.02849,-7.68807],[109.02849,-7.68818],[109.02849,-7.68835]]],[[[109.02895,-7.68671],[109.02895,-7.68627],[109.02895,-7.68626],[109.02895,-7.68581],[109.0294,-7.68581],[109.0294,-7.68536],[109.02895,-7.68536],[109.02895,-7.68491],[109.02895,-7.68446],[109.02895,-7.68445],[109.02895,-7.68401],[109.02895,-7.684],[109.02895,-7.68355],[109.0285,-7.68355],[109.0285,-7.6831],[109.02895,-7.6831],[109.02896,-7.6831],[109.02896,-7.68265],[109.02851,-7.68265],[109.02851,-7.6822],[109.02851,-7.68219],[109.02806,-7.68219],[109.0276,-7.68219],[109.0276,-7.68178],[109.02773,-7.68174],[109.02806,-7.68174],[109.02806,-7.68162],[109.02851,-7.68146],[109.02851,-7.68146],[109.02878,-7.68137],[109.02877,-7.68129],[109.02872,-7.68107],[109.02872,-7.68106],[109.02871,-7.68103],[109.02867,-7.68086],[109.02867,-7.68086],[109.02867,-7.68085],[109.02866,-7.68084],[109.02866,-7.68083],[109.02865,-7.68077],[109.02865,-7.68076],[109.02864,-7.68076],[109.02864,-7.68076],[109.02852,-7.68073],[109.02852,-7.68039],[109.02807,-7.68039],[109.02807,-7.68084],[109.02834,-7.68084],[109.02806,-7.6811],[109.02806,-7.68084],[109.02761,-7.68084],[109.02761,-7.68128],[109.02761,-7.68129],[109.02761,-7.68152],[109.0275,-7.68163],[109.02749,-7.68163],[109.02748,-7.68164],[109.02736,-7.68168],[109.02735,-7.6817],[109.02735,-7.68171],[109.02735,-7.68172],[109.02733,-7.68174],[109.02715,-7.68174],[109.02715,-7.68129],[109.02715,-7.68128],[109.02715,-7.68083],[109.02761,-7.68083],[109.02761,-7.68039],[109.02761,-7.68038],[109.02761,-7.67993],[109.02807,-7.67993],[109.02807,-7.67948],[109.02807,-7.67903],[109.02807,-7.67899],[109.0281,-7.67899],[109.0281,-7.67903],[109.0281,-7.67908],[109.02819,-7.67908],[109.02819,-7.67903],[109.02819,-7.67899],[109.02828,-7.67899],[109.02828,-7.67903],[109.02828,-7.67917],[109.02837,-7.67917],[109.02837,-7.67918],[109.02837,-7.67935],[109.02841,-7.67935],[109.02846,-7.67935],[109.02846,-7.67944],[109.02853,-7.67944],[109.02853,-7.67948],[109.02853,-7.67987],[109.02853,-7.67993],[109.02854,-7.67993],[109.02898,-7.67993],[109.02898,-7.67994],[109.02898,-7.68038],[109.02896,-7.68039],[109.02897,-7.68039],[109.02882,-7.68044],[109.02898,-7.6804],[109.02898,-7.68041],[109.02904,-7.68039],[109.02943,-7.68039],[109.02943,-7.68059],[109.02943,-7.68069],[109.02943,-7.68084],[109.02943,-7.68129],[109.02943,-7.6813],[109.02943,-7.68175],[109.02942,-7.68175],[109.02942,-7.6822],[109.02942,-7.68265],[109.02942,-7.68309],[109.02939,-7.6831],[109.0294,-7.6831],[109.02927,-7.68316],[109.02929,-7.68324],[109.02931,-7.68334],[109.02932,-7.68334],[109.02933,-7.68334],[109.02934,-7.68334],[109.02935,-7.68334],[109.02941,-7.68337],[109.02941,-7.68355],[109.0298,-7.68355],[109.02987,-7.68358],[109.02987,-7.68401],[109.03031,-7.68401],[109.03032,-7.68401],[109.03047,-7.68401],[109.03063,-7.68425],[109.03076,-7.68425],[109.03077,-7.68425],[109.03104,-7.68425],[109.03119,-7.68405],[109.0312,-7.68401],[109.03122,-7.68401],[109.03122,-7.68398],[109.0314,-7.68356],[109.03167,-7.68356],[109.03168,-7.68356],[109.03168,-7.68341],[109.03214,-7.68319],[109.03214,-7.68357],[109.03234,-7.68357],[109.03234,-7.68362],[109.03243,-7.68362],[109.03243,-7.68371],[109.03258,-7.68371],[109.03259,-7.68371],[109.0326,-7.68371],[109.03261,-7.68371],[109.03261,-7.68372],[109.03261,-7.6838],[109.03265,-7.6838],[109.0327,-7.6838],[109.0327,-7.68371],[109.03279,-7.68371],[109.03279,-7.68389],[109.0327,-7.68389],[109.03261,-7.68389],[109.03261,-7.68402],[109.03261,-7.68407],[109.03258,-7.68407],[109.03243,-7.68407],[109.03243,-7.68416],[109.03234,-7.68416],[109.03234,-7.68434],[109.03233,-7.68434],[109.03215,-7.68434],[109.03215,-7.68443],[109.03213,-7.68443],[109.03212,-7.68443],[109.03206,-7.68443],[109.03206,-7.68447],[109.03206,-7.68452],[109.03197,-7.68452],[109.03197,-7.6847],[109.03212,-7.6847],[109.03213,-7.6847],[109.03233,-7.6847],[109.03233,-7.68488],[109.03242,-7.68488],[109.03242,-7.68492],[109.03213,-7.68492],[109.03212,-7.68492],[109.03206,-7.68492],[109.03206,-7.68488],[109.03197,-7.68488],[109.03197,-7.68492],[109.03167,-7.68492],[109.03122,-7.68492],[109.03122,-7.68537],[109.03076,-7.68537],[109.03076,-7.68582],[109.03031,-7.68582],[109.03031,-7.68627],[109.02985,-7.68627],[109.02963,-7.68627],[109.0294,-7.68627],[109.0294,-7.68672],[109.02895,-7.68672],[109.02895,-7.68717],[109.02849,-7.68717],[109.02849,-7.68671],[109.02895,-7.68671]],[[109.03031,-7.68446],[109.02986,-7.68446],[109.02986,-7.68491],[109.02986,-7.68536],[109.0303,-7.68536],[109.0303,-7.68491],[109.03076,-7.68491],[109.03121,-7.68491],[109.03121,-7.68447],[109.03076,-7.68447],[109.03076,-7.68446],[109.03032,-7.68446],[109.03031,-7.68446]]],[[[109.0285,-7.684],[109.0285,-7.68445],[109.02805,-7.68445],[109.02804,-7.68445],[109.02804,-7.684],[109.02805,-7.684],[109.0285,-7.684]]],[[[109.0267,-7.68444],[109.0267,-7.68445],[109.02624,-7.68445],[109.02624,-7.68444],[109.02624,-7.68399],[109.02669,-7.68399],[109.02669,-7.68354],[109.02715,-7.68354],[109.02715,-7.68399],[109.02715,-7.684],[109.0267,-7.684],[109.0267,-7.68444]]],[[[109.02805,-7.68309],[109.02805,-7.68355],[109.0276,-7.68355],[109.02759,-7.68355],[109.02759,-7.68309],[109.0276,-7.68309],[109.02805,-7.68309]]],[[[109.02715,-7.68309],[109.0267,-7.68309],[109.02669,-7.68309],[109.02669,-7.68264],[109.0267,-7.68264],[109.02715,-7.68264],[109.02715,-7.68309]]],[[[109.0267,-7.68128],[109.0267,-7.68173],[109.02625,-7.68173],[109.02624,-7.68173],[109.02624,-7.68128],[109.02625,-7.68128],[109.0267,-7.68128]]],[[[109.02763,-7.67767],[109.02808,-7.67767],[109.02808,-7.67722],[109.02852,-7.67722],[109.02853,-7.67722],[109.02883,-7.67722],[109.02883,-7.67727],[109.02892,-7.67727],[109.02892,-7.67754],[109.02899,-7.67754],[109.02899,-7.67755],[109.02899,-7.67764],[109.02892,-7.67764],[109.02892,-7.67768],[109.02892,-7.67782],[109.02883,-7.67782],[109.02883,-7.67791],[109.02874,-7.67791],[109.02874,-7.678],[109.02865,-7.678],[109.02865,-7.67809],[109.02853,-7.67809],[109.02837,-7.67809],[109.02829,-7.67808],[109.02829,-7.67813],[109.02829,-7.67817],[109.02835,-7.67817],[109.02836,-7.67817],[109.02838,-7.67817],[109.02838,-7.67818],[109.02838,-7.67827],[109.02847,-7.67827],[109.02847,-7.67836],[109.02838,-7.67836],[109.02838,-7.67858],[109.02837,-7.67872],[109.02831,-7.67872],[109.02828,-7.67872],[109.02828,-7.67863],[109.02807,-7.67863],[109.02807,-7.67858],[109.02808,-7.67858],[109.02808,-7.67813],[109.02763,-7.67813],[109.02763,-7.67767]],[[109.02835,-7.67827],[109.02829,-7.67827],[109.02829,-7.67836],[109.02834,-7.67836],[109.02837,-7.67836],[109.02838,-7.67827],[109.02835,-7.67827]]],[[[109.02892,-7.67827],[109.02898,-7.67827],[109.02901,-7.67827],[109.02901,-7.67836],[109.0291,-7.67836],[109.0291,-7.67854],[109.02919,-7.67854],[109.02919,-7.67858],[109.02919,-7.67863],[109.02928,-7.67863],[109.02928,-7.67872],[109.02937,-7.67872],[109.02937,-7.67881],[109.02943,-7.67881],[109.02946,-7.67881],[109.02946,-7.67899],[109.02955,-7.67899],[109.02955,-7.67904],[109.02943,-7.67904],[109.02898,-7.67904],[109.02898,-7.67903],[109.02898,-7.67858],[109.02865,-7.67858],[109.02865,-7.67827],[109.02874,-7.67827],[109.02874,-7.67818],[109.02892,-7.67818],[109.02892,-7.67827]]],[[[109.02853,-7.67818],[109.02856,-7.67818],[109.02856,-7.67827],[109.02853,-7.67827],[109.02847,-7.67827],[109.02847,-7.67818],[109.02853,-7.67818]]],[[[109.02628,-7.67541],[109.02583,-7.67541],[109.02582,-7.67541],[109.02582,-7.67495],[109.02583,-7.67495],[109.02628,-7.67495],[109.02628,-7.67541]]],[[[109.02719,-7.6736],[109.02719,-7.67405],[109.02719,-7.67406],[109.02673,-7.67406],[109.02673,-7.67405],[109.02673,-7.6736],[109.02719,-7.6736]]],[[[109.02629,-7.67269],[109.02629,-7.67315],[109.02583,-7.67315],[109.02583,-7.67269],[109.02629,-7.67269]]],[[[109.02585,-7.67134],[109.02585,-7.67179],[109.02539,-7.67179],[109.02539,-7.67134],[109.02585,-7.67134]]],[[[109.02721,-7.67089],[109.02721,-7.67134],[109.02675,-7.67134],[109.02675,-7.67089],[109.02721,-7.67089]]],[[[109.0282,-7.67083],[109.0282,-7.67084],[109.02823,-7.6709],[109.02811,-7.6709],[109.02811,-7.67067],[109.0282,-7.67083]]],[[[109.02857,-7.66955],[109.02857,-7.66954],[109.02857,-7.66909],[109.02903,-7.66909],[109.02903,-7.66954],[109.02948,-7.66954],[109.02948,-7.66955],[109.02948,-7.67],[109.02947,-7.67],[109.02947,-7.67045],[109.02902,-7.67045],[109.02901,-7.67045],[109.02857,-7.67045],[109.02857,-7.6709],[109.02856,-7.6709],[109.02827,-7.6709],[109.02823,-7.6709],[109.02811,-7.67055],[109.02811,-7.67054],[109.02811,-7.67044],[109.02856,-7.67044],[109.02856,-7.67],[109.02856,-7.66999],[109.02902,-7.66999],[109.02902,-7.66955],[109.02857,-7.66955]]],[[[109.02585,-7.66998],[109.02585,-7.67043],[109.02539,-7.67043],[109.02539,-7.66998],[109.02585,-7.66998]]],[[[109.02594,-7.65191],[109.02548,-7.65191],[109.02548,-7.65146],[109.02548,-7.65145],[109.02594,-7.65145],[109.02594,-7.65146],[109.02594,-7.65191]]],[[[109.0273,-7.65056],[109.0273,-7.65101],[109.02684,-7.65101],[109.02684,-7.65056],[109.0273,-7.65056]]],[[[109.02825,-7.64153],[109.02825,-7.64198],[109.02779,-7.64198],[109.02779,-7.64153],[109.02779,-7.64152],[109.02825,-7.64152],[109.02825,-7.64153]]],[[[109.03072,-7.69485],[109.03072,-7.69531],[109.03027,-7.69531],[109.03027,-7.69485],[109.03072,-7.69485]]],[[[109.02939,-7.68898],[109.02897,-7.68898],[109.02939,-7.68855],[109.02939,-7.68898]]],[[[109.02964,-7.68807],[109.02939,-7.68832],[109.02939,-7.68831],[109.02917,-7.68852],[109.02893,-7.68875],[109.02893,-7.68869],[109.02893,-7.68852],[109.02893,-7.68807],[109.02894,-7.68807],[109.02894,-7.68762],[109.0294,-7.68762],[109.0294,-7.68807],[109.0296,-7.68807],[109.02964,-7.68807]]],[[[109.03007,-7.68785],[109.03008,-7.68785],[109.03009,-7.68785],[109.03009,-7.68786],[109.0301,-7.68786],[109.03011,-7.68786],[109.03011,-7.68787],[109.03012,-7.68787],[109.0303,-7.68808],[109.02985,-7.68808],[109.02985,-7.68853],[109.02941,-7.68853],[109.02984,-7.68808],[109.02984,-7.68808],[109.03004,-7.68787],[109.03005,-7.68787],[109.03005,-7.68786],[109.03006,-7.68786],[109.03007,-7.68786],[109.03007,-7.68785]]],[[[109.03009,-7.68762],[109.03014,-7.68762],[109.02996,-7.68777],[109.02984,-7.68789],[109.02984,-7.68785],[109.02984,-7.68762],[109.03009,-7.68762]]],[[[109.03073,-7.68714],[109.03069,-7.68714],[109.03069,-7.68717],[109.03068,-7.68718],[109.03067,-7.68718],[109.0303,-7.68749],[109.0303,-7.68743],[109.0303,-7.68718],[109.0303,-7.68717],[109.0303,-7.68672],[109.03075,-7.68672],[109.03075,-7.68702],[109.03075,-7.68703],[109.03075,-7.68711],[109.03073,-7.68714]]],[[[109.03032,-7.68267],[109.03032,-7.68265],[109.03035,-7.68265],[109.03032,-7.68267]]],[[[109.02988,-7.6804],[109.02988,-7.68039],[109.02988,-7.68018],[109.03027,-7.68008],[109.03027,-7.68017],[109.03033,-7.68017],[109.03034,-7.68017],[109.03036,-7.68017],[109.03036,-7.68035],[109.03054,-7.68035],[109.03054,-7.68031],[109.03054,-7.68027],[109.03054,-7.68026],[109.03063,-7.68026],[109.03063,-7.68027],[109.03063,-7.68028],[109.03063,-7.68035],[109.03071,-7.68035],[109.03069,-7.68036],[109.03072,-7.68036],[109.03072,-7.68039],[109.03072,-7.6804],[109.03072,-7.68054],[109.03078,-7.68054],[109.03079,-7.68054],[109.03079,-7.68085],[109.0309,-7.68085],[109.0309,-7.68099],[109.03099,-7.68099],[109.03099,-7.6813],[109.03078,-7.6813],[109.03078,-7.68085],[109.03033,-7.68085],[109.03033,-7.68045],[109.03033,-7.6804],[109.03019,-7.6804],[109.02988,-7.6804]]],[[[109.03081,-7.68036],[109.0309,-7.68036],[109.0309,-7.6804],[109.03081,-7.6804],[109.03081,-7.68036]]],[[[109.03079,-7.68009],[109.03078,-7.68009],[109.03072,-7.68009],[109.03072,-7.67999],[109.03063,-7.67999],[109.03078,-7.67995],[109.03078,-7.67995],[109.03079,-7.67995],[109.03082,-7.67995],[109.03081,-7.68009],[109.03079,-7.68009]]],[[[109.03,-7.67994],[109.03016,-7.67994],[109.03,-7.68],[109.03,-7.67994]]],[[[109.03,-7.67949],[109.02988,-7.67949],[109.02988,-7.67909],[109.03,-7.67909],[109.03,-7.67949]]],[[[109.03027,-7.67945],[109.03027,-7.67949],[109.03009,-7.67949],[109.03009,-7.67904],[109.03034,-7.67904],[109.03034,-7.67945],[109.03027,-7.67945]]],[[[109.02982,-7.67891],[109.02982,-7.67904],[109.02973,-7.67904],[109.02973,-7.6789],[109.02982,-7.6789],[109.02982,-7.67891]]],[[[109.02973,-7.67858],[109.02989,-7.67858],[109.02989,-7.67882],[109.02982,-7.67882],[109.02982,-7.67881],[109.02982,-7.67863],[109.02973,-7.67863],[109.02973,-7.67858]]],[[[109.03064,-7.67814],[109.03034,-7.67814],[109.03034,-7.67807],[109.03034,-7.67798],[109.03034,-7.67791],[109.03046,-7.67791],[109.03046,-7.67794],[109.03046,-7.67803],[109.03046,-7.67809],[109.03064,-7.67809],[109.03064,-7.67814]]],[[[109.03064,-7.67782],[109.03073,-7.67782],[109.03073,-7.67783],[109.03073,-7.67791],[109.03073,-7.67792],[109.03064,-7.67791],[109.03064,-7.67788],[109.03064,-7.67782]]],[[[109.03055,-7.67791],[109.03046,-7.67791],[109.03046,-7.67782],[109.03055,-7.67782],[109.03055,-7.67791]]],[[[109.02956,-7.67744],[109.02956,-7.67746],[109.02958,-7.67746],[109.02965,-7.67746],[109.02965,-7.67751],[109.02965,-7.67755],[109.0297,-7.67755],[109.02974,-7.67755],[109.02974,-7.67758],[109.02974,-7.67764],[109.02981,-7.67764],[109.02989,-7.67764],[109.02989,-7.67768],[109.02989,-7.6777],[109.02989,-7.67791],[109.02974,-7.67791],[109.02974,-7.67773],[109.02965,-7.67773],[109.02965,-7.67768],[109.02965,-7.67764],[109.02956,-7.67764],[109.02956,-7.67755],[109.02947,-7.67755],[109.02947,-7.67737],[109.02948,-7.67737],[109.02956,-7.67737],[109.02956,-7.67744]]],[[[109.02989,-7.67723],[109.02989,-7.67737],[109.02983,-7.67737],[109.02983,-7.67728],[109.02974,-7.67728],[109.02974,-7.67723],[109.02989,-7.67723]]],[[[109.02943,-7.67723],[109.02947,-7.67723],[109.02947,-7.67728],[109.02943,-7.67728],[109.02943,-7.67723]]],[[[109.03037,-7.67136],[109.03037,-7.67181],[109.02992,-7.67181],[109.02991,-7.67181],[109.02991,-7.67136],[109.02992,-7.67136],[109.03037,-7.67136]]],[[[109.02947,-7.6709],[109.02947,-7.67135],[109.02901,-7.67135],[109.02901,-7.6709],[109.02947,-7.6709]]],[[[109.03039,-7.64696],[109.0303,-7.64696],[109.03003,-7.64696],[109.03003,-7.64651],[109.03003,-7.6465],[109.03049,-7.6465],[109.03049,-7.64651],[109.03049,-7.64683],[109.03049,-7.64695],[109.03049,-7.64696],[109.03039,-7.64696]]],[[[109.03207,-7.69758],[109.03207,-7.69757],[109.03207,-7.69712],[109.03252,-7.69712],[109.03252,-7.69667],[109.03297,-7.69667],[109.03297,-7.69712],[109.03297,-7.69713],[109.03297,-7.69758],[109.03252,-7.69758],[109.03207,-7.69758]]],[[[109.03163,-7.69364],[109.03163,-7.69365],[109.03163,-7.69375],[109.03163,-7.69396],[109.0318,-7.69396],[109.03191,-7.69396],[109.03208,-7.69396],[109.03208,-7.69417],[109.03208,-7.69431],[109.03208,-7.69441],[109.03208,-7.69486],[109.03162,-7.69486],[109.03162,-7.69441],[109.03162,-7.69396],[109.03117,-7.69396],[109.03117,-7.6935],[109.03163,-7.6935],[109.03163,-7.69351],[109.03163,-7.69364]]],[[[109.0314,-7.68949],[109.0314,-7.68944],[109.03141,-7.68944],[109.03147,-7.68944],[109.03155,-7.68953],[109.03159,-7.68949],[109.03154,-7.68944],[109.03165,-7.68944],[109.03165,-7.68922],[109.03168,-7.68922],[109.03168,-7.68913],[109.03165,-7.68913],[109.03165,-7.68899],[109.03165,-7.68895],[109.03177,-7.68895],[109.03177,-7.68899],[109.03177,-7.68904],[109.03186,-7.68904],[109.03186,-7.68899],[109.03186,-7.68895],[109.03195,-7.68895],[109.03195,-7.68886],[109.0321,-7.68886],[109.03211,-7.68886],[109.03211,-7.68899],[109.03211,-7.68944],[109.03211,-7.68989],[109.03211,-7.68991],[109.03211,-7.69],[109.03211,-7.69034],[109.0321,-7.69034],[109.03165,-7.69034],[109.03119,-7.69034],[109.03119,-7.68989],[109.0312,-7.68989],[109.0312,-7.68967],[109.03122,-7.68967],[109.03122,-7.68958],[109.0312,-7.68958],[109.0312,-7.68944],[109.03132,-7.68944],[109.03132,-7.68949],[109.0314,-7.68949]]],[[[109.03233,-7.68537],[109.03233,-7.68561],[109.03224,-7.68561],[109.03224,-7.68579],[109.03229,-7.68579],[109.0323,-7.68579],[109.03233,-7.68579],[109.03242,-7.68579],[109.03242,-7.68583],[109.03233,-7.68583],[109.03231,-7.6858],[109.03227,-7.68583],[109.03224,-7.68583],[109.03212,-7.68583],[109.03212,-7.68592],[109.03212,-7.68595],[109.03184,-7.68618],[109.03183,-7.68618],[109.03183,-7.68619],[109.03182,-7.68619],[109.03181,-7.68619],[109.03176,-7.68619],[109.03167,-7.68619],[109.03166,-7.68619],[109.03159,-7.68619],[109.03153,-7.68628],[109.03152,-7.68628],[109.03136,-7.6865],[109.03136,-7.68651],[109.03134,-7.68652],[109.0312,-7.68672],[109.0312,-7.68663],[109.0312,-7.68627],[109.03121,-7.68627],[109.03121,-7.68582],[109.03166,-7.68582],[109.03167,-7.68582],[109.03212,-7.68582],[109.03212,-7.68537],[109.03233,-7.68537]]],[[[109.03278,-7.6854],[109.03278,-7.68542],[109.03278,-7.68543],[109.03277,-7.68543],[109.03275,-7.68543],[109.03269,-7.68543],[109.03269,-7.68538],[109.03278,-7.68538],[109.03278,-7.6854]]],[[[109.0327,-7.6847],[109.0327,-7.68461],[109.03279,-7.68461],[109.03279,-7.68471],[109.0327,-7.6847]]],[[[109.0327,-7.68461],[109.03261,-7.68461],[109.03261,-7.68452],[109.0327,-7.68452],[109.0327,-7.68461]]],[[[109.03258,-7.68353],[109.03258,-7.68347],[109.03258,-7.68344],[109.03261,-7.68344],[109.03261,-7.68353],[109.03258,-7.68353]]],[[[109.03261,-7.68326],[109.03261,-7.68335],[109.03258,-7.68335],[109.03258,-7.68326],[109.03261,-7.68326]]],[[[109.0327,-7.68326],[109.03279,-7.68326],[109.03279,-7.68335],[109.0327,-7.68335],[109.0327,-7.68326]]],[[[109.0327,-7.68326],[109.03261,-7.68326],[109.03261,-7.68317],[109.0327,-7.68317],[109.0327,-7.68326]]],[[[109.03279,-7.68317],[109.0327,-7.68317],[109.0327,-7.68312],[109.03279,-7.68312],[109.03279,-7.68317]]],[[[109.03262,-7.68253],[109.03271,-7.68253],[109.03271,-7.68254],[109.03271,-7.68267],[109.03262,-7.68267],[109.03261,-7.68267],[109.03261,-7.68253],[109.03262,-7.68253]]],[[[109.03252,-7.68266],[109.03252,-7.68267],[109.03214,-7.68267],[109.03213,-7.68267],[109.03213,-7.68266],[109.03213,-7.68244],[109.03214,-7.68244],[109.03244,-7.68244],[109.03243,-7.68253],[109.03253,-7.68253],[109.03252,-7.68262],[109.03252,-7.68266]]],[[[109.03172,-7.68069],[109.03172,-7.68072],[109.03169,-7.68072],[109.03168,-7.68072],[109.03164,-7.68072],[109.03163,-7.68072],[109.03163,-7.68071],[109.03163,-7.68063],[109.03168,-7.68063],[109.03169,-7.68063],[109.03172,-7.68063],[109.03172,-7.68069]]],[[[109.03105,-7.68018],[109.03109,-7.68018],[109.03109,-7.68017],[109.03109,-7.68],[109.03123,-7.68],[109.03124,-7.68],[109.03127,-7.68],[109.03127,-7.67995],[109.03127,-7.67991],[109.03124,-7.67991],[109.03123,-7.67991],[109.03118,-7.67991],[109.03118,-7.67986],[109.03123,-7.67984],[109.03123,-7.67983],[109.03126,-7.67972],[109.03136,-7.67973],[109.03136,-7.67972],[109.03145,-7.67973],[109.03145,-7.67991],[109.03136,-7.67991],[109.03136,-7.67995],[109.03136,-7.68009],[109.0314,-7.68009],[109.03143,-7.68009],[109.03144,-7.68009],[109.03145,-7.68009],[109.03145,-7.68018],[109.03154,-7.68018],[109.03154,-7.68023],[109.03154,-7.68026],[109.03153,-7.68027],[109.03145,-7.68027],[109.03145,-7.68036],[109.03153,-7.68036],[109.03154,-7.68036],[109.03154,-7.68038],[109.03154,-7.6804],[109.03154,-7.68045],[109.03149,-7.68045],[109.03136,-7.68045],[109.03136,-7.68054],[109.03123,-7.68054],[109.03123,-7.6804],[109.03099,-7.6804],[109.03099,-7.68028],[109.03099,-7.68027],[109.0309,-7.68027],[109.0309,-7.68021],[109.0309,-7.68018],[109.03105,-7.68018]]],[[[109.031,-7.68],[109.031,-7.68009],[109.03099,-7.68009],[109.0309,-7.68009],[109.0309,-7.67999],[109.03091,-7.67999],[109.031,-7.67999],[109.031,-7.67995],[109.031,-7.67994],[109.031,-7.67991],[109.03098,-7.67991],[109.03109,-7.67988],[109.03109,-7.67994],[109.03109,-7.67995],[109.03109,-7.68],[109.031,-7.68]]],[[[109.0311,-7.67959],[109.03109,-7.67959],[109.03078,-7.67971],[109.03078,-7.6795],[109.03078,-7.67949],[109.03078,-7.67927],[109.03091,-7.67927],[109.03091,-7.67918],[109.03082,-7.67918],[109.03082,-7.67909],[109.03078,-7.67909],[109.03078,-7.67904],[109.03104,-7.67904],[109.03114,-7.67904],[109.03124,-7.67904],[109.03163,-7.67904],[109.03164,-7.67904],[109.03163,-7.67919],[109.03154,-7.67918],[109.03154,-7.67946],[109.03145,-7.67946],[109.03145,-7.6795],[109.03145,-7.67955],[109.03136,-7.67955],[109.03136,-7.67964],[109.03129,-7.67964],[109.03129,-7.67962],[109.0313,-7.67961],[109.0313,-7.6796],[109.03133,-7.67956],[109.03123,-7.67952],[109.03123,-7.67952],[109.0312,-7.67951],[109.03118,-7.67951],[109.03118,-7.6795],[109.03118,-7.67949],[109.03118,-7.67945],[109.03109,-7.67945],[109.03109,-7.67948],[109.03109,-7.67949],[109.03109,-7.6795],[109.03109,-7.67953],[109.03109,-7.67954],[109.03112,-7.67954],[109.03112,-7.67955],[109.03112,-7.67956],[109.03112,-7.67957],[109.03111,-7.67957],[109.03111,-7.67958],[109.0311,-7.67958],[109.0311,-7.67959]],[[109.03109,-7.67936],[109.03106,-7.67936],[109.03098,-7.67936],[109.03091,-7.67936],[109.03091,-7.67945],[109.03099,-7.67945],[109.03107,-7.67945],[109.03109,-7.67945],[109.03109,-7.67936]]],[[[109.03173,-7.67837],[109.0317,-7.67837],[109.0317,-7.67814],[109.03125,-7.67814],[109.03125,-7.67769],[109.03146,-7.67769],[109.03146,-7.67783],[109.03171,-7.67783],[109.03171,-7.67814],[109.03191,-7.67814],[109.03191,-7.67826],[109.03191,-7.67828],[109.032,-7.67828],[109.032,-7.6783],[109.032,-7.67837],[109.03209,-7.67837],[109.03209,-7.67855],[109.032,-7.67855],[109.032,-7.67846],[109.03191,-7.67846],[109.03191,-7.67855],[109.03173,-7.67855],[109.03173,-7.67848],[109.03173,-7.67838],[109.03173,-7.67837]]],[[[109.03209,-7.67814],[109.03209,-7.67819],[109.03202,-7.67819],[109.032,-7.67819],[109.032,-7.67814],[109.03209,-7.67814]]],[[[109.03245,-7.67795],[109.03245,-7.67792],[109.03255,-7.67792],[109.03255,-7.67783],[109.03246,-7.67783],[109.03246,-7.67774],[109.03261,-7.67774],[109.03261,-7.67794],[109.03261,-7.67796],[109.03261,-7.67815],[109.033,-7.67815],[109.033,-7.67829],[109.03306,-7.67829],[109.03306,-7.67838],[109.033,-7.67838],[109.033,-7.67847],[109.03291,-7.67847],[109.03291,-7.67856],[109.03281,-7.67856],[109.03282,-7.67838],[109.03272,-7.67838],[109.03273,-7.67829],[109.0326,-7.67829],[109.0326,-7.67815],[109.03227,-7.67815],[109.03227,-7.67813],[109.03227,-7.6781],[109.03232,-7.6781],[109.03245,-7.6781],[109.03245,-7.67801],[109.03245,-7.67795]]],[[[109.03264,-7.67756],[109.03273,-7.67756],[109.03273,-7.6777],[109.0327,-7.6777],[109.03268,-7.6777],[109.03264,-7.6777],[109.03264,-7.67758],[109.03265,-7.67758],[109.03264,-7.67756]]],[[[109.03273,-7.67724],[109.03282,-7.67724],[109.03282,-7.67729],[109.03307,-7.67729],[109.03307,-7.67747],[109.033,-7.67747],[109.033,-7.6777],[109.03282,-7.6777],[109.03282,-7.67756],[109.03273,-7.67756],[109.03273,-7.67738],[109.03268,-7.67738],[109.03264,-7.67738],[109.03264,-7.6773],[109.03264,-7.67729],[109.03273,-7.67729],[109.03273,-7.67724]]],[[[109.03146,-7.67665],[109.03155,-7.67665],[109.03156,-7.67638],[109.03165,-7.67638],[109.03165,-7.67633],[109.03171,-7.67633],[109.03171,-7.67589],[109.03171,-7.67588],[109.03171,-7.67543],[109.03216,-7.67543],[109.03216,-7.67498],[109.03216,-7.67453],[109.03172,-7.67453],[109.03171,-7.67453],[109.03171,-7.67408],[109.03172,-7.67408],[109.03217,-7.67408],[109.03217,-7.67453],[109.03262,-7.67453],[109.03262,-7.67498],[109.03262,-7.67543],[109.03307,-7.67543],[109.03307,-7.67544],[109.03307,-7.67585],[109.03301,-7.67585],[109.03301,-7.67589],[109.03262,-7.67589],[109.03261,-7.67589],[109.03261,-7.67544],[109.03217,-7.67544],[109.03217,-7.67588],[109.03217,-7.67589],[109.03217,-7.67633],[109.03217,-7.67634],[109.03262,-7.67634],[109.03262,-7.67648],[109.03255,-7.67648],[109.03255,-7.67657],[109.03246,-7.67657],[109.03246,-7.67675],[109.03237,-7.67675],[109.03237,-7.67679],[109.03237,-7.67693],[109.03232,-7.67693],[109.03228,-7.67693],[109.03228,-7.67707],[109.03228,-7.67711],[109.03219,-7.67711],[109.03219,-7.67724],[109.03216,-7.67724],[109.03216,-7.67704],[109.03216,-7.67693],[109.03216,-7.67679],[109.03171,-7.67679],[109.03128,-7.67679],[109.03128,-7.67665],[109.03137,-7.67665],[109.03137,-7.67656],[109.03146,-7.67656],[109.03147,-7.67656],[109.03146,-7.67665]]],[[[109.03156,-7.67638],[109.03147,-7.67638],[109.03147,-7.67647],[109.03146,-7.67647],[109.03137,-7.67647],[109.03137,-7.67638],[109.03125,-7.67638],[109.03125,-7.67633],[109.03156,-7.67633],[109.03156,-7.67638]]],[[[109.03264,-7.67182],[109.03309,-7.67182],[109.03309,-7.67227],[109.03309,-7.67228],[109.03309,-7.67273],[109.03263,-7.67273],[109.03263,-7.67272],[109.03218,-7.67272],[109.03218,-7.67227],[109.03218,-7.67182],[109.03263,-7.67182],[109.03264,-7.67182]]],[[[109.03264,-7.67137],[109.03218,-7.67137],[109.03218,-7.67092],[109.03218,-7.67091],[109.03264,-7.67091],[109.03264,-7.67092],[109.03264,-7.67137]]],[[[109.03128,-7.67001],[109.03174,-7.67001],[109.03174,-7.67046],[109.03129,-7.67046],[109.03129,-7.67091],[109.03083,-7.67091],[109.03083,-7.67046],[109.03128,-7.67046],[109.03128,-7.67001]]],[[[109.03174,-7.65058],[109.03137,-7.65058],[109.03137,-7.65013],[109.03156,-7.65013],[109.03156,-7.65022],[109.03174,-7.65022],[109.03174,-7.65058]]],[[[109.03127,-7.6429],[109.03095,-7.6429],[109.03095,-7.64253],[109.03127,-7.6429]]],[[[109.03412,-7.7012],[109.0342,-7.7012],[109.03431,-7.7012],[109.03432,-7.7012],[109.03477,-7.7012],[109.03477,-7.70165],[109.03464,-7.70165],[109.03432,-7.70137],[109.03432,-7.70137],[109.03423,-7.7013],[109.03423,-7.7013],[109.03412,-7.7012]]],[[[109.03613,-7.70075],[109.03613,-7.70121],[109.03567,-7.70121],[109.03567,-7.70075],[109.03613,-7.70075]]],[[[109.03522,-7.69939],[109.03523,-7.69939],[109.03568,-7.69939],[109.03568,-7.6994],[109.03568,-7.69985],[109.03568,-7.7003],[109.03523,-7.7003],[109.03522,-7.7003],[109.03497,-7.7003],[109.03487,-7.7003],[109.03477,-7.7003],[109.03477,-7.70001],[109.03477,-7.69989],[109.03477,-7.69985],[109.03477,-7.69984],[109.03477,-7.69939],[109.03522,-7.69939]]],[[[109.03433,-7.69894],[109.03433,-7.69939],[109.03432,-7.69939],[109.03418,-7.69939],[109.03404,-7.69939],[109.03387,-7.69939],[109.03387,-7.69924],[109.03387,-7.69913],[109.03387,-7.69908],[109.03387,-7.69894],[109.03389,-7.69894],[109.03432,-7.69894],[109.03433,-7.69894]]],[[[109.03614,-7.69849],[109.03614,-7.69895],[109.03568,-7.69895],[109.03568,-7.69849],[109.03614,-7.69849]]],[[[109.03387,-7.69803],[109.03385,-7.69803],[109.03374,-7.69803],[109.03343,-7.69803],[109.03342,-7.69803],[109.03297,-7.69803],[109.03297,-7.69758],[109.03342,-7.69758],[109.03342,-7.69713],[109.03374,-7.69713],[109.03386,-7.69713],[109.03387,-7.69713],[109.03388,-7.69713],[109.03433,-7.69713],[109.03433,-7.69758],[109.03388,-7.69758],[109.03388,-7.69803],[109.03432,-7.69803],[109.03433,-7.69803],[109.03478,-7.69803],[109.03478,-7.69804],[109.03478,-7.69849],[109.03433,-7.69849],[109.03432,-7.69849],[109.03398,-7.69849],[109.03388,-7.69849],[109.03387,-7.69849],[109.03387,-7.69829],[109.03387,-7.69809],[109.03387,-7.69803]]],[[[109.03527,-7.69081],[109.03481,-7.69081],[109.03481,-7.69036],[109.03527,-7.69036],[109.03527,-7.69081]]],[[[109.03573,-7.68855],[109.03573,-7.6881],[109.03573,-7.68765],[109.03619,-7.68765],[109.03619,-7.6872],[109.03619,-7.68675],[109.03664,-7.68675],[109.03664,-7.6872],[109.03664,-7.68765],[109.03664,-7.6881],[109.03664,-7.68811],[109.03664,-7.68855],[109.03664,-7.68856],[109.03709,-7.68856],[109.03709,-7.68901],[109.03664,-7.68901],[109.03663,-7.68901],[109.03619,-7.68901],[109.03618,-7.68901],[109.03573,-7.68901],[109.03527,-7.68901],[109.03527,-7.689],[109.03527,-7.68855],[109.03573,-7.68855]]],[[[109.03486,-7.68661],[109.03495,-7.68661],[109.03495,-7.68652],[109.03504,-7.68652],[109.03504,-7.68643],[109.03523,-7.68643],[109.03523,-7.68652],[109.03529,-7.68652],[109.03529,-7.68674],[109.03484,-7.68674],[109.03484,-7.68719],[109.03438,-7.68719],[109.03438,-7.68706],[109.03441,-7.68706],[109.03441,-7.68697],[109.0345,-7.68697],[109.0345,-7.68688],[109.03468,-7.68688],[109.03468,-7.68679],[109.03477,-7.68679],[109.03477,-7.68674],[109.03477,-7.6867],[109.03483,-7.6867],[109.03484,-7.6867],[109.03486,-7.6867],[109.03486,-7.68661]]],[[[109.03529,-7.68643],[109.03523,-7.68643],[109.03523,-7.68634],[109.03529,-7.68634],[109.03529,-7.68643]]],[[[109.03351,-7.68525],[109.03351,-7.68534],[109.03348,-7.68534],[109.03348,-7.68525],[109.03351,-7.68525]]],[[[109.03414,-7.68489],[109.03415,-7.6848],[109.03424,-7.6848],[109.03424,-7.68489],[109.03414,-7.68489]]],[[[109.03396,-7.6848],[109.03396,-7.68471],[109.03405,-7.68471],[109.03406,-7.68471],[109.03406,-7.6848],[109.03405,-7.6848],[109.03396,-7.6848]]],[[[109.03456,-7.68399],[109.0346,-7.68399],[109.0346,-7.68403],[109.0346,-7.68407],[109.0346,-7.68408],[109.03459,-7.68408],[109.03451,-7.68408],[109.03451,-7.68405],[109.03451,-7.68404],[109.03451,-7.68403],[109.03451,-7.68399],[109.03456,-7.68399]]],[[[109.0346,-7.68363],[109.0347,-7.68363],[109.03469,-7.68372],[109.0346,-7.68372],[109.0346,-7.68363]]],[[[109.03297,-7.68317],[109.03288,-7.68317],[109.03288,-7.68312],[109.03297,-7.68312],[109.03298,-7.68312],[109.03298,-7.68317],[109.03297,-7.68317]]],[[[109.03397,-7.67815],[109.03397,-7.6782],[109.0339,-7.6782],[109.0339,-7.67815],[109.03397,-7.67815]]],[[[109.03354,-7.67815],[109.03363,-7.67815],[109.03363,-7.6782],[109.03354,-7.6782],[109.03354,-7.67815]]],[[[109.03353,-7.67499],[109.03307,-7.67499],[109.03307,-7.67453],[109.03353,-7.67453],[109.03353,-7.67499]]],[[[109.03535,-7.67454],[109.03489,-7.67454],[109.03489,-7.67409],[109.03535,-7.67409],[109.03535,-7.67454]]],[[[109.03354,-7.67318],[109.03354,-7.67363],[109.03308,-7.67363],[109.03308,-7.67318],[109.03354,-7.67318]]],[[[109.0358,-7.67319],[109.03535,-7.67319],[109.03535,-7.67274],[109.0358,-7.67274],[109.03581,-7.67274],[109.03581,-7.67319],[109.0358,-7.67319]]],[[[109.03445,-7.67228],[109.03399,-7.67228],[109.03399,-7.67183],[109.03445,-7.67183],[109.03445,-7.67228]]],[[[109.03418,-7.67065],[109.034,-7.67065],[109.034,-7.67047],[109.03436,-7.67047],[109.03437,-7.67047],[109.03445,-7.67047],[109.03446,-7.67047],[109.03446,-7.67092],[109.03446,-7.67093],[109.03445,-7.67093],[109.03418,-7.67093],[109.03418,-7.67092],[109.03418,-7.67065]]],[[[109.03309,-7.67029],[109.03273,-7.67029],[109.03273,-7.67047],[109.03264,-7.67047],[109.03264,-7.67001],[109.0331,-7.67001],[109.0331,-7.67029],[109.03309,-7.67029]]],[[[109.0351,-7.66686],[109.03511,-7.66686],[109.03538,-7.66686],[109.03538,-7.66731],[109.03538,-7.66732],[109.03492,-7.66732],[109.03492,-7.66731],[109.03492,-7.66686],[109.0351,-7.66686]]],[[[109.03311,-7.66685],[109.03311,-7.66722],[109.03311,-7.6673],[109.03265,-7.6673],[109.03265,-7.66685],[109.03311,-7.66685]]],[[[109.03266,-7.66595],[109.03312,-7.66595],[109.03312,-7.66606],[109.03312,-7.66615],[109.03312,-7.6664],[109.03266,-7.6664],[109.03266,-7.66626],[109.03266,-7.66617],[109.03266,-7.66595]]],[[[109.03493,-7.66433],[109.03493,-7.66415],[109.03494,-7.66415],[109.03494,-7.66433],[109.03493,-7.66433]]],[[[109.03318,-7.65239],[109.03318,-7.65285],[109.03272,-7.65285],[109.03272,-7.65239],[109.03318,-7.65239]]],[[[109.03749,-7.69986],[109.03749,-7.69941],[109.03749,-7.6994],[109.03795,-7.6994],[109.03795,-7.69941],[109.03795,-7.69971],[109.03783,-7.6998],[109.03777,-7.69986],[109.03749,-7.69986]]],[[[109.03704,-7.6976],[109.03659,-7.6976],[109.03659,-7.69714],[109.03705,-7.69714],[109.03751,-7.69714],[109.03751,-7.6976],[109.03795,-7.6976],[109.03795,-7.69715],[109.03841,-7.69715],[109.03886,-7.69715],[109.03886,-7.6976],[109.03841,-7.6976],[109.03796,-7.6976],[109.03796,-7.69805],[109.0384,-7.69805],[109.03841,-7.69805],[109.03886,-7.69805],[109.03886,-7.69806],[109.03931,-7.69806],[109.03932,-7.69806],[109.03976,-7.69806],[109.03976,-7.69761],[109.04022,-7.69761],[109.04022,-7.69806],[109.04066,-7.69806],[109.04067,-7.69806],[109.04112,-7.69806],[109.04112,-7.69807],[109.04157,-7.69807],[109.04157,-7.69852],[109.04157,-7.6986],[109.04157,-7.69861],[109.04143,-7.69869],[109.04131,-7.69873],[109.04114,-7.69876],[109.04112,-7.69877],[109.04111,-7.69877],[109.04111,-7.69852],[109.04067,-7.69852],[109.04067,-7.69896],[109.04066,-7.69897],[109.04058,-7.69906],[109.04055,-7.69904],[109.04051,-7.699],[109.04048,-7.69897],[109.04043,-7.69891],[109.04036,-7.69883],[109.04029,-7.69873],[109.04022,-7.69861],[109.04021,-7.69861],[109.04015,-7.69851],[109.03999,-7.69826],[109.03976,-7.69842],[109.03976,-7.69841],[109.03962,-7.69851],[109.03959,-7.69853],[109.03938,-7.69868],[109.03931,-7.69873],[109.03906,-7.69888],[109.03895,-7.69896],[109.03885,-7.69904],[109.03885,-7.69896],[109.03885,-7.69851],[109.03841,-7.69851],[109.03841,-7.69896],[109.03795,-7.69896],[109.03795,-7.69851],[109.03795,-7.6985],[109.0375,-7.6985],[109.0375,-7.69895],[109.03704,-7.69895],[109.03704,-7.6985],[109.03749,-7.6985],[109.03749,-7.69805],[109.03704,-7.69805],[109.03704,-7.6976]]],[[[109.03886,-7.69625],[109.03886,-7.6967],[109.03841,-7.6967],[109.03841,-7.69625],[109.03886,-7.69625]]],[[[109.03615,-7.69624],[109.03615,-7.69578],[109.0366,-7.69578],[109.0366,-7.69534],[109.0366,-7.69533],[109.03661,-7.69533],[109.03661,-7.69489],[109.03661,-7.69488],[109.03661,-7.69443],[109.03706,-7.69443],[109.03706,-7.69488],[109.03751,-7.69488],[109.03751,-7.69489],[109.03751,-7.69534],[109.03706,-7.69534],[109.03706,-7.69579],[109.03706,-7.69624],[109.03751,-7.69624],[109.03751,-7.69579],[109.03796,-7.69579],[109.03796,-7.69624],[109.03796,-7.69625],[109.03751,-7.69625],[109.03751,-7.69669],[109.03705,-7.69669],[109.03705,-7.69624],[109.03661,-7.69624],[109.0366,-7.69624],[109.0366,-7.69669],[109.03614,-7.69669],[109.03614,-7.69624],[109.03615,-7.69624]]],[[[109.03751,-7.69444],[109.03751,-7.69398],[109.03797,-7.69398],[109.03797,-7.69353],[109.03842,-7.69353],[109.03842,-7.69309],[109.03842,-7.69308],[109.03842,-7.69263],[109.03843,-7.69263],[109.03843,-7.69218],[109.03889,-7.69218],[109.03889,-7.69263],[109.03888,-7.69263],[109.03888,-7.69308],[109.03888,-7.69309],[109.03888,-7.69354],[109.03933,-7.69354],[109.03933,-7.69399],[109.03888,-7.69399],[109.03888,-7.69444],[109.03887,-7.69444],[109.03887,-7.69489],[109.03841,-7.69489],[109.03841,-7.69444],[109.03842,-7.69444],[109.03842,-7.69399],[109.03797,-7.69399],[109.03797,-7.69444],[109.03751,-7.69444]]],[[[109.03707,-7.69353],[109.03661,-7.69353],[109.03661,-7.69308],[109.03707,-7.69308],[109.03707,-7.69353]]],[[[109.03798,-7.69218],[109.03753,-7.69218],[109.03752,-7.69218],[109.03707,-7.69218],[109.03707,-7.69217],[109.03661,-7.69217],[109.03661,-7.69172],[109.03707,-7.69172],[109.03752,-7.69172],[109.03753,-7.69172],[109.03798,-7.69172],[109.03798,-7.69218]]],[[[109.03617,-7.69172],[109.03617,-7.69217],[109.03571,-7.69217],[109.03571,-7.69172],[109.03617,-7.69172]]],[[[109.03617,-7.69037],[109.03617,-7.69036],[109.03617,-7.68991],[109.03663,-7.68991],[109.03708,-7.68991],[109.03709,-7.68991],[109.03719,-7.68991],[109.03754,-7.68991],[109.03754,-7.68965],[109.03754,-7.68947],[109.03754,-7.68946],[109.03754,-7.68901],[109.03799,-7.68901],[109.03799,-7.68856],[109.03844,-7.68856],[109.03845,-7.68856],[109.0389,-7.68856],[109.0389,-7.68857],[109.0389,-7.68866],[109.0389,-7.68902],[109.0389,-7.68947],[109.03845,-7.68947],[109.03844,-7.68947],[109.038,-7.68947],[109.038,-7.68992],[109.03844,-7.68992],[109.03845,-7.68992],[109.03845,-7.69037],[109.03889,-7.69037],[109.0389,-7.69037],[109.0389,-7.69082],[109.0389,-7.69083],[109.0389,-7.69128],[109.03889,-7.69128],[109.03844,-7.69128],[109.03798,-7.69128],[109.03798,-7.69127],[109.03753,-7.69127],[109.03753,-7.69082],[109.03708,-7.69082],[109.03708,-7.69037],[109.03663,-7.69037],[109.03663,-7.69082],[109.03617,-7.69082],[109.03617,-7.69068],[109.03617,-7.69037]],[[109.03799,-7.68992],[109.03754,-7.68992],[109.03754,-7.69037],[109.03799,-7.69037],[109.03799,-7.68992]],[[109.03799,-7.69082],[109.03844,-7.69082],[109.03844,-7.69037],[109.03799,-7.69037],[109.03799,-7.69082]]],[[[109.03595,-7.68562],[109.03595,-7.68544],[109.03596,-7.68544],[109.03614,-7.68544],[109.03614,-7.68553],[109.03619,-7.68553],[109.0362,-7.68553],[109.03623,-7.68553],[109.03623,-7.68544],[109.0365,-7.68544],[109.0365,-7.68539],[109.03665,-7.68539],[109.03665,-7.68585],[109.03619,-7.68585],[109.03619,-7.6863],[109.03574,-7.6863],[109.03574,-7.68616],[109.03577,-7.68616],[109.03577,-7.68607],[109.03574,-7.68607],[109.03574,-7.68598],[109.03577,-7.68598],[109.03577,-7.68589],[109.03586,-7.68589],[109.03586,-7.68584],[109.03586,-7.6858],[109.03577,-7.6858],[109.03577,-7.68571],[109.03586,-7.68571],[109.03586,-7.68562],[109.03595,-7.68562]]],[[[109.03891,-7.6854],[109.03892,-7.6854],[109.03937,-7.6854],[109.03937,-7.68541],[109.03937,-7.68586],[109.03892,-7.68586],[109.03891,-7.68586],[109.03846,-7.68586],[109.03846,-7.6854],[109.03891,-7.6854]]],[[[109.03801,-7.6854],[109.03801,-7.68585],[109.03755,-7.68585],[109.03755,-7.6854],[109.03801,-7.6854]]],[[[109.03642,-7.68328],[109.03642,-7.68327],[109.03651,-7.68327],[109.03651,-7.68328],[109.03651,-7.68337],[109.03642,-7.68337],[109.03642,-7.68355],[109.0366,-7.68355],[109.0366,-7.68359],[109.0362,-7.68359],[109.0362,-7.68336],[109.03642,-7.68336],[109.03642,-7.68328]]],[[[109.03848,-7.68346],[109.03848,-7.68359],[109.03848,-7.6836],[109.03847,-7.6836],[109.03802,-7.6836],[109.03802,-7.68359],[109.03802,-7.68314],[109.03805,-7.68314],[109.03805,-7.68319],[109.03823,-7.68319],[109.03823,-7.68314],[109.03841,-7.68314],[109.03841,-7.68319],[109.03847,-7.68319],[109.03848,-7.68319],[109.03848,-7.68337],[109.03848,-7.68338],[109.03847,-7.68338],[109.03841,-7.68337],[109.03841,-7.68346],[109.03847,-7.68346],[109.03848,-7.68346]]],[[[109.03624,-7.68282],[109.03624,-7.68287],[109.03624,-7.68291],[109.0363,-7.68291],[109.03651,-7.68291],[109.03651,-7.683],[109.03633,-7.683],[109.03633,-7.68309],[109.03624,-7.68309],[109.03624,-7.683],[109.03621,-7.683],[109.03621,-7.68297],[109.03621,-7.68289],[109.03621,-7.68282],[109.03623,-7.68282],[109.03624,-7.68282]]],[[[109.03588,-7.68264],[109.03588,-7.68255],[109.03597,-7.68255],[109.03597,-7.68264],[109.03588,-7.68264]]],[[[109.03848,-7.68057],[109.03842,-7.68057],[109.03842,-7.68066],[109.03824,-7.68066],[109.03824,-7.68057],[109.03833,-7.68057],[109.03833,-7.68048],[109.03842,-7.68048],[109.03842,-7.68043],[109.03843,-7.68043],[109.03848,-7.68043],[109.03848,-7.68057]]],[[[109.03679,-7.68042],[109.03688,-7.68042],[109.03689,-7.68042],[109.03688,-7.68047],[109.03679,-7.68047],[109.03679,-7.68042]]],[[[109.03734,-7.67993],[109.03734,-7.67998],[109.03716,-7.67998],[109.03716,-7.67993],[109.03734,-7.67993]]],[[[109.03761,-7.6793],[109.03762,-7.6793],[109.0377,-7.6793],[109.03771,-7.67921],[109.0378,-7.67921],[109.0378,-7.67912],[109.03789,-7.67912],[109.03789,-7.67908],[109.03789,-7.67907],[109.03789,-7.67903],[109.03798,-7.67903],[109.03798,-7.67894],[109.03804,-7.67894],[109.03804,-7.67907],[109.03804,-7.67908],[109.03804,-7.67953],[109.03798,-7.67953],[109.03797,-7.67953],[109.03798,-7.67949],[109.03789,-7.67948],[109.03789,-7.67953],[109.03758,-7.67953],[109.03758,-7.67984],[109.03758,-7.67985],[109.03752,-7.67984],[109.03752,-7.67998],[109.03743,-7.67998],[109.03743,-7.67993],[109.03734,-7.67993],[109.03734,-7.67984],[109.03716,-7.67984],[109.03716,-7.67975],[109.03725,-7.67975],[109.03725,-7.67966],[109.03734,-7.67966],[109.03734,-7.67957],[109.03743,-7.67957],[109.03743,-7.67952],[109.03758,-7.67952],[109.03758,-7.67939],[109.03761,-7.67939],[109.03761,-7.6793]]],[[[109.03862,-7.67822],[109.03862,-7.67817],[109.03895,-7.67817],[109.03895,-7.67773],[109.03895,-7.67772],[109.0385,-7.67772],[109.0385,-7.67817],[109.03853,-7.67817],[109.03853,-7.67831],[109.03849,-7.67831],[109.03849,-7.67817],[109.03844,-7.67817],[109.03843,-7.67817],[109.03844,-7.67813],[109.03835,-7.67813],[109.03835,-7.67817],[109.03834,-7.67817],[109.03825,-7.67817],[109.03825,-7.67813],[109.03816,-7.67813],[109.03816,-7.67804],[109.03807,-7.67804],[109.03807,-7.67813],[109.03805,-7.67813],[109.03804,-7.67813],[109.03789,-7.67813],[109.03789,-7.67817],[109.03759,-7.67817],[109.03759,-7.6784],[109.03735,-7.6784],[109.03735,-7.67849],[109.03726,-7.67849],[109.03726,-7.67858],[109.03725,-7.67858],[109.03714,-7.67858],[109.03713,-7.67858],[109.03698,-7.67858],[109.03698,-7.67862],[109.03689,-7.67862],[109.03689,-7.67848],[109.03707,-7.67849],[109.03707,-7.67831],[109.03708,-7.67831],[109.03713,-7.67831],[109.03714,-7.67831],[109.03726,-7.67831],[109.03726,-7.67822],[109.03735,-7.67822],[109.03735,-7.67817],[109.03735,-7.67813],[109.03744,-7.67813],[109.03744,-7.67804],[109.03753,-7.67804],[109.03753,-7.67795],[109.03759,-7.67795],[109.03762,-7.67795],[109.03762,-7.67786],[109.03759,-7.67786],[109.03753,-7.67786],[109.03753,-7.67772],[109.03753,-7.67771],[109.03753,-7.67768],[109.03744,-7.67767],[109.03744,-7.67758],[109.03726,-7.67758],[109.03726,-7.67749],[109.03717,-7.67749],[109.03717,-7.6774],[109.03714,-7.6774],[109.03708,-7.6774],[109.03708,-7.67749],[109.03699,-7.67749],[109.03699,-7.6774],[109.0369,-7.6774],[109.0369,-7.67726],[109.03714,-7.67726],[109.03714,-7.67681],[109.03714,-7.67636],[109.03714,-7.67591],[109.03669,-7.67591],[109.03669,-7.67545],[109.0367,-7.67545],[109.0367,-7.675],[109.0367,-7.67455],[109.0367,-7.6741],[109.0367,-7.67365],[109.03715,-7.67365],[109.03715,-7.6732],[109.03671,-7.6732],[109.0367,-7.6732],[109.0367,-7.67274],[109.03671,-7.67274],[109.03716,-7.67274],[109.03716,-7.6732],[109.03761,-7.6732],[109.03761,-7.67365],[109.03761,-7.6741],[109.03761,-7.67455],[109.03805,-7.67455],[109.03805,-7.67411],[109.03805,-7.6741],[109.03806,-7.6741],[109.03851,-7.6741],[109.03851,-7.67366],[109.03806,-7.67366],[109.03806,-7.67365],[109.03806,-7.6732],[109.03851,-7.6732],[109.03852,-7.6732],[109.03896,-7.6732],[109.03897,-7.6732],[109.03942,-7.6732],[109.03942,-7.67321],[109.03987,-7.67321],[109.03988,-7.67321],[109.04033,-7.67321],[109.04033,-7.67276],[109.03988,-7.67276],[109.03988,-7.67231],[109.03988,-7.6723],[109.04034,-7.6723],[109.04034,-7.67231],[109.04034,-7.67276],[109.04076,-7.67276],[109.04079,-7.67276],[109.04079,-7.673],[109.04079,-7.67321],[109.0412,-7.67321],[109.04123,-7.67321],[109.04124,-7.67321],[109.04124,-7.6732],[109.04124,-7.67276],[109.04169,-7.67276],[109.0417,-7.67276],[109.0417,-7.67277],[109.04214,-7.67277],[109.04215,-7.67277],[109.04223,-7.67277],[109.04246,-7.67277],[109.04259,-7.67277],[109.0426,-7.67277],[109.04305,-7.67277],[109.04305,-7.67322],[109.0426,-7.67322],[109.0426,-7.67351],[109.0426,-7.67361],[109.0426,-7.67367],[109.04304,-7.67367],[109.04305,-7.67367],[109.04305,-7.67412],[109.04305,-7.67413],[109.04349,-7.67413],[109.04349,-7.67368],[109.04349,-7.67326],[109.04349,-7.67323],[109.0435,-7.67323],[109.04358,-7.67323],[109.04394,-7.67323],[109.04395,-7.67323],[109.0444,-7.67323],[109.0444,-7.67368],[109.0444,-7.67413],[109.04485,-7.67413],[109.04485,-7.67459],[109.04501,-7.67459],[109.0453,-7.67459],[109.0453,-7.67504],[109.04485,-7.67504],[109.04485,-7.67549],[109.04467,-7.67549],[109.0444,-7.67549],[109.0444,-7.67594],[109.04395,-7.67594],[109.04395,-7.67639],[109.04431,-7.67639],[109.04439,-7.67639],[109.0444,-7.67639],[109.04485,-7.67639],[109.04485,-7.67685],[109.0444,-7.67685],[109.04439,-7.67685],[109.04412,-7.67685],[109.04394,-7.67685],[109.04394,-7.67724],[109.04394,-7.67729],[109.04391,-7.67729],[109.04349,-7.67729],[109.04348,-7.67729],[109.04303,-7.67729],[109.04303,-7.67774],[109.04258,-7.67774],[109.04257,-7.67774],[109.04257,-7.67819],[109.04302,-7.67819],[109.04323,-7.67819],[109.04324,-7.67819],[109.04348,-7.67819],[109.04348,-7.6782],[109.04393,-7.6782],[109.04393,-7.67865],[109.04393,-7.6791],[109.04347,-7.6791],[109.04347,-7.67865],[109.04302,-7.67865],[109.04261,-7.67865],[109.0426,-7.67865],[109.04256,-7.67865],[109.04256,-7.67819],[109.04212,-7.67819],[109.04212,-7.67864],[109.04166,-7.67864],[109.04121,-7.67864],[109.04076,-7.67864],[109.04076,-7.67818],[109.04121,-7.67818],[109.04121,-7.67773],[109.04076,-7.67773],[109.04076,-7.67757],[109.04076,-7.67748],[109.04076,-7.67728],[109.04101,-7.67728],[109.04115,-7.67728],[109.04122,-7.67728],[109.04122,-7.67773],[109.04167,-7.67773],[109.04167,-7.67774],[109.04211,-7.67774],[109.04212,-7.67774],[109.04212,-7.67729],[109.04167,-7.67729],[109.04167,-7.67684],[109.04167,-7.67683],[109.04155,-7.67683],[109.04122,-7.67683],[109.04121,-7.67683],[109.04076,-7.67683],[109.04076,-7.67638],[109.04031,-7.67638],[109.04031,-7.67637],[109.03986,-7.67637],[109.03986,-7.67592],[109.03986,-7.67547],[109.04031,-7.67547],[109.04032,-7.67547],[109.04077,-7.67547],[109.04122,-7.67547],[109.04122,-7.67502],[109.04078,-7.67502],[109.04077,-7.67502],[109.04032,-7.67502],[109.03986,-7.67502],[109.03986,-7.67457],[109.03941,-7.67457],[109.03941,-7.67456],[109.03897,-7.67456],[109.03896,-7.67456],[109.03896,-7.67501],[109.03896,-7.67546],[109.03941,-7.67546],[109.03941,-7.67592],[109.03896,-7.67592],[109.03896,-7.67637],[109.03941,-7.67637],[109.03941,-7.67682],[109.03968,-7.67682],[109.03971,-7.67687],[109.03972,-7.67687],[109.03972,-7.67688],[109.03972,-7.67689],[109.03972,-7.6769],[109.03972,-7.67691],[109.03972,-7.67692],[109.03957,-7.67728],[109.03941,-7.67728],[109.03941,-7.67772],[109.03941,-7.67773],[109.03941,-7.67818],[109.03895,-7.67818],[109.03895,-7.67862],[109.03895,-7.67863],[109.03895,-7.67908],[109.03895,-7.67953],[109.03849,-7.67953],[109.03849,-7.67908],[109.03849,-7.67863],[109.03849,-7.67862],[109.03849,-7.6784],[109.03871,-7.6784],[109.03871,-7.67822],[109.03862,-7.67822]],[[109.0385,-7.67727],[109.0385,-7.67682],[109.03805,-7.67682],[109.03805,-7.67637],[109.03805,-7.67636],[109.0376,-7.67636],[109.0376,-7.67681],[109.0376,-7.67726],[109.0376,-7.67727],[109.0376,-7.67772],[109.03771,-7.67772],[109.03771,-7.67777],[109.0378,-7.67777],[109.0378,-7.67772],[109.03804,-7.67772],[109.03805,-7.67772],[109.0385,-7.67772],[109.0385,-7.67727]],[[109.03851,-7.67637],[109.03851,-7.67682],[109.03895,-7.67682],[109.03895,-7.67637],[109.03851,-7.67637]],[[109.0376,-7.67455],[109.03716,-7.67455],[109.03716,-7.675],[109.0376,-7.675],[109.0376,-7.67455]],[[109.0376,-7.67546],[109.03716,-7.67546],[109.03715,-7.67546],[109.03715,-7.67591],[109.0376,-7.67591],[109.0376,-7.67546]],[[109.03987,-7.67366],[109.03942,-7.67366],[109.03942,-7.67411],[109.03987,-7.67411],[109.03987,-7.67366]],[[109.03987,-7.67456],[109.04032,-7.67456],[109.04032,-7.67412],[109.03987,-7.67412],[109.03987,-7.67456]],[[109.04123,-7.67593],[109.04167,-7.67593],[109.04167,-7.67548],[109.04123,-7.67548],[109.04123,-7.67593]],[[109.04349,-7.67511],[109.04349,-7.67503],[109.04324,-7.67503],[109.04305,-7.67503],[109.04304,-7.67503],[109.04304,-7.67548],[109.04349,-7.67548],[109.04349,-7.67511]],[[109.04168,-7.67503],[109.04168,-7.67548],[109.04213,-7.67548],[109.04213,-7.67503],[109.04169,-7.67503],[109.04168,-7.67503]],[[109.04213,-7.67593],[109.04258,-7.67593],[109.04258,-7.67548],[109.04213,-7.67548],[109.04213,-7.67593]],[[109.04168,-7.67367],[109.04124,-7.67367],[109.04124,-7.67404],[109.04124,-7.67412],[109.04135,-7.67412],[109.04168,-7.67412],[109.04168,-7.67397],[109.04168,-7.67387],[109.04168,-7.67367]],[[109.04169,-7.67457],[109.04213,-7.67457],[109.04213,-7.67412],[109.04169,-7.67412],[109.04169,-7.67457]],[[109.04382,-7.67551],[109.04383,-7.67551],[109.04383,-7.6755],[109.04382,-7.67551]],[[109.04484,-7.67459],[109.0444,-7.67459],[109.04439,-7.67459],[109.04439,-7.67413],[109.04395,-7.67413],[109.04394,-7.67413],[109.0435,-7.67413],[109.0435,-7.67458],[109.0435,-7.67502],[109.0435,-7.67503],[109.04355,-7.67503],[109.04395,-7.67503],[109.04395,-7.67516],[109.04395,-7.67525],[109.04395,-7.67543],[109.04395,-7.67545],[109.04395,-7.67548],[109.04395,-7.67549],[109.04439,-7.67549],[109.04439,-7.67504],[109.0444,-7.67504],[109.04484,-7.67504],[109.04484,-7.67459]]],[[[109.03668,-7.67726],[109.03681,-7.67726],[109.03681,-7.67749],[109.03668,-7.67749],[109.03668,-7.67726]]],[[[109.03625,-7.67545],[109.03579,-7.67545],[109.03579,-7.675],[109.03625,-7.675],[109.03625,-7.67545]]],[[[109.03832,-7.6723],[109.03852,-7.6723],[109.03852,-7.67231],[109.03852,-7.67275],[109.03807,-7.67275],[109.03806,-7.67275],[109.03761,-7.67275],[109.03761,-7.6723],[109.03761,-7.67229],[109.03761,-7.67184],[109.03802,-7.67184],[109.03807,-7.67184],[109.03807,-7.67193],[109.03807,-7.67229],[109.03807,-7.6723],[109.03832,-7.6723]]],[[[109.03717,-7.67184],[109.03671,-7.67184],[109.03671,-7.67139],[109.03717,-7.67139],[109.03717,-7.67184]]],[[[109.03854,-7.66869],[109.03809,-7.66869],[109.03809,-7.66868],[109.03764,-7.66868],[109.03764,-7.66913],[109.03718,-7.66913],[109.03718,-7.66868],[109.03763,-7.66868],[109.03763,-7.66823],[109.03809,-7.66823],[109.03854,-7.66823],[109.03854,-7.66868],[109.03854,-7.66869]]],[[[109.03638,-7.66542],[109.03638,-7.66506],[109.03656,-7.66506],[109.03674,-7.66506],[109.03674,-7.66551],[109.03629,-7.66551],[109.03628,-7.66551],[109.03628,-7.66542],[109.03629,-7.66542],[109.03638,-7.66542]]],[[[109.03721,-7.66238],[109.03721,-7.66235],[109.03737,-7.66235],[109.03767,-7.66235],[109.03767,-7.66254],[109.03767,-7.66258],[109.03767,-7.66281],[109.03721,-7.66281],[109.03721,-7.66279],[109.03763,-7.66257],[109.03765,-7.66256],[109.03761,-7.66251],[109.03721,-7.66278],[109.03721,-7.66238]]],[[[109.03861,-7.65332],[109.03905,-7.65332],[109.03906,-7.65332],[109.03951,-7.65332],[109.03951,-7.65378],[109.03906,-7.65378],[109.03905,-7.65378],[109.0386,-7.65378],[109.0386,-7.65332],[109.03815,-7.65332],[109.03815,-7.65287],[109.0377,-7.65287],[109.0377,-7.65241],[109.03789,-7.65241],[109.03807,-7.65241],[109.03816,-7.65241],[109.03816,-7.65242],[109.03816,-7.65287],[109.03861,-7.65287],[109.03861,-7.65332]]],[[[109.03933,-7.69489],[109.03933,-7.69535],[109.03887,-7.69535],[109.03887,-7.69489],[109.03933,-7.69489]]],[[[109.0407,-7.69355],[109.04024,-7.69355],[109.04024,-7.69309],[109.0407,-7.69309],[109.0407,-7.69355]]],[[[109.03935,-7.68857],[109.03935,-7.68835],[109.03935,-7.68834],[109.03935,-7.68812],[109.03935,-7.68767],[109.03981,-7.68767],[109.03981,-7.68802],[109.03981,-7.68803],[109.03981,-7.68812],[109.03981,-7.68857],[109.03935,-7.68857]]],[[[109.04027,-7.68631],[109.04073,-7.68631],[109.04073,-7.68632],[109.04118,-7.68632],[109.04118,-7.68587],[109.04118,-7.68581],[109.04118,-7.6858],[109.04118,-7.68542],[109.04118,-7.68541],[109.04118,-7.68496],[109.04163,-7.68496],[109.04163,-7.68541],[109.04163,-7.68542],[109.04208,-7.68542],[109.04208,-7.68497],[109.04254,-7.68497],[109.04254,-7.68452],[109.04254,-7.68407],[109.04209,-7.68407],[109.04209,-7.68406],[109.04164,-7.68406],[109.04163,-7.68406],[109.04118,-7.68406],[109.04118,-7.68361],[109.04163,-7.68361],[109.04164,-7.68361],[109.04209,-7.68361],[109.04254,-7.68361],[109.04255,-7.68361],[109.043,-7.68361],[109.043,-7.68407],[109.04345,-7.68407],[109.0439,-7.68407],[109.0439,-7.68362],[109.04436,-7.68362],[109.04436,-7.68317],[109.04391,-7.68317],[109.04391,-7.68272],[109.04436,-7.68272],[109.04437,-7.68272],[109.04481,-7.68272],[109.04482,-7.68272],[109.04526,-7.68272],[109.04526,-7.68227],[109.04482,-7.68227],[109.04481,-7.68227],[109.04481,-7.68182],[109.04437,-7.68182],[109.04436,-7.68182],[109.04392,-7.68182],[109.04392,-7.68226],[109.04392,-7.68227],[109.04391,-7.68227],[109.04346,-7.68227],[109.04346,-7.68226],[109.04346,-7.68181],[109.04391,-7.68181],[109.04391,-7.68136],[109.04436,-7.68136],[109.04437,-7.68136],[109.04481,-7.68136],[109.04482,-7.68136],[109.04527,-7.68136],[109.04527,-7.68092],[109.04527,-7.68091],[109.04573,-7.68091],[109.04573,-7.68047],[109.04573,-7.68046],[109.04573,-7.68001],[109.04528,-7.68001],[109.04528,-7.67956],[109.04483,-7.67956],[109.04483,-7.67911],[109.04529,-7.67911],[109.04529,-7.67956],[109.04574,-7.67956],[109.04574,-7.68001],[109.04619,-7.68001],[109.04619,-7.68002],[109.04664,-7.68002],[109.04664,-7.68047],[109.04619,-7.68047],[109.04619,-7.68092],[109.04663,-7.68092],[109.04664,-7.68092],[109.04709,-7.68092],[109.04709,-7.68047],[109.04754,-7.68047],[109.04755,-7.68047],[109.048,-7.68047],[109.048,-7.68002],[109.04845,-7.68002],[109.04846,-7.68002],[109.04846,-7.68048],[109.0489,-7.68048],[109.04891,-7.68048],[109.04935,-7.68048],[109.04936,-7.68048],[109.04936,-7.68093],[109.0498,-7.68093],[109.04981,-7.68093],[109.04981,-7.68094],[109.05026,-7.68094],[109.05026,-7.68139],[109.05026,-7.68184],[109.05025,-7.68184],[109.04981,-7.68184],[109.04981,-7.68229],[109.05025,-7.68229],[109.05026,-7.68229],[109.05026,-7.68274],[109.05026,-7.68275],[109.05026,-7.6832],[109.0507,-7.6832],[109.05071,-7.6832],[109.05071,-7.68365],[109.0507,-7.68365],[109.0507,-7.6841],[109.05025,-7.6841],[109.05024,-7.6841],[109.0498,-7.6841],[109.04979,-7.6841],[109.04979,-7.68455],[109.04934,-7.68455],[109.04934,-7.68483],[109.04934,-7.68493],[109.04934,-7.685],[109.04925,-7.685],[109.04915,-7.685],[109.04888,-7.685],[109.04843,-7.685],[109.04842,-7.685],[109.04797,-7.685],[109.04797,-7.68545],[109.04752,-7.68545],[109.04752,-7.6859],[109.04707,-7.6859],[109.04706,-7.6859],[109.04706,-7.68544],[109.04707,-7.68544],[109.04752,-7.68544],[109.04752,-7.68499],[109.04752,-7.68454],[109.04797,-7.68454],[109.04798,-7.68454],[109.04842,-7.68454],[109.04843,-7.68454],[109.04843,-7.6841],[109.04843,-7.68409],[109.04798,-7.68409],[109.04752,-7.68409],[109.04752,-7.68364],[109.04708,-7.68364],[109.04707,-7.68364],[109.04662,-7.68364],[109.04662,-7.68363],[109.04662,-7.68318],[109.04617,-7.68318],[109.04617,-7.68363],[109.04617,-7.68408],[109.04572,-7.68408],[109.04572,-7.68453],[109.04526,-7.68453],[109.04526,-7.68408],[109.04571,-7.68408],[109.04571,-7.68363],[109.04527,-7.68363],[109.04526,-7.68363],[109.04482,-7.68363],[109.04482,-7.68408],[109.04481,-7.68408],[109.04436,-7.68408],[109.04436,-7.68407],[109.04391,-7.68407],[109.04391,-7.68452],[109.0439,-7.68452],[109.0439,-7.68497],[109.0439,-7.68498],[109.04435,-7.68498],[109.04435,-7.68453],[109.04481,-7.68453],[109.04481,-7.68498],[109.04436,-7.68498],[109.04436,-7.68543],[109.04435,-7.68543],[109.04435,-7.68588],[109.0439,-7.68588],[109.04389,-7.68588],[109.04345,-7.68588],[109.04344,-7.68588],[109.04299,-7.68588],[109.04299,-7.68598],[109.04299,-7.68606],[109.04299,-7.68633],[109.04254,-7.68633],[109.04253,-7.68633],[109.04253,-7.68678],[109.04208,-7.68678],[109.04208,-7.68722],[109.04208,-7.68723],[109.04253,-7.68723],[109.04253,-7.68768],[109.04208,-7.68768],[109.04162,-7.68768],[109.04162,-7.68722],[109.04118,-7.68722],[109.04118,-7.68756],[109.04118,-7.68767],[109.04072,-7.68767],[109.04072,-7.68739],[109.04072,-7.68722],[109.04072,-7.68677],[109.04027,-7.68677],[109.04027,-7.68722],[109.03981,-7.68722],[109.03981,-7.68677],[109.03981,-7.68676],[109.03981,-7.68631],[109.04027,-7.68631]],[[109.04208,-7.68587],[109.04253,-7.68587],[109.04253,-7.68542],[109.04208,-7.68542],[109.04208,-7.68587]],[[109.04254,-7.68542],[109.04299,-7.68542],[109.04299,-7.68497],[109.04254,-7.68497],[109.04254,-7.68542]],[[109.04798,-7.68319],[109.04753,-7.68319],[109.04753,-7.68364],[109.04798,-7.68364],[109.04798,-7.68319]],[[109.04618,-7.68182],[109.04618,-7.68137],[109.04573,-7.68137],[109.04572,-7.68137],[109.04527,-7.68137],[109.04527,-7.68182],[109.04572,-7.68182],[109.04573,-7.68182],[109.04617,-7.68182],[109.04618,-7.68182]],[[109.04708,-7.68273],[109.04708,-7.68228],[109.04663,-7.68228],[109.04663,-7.68273],[109.04707,-7.68273],[109.04708,-7.68273]],[[109.04979,-7.68319],[109.0498,-7.68319],[109.0498,-7.68275],[109.0498,-7.68274],[109.04935,-7.68274],[109.04935,-7.68319],[109.04979,-7.68319]]],[[[109.03937,-7.68631],[109.03937,-7.68676],[109.03891,-7.68676],[109.03891,-7.68631],[109.03937,-7.68631]]],[[[109.03893,-7.68329],[109.03892,-7.68329],[109.03892,-7.68315],[109.03892,-7.68314],[109.03892,-7.68292],[109.03893,-7.68292],[109.03896,-7.68292],[109.03896,-7.68283],[109.03914,-7.68283],[109.03914,-7.68293],[109.03921,-7.68293],[109.03923,-7.68293],[109.03923,-7.68296],[109.03923,-7.68302],[109.03926,-7.68302],[109.03932,-7.68302],[109.03932,-7.68298],[109.03932,-7.68284],[109.03923,-7.68284],[109.03923,-7.6827],[109.03923,-7.68269],[109.03923,-7.68266],[109.03914,-7.68265],[109.03914,-7.68256],[109.03923,-7.68256],[109.03923,-7.68265],[109.03932,-7.68265],[109.03932,-7.68269],[109.03932,-7.6827],[109.03932,-7.68275],[109.03938,-7.68275],[109.03938,-7.68308],[109.03938,-7.68314],[109.03938,-7.68315],[109.03938,-7.6832],[109.03938,-7.6836],[109.03979,-7.6836],[109.03983,-7.6836],[109.03983,-7.68391],[109.03983,-7.68405],[109.03983,-7.6845],[109.03983,-7.68451],[109.03937,-7.68451],[109.03937,-7.6845],[109.03937,-7.68405],[109.03937,-7.6836],[109.03893,-7.6836],[109.03892,-7.6836],[109.03892,-7.68338],[109.03893,-7.68338],[109.03895,-7.68338],[109.03896,-7.68329],[109.03893,-7.68329]]],[[[109.03898,-7.68256],[109.03896,-7.68256],[109.03896,-7.68253],[109.03896,-7.68247],[109.039,-7.68247],[109.03914,-7.68247],[109.03914,-7.68256],[109.03906,-7.68256],[109.03898,-7.68256]]],[[[109.03938,-7.68228],[109.03938,-7.68257],[109.03932,-7.68257],[109.03932,-7.68256],[109.03932,-7.68247],[109.03923,-7.68247],[109.03923,-7.68229],[109.03932,-7.68229],[109.03932,-7.68224],[109.03932,-7.68223],[109.03932,-7.6822],[109.03938,-7.6822],[109.03938,-7.68224],[109.03938,-7.68228]]],[[[109.04014,-7.68212],[109.04014,-7.68225],[109.03983,-7.68225],[109.03983,-7.68221],[109.03983,-7.6822],[109.03996,-7.68221],[109.03996,-7.68212],[109.04014,-7.68212]]],[[[109.04005,-7.68179],[109.04005,-7.68185],[109.03996,-7.68184],[109.03996,-7.68179],[109.04005,-7.68179]]],[[[109.04029,-7.6809],[109.04029,-7.68089],[109.04029,-7.68044],[109.0403,-7.68044],[109.0403,-7.68022],[109.0403,-7.68015],[109.0403,-7.68011],[109.0403,-7.67999],[109.04045,-7.67999],[109.04054,-7.67999],[109.04055,-7.67999],[109.04075,-7.67999],[109.04075,-7.67987],[109.04075,-7.67986],[109.04075,-7.67954],[109.04121,-7.67954],[109.04121,-7.67957],[109.04121,-7.67999],[109.04076,-7.67999],[109.04076,-7.68044],[109.04075,-7.68044],[109.04075,-7.68067],[109.04069,-7.68067],[109.04069,-7.68076],[109.0406,-7.68076],[109.0406,-7.68085],[109.04069,-7.68085],[109.04069,-7.68089],[109.04069,-7.6809],[109.04069,-7.68094],[109.0406,-7.68094],[109.0406,-7.68103],[109.04051,-7.68103],[109.04051,-7.6813],[109.0406,-7.6813],[109.0406,-7.68131],[109.0406,-7.68135],[109.04029,-7.68135],[109.04029,-7.6809]]],[[[109.03985,-7.67908],[109.03985,-7.67863],[109.0399,-7.67863],[109.03991,-7.67863],[109.04031,-7.67863],[109.04031,-7.67908],[109.04031,-7.67909],[109.04012,-7.67909],[109.04008,-7.67909],[109.03985,-7.67909],[109.03985,-7.67908]]],[[[109.04076,-7.67773],[109.04076,-7.67818],[109.04031,-7.67818],[109.04031,-7.67773],[109.04076,-7.67773]]],[[[109.04031,-7.67728],[109.04022,-7.67728],[109.03995,-7.67682],[109.04031,-7.67682],[109.04031,-7.67683],[109.04076,-7.67683],[109.04076,-7.67728],[109.04031,-7.67728]]],[[[109.03989,-7.67095],[109.04034,-7.67095],[109.04034,-7.6705],[109.04079,-7.6705],[109.04079,-7.67005],[109.04079,-7.6696],[109.04034,-7.6696],[109.04034,-7.66915],[109.04034,-7.66914],[109.04034,-7.66869],[109.0408,-7.66869],[109.0408,-7.66914],[109.0408,-7.66915],[109.04125,-7.66915],[109.04125,-7.6687],[109.0417,-7.6687],[109.04171,-7.6687],[109.04171,-7.66825],[109.04126,-7.66825],[109.0408,-7.66825],[109.0408,-7.66824],[109.0408,-7.66779],[109.04036,-7.66779],[109.04036,-7.66824],[109.0399,-7.66824],[109.03945,-7.66824],[109.03944,-7.66824],[109.03899,-7.66824],[109.03899,-7.66779],[109.03899,-7.66778],[109.03899,-7.66733],[109.03899,-7.66688],[109.039,-7.66688],[109.039,-7.66643],[109.03855,-7.66643],[109.03855,-7.66598],[109.03855,-7.66597],[109.03855,-7.66552],[109.03855,-7.66507],[109.039,-7.66507],[109.03901,-7.66507],[109.03901,-7.66462],[109.03901,-7.66417],[109.03947,-7.66417],[109.03947,-7.66462],[109.03992,-7.66462],[109.03992,-7.66417],[109.04037,-7.66417],[109.04038,-7.66417],[109.04038,-7.66463],[109.04082,-7.66463],[109.04083,-7.66463],[109.04127,-7.66463],[109.04128,-7.66463],[109.04173,-7.66463],[109.04173,-7.66508],[109.04197,-7.66508],[109.04199,-7.66515],[109.04211,-7.66554],[109.04215,-7.66567],[109.04173,-7.66585],[109.04173,-7.66585],[109.04139,-7.66599],[109.0414,-7.66599],[109.04127,-7.66604],[109.04142,-7.66644],[109.04158,-7.66689],[109.04172,-7.66726],[109.04175,-7.66734],[109.04175,-7.66734],[109.04192,-7.6678],[109.04191,-7.6678],[109.04208,-7.66825],[109.04217,-7.66849],[109.04217,-7.66849],[109.04219,-7.66854],[109.0422,-7.66856],[109.04243,-7.66847],[109.04252,-7.6687],[109.04262,-7.66898],[109.04262,-7.66899],[109.04266,-7.66909],[109.04269,-7.66916],[109.04262,-7.66916],[109.04261,-7.66916],[109.04261,-7.66961],[109.04216,-7.66961],[109.04215,-7.66961],[109.0417,-7.66961],[109.0417,-7.67005],[109.04216,-7.67005],[109.04216,-7.67006],[109.04261,-7.67006],[109.04261,-7.67051],[109.04216,-7.67051],[109.04215,-7.67051],[109.04215,-7.67096],[109.0426,-7.67096],[109.0426,-7.67141],[109.0426,-7.67187],[109.04214,-7.67187],[109.04214,-7.67186],[109.0417,-7.67186],[109.04169,-7.67186],[109.04125,-7.67186],[109.04125,-7.67231],[109.04124,-7.67231],[109.04097,-7.67231],[109.04088,-7.67231],[109.04079,-7.67231],[109.04079,-7.67186],[109.04034,-7.67186],[109.03988,-7.67186],[109.03988,-7.67176],[109.03988,-7.67166],[109.03988,-7.6714],[109.03989,-7.6714],[109.03989,-7.67095]],[[109.04034,-7.6714],[109.04051,-7.6714],[109.04079,-7.6714],[109.0408,-7.6714],[109.0408,-7.67141],[109.04111,-7.67141],[109.04121,-7.67141],[109.04124,-7.67141],[109.04124,-7.67096],[109.04121,-7.67096],[109.04112,-7.67096],[109.04079,-7.67096],[109.04079,-7.67095],[109.04034,-7.67095],[109.04034,-7.6714]],[[109.03945,-7.66643],[109.03945,-7.66598],[109.03901,-7.66598],[109.039,-7.66598],[109.039,-7.66643],[109.03945,-7.66643]],[[109.04127,-7.66599],[109.04082,-7.66599],[109.04082,-7.66643],[109.04082,-7.66644],[109.04126,-7.66644],[109.04127,-7.66644],[109.04127,-7.66604],[109.04127,-7.66599]],[[109.04036,-7.66508],[109.04037,-7.66508],[109.04037,-7.66463],[109.03992,-7.66463],[109.03992,-7.66507],[109.03992,-7.66508],[109.04036,-7.66508]],[[109.04214,-7.67096],[109.0417,-7.67096],[109.0417,-7.67141],[109.04214,-7.67141],[109.04214,-7.67096]]],[[[109.0399,-7.66914],[109.03944,-7.66914],[109.03944,-7.66869],[109.0399,-7.66869],[109.0399,-7.66914]]],[[[109.03902,-7.66372],[109.03856,-7.66372],[109.03856,-7.66326],[109.03902,-7.66326],[109.03947,-7.66326],[109.03948,-7.66326],[109.03948,-7.66327],[109.03948,-7.66372],[109.03947,-7.66372],[109.03902,-7.66372]]],[[[109.03903,-7.66191],[109.03902,-7.66191],[109.03896,-7.66191],[109.03876,-7.66191],[109.03857,-7.66191],[109.03857,-7.66146],[109.03857,-7.66145],[109.03902,-7.66145],[109.03902,-7.66146],[109.03903,-7.66146],[109.03903,-7.66178],[109.03903,-7.66188],[109.03903,-7.66191]]],[[[109.03896,-7.65242],[109.03861,-7.65242],[109.03861,-7.65201],[109.03896,-7.65242]]],[[[109.04206,-7.69084],[109.04206,-7.69129],[109.0416,-7.69129],[109.0416,-7.69084],[109.04206,-7.69084]]],[[[109.04161,-7.68993],[109.04161,-7.68948],[109.04207,-7.68948],[109.04207,-7.68994],[109.04161,-7.68994],[109.04161,-7.69039],[109.04115,-7.69039],[109.04115,-7.68993],[109.04161,-7.68993]]],[[[109.04162,-7.68817],[109.04162,-7.68813],[109.04208,-7.68813],[109.04208,-7.68858],[109.0419,-7.68858],[109.04162,-7.68858],[109.04162,-7.68817]]],[[[109.04298,-7.68678],[109.04298,-7.68723],[109.04253,-7.68723],[109.04253,-7.68678],[109.04298,-7.68678]]],[[[109.04257,-7.68],[109.04257,-7.68045],[109.04256,-7.68045],[109.04211,-7.68045],[109.04211,-7.68],[109.04256,-7.68],[109.04257,-7.68]]],[[[109.04338,-7.69839],[109.04338,-7.69808],[109.04384,-7.69808],[109.04384,-7.69853],[109.04371,-7.69853],[109.04352,-7.69845],[109.04338,-7.6984],[109.04338,-7.69839]]],[[[109.04479,-7.69582],[109.04521,-7.69582],[109.04521,-7.69593],[109.04521,-7.69594],[109.04521,-7.69628],[109.04475,-7.69628],[109.0443,-7.69628],[109.0443,-7.69582],[109.04475,-7.69582],[109.04479,-7.69582]]],[[[109.04599,-7.69538],[109.04604,-7.69538],[109.04612,-7.69538],[109.04612,-7.69547],[109.04612,-7.69558],[109.04612,-7.69562],[109.04612,-7.69583],[109.04566,-7.69583],[109.04566,-7.69558],[109.04566,-7.69538],[109.04588,-7.69538],[109.04591,-7.69538],[109.04599,-7.69538]]],[[[109.0434,-7.69536],[109.0434,-7.69582],[109.04295,-7.69582],[109.04295,-7.69536],[109.0434,-7.69536]]],[[[109.04749,-7.69403],[109.04749,-7.69448],[109.04703,-7.69448],[109.04703,-7.69403],[109.04749,-7.69403]]],[[[109.04432,-7.69311],[109.04432,-7.69341],[109.04432,-7.69346],[109.04432,-7.69356],[109.04386,-7.69356],[109.04386,-7.69311],[109.04431,-7.69311],[109.04432,-7.69311]]],[[[109.04704,-7.69312],[109.04658,-7.69312],[109.04658,-7.69267],[109.04704,-7.69267],[109.04704,-7.69312]]],[[[109.04341,-7.6922],[109.04341,-7.69175],[109.04378,-7.69175],[109.04387,-7.69175],[109.04387,-7.6919],[109.04387,-7.6922],[109.04387,-7.69221],[109.04341,-7.69221],[109.04341,-7.6922]]],[[[109.04577,-7.69041],[109.04568,-7.69041],[109.04568,-7.69029],[109.04568,-7.68995],[109.04614,-7.68995],[109.04614,-7.69041],[109.04577,-7.69041]]],[[[109.04388,-7.68949],[109.04388,-7.68995],[109.04342,-7.68995],[109.04342,-7.68949],[109.04388,-7.68949]]],[[[109.04751,-7.68861],[109.04751,-7.68906],[109.04705,-7.68906],[109.04705,-7.68861],[109.04705,-7.6886],[109.04751,-7.6886],[109.04751,-7.68861]]],[[[109.0466,-7.68815],[109.0466,-7.6886],[109.04614,-7.6886],[109.04614,-7.68815],[109.0466,-7.68815]]],[[[109.04706,-7.68815],[109.0466,-7.68815],[109.0466,-7.6877],[109.04706,-7.6877],[109.04706,-7.68815]]],[[[109.04752,-7.68725],[109.04797,-7.68725],[109.04797,-7.6877],[109.04821,-7.6877],[109.04831,-7.6877],[109.04842,-7.6877],[109.04842,-7.68771],[109.04842,-7.68791],[109.04842,-7.68812],[109.04842,-7.68816],[109.04842,-7.68861],[109.04887,-7.68861],[109.04887,-7.68906],[109.04887,-7.68907],[109.04887,-7.68952],[109.04841,-7.68952],[109.04841,-7.68907],[109.04841,-7.68906],[109.04796,-7.68906],[109.04796,-7.68861],[109.04796,-7.68816],[109.04796,-7.68771],[109.04751,-7.68771],[109.04751,-7.6877],[109.04706,-7.6877],[109.04706,-7.68725],[109.04751,-7.68725],[109.04752,-7.68725]]],[[[109.04571,-7.68589],[109.04571,-7.68634],[109.04525,-7.68634],[109.04525,-7.68589],[109.04525,-7.68588],[109.04571,-7.68588],[109.04571,-7.68589]]],[[[109.04392,-7.67955],[109.04392,-7.68],[109.04392,-7.68001],[109.04346,-7.68001],[109.04346,-7.68],[109.04346,-7.67955],[109.04392,-7.67955]]],[[[109.0453,-7.67775],[109.04529,-7.67775],[109.04529,-7.6782],[109.04529,-7.67866],[109.04483,-7.67866],[109.04483,-7.6782],[109.04483,-7.67775],[109.04484,-7.67775],[109.04484,-7.6773],[109.0453,-7.6773],[109.0453,-7.67775]]],[[[109.0462,-7.67821],[109.04574,-7.67821],[109.04574,-7.67775],[109.04575,-7.67775],[109.04575,-7.6773],[109.0462,-7.6773],[109.0462,-7.67775],[109.0462,-7.67776],[109.0462,-7.67821]]],[[[109.04439,-7.6782],[109.04393,-7.6782],[109.04393,-7.67775],[109.04439,-7.67775],[109.04439,-7.6782]]],[[[109.0471,-7.67731],[109.0471,-7.67776],[109.04665,-7.67776],[109.04665,-7.67731],[109.0471,-7.67731]]],[[[109.04667,-7.67414],[109.04667,-7.6746],[109.04621,-7.6746],[109.04621,-7.67414],[109.04576,-7.67414],[109.04576,-7.67369],[109.04621,-7.67369],[109.04622,-7.67369],[109.04667,-7.67369],[109.04667,-7.67414]]],[[[109.04577,-7.67278],[109.04577,-7.67324],[109.04549,-7.67324],[109.04548,-7.67324],[109.04531,-7.67324],[109.04531,-7.67369],[109.04485,-7.67369],[109.04485,-7.67323],[109.04486,-7.67323],[109.04486,-7.67278],[109.04531,-7.67278],[109.04532,-7.67278],[109.04564,-7.67278],[109.04577,-7.67278]]],[[[109.04622,-7.67279],[109.04667,-7.67279],[109.04667,-7.67234],[109.04713,-7.67234],[109.04758,-7.67234],[109.04759,-7.67234],[109.04759,-7.67279],[109.04758,-7.67279],[109.04713,-7.67279],[109.04713,-7.67324],[109.04668,-7.67324],[109.04667,-7.67324],[109.04622,-7.67324],[109.04622,-7.67279]]],[[[109.04623,-7.67114],[109.04623,-7.67118],[109.04623,-7.67143],[109.04668,-7.67143],[109.04668,-7.67188],[109.04668,-7.67189],[109.04622,-7.67189],[109.04622,-7.67188],[109.04622,-7.67143],[109.04614,-7.67143],[109.04612,-7.67143],[109.04577,-7.67143],[109.04577,-7.67098],[109.04623,-7.67098],[109.04623,-7.6711],[109.04623,-7.67114]],[[109.04614,-7.67138],[109.04614,-7.67138],[109.04612,-7.67143],[109.04614,-7.67138]]],[[[109.04669,-7.67092],[109.04669,-7.67098],[109.04668,-7.67098],[109.04656,-7.67098],[109.04637,-7.67098],[109.04628,-7.67098],[109.04623,-7.67098],[109.04623,-7.67053],[109.04644,-7.67053],[109.04668,-7.67053],[109.04669,-7.67053],[109.04669,-7.67083],[109.04669,-7.67092]]],[[[109.04351,-7.67097],[109.04305,-7.67097],[109.04305,-7.67051],[109.04351,-7.67051],[109.04351,-7.67097]]],[[[109.04579,-7.66917],[109.04578,-7.66915],[109.04568,-7.66889],[109.04576,-7.66885],[109.04578,-7.66884],[109.04592,-7.66875],[109.04597,-7.66872],[109.04596,-7.66872],[109.04605,-7.66866],[109.04624,-7.66857],[109.04624,-7.66872],[109.04624,-7.66917],[109.04579,-7.66917]]],[[[109.04669,-7.66872],[109.04669,-7.66833],[109.0468,-7.66827],[109.04715,-7.66827],[109.04715,-7.66872],[109.04669,-7.66872]]],[[[109.04883,-7.6972],[109.04883,-7.69765],[109.04837,-7.69765],[109.04837,-7.6972],[109.04883,-7.6972]]],[[[109.04839,-7.69493],[109.04839,-7.69494],[109.04884,-7.69494],[109.04884,-7.69539],[109.04884,-7.69584],[109.04839,-7.69584],[109.04838,-7.69584],[109.04793,-7.69584],[109.04793,-7.69539],[109.04793,-7.69494],[109.04793,-7.69493],[109.04793,-7.69448],[109.04839,-7.69448],[109.04839,-7.69493]]],[[[109.04884,-7.69404],[109.04884,-7.69403],[109.04929,-7.69403],[109.04929,-7.69359],[109.04884,-7.69359],[109.04884,-7.69358],[109.04884,-7.69313],[109.04929,-7.69313],[109.0493,-7.69313],[109.04974,-7.69313],[109.04975,-7.69313],[109.0502,-7.69313],[109.0502,-7.69314],[109.05066,-7.69314],[109.05066,-7.69359],[109.05111,-7.69359],[109.05111,-7.69404],[109.05156,-7.69404],[109.05156,-7.6936],[109.05156,-7.69315],[109.05156,-7.69314],[109.05111,-7.69314],[109.05111,-7.69269],[109.05156,-7.69269],[109.05156,-7.69224],[109.05111,-7.69224],[109.05111,-7.69179],[109.05112,-7.69179],[109.05112,-7.69134],[109.05112,-7.69133],[109.05067,-7.69133],[109.05067,-7.69088],[109.05112,-7.69088],[109.05112,-7.69043],[109.05112,-7.68998],[109.05068,-7.68998],[109.05068,-7.69043],[109.05067,-7.69043],[109.05022,-7.69043],[109.05022,-7.69088],[109.05022,-7.69133],[109.05022,-7.69178],[109.04976,-7.69178],[109.04976,-7.69133],[109.04976,-7.69088],[109.04975,-7.69088],[109.04966,-7.69088],[109.04931,-7.69088],[109.04931,-7.69059],[109.04931,-7.69057],[109.04931,-7.69042],[109.04948,-7.69042],[109.04961,-7.69042],[109.04976,-7.69042],[109.04976,-7.68997],[109.04977,-7.68997],[109.04977,-7.68952],[109.05022,-7.68952],[109.05023,-7.68952],[109.05067,-7.68952],[109.05068,-7.68952],[109.05112,-7.68952],[109.05112,-7.68908],[109.05112,-7.68907],[109.05158,-7.68907],[109.05158,-7.68908],[109.05203,-7.68908],[109.05203,-7.68953],[109.05158,-7.68953],[109.05158,-7.68998],[109.05202,-7.68998],[109.05203,-7.68998],[109.05248,-7.68998],[109.05248,-7.68953],[109.05293,-7.68953],[109.05293,-7.68908],[109.05339,-7.68908],[109.05385,-7.68908],[109.05385,-7.68909],[109.05385,-7.68954],[109.0543,-7.68954],[109.0543,-7.68999],[109.0543,-7.69044],[109.0543,-7.69045],[109.05384,-7.69045],[109.05384,-7.69044],[109.05384,-7.68999],[109.05384,-7.68954],[109.05339,-7.68954],[109.05339,-7.68999],[109.05294,-7.68999],[109.05294,-7.69044],[109.05293,-7.69044],[109.05293,-7.69089],[109.05338,-7.69089],[109.05384,-7.69089],[109.05384,-7.69135],[109.05429,-7.69135],[109.05429,-7.6918],[109.05383,-7.6918],[109.05383,-7.69225],[109.05428,-7.69225],[109.05474,-7.69225],[109.05474,-7.69271],[109.05519,-7.69271],[109.05519,-7.69283],[109.05518,-7.69283],[109.05511,-7.69286],[109.05504,-7.69288],[109.05498,-7.6929],[109.0549,-7.69293],[109.05485,-7.69295],[109.05479,-7.69299],[109.05473,-7.69306],[109.05463,-7.69316],[109.05428,-7.69316],[109.05427,-7.69316],[109.05383,-7.69316],[109.05383,-7.6936],[109.05383,-7.69361],[109.05399,-7.69361],[109.05387,-7.69372],[109.05383,-7.69377],[109.05383,-7.69377],[109.05365,-7.69396],[109.0536,-7.69406],[109.05338,-7.69406],[109.05337,-7.69406],[109.05292,-7.69406],[109.05292,-7.6945],[109.05335,-7.6945],[109.05336,-7.6945],[109.05336,-7.69451],[109.05324,-7.69468],[109.05302,-7.69496],[109.05292,-7.69496],[109.05292,-7.69508],[109.05279,-7.69524],[109.05264,-7.69541],[109.05263,-7.69541],[109.05246,-7.69541],[109.052,-7.69541],[109.052,-7.69496],[109.052,-7.69495],[109.052,-7.6945],[109.05201,-7.6945],[109.05201,-7.69405],[109.05156,-7.69405],[109.05156,-7.6945],[109.05111,-7.6945],[109.0511,-7.6945],[109.05065,-7.6945],[109.05065,-7.69405],[109.05065,-7.69404],[109.0502,-7.69404],[109.0502,-7.69449],[109.04974,-7.69449],[109.04974,-7.69494],[109.04974,-7.69539],[109.04974,-7.6954],[109.04929,-7.6954],[109.04929,-7.69539],[109.04929,-7.69494],[109.04929,-7.69449],[109.04884,-7.69449],[109.04884,-7.69404]],[[109.05293,-7.69224],[109.05293,-7.69225],[109.05337,-7.69225],[109.05337,-7.6918],[109.05293,-7.6918],[109.05293,-7.69224]],[[109.05203,-7.69089],[109.05203,-7.69134],[109.05247,-7.69134],[109.05247,-7.69089],[109.05203,-7.69089]]],[[[109.0493,-7.69178],[109.04976,-7.69178],[109.04976,-7.69223],[109.05021,-7.69223],[109.05021,-7.69269],[109.04975,-7.69269],[109.04975,-7.69268],[109.0493,-7.69268],[109.0493,-7.69223],[109.04892,-7.69223],[109.04884,-7.69223],[109.04884,-7.69219],[109.04884,-7.69178],[109.04911,-7.69178],[109.04921,-7.69178],[109.0493,-7.69178]]],[[[109.05068,-7.68772],[109.05068,-7.68817],[109.05022,-7.68817],[109.05022,-7.68772],[109.05022,-7.68771],[109.05068,-7.68771],[109.05068,-7.68772]]],[[[109.04958,-7.68681],[109.04978,-7.68681],[109.04978,-7.68726],[109.04966,-7.68726],[109.04957,-7.68726],[109.04933,-7.68726],[109.04932,-7.68726],[109.04932,-7.68771],[109.04887,-7.68771],[109.04887,-7.68726],[109.04887,-7.68681],[109.04932,-7.68681],[109.04933,-7.68681],[109.04949,-7.68681],[109.04958,-7.68681]]],[[[109.05069,-7.68636],[109.05069,-7.68681],[109.05023,-7.68681],[109.05023,-7.68636],[109.05069,-7.68636]]],[[[109.04887,-7.68635],[109.04887,-7.68681],[109.04842,-7.68681],[109.04842,-7.68635],[109.04887,-7.68635]]],[[[109.0507,-7.68501],[109.05114,-7.68501],[109.05115,-7.68501],[109.05115,-7.68456],[109.05161,-7.68456],[109.05161,-7.68501],[109.0516,-7.68501],[109.0516,-7.68546],[109.05115,-7.68546],[109.05115,-7.68591],[109.05069,-7.68591],[109.05024,-7.68591],[109.05023,-7.68591],[109.04979,-7.68591],[109.04978,-7.68591],[109.04978,-7.68636],[109.04951,-7.68636],[109.04942,-7.68636],[109.04932,-7.68636],[109.04932,-7.6859],[109.04887,-7.6859],[109.04887,-7.68545],[109.04926,-7.68545],[109.04933,-7.68545],[109.04935,-7.68545],[109.04978,-7.68545],[109.04979,-7.68545],[109.05024,-7.68545],[109.05024,-7.685],[109.0507,-7.685],[109.0507,-7.68501]]],[[[109.04892,-7.67686],[109.04892,-7.67732],[109.04846,-7.67732],[109.04846,-7.67686],[109.04892,-7.67686]]],[[[109.05121,-7.67236],[109.05121,-7.67272],[109.0512,-7.67272],[109.0512,-7.67254],[109.05084,-7.67254],[109.05084,-7.67272],[109.05075,-7.67272],[109.05075,-7.67236],[109.05029,-7.67236],[109.05029,-7.67235],[109.04984,-7.67235],[109.04984,-7.6719],[109.05029,-7.6719],[109.0503,-7.6719],[109.05075,-7.6719],[109.05075,-7.67235],[109.05121,-7.67235],[109.05121,-7.67236]]],[[[109.0494,-7.67054],[109.04894,-7.67054],[109.04894,-7.67009],[109.04895,-7.67009],[109.04895,-7.66992],[109.04895,-7.66982],[109.04895,-7.66964],[109.04936,-7.66964],[109.0494,-7.66964],[109.04941,-7.66964],[109.04958,-7.66964],[109.04986,-7.66964],[109.04986,-7.66951],[109.04986,-7.66941],[109.04986,-7.66919],[109.04941,-7.66919],[109.04941,-7.66873],[109.04986,-7.66873],[109.04986,-7.66828],[109.04941,-7.66828],[109.04941,-7.66783],[109.04941,-7.66738],[109.04896,-7.66738],[109.04896,-7.66719],[109.04902,-7.66716],[109.0491,-7.66713],[109.04913,-7.66708],[109.04927,-7.66702],[109.04942,-7.66694],[109.04942,-7.66738],[109.04977,-7.66738],[109.04986,-7.66738],[109.04986,-7.66693],[109.04972,-7.66693],[109.04963,-7.66693],[109.04944,-7.66693],[109.04959,-7.66685],[109.0496,-7.66684],[109.0496,-7.66684],[109.04969,-7.66679],[109.04987,-7.66672],[109.04987,-7.66693],[109.05032,-7.66693],[109.05032,-7.66655],[109.05051,-7.66648],[109.05056,-7.66646],[109.05078,-7.66636],[109.05078,-7.66637],[109.05123,-7.66616],[109.05123,-7.66617],[109.05123,-7.66648],[109.05078,-7.66648],[109.05078,-7.66693],[109.05122,-7.66693],[109.05123,-7.66693],[109.05168,-7.66693],[109.05168,-7.66649],[109.05168,-7.66648],[109.05168,-7.66603],[109.05214,-7.66603],[109.05214,-7.66648],[109.05214,-7.66649],[109.05259,-7.66649],[109.05304,-7.66649],[109.05304,-7.66604],[109.05259,-7.66604],[109.05259,-7.66559],[109.05255,-7.66559],[109.05255,-7.66558],[109.0526,-7.66556],[109.0526,-7.66557],[109.05305,-7.66536],[109.05305,-7.66558],[109.05305,-7.66559],[109.0535,-7.66559],[109.05395,-7.66559],[109.05395,-7.66514],[109.05356,-7.66514],[109.05395,-7.66496],[109.05396,-7.66496],[109.05396,-7.66514],[109.0544,-7.66514],[109.05441,-7.66514],[109.05485,-7.66514],[109.05485,-7.66469],[109.05486,-7.66469],[109.05531,-7.66469],[109.05531,-7.66514],[109.05531,-7.66515],[109.05531,-7.6656],[109.05486,-7.6656],[109.05486,-7.66605],[109.05531,-7.66605],[109.05531,-7.6665],[109.05531,-7.66695],[109.05576,-7.66695],[109.05576,-7.66741],[109.05531,-7.66741],[109.05531,-7.66786],[109.05485,-7.66786],[109.0544,-7.66786],[109.0544,-7.6683],[109.05485,-7.6683],[109.05485,-7.66831],[109.05485,-7.66876],[109.05529,-7.66876],[109.0553,-7.66876],[109.0553,-7.66831],[109.05576,-7.66831],[109.05576,-7.66876],[109.0562,-7.66876],[109.0562,-7.66831],[109.05666,-7.66831],[109.05711,-7.66831],[109.05711,-7.66787],[109.05711,-7.66786],[109.05756,-7.66786],[109.05756,-7.66787],[109.05756,-7.66832],[109.05711,-7.66832],[109.05711,-7.66877],[109.05666,-7.66877],[109.05666,-7.66922],[109.05711,-7.66922],[109.05711,-7.66967],[109.05756,-7.66967],[109.05801,-7.66967],[109.05801,-7.66923],[109.05801,-7.66922],[109.05846,-7.66922],[109.05846,-7.66923],[109.05891,-7.66923],[109.05891,-7.66878],[109.05937,-7.66878],[109.05937,-7.66923],[109.05892,-7.66923],[109.05892,-7.66968],[109.05846,-7.66968],[109.05846,-7.67013],[109.05891,-7.67013],[109.05936,-7.67013],[109.05937,-7.67013],[109.05937,-7.67059],[109.05982,-7.67059],[109.05982,-7.67104],[109.05937,-7.67104],[109.05937,-7.67149],[109.05981,-7.67149],[109.05982,-7.67149],[109.05982,-7.67194],[109.05981,-7.67194],[109.05937,-7.67194],[109.05936,-7.67194],[109.05936,-7.67239],[109.05936,-7.67285],[109.05981,-7.67285],[109.05981,-7.6724],[109.06026,-7.6724],[109.06026,-7.67195],[109.06071,-7.67195],[109.06071,-7.6715],[109.06117,-7.6715],[109.06162,-7.6715],[109.06163,-7.6715],[109.06207,-7.6715],[109.06208,-7.6715],[109.06253,-7.6715],[109.06299,-7.6715],[109.06299,-7.67151],[109.06344,-7.67151],[109.06344,-7.67196],[109.06299,-7.67196],[109.06298,-7.67196],[109.06298,-7.67241],[109.06252,-7.67241],[109.06252,-7.67196],[109.06208,-7.67196],[109.06208,-7.67241],[109.06162,-7.67241],[109.06162,-7.67285],[109.06162,-7.67286],[109.06206,-7.67286],[109.06207,-7.67286],[109.06252,-7.67286],[109.06252,-7.67324],[109.06252,-7.67325],[109.06237,-7.67331],[109.06238,-7.67331],[109.06207,-7.67345],[109.06162,-7.67365],[109.06136,-7.67376],[109.06137,-7.67376],[109.06126,-7.67381],[109.06144,-7.67421],[109.06143,-7.67421],[109.06145,-7.67425],[109.06162,-7.67464],[109.06162,-7.67464],[109.06163,-7.67466],[109.06175,-7.67496],[109.06182,-7.67511],[109.06182,-7.67511],[109.06182,-7.67512],[109.06203,-7.67557],[109.06206,-7.67562],[109.06206,-7.67563],[109.06213,-7.67578],[109.06223,-7.67602],[109.06206,-7.67602],[109.06206,-7.67647],[109.0616,-7.67647],[109.0616,-7.67602],[109.0616,-7.67557],[109.06116,-7.67557],[109.06116,-7.67602],[109.0607,-7.67602],[109.06025,-7.67602],[109.06025,-7.67646],[109.0607,-7.67646],[109.0607,-7.67692],[109.06115,-7.67692],[109.06115,-7.67728],[109.06079,-7.67728],[109.06079,-7.67737],[109.06069,-7.67737],[109.06069,-7.67692],[109.06024,-7.67692],[109.06024,-7.67647],[109.05979,-7.67647],[109.05979,-7.67691],[109.05979,-7.67736],[109.05979,-7.67737],[109.05979,-7.67782],[109.05946,-7.67782],[109.05933,-7.67782],[109.05933,-7.67781],[109.05951,-7.67781],[109.05951,-7.67746],[109.05933,-7.67746],[109.05933,-7.67737],[109.05933,-7.67736],[109.05933,-7.67691],[109.05933,-7.67646],[109.05933,-7.67601],[109.05889,-7.67601],[109.05888,-7.67601],[109.05844,-7.67601],[109.05843,-7.67601],[109.05798,-7.67601],[109.05798,-7.67645],[109.05843,-7.67645],[109.05843,-7.67646],[109.05888,-7.67646],[109.05888,-7.67691],[109.05843,-7.67691],[109.05843,-7.67736],[109.05888,-7.67736],[109.05888,-7.67763],[109.05888,-7.67764],[109.05879,-7.67764],[109.05879,-7.67763],[109.05843,-7.67763],[109.05843,-7.67781],[109.05825,-7.67781],[109.05825,-7.67817],[109.05843,-7.67817],[109.05861,-7.67817],[109.05861,-7.67799],[109.05888,-7.67799],[109.05897,-7.67799],[109.05897,-7.678],[109.05888,-7.678],[109.05879,-7.678],[109.05879,-7.67826],[109.05879,-7.67827],[109.05879,-7.67854],[109.05888,-7.67854],[109.05915,-7.67854],[109.05915,-7.67872],[109.05915,-7.67908],[109.05933,-7.67908],[109.05933,-7.67917],[109.05888,-7.67917],[109.05888,-7.67962],[109.05887,-7.67962],[109.05887,-7.68007],[109.05933,-7.68007],[109.05933,-7.68053],[109.05887,-7.68053],[109.05887,-7.68098],[109.05841,-7.68098],[109.05841,-7.68053],[109.05841,-7.68052],[109.05841,-7.68007],[109.05841,-7.67962],[109.05797,-7.67962],[109.05797,-7.67995],[109.05797,-7.68007],[109.05796,-7.68007],[109.05796,-7.68017],[109.05796,-7.68052],[109.05751,-7.68052],[109.05751,-7.68097],[109.05751,-7.68142],[109.05705,-7.68142],[109.05705,-7.68097],[109.05705,-7.68052],[109.0575,-7.68052],[109.0575,-7.68007],[109.05706,-7.68007],[109.05705,-7.68007],[109.0566,-7.68007],[109.0566,-7.68006],[109.05615,-7.68006],[109.05615,-7.68051],[109.0557,-7.68051],[109.0557,-7.68096],[109.05614,-7.68096],[109.05615,-7.68096],[109.05615,-7.68142],[109.05614,-7.68142],[109.05569,-7.68142],[109.05569,-7.68096],[109.05525,-7.68096],[109.05524,-7.68096],[109.05479,-7.68096],[109.05479,-7.68093],[109.05479,-7.68084],[109.05479,-7.68051],[109.05524,-7.68051],[109.05525,-7.68051],[109.05555,-7.68051],[109.05565,-7.68051],[109.05569,-7.68051],[109.05569,-7.68006],[109.05549,-7.68006],[109.05539,-7.68006],[109.05524,-7.68006],[109.05524,-7.67996],[109.05533,-7.67996],[109.05533,-7.67989],[109.05533,-7.67962],[109.05533,-7.67961],[109.05524,-7.67961],[109.05524,-7.6796],[109.05533,-7.6796],[109.05552,-7.6796],[109.05552,-7.67924],[109.0557,-7.67924],[109.0557,-7.67943],[109.0557,-7.6796],[109.0557,-7.67961],[109.0557,-7.67979],[109.05606,-7.67979],[109.05606,-7.67997],[109.05615,-7.67997],[109.05625,-7.67997],[109.05642,-7.67997],[109.0566,-7.67997],[109.05661,-7.67997],[109.05678,-7.67997],[109.05678,-7.67961],[109.05661,-7.67961],[109.05661,-7.67943],[109.05679,-7.67943],[109.05679,-7.67916],[109.05706,-7.67916],[109.05706,-7.67871],[109.05715,-7.67871],[109.05734,-7.67871],[109.05738,-7.67871],[109.05747,-7.67871],[109.05752,-7.67871],[109.05752,-7.67882],[109.05752,-7.67907],[109.05752,-7.67916],[109.05756,-7.67916],[109.05765,-7.67916],[109.05796,-7.67916],[109.05797,-7.67916],[109.05797,-7.67872],[109.05797,-7.67871],[109.05806,-7.67871],[109.05806,-7.67835],[109.05797,-7.67835],[109.0577,-7.67835],[109.05752,-7.67835],[109.05751,-7.67835],[109.05734,-7.67835],[109.05734,-7.67826],[109.05734,-7.67799],[109.05716,-7.67799],[109.05716,-7.67798],[109.05734,-7.67798],[109.05734,-7.67781],[109.05734,-7.6778],[109.05752,-7.6778],[109.05752,-7.67745],[109.05752,-7.67744],[109.05753,-7.67744],[109.05788,-7.67744],[109.05788,-7.67736],[109.05788,-7.67709],[109.05771,-7.67709],[109.05771,-7.67691],[109.05771,-7.6769],[109.05771,-7.67654],[109.05753,-7.67654],[109.05752,-7.67654],[109.05735,-7.67654],[109.05735,-7.6769],[109.05735,-7.67727],[109.05734,-7.67727],[109.05716,-7.67727],[109.05708,-7.67727],[109.05707,-7.67727],[109.0568,-7.67727],[109.0568,-7.67735],[109.0568,-7.67744],[109.05679,-7.67744],[109.05662,-7.67744],[109.05661,-7.67744],[109.05643,-7.67744],[109.05643,-7.67735],[109.05643,-7.67726],[109.05662,-7.67726],[109.05662,-7.67708],[109.0568,-7.67708],[109.0568,-7.6769],[109.0568,-7.67672],[109.05663,-7.67672],[109.05662,-7.67672],[109.05662,-7.67654],[109.05634,-7.67654],[109.05626,-7.67654],[109.05626,-7.67645],[109.05626,-7.67636],[109.05617,-7.67636],[109.05607,-7.67636],[109.05607,-7.67618],[109.05572,-7.67618],[109.05571,-7.67618],[109.05571,-7.67635],[109.05571,-7.67636],[109.05554,-7.67636],[109.05554,-7.67644],[109.05554,-7.67671],[109.05571,-7.67671],[109.05571,-7.67672],[109.05553,-7.67672],[109.05553,-7.67689],[109.05553,-7.6769],[109.05553,-7.67707],[109.05571,-7.67707],[109.05571,-7.67708],[109.05535,-7.67708],[109.05535,-7.67735],[109.05535,-7.67744],[109.05553,-7.67744],[109.05553,-7.67762],[109.05571,-7.67762],[109.05589,-7.67762],[109.05589,-7.6778],[109.05571,-7.6778],[109.0557,-7.6778],[109.0557,-7.67816],[109.05571,-7.67816],[109.05589,-7.67816],[109.05607,-7.67816],[109.05607,-7.67825],[109.05571,-7.67825],[109.05571,-7.67834],[109.0557,-7.67834],[109.0557,-7.67852],[109.05552,-7.67852],[109.05552,-7.6787],[109.05552,-7.67888],[109.05534,-7.67888],[109.05534,-7.67906],[109.05534,-7.67907],[109.05524,-7.67907],[109.05524,-7.67906],[109.05524,-7.6787],[109.05491,-7.6787],[109.0548,-7.6787],[109.05479,-7.6787],[109.05467,-7.6787],[109.05446,-7.6787],[109.05434,-7.6787],[109.05434,-7.67876],[109.05434,-7.67886],[109.05434,-7.67915],[109.05389,-7.67915],[109.05389,-7.67924],[109.05371,-7.67924],[109.05371,-7.67915],[109.05371,-7.67914],[109.05389,-7.67914],[109.05389,-7.6787],[109.05389,-7.67869],[109.05402,-7.67869],[109.05411,-7.67869],[109.05434,-7.67869],[109.05434,-7.67825],[109.05434,-7.67824],[109.05434,-7.67779],[109.05435,-7.67779],[109.05435,-7.67734],[109.05435,-7.67689],[109.0539,-7.67689],[109.05345,-7.67689],[109.05345,-7.67734],[109.05334,-7.67734],[109.05299,-7.67734],[109.05299,-7.67688],[109.05315,-7.67688],[109.05326,-7.67688],[109.05344,-7.67688],[109.05344,-7.67643],[109.05316,-7.67643],[109.05317,-7.67637],[109.05314,-7.67637],[109.05303,-7.67641],[109.05302,-7.67642],[109.05303,-7.67643],[109.05299,-7.67643],[109.05299,-7.67642],[109.05299,-7.67639],[109.05299,-7.67635],[109.05299,-7.67598],[109.05345,-7.67598],[109.05345,-7.67643],[109.0539,-7.67643],[109.0539,-7.67599],[109.0539,-7.67598],[109.0539,-7.67553],[109.05436,-7.67553],[109.05436,-7.67598],[109.05436,-7.67599],[109.05481,-7.67599],[109.05526,-7.67599],[109.05527,-7.67599],[109.05571,-7.67599],[109.05572,-7.67599],[109.05572,-7.67554],[109.05617,-7.67554],[109.05618,-7.67554],[109.05662,-7.67554],[109.05662,-7.67509],[109.05618,-7.67509],[109.05617,-7.67509],[109.05572,-7.67509],[109.05572,-7.67464],[109.05528,-7.67464],[109.05527,-7.67464],[109.05482,-7.67464],[109.05482,-7.67508],[109.05527,-7.67508],[109.05527,-7.67554],[109.05481,-7.67554],[109.05481,-7.67509],[109.05436,-7.67509],[109.05436,-7.67508],[109.05436,-7.67463],[109.05482,-7.67463],[109.05482,-7.67418],[109.05527,-7.67418],[109.05528,-7.67418],[109.05572,-7.67418],[109.05573,-7.67418],[109.05573,-7.67464],[109.05617,-7.67464],[109.05617,-7.67419],[109.05618,-7.67419],[109.05662,-7.67419],[109.05663,-7.67419],[109.05708,-7.67419],[109.05708,-7.67374],[109.05753,-7.67374],[109.05754,-7.67374],[109.05754,-7.67329],[109.05799,-7.67329],[109.05799,-7.67284],[109.05845,-7.67284],[109.0589,-7.67284],[109.0589,-7.67239],[109.0589,-7.67194],[109.05845,-7.67194],[109.05845,-7.67149],[109.058,-7.67149],[109.058,-7.67148],[109.05755,-7.67148],[109.0571,-7.67148],[109.0571,-7.67193],[109.05664,-7.67193],[109.05664,-7.67148],[109.05619,-7.67148],[109.05619,-7.67193],[109.05574,-7.67193],[109.05573,-7.67193],[109.05528,-7.67193],[109.05528,-7.67238],[109.05483,-7.67238],[109.05483,-7.67282],[109.05483,-7.67283],[109.05437,-7.67283],[109.05437,-7.67282],[109.05437,-7.67237],[109.05482,-7.67237],[109.05482,-7.67192],[109.05437,-7.67192],[109.05437,-7.67147],[109.05482,-7.67147],[109.05483,-7.67147],[109.05483,-7.67102],[109.05483,-7.67057],[109.05438,-7.67057],[109.05438,-7.67102],[109.05392,-7.67102],[109.05392,-7.67101],[109.05348,-7.67101],[109.05348,-7.67146],[109.05392,-7.67146],[109.05393,-7.67146],[109.05393,-7.67192],[109.05392,-7.67192],[109.05347,-7.67192],[109.05347,-7.67146],[109.05303,-7.67146],[109.05302,-7.67146],[109.05257,-7.67146],[109.05257,-7.67191],[109.05211,-7.67191],[109.05211,-7.67146],[109.05211,-7.67101],[109.05166,-7.67101],[109.05166,-7.671],[109.05121,-7.671],[109.05121,-7.67055],[109.05103,-7.67055],[109.05093,-7.67055],[109.05077,-7.67055],[109.05076,-7.67055],[109.05076,-7.671],[109.0503,-7.671],[109.0503,-7.67055],[109.04985,-7.67055],[109.04985,-7.67009],[109.04941,-7.67009],[109.0494,-7.67009],[109.0494,-7.67054]],[[109.04986,-7.67009],[109.05031,-7.67009],[109.05076,-7.67009],[109.05076,-7.67],[109.05076,-7.6699],[109.05076,-7.66964],[109.05061,-7.66964],[109.05032,-7.66964],[109.05031,-7.66964],[109.04986,-7.66964],[109.04986,-7.67009]],[[109.05048,-7.66936],[109.05042,-7.66933],[109.05061,-7.66964],[109.05048,-7.66936]],[[109.05801,-7.67013],[109.05756,-7.67013],[109.05756,-7.67058],[109.058,-7.67058],[109.05801,-7.67058],[109.05846,-7.67058],[109.05846,-7.67013],[109.05801,-7.67013]],[[109.05303,-7.67056],[109.05302,-7.67056],[109.05257,-7.67056],[109.05257,-7.67101],[109.05302,-7.67101],[109.05303,-7.67101],[109.05347,-7.67101],[109.05347,-7.67056],[109.05347,-7.67011],[109.05303,-7.67011],[109.05303,-7.67056]],[[109.04987,-7.66828],[109.05009,-7.66828],[109.05018,-7.66828],[109.05032,-7.66828],[109.05032,-7.66784],[109.05032,-7.66783],[109.05032,-7.66739],[109.05032,-7.66738],[109.04987,-7.66738],[109.04987,-7.6674],[109.04987,-7.66768],[109.04987,-7.66783],[109.04987,-7.66828]],[[109.05122,-7.6692],[109.05122,-7.66919],[109.05122,-7.66874],[109.05077,-7.66874],[109.05077,-7.66919],[109.05077,-7.66964],[109.05122,-7.66964],[109.05122,-7.6692]],[[109.05028,-7.66868],[109.05022,-7.66855],[109.05021,-7.66854],[109.05018,-7.6687],[109.05018,-7.66872],[109.05019,-7.66872],[109.05032,-7.66873],[109.05033,-7.66873],[109.05032,-7.66872],[109.05029,-7.6687],[109.05029,-7.66869],[109.05028,-7.66869],[109.05028,-7.66868]],[[109.05032,-7.66916],[109.05032,-7.66916],[109.05033,-7.66917],[109.05036,-7.66909],[109.05031,-7.66902],[109.05031,-7.66902],[109.05015,-7.6688],[109.05015,-7.66879],[109.05014,-7.66879],[109.0501,-7.66881],[109.05032,-7.66916]],[[109.05212,-7.66965],[109.05167,-7.66965],[109.05122,-7.66965],[109.05122,-7.6701],[109.05122,-7.67055],[109.05166,-7.67055],[109.05167,-7.67055],[109.05167,-7.6701],[109.05212,-7.6701],[109.05212,-7.66965]],[[109.0509,-7.67021],[109.05092,-7.6702],[109.05087,-7.67015],[109.0509,-7.67021]],[[109.05167,-7.66875],[109.05167,-7.66919],[109.05167,-7.6692],[109.05212,-7.6692],[109.05257,-7.6692],[109.05257,-7.66875],[109.05213,-7.66875],[109.05212,-7.66875],[109.05167,-7.66875]],[[109.05891,-7.67149],[109.05891,-7.67104],[109.05936,-7.67104],[109.05936,-7.67059],[109.05891,-7.67059],[109.05846,-7.67059],[109.05846,-7.67103],[109.05846,-7.67149],[109.05891,-7.67149]],[[109.05574,-7.66922],[109.0553,-7.66922],[109.0553,-7.66966],[109.05574,-7.66966],[109.05574,-7.66922]],[[109.05573,-7.67147],[109.05574,-7.67147],[109.05619,-7.67147],[109.05619,-7.67102],[109.05574,-7.67102],[109.05574,-7.67057],[109.05529,-7.67057],[109.05529,-7.67102],[109.05529,-7.67147],[109.05573,-7.67147]],[[109.05395,-7.6674],[109.05395,-7.66785],[109.05439,-7.66785],[109.05439,-7.6674],[109.05395,-7.6674]],[[109.0544,-7.66695],[109.0544,-7.6665],[109.05396,-7.6665],[109.05395,-7.6665],[109.05395,-7.66694],[109.05395,-7.66695],[109.0544,-7.66695]],[[109.0571,-7.66967],[109.05665,-7.66967],[109.05665,-7.66922],[109.05621,-7.66922],[109.0562,-7.66922],[109.0562,-7.66967],[109.0562,-7.67012],[109.0562,-7.67057],[109.0562,-7.67102],[109.05664,-7.67102],[109.05664,-7.67057],[109.05665,-7.67057],[109.05665,-7.67012],[109.0571,-7.67012],[109.0571,-7.66967]],[[109.05889,-7.67465],[109.05934,-7.67465],[109.05934,-7.6742],[109.05935,-7.6742],[109.05935,-7.67375],[109.0589,-7.67375],[109.0589,-7.6742],[109.05845,-7.6742],[109.05844,-7.6742],[109.05844,-7.67465],[109.05889,-7.67465]],[[109.05754,-7.6742],[109.05754,-7.67464],[109.05754,-7.67465],[109.05708,-7.67465],[109.05708,-7.67464],[109.05663,-7.67464],[109.05663,-7.67509],[109.05707,-7.67509],[109.05708,-7.67509],[109.05753,-7.67509],[109.05753,-7.6751],[109.05798,-7.6751],[109.05843,-7.6751],[109.05843,-7.67465],[109.05798,-7.67465],[109.05798,-7.6742],[109.05754,-7.6742]],[[109.05887,-7.67872],[109.05843,-7.67872],[109.05843,-7.67917],[109.05887,-7.67917],[109.05887,-7.67872]],[[109.05481,-7.67734],[109.05526,-7.67734],[109.05526,-7.6769],[109.05526,-7.67689],[109.05481,-7.67689],[109.05481,-7.67734]],[[109.0548,-7.6778],[109.0548,-7.67824],[109.0548,-7.67825],[109.05525,-7.67825],[109.05525,-7.6778],[109.05481,-7.6778],[109.0548,-7.6778]],[[109.05797,-7.67826],[109.05797,-7.67781],[109.05753,-7.67781],[109.05753,-7.67826],[109.05797,-7.67826]],[[109.05663,-7.676],[109.05663,-7.67645],[109.05707,-7.67645],[109.05707,-7.676],[109.05663,-7.676]],[[109.06116,-7.67286],[109.06116,-7.67285],[109.06072,-7.67285],[109.06072,-7.6733],[109.06116,-7.6733],[109.06116,-7.67286]],[[109.06025,-7.67466],[109.06025,-7.67511],[109.0607,-7.67511],[109.06071,-7.67511],[109.06115,-7.67511],[109.06116,-7.67511],[109.06116,-7.67466],[109.06071,-7.67466],[109.0607,-7.67466],[109.06026,-7.67466],[109.06025,-7.67466]],[[109.05891,-7.67329],[109.05935,-7.67329],[109.05935,-7.67285],[109.05891,-7.67285],[109.05891,-7.67329]]],[[[109.04806,-7.66761],[109.04806,-7.66782],[109.04765,-7.66782],[109.04764,-7.66782],[109.04772,-7.66778],[109.04792,-7.66768],[109.04806,-7.66761]]],[[[109.05249,-7.68863],[109.05249,-7.68908],[109.05203,-7.68908],[109.05203,-7.68863],[109.05249,-7.68863]]],[[[109.05339,-7.68818],[109.0534,-7.68818],[109.05385,-7.68818],[109.0543,-7.68818],[109.0543,-7.68773],[109.05472,-7.68773],[109.05476,-7.68773],[109.05476,-7.68774],[109.05521,-7.68774],[109.05521,-7.68819],[109.05486,-7.68819],[109.05476,-7.68819],[109.05431,-7.68819],[109.05431,-7.68864],[109.05385,-7.68864],[109.05339,-7.68864],[109.05339,-7.68863],[109.05294,-7.68863],[109.05294,-7.68818],[109.05339,-7.68818]]],[[[109.05386,-7.68683],[109.05386,-7.68638],[109.05386,-7.68593],[109.05386,-7.68592],[109.05386,-7.68548],[109.05386,-7.68547],[109.05386,-7.68502],[109.05397,-7.68502],[109.05432,-7.68502],[109.05432,-7.68547],[109.05432,-7.68548],[109.05431,-7.68548],[109.05431,-7.68592],[109.05431,-7.68593],[109.05431,-7.68626],[109.05431,-7.68638],[109.05431,-7.68683],[109.05431,-7.68728],[109.05386,-7.68728],[109.05341,-7.68728],[109.0534,-7.68728],[109.05295,-7.68728],[109.05295,-7.68683],[109.05295,-7.68682],[109.05295,-7.68637],[109.05341,-7.68637],[109.05341,-7.68682],[109.05341,-7.68683],[109.05386,-7.68683]]],[[[109.0525,-7.68727],[109.05204,-7.68727],[109.05204,-7.68682],[109.0525,-7.68682],[109.0525,-7.68727]]],[[[109.05296,-7.68502],[109.05296,-7.68547],[109.0525,-7.68547],[109.0525,-7.68502],[109.0525,-7.68501],[109.05296,-7.68501],[109.05296,-7.68502]]],[[[109.0525,-7.68457],[109.0525,-7.68456],[109.0525,-7.68411],[109.05251,-7.68411],[109.05296,-7.68411],[109.05296,-7.68456],[109.05296,-7.68457],[109.05251,-7.68457],[109.0525,-7.68457]]],[[[109.05161,-7.68411],[109.0516,-7.68411],[109.05126,-7.68411],[109.05115,-7.68411],[109.05115,-7.68406],[109.05115,-7.68365],[109.0516,-7.68365],[109.05161,-7.68365],[109.05184,-7.68365],[109.05194,-7.68365],[109.05206,-7.68365],[109.05206,-7.68366],[109.05206,-7.68411],[109.05161,-7.68411]]],[[[109.0508,-7.68103],[109.0508,-7.68094],[109.0508,-7.68085],[109.05081,-7.68085],[109.05116,-7.68085],[109.05117,-7.68085],[109.05135,-7.68085],[109.05135,-7.68094],[109.05135,-7.68103],[109.05162,-7.68103],[109.05162,-7.6814],[109.05116,-7.6814],[109.05116,-7.68139],[109.05071,-7.68139],[109.0507,-7.68139],[109.0507,-7.68103],[109.05071,-7.68103],[109.0508,-7.68103]]],[[[109.05116,-7.68013],[109.05116,-7.68004],[109.05117,-7.68004],[109.05117,-7.68013],[109.05116,-7.68013]]],[[[109.05209,-7.67688],[109.05237,-7.67688],[109.05238,-7.67688],[109.05254,-7.67688],[109.05254,-7.67733],[109.05254,-7.67778],[109.05254,-7.67779],[109.05213,-7.67779],[109.05212,-7.67779],[109.05209,-7.67779],[109.05209,-7.67778],[109.05209,-7.67733],[109.05209,-7.67688]]],[[[109.05254,-7.67553],[109.05254,-7.67507],[109.05258,-7.67507],[109.05267,-7.67507],[109.053,-7.67507],[109.053,-7.67553],[109.05288,-7.67553],[109.05281,-7.67544],[109.05277,-7.67543],[109.05277,-7.67544],[109.0528,-7.67553],[109.05254,-7.67553]]],[[[109.05256,-7.67462],[109.0525,-7.67462],[109.05241,-7.67462],[109.0521,-7.67462],[109.0521,-7.67456],[109.0521,-7.67447],[109.0521,-7.67417],[109.05256,-7.67417],[109.05256,-7.67462]]],[[[109.05347,-7.67282],[109.05347,-7.67327],[109.05301,-7.67327],[109.05301,-7.67282],[109.05347,-7.67282]]],[[[109.05521,-7.68683],[109.05521,-7.68638],[109.05567,-7.68638],[109.05567,-7.68684],[109.05611,-7.68684],[109.05612,-7.68684],[109.05657,-7.68684],[109.05703,-7.68684],[109.05703,-7.68729],[109.05747,-7.68729],[109.05747,-7.68685],[109.05747,-7.68684],[109.05793,-7.68684],[109.05793,-7.6864],[109.05793,-7.68639],[109.05839,-7.68639],[109.05839,-7.6864],[109.05884,-7.6864],[109.05929,-7.6864],[109.05929,-7.68595],[109.05885,-7.68595],[109.05884,-7.68595],[109.05839,-7.68595],[109.05839,-7.6855],[109.05839,-7.68549],[109.05839,-7.68504],[109.05884,-7.68504],[109.05884,-7.68459],[109.05885,-7.68459],[109.0593,-7.68459],[109.0593,-7.68505],[109.05885,-7.68505],[109.05885,-7.68549],[109.0593,-7.68549],[109.0593,-7.6855],[109.0593,-7.68595],[109.05975,-7.68595],[109.0602,-7.68595],[109.0602,-7.6864],[109.0602,-7.68641],[109.0602,-7.68685],[109.0602,-7.68686],[109.06065,-7.68686],[109.0611,-7.68686],[109.06155,-7.68686],[109.06155,-7.68641],[109.0611,-7.68641],[109.0611,-7.68596],[109.06065,-7.68596],[109.06065,-7.6855],[109.06111,-7.6855],[109.06111,-7.68596],[109.06156,-7.68596],[109.06156,-7.68641],[109.062,-7.68641],[109.06201,-7.68641],[109.06246,-7.68641],[109.06246,-7.68686],[109.06246,-7.68687],[109.06246,-7.68732],[109.06246,-7.68777],[109.06246,-7.68822],[109.062,-7.68822],[109.062,-7.68867],[109.06245,-7.68867],[109.06245,-7.68912],[109.06245,-7.68913],[109.06245,-7.68958],[109.06245,-7.69003],[109.062,-7.69003],[109.06155,-7.69003],[109.06155,-7.69048],[109.06109,-7.69048],[109.06109,-7.69093],[109.06064,-7.69093],[109.06063,-7.69093],[109.06063,-7.69137],[109.06063,-7.69138],[109.06108,-7.69138],[109.06108,-7.69183],[109.06108,-7.69228],[109.06153,-7.69228],[109.06153,-7.69274],[109.06107,-7.69274],[109.06107,-7.69318],[109.06107,-7.69319],[109.06107,-7.69364],[109.06152,-7.69364],[109.06197,-7.69364],[109.06197,-7.69319],[109.06198,-7.69319],[109.06198,-7.69274],[109.06243,-7.69274],[109.06244,-7.69274],[109.06288,-7.69274],[109.06289,-7.69274],[109.06334,-7.69274],[109.06334,-7.69319],[109.06334,-7.6932],[109.06334,-7.69365],[109.06289,-7.69365],[109.06288,-7.69365],[109.06288,-7.6941],[109.06242,-7.6941],[109.06242,-7.69365],[109.06198,-7.69365],[109.06198,-7.69409],[109.06198,-7.6941],[109.06197,-7.6941],[109.06197,-7.69454],[109.06197,-7.69455],[109.06243,-7.69455],[109.06243,-7.695],[109.06197,-7.695],[109.06152,-7.695],[109.06152,-7.69455],[109.06152,-7.69454],[109.06152,-7.6941],[109.06152,-7.69409],[109.06107,-7.69409],[109.06106,-7.69409],[109.06106,-7.69364],[109.06062,-7.69364],[109.06062,-7.69396],[109.0605,-7.69364],[109.06034,-7.69318],[109.06061,-7.69318],[109.06061,-7.69273],[109.06062,-7.69273],[109.06107,-7.69273],[109.06107,-7.69228],[109.06062,-7.69228],[109.06062,-7.69183],[109.06018,-7.69183],[109.06017,-7.69183],[109.0598,-7.69183],[109.05972,-7.69166],[109.05972,-7.69137],[109.0596,-7.69137],[109.05949,-7.69112],[109.05945,-7.69092],[109.05972,-7.69092],[109.05972,-7.69047],[109.05928,-7.69047],[109.05927,-7.69047],[109.05882,-7.69047],[109.05882,-7.69091],[109.05882,-7.69092],[109.05901,-7.69092],[109.05896,-7.69093],[109.05882,-7.69096],[109.0587,-7.69098],[109.05837,-7.69115],[109.05825,-7.6912],[109.05791,-7.69136],[109.05791,-7.69135],[109.05791,-7.69092],[109.05791,-7.69091],[109.05791,-7.69046],[109.05747,-7.69046],[109.05746,-7.69046],[109.05702,-7.69046],[109.05702,-7.69091],[109.05746,-7.69091],[109.05747,-7.69091],[109.05747,-7.69136],[109.05789,-7.69136],[109.05764,-7.69149],[109.05746,-7.69158],[109.05736,-7.69162],[109.057,-7.69177],[109.057,-7.69176],[109.05689,-7.69181],[109.05674,-7.69187],[109.05657,-7.69193],[109.05655,-7.69195],[109.05644,-7.69205],[109.05641,-7.69207],[109.05639,-7.69211],[109.05638,-7.69215],[109.05636,-7.69218],[109.05633,-7.69222],[109.05625,-7.69226],[109.0562,-7.69229],[109.05609,-7.69234],[109.05609,-7.69226],[109.05609,-7.69181],[109.05655,-7.69181],[109.05655,-7.69147],[109.05655,-7.69136],[109.0565,-7.69136],[109.0561,-7.69136],[109.0561,-7.69091],[109.0561,-7.6909],[109.05629,-7.6909],[109.0563,-7.6909],[109.05656,-7.6909],[109.05656,-7.69046],[109.05656,-7.69045],[109.05701,-7.69045],[109.05701,-7.69001],[109.05701,-7.69],[109.05701,-7.68955],[109.05746,-7.68955],[109.05746,-7.6891],[109.05792,-7.6891],[109.05792,-7.68865],[109.05838,-7.68865],[109.05838,-7.68911],[109.05792,-7.68911],[109.05792,-7.68956],[109.05792,-7.69001],[109.05836,-7.69001],[109.05837,-7.69001],[109.05882,-7.69001],[109.05928,-7.69001],[109.05928,-7.69002],[109.05973,-7.69002],[109.05973,-7.68957],[109.05928,-7.68957],[109.05928,-7.68956],[109.05882,-7.68956],[109.05882,-7.68911],[109.05928,-7.68911],[109.05973,-7.68911],[109.05973,-7.68866],[109.05928,-7.68866],[109.05928,-7.68821],[109.05928,-7.68776],[109.05929,-7.68776],[109.05929,-7.68731],[109.05929,-7.6873],[109.05929,-7.68685],[109.05884,-7.68685],[109.05839,-7.68685],[109.05839,-7.6873],[109.05884,-7.6873],[109.05884,-7.68775],[109.05884,-7.68776],[109.05838,-7.68776],[109.05838,-7.6882],[109.05793,-7.6882],[109.05792,-7.6882],[109.05747,-7.6882],[109.05701,-7.6882],[109.05701,-7.68775],[109.05702,-7.68775],[109.05702,-7.68729],[109.05657,-7.68729],[109.05612,-7.68729],[109.05611,-7.68729],[109.05566,-7.68729],[109.05566,-7.68684],[109.05521,-7.68684],[109.05521,-7.68729],[109.05476,-7.68729],[109.05476,-7.68683],[109.05521,-7.68683]],[[109.05973,-7.69047],[109.06018,-7.69047],[109.06063,-7.69047],[109.06064,-7.69047],[109.06109,-7.69047],[109.06109,-7.69003],[109.06109,-7.69002],[109.06064,-7.69002],[109.06063,-7.69002],[109.06019,-7.69002],[109.06018,-7.69002],[109.05973,-7.69002],[109.05973,-7.69047]],[[109.05792,-7.68775],[109.05792,-7.6873],[109.05748,-7.6873],[109.05748,-7.68775],[109.05792,-7.68775]],[[109.06017,-7.69092],[109.05973,-7.69092],[109.05973,-7.69137],[109.06017,-7.69137],[109.06017,-7.69092]],[[109.05974,-7.68685],[109.05975,-7.68685],[109.05975,-7.68641],[109.05975,-7.6864],[109.0593,-7.6864],[109.0593,-7.68685],[109.05974,-7.68685]],[[109.06019,-7.68866],[109.06064,-7.68866],[109.06064,-7.68822],[109.06019,-7.68822],[109.06019,-7.68866]]],[[[109.05567,-7.68593],[109.05521,-7.68593],[109.05521,-7.68548],[109.05567,-7.68548],[109.05567,-7.68593]]],[[[109.05432,-7.68366],[109.05432,-7.68367],[109.05432,-7.68412],[109.05432,-7.68457],[109.05386,-7.68457],[109.05386,-7.68412],[109.05386,-7.68367],[109.05355,-7.68367],[109.05341,-7.68367],[109.05341,-7.68366],[109.05341,-7.6834],[109.05341,-7.68321],[109.05387,-7.68321],[109.05387,-7.68366],[109.05432,-7.68366]]],[[[109.0548,-7.67915],[109.0548,-7.6796],[109.05479,-7.6796],[109.05462,-7.6796],[109.05462,-7.67942],[109.05434,-7.67942],[109.05434,-7.67915],[109.05479,-7.67915],[109.0548,-7.67915]]],[[[109.0559,-7.67744],[109.05589,-7.67744],[109.05589,-7.67735],[109.05589,-7.67726],[109.0559,-7.67726],[109.0559,-7.67735],[109.0559,-7.67744]]],[[[109.05749,-7.68549],[109.05794,-7.68549],[109.05794,-7.68594],[109.05749,-7.68594],[109.05749,-7.68639],[109.05703,-7.68639],[109.05657,-7.68639],[109.05657,-7.68594],[109.05703,-7.68594],[109.05748,-7.68594],[109.05748,-7.68549],[109.05703,-7.68549],[109.05703,-7.68504],[109.05703,-7.68503],[109.05749,-7.68503],[109.05749,-7.68504],[109.05749,-7.68549]]],[[[109.05704,-7.68458],[109.05704,-7.68413],[109.05749,-7.68413],[109.0575,-7.68413],[109.0575,-7.68458],[109.0575,-7.68459],[109.05749,-7.68459],[109.05704,-7.68459],[109.05704,-7.68458]]],[[[109.05795,-7.68368],[109.0575,-7.68368],[109.05749,-7.68368],[109.05749,-7.68323],[109.0575,-7.68323],[109.05795,-7.68323],[109.05795,-7.68368]]],[[[109.05795,-7.68187],[109.05795,-7.68233],[109.0575,-7.68233],[109.05749,-7.68233],[109.05749,-7.68187],[109.0575,-7.68187],[109.05795,-7.68187]]],[[[109.05625,-7.67852],[109.05643,-7.67852],[109.05643,-7.67853],[109.05661,-7.67853],[109.05661,-7.67871],[109.05615,-7.67871],[109.05615,-7.67834],[109.05625,-7.67834],[109.05625,-7.67852]]],[[[109.05662,-7.6778],[109.05679,-7.6778],[109.0568,-7.6778],[109.05698,-7.6778],[109.05698,-7.67781],[109.0568,-7.67781],[109.0568,-7.67817],[109.05697,-7.67817],[109.05697,-7.67825],[109.05697,-7.67826],[109.05697,-7.67853],[109.05679,-7.67853],[109.05679,-7.67826],[109.05679,-7.67825],[109.05679,-7.67817],[109.05662,-7.67817],[109.05662,-7.67781],[109.05662,-7.6778]]],[[[109.05619,-7.67238],[109.05619,-7.67283],[109.05573,-7.67283],[109.05573,-7.67238],[109.05619,-7.67238]]],[[[109.05802,-7.66742],[109.05802,-7.66697],[109.05848,-7.66697],[109.05848,-7.66742],[109.05893,-7.66742],[109.05893,-7.66787],[109.05847,-7.66787],[109.05801,-7.66787],[109.05801,-7.66742],[109.05802,-7.66742]]],[[[109.05666,-7.66741],[109.05666,-7.66786],[109.05621,-7.66786],[109.0562,-7.66786],[109.0562,-7.66741],[109.05621,-7.66741],[109.05666,-7.66741]]],[[[109.05667,-7.6647],[109.05622,-7.6647],[109.05576,-7.6647],[109.05576,-7.66424],[109.05622,-7.66424],[109.05622,-7.66397],[109.05663,-7.66379],[109.05668,-7.66379],[109.05668,-7.66377],[109.05714,-7.66357],[109.05714,-7.6638],[109.05668,-7.6638],[109.05668,-7.66425],[109.05713,-7.66425],[109.05713,-7.6647],[109.05758,-7.6647],[109.05758,-7.66516],[109.05712,-7.66516],[109.05712,-7.6647],[109.05668,-7.6647],[109.05667,-7.6647]]],[[[109.05804,-7.66381],[109.05804,-7.6638],[109.05804,-7.66335],[109.05849,-7.66335],[109.0585,-7.66335],[109.0585,-7.6638],[109.0585,-7.66381],[109.05849,-7.66381],[109.05804,-7.66381]]],[[[109.06111,-7.68505],[109.06065,-7.68505],[109.06065,-7.6846],[109.06111,-7.6846],[109.06111,-7.68505]]],[[[109.06021,-7.68414],[109.06021,-7.6846],[109.05975,-7.6846],[109.05975,-7.68414],[109.06021,-7.68414]]],[[[109.05895,-7.68233],[109.05931,-7.68233],[109.05977,-7.68233],[109.05977,-7.68251],[109.05977,-7.68261],[109.05977,-7.68279],[109.05943,-7.68279],[109.05933,-7.68279],[109.05931,-7.68279],[109.05915,-7.68279],[109.05905,-7.68279],[109.05885,-7.68279],[109.05885,-7.68233],[109.05895,-7.68233]]],[[[109.06068,-7.68054],[109.06068,-7.68053],[109.06068,-7.68008],[109.06113,-7.68008],[109.06113,-7.67963],[109.06158,-7.67963],[109.06159,-7.67963],[109.06204,-7.67963],[109.06204,-7.68009],[109.06249,-7.68009],[109.06249,-7.68021],[109.06249,-7.68031],[109.06249,-7.68054],[109.06203,-7.68054],[109.06203,-7.68052],[109.06203,-7.68042],[109.06203,-7.68009],[109.06159,-7.68009],[109.06158,-7.68009],[109.06114,-7.68009],[109.06114,-7.68053],[109.06113,-7.68053],[109.06113,-7.68054],[109.06068,-7.68054]]],[[[109.05933,-7.67854],[109.05915,-7.67854],[109.05915,-7.67836],[109.05933,-7.67836],[109.05933,-7.67854]]],[[[109.06073,-7.66924],[109.06073,-7.66879],[109.06073,-7.66878],[109.06118,-7.66878],[109.06118,-7.66834],[109.06073,-7.66834],[109.06073,-7.66788],[109.06119,-7.66788],[109.06119,-7.66833],[109.06164,-7.66833],[109.06164,-7.66834],[109.0621,-7.66834],[109.0621,-7.66879],[109.06254,-7.66879],[109.06255,-7.66879],[109.06288,-7.66879],[109.06293,-7.66895],[109.063,-7.66913],[109.063,-7.66925],[109.06304,-7.66925],[109.06319,-7.6697],[109.06332,-7.67006],[109.06335,-7.67015],[109.06345,-7.67042],[109.06345,-7.67043],[109.06351,-7.6706],[109.06351,-7.6706],[109.06351,-7.67061],[109.0636,-7.67086],[109.06367,-7.67106],[109.06384,-7.67151],[109.06383,-7.67151],[109.06344,-7.67151],[109.06344,-7.67106],[109.06298,-7.67106],[109.06298,-7.6706],[109.06299,-7.6706],[109.06299,-7.67015],[109.06299,-7.6697],[109.06299,-7.66925],[109.06255,-7.66925],[109.06254,-7.66925],[109.06209,-7.66925],[109.06209,-7.66969],[109.06209,-7.6697],[109.06164,-7.6697],[109.06164,-7.67014],[109.06164,-7.67015],[109.06118,-7.67015],[109.06118,-7.67014],[109.06072,-7.67014],[109.06072,-7.66969],[109.06072,-7.66924],[109.06073,-7.66924]]],[[[109.05984,-7.66697],[109.05984,-7.66743],[109.05938,-7.66743],[109.05938,-7.66697],[109.05984,-7.66697]]],[[[109.0603,-7.66285],[109.0603,-7.66281],[109.0603,-7.6628],[109.06033,-7.66282],[109.06033,-7.66282],[109.06046,-7.66291],[109.06045,-7.66291],[109.06051,-7.66295],[109.06051,-7.66295],[109.06076,-7.66313],[109.06088,-7.66336],[109.06088,-7.66337],[109.06076,-7.66337],[109.06076,-7.66381],[109.06076,-7.66382],[109.0603,-7.66382],[109.0603,-7.66381],[109.0603,-7.66336],[109.0603,-7.66291],[109.0603,-7.66285]]],[[[109.05894,-7.66336],[109.05894,-7.66335],[109.0594,-7.66335],[109.0594,-7.66336],[109.05985,-7.66336],[109.05985,-7.66381],[109.0594,-7.66381],[109.05939,-7.66381],[109.05894,-7.66381],[109.05894,-7.66336]]],[[[109.06469,-7.69412],[109.06469,-7.69411],[109.06473,-7.69411],[109.06469,-7.69412]]],[[[109.06651,-7.69276],[109.06696,-7.69276],[109.06696,-7.69303],[109.06669,-7.69303],[109.06669,-7.69321],[109.06651,-7.69321],[109.0665,-7.69321],[109.0665,-7.69276],[109.06651,-7.69276]]],[[[109.0647,-7.69321],[109.0647,-7.6932],[109.0647,-7.69275],[109.06515,-7.69275],[109.06516,-7.69275],[109.06561,-7.69275],[109.06561,-7.69321],[109.06516,-7.69321],[109.06515,-7.69321],[109.0647,-7.69321]]],[[[109.06832,-7.693],[109.06796,-7.69311],[109.06796,-7.69286],[109.06786,-7.69286],[109.06786,-7.69277],[109.06832,-7.69277],[109.06832,-7.69232],[109.06878,-7.69232],[109.06878,-7.69277],[109.06905,-7.69277],[109.06905,-7.69278],[109.06878,-7.69286],[109.06878,-7.69286],[109.06832,-7.693]]],[[[109.06652,-7.69231],[109.06651,-7.69231],[109.06606,-7.69231],[109.06606,-7.69194],[109.06615,-7.69194],[109.06615,-7.69185],[109.06652,-7.69185],[109.06652,-7.69186],[109.06697,-7.69186],[109.06697,-7.69231],[109.06742,-7.69231],[109.06742,-7.69249],[109.06706,-7.69249],[109.06706,-7.69276],[109.06696,-7.69276],[109.06696,-7.69231],[109.06652,-7.69231]]],[[[109.0647,-7.69094],[109.06471,-7.69094],[109.06516,-7.69094],[109.06516,-7.6914],[109.06516,-7.69176],[109.06507,-7.69176],[109.06507,-7.69185],[109.06471,-7.69185],[109.0647,-7.69185],[109.06425,-7.69185],[109.06425,-7.69139],[109.0647,-7.69139],[109.0647,-7.69094]]],[[[109.06244,-7.69184],[109.06198,-7.69184],[109.06198,-7.69138],[109.06244,-7.69138],[109.06244,-7.69184]]],[[[109.07104,-7.69142],[109.07059,-7.69142],[109.07059,-7.69097],[109.07104,-7.69097],[109.07105,-7.69097],[109.07149,-7.69097],[109.0715,-7.69097],[109.07195,-7.69097],[109.07195,-7.69098],[109.07195,-7.69143],[109.0715,-7.69143],[109.07149,-7.69143],[109.07105,-7.69143],[109.07104,-7.69143],[109.07104,-7.69142]]],[[[109.06336,-7.69094],[109.06335,-7.69094],[109.0629,-7.69094],[109.0629,-7.69048],[109.06335,-7.69048],[109.06336,-7.69048],[109.06336,-7.69094]]],[[[109.07178,-7.68944],[109.07196,-7.68944],[109.07196,-7.68962],[109.07196,-7.69007],[109.0724,-7.69007],[109.07241,-7.6901],[109.07241,-7.69053],[109.07195,-7.69053],[109.07195,-7.69007],[109.0715,-7.69007],[109.0715,-7.68962],[109.0716,-7.68962],[109.0716,-7.68944],[109.07178,-7.68944]]],[[[109.06924,-7.68871],[109.06924,-7.6887],[109.0697,-7.6887],[109.0697,-7.68871],[109.07015,-7.68871],[109.07015,-7.68916],[109.0706,-7.68916],[109.07106,-7.68916],[109.07106,-7.68926],[109.07106,-7.68962],[109.07106,-7.69007],[109.07105,-7.69007],[109.07105,-7.69052],[109.0706,-7.69052],[109.07059,-7.69052],[109.07015,-7.69052],[109.07014,-7.69052],[109.06969,-7.69052],[109.06969,-7.69007],[109.06969,-7.69006],[109.06969,-7.68961],[109.06924,-7.68961],[109.06924,-7.68916],[109.06924,-7.68871]]],[[[109.06925,-7.69006],[109.06925,-7.69051],[109.06924,-7.69051],[109.06879,-7.69051],[109.06879,-7.69006],[109.06924,-7.69006],[109.06925,-7.69006]]],[[[109.06789,-7.69005],[109.06789,-7.69051],[109.06743,-7.69051],[109.06743,-7.69005],[109.06789,-7.69005]]],[[[109.06336,-7.68958],[109.06336,-7.69003],[109.06335,-7.69003],[109.0629,-7.69003],[109.0629,-7.68958],[109.06335,-7.68958],[109.06336,-7.68958]]],[[[109.06879,-7.68961],[109.06834,-7.68961],[109.06834,-7.68915],[109.06879,-7.68915],[109.0688,-7.68915],[109.0688,-7.68961],[109.06879,-7.68961]]],[[[109.07152,-7.68826],[109.07152,-7.68871],[109.07152,-7.68872],[109.07106,-7.68872],[109.07106,-7.68871],[109.07106,-7.68826],[109.07152,-7.68826]]],[[[109.06949,-7.68726],[109.06936,-7.68735],[109.06926,-7.68735],[109.06925,-7.68735],[109.06925,-7.68742],[109.06887,-7.68768],[109.06925,-7.6876],[109.06925,-7.6878],[109.06879,-7.6878],[109.06879,-7.68735],[109.0688,-7.68735],[109.0688,-7.6869],[109.06925,-7.6869],[109.06926,-7.6869],[109.06971,-7.6869],[109.06971,-7.68702],[109.0695,-7.68725],[109.0695,-7.68726],[109.06949,-7.68726]]],[[[109.06881,-7.68554],[109.06881,-7.68509],[109.06927,-7.68509],[109.06927,-7.68554],[109.06972,-7.68554],[109.06972,-7.686],[109.06926,-7.686],[109.06926,-7.68554],[109.06881,-7.68554]]],[[[109.06274,-7.68506],[109.06274,-7.6847],[109.06275,-7.6847],[109.06293,-7.6847],[109.06293,-7.68506],[109.06293,-7.68551],[109.06247,-7.68551],[109.06247,-7.68506],[109.06274,-7.68506]]],[[[109.06184,-7.68506],[109.06156,-7.68506],[109.06156,-7.6846],[109.06202,-7.6846],[109.06202,-7.6847],[109.06184,-7.6847],[109.06184,-7.68506]]],[[[109.06293,-7.68325],[109.06294,-7.68325],[109.06294,-7.68371],[109.06338,-7.68371],[109.06339,-7.68371],[109.06339,-7.68416],[109.06338,-7.68416],[109.06311,-7.68416],[109.06311,-7.68398],[109.06293,-7.68398],[109.06275,-7.68398],[109.06275,-7.68416],[109.06274,-7.68416],[109.06274,-7.68398],[109.06247,-7.68398],[109.06247,-7.6837],[109.06248,-7.6837],[109.06248,-7.68325],[109.06293,-7.68325]]],[[[109.0661,-7.68372],[109.0661,-7.68363],[109.06619,-7.68363],[109.06619,-7.68327],[109.06656,-7.68327],[109.06656,-7.68372],[109.0661,-7.68372]]],[[[109.06203,-7.68325],[109.06203,-7.6837],[109.06157,-7.6837],[109.06157,-7.68325],[109.06203,-7.68325]]],[[[109.06338,-7.6819],[109.06339,-7.6819],[109.06348,-7.6819],[109.06357,-7.6819],[109.06384,-7.6819],[109.06384,-7.68145],[109.0643,-7.68145],[109.0643,-7.6819],[109.0643,-7.68191],[109.06384,-7.68191],[109.06384,-7.68235],[109.06413,-7.68235],[109.06427,-7.68235],[109.06429,-7.68235],[109.06429,-7.68236],[109.06429,-7.68281],[109.06384,-7.68281],[109.06383,-7.68281],[109.06383,-7.68268],[109.06383,-7.68253],[109.06383,-7.68236],[109.06376,-7.68236],[109.06367,-7.68236],[109.06339,-7.68236],[109.06338,-7.68236],[109.06338,-7.68235],[109.06338,-7.6819]]],[[[109.06521,-7.68056],[109.06521,-7.6801],[109.06566,-7.6801],[109.06567,-7.6801],[109.06568,-7.6801],[109.06593,-7.68055],[109.06593,-7.68056],[109.06567,-7.68056],[109.06566,-7.68056],[109.06521,-7.68056]]],[[[109.06521,-7.67891],[109.06526,-7.67907],[109.06529,-7.67918],[109.06529,-7.6792],[109.06521,-7.6792],[109.06521,-7.67891]]],[[[109.06386,-7.67919],[109.0634,-7.67919],[109.0634,-7.67874],[109.06385,-7.67874],[109.06385,-7.6791],[109.06386,-7.6791],[109.06386,-7.67919]]],[[[109.06477,-7.67648],[109.06523,-7.67648],[109.06523,-7.67649],[109.06523,-7.6765],[109.06518,-7.67659],[109.06515,-7.67667],[109.06511,-7.67683],[109.0651,-7.67694],[109.06477,-7.67694],[109.06477,-7.67649],[109.06432,-7.67649],[109.06432,-7.67648],[109.06432,-7.67603],[109.06477,-7.67603],[109.06477,-7.67648]]],[[[109.06351,-7.67621],[109.0635,-7.67621],[109.06342,-7.67621],[109.06341,-7.67621],[109.06341,-7.67603],[109.06342,-7.67603],[109.06387,-7.67603],[109.06387,-7.67648],[109.06386,-7.67648],[109.06386,-7.67621],[109.06351,-7.67621]]],[[[109.06252,-7.67602],[109.06237,-7.67602],[109.0624,-7.67601],[109.06251,-7.67595],[109.06252,-7.67595],[109.06252,-7.67596],[109.06252,-7.67602]]],[[[109.06568,-7.67594],[109.06568,-7.67581],[109.06569,-7.67586],[109.06569,-7.6759],[109.06568,-7.67594]]],[[[109.06342,-7.67553],[109.06342,-7.67557],[109.06342,-7.67558],[109.06332,-7.67558],[109.06332,-7.67557],[109.06335,-7.67556],[109.06342,-7.67553]]],[[[109.06523,-7.67513],[109.06523,-7.67558],[109.06477,-7.67558],[109.06477,-7.67513],[109.06523,-7.67513]]],[[[109.06523,-7.67513],[109.06523,-7.67494],[109.06526,-7.67493],[109.06535,-7.67513],[109.06523,-7.67513]]],[[[109.064,-7.67197],[109.06389,-7.67197],[109.06389,-7.67196],[109.06389,-7.67166],[109.06397,-7.6719],[109.064,-7.67196],[109.064,-7.67197]]],[[[109.0621,-7.66789],[109.06164,-7.66789],[109.06164,-7.66743],[109.0621,-7.66743],[109.0621,-7.66789]]],[[[109.06209,-7.66656],[109.0621,-7.66656],[109.06224,-7.66699],[109.0621,-7.66699],[109.06209,-7.66699],[109.06209,-7.66656]]]]}},{"type":"Feature","properties":{"d":"CILACAP UTARA","net":"FWA-Outdoor"},"geometry":{"type":"MultiPolygon","coordinates":[[[[109.02033,-7.68803],[109.02033,-7.68848],[109.02033,-7.68893],[109.02033,-7.68938],[109.02033,-7.68939],[109.02033,-7.68984],[109.02032,-7.68984],[109.02019,-7.68984],[109.02015,-7.68984],[109.01987,-7.68967],[109.01987,-7.68965],[109.01987,-7.68964],[109.01987,-7.68939],[109.01987,-7.68938],[109.01945,-7.68938],[109.01942,-7.68936],[109.01942,-7.68893],[109.01942,-7.68848],[109.01987,-7.68848],[109.01987,-7.68803],[109.02033,-7.68803]]],[[[109.01942,-7.68938],[109.01942,-7.68937],[109.01945,-7.68938],[109.01943,-7.68938],[109.01943,-7.68939],[109.01943,-7.6894],[109.01942,-7.6894],[109.0194,-7.68938],[109.01942,-7.68938]]],[[[109.01868,-7.68893],[109.01852,-7.68882],[109.01852,-7.68877],[109.01871,-7.68893],[109.01868,-7.68893]]],[[[109.01897,-7.68847],[109.01898,-7.68847],[109.01898,-7.68893],[109.01897,-7.68893],[109.01876,-7.68893],[109.01852,-7.68877],[109.01852,-7.68847],[109.01897,-7.68847]]],[[[109.01612,-7.68858],[109.01603,-7.68867],[109.01595,-7.6887],[109.01588,-7.68869],[109.01583,-7.68866],[109.0158,-7.68863],[109.0158,-7.6886],[109.0158,-7.68846],[109.01606,-7.68846],[109.01612,-7.68846],[109.0162,-7.68846],[109.01612,-7.68858]]],[[[109.01563,-7.68846],[109.01562,-7.68846],[109.01561,-7.68839],[109.01557,-7.68831],[109.01552,-7.68824],[109.01545,-7.68817],[109.01538,-7.68815],[109.01534,-7.68813],[109.01534,-7.68801],[109.0158,-7.68801],[109.0158,-7.68846],[109.01563,-7.68846]]],[[[109.01626,-7.68801],[109.0158,-7.68801],[109.0158,-7.68756],[109.01626,-7.68756],[109.01626,-7.68801]]],[[[109.01942,-7.68757],[109.01897,-7.68757],[109.01897,-7.68712],[109.01897,-7.68667],[109.01943,-7.68667],[109.01943,-7.68712],[109.01988,-7.68712],[109.01988,-7.68667],[109.02033,-7.68667],[109.02034,-7.68667],[109.02034,-7.68622],[109.01989,-7.68622],[109.01989,-7.68577],[109.01944,-7.68577],[109.01944,-7.68622],[109.01898,-7.68622],[109.01898,-7.68577],[109.01898,-7.68576],[109.01898,-7.68531],[109.01943,-7.68531],[109.01944,-7.68531],[109.01944,-7.68486],[109.01899,-7.68486],[109.01854,-7.68486],[109.01854,-7.68531],[109.01808,-7.68531],[109.01808,-7.68486],[109.01853,-7.68486],[109.01853,-7.68441],[109.01899,-7.68441],[109.01899,-7.68396],[109.01944,-7.68396],[109.01944,-7.68351],[109.0199,-7.68351],[109.0199,-7.68306],[109.0199,-7.68261],[109.01946,-7.68261],[109.01946,-7.68306],[109.01945,-7.68306],[109.019,-7.68306],[109.019,-7.6826],[109.01855,-7.6826],[109.01855,-7.68215],[109.0181,-7.68215],[109.01764,-7.68215],[109.01764,-7.6826],[109.01718,-7.6826],[109.01718,-7.68259],[109.01673,-7.68259],[109.01673,-7.68214],[109.01628,-7.68214],[109.01628,-7.68169],[109.01583,-7.68169],[109.01583,-7.68214],[109.01537,-7.68214],[109.01537,-7.68213],[109.01492,-7.68213],[109.01492,-7.68168],[109.01537,-7.68168],[109.01538,-7.68168],[109.01538,-7.68123],[109.01493,-7.68123],[109.01448,-7.68123],[109.01447,-7.68123],[109.01402,-7.68123],[109.01402,-7.68168],[109.01357,-7.68168],[109.01357,-7.68212],[109.01402,-7.68212],[109.01402,-7.68213],[109.01402,-7.68258],[109.01357,-7.68258],[109.01357,-7.68303],[109.01402,-7.68303],[109.01402,-7.68348],[109.01447,-7.68348],[109.01447,-7.68394],[109.01492,-7.68394],[109.01492,-7.68439],[109.01537,-7.68439],[109.01537,-7.68484],[109.01582,-7.68484],[109.01582,-7.68485],[109.01627,-7.68485],[109.01627,-7.6853],[109.01627,-7.68575],[109.01672,-7.68575],[109.01717,-7.68575],[109.01717,-7.68576],[109.01762,-7.68576],[109.01762,-7.68621],[109.01717,-7.68621],[109.01717,-7.68666],[109.01717,-7.68711],[109.01671,-7.68711],[109.01671,-7.68666],[109.01672,-7.68666],[109.01672,-7.68621],[109.01627,-7.68621],[109.01627,-7.68666],[109.01581,-7.68666],[109.01581,-7.68665],[109.01536,-7.68665],[109.01536,-7.6862],[109.01536,-7.68575],[109.01536,-7.6853],[109.01536,-7.68485],[109.01491,-7.68485],[109.01491,-7.68484],[109.01446,-7.68484],[109.01446,-7.68439],[109.01446,-7.68394],[109.01402,-7.68394],[109.01401,-7.68394],[109.01356,-7.68394],[109.01356,-7.68393],[109.01356,-7.68348],[109.01311,-7.68348],[109.01311,-7.68303],[109.01266,-7.68303],[109.01221,-7.68303],[109.01221,-7.68347],[109.01221,-7.68348],[109.0122,-7.68348],[109.0122,-7.6835],[109.01217,-7.68348],[109.01216,-7.68348],[109.01206,-7.68341],[109.01184,-7.68332],[109.01175,-7.68331],[109.01172,-7.6833],[109.01159,-7.6833],[109.01148,-7.68332],[109.01135,-7.68334],[109.01129,-7.68334],[109.01129,-7.68302],[109.01084,-7.68302],[109.01084,-7.68319],[109.01084,-7.68323],[109.01052,-7.68304],[109.01052,-7.68304],[109.01049,-7.68302],[109.01048,-7.68302],[109.01039,-7.68297],[109.01039,-7.68291],[109.01055,-7.683],[109.01058,-7.68297],[109.01058,-7.68301],[109.01075,-7.68301],[109.01084,-7.68301],[109.01111,-7.68301],[109.01111,-7.68284],[109.01111,-7.68283],[109.01129,-7.68283],[109.0113,-7.68283],[109.0113,-7.68257],[109.0113,-7.68248],[109.01112,-7.68248],[109.01112,-7.68244],[109.0113,-7.68227],[109.01146,-7.68211],[109.01175,-7.68211],[109.01175,-7.68184],[109.01193,-7.68166],[109.01221,-7.68166],[109.01221,-7.68167],[109.01266,-7.68167],[109.01267,-7.68167],[109.01311,-7.68167],[109.01311,-7.68122],[109.01312,-7.68122],[109.01356,-7.68122],[109.01356,-7.68077],[109.01357,-7.68077],[109.01402,-7.68077],[109.01447,-7.68077],[109.01448,-7.68077],[109.01493,-7.68077],[109.01493,-7.68078],[109.01539,-7.68078],[109.01539,-7.68123],[109.01583,-7.68123],[109.01584,-7.68123],[109.01628,-7.68123],[109.01629,-7.68123],[109.01629,-7.68078],[109.01584,-7.68078],[109.01584,-7.68033],[109.0163,-7.68033],[109.0163,-7.68078],[109.01675,-7.68078],[109.01675,-7.68124],[109.01719,-7.68124],[109.0172,-7.68124],[109.01765,-7.68124],[109.01765,-7.68079],[109.01765,-7.68034],[109.0172,-7.68034],[109.0172,-7.67988],[109.01765,-7.67988],[109.01766,-7.67988],[109.01766,-7.68034],[109.0181,-7.68034],[109.0181,-7.67989],[109.0181,-7.67944],[109.01765,-7.67944],[109.01765,-7.67943],[109.01765,-7.67898],[109.01721,-7.67898],[109.0172,-7.67898],[109.01675,-7.67898],[109.01675,-7.67943],[109.0163,-7.67943],[109.0163,-7.67988],[109.01584,-7.67988],[109.01584,-7.67943],[109.01584,-7.67942],[109.0163,-7.67942],[109.0163,-7.67898],[109.0163,-7.67897],[109.0163,-7.67853],[109.0163,-7.67852],[109.01585,-7.67852],[109.0154,-7.67852],[109.0154,-7.67897],[109.01494,-7.67897],[109.01449,-7.67897],[109.01449,-7.67942],[109.01494,-7.67942],[109.01494,-7.6796],[109.01457,-7.6796],[109.01449,-7.6796],[109.01448,-7.6796],[109.01439,-7.6796],[109.01403,-7.6796],[109.01403,-7.67987],[109.01403,-7.67996],[109.01421,-7.67996],[109.01421,-7.68032],[109.01402,-7.68032],[109.01402,-7.67987],[109.01366,-7.67987],[109.01387,-7.67941],[109.01387,-7.67941],[109.01403,-7.67907],[109.01403,-7.67908],[109.01408,-7.67896],[109.01448,-7.67896],[109.01448,-7.67852],[109.01448,-7.67851],[109.01449,-7.67851],[109.01449,-7.67815],[109.01458,-7.67815],[109.01458,-7.67833],[109.01494,-7.67833],[109.01494,-7.67815],[109.01495,-7.67815],[109.01513,-7.67815],[109.01513,-7.67807],[109.01513,-7.67806],[109.01531,-7.67806],[109.01531,-7.67807],[109.01531,-7.67816],[109.01539,-7.67816],[109.0154,-7.67816],[109.01549,-7.67816],[109.01549,-7.67834],[109.01566,-7.67834],[109.01567,-7.67834],[109.01585,-7.67834],[109.01603,-7.67834],[109.01603,-7.67807],[109.01603,-7.67798],[109.01621,-7.67798],[109.01621,-7.6778],[109.0163,-7.6778],[109.01639,-7.6778],[109.01639,-7.67762],[109.01675,-7.67762],[109.01675,-7.67717],[109.01639,-7.67717],[109.01639,-7.6769],[109.0163,-7.6769],[109.0163,-7.67672],[109.0163,-7.67626],[109.01585,-7.67626],[109.01585,-7.67581],[109.01631,-7.67581],[109.01631,-7.67626],[109.01676,-7.67626],[109.01676,-7.67672],[109.01676,-7.67717],[109.01721,-7.67717],[109.01766,-7.67717],[109.01766,-7.67672],[109.01721,-7.67672],[109.01721,-7.67627],[109.01766,-7.67627],[109.01767,-7.67627],[109.01812,-7.67627],[109.01812,-7.67582],[109.01767,-7.67582],[109.01767,-7.67537],[109.01723,-7.67537],[109.01722,-7.67537],[109.01722,-7.67582],[109.01676,-7.67582],[109.01676,-7.67536],[109.01677,-7.67536],[109.01677,-7.67491],[109.01722,-7.67491],[109.01722,-7.67446],[109.01768,-7.67446],[109.01768,-7.67491],[109.01768,-7.67492],[109.01768,-7.67537],[109.01813,-7.67537],[109.01813,-7.67582],[109.01857,-7.67582],[109.01858,-7.67582],[109.01903,-7.67582],[109.01903,-7.67537],[109.01948,-7.67537],[109.01949,-7.67537],[109.01993,-7.67537],[109.01993,-7.67493],[109.01993,-7.67492],[109.01993,-7.67447],[109.01994,-7.67447],[109.02039,-7.67447],[109.02039,-7.67402],[109.02085,-7.67402],[109.02085,-7.67358],[109.02085,-7.67357],[109.02085,-7.67312],[109.02131,-7.67312],[109.02131,-7.67357],[109.02131,-7.67358],[109.02175,-7.67358],[109.02176,-7.67358],[109.02176,-7.67313],[109.02222,-7.67313],[109.02222,-7.67358],[109.02267,-7.67358],[109.02267,-7.67403],[109.02311,-7.67403],[109.02311,-7.67358],[109.02357,-7.67358],[109.02357,-7.67314],[109.02312,-7.67314],[109.02312,-7.67313],[109.02312,-7.67268],[109.02357,-7.67268],[109.02357,-7.67223],[109.02402,-7.67223],[109.02403,-7.67223],[109.02447,-7.67223],[109.02448,-7.67223],[109.02448,-7.67178],[109.02493,-7.67178],[109.02494,-7.67178],[109.02539,-7.67178],[109.02539,-7.67179],[109.02584,-7.67179],[109.02584,-7.67224],[109.02584,-7.67269],[109.02584,-7.67314],[109.02584,-7.67315],[109.02538,-7.67315],[109.02538,-7.67359],[109.02583,-7.67359],[109.02583,-7.6736],[109.02628,-7.6736],[109.02629,-7.6736],[109.02674,-7.6736],[109.02674,-7.67405],[109.02674,-7.6745],[109.02674,-7.67451],[109.02628,-7.67451],[109.02628,-7.67495],[109.02583,-7.67495],[109.02583,-7.6754],[109.02628,-7.6754],[109.02628,-7.67541],[109.02673,-7.67541],[109.02673,-7.67586],[109.02718,-7.67586],[109.02718,-7.67631],[109.02673,-7.67631],[109.02628,-7.67631],[109.02628,-7.67676],[109.02582,-7.67676],[109.02582,-7.67631],[109.02538,-7.67631],[109.02537,-7.67631],[109.02537,-7.67675],[109.02537,-7.67676],[109.02537,-7.67721],[109.02492,-7.67721],[109.02491,-7.67721],[109.02446,-7.67721],[109.024,-7.67721],[109.024,-7.6772],[109.02355,-7.6772],[109.02355,-7.67675],[109.0231,-7.67675],[109.0231,-7.6763],[109.02265,-7.6763],[109.02265,-7.67674],[109.02265,-7.67675],[109.02219,-7.67675],[109.02219,-7.67674],[109.02174,-7.67674],[109.02174,-7.67629],[109.02219,-7.67629],[109.02219,-7.67584],[109.02175,-7.67584],[109.02174,-7.67584],[109.0213,-7.67584],[109.02129,-7.67584],[109.02129,-7.67628],[109.02129,-7.67629],[109.02129,-7.67674],[109.02084,-7.67674],[109.02039,-7.67674],[109.02038,-7.67674],[109.02038,-7.67628],[109.01994,-7.67628],[109.01994,-7.67673],[109.01994,-7.67718],[109.02039,-7.67718],[109.02039,-7.67719],[109.02084,-7.67719],[109.02129,-7.67719],[109.02129,-7.67764],[109.02084,-7.67764],[109.02039,-7.67764],[109.02038,-7.67764],[109.02038,-7.67809],[109.02038,-7.67854],[109.02083,-7.67854],[109.02128,-7.67854],[109.02128,-7.67809],[109.02174,-7.67809],[109.02174,-7.67855],[109.02219,-7.67855],[109.02219,-7.679],[109.02173,-7.679],[109.02173,-7.67855],[109.02129,-7.67855],[109.02129,-7.679],[109.02128,-7.679],[109.02128,-7.67945],[109.02083,-7.67945],[109.02083,-7.6799],[109.02037,-7.6799],[109.01992,-7.6799],[109.01992,-7.68035],[109.01991,-7.68035],[109.01991,-7.6808],[109.01991,-7.68125],[109.02036,-7.68125],[109.02036,-7.6817],[109.02036,-7.68171],[109.01991,-7.68171],[109.01991,-7.68215],[109.01991,-7.68216],[109.01991,-7.68261],[109.02035,-7.68261],[109.02036,-7.68261],[109.0208,-7.68261],[109.0208,-7.68216],[109.02081,-7.68216],[109.02126,-7.68216],[109.02126,-7.68171],[109.02171,-7.68171],[109.02172,-7.68171],[109.02172,-7.68126],[109.02127,-7.68126],[109.02081,-7.68126],[109.02081,-7.6808],[109.02036,-7.6808],[109.02036,-7.68035],[109.02082,-7.68035],[109.02128,-7.68035],[109.02128,-7.6808],[109.02173,-7.6808],[109.02173,-7.68081],[109.02173,-7.68126],[109.02217,-7.68126],[109.02217,-7.68081],[109.02263,-7.68081],[109.02263,-7.68126],[109.02308,-7.68126],[109.02308,-7.68081],[109.02354,-7.68081],[109.02354,-7.68126],[109.02354,-7.68127],[109.02354,-7.68172],[109.02398,-7.68172],[109.02399,-7.68172],[109.02444,-7.68172],[109.02444,-7.68127],[109.02489,-7.68127],[109.0249,-7.68127],[109.02534,-7.68127],[109.02535,-7.68127],[109.02535,-7.68128],[109.02579,-7.68128],[109.02579,-7.68083],[109.02534,-7.68083],[109.02534,-7.68082],[109.0249,-7.68082],[109.02489,-7.68082],[109.02445,-7.68082],[109.02444,-7.68082],[109.02399,-7.68082],[109.02399,-7.68037],[109.02399,-7.67992],[109.02399,-7.67991],[109.02399,-7.67946],[109.02399,-7.67901],[109.02444,-7.67901],[109.02445,-7.67901],[109.02445,-7.67856],[109.0249,-7.67856],[109.0249,-7.67811],[109.02536,-7.67811],[109.02536,-7.67856],[109.02536,-7.67857],[109.02536,-7.67901],[109.02536,-7.67902],[109.0258,-7.67902],[109.02581,-7.67902],[109.02626,-7.67902],[109.02671,-7.67902],[109.02672,-7.67902],[109.02716,-7.67902],[109.02717,-7.67902],[109.02717,-7.67858],[109.02717,-7.67857],[109.02672,-7.67857],[109.02672,-7.67812],[109.02672,-7.67767],[109.02717,-7.67767],[109.02718,-7.67767],[109.02763,-7.67767],[109.02763,-7.67812],[109.02808,-7.67812],[109.02808,-7.67857],[109.02808,-7.67858],[109.02808,-7.67863],[109.02801,-7.67863],[109.02801,-7.67872],[109.02792,-7.67872],[109.02792,-7.67899],[109.02783,-7.67899],[109.02783,-7.67903],[109.02783,-7.67908],[109.02801,-7.67908],[109.02801,-7.67903],[109.02801,-7.67899],[109.02808,-7.67899],[109.02808,-7.67903],[109.02808,-7.67948],[109.02808,-7.67993],[109.02762,-7.67993],[109.02762,-7.68038],[109.02762,-7.68083],[109.02806,-7.68083],[109.02806,-7.68039],[109.02806,-7.68038],[109.02852,-7.68038],[109.02852,-7.68039],[109.02852,-7.68073],[109.02849,-7.68072],[109.02846,-7.68073],[109.02834,-7.68084],[109.02807,-7.68084],[109.02807,-7.68109],[109.02786,-7.68129],[109.02761,-7.68152],[109.02761,-7.68129],[109.02761,-7.68084],[109.02716,-7.68084],[109.02716,-7.68128],[109.02716,-7.68174],[109.0267,-7.68174],[109.0267,-7.68128],[109.02625,-7.68128],[109.02625,-7.68173],[109.0258,-7.68173],[109.02579,-7.68173],[109.02535,-7.68173],[109.02535,-7.68218],[109.02579,-7.68218],[109.0258,-7.68218],[109.0258,-7.68263],[109.02579,-7.68263],[109.02535,-7.68263],[109.02534,-7.68263],[109.02489,-7.68263],[109.02489,-7.68308],[109.02444,-7.68308],[109.02443,-7.68308],[109.02443,-7.68353],[109.02489,-7.68353],[109.02489,-7.68398],[109.02534,-7.68398],[109.02534,-7.68399],[109.02578,-7.68399],[109.02579,-7.68399],[109.02624,-7.68399],[109.02624,-7.68444],[109.02669,-7.68444],[109.02669,-7.68399],[109.02714,-7.68399],[109.02715,-7.68399],[109.02759,-7.68399],[109.02759,-7.68355],[109.02759,-7.68354],[109.0276,-7.68354],[109.02805,-7.68354],[109.02805,-7.6831],[109.0285,-7.6831],[109.0285,-7.68265],[109.02896,-7.68265],[109.02896,-7.6831],[109.02851,-7.6831],[109.02851,-7.68355],[109.02896,-7.68355],[109.02896,-7.684],[109.02896,-7.68445],[109.02896,-7.68446],[109.02895,-7.68446],[109.02895,-7.6849],[109.02895,-7.68491],[109.02895,-7.68536],[109.0294,-7.68536],[109.0294,-7.68581],[109.02895,-7.68581],[109.02895,-7.68626],[109.02895,-7.68671],[109.0294,-7.68671],[109.0294,-7.68627],[109.0294,-7.68626],[109.02963,-7.68626],[109.02985,-7.68626],[109.02985,-7.68627],[109.0303,-7.68627],[109.0303,-7.68582],[109.03075,-7.68582],[109.03076,-7.68582],[109.03076,-7.68537],[109.03121,-7.68537],[109.03121,-7.68492],[109.03077,-7.68492],[109.03076,-7.68492],[109.03031,-7.68492],[109.03031,-7.68536],[109.03031,-7.68537],[109.02985,-7.68537],[109.02985,-7.68536],[109.02985,-7.68491],[109.02985,-7.68446],[109.03031,-7.68446],[109.03076,-7.68446],[109.03077,-7.68446],[109.03122,-7.68446],[109.03122,-7.68492],[109.03167,-7.68492],[109.03197,-7.68492],[109.03197,-7.68497],[109.03206,-7.68497],[109.03206,-7.68492],[109.03212,-7.68492],[109.03213,-7.68492],[109.03242,-7.68492],[109.03242,-7.68506],[109.03251,-7.68506],[109.03251,-7.68515],[109.03251,-7.68516],[109.03242,-7.68516],[109.03242,-7.68525],[109.03233,-7.68525],[109.03233,-7.68538],[109.03212,-7.68538],[109.03212,-7.68582],[109.03212,-7.68583],[109.03166,-7.68583],[109.03166,-7.68582],[109.03122,-7.68582],[109.03121,-7.68582],[109.03121,-7.68627],[109.03121,-7.68662],[109.03121,-7.6867],[109.0312,-7.68673],[109.03119,-7.68673],[109.03119,-7.68674],[109.03118,-7.68674],[109.03104,-7.68687],[109.03096,-7.68687],[109.03096,-7.68693],[109.03093,-7.68696],[109.03087,-7.68696],[109.03087,-7.68701],[109.03083,-7.68705],[109.03078,-7.68705],[109.03078,-7.68709],[109.03075,-7.68711],[109.03075,-7.68703],[109.03075,-7.68702],[109.03075,-7.68673],[109.03075,-7.68672],[109.0303,-7.68672],[109.0303,-7.68717],[109.0303,-7.68742],[109.0303,-7.68749],[109.03024,-7.68754],[109.03024,-7.6875],[109.03023,-7.6875],[109.03015,-7.6875],[109.03015,-7.68757],[109.03015,-7.68759],[109.03018,-7.68759],[109.03013,-7.68763],[109.03009,-7.68763],[109.03008,-7.68763],[109.02985,-7.68763],[109.02985,-7.68784],[109.02985,-7.68788],[109.02964,-7.68807],[109.0296,-7.68807],[109.02939,-7.68807],[109.02939,-7.68762],[109.02895,-7.68762],[109.02894,-7.68762],[109.02894,-7.68807],[109.02894,-7.68852],[109.02894,-7.68868],[109.02894,-7.68874],[109.02885,-7.68883],[109.02884,-7.68883],[109.02884,-7.68884],[109.02883,-7.68884],[109.0287,-7.68897],[109.02861,-7.68897],[109.02848,-7.68897],[109.02848,-7.6891],[109.02848,-7.68918],[109.02827,-7.68938],[109.02848,-7.68937],[109.02848,-7.68942],[109.02893,-7.68942],[109.02893,-7.68902],[109.02897,-7.68897],[109.02939,-7.68897],[109.02939,-7.68855],[109.02941,-7.68852],[109.02984,-7.68852],[109.02984,-7.68808],[109.02985,-7.68807],[109.03029,-7.68807],[109.0303,-7.68808],[109.0303,-7.6884],[109.03023,-7.6884],[109.03023,-7.68853],[109.03023,-7.68858],[109.02996,-7.68858],[109.02996,-7.68867],[109.02985,-7.68867],[109.02984,-7.68867],[109.02978,-7.68867],[109.02978,-7.68885],[109.0296,-7.68885],[109.0296,-7.68894],[109.02951,-7.68894],[109.02951,-7.68898],[109.0295,-7.68898],[109.02939,-7.68898],[109.02939,-7.68912],[109.02932,-7.68912],[109.02932,-7.6893],[109.02914,-7.6893],[109.02914,-7.68943],[109.02914,-7.68957],[109.02896,-7.68957],[109.02896,-7.68966],[109.02905,-7.68966],[109.02905,-7.68975],[109.02923,-7.68975],[109.02923,-7.68984],[109.02938,-7.68984],[109.02939,-7.68984],[109.02941,-7.68984],[109.02941,-7.68988],[109.02941,-7.68993],[109.02959,-7.68993],[109.02959,-7.69002],[109.02977,-7.69002],[109.02977,-7.69003],[109.02977,-7.69011],[109.02983,-7.69011],[109.02984,-7.69011],[109.02984,-7.69011],[109.03004,-7.69012],[109.03004,-7.69021],[109.03013,-7.69021],[109.03013,-7.69012],[109.03022,-7.69012],[109.03022,-7.68994],[109.03013,-7.68994],[109.03013,-7.68988],[109.03014,-7.68966],[109.03023,-7.68966],[109.03023,-7.68957],[109.03029,-7.68957],[109.03032,-7.68957],[109.03032,-7.68943],[109.03074,-7.68943],[109.03074,-7.6894],[109.03074,-7.68939],[109.03077,-7.6894],[109.03077,-7.68943],[109.03077,-7.68944],[109.03077,-7.68949],[109.03086,-7.68949],[109.03086,-7.68944],[109.03086,-7.68943],[109.03086,-7.68931],[109.03095,-7.68931],[109.03095,-7.68922],[109.03104,-7.68922],[109.03104,-7.68913],[109.03113,-7.68913],[109.03113,-7.68905],[109.03114,-7.68903],[109.0312,-7.68904],[109.03132,-7.68904],[109.03132,-7.68913],[109.03137,-7.68913],[109.03139,-7.68913],[109.03141,-7.68913],[109.03141,-7.68904],[109.0315,-7.68904],[109.0315,-7.68899],[109.0315,-7.68898],[109.0315,-7.68895],[109.03165,-7.68895],[109.03166,-7.68895],[109.03166,-7.68898],[109.03166,-7.68899],[109.03166,-7.68913],[109.03165,-7.68913],[109.03159,-7.68913],[109.03159,-7.68922],[109.03165,-7.68922],[109.03166,-7.68922],[109.03166,-7.68944],[109.03165,-7.68944],[109.03154,-7.68944],[109.0315,-7.68939],[109.0315,-7.68931],[109.03143,-7.68931],[109.03142,-7.68931],[109.03141,-7.68931],[109.03141,-7.68933],[109.03139,-7.68934],[109.03141,-7.68936],[109.03141,-7.6894],[109.03132,-7.6894],[109.03132,-7.68944],[109.0312,-7.68944],[109.0312,-7.68958],[109.03113,-7.68958],[109.03113,-7.68967],[109.0312,-7.68967],[109.0312,-7.68989],[109.0312,-7.69034],[109.03164,-7.69034],[109.03165,-7.69034],[109.0321,-7.69034],[109.0321,-7.69],[109.0321,-7.68991],[109.0321,-7.68989],[109.0321,-7.68944],[109.0321,-7.68899],[109.0321,-7.68886],[109.03213,-7.68886],[109.03213,-7.68877],[109.03231,-7.68877],[109.03231,-7.68868],[109.03232,-7.68868],[109.03241,-7.68868],[109.03241,-7.68859],[109.0325,-7.68859],[109.0325,-7.68854],[109.0325,-7.6885],[109.03255,-7.6885],[109.03256,-7.6885],[109.03259,-7.6885],[109.03259,-7.68832],[109.03268,-7.68832],[109.03268,-7.68814],[109.03295,-7.68814],[109.03295,-7.68809],[109.03295,-7.68805],[109.03286,-7.68805],[109.03286,-7.68796],[109.03295,-7.68796],[109.03295,-7.68787],[109.03301,-7.68787],[109.03302,-7.68787],[109.03304,-7.68787],[109.03304,-7.68796],[109.03313,-7.68796],[109.03313,-7.68787],[109.03314,-7.68787],[109.03322,-7.68787],[109.03323,-7.68778],[109.03341,-7.68778],[109.03341,-7.68769],[109.03347,-7.68769],[109.03347,-7.68809],[109.03391,-7.68809],[109.03392,-7.68809],[109.03392,-7.68781],[109.03392,-7.68769],[109.03395,-7.68769],[109.03395,-7.68764],[109.03437,-7.68764],[109.03437,-7.68719],[109.03413,-7.68719],[109.03413,-7.68715],[109.03414,-7.68715],[109.03432,-7.68715],[109.03432,-7.68706],[109.03438,-7.68706],[109.03438,-7.68719],[109.03483,-7.68719],[109.03483,-7.68674],[109.03528,-7.68674],[109.03529,-7.68674],[109.03529,-7.68652],[109.03532,-7.68652],[109.03532,-7.68643],[109.03529,-7.68643],[109.03529,-7.68634],[109.03532,-7.68634],[109.03532,-7.68629],[109.03532,-7.68625],[109.03541,-7.68625],[109.03541,-7.68616],[109.0355,-7.68616],[109.0355,-7.68607],[109.03568,-7.68607],[109.03568,-7.68616],[109.03574,-7.68616],[109.03574,-7.68629],[109.03619,-7.68629],[109.03619,-7.68584],[109.03664,-7.68584],[109.03664,-7.68539],[109.0365,-7.68539],[109.0365,-7.68535],[109.03659,-7.68535],[109.03659,-7.68527],[109.03659,-7.68526],[109.03665,-7.68526],[109.03668,-7.68526],[109.03668,-7.68518],[109.03668,-7.68517],[109.03686,-7.68517],[109.03686,-7.68508],[109.03695,-7.68508],[109.03695,-7.68499],[109.0371,-7.68499],[109.03711,-7.68499],[109.03711,-7.68499],[109.03713,-7.685],[109.03713,-7.68495],[109.03713,-7.68494],[109.03713,-7.68494],[109.03714,-7.6849],[109.03723,-7.68491],[109.03723,-7.68481],[109.03741,-7.68482],[109.03741,-7.68473],[109.0375,-7.68473],[109.0375,-7.68464],[109.03756,-7.68464],[109.03759,-7.68464],[109.03759,-7.6845],[109.03759,-7.68449],[109.03759,-7.68446],[109.03757,-7.68446],[109.03756,-7.68446],[109.03756,-7.68446],[109.03732,-7.68445],[109.03732,-7.68436],[109.03741,-7.68436],[109.03741,-7.68427],[109.03732,-7.68427],[109.03732,-7.68418],[109.03741,-7.68418],[109.03741,-7.68409],[109.03732,-7.68409],[109.03732,-7.68404],[109.03732,-7.68373],[109.03741,-7.68373],[109.03741,-7.68364],[109.0375,-7.68364],[109.0375,-7.68373],[109.03756,-7.68373],[109.03757,-7.68373],[109.03759,-7.68373],[109.03759,-7.68382],[109.03777,-7.68382],[109.03777,-7.68373],[109.03768,-7.68373],[109.03768,-7.68364],[109.03759,-7.68364],[109.03759,-7.68359],[109.03759,-7.68355],[109.03756,-7.68355],[109.03756,-7.68346],[109.03759,-7.68346],[109.0376,-7.68337],[109.03778,-7.68337],[109.03778,-7.68319],[109.03796,-7.68319],[109.03796,-7.68314],[109.03796,-7.6831],[109.03802,-7.6831],[109.03803,-7.6831],[109.03805,-7.6831],[109.03805,-7.68314],[109.03803,-7.68314],[109.03802,-7.68314],[109.03802,-7.68359],[109.03847,-7.68359],[109.03847,-7.68346],[109.0385,-7.68346],[109.0385,-7.68338],[109.03847,-7.68338],[109.03847,-7.68337],[109.03847,-7.68319],[109.0385,-7.68319],[109.0385,-7.68315],[109.0385,-7.68314],[109.0385,-7.6831],[109.03848,-7.6831],[109.03847,-7.6831],[109.03841,-7.6831],[109.03841,-7.68301],[109.03847,-7.68301],[109.03848,-7.68301],[109.03859,-7.68301],[109.03859,-7.6831],[109.03868,-7.6831],[109.03868,-7.68301],[109.03869,-7.68301],[109.03878,-7.68301],[109.03878,-7.68292],[109.03893,-7.68292],[109.03893,-7.68314],[109.03893,-7.68315],[109.03893,-7.68329],[109.03887,-7.68329],[109.03887,-7.68338],[109.03893,-7.68338],[109.03893,-7.68359],[109.03893,-7.6836],[109.03937,-7.6836],[109.03937,-7.68319],[109.03937,-7.68315],[109.03937,-7.68307],[109.03937,-7.68275],[109.03938,-7.68275],[109.03941,-7.68275],[109.03941,-7.68284],[109.0395,-7.68284],[109.0395,-7.68293],[109.03959,-7.68293],[109.03959,-7.68275],[109.0395,-7.68275],[109.0395,-7.6827],[109.0395,-7.68266],[109.03941,-7.68266],[109.03941,-7.68257],[109.03938,-7.68257],[109.03937,-7.68257],[109.03937,-7.68228],[109.03937,-7.68224],[109.03938,-7.68224],[109.03938,-7.6822],[109.03943,-7.6822],[109.0395,-7.6822],[109.03984,-7.6822],[109.03984,-7.68221],[109.03984,-7.68225],[109.04014,-7.68225],[109.04014,-7.6823],[109.04028,-7.6823],[109.04029,-7.6823],[109.04041,-7.6823],[109.04041,-7.68225],[109.04041,-7.68221],[109.0405,-7.68221],[109.0405,-7.68225],[109.0405,-7.6823],[109.04059,-7.6823],[109.04059,-7.68239],[109.04068,-7.68239],[109.04068,-7.6823],[109.04073,-7.6823],[109.04074,-7.6823],[109.04077,-7.6823],[109.04077,-7.68225],[109.04077,-7.68212],[109.04104,-7.68212],[109.04105,-7.68203],[109.04119,-7.68203],[109.0412,-7.68203],[109.04123,-7.68203],[109.04123,-7.68185],[109.04141,-7.68185],[109.04141,-7.6818],[109.04141,-7.68135],[109.04141,-7.68131],[109.04165,-7.68131],[109.04166,-7.68131],[109.04168,-7.68131],[109.04168,-7.68122],[109.04166,-7.68122],[109.04165,-7.68122],[109.04159,-7.68122],[109.04159,-7.68104],[109.0415,-7.68104],[109.0415,-7.68095],[109.04141,-7.68095],[109.04141,-7.6809],[109.04141,-7.68077],[109.04132,-7.68077],[109.04132,-7.68068],[109.04121,-7.68068],[109.0412,-7.68068],[109.04114,-7.68068],[109.04114,-7.68077],[109.04105,-7.68077],[109.04105,-7.68067],[109.04075,-7.68067],[109.04075,-7.68044],[109.0412,-7.68044],[109.0412,-7.67999],[109.04166,-7.67999],[109.04211,-7.67999],[109.04211,-7.68],[109.04212,-7.68],[109.04212,-7.68045],[109.04256,-7.68045],[109.04256,-7.68],[109.04256,-7.67955],[109.04256,-7.6791],[109.04256,-7.67909],[109.04256,-7.67867],[109.04256,-7.67864],[109.04261,-7.67864],[109.04302,-7.67864],[109.04302,-7.67865],[109.04348,-7.67865],[109.04348,-7.6791],[109.04392,-7.6791],[109.04392,-7.67865],[109.04438,-7.67865],[109.04438,-7.6782],[109.04438,-7.67775],[109.04394,-7.67775],[109.04394,-7.6782],[109.04348,-7.6782],[109.04323,-7.6782],[109.04302,-7.6782],[109.04302,-7.67819],[109.04257,-7.67819],[109.04257,-7.67774],[109.04302,-7.67774],[109.04302,-7.67729],[109.04348,-7.67729],[109.04391,-7.67729],[109.04393,-7.67729],[109.04393,-7.67725],[109.04393,-7.67684],[109.04412,-7.67684],[109.04439,-7.67684],[109.04484,-7.67684],[109.04484,-7.6764],[109.04439,-7.6764],[109.04439,-7.67639],[109.04431,-7.67639],[109.04394,-7.67639],[109.04394,-7.67594],[109.04439,-7.67594],[109.04439,-7.67549],[109.04394,-7.67549],[109.04394,-7.67546],[109.04394,-7.67544],[109.04394,-7.67525],[109.04394,-7.67515],[109.04394,-7.67504],[109.04356,-7.67504],[109.0435,-7.67504],[109.0435,-7.67511],[109.0435,-7.67548],[109.0435,-7.67549],[109.04304,-7.67549],[109.04304,-7.67548],[109.04304,-7.67503],[109.04323,-7.67503],[109.04349,-7.67503],[109.04349,-7.67501],[109.04349,-7.67458],[109.04395,-7.67458],[109.04395,-7.67503],[109.04439,-7.67503],[109.04439,-7.67459],[109.04439,-7.67458],[109.0444,-7.67458],[109.04485,-7.67458],[109.04485,-7.67459],[109.04485,-7.67502],[109.04485,-7.67504],[109.0453,-7.67504],[109.0453,-7.67459],[109.0453,-7.67414],[109.04575,-7.67414],[109.04576,-7.67414],[109.04621,-7.67414],[109.04621,-7.67459],[109.04666,-7.67459],[109.04666,-7.67415],[109.04666,-7.67414],[109.04666,-7.67369],[109.04667,-7.67369],[109.04667,-7.67324],[109.04712,-7.67324],[109.04712,-7.67279],[109.04758,-7.67279],[109.04758,-7.67234],[109.04714,-7.67234],[109.04713,-7.67234],[109.04668,-7.67234],[109.04668,-7.67279],[109.04623,-7.67279],[109.04622,-7.67279],[109.04622,-7.67324],[109.04576,-7.67324],[109.04576,-7.67278],[109.04577,-7.67278],[109.04577,-7.67242],[109.04577,-7.67233],[109.04532,-7.67233],[109.04531,-7.67233],[109.04487,-7.67233],[109.04486,-7.67233],[109.04486,-7.67278],[109.04441,-7.67278],[109.04441,-7.67323],[109.04486,-7.67323],[109.04486,-7.67368],[109.0444,-7.67368],[109.0444,-7.67323],[109.04395,-7.67323],[109.04395,-7.67308],[109.04395,-7.67296],[109.04395,-7.67278],[109.0435,-7.67278],[109.0435,-7.67316],[109.0435,-7.67322],[109.0435,-7.67323],[109.0435,-7.67326],[109.0435,-7.67367],[109.0435,-7.67368],[109.0435,-7.67413],[109.04304,-7.67413],[109.04304,-7.67368],[109.04304,-7.67367],[109.04304,-7.67343],[109.04304,-7.67334],[109.04304,-7.67323],[109.04304,-7.67322],[109.04304,-7.67277],[109.0426,-7.67277],[109.04259,-7.67277],[109.04245,-7.67277],[109.04222,-7.67277],[109.04215,-7.67277],[109.04214,-7.67277],[109.0417,-7.67277],[109.04169,-7.67277],[109.04124,-7.67277],[109.04124,-7.6732],[109.04124,-7.67321],[109.04124,-7.67322],[109.04119,-7.67322],[109.04078,-7.67322],[109.04078,-7.67321],[109.04078,-7.67303],[109.04078,-7.67276],[109.04076,-7.67276],[109.04034,-7.67276],[109.04034,-7.67321],[109.03988,-7.67321],[109.03943,-7.67321],[109.03942,-7.67321],[109.03897,-7.67321],[109.03897,-7.67276],[109.03897,-7.67275],[109.03897,-7.6723],[109.03859,-7.6723],[109.03858,-7.6723],[109.03857,-7.6723],[109.03852,-7.6723],[109.03852,-7.67222],[109.03852,-7.67185],[109.03812,-7.67185],[109.03808,-7.67185],[109.03807,-7.67185],[109.03802,-7.67185],[109.03762,-7.67185],[109.03762,-7.67184],[109.03762,-7.67139],[109.03762,-7.67122],[109.03762,-7.67108],[109.03762,-7.67094],[109.03762,-7.67049],[109.03717,-7.67049],[109.03717,-7.67004],[109.03717,-7.67003],[109.03672,-7.67003],[109.03672,-7.67005],[109.03672,-7.67018],[109.03672,-7.67048],[109.03672,-7.67093],[109.03672,-7.67094],[109.03717,-7.67094],[109.03717,-7.67139],[109.03672,-7.67139],[109.03671,-7.67139],[109.03671,-7.67184],[109.03717,-7.67184],[109.03717,-7.67229],[109.03762,-7.67229],[109.03762,-7.67275],[109.03761,-7.67275],[109.03761,-7.6732],[109.03806,-7.6732],[109.03806,-7.67365],[109.03851,-7.67365],[109.03851,-7.67411],[109.03806,-7.67411],[109.03806,-7.67456],[109.03761,-7.67456],[109.03761,-7.67501],[109.03715,-7.67501],[109.03715,-7.67455],[109.0376,-7.67455],[109.0376,-7.67411],[109.0376,-7.6741],[109.0376,-7.67365],[109.0376,-7.6732],[109.03716,-7.6732],[109.03716,-7.67365],[109.03671,-7.67365],[109.0367,-7.67365],[109.03626,-7.67365],[109.03625,-7.67365],[109.0358,-7.67365],[109.0358,-7.67364],[109.03535,-7.67364],[109.0349,-7.67364],[109.03489,-7.67364],[109.03444,-7.67364],[109.03444,-7.67409],[109.03399,-7.67409],[109.03399,-7.67454],[109.03443,-7.67454],[109.03444,-7.67454],[109.03489,-7.67454],[109.03489,-7.67499],[109.03489,-7.67544],[109.03489,-7.67545],[109.03533,-7.67545],[109.03533,-7.675],[109.03579,-7.675],[109.03579,-7.67455],[109.03534,-7.67455],[109.03534,-7.67409],[109.0358,-7.67409],[109.0358,-7.67455],[109.03624,-7.67455],[109.03625,-7.67455],[109.0367,-7.67455],[109.0367,-7.675],[109.0367,-7.67545],[109.0367,-7.6759],[109.0367,-7.67591],[109.03715,-7.67591],[109.03715,-7.67636],[109.03715,-7.67681],[109.03715,-7.67726],[109.0369,-7.67726],[109.0369,-7.67722],[109.03681,-7.67722],[109.03681,-7.67726],[109.03669,-7.67726],[109.03669,-7.67749],[109.03663,-7.67749],[109.03663,-7.67767],[109.03662,-7.67767],[109.03653,-7.67767],[109.03653,-7.67758],[109.03644,-7.67758],[109.03644,-7.67767],[109.03635,-7.67767],[109.03635,-7.67749],[109.03624,-7.67749],[109.03623,-7.67749],[109.03617,-7.67749],[109.03617,-7.67731],[109.03608,-7.67731],[109.03608,-7.67758],[109.03599,-7.67758],[109.03599,-7.67749],[109.03581,-7.67749],[109.03581,-7.67726],[109.03581,-7.67722],[109.03578,-7.67722],[109.03572,-7.67721],[109.03572,-7.67703],[109.03578,-7.67703],[109.03581,-7.67703],[109.03581,-7.67685],[109.03578,-7.67685],[109.03572,-7.67685],[109.03572,-7.67681],[109.03572,-7.6768],[109.03572,-7.67667],[109.03563,-7.67667],[109.03563,-7.67658],[109.03572,-7.67658],[109.03572,-7.6764],[109.03554,-7.6764],[109.03554,-7.67667],[109.03545,-7.67667],[109.03545,-7.67676],[109.03563,-7.67676],[109.03563,-7.6768],[109.03563,-7.67681],[109.03563,-7.67694],[109.03554,-7.67694],[109.03554,-7.67712],[109.03545,-7.67712],[109.03545,-7.67725],[109.03545,-7.67726],[109.03545,-7.6773],[109.03536,-7.6773],[109.03536,-7.67726],[109.03536,-7.67725],[109.03536,-7.67721],[109.03533,-7.67721],[109.03532,-7.67721],[109.03527,-7.67721],[109.03527,-7.67725],[109.03527,-7.67726],[109.03527,-7.67739],[109.03532,-7.67739],[109.03533,-7.67739],[109.03536,-7.67739],[109.03536,-7.67766],[109.03545,-7.67766],[109.03545,-7.67767],[109.03545,-7.67771],[109.03545,-7.67785],[109.03532,-7.67785],[109.0353,-7.67785],[109.03527,-7.67785],[109.03526,-7.67785],[109.03517,-7.67785],[109.03508,-7.67784],[109.03508,-7.67775],[109.03508,-7.67771],[109.03508,-7.6777],[109.03508,-7.67748],[109.0349,-7.67748],[109.0349,-7.67757],[109.03487,-7.67757],[109.03481,-7.67757],[109.03481,-7.6777],[109.03481,-7.67771],[109.03481,-7.67775],[109.03487,-7.67775],[109.0349,-7.67775],[109.0349,-7.67793],[109.03487,-7.67793],[109.03481,-7.67793],[109.03481,-7.67815],[109.03481,-7.67816],[109.03481,-7.67821],[109.03472,-7.6782],[109.03472,-7.67816],[109.03472,-7.67815],[109.03472,-7.67802],[109.03463,-7.67802],[109.03463,-7.67793],[109.03454,-7.67793],[109.03454,-7.67784],[109.03445,-7.67784],[109.03445,-7.67771],[109.03445,-7.6777],[109.03445,-7.67757],[109.03454,-7.67757],[109.03454,-7.67748],[109.03463,-7.67748],[109.03463,-7.67725],[109.03463,-7.67712],[109.03454,-7.67712],[109.03454,-7.67703],[109.03445,-7.67703],[109.03445,-7.67721],[109.03454,-7.67721],[109.03454,-7.67725],[109.03454,-7.67739],[109.03445,-7.67739],[109.03445,-7.67748],[109.03442,-7.67748],[109.03427,-7.67748],[109.03427,-7.67757],[109.03409,-7.67757],[109.03409,-7.6777],[109.03409,-7.67775],[109.03397,-7.67775],[109.03372,-7.67775],[109.03372,-7.6777],[109.03372,-7.67766],[109.03364,-7.67766],[109.03364,-7.6777],[109.03363,-7.67775],[109.03354,-7.67775],[109.03354,-7.67793],[109.03363,-7.67793],[109.03363,-7.67802],[109.03354,-7.67802],[109.03354,-7.67811],[109.03352,-7.67811],[109.03351,-7.67811],[109.03336,-7.67811],[109.03336,-7.67815],[109.03336,-7.6782],[109.03327,-7.6782],[109.03327,-7.67829],[109.03309,-7.67829],[109.03309,-7.67815],[109.03309,-7.67811],[109.03307,-7.67811],[109.03306,-7.67811],[109.033,-7.67811],[109.033,-7.67802],[109.03306,-7.67802],[109.03307,-7.67802],[109.03318,-7.67802],[109.03318,-7.67784],[109.03327,-7.67784],[109.03327,-7.67775],[109.03318,-7.67775],[109.03318,-7.67774],[109.03318,-7.6777],[109.03351,-7.6777],[109.03352,-7.6777],[109.03352,-7.67766],[109.03363,-7.67766],[109.03363,-7.67757],[109.03352,-7.67757],[109.03352,-7.67725],[109.03397,-7.67725],[109.03397,-7.6768],[109.03397,-7.67648],[109.034,-7.67648],[109.034,-7.67635],[109.034,-7.67634],[109.03442,-7.67634],[109.03442,-7.6759],[109.03401,-7.6759],[109.034,-7.6759],[109.034,-7.67589],[109.03401,-7.67576],[109.03398,-7.67576],[109.03397,-7.67576],[109.03392,-7.67576],[109.03392,-7.67585],[109.03391,-7.67585],[109.03382,-7.67585],[109.03382,-7.67567],[109.03383,-7.67567],[109.03397,-7.67567],[109.03398,-7.67567],[109.03401,-7.67567],[109.03401,-7.67544],[109.03401,-7.67531],[109.03398,-7.67531],[109.03397,-7.67531],[109.03392,-7.67531],[109.03392,-7.67544],[109.03392,-7.67549],[109.03364,-7.67549],[109.03364,-7.67544],[109.03364,-7.67531],[109.03352,-7.67531],[109.03352,-7.67499],[109.03352,-7.67454],[109.03308,-7.67454],[109.03308,-7.67499],[109.03307,-7.67499],[109.03307,-7.67544],[109.03262,-7.67544],[109.03262,-7.67588],[109.03262,-7.67589],[109.03301,-7.67589],[109.03301,-7.67594],[109.03307,-7.67594],[109.0331,-7.67594],[109.0331,-7.67603],[109.03307,-7.67603],[109.03292,-7.67603],[109.03292,-7.67594],[109.03283,-7.67594],[109.03283,-7.67621],[109.03292,-7.67621],[109.03292,-7.6763],[109.03283,-7.6763],[109.03283,-7.67634],[109.03283,-7.67639],[109.03282,-7.67639],[109.03273,-7.67639],[109.03273,-7.67648],[109.03262,-7.67648],[109.03261,-7.67648],[109.03261,-7.67634],[109.03216,-7.67634],[109.03216,-7.67589],[109.03216,-7.67588],[109.03216,-7.67543],[109.03172,-7.67543],[109.03172,-7.67588],[109.03172,-7.67633],[109.03172,-7.67634],[109.03165,-7.67634],[109.03165,-7.67633],[109.03165,-7.67629],[109.03156,-7.67629],[109.03156,-7.67633],[109.03156,-7.67634],[109.03126,-7.67634],[109.03126,-7.67633],[109.03092,-7.67633],[109.03092,-7.67629],[109.03083,-7.67629],[109.03083,-7.6762],[109.0308,-7.6762],[109.0308,-7.67588],[109.03036,-7.67588],[109.03035,-7.67588],[109.0299,-7.67588],[109.02957,-7.67588],[109.02948,-7.67588],[109.02944,-7.67588],[109.02944,-7.67587],[109.02944,-7.67579],[109.02944,-7.67559],[109.02944,-7.67542],[109.02945,-7.67542],[109.02945,-7.67497],[109.0299,-7.67497],[109.02991,-7.67497],[109.03036,-7.67497],[109.03036,-7.67452],[109.02991,-7.67452],[109.02991,-7.67407],[109.03036,-7.67407],[109.03037,-7.67407],[109.03081,-7.67407],[109.03081,-7.67362],[109.03082,-7.67362],[109.03126,-7.67362],[109.03126,-7.67317],[109.03127,-7.67317],[109.03172,-7.67317],[109.03172,-7.67272],[109.03127,-7.67272],[109.03127,-7.67227],[109.03172,-7.67227],[109.03173,-7.67227],[109.03173,-7.67182],[109.03127,-7.67182],[109.03127,-7.67136],[109.03083,-7.67136],[109.03082,-7.67136],[109.03037,-7.67136],[109.03037,-7.67091],[109.03082,-7.67091],[109.03083,-7.67091],[109.03128,-7.67091],[109.03173,-7.67091],[109.03173,-7.67046],[109.03174,-7.67046],[109.03174,-7.67001],[109.03174,-7.66956],[109.0322,-7.66956],[109.0322,-7.67001],[109.03265,-7.67001],[109.03265,-7.67046],[109.03273,-7.67046],[109.03273,-7.67047],[109.03273,-7.67092],[109.03273,-7.67119],[109.03309,-7.67119],[109.03309,-7.67101],[109.0331,-7.67101],[109.03327,-7.67101],[109.03346,-7.67101],[109.03354,-7.67101],[109.03355,-7.67101],[109.03364,-7.67101],[109.03382,-7.67101],[109.034,-7.67101],[109.03418,-7.67101],[109.03418,-7.67092],[109.03445,-7.67092],[109.03445,-7.67048],[109.03445,-7.67047],[109.03455,-7.67047],[109.03455,-7.67048],[109.03455,-7.67065],[109.03472,-7.67065],[109.03472,-7.67084],[109.0349,-7.67084],[109.03491,-7.67084],[109.03527,-7.67084],[109.03527,-7.67066],[109.03535,-7.67066],[109.03536,-7.67066],[109.03563,-7.67066],[109.03563,-7.67048],[109.03563,-7.67012],[109.03536,-7.67012],[109.03535,-7.67012],[109.03527,-7.67012],[109.03527,-7.6703],[109.03509,-7.6703],[109.03509,-7.67047],[109.03509,-7.67048],[109.03508,-7.67048],[109.03491,-7.67048],[109.03491,-7.67047],[109.03508,-7.67047],[109.03508,-7.67011],[109.03509,-7.67011],[109.03509,-7.67003],[109.03509,-7.67002],[109.03509,-7.66975],[109.03536,-7.66975],[109.03545,-7.66975],[109.03545,-7.66958],[109.03545,-7.66957],[109.03545,-7.66939],[109.03546,-7.66939],[109.03581,-7.66939],[109.03582,-7.66939],[109.03582,-7.66913],[109.03582,-7.66912],[109.03582,-7.66903],[109.03564,-7.66903],[109.03563,-7.66903],[109.03546,-7.66903],[109.03546,-7.66885],[109.03537,-7.66885],[109.03536,-7.66885],[109.03528,-7.66885],[109.03509,-7.66885],[109.03509,-7.66867],[109.03492,-7.66867],[109.03491,-7.66867],[109.03473,-7.66867],[109.03455,-7.66867],[109.03455,-7.66849],[109.03447,-7.66849],[109.03446,-7.66849],[109.03419,-7.66849],[109.03419,-7.66866],[109.03419,-7.66867],[109.03419,-7.66902],[109.03437,-7.66903],[109.03419,-7.66903],[109.03419,-7.66912],[109.03419,-7.66939],[109.03436,-7.66939],[109.03437,-7.66939],[109.03437,-7.66957],[109.03437,-7.66975],[109.03445,-7.66975],[109.03446,-7.66975],[109.03473,-7.66975],[109.03473,-7.66993],[109.03446,-7.66993],[109.03445,-7.66993],[109.03437,-7.66993],[109.03437,-7.67002],[109.03437,-7.67047],[109.034,-7.67047],[109.034,-7.67002],[109.034,-7.66975],[109.03383,-7.66975],[109.03383,-7.66957],[109.03364,-7.66957],[109.03355,-7.66957],[109.03355,-7.66912],[109.03355,-7.66911],[109.0331,-7.66911],[109.0331,-7.66866],[109.0331,-7.66821],[109.03346,-7.66821],[109.03347,-7.66821],[109.03347,-7.66848],[109.03355,-7.66848],[109.03356,-7.66848],[109.03383,-7.66848],[109.03383,-7.6683],[109.03401,-7.6683],[109.03401,-7.66848],[109.03419,-7.66848],[109.03437,-7.66848],[109.03446,-7.66848],[109.03447,-7.66848],[109.03473,-7.66848],[109.03473,-7.66822],[109.03473,-7.66821],[109.03473,-7.66795],[109.03456,-7.66795],[109.03456,-7.66794],[109.03456,-7.66778],[109.03456,-7.66776],[109.03474,-7.66776],[109.03492,-7.66776],[109.03492,-7.66731],[109.03447,-7.66731],[109.03419,-7.66731],[109.03409,-7.66731],[109.03401,-7.66731],[109.03401,-7.66686],[109.03416,-7.66686],[109.03425,-7.66686],[109.03447,-7.66686],[109.03492,-7.66686],[109.03493,-7.66686],[109.03493,-7.66731],[109.03537,-7.66731],[109.03537,-7.66686],[109.03538,-7.66686],[109.03547,-7.66686],[109.03547,-7.6665],[109.03565,-7.6665],[109.03583,-7.6665],[109.03584,-7.6665],[109.0362,-7.6665],[109.03628,-7.6665],[109.03629,-7.6665],[109.03656,-7.6665],[109.03656,-7.66642],[109.03656,-7.66641],[109.03656,-7.66633],[109.03656,-7.66632],[109.03674,-7.66632],[109.03674,-7.66633],[109.03674,-7.66641],[109.03674,-7.66642],[109.03674,-7.66669],[109.03673,-7.66669],[109.03638,-7.66669],[109.03637,-7.66669],[109.03637,-7.66651],[109.03629,-7.66651],[109.03628,-7.66651],[109.03601,-7.66651],[109.03601,-7.66669],[109.03584,-7.66669],[109.03583,-7.66669],[109.03583,-7.66686],[109.03583,-7.66687],[109.03583,-7.66704],[109.03601,-7.66704],[109.03601,-7.66705],[109.03583,-7.66705],[109.03583,-7.66723],[109.03546,-7.66723],[109.03546,-7.66731],[109.03546,-7.66732],[109.03546,-7.66777],[109.03565,-7.66777],[109.03582,-7.66777],[109.03582,-7.66813],[109.03583,-7.66813],[109.036,-7.66813],[109.03601,-7.66813],[109.03628,-7.66813],[109.03637,-7.66813],[109.03655,-7.66813],[109.03655,-7.66822],[109.03655,-7.66823],[109.03628,-7.66823],[109.03628,-7.66867],[109.03673,-7.66867],[109.03673,-7.66849],[109.03691,-7.66849],[109.03691,-7.6685],[109.03718,-7.6685],[109.03719,-7.6685],[109.03727,-7.6685],[109.03727,-7.66823],[109.03727,-7.66814],[109.03728,-7.66814],[109.03763,-7.66814],[109.03763,-7.66778],[109.03763,-7.66777],[109.03763,-7.6676],[109.03746,-7.6676],[109.03746,-7.66741],[109.03764,-7.66741],[109.03764,-7.66733],[109.03764,-7.66732],[109.03764,-7.66723],[109.03782,-7.66723],[109.03782,-7.66688],[109.03782,-7.66687],[109.03782,-7.66651],[109.03783,-7.66651],[109.03809,-7.66651],[109.03819,-7.66651],[109.03854,-7.66651],[109.03855,-7.66651],[109.03855,-7.66643],[109.03855,-7.66642],[109.039,-7.66642],[109.039,-7.66598],[109.03946,-7.66598],[109.03946,-7.66643],[109.039,-7.66643],[109.039,-7.66688],[109.039,-7.66733],[109.039,-7.66778],[109.03899,-7.66778],[109.03899,-7.66823],[109.03945,-7.66823],[109.03945,-7.66824],[109.03989,-7.66824],[109.0399,-7.66824],[109.04035,-7.66824],[109.04035,-7.66779],[109.04081,-7.66779],[109.04081,-7.66824],[109.04125,-7.66824],[109.04126,-7.66824],[109.04171,-7.66824],[109.04171,-7.66825],[109.04171,-7.6687],[109.04126,-7.6687],[109.04126,-7.66915],[109.0408,-7.66915],[109.0408,-7.6687],[109.04035,-7.6687],[109.04035,-7.66914],[109.04035,-7.66915],[109.04035,-7.6696],[109.0408,-7.6696],[109.0408,-7.67005],[109.0408,-7.6705],[109.04079,-7.6705],[109.04034,-7.6705],[109.04034,-7.67095],[109.03989,-7.67095],[109.03989,-7.6714],[109.03989,-7.67166],[109.03989,-7.67175],[109.03989,-7.67185],[109.04034,-7.67185],[109.04034,-7.67186],[109.04079,-7.67186],[109.04079,-7.67231],[109.04088,-7.67231],[109.04098,-7.67231],[109.04124,-7.67231],[109.04124,-7.67186],[109.04169,-7.67186],[109.0417,-7.67186],[109.04214,-7.67186],[109.04215,-7.67186],[109.0426,-7.67186],[109.0426,-7.67142],[109.0426,-7.67141],[109.0426,-7.67097],[109.0426,-7.67096],[109.0426,-7.67051],[109.0426,-7.67006],[109.04306,-7.67006],[109.04317,-7.67006],[109.0434,-7.67039],[109.04341,-7.6704],[109.04343,-7.67041],[109.04345,-7.67041],[109.04347,-7.67041],[109.04349,-7.67041],[109.04352,-7.67042],[109.04352,-7.67043],[109.04352,-7.67051],[109.04352,-7.67052],[109.04306,-7.67052],[109.04306,-7.67096],[109.04351,-7.67096],[109.04351,-7.67097],[109.04396,-7.67097],[109.04396,-7.6707],[109.04419,-7.67063],[109.04442,-7.67053],[109.04442,-7.67052],[109.04443,-7.67052],[109.04446,-7.67051],[109.04451,-7.67047],[109.04458,-7.67038],[109.04483,-7.67017],[109.04488,-7.67014],[109.04488,-7.67014],[109.04499,-7.67007],[109.045,-7.67007],[109.04533,-7.66995],[109.04555,-7.66986],[109.04563,-7.66983],[109.04578,-7.66976],[109.04588,-7.66971],[109.0459,-7.6697],[109.046,-7.6697],[109.04599,-7.66968],[109.04597,-7.66962],[109.04579,-7.66917],[109.04623,-7.66917],[109.04623,-7.66872],[109.04623,-7.66857],[109.04625,-7.66856],[109.0465,-7.66843],[109.04669,-7.66833],[109.04669,-7.66872],[109.04714,-7.66872],[109.04714,-7.66827],[109.04714,-7.66809],[109.04728,-7.66801],[109.04744,-7.66793],[109.0476,-7.66785],[109.0476,-7.66826],[109.0476,-7.66827],[109.04761,-7.66827],[109.04805,-7.66827],[109.04805,-7.66782],[109.04851,-7.66782],[109.04851,-7.66828],[109.04896,-7.66828],[109.04896,-7.66783],[109.04896,-7.66738],[109.04941,-7.66738],[109.04941,-7.66694],[109.04942,-7.66694],[109.04944,-7.66693],[109.04963,-7.66693],[109.04972,-7.66693],[109.04986,-7.66693],[109.04986,-7.66673],[109.04987,-7.66673],[109.05032,-7.66655],[109.05032,-7.66693],[109.04987,-7.66693],[109.04987,-7.66738],[109.05032,-7.66738],[109.05032,-7.66783],[109.05032,-7.66784],[109.05032,-7.66829],[109.05018,-7.66829],[109.05009,-7.66829],[109.04987,-7.66829],[109.04987,-7.66874],[109.04941,-7.66874],[109.04941,-7.66918],[109.04941,-7.66919],[109.04986,-7.66919],[109.04986,-7.66941],[109.04986,-7.66951],[109.04986,-7.66964],[109.05031,-7.66964],[109.0506,-7.66964],[109.05063,-7.66969],[109.05061,-7.66964],[109.05076,-7.66964],[109.05076,-7.66919],[109.05077,-7.66919],[109.05077,-7.66874],[109.05122,-7.66874],[109.05122,-7.66919],[109.05122,-7.66965],[109.05077,-7.66965],[109.05077,-7.66991],[109.05077,-7.67002],[109.05077,-7.6701],[109.05031,-7.6701],[109.05031,-7.67009],[109.04985,-7.67009],[109.04985,-7.66964],[109.04957,-7.66964],[109.04941,-7.66964],[109.0494,-7.66964],[109.04935,-7.66964],[109.04896,-7.66964],[109.04895,-7.66964],[109.04895,-7.66982],[109.04895,-7.66992],[109.04895,-7.67008],[109.04895,-7.67009],[109.04895,-7.67054],[109.04895,-7.67099],[109.04939,-7.67099],[109.0494,-7.67099],[109.0494,-7.67054],[109.04985,-7.67054],[109.04986,-7.67054],[109.05031,-7.67054],[109.05031,-7.67099],[109.05031,-7.671],[109.05075,-7.671],[109.05076,-7.671],[109.05076,-7.67055],[109.05093,-7.67055],[109.05103,-7.67055],[109.05121,-7.67055],[109.05121,-7.6701],[109.05167,-7.6701],[109.05167,-7.67055],[109.05122,-7.67055],[109.05122,-7.671],[109.05166,-7.671],[109.05167,-7.671],[109.05212,-7.671],[109.05212,-7.67145],[109.05212,-7.67146],[109.05212,-7.67191],[109.05256,-7.67191],[109.05257,-7.67191],[109.05257,-7.67146],[109.05302,-7.67146],[109.05303,-7.67146],[109.05347,-7.67146],[109.05347,-7.67101],[109.05302,-7.67101],[109.05302,-7.67056],[109.05347,-7.67056],[109.05348,-7.67056],[109.05348,-7.67101],[109.05392,-7.67101],[109.05393,-7.67101],[109.05438,-7.67101],[109.05438,-7.67056],[109.05484,-7.67056],[109.05484,-7.67102],[109.05483,-7.67102],[109.05483,-7.67147],[109.05438,-7.67147],[109.05438,-7.67192],[109.05483,-7.67192],[109.05483,-7.67237],[109.05438,-7.67237],[109.05438,-7.67282],[109.05437,-7.67282],[109.05393,-7.67282],[109.05393,-7.67327],[109.05437,-7.67327],[109.05438,-7.67327],[109.05482,-7.67327],[109.05483,-7.67327],[109.05483,-7.67328],[109.05483,-7.67373],[109.05482,-7.67373],[109.05438,-7.67373],[109.05437,-7.67373],[109.05437,-7.67418],[109.05482,-7.67418],[109.05482,-7.67463],[109.05437,-7.67463],[109.05437,-7.67508],[109.05482,-7.67508],[109.05482,-7.67553],[109.05482,-7.67554],[109.05482,-7.67599],[109.05436,-7.67599],[109.05436,-7.67554],[109.05436,-7.67553],[109.05391,-7.67553],[109.05391,-7.67598],[109.05391,-7.67644],[109.05345,-7.67644],[109.05345,-7.67689],[109.05389,-7.67689],[109.0539,-7.67689],[109.05435,-7.67689],[109.05435,-7.67734],[109.05435,-7.67779],[109.05435,-7.67824],[109.05435,-7.67825],[109.05435,-7.6787],[109.05446,-7.6787],[109.05468,-7.6787],[109.05479,-7.6787],[109.0548,-7.6787],[109.05491,-7.6787],[109.05525,-7.6787],[109.05525,-7.67906],[109.05525,-7.67907],[109.05516,-7.67907],[109.05516,-7.67915],[109.05516,-7.67921],[109.05516,-7.67922],[109.05516,-7.67931],[109.05516,-7.67945],[109.05516,-7.6796],[109.05523,-7.6796],[109.05525,-7.6796],[109.05525,-7.67961],[109.05523,-7.67961],[109.05498,-7.67961],[109.05497,-7.67961],[109.05497,-7.6796],[109.05479,-7.6796],[109.05479,-7.67915],[109.05434,-7.67915],[109.05434,-7.67886],[109.05434,-7.67876],[109.05434,-7.6787],[109.05411,-7.6787],[109.05402,-7.6787],[109.05389,-7.6787],[109.05389,-7.67915],[109.05371,-7.67915],[109.05371,-7.67906],[109.05353,-7.67906],[109.05353,-7.67887],[109.05344,-7.67887],[109.05335,-7.67887],[109.05317,-7.67887],[109.05299,-7.67887],[109.05262,-7.67887],[109.05262,-7.67914],[109.05262,-7.67923],[109.05254,-7.67923],[109.05253,-7.67923],[109.05244,-7.67923],[109.05242,-7.67923],[109.05241,-7.67923],[109.05226,-7.67923],[109.05208,-7.67923],[109.05208,-7.67914],[109.05208,-7.67905],[109.0519,-7.67905],[109.0519,-7.67887],[109.05172,-7.67887],[109.05172,-7.67869],[109.05172,-7.67868],[109.05172,-7.67851],[109.05163,-7.67851],[109.05136,-7.67851],[109.05136,-7.6785],[109.05118,-7.6785],[109.05117,-7.6785],[109.05099,-7.6785],[109.05099,-7.67823],[109.05099,-7.67814],[109.05082,-7.67814],[109.05082,-7.67796],[109.05073,-7.67796],[109.05072,-7.67796],[109.05063,-7.67796],[109.05045,-7.67796],[109.05028,-7.67796],[109.05028,-7.67778],[109.05027,-7.67778],[109.04991,-7.67778],[109.04991,-7.67777],[109.0501,-7.67777],[109.05027,-7.67777],[109.05028,-7.67777],[109.05046,-7.67777],[109.05046,-7.67733],[109.05046,-7.67732],[109.05046,-7.67724],[109.05028,-7.67724],[109.0501,-7.67724],[109.0501,-7.67732],[109.0501,-7.67741],[109.04983,-7.67741],[109.04982,-7.67741],[109.04973,-7.67741],[109.04973,-7.67759],[109.04955,-7.67759],[109.04937,-7.67759],[109.04919,-7.67759],[109.04919,-7.67777],[109.04919,-7.67813],[109.04936,-7.67813],[109.04937,-7.67813],[109.04973,-7.67813],[109.04973,-7.67795],[109.04982,-7.67795],[109.04991,-7.67795],[109.04991,-7.67813],[109.05009,-7.67813],[109.05009,-7.67814],[109.04991,-7.67814],[109.04991,-7.67822],[109.04991,-7.67823],[109.04991,-7.67832],[109.04982,-7.67832],[109.04981,-7.67832],[109.04973,-7.67832],[109.04973,-7.67867],[109.04981,-7.67867],[109.04982,-7.67867],[109.04991,-7.67867],[109.04991,-7.67868],[109.05009,-7.67868],[109.05009,-7.67886],[109.05026,-7.67886],[109.05027,-7.67886],[109.05045,-7.67886],[109.05045,-7.67868],[109.05045,-7.67832],[109.05046,-7.67832],[109.05046,-7.6785],[109.05063,-7.6785],[109.05072,-7.6785],[109.05073,-7.6785],[109.05081,-7.6785],[109.05081,-7.67868],[109.05081,-7.67904],[109.05099,-7.67904],[109.05117,-7.67904],[109.05117,-7.67913],[109.05117,-7.67914],[109.05117,-7.67958],[109.05117,-7.67959],[109.05153,-7.67959],[109.05162,-7.67959],[109.05163,-7.67959],[109.05171,-7.67959],[109.05171,-7.67977],[109.05163,-7.67977],[109.05162,-7.67977],[109.05135,-7.67977],[109.05135,-7.67995],[109.05117,-7.67995],[109.05117,-7.68004],[109.05117,-7.68013],[109.05116,-7.68013],[109.05099,-7.68013],[109.05099,-7.68031],[109.05098,-7.68031],[109.0508,-7.68031],[109.0508,-7.68013],[109.05072,-7.68013],[109.05071,-7.68013],[109.05063,-7.68013],[109.05063,-7.68012],[109.05071,-7.68012],[109.05072,-7.68012],[109.05081,-7.68012],[109.05081,-7.68004],[109.05081,-7.67977],[109.05072,-7.67977],[109.05071,-7.67977],[109.05045,-7.67977],[109.05045,-7.67995],[109.05044,-7.67995],[109.05044,-7.67958],[109.05044,-7.67922],[109.05027,-7.67922],[109.05026,-7.67922],[109.05008,-7.67922],[109.05008,-7.67958],[109.0499,-7.67958],[109.0499,-7.67994],[109.0499,-7.68003],[109.0499,-7.6803],[109.05026,-7.6803],[109.05026,-7.68012],[109.05027,-7.68012],[109.05027,-7.6803],[109.05044,-7.6803],[109.05044,-7.68031],[109.05044,-7.68049],[109.05026,-7.68049],[109.05026,-7.68085],[109.05044,-7.68085],[109.05044,-7.68094],[109.05044,-7.68103],[109.05071,-7.68103],[109.05071,-7.68139],[109.05116,-7.68139],[109.05161,-7.68139],[109.05161,-7.68103],[109.05171,-7.68103],[109.05189,-7.68103],[109.05189,-7.68122],[109.05171,-7.68122],[109.05171,-7.6814],[109.05171,-7.68176],[109.05206,-7.68176],[109.05207,-7.68176],[109.05207,-7.68185],[109.05207,-7.68194],[109.05225,-7.68194],[109.05251,-7.68194],[109.05252,-7.68194],[109.05261,-7.68194],[109.05261,-7.68189],[109.05261,-7.68185],[109.05261,-7.68158],[109.05252,-7.68158],[109.05243,-7.68158],[109.05243,-7.6814],[109.05231,-7.6814],[109.05225,-7.6814],[109.05225,-7.68128],[109.05225,-7.68095],[109.05225,-7.68086],[109.05214,-7.68086],[109.05207,-7.68086],[109.05207,-7.68085],[109.05214,-7.68085],[109.05225,-7.68085],[109.05225,-7.6805],[109.05225,-7.68049],[109.05225,-7.68031],[109.05225,-7.68013],[109.05226,-7.68013],[109.05244,-7.68013],[109.05244,-7.68032],[109.05243,-7.68032],[109.05243,-7.68049],[109.05243,-7.6805],[109.05226,-7.6805],[109.05226,-7.68086],[109.05252,-7.68086],[109.05253,-7.68086],[109.05261,-7.68086],[109.05261,-7.68095],[109.05261,-7.68122],[109.05297,-7.68122],[109.05298,-7.68122],[109.05298,-7.68104],[109.05316,-7.68104],[109.05334,-7.68104],[109.05343,-7.68104],[109.05352,-7.68104],[109.0537,-7.68104],[109.0537,-7.68122],[109.05385,-7.68122],[109.05388,-7.68122],[109.05389,-7.68122],[109.05405,-7.68122],[109.05424,-7.68122],[109.05424,-7.68141],[109.05433,-7.68141],[109.05434,-7.68141],[109.05442,-7.68141],[109.05442,-7.68159],[109.05461,-7.68159],[109.05478,-7.68159],[109.05479,-7.68159],[109.05497,-7.68159],[109.05497,-7.68141],[109.05497,-7.68105],[109.05479,-7.68105],[109.05478,-7.68105],[109.0546,-7.68105],[109.05448,-7.68105],[109.05434,-7.68105],[109.05433,-7.68105],[109.05427,-7.68105],[109.05424,-7.68105],[109.05424,-7.68104],[109.05429,-7.68104],[109.05433,-7.68104],[109.05434,-7.68104],[109.05443,-7.68104],[109.05443,-7.68099],[109.05443,-7.68096],[109.05443,-7.68069],[109.05434,-7.68069],[109.05424,-7.68069],[109.05424,-7.68051],[109.05389,-7.68051],[109.05388,-7.68051],[109.05388,-7.6805],[109.05388,-7.68032],[109.05389,-7.68032],[109.05407,-7.68032],[109.05407,-7.68014],[109.05425,-7.68014],[109.05434,-7.68014],[109.05461,-7.68014],[109.05479,-7.68014],[109.0548,-7.68014],[109.05516,-7.68014],[109.05516,-7.68006],[109.05516,-7.68005],[109.05516,-7.67996],[109.05525,-7.67996],[109.05525,-7.68005],[109.05525,-7.68006],[109.05539,-7.68006],[109.05549,-7.68006],[109.0557,-7.68006],[109.0557,-7.68051],[109.05614,-7.68051],[109.05614,-7.68006],[109.0566,-7.68006],[109.05705,-7.68006],[109.05706,-7.68006],[109.05751,-7.68006],[109.05751,-7.68007],[109.05751,-7.68052],[109.05706,-7.68052],[109.05705,-7.68052],[109.05705,-7.68097],[109.05705,-7.68142],[109.0575,-7.68142],[109.0575,-7.68187],[109.05705,-7.68187],[109.05705,-7.68232],[109.05705,-7.68277],[109.05705,-7.68278],[109.05705,-7.68323],[109.05749,-7.68323],[109.05749,-7.68278],[109.0575,-7.68278],[109.05794,-7.68278],[109.05795,-7.68278],[109.0584,-7.68278],[109.0584,-7.68323],[109.05885,-7.68323],[109.05885,-7.68278],[109.05905,-7.68278],[109.05915,-7.68278],[109.05931,-7.68278],[109.05931,-7.68284],[109.05931,-7.68289],[109.05931,-7.68324],[109.05975,-7.68324],[109.05976,-7.68324],[109.05976,-7.68279],[109.06021,-7.68279],[109.06021,-7.68234],[109.06067,-7.68234],[109.06067,-7.68206],[109.06067,-7.68196],[109.06067,-7.68189],[109.06067,-7.68144],[109.06022,-7.68144],[109.06022,-7.68098],[109.06068,-7.68098],[109.06083,-7.68098],[109.06102,-7.68098],[109.06113,-7.68098],[109.06113,-7.68094],[109.06113,-7.68084],[109.06113,-7.68054],[109.06113,-7.68053],[109.06158,-7.68053],[109.06159,-7.68053],[109.06159,-7.68054],[109.06159,-7.68063],[109.06159,-7.68073],[109.06159,-7.68099],[109.06203,-7.68099],[109.06203,-7.68054],[109.06248,-7.68054],[109.06249,-7.68054],[109.06249,-7.68031],[109.06249,-7.68021],[109.06249,-7.68009],[109.06203,-7.68009],[109.06203,-7.67964],[109.06158,-7.67964],[109.06158,-7.67918],[109.06114,-7.67918],[109.06114,-7.67963],[109.06114,-7.68008],[109.06113,-7.68008],[109.06068,-7.68008],[109.06023,-7.68008],[109.05978,-7.68008],[109.05978,-7.68053],[109.05932,-7.68053],[109.05932,-7.68008],[109.05887,-7.68008],[109.05887,-7.68007],[109.05887,-7.67962],[109.05887,-7.67917],[109.05842,-7.67917],[109.05842,-7.67872],[109.05888,-7.67872],[109.05888,-7.67917],[109.05932,-7.67917],[109.05933,-7.67917],[109.05933,-7.67908],[109.05951,-7.67908],[109.05951,-7.6789],[109.05978,-7.6789],[109.05987,-7.6789],[109.05987,-7.67872],[109.05987,-7.67836],[109.05978,-7.67836],[109.05951,-7.67836],[109.05951,-7.67827],[109.05951,-7.67782],[109.05978,-7.67782],[109.05978,-7.67737],[109.05978,-7.67692],[109.05978,-7.67691],[109.05978,-7.67646],[109.06024,-7.67646],[109.06024,-7.67601],[109.06069,-7.67601],[109.0607,-7.67601],[109.06115,-7.67601],[109.06115,-7.67557],[109.06115,-7.67556],[109.06161,-7.67556],[109.06161,-7.67557],[109.06161,-7.67602],[109.06161,-7.67647],[109.06205,-7.67647],[109.06206,-7.67647],[109.06206,-7.67602],[109.06223,-7.67602],[109.06225,-7.67607],[109.06237,-7.67602],[109.06251,-7.67602],[109.06251,-7.67596],[109.06296,-7.67575],[109.06297,-7.67575],[109.06332,-7.67557],[109.06341,-7.67557],[109.06341,-7.67553],[109.06342,-7.67553],[109.06366,-7.67544],[109.06387,-7.67536],[109.06419,-7.67524],[109.06433,-7.67514],[109.06433,-7.67558],[109.06477,-7.67558],[109.06478,-7.67558],[109.06523,-7.67558],[109.06523,-7.67603],[109.06559,-7.67603],[109.06559,-7.67604],[109.06553,-7.6761],[109.06533,-7.67635],[109.06524,-7.67649],[109.06523,-7.67649],[109.06522,-7.67649],[109.06477,-7.67649],[109.06477,-7.67693],[109.06477,-7.67694],[109.0651,-7.67694],[109.06507,-7.67724],[109.06506,-7.67739],[109.06504,-7.67764],[109.06503,-7.67784],[109.06502,-7.67788],[109.06503,-7.67815],[109.06504,-7.67829],[109.06506,-7.67841],[109.06508,-7.6785],[109.06516,-7.67873],[109.06516,-7.67874],[109.06522,-7.67894],[109.06522,-7.6792],[109.06529,-7.6792],[109.06538,-7.67944],[109.06546,-7.67965],[109.06547,-7.67968],[109.06566,-7.68007],[109.06567,-7.68008],[109.06567,-7.68009],[109.06568,-7.68011],[109.06566,-7.68011],[109.06566,-7.6801],[109.06522,-7.6801],[109.06521,-7.6801],[109.06521,-7.68055],[109.06566,-7.68055],[109.06566,-7.68056],[109.06593,-7.68056],[109.06607,-7.68079],[109.06612,-7.68087],[109.06612,-7.68101],[109.06606,-7.68101],[109.06594,-7.68101],[109.06579,-7.68101],[109.06566,-7.68101],[109.06521,-7.68101],[109.0652,-7.68101],[109.06475,-7.68101],[109.06475,-7.681],[109.0643,-7.681],[109.06402,-7.681],[109.06402,-7.68091],[109.06385,-7.68091],[109.06384,-7.68091],[109.06367,-7.68091],[109.06366,-7.68091],[109.06366,-7.68073],[109.0634,-7.68073],[109.06339,-7.68073],[109.06331,-7.68073],[109.06331,-7.68072],[109.06339,-7.68072],[109.0634,-7.68072],[109.06366,-7.68072],[109.06366,-7.68055],[109.06367,-7.68055],[109.06367,-7.68073],[109.06384,-7.68073],[109.06385,-7.68073],[109.06403,-7.68073],[109.06403,-7.68055],[109.06403,-7.68037],[109.06385,-7.68037],[109.06385,-7.68036],[109.06403,-7.68036],[109.06403,-7.68019],[109.06403,-7.68018],[109.06421,-7.68018],[109.06421,-7.6801],[109.06421,-7.67983],[109.06385,-7.67983],[109.06385,-7.68001],[109.06349,-7.68001],[109.06349,-7.68009],[109.06349,-7.6801],[109.06349,-7.68019],[109.0634,-7.68019],[109.06339,-7.68019],[109.0633,-7.68019],[109.0633,-7.68036],[109.0633,-7.68037],[109.06295,-7.68037],[109.06295,-7.68044],[109.06295,-7.68054],[109.06295,-7.68055],[109.06295,-7.68064],[109.06295,-7.68099],[109.06295,-7.681],[109.06295,-7.68108],[109.06312,-7.68108],[109.06312,-7.68109],[109.06313,-7.68109],[109.06322,-7.68109],[109.0633,-7.68109],[109.0633,-7.68127],[109.06339,-7.68127],[109.06349,-7.68127],[109.06366,-7.68127],[109.06385,-7.68127],[109.06385,-7.68145],[109.06384,-7.68145],[109.06384,-7.6819],[109.06429,-7.6819],[109.06429,-7.68145],[109.06475,-7.68145],[109.06521,-7.68145],[109.06521,-7.68146],[109.06524,-7.68146],[109.06538,-7.68146],[109.06565,-7.68146],[109.06566,-7.68146],[109.06611,-7.68146],[109.06644,-7.68146],[109.0665,-7.68146],[109.06656,-7.68149],[109.06656,-7.68149],[109.06659,-7.68151],[109.06668,-7.68156],[109.06678,-7.68165],[109.06697,-7.68183],[109.06702,-7.68188],[109.06702,-7.68191],[109.06702,-7.68192],[109.06702,-7.68237],[109.06656,-7.68237],[109.06611,-7.68237],[109.06611,-7.68282],[109.06655,-7.68282],[109.06656,-7.68282],[109.06701,-7.68282],[109.06701,-7.68327],[109.06701,-7.68372],[109.06701,-7.68373],[109.06701,-7.68418],[109.067,-7.68418],[109.067,-7.68463],[109.067,-7.68508],[109.06654,-7.68508],[109.06654,-7.68463],[109.06609,-7.68463],[109.06609,-7.68462],[109.06564,-7.68462],[109.06564,-7.68507],[109.06609,-7.68507],[109.06609,-7.68553],[109.06654,-7.68553],[109.06654,-7.68598],[109.06609,-7.68598],[109.06609,-7.68643],[109.06654,-7.68643],[109.06654,-7.68688],[109.06699,-7.68688],[109.06699,-7.68644],[109.06699,-7.68598],[109.06745,-7.68598],[109.06745,-7.68599],[109.0679,-7.68599],[109.0679,-7.68644],[109.06745,-7.68644],[109.06744,-7.68644],[109.06744,-7.68689],[109.06699,-7.68689],[109.06699,-7.68734],[109.06654,-7.68734],[109.06609,-7.68734],[109.06609,-7.68779],[109.06654,-7.68779],[109.06654,-7.68824],[109.06654,-7.68869],[109.06653,-7.68869],[109.06653,-7.68914],[109.06698,-7.68914],[109.06698,-7.6887],[109.06698,-7.68869],[109.06698,-7.68824],[109.06699,-7.68824],[109.06699,-7.68779],[109.06744,-7.68779],[109.06744,-7.68824],[109.06744,-7.68825],[109.06744,-7.68869],[109.06744,-7.6887],[109.06744,-7.68915],[109.06744,-7.6896],[109.06788,-7.6896],[109.06789,-7.6896],[109.06789,-7.68915],[109.06834,-7.68915],[109.06834,-7.6896],[109.06879,-7.6896],[109.06879,-7.68916],[109.06879,-7.68915],[109.06879,-7.68871],[109.06879,-7.6887],[109.06834,-7.6887],[109.06834,-7.68825],[109.06879,-7.68825],[109.06879,-7.6878],[109.06924,-7.6878],[109.06925,-7.6878],[109.0697,-7.6878],[109.07015,-7.6878],[109.07016,-7.6878],[109.07016,-7.6874],[109.07035,-7.68735],[109.07062,-7.68735],[109.07062,-7.68781],[109.07106,-7.68781],[109.07107,-7.68781],[109.07152,-7.68781],[109.07152,-7.68826],[109.07184,-7.68826],[109.07193,-7.68871],[109.07193,-7.68871],[109.07196,-7.6889],[109.07178,-7.6889],[109.07178,-7.68908],[109.0716,-7.68908],[109.07151,-7.68908],[109.07124,-7.68908],[109.07124,-7.68916],[109.07124,-7.68917],[109.07124,-7.68926],[109.07106,-7.68926],[109.07106,-7.68962],[109.07124,-7.68962],[109.07151,-7.68962],[109.07151,-7.69007],[109.07196,-7.69007],[109.07196,-7.68962],[109.07196,-7.68944],[109.07214,-7.68944],[109.07214,-7.68941],[109.07222,-7.68962],[109.0724,-7.69008],[109.07196,-7.69008],[109.07196,-7.69052],[109.07196,-7.69053],[109.0715,-7.69053],[109.0715,-7.69052],[109.07105,-7.69052],[109.07105,-7.69007],[109.07105,-7.68962],[109.07105,-7.68917],[109.0706,-7.68917],[109.0706,-7.68916],[109.07015,-7.68916],[109.07015,-7.68871],[109.0697,-7.68871],[109.06925,-7.68871],[109.06925,-7.68915],[109.06925,-7.68916],[109.06925,-7.68961],[109.06969,-7.68961],[109.0697,-7.68961],[109.0697,-7.69006],[109.0697,-7.69051],[109.0697,-7.69052],[109.0697,-7.69096],[109.0697,-7.69097],[109.07014,-7.69097],[109.07015,-7.69097],[109.07015,-7.69142],[109.07014,-7.69142],[109.0697,-7.69142],[109.06969,-7.69142],[109.06924,-7.69142],[109.06924,-7.69097],[109.06924,-7.69096],[109.06879,-7.69096],[109.06879,-7.69141],[109.06879,-7.69187],[109.06923,-7.69187],[109.06924,-7.69187],[109.06969,-7.69187],[109.06969,-7.69232],[109.07014,-7.69232],[109.07014,-7.69245],[109.06968,-7.69259],[109.06968,-7.69258],[109.06941,-7.69267],[109.06941,-7.69232],[109.06941,-7.69196],[109.06924,-7.69196],[109.06923,-7.69196],[109.06905,-7.69196],[109.06905,-7.69232],[109.06887,-7.69232],[109.06887,-7.69268],[109.06905,-7.69268],[109.06905,-7.69277],[109.06877,-7.69277],[109.06877,-7.69232],[109.06833,-7.69232],[109.06832,-7.69232],[109.06787,-7.69232],[109.06787,-7.69276],[109.06787,-7.69277],[109.06787,-7.69286],[109.06778,-7.69286],[109.06778,-7.69277],[109.06778,-7.69276],[109.06778,-7.69268],[109.06759,-7.69268],[109.06742,-7.69267],[109.06742,-7.69249],[109.06741,-7.69249],[109.06741,-7.69231],[109.06696,-7.69231],[109.06696,-7.69186],[109.06652,-7.69186],[109.06651,-7.69186],[109.06615,-7.69186],[109.06615,-7.69158],[109.06606,-7.69158],[109.06597,-7.69158],[109.06579,-7.69158],[109.06561,-7.69158],[109.0656,-7.69158],[109.06525,-7.69158],[109.06525,-7.69176],[109.06516,-7.69176],[109.06515,-7.69176],[109.06515,-7.6914],[109.06515,-7.69095],[109.06471,-7.69095],[109.06471,-7.6914],[109.06426,-7.6914],[109.06426,-7.69184],[109.06426,-7.69185],[109.0647,-7.69185],[109.06471,-7.69185],[109.06507,-7.69185],[109.06507,-7.69212],[109.06515,-7.69212],[109.06516,-7.69212],[109.06525,-7.69212],[109.06542,-7.69212],[109.06542,-7.6923],[109.0656,-7.6923],[109.06561,-7.6923],[109.06579,-7.6923],[109.06579,-7.69212],[109.06579,-7.69194],[109.06606,-7.69194],[109.06606,-7.6923],[109.06606,-7.69231],[109.06651,-7.69231],[109.06651,-7.69276],[109.06606,-7.69276],[109.06606,-7.69321],[109.06632,-7.69321],[109.06632,-7.69339],[109.06614,-7.69339],[109.06614,-7.69366],[109.06606,-7.69366],[109.06605,-7.69366],[109.06605,-7.69321],[109.06561,-7.69321],[109.06561,-7.69366],[109.06561,-7.69381],[109.06515,-7.69394],[109.06508,-7.69396],[109.06507,-7.69396],[109.06505,-7.694],[109.06504,-7.694],[109.06504,-7.69401],[109.06503,-7.69401],[109.06503,-7.69402],[109.06502,-7.69402],[109.06472,-7.69411],[109.0647,-7.69411],[109.0647,-7.69412],[109.06425,-7.69425],[109.06424,-7.69425],[109.06424,-7.69426],[109.06423,-7.69427],[109.06415,-7.69433],[109.06415,-7.69434],[109.06414,-7.69434],[109.06378,-7.69449],[109.06378,-7.6941],[109.06334,-7.6941],[109.06334,-7.69455],[109.06288,-7.69455],[109.06288,-7.6941],[109.06288,-7.69365],[109.06333,-7.69365],[109.06333,-7.6932],[109.06334,-7.6932],[109.06334,-7.69275],[109.06289,-7.69275],[109.06289,-7.69274],[109.06289,-7.69229],[109.06334,-7.69229],[109.06335,-7.69229],[109.06379,-7.69229],[109.0638,-7.69229],[109.0638,-7.69185],[109.0638,-7.69184],[109.0638,-7.69139],[109.0638,-7.69094],[109.06425,-7.69094],[109.06425,-7.69049],[109.06425,-7.69004],[109.06425,-7.68959],[109.0638,-7.68959],[109.0638,-7.68958],[109.06336,-7.68958],[109.06335,-7.68958],[109.06291,-7.68958],[109.0629,-7.68958],[109.06245,-7.68958],[109.06245,-7.68913],[109.06245,-7.68868],[109.062,-7.68868],[109.062,-7.68867],[109.062,-7.68822],[109.06245,-7.68822],[109.06245,-7.68777],[109.06245,-7.68732],[109.06246,-7.68732],[109.06246,-7.68687],[109.06246,-7.68642],[109.06201,-7.68642],[109.06201,-7.68641],[109.06156,-7.68641],[109.06156,-7.68686],[109.0611,-7.68686],[109.06065,-7.68686],[109.0602,-7.68686],[109.0602,-7.68641],[109.0602,-7.6864],[109.0602,-7.68596],[109.0602,-7.68595],[109.05975,-7.68595],[109.05975,-7.6855],[109.0602,-7.6855],[109.06065,-7.6855],[109.06065,-7.68505],[109.06111,-7.68505],[109.06111,-7.6855],[109.06156,-7.6855],[109.06156,-7.68551],[109.06201,-7.68551],[109.06201,-7.68524],[109.06238,-7.68524],[109.06238,-7.68506],[109.06247,-7.68506],[109.06247,-7.68551],[109.06292,-7.68551],[109.06292,-7.68506],[109.06292,-7.6847],[109.06311,-7.6847],[109.06311,-7.68461],[109.06311,-7.68452],[109.06329,-7.68452],[109.06329,-7.68416],[109.06338,-7.68416],[109.06338,-7.68371],[109.06293,-7.68371],[109.06293,-7.68326],[109.06248,-7.68326],[109.06248,-7.68325],[109.06248,-7.6828],[109.06203,-7.6828],[109.06203,-7.68325],[109.06158,-7.68325],[109.06157,-7.68325],[109.06112,-7.68325],[109.06067,-7.68325],[109.06067,-7.6837],[109.06112,-7.6837],[109.06112,-7.68415],[109.06066,-7.68415],[109.06066,-7.6837],[109.06021,-7.6837],[109.06021,-7.68415],[109.05976,-7.68415],[109.05976,-7.6846],[109.06021,-7.6846],[109.06021,-7.68505],[109.05975,-7.68505],[109.05975,-7.6846],[109.0593,-7.6846],[109.0593,-7.68459],[109.05885,-7.68459],[109.05885,-7.68504],[109.0584,-7.68504],[109.0584,-7.68549],[109.0584,-7.68594],[109.0584,-7.68595],[109.05839,-7.68595],[109.05839,-7.6864],[109.05793,-7.6864],[109.05793,-7.68594],[109.05794,-7.68594],[109.05794,-7.68549],[109.05749,-7.68549],[109.05749,-7.68594],[109.05704,-7.68594],[109.05703,-7.68594],[109.05658,-7.68594],[109.05658,-7.68639],[109.05703,-7.68639],[109.05703,-7.68684],[109.05658,-7.68684],[109.05657,-7.68684],[109.05612,-7.68684],[109.05566,-7.68684],[109.05566,-7.68639],[109.05522,-7.68639],[109.05522,-7.68683],[109.05476,-7.68683],[109.05476,-7.68728],[109.05521,-7.68728],[109.05521,-7.68729],[109.05566,-7.68729],[109.05566,-7.68774],[109.05611,-7.68774],[109.05611,-7.68729],[109.05656,-7.68729],[109.05657,-7.68729],[109.05702,-7.68729],[109.05702,-7.68774],[109.05702,-7.68775],[109.05702,-7.6882],[109.05747,-7.6882],[109.05792,-7.6882],[109.05793,-7.6882],[109.05837,-7.6882],[109.05838,-7.6882],[109.05838,-7.68775],[109.05883,-7.68775],[109.05883,-7.6873],[109.05838,-7.6873],[109.05838,-7.68685],[109.05884,-7.68685],[109.05929,-7.68685],[109.05929,-7.6864],[109.05884,-7.6864],[109.05884,-7.68595],[109.0593,-7.68595],[109.0593,-7.6864],[109.05975,-7.6864],[109.05975,-7.68685],[109.05975,-7.68686],[109.0593,-7.68686],[109.0593,-7.6873],[109.0593,-7.68731],[109.05929,-7.68731],[109.05929,-7.68775],[109.05929,-7.68776],[109.05929,-7.68821],[109.05929,-7.68866],[109.05974,-7.68866],[109.05974,-7.68911],[109.05928,-7.68911],[109.05883,-7.68911],[109.05883,-7.68956],[109.05927,-7.68956],[109.05928,-7.68956],[109.05973,-7.68956],[109.05973,-7.69002],[109.06018,-7.69002],[109.06064,-7.69002],[109.06064,-7.69047],[109.06018,-7.69047],[109.05973,-7.69047],[109.05973,-7.69092],[109.05945,-7.69092],[109.05944,-7.69089],[109.05927,-7.69089],[109.05919,-7.69089],[109.059,-7.69092],[109.05882,-7.69092],[109.05881,-7.69092],[109.05881,-7.69047],[109.05881,-7.69046],[109.05882,-7.69046],[109.05927,-7.69046],[109.05927,-7.69047],[109.05972,-7.69047],[109.05972,-7.69002],[109.05928,-7.69002],[109.05927,-7.69002],[109.05882,-7.69002],[109.05882,-7.69001],[109.05837,-7.69001],[109.05791,-7.69001],[109.05791,-7.68956],[109.05791,-7.68911],[109.05747,-7.68911],[109.05747,-7.68956],[109.05702,-7.68956],[109.05702,-7.69],[109.05702,-7.69001],[109.05702,-7.69046],[109.05746,-7.69046],[109.05747,-7.69046],[109.05791,-7.69046],[109.05792,-7.69046],[109.05792,-7.69091],[109.05792,-7.69135],[109.05791,-7.69135],[109.0579,-7.69136],[109.05789,-7.69137],[109.05746,-7.69137],[109.05746,-7.69136],[109.05746,-7.69091],[109.05701,-7.69091],[109.05701,-7.69046],[109.05656,-7.69046],[109.05656,-7.69091],[109.0563,-7.69091],[109.05629,-7.69091],[109.05611,-7.69091],[109.05611,-7.69136],[109.0565,-7.69136],[109.05656,-7.69136],[109.05656,-7.69148],[109.05656,-7.69181],[109.0561,-7.69181],[109.0561,-7.69226],[109.0561,-7.69233],[109.05608,-7.69234],[109.05585,-7.69242],[109.05572,-7.69245],[109.05564,-7.69248],[109.05558,-7.69252],[109.05539,-7.69266],[109.05535,-7.69271],[109.05529,-7.69276],[109.05529,-7.69277],[109.05523,-7.69281],[109.05518,-7.69283],[109.05518,-7.69271],[109.05473,-7.69271],[109.05473,-7.69226],[109.05473,-7.69225],[109.05428,-7.69225],[109.05383,-7.69225],[109.05382,-7.69225],[109.05382,-7.6918],[109.05383,-7.6918],[109.05428,-7.6918],[109.05428,-7.69135],[109.05383,-7.69135],[109.05383,-7.6909],[109.05338,-7.6909],[109.05338,-7.69089],[109.05293,-7.69089],[109.05293,-7.69044],[109.05293,-7.68999],[109.05338,-7.68999],[109.05339,-7.68999],[109.05339,-7.68954],[109.05384,-7.68954],[109.05384,-7.68909],[109.0534,-7.68909],[109.05339,-7.68909],[109.05294,-7.68909],[109.05294,-7.68953],[109.05294,-7.68954],[109.05248,-7.68954],[109.05248,-7.68953],[109.05248,-7.68908],[109.05248,-7.68863],[109.05204,-7.68863],[109.05204,-7.68908],[109.05158,-7.68908],[109.05113,-7.68908],[109.05113,-7.68953],[109.05068,-7.68953],[109.05067,-7.68953],[109.05022,-7.68953],[109.05022,-7.68952],[109.04977,-7.68952],[109.04977,-7.68997],[109.04977,-7.69042],[109.04977,-7.69043],[109.04963,-7.69043],[109.04948,-7.69043],[109.04931,-7.69043],[109.04931,-7.69057],[109.04931,-7.69059],[109.04931,-7.69087],[109.04966,-7.69087],[109.04975,-7.69087],[109.04976,-7.69087],[109.04976,-7.69133],[109.04976,-7.69178],[109.05021,-7.69178],[109.05021,-7.69133],[109.05021,-7.69088],[109.05021,-7.69043],[109.05067,-7.69043],[109.05067,-7.68998],[109.05112,-7.68998],[109.05113,-7.68998],[109.05113,-7.69043],[109.05113,-7.69088],[109.05112,-7.69088],[109.05067,-7.69088],[109.05067,-7.69133],[109.05112,-7.69133],[109.05112,-7.69178],[109.05112,-7.69179],[109.05112,-7.69224],[109.05157,-7.69224],[109.05157,-7.69269],[109.05112,-7.69269],[109.05111,-7.69269],[109.05111,-7.69314],[109.05156,-7.69314],[109.05156,-7.69359],[109.05156,-7.6936],[109.05156,-7.69405],[109.05201,-7.69405],[109.05201,-7.6945],[109.05201,-7.69495],[109.05201,-7.6954],[109.05246,-7.6954],[109.05246,-7.69541],[109.05264,-7.69541],[109.05257,-7.69548],[109.05246,-7.69558],[109.05246,-7.69559],[109.05243,-7.69561],[109.05234,-7.69569],[109.05225,-7.69573],[109.05216,-7.69576],[109.05207,-7.69577],[109.052,-7.69579],[109.052,-7.69578],[109.052,-7.69541],[109.05155,-7.69541],[109.05155,-7.69585],[109.0516,-7.69585],[109.0516,-7.69586],[109.05155,-7.69587],[109.05155,-7.69587],[109.05136,-7.69591],[109.0511,-7.69598],[109.0511,-7.69598],[109.05108,-7.69599],[109.05076,-7.69611],[109.05064,-7.69616],[109.05064,-7.69585],[109.05109,-7.69585],[109.05109,-7.6954],[109.05155,-7.6954],[109.05155,-7.69495],[109.05155,-7.6945],[109.05155,-7.69405],[109.0511,-7.69405],[109.0511,-7.6936],[109.0511,-7.69359],[109.05065,-7.69359],[109.05065,-7.69314],[109.05021,-7.69314],[109.0502,-7.69314],[109.04975,-7.69314],[109.04929,-7.69314],[109.04929,-7.69313],[109.04885,-7.69313],[109.04884,-7.69313],[109.04884,-7.69358],[109.04839,-7.69358],[109.04838,-7.69358],[109.04794,-7.69358],[109.04794,-7.69403],[109.04794,-7.69448],[109.04794,-7.69493],[109.04794,-7.69494],[109.04794,-7.69539],[109.04793,-7.69539],[109.04793,-7.69584],[109.04793,-7.69629],[109.04838,-7.69629],[109.04838,-7.69674],[109.04792,-7.69674],[109.04792,-7.69629],[109.04747,-7.69629],[109.04747,-7.69584],[109.04702,-7.69584],[109.04702,-7.69538],[109.04657,-7.69538],[109.04612,-7.69538],[109.04611,-7.69538],[109.04604,-7.69538],[109.04599,-7.69538],[109.04591,-7.69538],[109.04589,-7.69538],[109.04566,-7.69538],[109.04566,-7.69558],[109.04566,-7.69583],[109.04566,-7.69628],[109.0452,-7.69628],[109.0452,-7.69594],[109.0452,-7.69583],[109.04479,-7.69583],[109.04475,-7.69583],[109.04475,-7.69582],[109.0443,-7.69582],[109.0443,-7.69537],[109.04385,-7.69537],[109.04385,-7.69582],[109.0434,-7.69582],[109.0434,-7.69537],[109.04295,-7.69537],[109.04295,-7.69491],[109.0425,-7.69491],[109.04249,-7.69491],[109.04249,-7.69446],[109.0425,-7.69446],[109.04295,-7.69446],[109.0434,-7.69446],[109.0434,-7.69401],[109.04295,-7.69401],[109.0425,-7.69401],[109.04249,-7.69401],[109.04249,-7.69355],[109.04205,-7.69355],[109.04205,-7.694],[109.0416,-7.694],[109.0416,-7.69445],[109.04205,-7.69445],[109.04205,-7.69491],[109.04205,-7.69536],[109.0425,-7.69536],[109.0425,-7.69581],[109.04204,-7.69581],[109.04204,-7.69536],[109.04159,-7.69536],[109.04159,-7.69491],[109.04159,-7.69445],[109.04114,-7.69445],[109.04114,-7.694],[109.04159,-7.694],[109.04159,-7.69355],[109.04159,-7.6931],[109.0416,-7.6931],[109.04204,-7.6931],[109.04205,-7.6931],[109.0425,-7.6931],[109.0425,-7.69265],[109.04205,-7.69265],[109.04205,-7.6922],[109.0416,-7.6922],[109.0416,-7.69265],[109.04115,-7.69265],[109.04114,-7.69265],[109.04114,-7.6922],[109.04114,-7.69219],[109.0407,-7.69219],[109.0407,-7.69264],[109.0407,-7.69309],[109.04115,-7.69309],[109.04115,-7.69355],[109.04069,-7.69355],[109.04069,-7.69309],[109.04025,-7.69309],[109.04024,-7.69309],[109.04024,-7.69354],[109.03979,-7.69354],[109.03978,-7.69354],[109.03934,-7.69354],[109.03933,-7.69354],[109.03888,-7.69354],[109.03888,-7.69309],[109.03888,-7.69264],[109.03888,-7.69263],[109.03888,-7.69218],[109.03888,-7.69173],[109.03844,-7.69173],[109.03844,-7.69218],[109.03843,-7.69218],[109.03843,-7.69263],[109.03843,-7.69308],[109.03843,-7.69354],[109.03797,-7.69354],[109.03797,-7.69398],[109.03842,-7.69398],[109.03842,-7.69399],[109.03842,-7.69444],[109.03842,-7.69489],[109.03887,-7.69489],[109.03887,-7.69444],[109.03887,-7.69399],[109.03932,-7.69399],[109.03933,-7.69399],[109.03978,-7.69399],[109.03978,-7.69445],[109.03933,-7.69445],[109.03933,-7.69489],[109.03933,-7.6949],[109.03887,-7.6949],[109.03887,-7.69534],[109.03932,-7.69534],[109.03932,-7.69535],[109.03932,-7.6958],[109.03932,-7.69625],[109.03977,-7.69625],[109.03977,-7.6967],[109.03977,-7.69671],[109.03932,-7.69671],[109.03932,-7.69715],[109.03976,-7.69715],[109.03977,-7.69715],[109.03977,-7.69761],[109.03977,-7.69806],[109.03976,-7.69806],[109.03932,-7.69806],[109.03931,-7.69806],[109.03886,-7.69806],[109.0384,-7.69806],[109.0384,-7.6976],[109.03886,-7.6976],[109.03886,-7.69716],[109.03886,-7.69715],[109.03841,-7.69715],[109.03796,-7.69715],[109.03796,-7.6976],[109.0375,-7.6976],[109.0375,-7.69715],[109.03705,-7.69715],[109.03705,-7.69714],[109.0366,-7.69714],[109.0366,-7.69759],[109.03705,-7.69759],[109.03705,-7.69805],[109.03705,-7.6985],[109.03659,-7.6985],[109.03659,-7.69805],[109.03614,-7.69805],[109.03614,-7.6985],[109.03568,-7.6985],[109.03568,-7.69849],[109.03523,-7.69849],[109.03523,-7.69894],[109.03568,-7.69894],[109.03568,-7.6994],[109.03523,-7.6994],[109.03522,-7.6994],[109.03478,-7.6994],[109.03478,-7.69984],[109.03478,-7.69985],[109.03478,-7.6999],[109.03478,-7.70002],[109.03478,-7.7003],[109.03487,-7.7003],[109.03497,-7.7003],[109.03522,-7.7003],[109.03523,-7.7003],[109.03567,-7.7003],[109.03568,-7.7003],[109.03568,-7.70075],[109.03567,-7.70075],[109.03523,-7.70075],[109.03523,-7.7012],[109.03522,-7.7012],[109.03477,-7.7012],[109.03432,-7.7012],[109.03431,-7.7012],[109.03419,-7.7012],[109.03412,-7.7012],[109.03386,-7.70097],[109.0336,-7.70074],[109.03361,-7.70074],[109.03357,-7.70072],[109.03341,-7.70057],[109.03309,-7.70029],[109.03302,-7.70023],[109.03296,-7.70018],[109.03264,-7.6999],[109.03258,-7.69984],[109.03258,-7.69984],[109.03257,-7.69984],[109.03254,-7.69981],[109.03251,-7.69978],[109.03245,-7.69974],[109.03231,-7.69962],[109.03213,-7.69946],[109.03212,-7.69945],[109.03211,-7.69944],[109.03208,-7.69942],[109.03206,-7.69941],[109.03206,-7.6994],[109.03205,-7.69939],[109.03205,-7.69938],[109.03251,-7.69938],[109.03251,-7.69893],[109.03206,-7.69893],[109.03161,-7.69893],[109.03161,-7.69897],[109.03156,-7.69893],[109.03156,-7.69892],[109.0316,-7.69892],[109.0316,-7.69848],[109.03115,-7.69848],[109.03115,-7.69847],[109.03115,-7.69802],[109.03116,-7.69802],[109.03116,-7.69757],[109.03161,-7.69757],[109.03161,-7.69712],[109.03207,-7.69712],[109.03207,-7.69667],[109.03207,-7.69622],[109.03252,-7.69622],[109.03297,-7.69622],[109.03342,-7.69622],[109.03343,-7.69622],[109.0335,-7.69622],[109.03359,-7.69622],[109.03388,-7.69622],[109.03388,-7.69662],[109.03388,-7.69668],[109.03393,-7.69668],[109.03433,-7.69668],[109.03478,-7.69668],[109.03478,-7.69623],[109.03524,-7.69623],[109.03524,-7.69578],[109.03479,-7.69578],[109.03479,-7.69533],[109.03525,-7.69533],[109.03525,-7.69578],[109.03569,-7.69578],[109.0357,-7.69578],[109.0357,-7.69533],[109.0357,-7.69488],[109.03615,-7.69488],[109.03615,-7.69443],[109.03616,-7.69443],[109.03661,-7.69443],[109.03661,-7.69398],[109.03616,-7.69398],[109.03615,-7.69398],[109.03615,-7.69353],[109.03615,-7.69352],[109.03615,-7.69307],[109.03571,-7.69307],[109.0357,-7.69307],[109.03526,-7.69307],[109.03525,-7.69307],[109.03481,-7.69307],[109.0348,-7.69307],[109.03436,-7.69307],[109.03436,-7.69352],[109.0339,-7.69352],[109.0339,-7.69396],[109.0339,-7.69397],[109.0339,-7.69442],[109.03344,-7.69442],[109.03344,-7.69397],[109.03344,-7.69396],[109.03344,-7.69351],[109.0339,-7.69351],[109.0339,-7.69306],[109.03435,-7.69306],[109.03435,-7.69261],[109.0348,-7.69261],[109.0348,-7.69216],[109.03481,-7.69216],[109.03525,-7.69216],[109.03525,-7.69171],[109.03526,-7.69171],[109.03526,-7.69126],[109.03481,-7.69126],[109.03481,-7.69171],[109.03436,-7.69171],[109.03435,-7.69171],[109.03435,-7.69126],[109.03435,-7.69081],[109.03391,-7.69081],[109.0339,-7.69081],[109.0339,-7.69035],[109.03346,-7.69035],[109.03345,-7.69035],[109.03345,-7.6899],[109.03301,-7.6899],[109.033,-7.6899],[109.03256,-7.6899],[109.03256,-7.69034],[109.03256,-7.69035],[109.03256,-7.69059],[109.03256,-7.69074],[109.03256,-7.6908],[109.03255,-7.6908],[109.0321,-7.6908],[109.0321,-7.69125],[109.03164,-7.69125],[109.03164,-7.6917],[109.03119,-7.6917],[109.03119,-7.69215],[109.03118,-7.69215],[109.03118,-7.6926],[109.03163,-7.6926],[109.03164,-7.6926],[109.03209,-7.6926],[109.03209,-7.69215],[109.03254,-7.69215],[109.03254,-7.6917],[109.03254,-7.69125],[109.03299,-7.69125],[109.033,-7.69125],[109.033,-7.69126],[109.033,-7.6917],[109.03318,-7.6917],[109.03334,-7.6917],[109.03345,-7.6917],[109.03346,-7.6917],[109.03346,-7.69216],[109.03345,-7.69216],[109.03345,-7.69261],[109.03299,-7.69261],[109.03299,-7.69216],[109.03291,-7.69216],[109.03279,-7.69216],[109.03255,-7.69216],[109.03255,-7.69244],[109.03255,-7.69258],[109.03255,-7.6926],[109.03255,-7.69261],[109.03252,-7.69261],[109.03241,-7.69261],[109.03209,-7.69261],[109.03209,-7.69298],[109.03209,-7.69305],[109.03214,-7.69305],[109.03254,-7.69305],[109.03254,-7.69306],[109.03299,-7.69306],[109.03299,-7.69351],[109.03299,-7.69396],[109.03254,-7.69396],[109.03254,-7.69441],[109.03299,-7.69441],[109.03299,-7.69487],[109.03298,-7.69487],[109.03298,-7.69532],[109.03253,-7.69532],[109.03252,-7.69532],[109.03216,-7.69532],[109.03207,-7.69532],[109.03207,-7.69531],[109.03204,-7.69531],[109.03162,-7.69531],[109.03162,-7.69486],[109.03117,-7.69486],[109.03117,-7.69531],[109.03117,-7.69576],[109.03072,-7.69576],[109.03071,-7.69576],[109.03027,-7.69576],[109.03026,-7.69576],[109.02981,-7.69576],[109.02981,-7.69531],[109.02981,-7.6953],[109.02936,-7.6953],[109.02936,-7.69575],[109.02891,-7.69575],[109.0289,-7.69575],[109.02845,-7.69575],[109.02845,-7.6953],[109.028,-7.6953],[109.028,-7.69484],[109.02755,-7.69484],[109.02755,-7.69439],[109.02801,-7.69439],[109.02801,-7.69484],[109.02846,-7.69484],[109.02846,-7.6953],[109.0289,-7.6953],[109.0289,-7.69485],[109.02936,-7.69485],[109.02936,-7.6944],[109.02891,-7.6944],[109.02891,-7.69395],[109.02891,-7.69394],[109.02846,-7.69394],[109.028,-7.69394],[109.028,-7.69349],[109.02756,-7.69349],[109.02755,-7.69349],[109.0271,-7.69349],[109.0271,-7.69394],[109.02664,-7.69394],[109.02664,-7.69393],[109.02621,-7.69393],[109.02619,-7.69392],[109.02619,-7.69348],[109.02575,-7.69348],[109.02574,-7.69348],[109.02572,-7.69348],[109.02529,-7.69307],[109.02524,-7.69302],[109.02529,-7.69302],[109.02529,-7.69257],[109.02484,-7.69257],[109.02484,-7.69212],[109.02439,-7.69212],[109.02428,-7.69212],[109.02427,-7.69212],[109.02407,-7.69192],[109.02393,-7.69178],[109.02393,-7.69172],[109.02393,-7.69166],[109.02393,-7.69159],[109.02393,-7.69146],[109.02393,-7.69121],[109.02419,-7.69121],[109.02432,-7.69121],[109.02439,-7.69121],[109.02484,-7.69121],[109.02485,-7.69121],[109.0253,-7.69121],[109.0253,-7.69076],[109.02576,-7.69076],[109.02576,-7.69032],[109.02576,-7.69031],[109.02576,-7.68987],[109.02576,-7.68986],[109.02576,-7.68982],[109.02576,-7.68969],[109.02576,-7.68941],[109.02531,-7.68941],[109.02531,-7.68896],[109.02486,-7.68896],[109.02486,-7.68851],[109.02486,-7.6885],[109.02441,-7.6885],[109.02441,-7.68805],[109.02396,-7.68805],[109.02396,-7.6876],[109.02351,-7.6876],[109.02351,-7.68759],[109.02306,-7.68759],[109.02306,-7.68804],[109.0226,-7.68804],[109.02215,-7.68804],[109.02214,-7.68804],[109.02169,-7.68804],[109.02169,-7.68849],[109.02169,-7.68894],[109.02123,-7.68894],[109.02123,-7.68849],[109.02078,-7.68849],[109.02078,-7.68803],[109.02033,-7.68803],[109.02033,-7.68758],[109.02079,-7.68758],[109.02079,-7.68803],[109.02123,-7.68803],[109.02124,-7.68803],[109.02169,-7.68803],[109.02169,-7.68759],[109.02169,-7.68758],[109.02215,-7.68758],[109.02215,-7.68759],[109.0226,-7.68759],[109.02305,-7.68759],[109.02305,-7.68714],[109.02305,-7.68669],[109.02306,-7.68669],[109.02306,-7.68624],[109.02261,-7.68624],[109.02261,-7.68668],[109.02261,-7.68669],[109.02261,-7.68714],[109.02215,-7.68714],[109.02215,-7.68669],[109.02215,-7.68668],[109.02215,-7.68623],[109.02215,-7.68578],[109.02171,-7.68578],[109.0217,-7.68578],[109.02126,-7.68578],[109.02125,-7.68578],[109.02125,-7.68622],[109.02125,-7.68623],[109.02125,-7.68668],[109.02125,-7.68713],[109.02079,-7.68713],[109.02034,-7.68713],[109.02033,-7.68713],[109.01988,-7.68713],[109.01988,-7.68758],[109.01942,-7.68758],[109.01942,-7.68757]],[[109.01582,-7.68575],[109.01582,-7.6862],[109.01627,-7.6862],[109.01627,-7.68575],[109.01582,-7.68575]],[[109.01765,-7.68169],[109.0181,-7.68169],[109.0181,-7.68124],[109.01765,-7.68124],[109.01765,-7.68169]],[[109.01675,-7.67807],[109.0172,-7.67807],[109.01721,-7.67807],[109.01766,-7.67807],[109.01766,-7.67763],[109.01721,-7.67763],[109.01721,-7.67762],[109.01675,-7.67762],[109.01675,-7.67807]],[[109.03541,-7.68629],[109.03541,-7.68634],[109.0355,-7.68634],[109.0355,-7.68629],[109.0355,-7.68625],[109.03541,-7.68625],[109.03541,-7.68629]],[[109.03579,-7.67545],[109.03624,-7.67545],[109.03624,-7.675],[109.03579,-7.675],[109.03579,-7.67545]],[[109.03608,-7.67726],[109.03608,-7.67713],[109.03599,-7.67713],[109.03599,-7.67726],[109.03599,-7.67731],[109.03608,-7.67731],[109.03608,-7.67726]],[[109.03517,-7.67775],[109.03517,-7.67771],[109.03517,-7.6777],[109.03517,-7.67766],[109.03509,-7.67766],[109.03509,-7.6777],[109.03509,-7.67771],[109.03508,-7.67775],[109.03517,-7.67775]],[[109.03445,-7.67685],[109.03442,-7.67685],[109.03436,-7.67685],[109.03436,-7.67703],[109.03442,-7.67703],[109.03445,-7.67703],[109.03445,-7.67685]],[[109.03436,-7.6768],[109.03436,-7.67667],[109.03427,-7.67667],[109.03427,-7.6768],[109.03427,-7.67685],[109.03436,-7.67685],[109.03436,-7.6768]],[[109.03445,-7.6773],[109.03442,-7.6773],[109.03436,-7.6773],[109.03436,-7.67739],[109.03442,-7.67739],[109.03445,-7.67739],[109.03445,-7.6773]],[[109.03436,-7.67725],[109.03436,-7.67712],[109.03427,-7.67712],[109.03427,-7.67725],[109.03427,-7.6773],[109.03436,-7.6773],[109.03436,-7.67725]],[[109.03172,-7.67362],[109.03217,-7.67362],[109.03217,-7.67318],[109.03217,-7.67317],[109.03172,-7.67317],[109.03172,-7.67362]],[[109.06357,-7.6819],[109.06348,-7.6819],[109.06339,-7.6819],[109.06339,-7.68235],[109.06367,-7.68235],[109.06376,-7.68235],[109.06384,-7.68235],[109.06384,-7.6819],[109.06357,-7.6819]],[[109.05749,-7.68504],[109.05704,-7.68504],[109.05704,-7.68548],[109.05704,-7.68549],[109.05749,-7.68549],[109.05749,-7.68504]],[[109.05611,-7.68819],[109.05656,-7.68819],[109.05656,-7.68775],[109.05656,-7.68774],[109.05611,-7.68774],[109.05611,-7.68819]],[[109.03523,-7.69804],[109.03478,-7.69804],[109.03433,-7.69804],[109.03432,-7.69804],[109.03388,-7.69804],[109.03388,-7.69809],[109.03388,-7.69829],[109.03388,-7.69848],[109.03398,-7.69848],[109.03432,-7.69848],[109.03433,-7.69848],[109.03433,-7.69849],[109.03433,-7.69894],[109.03477,-7.69894],[109.03477,-7.69849],[109.03523,-7.69849],[109.03523,-7.69804]],[[109.03207,-7.69757],[109.03252,-7.69757],[109.03297,-7.69757],[109.03297,-7.69713],[109.03297,-7.69712],[109.03297,-7.69668],[109.03297,-7.69667],[109.03252,-7.69667],[109.03252,-7.69712],[109.03207,-7.69712],[109.03207,-7.69757]],[[109.03661,-7.69488],[109.03661,-7.69533],[109.03661,-7.69534],[109.03661,-7.69579],[109.03616,-7.69579],[109.03615,-7.69579],[109.03615,-7.69623],[109.03615,-7.69624],[109.03615,-7.69669],[109.0366,-7.69669],[109.0366,-7.69624],[109.03705,-7.69624],[109.03705,-7.69579],[109.03706,-7.69579],[109.03706,-7.69534],[109.03751,-7.69534],[109.03796,-7.69534],[109.03796,-7.69489],[109.03751,-7.69489],[109.03706,-7.69489],[109.03706,-7.69444],[109.03706,-7.69443],[109.03661,-7.69443],[109.03661,-7.69488]],[[109.04119,-7.68406],[109.04163,-7.68406],[109.04164,-7.68406],[109.04209,-7.68406],[109.04209,-7.68451],[109.04254,-7.68451],[109.04254,-7.68452],[109.04254,-7.68497],[109.04299,-7.68497],[109.04299,-7.68542],[109.04254,-7.68542],[109.04254,-7.68587],[109.04208,-7.68587],[109.04208,-7.68542],[109.04163,-7.68542],[109.04163,-7.68497],[109.04118,-7.68497],[109.04118,-7.68541],[109.04118,-7.68542],[109.04118,-7.6858],[109.04118,-7.68586],[109.04118,-7.68587],[109.04118,-7.68632],[109.04073,-7.68632],[109.04072,-7.68632],[109.04028,-7.68632],[109.04027,-7.68632],[109.03982,-7.68632],[109.03982,-7.68676],[109.03982,-7.68722],[109.04026,-7.68722],[109.04026,-7.68677],[109.04072,-7.68677],[109.04072,-7.68722],[109.04072,-7.68739],[109.04072,-7.68767],[109.04117,-7.68767],[109.04117,-7.68755],[109.04117,-7.68722],[109.04163,-7.68722],[109.04163,-7.68767],[109.04163,-7.68768],[109.04207,-7.68768],[109.04208,-7.68768],[109.04253,-7.68768],[109.04253,-7.68723],[109.04208,-7.68723],[109.04208,-7.68678],[109.04208,-7.68677],[109.04253,-7.68677],[109.04253,-7.68633],[109.04253,-7.68632],[109.04298,-7.68632],[109.04298,-7.68606],[109.04298,-7.68598],[109.04298,-7.68588],[109.04298,-7.68587],[109.04344,-7.68587],[109.04344,-7.68588],[109.04389,-7.68588],[109.0439,-7.68588],[109.04434,-7.68588],[109.04435,-7.68588],[109.04435,-7.68543],[109.04435,-7.68498],[109.0439,-7.68498],[109.0439,-7.68453],[109.0439,-7.68452],[109.0439,-7.68407],[109.04346,-7.68407],[109.04345,-7.68407],[109.043,-7.68407],[109.043,-7.68362],[109.04254,-7.68362],[109.04254,-7.68361],[109.0421,-7.68361],[109.04209,-7.68361],[109.04164,-7.68361],[109.04119,-7.68361],[109.04119,-7.68406]],[[109.04298,-7.68723],[109.04298,-7.68678],[109.04253,-7.68678],[109.04253,-7.68723],[109.04298,-7.68723]],[[109.04162,-7.68858],[109.0419,-7.68858],[109.04207,-7.68858],[109.04207,-7.68813],[109.04163,-7.68813],[109.04162,-7.68813],[109.04162,-7.68817],[109.04162,-7.68858]],[[109.04162,-7.68993],[109.04206,-7.68993],[109.04206,-7.68949],[109.04162,-7.68949],[109.04162,-7.68993]],[[109.04116,-7.68994],[109.04116,-7.69038],[109.04161,-7.69038],[109.04161,-7.68994],[109.04116,-7.68994]],[[109.04161,-7.69084],[109.04161,-7.69129],[109.04205,-7.69129],[109.04206,-7.69129],[109.04206,-7.69084],[109.04206,-7.69039],[109.04161,-7.69039],[109.04161,-7.69084]],[[109.03301,-7.68809],[109.03301,-7.68854],[109.03301,-7.68899],[109.03346,-7.68899],[109.03346,-7.68855],[109.03346,-7.68854],[109.03346,-7.68809],[109.03302,-7.68809],[109.03301,-7.68809]],[[109.03346,-7.68945],[109.03391,-7.68945],[109.03391,-7.689],[109.03346,-7.689],[109.03346,-7.68944],[109.03346,-7.68945]],[[109.03391,-7.6899],[109.03391,-7.69035],[109.03436,-7.69035],[109.03436,-7.6899],[109.03482,-7.6899],[109.03482,-7.69035],[109.03482,-7.69036],[109.03482,-7.69081],[109.03526,-7.69081],[109.03526,-7.69036],[109.03527,-7.69036],[109.03527,-7.68991],[109.03527,-7.68957],[109.03527,-7.68946],[109.03519,-7.68946],[109.03482,-7.68946],[109.03482,-7.68945],[109.03437,-7.68945],[109.03436,-7.68945],[109.03391,-7.68945],[109.03391,-7.6899]],[[109.02356,-7.67539],[109.02311,-7.67539],[109.02311,-7.67584],[109.02356,-7.67584],[109.02356,-7.67629],[109.02356,-7.6763],[109.02356,-7.67675],[109.024,-7.67675],[109.02401,-7.67675],[109.02401,-7.6763],[109.02401,-7.67585],[109.02446,-7.67585],[109.02446,-7.6754],[109.02402,-7.6754],[109.02401,-7.6754],[109.02356,-7.6754],[109.02356,-7.67539]],[[109.02311,-7.67494],[109.02266,-7.67494],[109.02266,-7.67539],[109.02311,-7.67539],[109.02311,-7.67494]],[[109.02492,-7.6763],[109.02492,-7.67585],[109.02447,-7.67585],[109.02447,-7.6763],[109.02491,-7.6763],[109.02492,-7.6763]],[[109.02667,-7.69077],[109.02711,-7.69077],[109.02711,-7.69032],[109.02667,-7.69032],[109.02667,-7.69066],[109.02667,-7.69077]],[[109.02036,-7.68378],[109.02053,-7.68378],[109.02053,-7.68396],[109.02081,-7.68396],[109.02081,-7.68397],[109.02125,-7.68397],[109.02125,-7.68352],[109.02125,-7.68307],[109.0209,-7.68307],[109.02089,-7.68307],[109.02089,-7.68306],[109.02081,-7.68306],[109.0208,-7.68306],[109.02053,-7.68306],[109.02053,-7.68342],[109.02036,-7.68342],[109.02035,-7.68342],[109.02035,-7.68351],[109.02035,-7.68378],[109.02036,-7.68378]],[[109.02307,-7.68307],[109.02307,-7.68262],[109.02352,-7.68262],[109.02353,-7.68262],[109.02353,-7.68217],[109.02308,-7.68217],[109.02263,-7.68217],[109.02262,-7.68217],[109.02217,-7.68217],[109.02172,-7.68217],[109.02172,-7.68261],[109.02172,-7.68262],[109.02126,-7.68262],[109.02126,-7.68306],[109.02171,-7.68306],[109.02171,-7.68307],[109.02216,-7.68307],[109.02216,-7.68262],[109.02262,-7.68262],[109.02262,-7.68307],[109.02262,-7.68352],[109.02306,-7.68352],[109.02307,-7.68352],[109.02307,-7.68308],[109.02307,-7.68307]],[[109.02487,-7.68489],[109.02487,-7.68444],[109.02488,-7.68444],[109.02488,-7.68399],[109.02443,-7.68399],[109.02443,-7.68443],[109.02443,-7.68444],[109.02443,-7.68489],[109.02487,-7.68489]],[[109.02441,-7.68534],[109.02442,-7.68534],[109.02442,-7.68489],[109.02397,-7.68489],[109.02397,-7.68533],[109.02397,-7.68534],[109.02441,-7.68534]],[[109.02441,-7.68624],[109.02441,-7.68579],[109.02397,-7.68579],[109.02396,-7.68579],[109.02396,-7.68624],[109.02441,-7.68624]],[[109.02442,-7.68624],[109.02442,-7.68669],[109.02486,-7.68669],[109.02486,-7.68624],[109.02442,-7.68624]],[[109.02441,-7.68759],[109.02441,-7.68715],[109.02441,-7.68669],[109.02396,-7.68669],[109.02396,-7.68714],[109.02396,-7.68759],[109.02441,-7.68759]],[[109.0199,-7.68433],[109.0199,-7.68432],[109.0199,-7.68396],[109.01945,-7.68396],[109.01945,-7.68441],[109.01945,-7.68486],[109.01989,-7.68486],[109.01989,-7.68468],[109.01998,-7.68468],[109.02017,-7.68468],[109.02035,-7.68469],[109.02035,-7.68486],[109.02035,-7.68487],[109.02052,-7.68487],[109.02053,-7.68487],[109.02053,-7.68505],[109.0208,-7.68505],[109.02089,-7.68505],[109.02089,-7.68487],[109.02089,-7.68469],[109.02081,-7.68469],[109.0208,-7.68469],[109.02071,-7.68469],[109.02071,-7.68442],[109.0208,-7.68442],[109.0208,-7.68397],[109.02036,-7.68397],[109.02035,-7.68397],[109.02035,-7.68433],[109.02034,-7.68433],[109.02017,-7.68433],[109.0199,-7.68433]],[[109.02035,-7.68622],[109.02079,-7.68622],[109.02079,-7.68577],[109.02035,-7.68577],[109.02035,-7.68622]],[[109.01356,-7.68213],[109.01312,-7.68213],[109.01312,-7.68257],[109.01356,-7.68257],[109.01356,-7.68213]],[[109.019,-7.68125],[109.019,-7.6808],[109.019,-7.68079],[109.019,-7.68035],[109.019,-7.68034],[109.01856,-7.68034],[109.01855,-7.68034],[109.01811,-7.68034],[109.01811,-7.68079],[109.01811,-7.68124],[109.01855,-7.68124],[109.01856,-7.68124],[109.01856,-7.68169],[109.01856,-7.6817],[109.019,-7.6817],[109.019,-7.68125]],[[109.01946,-7.6817],[109.0199,-7.6817],[109.0199,-7.68125],[109.01946,-7.68125],[109.01946,-7.6817]],[[109.01856,-7.67763],[109.01857,-7.67763],[109.01857,-7.67718],[109.01812,-7.67718],[109.01812,-7.67763],[109.01856,-7.67763]],[[109.01858,-7.67673],[109.01858,-7.67718],[109.01902,-7.67718],[109.01902,-7.67673],[109.01858,-7.67673]],[[109.02216,-7.68533],[109.02216,-7.68578],[109.02261,-7.68578],[109.02261,-7.68533],[109.02216,-7.68533]],[[109.02351,-7.68443],[109.02352,-7.68443],[109.02397,-7.68443],[109.02397,-7.68398],[109.02352,-7.68398],[109.02307,-7.68398],[109.02307,-7.68443],[109.02351,-7.68443]],[[109.02262,-7.68171],[109.02262,-7.68126],[109.02218,-7.68126],[109.02218,-7.68171],[109.02262,-7.68171]],[[109.02445,-7.68037],[109.02489,-7.68037],[109.02489,-7.67992],[109.02445,-7.67992],[109.02445,-7.68037]],[[109.02084,-7.67583],[109.02039,-7.67583],[109.02039,-7.67628],[109.02084,-7.67628],[109.02084,-7.67584],[109.02084,-7.67583]],[[109.0222,-7.67539],[109.0222,-7.67584],[109.02265,-7.67584],[109.02265,-7.67539],[109.02221,-7.67539],[109.0222,-7.67539]],[[109.02356,-7.67449],[109.02312,-7.67449],[109.02312,-7.67494],[109.02356,-7.67494],[109.02356,-7.67449]],[[109.02576,-7.6876],[109.02576,-7.68715],[109.02532,-7.68715],[109.02531,-7.68715],[109.02487,-7.68715],[109.02486,-7.68715],[109.02486,-7.6876],[109.02531,-7.6876],[109.02532,-7.6876],[109.02532,-7.68805],[109.02576,-7.68805],[109.02576,-7.68761],[109.02576,-7.6876]],[[109.02621,-7.68806],[109.02577,-7.68806],[109.02577,-7.6885],[109.02577,-7.68851],[109.02621,-7.68851],[109.02621,-7.68806]],[[109.02695,-7.68837],[109.02702,-7.68849],[109.02703,-7.68849],[109.02705,-7.68841],[109.02695,-7.68835],[109.02695,-7.68837]],[[109.02627,-7.67586],[109.02583,-7.67586],[109.02583,-7.67631],[109.02627,-7.67631],[109.02627,-7.67586]],[[109.02493,-7.67224],[109.02493,-7.67269],[109.02538,-7.67269],[109.02538,-7.67224],[109.02494,-7.67224],[109.02493,-7.67224]],[[109.02923,-7.69033],[109.02923,-7.69038],[109.02932,-7.69038],[109.02932,-7.69047],[109.02938,-7.69047],[109.02941,-7.69047],[109.02941,-7.69048],[109.02941,-7.69056],[109.0295,-7.69057],[109.0295,-7.69066],[109.02959,-7.69066],[109.02959,-7.69075],[109.02968,-7.69075],[109.02968,-7.69048],[109.02983,-7.69048],[109.02984,-7.69048],[109.02986,-7.69048],[109.02986,-7.69039],[109.02995,-7.69039],[109.02995,-7.69034],[109.02995,-7.69033],[109.02995,-7.6903],[109.02984,-7.6903],[109.02983,-7.6903],[109.02977,-7.6903],[109.02977,-7.69033],[109.02977,-7.69039],[109.02968,-7.69039],[109.02968,-7.69033],[109.02968,-7.6903],[109.02941,-7.69029],[109.02941,-7.6902],[109.02938,-7.6902],[109.02914,-7.6902],[109.02914,-7.69029],[109.02923,-7.69029],[109.02923,-7.69033]],[[109.03162,-7.69352],[109.03162,-7.69351],[109.03118,-7.69351],[109.03118,-7.69395],[109.03162,-7.69395],[109.03162,-7.69375],[109.03162,-7.69352]],[[109.02849,-7.68716],[109.02894,-7.68716],[109.02894,-7.68672],[109.02849,-7.68672],[109.02849,-7.68716]],[[109.02801,-7.69304],[109.02801,-7.69349],[109.02846,-7.69349],[109.02846,-7.69304],[109.02802,-7.69304],[109.02801,-7.69304]],[[109.02757,-7.68987],[109.02768,-7.68987],[109.02802,-7.68987],[109.02802,-7.68953],[109.02802,-7.68942],[109.02757,-7.68942],[109.02757,-7.68987]],[[109.02904,-7.69029],[109.02895,-7.69029],[109.02895,-7.6902],[109.02893,-7.6902],[109.02892,-7.6902],[109.02886,-7.6902],[109.02886,-7.69033],[109.02886,-7.69038],[109.02892,-7.69038],[109.02893,-7.69038],[109.02895,-7.69038],[109.02895,-7.69047],[109.02904,-7.69047],[109.02904,-7.69056],[109.02913,-7.69056],[109.02913,-7.69038],[109.02904,-7.69038],[109.02904,-7.69033],[109.02904,-7.69029]],[[109.02757,-7.69077],[109.02801,-7.69077],[109.02801,-7.69033],[109.02757,-7.69033],[109.02757,-7.69077]],[[109.02847,-7.69032],[109.02847,-7.68988],[109.02802,-7.68988],[109.02802,-7.69032],[109.02847,-7.69032]],[[109.0285,-7.68975],[109.02848,-7.68975],[109.02847,-7.68975],[109.02841,-7.68975],[109.02841,-7.68984],[109.02847,-7.68984],[109.02848,-7.68984],[109.0285,-7.68984],[109.0285,-7.68975]],[[109.02832,-7.68807],[109.02804,-7.68807],[109.02803,-7.68807],[109.02803,-7.68852],[109.02848,-7.68852],[109.02848,-7.68834],[109.02848,-7.68816],[109.02848,-7.68807],[109.02842,-7.68807],[109.02832,-7.68807]],[[109.02805,-7.68445],[109.0285,-7.68445],[109.0285,-7.684],[109.02805,-7.684],[109.02805,-7.68445]],[[109.03071,-7.69531],[109.03072,-7.69531],[109.03072,-7.69486],[109.03027,-7.69486],[109.03027,-7.6953],[109.03027,-7.69531],[109.03071,-7.69531]],[[109.03123,-7.68913],[109.0312,-7.68913],[109.03114,-7.68913],[109.03114,-7.68922],[109.0312,-7.68922],[109.03122,-7.68922],[109.03123,-7.68913]],[[109.03164,-7.69079],[109.0312,-7.69079],[109.03119,-7.69079],[109.03119,-7.69124],[109.03164,-7.69124],[109.03164,-7.6908],[109.03164,-7.69079]],[[109.03074,-7.69124],[109.03074,-7.69169],[109.03118,-7.69169],[109.03118,-7.69124],[109.03074,-7.69124]],[[109.02995,-7.69078],[109.02995,-7.69079],[109.02995,-7.69084],[109.03004,-7.69084],[109.03004,-7.69079],[109.03004,-7.69078],[109.03004,-7.69075],[109.02995,-7.69075],[109.02995,-7.69078]],[[109.02986,-7.69102],[109.02986,-7.69093],[109.02983,-7.69093],[109.02977,-7.69093],[109.02977,-7.69102],[109.02983,-7.69102],[109.02986,-7.69102]],[[109.03095,-7.68989],[109.03095,-7.68985],[109.03086,-7.68985],[109.03086,-7.68989],[109.03086,-7.68994],[109.03095,-7.68994],[109.03095,-7.68989]],[[109.0304,-7.69039],[109.03049,-7.69039],[109.03049,-7.69034],[109.03049,-7.69033],[109.03049,-7.6903],[109.03041,-7.6903],[109.03041,-7.69033],[109.03041,-7.69034],[109.0304,-7.69039]],[[109.03029,-7.69048],[109.03028,-7.69048],[109.03022,-7.69048],[109.03022,-7.69057],[109.03028,-7.69057],[109.03029,-7.69057],[109.03031,-7.69057],[109.03031,-7.69048],[109.03029,-7.69048]],[[109.03077,-7.69003],[109.03075,-7.69003],[109.03074,-7.69003],[109.03068,-7.69003],[109.03068,-7.69012],[109.03074,-7.69012],[109.03075,-7.69012],[109.03077,-7.69012],[109.03077,-7.69003]],[[109.03256,-7.68899],[109.03256,-7.68944],[109.033,-7.68944],[109.033,-7.68899],[109.03256,-7.68899]],[[109.03208,-7.69396],[109.03191,-7.69396],[109.0318,-7.69396],[109.03163,-7.69396],[109.03163,-7.69441],[109.03163,-7.69486],[109.03207,-7.69486],[109.03207,-7.69441],[109.03208,-7.69441],[109.03208,-7.69431],[109.03208,-7.69417],[109.03208,-7.69396]],[[109.0326,-7.69479],[109.03253,-7.69476],[109.03249,-7.69474],[109.03252,-7.69486],[109.03252,-7.69487],[109.03253,-7.69486],[109.0326,-7.69479]],[[109.03342,-7.69758],[109.03297,-7.69758],[109.03297,-7.69803],[109.03342,-7.69803],[109.03343,-7.69803],[109.03374,-7.69803],[109.03384,-7.69803],[109.03387,-7.69803],[109.03387,-7.69758],[109.03432,-7.69758],[109.03432,-7.69713],[109.03388,-7.69713],[109.03387,-7.69713],[109.03385,-7.69713],[109.03374,-7.69713],[109.03343,-7.69713],[109.03343,-7.69758],[109.03342,-7.69758]],[[109.03619,-7.68765],[109.03574,-7.68765],[109.03574,-7.6881],[109.03574,-7.68855],[109.03528,-7.68855],[109.03528,-7.689],[109.03572,-7.689],[109.03573,-7.689],[109.03618,-7.689],[109.03618,-7.68901],[109.03663,-7.68901],[109.03664,-7.68901],[109.03709,-7.68901],[109.03709,-7.68856],[109.03664,-7.68856],[109.03664,-7.68811],[109.03664,-7.6881],[109.03664,-7.68766],[109.03664,-7.68765],[109.03664,-7.6872],[109.03664,-7.68675],[109.03619,-7.68675],[109.03619,-7.6872],[109.03619,-7.68765]],[[109.038,-7.68901],[109.038,-7.68902],[109.03799,-7.68902],[109.03755,-7.68902],[109.03755,-7.68946],[109.03754,-7.68946],[109.03754,-7.68947],[109.03754,-7.68965],[109.03754,-7.68992],[109.03799,-7.68992],[109.03799,-7.68947],[109.03844,-7.68947],[109.03845,-7.68947],[109.03889,-7.68947],[109.03889,-7.68902],[109.03889,-7.68867],[109.03889,-7.68857],[109.03845,-7.68857],[109.03844,-7.68857],[109.038,-7.68857],[109.038,-7.68901]],[[109.03799,-7.69037],[109.03844,-7.69037],[109.03844,-7.68992],[109.03799,-7.68992],[109.03799,-7.69037]],[[109.03798,-7.69083],[109.03798,-7.69082],[109.03798,-7.69037],[109.03753,-7.69037],[109.03753,-7.68992],[109.03719,-7.68992],[109.03718,-7.68992],[109.03709,-7.68992],[109.03708,-7.68992],[109.03663,-7.68992],[109.03663,-7.68991],[109.03618,-7.68991],[109.03618,-7.69036],[109.03618,-7.69068],[109.03618,-7.69081],[109.03662,-7.69081],[109.03662,-7.69036],[109.03708,-7.69036],[109.03708,-7.69082],[109.03753,-7.69082],[109.03753,-7.69127],[109.03798,-7.69127],[109.03844,-7.69127],[109.03844,-7.69128],[109.03889,-7.69128],[109.03889,-7.69083],[109.03889,-7.69038],[109.03844,-7.69038],[109.03844,-7.69082],[109.03844,-7.69083],[109.03798,-7.69083]],[[109.03841,-7.69625],[109.03841,-7.6967],[109.03886,-7.6967],[109.03886,-7.69625],[109.03886,-7.6958],[109.03842,-7.6958],[109.03841,-7.6958],[109.03841,-7.69624],[109.03841,-7.69625]],[[109.03389,-7.69894],[109.03388,-7.69894],[109.03388,-7.69903],[109.03388,-7.69913],[109.03388,-7.69925],[109.03388,-7.69939],[109.03403,-7.69939],[109.03417,-7.69939],[109.03432,-7.69939],[109.03432,-7.69894],[109.03389,-7.69894]],[[109.03706,-7.69624],[109.03706,-7.69669],[109.0375,-7.69669],[109.03751,-7.69669],[109.03751,-7.69624],[109.03706,-7.69624]],[[109.03796,-7.69624],[109.03796,-7.6958],[109.03796,-7.69579],[109.03751,-7.69579],[109.03751,-7.69624],[109.03796,-7.69624]],[[109.03614,-7.69804],[109.03614,-7.69759],[109.03569,-7.69759],[109.03569,-7.69804],[109.03614,-7.69804]],[[109.03753,-7.69217],[109.03753,-7.69218],[109.03797,-7.69218],[109.03798,-7.69218],[109.03798,-7.69173],[109.03752,-7.69173],[109.03752,-7.69172],[109.03708,-7.69172],[109.03707,-7.69172],[109.03662,-7.69172],[109.03662,-7.69217],[109.03707,-7.69217],[109.03753,-7.69217]],[[109.03706,-7.69353],[109.03706,-7.69308],[109.03662,-7.69308],[109.03661,-7.69308],[109.03661,-7.69352],[109.03661,-7.69353],[109.03706,-7.69353]],[[109.03616,-7.69217],[109.03616,-7.69172],[109.03572,-7.69172],[109.03571,-7.69172],[109.03571,-7.69217],[109.03616,-7.69217]],[[109.03796,-7.69443],[109.03796,-7.69399],[109.03752,-7.69399],[109.03752,-7.69443],[109.03796,-7.69443]],[[109.03938,-7.6845],[109.03982,-7.6845],[109.03982,-7.68406],[109.03982,-7.68405],[109.03982,-7.68389],[109.03982,-7.6836],[109.03979,-7.6836],[109.03938,-7.6836],[109.03938,-7.68405],[109.03938,-7.6845]],[[109.03936,-7.68857],[109.0398,-7.68857],[109.0398,-7.68812],[109.03981,-7.68812],[109.03981,-7.68803],[109.03981,-7.68802],[109.03981,-7.68767],[109.03936,-7.68767],[109.03936,-7.68812],[109.03936,-7.68834],[109.03936,-7.68857]],[[109.03979,-7.69309],[109.03979,-7.69264],[109.03934,-7.69264],[109.03934,-7.69309],[109.03978,-7.69309],[109.03979,-7.69309]],[[109.03937,-7.68586],[109.03937,-7.68541],[109.03892,-7.68541],[109.03891,-7.68541],[109.03846,-7.68541],[109.03846,-7.68585],[109.03892,-7.68585],[109.03892,-7.68586],[109.03936,-7.68586],[109.03937,-7.68586]],[[109.038,-7.6854],[109.03756,-7.6854],[109.03756,-7.68585],[109.038,-7.68585],[109.038,-7.6854]],[[109.0389,-7.68754],[109.03885,-7.68754],[109.03885,-7.68762],[109.0389,-7.68762],[109.03891,-7.68762],[109.03891,-7.68762],[109.03894,-7.68763],[109.03894,-7.68754],[109.03891,-7.68754],[109.0389,-7.68754]],[[109.03891,-7.68676],[109.03936,-7.68676],[109.03936,-7.68631],[109.03892,-7.68631],[109.03891,-7.68631],[109.03891,-7.68676]],[[109.03868,-7.68319],[109.03877,-7.68319],[109.03877,-7.68315],[109.03877,-7.68314],[109.03877,-7.68311],[109.03869,-7.6831],[109.03869,-7.68314],[109.03869,-7.68315],[109.03869,-7.68315],[109.03868,-7.68319]],[[109.03868,-7.68365],[109.03868,-7.6836],[109.03868,-7.68359],[109.03868,-7.68356],[109.03859,-7.68356],[109.03859,-7.68359],[109.03859,-7.6836],[109.03859,-7.68365],[109.03868,-7.68365]],[[109.03956,-7.68332],[109.0396,-7.68333],[109.03978,-7.68331],[109.03964,-7.68323],[109.03951,-7.68324],[109.03956,-7.68332]],[[109.0407,-7.69056],[109.04079,-7.69056],[109.04079,-7.69039],[109.04079,-7.69038],[109.04079,-7.69002],[109.04071,-7.69002],[109.0407,-7.69002],[109.04043,-7.69002],[109.04043,-7.69038],[109.04025,-7.69038],[109.04007,-7.69038],[109.04007,-7.69074],[109.04024,-7.69074],[109.04025,-7.69074],[109.04025,-7.69083],[109.04025,-7.69084],[109.04025,-7.69092],[109.04061,-7.69092],[109.04061,-7.69084],[109.04061,-7.69083],[109.04061,-7.69056],[109.0407,-7.69056]],[[109.03082,-7.67452],[109.03126,-7.67452],[109.03127,-7.67452],[109.03172,-7.67452],[109.03172,-7.67453],[109.03217,-7.67453],[109.03217,-7.67498],[109.03217,-7.67543],[109.03261,-7.67543],[109.03261,-7.67498],[109.03262,-7.67498],[109.03262,-7.67453],[109.03262,-7.67408],[109.03217,-7.67408],[109.03172,-7.67408],[109.03171,-7.67408],[109.03127,-7.67408],[109.03126,-7.67408],[109.03126,-7.67407],[109.03082,-7.67407],[109.03082,-7.67452]],[[109.03081,-7.67498],[109.03036,-7.67498],[109.03036,-7.67542],[109.03081,-7.67542],[109.03081,-7.67498]],[[109.03715,-7.67275],[109.03671,-7.67275],[109.03671,-7.67319],[109.03715,-7.67319],[109.03715,-7.67275]],[[109.03509,-7.67102],[109.03508,-7.67102],[109.03491,-7.67102],[109.0349,-7.67102],[109.03472,-7.67102],[109.03472,-7.67138],[109.03472,-7.67156],[109.03472,-7.67183],[109.03472,-7.67192],[109.0349,-7.67192],[109.03491,-7.67192],[109.03526,-7.67192],[109.03526,-7.67183],[109.03526,-7.67174],[109.03535,-7.67174],[109.03536,-7.67174],[109.03563,-7.67174],[109.03563,-7.67138],[109.03536,-7.67138],[109.03535,-7.67138],[109.03527,-7.67138],[109.03527,-7.67102],[109.03509,-7.67102]],[[109.03536,-7.67274],[109.03536,-7.67319],[109.0358,-7.67319],[109.0358,-7.67274],[109.03536,-7.67274]],[[109.03353,-7.67363],[109.03353,-7.67318],[109.03353,-7.67273],[109.03309,-7.67273],[109.03309,-7.67318],[109.03308,-7.67318],[109.03308,-7.67363],[109.03353,-7.67363]],[[109.03353,-7.67408],[109.03398,-7.67408],[109.03398,-7.67364],[109.03398,-7.67363],[109.03353,-7.67363],[109.03353,-7.67408]],[[109.03264,-7.67137],[109.03264,-7.67092],[109.03219,-7.67092],[109.03219,-7.67136],[109.03219,-7.67137],[109.03264,-7.67137]],[[109.03218,-7.67227],[109.03218,-7.67272],[109.03263,-7.67272],[109.03308,-7.67272],[109.03308,-7.67227],[109.03309,-7.67227],[109.03309,-7.67183],[109.03309,-7.67182],[109.03264,-7.67182],[109.03219,-7.67182],[109.03219,-7.67227],[109.03218,-7.67227]],[[109.03509,-7.67712],[109.03509,-7.67703],[109.03491,-7.67703],[109.03491,-7.67712],[109.03488,-7.67712],[109.03487,-7.67712],[109.03482,-7.67712],[109.03482,-7.67721],[109.03487,-7.67721],[109.03488,-7.67721],[109.035,-7.67721],[109.035,-7.67712],[109.03509,-7.67712]],[[109.03518,-7.67703],[109.03518,-7.67694],[109.03527,-7.67694],[109.03527,-7.67685],[109.03527,-7.6768],[109.03527,-7.67667],[109.03518,-7.67667],[109.03518,-7.67658],[109.03509,-7.67658],[109.03509,-7.67649],[109.035,-7.67649],[109.035,-7.67676],[109.03509,-7.67676],[109.03509,-7.6768],[109.03509,-7.67703],[109.03518,-7.67703]],[[109.03481,-7.67725],[109.03481,-7.67721],[109.03472,-7.67721],[109.03472,-7.67725],[109.03472,-7.6773],[109.03481,-7.6773],[109.03481,-7.67725]],[[109.03463,-7.67784],[109.03472,-7.67784],[109.03472,-7.67771],[109.03472,-7.6777],[109.03472,-7.67766],[109.03463,-7.67766],[109.03463,-7.6777],[109.03463,-7.67771],[109.03463,-7.67784]],[[109.03418,-7.67694],[109.03418,-7.6768],[109.03418,-7.67676],[109.03409,-7.67676],[109.03409,-7.6768],[109.03409,-7.67694],[109.03418,-7.67694]],[[109.03445,-7.67228],[109.03445,-7.67183],[109.034,-7.67183],[109.034,-7.67228],[109.03444,-7.67228],[109.03445,-7.67228]],[[109.03484,-7.67269],[109.03484,-7.67273],[109.03484,-7.67274],[109.03484,-7.67278],[109.0349,-7.67278],[109.03493,-7.67278],[109.03493,-7.67274],[109.03493,-7.67273],[109.03493,-7.67269],[109.0349,-7.67269],[109.03484,-7.67269]],[[109.03517,-7.66795],[109.03525,-7.66795],[109.03537,-7.6679],[109.03535,-7.66785],[109.03525,-7.66784],[109.03513,-7.66785],[109.03509,-7.6679],[109.03517,-7.66795]],[[109.03654,-7.67731],[109.03654,-7.67726],[109.03654,-7.67722],[109.03645,-7.67722],[109.03645,-7.67726],[109.03645,-7.67731],[109.03654,-7.67731]],[[109.03809,-7.66868],[109.03854,-7.66868],[109.03854,-7.66824],[109.03854,-7.66823],[109.03809,-7.66823],[109.03764,-7.66823],[109.03764,-7.66868],[109.03808,-7.66868],[109.03809,-7.66868]],[[109.03808,-7.67004],[109.03808,-7.66959],[109.03763,-7.66959],[109.03763,-7.67003],[109.03763,-7.67004],[109.03808,-7.67004]],[[109.03719,-7.66868],[109.03718,-7.66868],[109.03718,-7.66913],[109.03763,-7.66913],[109.03763,-7.66868],[109.03719,-7.66868]],[[109.03989,-7.66869],[109.03945,-7.66869],[109.03944,-7.66869],[109.03944,-7.66914],[109.03989,-7.66914],[109.03989,-7.66869]],[[109.03988,-7.67276],[109.04033,-7.67276],[109.04033,-7.67231],[109.03989,-7.67231],[109.03988,-7.67231],[109.03943,-7.67231],[109.03943,-7.67275],[109.03988,-7.67275],[109.03988,-7.67276]],[[109.05297,-7.68158],[109.05297,-7.68159],[109.05279,-7.68159],[109.05279,-7.68185],[109.05279,-7.68194],[109.05295,-7.68194],[109.05297,-7.68194],[109.05297,-7.68205],[109.05297,-7.68212],[109.05333,-7.68212],[109.05333,-7.68194],[109.05334,-7.68194],[109.05342,-7.68194],[109.05343,-7.68194],[109.05352,-7.68194],[109.05352,-7.68186],[109.05352,-7.68164],[109.05352,-7.68159],[109.05343,-7.68159],[109.05342,-7.68159],[109.05334,-7.68159],[109.05333,-7.68159],[109.05333,-7.68141],[109.05298,-7.68141],[109.05297,-7.68141],[109.05297,-7.68158]],[[109.05361,-7.68152],[109.05361,-7.68153],[109.05361,-7.68154],[109.05361,-7.68155],[109.05362,-7.68157],[109.0537,-7.68159],[109.05371,-7.68142],[109.05368,-7.68141],[109.05367,-7.68141],[109.05362,-7.68139],[109.05358,-7.68139],[109.05358,-7.6814],[109.05361,-7.68152],[109.05361,-7.68152]],[[109.05387,-7.68321],[109.05432,-7.68321],[109.05432,-7.68276],[109.05388,-7.68276],[109.05387,-7.68276],[109.05387,-7.68321]],[[109.05342,-7.68321],[109.05342,-7.68341],[109.05342,-7.68366],[109.05355,-7.68366],[109.05387,-7.68366],[109.05387,-7.68321],[109.05342,-7.68321]],[[109.05341,-7.68547],[109.05341,-7.68502],[109.05341,-7.68457],[109.05296,-7.68457],[109.05296,-7.68502],[109.05251,-7.68502],[109.05251,-7.68547],[109.05206,-7.68547],[109.05205,-7.68547],[109.0516,-7.68547],[109.0516,-7.68546],[109.0516,-7.68501],[109.0516,-7.68456],[109.05116,-7.68456],[109.05115,-7.68456],[109.05115,-7.68501],[109.0507,-7.68501],[109.05069,-7.68501],[109.05024,-7.68501],[109.05024,-7.68546],[109.04978,-7.68546],[109.04978,-7.68545],[109.04935,-7.68545],[109.04934,-7.68545],[109.04933,-7.68545],[109.04926,-7.68545],[109.04888,-7.68545],[109.04888,-7.6859],[109.04933,-7.6859],[109.04933,-7.68636],[109.04887,-7.68636],[109.04887,-7.68635],[109.04842,-7.68635],[109.04842,-7.6868],[109.04842,-7.68725],[109.04842,-7.68726],[109.04842,-7.68771],[109.04887,-7.68771],[109.04932,-7.68771],[109.04967,-7.68771],[109.04967,-7.68775],[109.04969,-7.68775],[109.04975,-7.68772],[109.04974,-7.68771],[109.04977,-7.68771],[109.04977,-7.68726],[109.04977,-7.68681],[109.05022,-7.68681],[109.05023,-7.68681],[109.05068,-7.68681],[109.05068,-7.68636],[109.05114,-7.68636],[109.0516,-7.68636],[109.0516,-7.68682],[109.05204,-7.68682],[109.05204,-7.68637],[109.05205,-7.68637],[109.05205,-7.68592],[109.05251,-7.68592],[109.05251,-7.68637],[109.0525,-7.68637],[109.0525,-7.68682],[109.05295,-7.68682],[109.05295,-7.68727],[109.05295,-7.68728],[109.0534,-7.68728],[109.05385,-7.68728],[109.05386,-7.68728],[109.05431,-7.68728],[109.05431,-7.68683],[109.05431,-7.68638],[109.05431,-7.68623],[109.05431,-7.68593],[109.05431,-7.68548],[109.05431,-7.68547],[109.05476,-7.68547],[109.05476,-7.68503],[109.05476,-7.68502],[109.05477,-7.68502],[109.05477,-7.68458],[109.05477,-7.68457],[109.05477,-7.68412],[109.05522,-7.68412],[109.05523,-7.68412],[109.05568,-7.68412],[109.05568,-7.68457],[109.05568,-7.68458],[109.05613,-7.68458],[109.05658,-7.68458],[109.05658,-7.68413],[109.05613,-7.68413],[109.05613,-7.68368],[109.05659,-7.68368],[109.05659,-7.68323],[109.05614,-7.68323],[109.05614,-7.68322],[109.05569,-7.68322],[109.05568,-7.68322],[109.05523,-7.68322],[109.05523,-7.68277],[109.05479,-7.68277],[109.05478,-7.68277],[109.05478,-7.68322],[109.05478,-7.68367],[109.05433,-7.68367],[109.05432,-7.68367],[109.05387,-7.68367],[109.05387,-7.68411],[109.05387,-7.68412],[109.05387,-7.68457],[109.05432,-7.68457],[109.05432,-7.68502],[109.05397,-7.68502],[109.05386,-7.68502],[109.05386,-7.68547],[109.05341,-7.68547]],[[109.05295,-7.68818],[109.05295,-7.68863],[109.05339,-7.68863],[109.0534,-7.68863],[109.05385,-7.68863],[109.05385,-7.68864],[109.0543,-7.68864],[109.0543,-7.68819],[109.05385,-7.68819],[109.05385,-7.68818],[109.0534,-7.68818],[109.05295,-7.68818]],[[109.04738,-7.67631],[109.04756,-7.67632],[109.0472,-7.67632],[109.0472,-7.6764],[109.0472,-7.67641],[109.0472,-7.67668],[109.04756,-7.67668],[109.04774,-7.67668],[109.04774,-7.6765],[109.04793,-7.6765],[109.04793,-7.67641],[109.04793,-7.67614],[109.04801,-7.67614],[109.04802,-7.67614],[109.04811,-7.67614],[109.04811,-7.67596],[109.04829,-7.67596],[109.04829,-7.6756],[109.04802,-7.6756],[109.04801,-7.6756],[109.04793,-7.6756],[109.04793,-7.67578],[109.04775,-7.67578],[109.04775,-7.67595],[109.04775,-7.67596],[109.04774,-7.67596],[109.04757,-7.67596],[109.04756,-7.67596],[109.04738,-7.67596],[109.04738,-7.67631]],[[109.04709,-7.68092],[109.04664,-7.68092],[109.04663,-7.68092],[109.04618,-7.68092],[109.04618,-7.68047],[109.04663,-7.68047],[109.04664,-7.68047],[109.04664,-7.68002],[109.04619,-7.68002],[109.04574,-7.68002],[109.04574,-7.68046],[109.04574,-7.68047],[109.04573,-7.68047],[109.04573,-7.68092],[109.04528,-7.68092],[109.04527,-7.68092],[109.04482,-7.68092],[109.04482,-7.68136],[109.04482,-7.68137],[109.04437,-7.68137],[109.04436,-7.68137],[109.04436,-7.68136],[109.04392,-7.68136],[109.04392,-7.68181],[109.04436,-7.68181],[109.04437,-7.68181],[109.04482,-7.68181],[109.04482,-7.68182],[109.04482,-7.68227],[109.04527,-7.68227],[109.04527,-7.68272],[109.04482,-7.68272],[109.04481,-7.68272],[109.04437,-7.68272],[109.04436,-7.68272],[109.04392,-7.68272],[109.04391,-7.68272],[109.04391,-7.68317],[109.04436,-7.68317],[109.04437,-7.68317],[109.04437,-7.68362],[109.04436,-7.68362],[109.04391,-7.68362],[109.04391,-7.68407],[109.04435,-7.68407],[109.04436,-7.68407],[109.04481,-7.68407],[109.04481,-7.68362],[109.04527,-7.68362],[109.04527,-7.68363],[109.04572,-7.68363],[109.04572,-7.68408],[109.04616,-7.68408],[109.04616,-7.68363],[109.04616,-7.68318],[109.04617,-7.68318],[109.04662,-7.68318],[109.04662,-7.68363],[109.04707,-7.68363],[109.04752,-7.68363],[109.04752,-7.68319],[109.04752,-7.68318],[109.04798,-7.68318],[109.04798,-7.68319],[109.04798,-7.68364],[109.04753,-7.68364],[109.04753,-7.68409],[109.04797,-7.68409],[109.04798,-7.68409],[109.04843,-7.68409],[109.04843,-7.68454],[109.04798,-7.68454],[109.04797,-7.68454],[109.04753,-7.68454],[109.04752,-7.68454],[109.04752,-7.68499],[109.04752,-7.68544],[109.04797,-7.68544],[109.04797,-7.68499],[109.04843,-7.68499],[109.04843,-7.685],[109.04888,-7.685],[109.04915,-7.685],[109.04925,-7.685],[109.04933,-7.685],[109.04933,-7.68493],[109.04933,-7.68483],[109.04933,-7.68455],[109.04979,-7.68455],[109.04979,-7.6841],[109.05024,-7.6841],[109.05025,-7.6841],[109.0507,-7.6841],[109.0507,-7.68365],[109.0507,-7.6832],[109.05025,-7.6832],[109.05025,-7.68275],[109.05025,-7.68274],[109.05025,-7.6823],[109.05025,-7.68229],[109.0498,-7.68229],[109.0498,-7.68184],[109.05025,-7.68184],[109.05025,-7.68139],[109.05025,-7.68094],[109.04981,-7.68094],[109.0498,-7.68094],[109.04935,-7.68094],[109.04935,-7.68048],[109.04891,-7.68048],[109.0489,-7.68048],[109.04845,-7.68048],[109.04845,-7.68003],[109.048,-7.68003],[109.048,-7.68048],[109.04754,-7.68048],[109.04754,-7.68047],[109.0471,-7.68047],[109.04709,-7.68047],[109.04709,-7.68092]],[[109.04707,-7.68544],[109.04707,-7.68589],[109.04752,-7.68589],[109.04752,-7.68544],[109.04707,-7.68544]],[[109.04706,-7.68725],[109.04706,-7.6877],[109.04661,-7.6877],[109.04661,-7.68815],[109.04615,-7.68815],[109.04615,-7.6886],[109.0457,-7.6886],[109.04569,-7.6886],[109.04569,-7.68905],[109.04569,-7.6895],[109.04524,-7.6895],[109.04523,-7.6895],[109.04511,-7.6895],[109.04501,-7.6895],[109.04479,-7.6895],[109.04479,-7.68995],[109.04478,-7.68995],[109.04434,-7.68995],[109.04433,-7.68995],[109.04388,-7.68995],[109.04388,-7.6904],[109.04343,-7.6904],[109.04343,-7.69085],[109.04387,-7.69085],[109.04388,-7.69085],[109.04433,-7.69085],[109.04433,-7.6913],[109.04433,-7.69175],[109.04433,-7.69176],[109.04432,-7.69176],[109.04432,-7.6922],[109.04432,-7.69221],[109.04477,-7.69221],[109.04477,-7.69176],[109.04477,-7.69131],[109.04477,-7.6913],[109.04478,-7.6913],[109.04478,-7.69085],[109.04523,-7.69085],[109.04524,-7.69085],[109.04524,-7.69131],[109.04523,-7.69131],[109.04523,-7.69176],[109.04523,-7.69221],[109.04568,-7.69221],[109.04568,-7.69176],[109.04613,-7.69176],[109.04614,-7.69176],[109.04614,-7.69221],[109.04658,-7.69221],[109.04658,-7.69177],[109.04658,-7.69176],[109.04659,-7.69176],[109.04704,-7.69176],[109.04704,-7.69177],[109.04704,-7.69222],[109.04748,-7.69222],[109.04749,-7.69222],[109.04793,-7.69222],[109.04794,-7.69222],[109.04794,-7.69177],[109.04794,-7.69132],[109.04794,-7.69087],[109.04796,-7.69087],[109.0484,-7.69087],[109.04885,-7.69087],[109.04885,-7.69064],[109.04885,-7.69063],[109.04885,-7.69042],[109.04886,-7.69042],[109.04886,-7.68997],[109.0484,-7.68997],[109.0484,-7.68952],[109.0484,-7.68951],[109.04886,-7.68951],[109.04886,-7.68907],[109.04886,-7.68906],[109.04886,-7.68861],[109.04841,-7.68861],[109.04841,-7.68816],[109.04841,-7.68811],[109.04841,-7.6879],[109.04841,-7.68771],[109.04831,-7.68771],[109.04821,-7.68771],[109.04796,-7.68771],[109.04796,-7.68725],[109.04752,-7.68725],[109.04751,-7.68725],[109.04707,-7.68725],[109.04706,-7.68725]],[[109.04703,-7.69448],[109.04748,-7.69448],[109.04748,-7.69403],[109.04704,-7.69403],[109.04703,-7.69403],[109.04703,-7.69448]],[[109.04568,-7.69312],[109.04612,-7.69312],[109.04613,-7.69312],[109.04658,-7.69312],[109.04703,-7.69312],[109.04703,-7.69267],[109.04659,-7.69267],[109.04658,-7.69267],[109.04614,-7.69267],[109.04613,-7.69267],[109.04568,-7.69267],[109.04523,-7.69267],[109.04523,-7.69311],[109.04568,-7.69311],[109.04568,-7.69312]],[[109.04566,-7.69537],[109.04566,-7.69493],[109.04566,-7.69492],[109.04522,-7.69492],[109.04521,-7.69492],[109.04521,-7.69537],[109.04566,-7.69537]],[[109.04388,-7.68949],[109.04343,-7.68949],[109.04343,-7.68994],[109.04388,-7.68994],[109.04388,-7.6895],[109.04388,-7.68949]],[[109.04386,-7.69189],[109.04386,-7.69175],[109.04378,-7.69175],[109.04342,-7.69175],[109.04342,-7.6922],[109.04386,-7.6922],[109.04386,-7.69189]],[[109.0425,-7.69311],[109.0425,-7.69355],[109.04295,-7.69355],[109.04295,-7.69356],[109.04341,-7.69356],[109.04341,-7.69401],[109.04385,-7.69401],[109.04385,-7.69356],[109.04431,-7.69356],[109.04431,-7.69311],[109.04386,-7.69311],[109.04386,-7.69266],[109.04341,-7.69266],[109.04341,-7.69311],[109.04296,-7.69311],[109.04295,-7.69311],[109.0425,-7.69311]],[[109.04341,-7.69265],[109.04341,-7.6922],[109.04296,-7.6922],[109.04251,-7.6922],[109.04251,-7.69265],[109.04295,-7.69265],[109.04296,-7.69265],[109.04341,-7.69265]],[[109.04296,-7.69129],[109.04296,-7.69085],[109.04252,-7.69085],[109.04252,-7.69129],[109.04296,-7.69129]],[[109.04343,-7.68813],[109.04343,-7.68769],[109.04298,-7.68769],[109.04298,-7.68813],[109.04343,-7.68813]],[[109.04392,-7.68],[109.04392,-7.67956],[109.04392,-7.67955],[109.04347,-7.67955],[109.04347,-7.68],[109.04391,-7.68],[109.04392,-7.68]],[[109.04391,-7.68181],[109.04347,-7.68181],[109.04347,-7.68226],[109.04391,-7.68226],[109.04391,-7.68181]],[[109.04205,-7.68095],[109.04205,-7.6809],[109.0421,-7.6809],[109.04211,-7.6809],[109.04211,-7.68045],[109.04166,-7.68045],[109.04166,-7.6805],[109.0416,-7.6805],[109.0416,-7.68059],[109.04151,-7.68059],[109.04151,-7.68077],[109.04159,-7.68077],[109.0416,-7.68068],[109.04166,-7.68068],[109.04166,-7.6809],[109.04187,-7.6809],[109.04187,-7.68104],[109.04196,-7.68104],[109.04196,-7.68095],[109.04205,-7.68095]],[[109.04205,-7.68104],[109.0421,-7.68104],[109.04211,-7.68104],[109.04214,-7.68104],[109.04214,-7.68095],[109.04211,-7.68095],[109.0421,-7.68095],[109.04205,-7.68095],[109.04205,-7.68104]],[[109.04314,-7.68045],[109.04314,-7.68041],[109.04323,-7.68041],[109.04323,-7.68032],[109.04314,-7.68032],[109.04314,-7.68023],[109.04305,-7.68023],[109.04305,-7.68032],[109.04302,-7.68032],[109.04301,-7.68032],[109.04278,-7.68032],[109.04278,-7.68041],[109.04277,-7.68041],[109.04259,-7.68041],[109.04259,-7.68045],[109.04259,-7.6805],[109.04268,-7.6805],[109.04268,-7.68059],[109.04295,-7.68059],[109.04296,-7.6805],[109.04301,-7.6805],[109.04302,-7.6805],[109.04314,-7.6805],[109.04314,-7.68046],[109.04314,-7.68045]],[[109.04527,-7.68408],[109.04527,-7.68453],[109.04571,-7.68453],[109.04571,-7.68408],[109.04527,-7.68408]],[[109.04572,-7.68544],[109.04571,-7.68544],[109.04571,-7.68589],[109.04616,-7.68589],[109.04616,-7.68544],[109.04572,-7.68544]],[[109.04526,-7.68589],[109.04526,-7.68634],[109.0457,-7.68634],[109.0457,-7.68589],[109.04526,-7.68589]],[[109.04436,-7.68498],[109.0448,-7.68498],[109.0448,-7.68453],[109.04436,-7.68453],[109.04436,-7.68498]],[[109.0462,-7.67821],[109.0462,-7.67776],[109.0462,-7.67731],[109.04575,-7.67731],[109.04575,-7.67775],[109.04575,-7.6782],[109.04575,-7.67821],[109.04619,-7.67821],[109.0462,-7.67821]],[[109.04528,-7.67956],[109.04528,-7.68001],[109.04573,-7.68001],[109.04573,-7.67956],[109.04528,-7.67956]],[[109.04528,-7.67911],[109.04484,-7.67911],[109.04483,-7.67911],[109.04438,-7.67911],[109.04438,-7.67955],[109.04438,-7.67956],[109.04482,-7.67956],[109.04483,-7.67956],[109.04528,-7.67956],[109.04528,-7.67911]],[[109.04485,-7.6773],[109.04485,-7.67775],[109.04484,-7.67775],[109.04484,-7.6782],[109.04484,-7.67865],[109.04529,-7.67865],[109.04529,-7.67821],[109.04529,-7.6782],[109.04529,-7.67775],[109.04529,-7.6773],[109.04485,-7.6773]],[[109.04467,-7.67549],[109.04484,-7.67549],[109.04484,-7.67504],[109.0444,-7.67504],[109.0444,-7.67549],[109.04467,-7.67549]],[[109.0471,-7.67731],[109.04665,-7.67731],[109.04665,-7.67776],[109.0471,-7.67776],[109.0471,-7.67731]],[[109.0458,-7.69408],[109.0458,-7.69402],[109.0458,-7.69394],[109.04571,-7.69399],[109.04573,-7.69402],[109.04576,-7.69405],[109.0458,-7.69408]],[[109.0459,-7.69434],[109.04585,-7.69425],[109.04586,-7.69435],[109.0459,-7.69434]],[[109.04388,-7.67206],[109.04388,-7.67205],[109.04387,-7.67207],[109.0439,-7.67207],[109.04389,-7.67206],[109.04388,-7.67206]],[[109.04528,-7.67188],[109.04529,-7.67188],[109.04529,-7.67187],[109.04528,-7.67188]],[[109.04986,-7.66783],[109.04986,-7.66768],[109.04986,-7.6674],[109.04986,-7.66738],[109.04977,-7.66738],[109.04942,-7.66738],[109.04942,-7.66783],[109.04942,-7.66828],[109.04986,-7.66828],[109.04986,-7.66783]],[[109.04894,-7.67145],[109.04885,-7.67145],[109.04885,-7.67162],[109.04885,-7.67163],[109.04867,-7.67163],[109.04867,-7.67189],[109.04867,-7.6719],[109.04867,-7.67216],[109.04893,-7.67216],[109.04894,-7.67216],[109.04903,-7.67216],[109.04903,-7.6719],[109.04903,-7.67189],[109.04903,-7.6718],[109.04904,-7.6718],[109.04921,-7.6718],[109.04939,-7.6718],[109.0494,-7.6718],[109.04957,-7.6718],[109.04957,-7.67145],[109.0494,-7.67145],[109.04939,-7.67145],[109.04922,-7.67145],[109.04921,-7.67145],[109.04894,-7.67145]],[[109.05029,-7.67235],[109.0503,-7.67235],[109.05075,-7.67235],[109.05075,-7.67191],[109.05075,-7.6719],[109.0503,-7.6719],[109.04985,-7.6719],[109.04984,-7.6719],[109.0494,-7.6719],[109.04939,-7.6719],[109.04939,-7.67235],[109.04984,-7.67235],[109.05029,-7.67235]],[[109.04847,-7.67686],[109.04847,-7.67731],[109.04891,-7.67731],[109.04891,-7.67687],[109.04891,-7.67686],[109.04937,-7.67686],[109.04937,-7.67642],[109.04937,-7.67641],[109.04937,-7.67596],[109.04893,-7.67596],[109.04893,-7.67641],[109.04847,-7.67641],[109.04847,-7.67686]],[[109.04714,-7.66912],[109.04714,-7.66917],[109.04714,-7.66918],[109.04759,-7.66918],[109.04759,-7.66873],[109.0475,-7.66873],[109.04714,-7.66873],[109.04714,-7.66892],[109.04714,-7.66906],[109.04714,-7.66912]],[[109.04758,-7.67144],[109.04714,-7.67144],[109.04714,-7.67188],[109.04714,-7.67189],[109.04758,-7.67189],[109.04758,-7.67144]],[[109.04668,-7.67083],[109.04668,-7.67053],[109.04644,-7.67053],[109.04623,-7.67053],[109.04623,-7.67098],[109.04628,-7.67098],[109.04638,-7.67098],[109.04656,-7.67098],[109.04668,-7.67098],[109.04668,-7.67093],[109.04668,-7.67083]],[[109.04578,-7.67098],[109.04578,-7.67143],[109.04612,-7.67143],[109.04614,-7.67143],[109.04623,-7.67143],[109.04623,-7.67115],[109.04623,-7.67114],[109.04623,-7.6711],[109.04623,-7.67109],[109.04623,-7.67098],[109.04578,-7.67098]],[[109.04623,-7.67188],[109.04668,-7.67188],[109.04668,-7.67144],[109.04668,-7.67143],[109.04623,-7.67143],[109.04623,-7.67188]],[[109.04804,-7.67279],[109.04848,-7.67279],[109.04848,-7.67235],[109.04804,-7.67235],[109.04804,-7.67279]],[[109.04894,-7.67144],[109.04894,-7.67099],[109.04849,-7.67099],[109.04804,-7.67099],[109.04804,-7.67144],[109.04848,-7.67144],[109.04849,-7.67144],[109.04894,-7.67144]],[[109.0491,-7.69178],[109.04885,-7.69178],[109.04885,-7.69218],[109.04885,-7.69223],[109.04893,-7.69223],[109.0493,-7.69223],[109.0493,-7.69268],[109.04975,-7.69268],[109.0502,-7.69268],[109.0502,-7.69223],[109.04975,-7.69223],[109.04975,-7.69178],[109.04931,-7.69178],[109.0493,-7.69178],[109.04921,-7.69178],[109.0491,-7.69178]],[[109.04885,-7.69177],[109.04885,-7.69133],[109.04885,-7.69132],[109.0484,-7.69132],[109.0484,-7.69177],[109.04885,-7.69177]],[[109.04913,-7.69064],[109.04914,-7.69065],[109.04915,-7.69067],[109.04919,-7.69063],[109.04916,-7.6906],[109.04914,-7.69064],[109.04913,-7.69064]],[[109.05159,-7.68682],[109.05114,-7.68682],[109.05114,-7.68727],[109.05158,-7.68727],[109.05159,-7.68727],[109.05159,-7.68682]],[[109.05067,-7.68817],[109.05067,-7.68772],[109.05023,-7.68772],[109.05023,-7.68817],[109.05067,-7.68817]],[[109.05205,-7.68727],[109.05249,-7.68727],[109.05249,-7.68682],[109.05205,-7.68682],[109.05205,-7.68727]],[[109.05127,-7.6841],[109.05161,-7.6841],[109.05161,-7.68411],[109.05205,-7.68411],[109.05205,-7.68366],[109.05194,-7.68366],[109.05184,-7.68366],[109.05161,-7.68366],[109.0516,-7.68366],[109.05116,-7.68366],[109.05116,-7.68406],[109.05116,-7.6841],[109.05127,-7.6841]],[[109.05295,-7.68411],[109.05251,-7.68411],[109.05251,-7.68456],[109.05295,-7.68456],[109.05295,-7.68411]],[[109.04983,-7.67642],[109.04983,-7.67687],[109.05028,-7.67687],[109.05028,-7.67642],[109.04983,-7.67642]],[[109.05138,-7.67456],[109.05138,-7.67456],[109.05139,-7.67456],[109.05138,-7.67456]],[[109.0503,-7.67344],[109.05066,-7.67344],[109.05066,-7.67326],[109.05074,-7.67326],[109.05075,-7.67326],[109.05079,-7.67326],[109.05087,-7.67326],[109.05102,-7.67326],[109.05102,-7.67308],[109.0512,-7.67308],[109.05138,-7.67308],[109.05138,-7.67282],[109.05138,-7.67281],[109.05138,-7.67273],[109.05138,-7.67272],[109.0512,-7.67272],[109.0512,-7.67236],[109.05075,-7.67236],[109.05075,-7.67272],[109.05048,-7.67272],[109.05048,-7.6728],[109.05048,-7.67281],[109.05048,-7.6729],[109.05047,-7.6729],[109.0503,-7.6729],[109.05029,-7.6729],[109.04993,-7.6729],[109.04993,-7.67325],[109.05011,-7.67325],[109.05011,-7.67326],[109.05029,-7.67326],[109.0503,-7.67326],[109.0503,-7.67344]],[[109.05108,-7.67411],[109.05107,-7.67411],[109.05095,-7.67416],[109.05108,-7.67411]],[[109.05384,-7.68999],[109.05384,-7.69044],[109.05429,-7.69044],[109.05429,-7.69],[109.05429,-7.68999],[109.05429,-7.68954],[109.05385,-7.68954],[109.05385,-7.68999],[109.05384,-7.68999]],[[109.05614,-7.68097],[109.0557,-7.68097],[109.0557,-7.68141],[109.05614,-7.68141],[109.05614,-7.68097]],[[109.05614,-7.68277],[109.05614,-7.68232],[109.0557,-7.68232],[109.05569,-7.68232],[109.05569,-7.68277],[109.05614,-7.68277]],[[109.0548,-7.68092],[109.0548,-7.68096],[109.05524,-7.68096],[109.05525,-7.68096],[109.05569,-7.68096],[109.05569,-7.68051],[109.05565,-7.68051],[109.05555,-7.68051],[109.05525,-7.68051],[109.05524,-7.68051],[109.0548,-7.68051],[109.0548,-7.68083],[109.0548,-7.68092]],[[109.05472,-7.68774],[109.05431,-7.68774],[109.05431,-7.68819],[109.05475,-7.68819],[109.05476,-7.68819],[109.05486,-7.68819],[109.05521,-7.68819],[109.05521,-7.68774],[109.05476,-7.68774],[109.05472,-7.68774]],[[109.05567,-7.68593],[109.05567,-7.68548],[109.05567,-7.68503],[109.05523,-7.68503],[109.05522,-7.68503],[109.05522,-7.68548],[109.05522,-7.68593],[109.05567,-7.68593]],[[109.05837,-7.68911],[109.05837,-7.68866],[109.05792,-7.68866],[109.05792,-7.68911],[109.05837,-7.68911]],[[109.05704,-7.68458],[109.05749,-7.68458],[109.05749,-7.68414],[109.05749,-7.68413],[109.05705,-7.68413],[109.05704,-7.68413],[109.05704,-7.68458]],[[109.0575,-7.68323],[109.0575,-7.68368],[109.05794,-7.68368],[109.05794,-7.68323],[109.0575,-7.68323]],[[109.05928,-7.68293],[109.05929,-7.6829],[109.05928,-7.6829],[109.05921,-7.68291],[109.05921,-7.68291],[109.05925,-7.68293],[109.05928,-7.68293]],[[109.05695,-7.68277],[109.05695,-7.68233],[109.0566,-7.68233],[109.05659,-7.68233],[109.05659,-7.68268],[109.05659,-7.68269],[109.05623,-7.68269],[109.05623,-7.68277],[109.05623,-7.68304],[109.05641,-7.68304],[109.05641,-7.68322],[109.05659,-7.68322],[109.0566,-7.68322],[109.05677,-7.68322],[109.05677,-7.68304],[109.05695,-7.68304],[109.05695,-7.68278],[109.05695,-7.68277]],[[109.05978,-7.67963],[109.05933,-7.67963],[109.05933,-7.68007],[109.05978,-7.68007],[109.05978,-7.67963]],[[109.06246,-7.68596],[109.06246,-7.68551],[109.06202,-7.68551],[109.06202,-7.68596],[109.06246,-7.68596]],[[109.06065,-7.68596],[109.06065,-7.6864],[109.06065,-7.68641],[109.0611,-7.68641],[109.06155,-7.68641],[109.06155,-7.68596],[109.0611,-7.68596],[109.0611,-7.68551],[109.06065,-7.68551],[109.06065,-7.68595],[109.06065,-7.68596]],[[109.0624,-7.68127],[109.06204,-7.68127],[109.06204,-7.68144],[109.06204,-7.68145],[109.06203,-7.68145],[109.06185,-7.68145],[109.06185,-7.6818],[109.06203,-7.6818],[109.06204,-7.6818],[109.06239,-7.6818],[109.0624,-7.6818],[109.06248,-7.6818],[109.06249,-7.6818],[109.06276,-7.6818],[109.06276,-7.68145],[109.06257,-7.68145],[109.06249,-7.68145],[109.06248,-7.68145],[109.0624,-7.68145],[109.0624,-7.68144],[109.0624,-7.68127]],[[109.06294,-7.68325],[109.06338,-7.68325],[109.06338,-7.68281],[109.06338,-7.6828],[109.06338,-7.68235],[109.06294,-7.68235],[109.06293,-7.68235],[109.06249,-7.68235],[109.06249,-7.6828],[109.06293,-7.6828],[109.06294,-7.6828],[109.06294,-7.68325]],[[109.06428,-7.68281],[109.06429,-7.68281],[109.06429,-7.68236],[109.06427,-7.68236],[109.06413,-7.68236],[109.06384,-7.68236],[109.06384,-7.68255],[109.06384,-7.68268],[109.06384,-7.6828],[109.06384,-7.68281],[109.06428,-7.68281]],[[109.06468,-7.68191],[109.0643,-7.68191],[109.0643,-7.68222],[109.0643,-7.68233],[109.0643,-7.68236],[109.06474,-7.68236],[109.06474,-7.68197],[109.06474,-7.68191],[109.06468,-7.68191]],[[109.0651,-7.68362],[109.06519,-7.68362],[109.06546,-7.68362],[109.06546,-7.68363],[109.06564,-7.68363],[109.06565,-7.68363],[109.06583,-7.68363],[109.0661,-7.68363],[109.0661,-7.68372],[109.06655,-7.68372],[109.06655,-7.68327],[109.06619,-7.68327],[109.0661,-7.68327],[109.06601,-7.68327],[109.06582,-7.68327],[109.06565,-7.68327],[109.06565,-7.68309],[109.06564,-7.68309],[109.06547,-7.68309],[109.0652,-7.68309],[109.06519,-7.68309],[109.0651,-7.68309],[109.0651,-7.68326],[109.0651,-7.68327],[109.06492,-7.68327],[109.06492,-7.68362],[109.0651,-7.68362]],[[109.06519,-7.68372],[109.06519,-7.68417],[109.06564,-7.68417],[109.06564,-7.68372],[109.06519,-7.68372]],[[109.06509,-7.68706],[109.06518,-7.68706],[109.06527,-7.68706],[109.06545,-7.68706],[109.06545,-7.68724],[109.06563,-7.68724],[109.06564,-7.68724],[109.06599,-7.68724],[109.06599,-7.68688],[109.06595,-7.68688],[109.06582,-7.68688],[109.06582,-7.6867],[109.06564,-7.6867],[109.06563,-7.6867],[109.06563,-7.68652],[109.06564,-7.68652],[109.06582,-7.68652],[109.06582,-7.68643],[109.06582,-7.68616],[109.06564,-7.68616],[109.06563,-7.68616],[109.06546,-7.68616],[109.06546,-7.68634],[109.06545,-7.68634],[109.06527,-7.68634],[109.06527,-7.68643],[109.06527,-7.68652],[109.06519,-7.68652],[109.06518,-7.68652],[109.06509,-7.68652],[109.06509,-7.68688],[109.06509,-7.68706]],[[109.06516,-7.69004],[109.06471,-7.69004],[109.06471,-7.69049],[109.06516,-7.69049],[109.06516,-7.69004]],[[109.06515,-7.6932],[109.06516,-7.6932],[109.0656,-7.6932],[109.0656,-7.69276],[109.06515,-7.69276],[109.06515,-7.69275],[109.06471,-7.69275],[109.0647,-7.69275],[109.0647,-7.6932],[109.06515,-7.6932]],[[109.06221,-7.68217],[109.06204,-7.68217],[109.06203,-7.68217],[109.06167,-7.68217],[109.06167,-7.68234],[109.06167,-7.68235],[109.06167,-7.68252],[109.06185,-7.68252],[109.06185,-7.68253],[109.06166,-7.68253],[109.06166,-7.6828],[109.06166,-7.68289],[109.06202,-7.68289],[109.06202,-7.6828],[109.06202,-7.68271],[109.06203,-7.68271],[109.06239,-7.68271],[109.06239,-7.68235],[109.06221,-7.68235],[109.06221,-7.68217]],[[109.06158,-7.68144],[109.06158,-7.68099],[109.06114,-7.68099],[109.06114,-7.68144],[109.06158,-7.68144]],[[109.06427,-7.68687],[109.06427,-7.68642],[109.06383,-7.68642],[109.06383,-7.68687],[109.06427,-7.68687]],[[109.06455,-7.68417],[109.06473,-7.68417],[109.06474,-7.68417],[109.06492,-7.68417],[109.06492,-7.68381],[109.06474,-7.68381],[109.06474,-7.68372],[109.06474,-7.68371],[109.06474,-7.68363],[109.06456,-7.68363],[109.06456,-7.68362],[109.06438,-7.68362],[109.06437,-7.68362],[109.06429,-7.68362],[109.06428,-7.68362],[109.06402,-7.68362],[109.06384,-7.68362],[109.06383,-7.68362],[109.06365,-7.68362],[109.06365,-7.68371],[109.06365,-7.68398],[109.06383,-7.68398],[109.06384,-7.68398],[109.06401,-7.68398],[109.06401,-7.68416],[109.06428,-7.68416],[109.06429,-7.68416],[109.06437,-7.68416],[109.06437,-7.68398],[109.06438,-7.68398],[109.06438,-7.68416],[109.06455,-7.68416],[109.06455,-7.68417]],[[109.06223,-7.67747],[109.06205,-7.67747],[109.06205,-7.67765],[109.06169,-7.67765],[109.06169,-7.67783],[109.06169,-7.67801],[109.06168,-7.67801],[109.0616,-7.67801],[109.06159,-7.67801],[109.06151,-7.67801],[109.06132,-7.67801],[109.06132,-7.678],[109.06151,-7.678],[109.06151,-7.67783],[109.06151,-7.67782],[109.06151,-7.67765],[109.06132,-7.67765],[109.06132,-7.67764],[109.06132,-7.67746],[109.06115,-7.67746],[109.06115,-7.67737],[109.06115,-7.67728],[109.06114,-7.67728],[109.06114,-7.67692],[109.0607,-7.67692],[109.0607,-7.67737],[109.06079,-7.67737],[109.06079,-7.67764],[109.06078,-7.67764],[109.06078,-7.67782],[109.06069,-7.67782],[109.0606,-7.67782],[109.0606,-7.67818],[109.06068,-7.67818],[109.06069,-7.67818],[109.06096,-7.67818],[109.06096,-7.67827],[109.06096,-7.67828],[109.06096,-7.67837],[109.06069,-7.67837],[109.06068,-7.67837],[109.06042,-7.67837],[109.06042,-7.67854],[109.06042,-7.67855],[109.06024,-7.67855],[109.06024,-7.67873],[109.06023,-7.67873],[109.06005,-7.67873],[109.06005,-7.67908],[109.06023,-7.67908],[109.06023,-7.67909],[109.06005,-7.67909],[109.06005,-7.67917],[109.06005,-7.67918],[109.06005,-7.67927],[109.06005,-7.67962],[109.06005,-7.67963],[109.06023,-7.67963],[109.06041,-7.67963],[109.06041,-7.67945],[109.06059,-7.67945],[109.06059,-7.67918],[109.06059,-7.67909],[109.06059,-7.67908],[109.06068,-7.67908],[109.06077,-7.67908],[109.06077,-7.67873],[109.06078,-7.67873],[109.06078,-7.67891],[109.06113,-7.67891],[109.06114,-7.67891],[109.06114,-7.67873],[109.06114,-7.67855],[109.06132,-7.67855],[109.06132,-7.67837],[109.0615,-7.67837],[109.06159,-7.67837],[109.06169,-7.67837],[109.06186,-7.67837],[109.06186,-7.67873],[109.06186,-7.67909],[109.06204,-7.67909],[109.06204,-7.67918],[109.06204,-7.67927],[109.06241,-7.67927],[109.06241,-7.67919],[109.06241,-7.67918],[109.06241,-7.67873],[109.06241,-7.67855],[109.06222,-7.67855],[109.06222,-7.67837],[109.06223,-7.67837],[109.06223,-7.67828],[109.06223,-7.67801],[109.06241,-7.67801],[109.06241,-7.67783],[109.0625,-7.67783],[109.06251,-7.67783],[109.06259,-7.67783],[109.06259,-7.67801],[109.06295,-7.67801],[109.06296,-7.67801],[109.06331,-7.67801],[109.06331,-7.67783],[109.06331,-7.67765],[109.06341,-7.67765],[109.06342,-7.67765],[109.0635,-7.67765],[109.0635,-7.67739],[109.0635,-7.67738],[109.0635,-7.67729],[109.06386,-7.67729],[109.06386,-7.67694],[109.06386,-7.67693],[109.06386,-7.67675],[109.06386,-7.67648],[109.06386,-7.67603],[109.06342,-7.67603],[109.06342,-7.67621],[109.06314,-7.67621],[109.06314,-7.67648],[109.06314,-7.67657],[109.06297,-7.67657],[109.06296,-7.67657],[109.06278,-7.67657],[109.06278,-7.67693],[109.0626,-7.67693],[109.06251,-7.67693],[109.06224,-7.67693],[109.06224,-7.67738],[109.06224,-7.67747],[109.06223,-7.67747]],[[109.0634,-7.67919],[109.06385,-7.67919],[109.06385,-7.6791],[109.06412,-7.6791],[109.06422,-7.6791],[109.06422,-7.67919],[109.06422,-7.67928],[109.0643,-7.67928],[109.06431,-7.67928],[109.0644,-7.67928],[109.06476,-7.67928],[109.06476,-7.6792],[109.06476,-7.67875],[109.06458,-7.67875],[109.06458,-7.67874],[109.0644,-7.67874],[109.06432,-7.67874],[109.06431,-7.67874],[109.06386,-7.67874],[109.06341,-7.67874],[109.0634,-7.67874],[109.06295,-7.67874],[109.06295,-7.67829],[109.06295,-7.67828],[109.06251,-7.67828],[109.0625,-7.67828],[109.0625,-7.67873],[109.0625,-7.67918],[109.0625,-7.67919],[109.06294,-7.67919],[109.06295,-7.67919],[109.0634,-7.67919]],[[109.06069,-7.67692],[109.06069,-7.67647],[109.06024,-7.67647],[109.06024,-7.67691],[109.06024,-7.67692],[109.06069,-7.67692]],[[109.06742,-7.69159],[109.06742,-7.69186],[109.06742,-7.69195],[109.06778,-7.69195],[109.06778,-7.69186],[109.06778,-7.69177],[109.06779,-7.69177],[109.06787,-7.69177],[109.06788,-7.69177],[109.06797,-7.69177],[109.06797,-7.69141],[109.06797,-7.69123],[109.06815,-7.69123],[109.06833,-7.69123],[109.06834,-7.69123],[109.06851,-7.69123],[109.06851,-7.69096],[109.06851,-7.69069],[109.06869,-7.69069],[109.06869,-7.69051],[109.06869,-7.69033],[109.06852,-7.69033],[109.06834,-7.69033],[109.06833,-7.69033],[109.06797,-7.69033],[109.06797,-7.69051],[109.06788,-7.69051],[109.06761,-7.69051],[109.06761,-7.69096],[109.06761,-7.69105],[109.06743,-7.69105],[109.06742,-7.69105],[109.06742,-7.69141],[109.06742,-7.69159]],[[109.06879,-7.69006],[109.06879,-7.69051],[109.06924,-7.69051],[109.06924,-7.69006],[109.0688,-7.69006],[109.06879,-7.69006]],[[109.06743,-7.69006],[109.06743,-7.6905],[109.06788,-7.6905],[109.06788,-7.69006],[109.06743,-7.69006]],[[109.07061,-7.68826],[109.07061,-7.68871],[109.07105,-7.68871],[109.07106,-7.68871],[109.07151,-7.68871],[109.07151,-7.68826],[109.07107,-7.68826],[109.07106,-7.68826],[109.07061,-7.68826]],[[109.06583,-7.68282],[109.06583,-7.68281],[109.06583,-7.68254],[109.06601,-7.68254],[109.06601,-7.68237],[109.06601,-7.68236],[109.06601,-7.682],[109.06566,-7.682],[109.06565,-7.682],[109.06565,-7.68218],[109.06529,-7.68218],[109.06529,-7.68236],[109.06529,-7.68254],[109.06547,-7.68254],[109.06547,-7.68281],[109.06547,-7.68282],[109.06547,-7.6829],[109.06564,-7.6829],[109.06565,-7.6829],[109.06583,-7.6829],[109.06583,-7.68282]],[[109.06477,-7.67603],[109.06432,-7.67603],[109.06432,-7.67648],[109.06477,-7.67648],[109.06477,-7.67604],[109.06477,-7.67603]],[[109.05348,-7.67147],[109.05348,-7.67191],[109.05392,-7.67191],[109.05392,-7.67147],[109.05348,-7.67147]],[[109.05347,-7.67327],[109.05347,-7.67282],[109.05302,-7.67282],[109.05302,-7.67327],[109.05346,-7.67327],[109.05347,-7.67327]],[[109.05391,-7.67463],[109.05391,-7.67418],[109.05347,-7.67418],[109.05346,-7.67418],[109.05346,-7.67462],[109.05346,-7.67463],[109.05391,-7.67463]],[[109.053,-7.67643],[109.05303,-7.67643],[109.0531,-7.67651],[109.05315,-7.67647],[109.05316,-7.67643],[109.05345,-7.67643],[109.05345,-7.67598],[109.053,-7.67598],[109.053,-7.67636],[109.053,-7.6764],[109.053,-7.67642],[109.053,-7.67643]],[[109.05288,-7.67553],[109.05299,-7.67553],[109.053,-7.67553],[109.053,-7.67508],[109.05267,-7.67508],[109.05258,-7.67508],[109.05255,-7.67508],[109.05255,-7.67552],[109.05255,-7.67553],[109.0528,-7.67553],[109.05287,-7.67559],[109.0529,-7.67555],[109.05288,-7.67553]],[[109.05209,-7.67688],[109.05209,-7.67733],[109.05209,-7.67778],[109.05212,-7.67778],[109.05213,-7.67778],[109.05254,-7.67778],[109.05254,-7.67734],[109.05254,-7.67733],[109.05254,-7.67688],[109.05237,-7.67688],[109.05209,-7.67688]],[[109.05344,-7.67733],[109.05344,-7.67689],[109.05327,-7.67689],[109.05316,-7.67689],[109.05299,-7.67689],[109.05299,-7.67733],[109.05334,-7.67733],[109.05344,-7.67733]],[[109.05241,-7.67462],[109.0525,-7.67462],[109.05255,-7.67462],[109.05255,-7.67417],[109.0521,-7.67417],[109.0521,-7.67447],[109.0521,-7.67456],[109.0521,-7.67462],[109.05241,-7.67462]],[[109.05229,-7.67218],[109.05212,-7.67218],[109.05211,-7.67218],[109.05193,-7.67218],[109.05193,-7.67236],[109.05193,-7.67254],[109.05193,-7.67281],[109.05193,-7.6729],[109.0521,-7.6729],[109.05211,-7.6729],[109.05247,-7.6729],[109.05247,-7.67282],[109.05247,-7.67281],[109.05247,-7.67236],[109.05247,-7.67218],[109.05229,-7.67218]],[[109.04209,-7.68497],[109.04209,-7.68542],[109.04253,-7.68542],[109.04253,-7.68497],[109.04209,-7.68497]]],[[[109.01807,-7.68757],[109.01807,-7.68712],[109.01852,-7.68712],[109.01852,-7.68757],[109.01807,-7.68757]]],[[[109.01536,-7.6871],[109.0149,-7.6871],[109.0149,-7.68665],[109.01536,-7.68665],[109.01536,-7.6871]]],[[[109.01807,-7.68666],[109.01807,-7.68667],[109.01762,-7.68667],[109.01762,-7.68666],[109.01762,-7.68621],[109.01807,-7.68621],[109.01807,-7.68666]]],[[[109.01457,-7.68014],[109.01494,-7.68014],[109.01494,-7.68032],[109.01457,-7.68032],[109.01457,-7.68014]]],[[[109.01471,-7.67708],[109.0145,-7.67707],[109.0145,-7.67671],[109.0145,-7.67626],[109.01495,-7.67626],[109.01495,-7.67671],[109.0154,-7.67671],[109.0154,-7.67707],[109.0154,-7.67708],[109.01531,-7.67708],[109.01531,-7.67716],[109.01495,-7.67716],[109.01495,-7.67743],[109.01494,-7.67743],[109.01494,-7.67725],[109.01477,-7.67725],[109.01467,-7.67725],[109.01469,-7.67716],[109.01471,-7.67708]]],[[[109.01678,-7.67175],[109.01633,-7.67175],[109.01633,-7.67129],[109.01678,-7.67129],[109.01679,-7.67129],[109.01679,-7.67175],[109.01678,-7.67175]]],[[[109.0201,-7.63833],[109.01965,-7.63833],[109.01965,-7.63788],[109.01965,-7.63787],[109.01965,-7.63742],[109.02011,-7.63742],[109.02011,-7.63787],[109.02056,-7.63787],[109.02056,-7.63756],[109.02097,-7.63788],[109.02102,-7.63792],[109.02102,-7.63833],[109.02146,-7.63833],[109.02147,-7.63833],[109.02192,-7.63833],[109.02192,-7.63826],[109.02192,-7.63816],[109.02192,-7.63811],[109.02238,-7.63817],[109.02238,-7.63817],[109.02255,-7.63819],[109.02256,-7.63819],[109.02256,-7.63825],[109.02274,-7.63825],[109.02274,-7.63834],[109.02274,-7.63859],[109.02274,-7.63861],[109.02283,-7.63861],[109.02283,-7.63869],[109.02283,-7.63879],[109.02238,-7.63879],[109.02237,-7.63879],[109.02192,-7.63879],[109.02192,-7.63924],[109.02147,-7.63924],[109.02146,-7.63924],[109.02146,-7.63969],[109.02101,-7.63969],[109.02101,-7.64014],[109.02055,-7.64014],[109.02055,-7.64004],[109.02073,-7.64004],[109.02073,-7.63969],[109.02073,-7.63968],[109.02092,-7.63968],[109.021,-7.63968],[109.02101,-7.63968],[109.02128,-7.63968],[109.02128,-7.63924],[109.02128,-7.63923],[109.02128,-7.63915],[109.0211,-7.63915],[109.0211,-7.63897],[109.02101,-7.63897],[109.02092,-7.63897],[109.02092,-7.63896],[109.02056,-7.63896],[109.02056,-7.63914],[109.02055,-7.63914],[109.02037,-7.63914],[109.02037,-7.63923],[109.02037,-7.6395],[109.02056,-7.6395],[109.02056,-7.63951],[109.02019,-7.63951],[109.02019,-7.63968],[109.02019,-7.64014],[109.0201,-7.64014],[109.0201,-7.63968],[109.0201,-7.63923],[109.0201,-7.63878],[109.0201,-7.63833]]],[[[109.0192,-7.63968],[109.01875,-7.63968],[109.01874,-7.63968],[109.01874,-7.63922],[109.01875,-7.63922],[109.0192,-7.63922],[109.0192,-7.63968]]],[[[109.01604,-7.63695],[109.01604,-7.6367],[109.01625,-7.63696],[109.01604,-7.63696],[109.01604,-7.63695]]],[[[109.0235,-7.6903],[109.02304,-7.6903],[109.02258,-7.6903],[109.02258,-7.68985],[109.02213,-7.68985],[109.02213,-7.68939],[109.02259,-7.68939],[109.02259,-7.68985],[109.02304,-7.68985],[109.02349,-7.68985],[109.02349,-7.6894],[109.02304,-7.6894],[109.02304,-7.68895],[109.02259,-7.68895],[109.02259,-7.68849],[109.02304,-7.68849],[109.02305,-7.68849],[109.0235,-7.68849],[109.0235,-7.6885],[109.0235,-7.68895],[109.02395,-7.68895],[109.02395,-7.6885],[109.02441,-7.6885],[109.02441,-7.68895],[109.02396,-7.68895],[109.02396,-7.6894],[109.0244,-7.6894],[109.02441,-7.6894],[109.02486,-7.6894],[109.02486,-7.68941],[109.02531,-7.68941],[109.02531,-7.68986],[109.02531,-7.69013],[109.02531,-7.69025],[109.02531,-7.69031],[109.02525,-7.69031],[109.02511,-7.69031],[109.02485,-7.69031],[109.02485,-7.68986],[109.02441,-7.68986],[109.0244,-7.68986],[109.0244,-7.69031],[109.0244,-7.69076],[109.02394,-7.69076],[109.02394,-7.69031],[109.02394,-7.68986],[109.0235,-7.68986],[109.0235,-7.6903]]],[[[109.02309,-7.67856],[109.02309,-7.6781],[109.02355,-7.6781],[109.02355,-7.67856],[109.02309,-7.67856]]],[[[109.02174,-7.67719],[109.02129,-7.67719],[109.02129,-7.67674],[109.02174,-7.67674],[109.02174,-7.67719]]],[[[109.02086,-7.67222],[109.02086,-7.67177],[109.02132,-7.67177],[109.02132,-7.67222],[109.02086,-7.67222]]],[[[109.0214,-7.65279],[109.02094,-7.65279],[109.02094,-7.65234],[109.0214,-7.65234],[109.0214,-7.65279]]],[[[109.02141,-7.65053],[109.02187,-7.65053],[109.02187,-7.65098],[109.02187,-7.65099],[109.02187,-7.65144],[109.02141,-7.65144],[109.02141,-7.65099],[109.02141,-7.65098],[109.02141,-7.65053]]],[[[109.02006,-7.64917],[109.02006,-7.64872],[109.02052,-7.64872],[109.02052,-7.64917],[109.02006,-7.64917]]],[[[109.02187,-7.64828],[109.02187,-7.64782],[109.02233,-7.64782],[109.02233,-7.64737],[109.02279,-7.64737],[109.02279,-7.64783],[109.02233,-7.64783],[109.02233,-7.64828],[109.02187,-7.64828]]],[[[109.02417,-7.64286],[109.02371,-7.64286],[109.02371,-7.64241],[109.02417,-7.64241],[109.02417,-7.64286]]],[[[109.0219,-7.64195],[109.02145,-7.64195],[109.02145,-7.6415],[109.0219,-7.6415],[109.0219,-7.64195]]],[[[109.02373,-7.6388],[109.02373,-7.63875],[109.02383,-7.6388],[109.02373,-7.6388]]],[[[109.0267,-7.68264],[109.02669,-7.68264],[109.02669,-7.68219],[109.0267,-7.68219],[109.02715,-7.68219],[109.02715,-7.68264],[109.0267,-7.68264]]],[[[109.02629,-7.67224],[109.02675,-7.67224],[109.02675,-7.6718],[109.02675,-7.67179],[109.02675,-7.67134],[109.0272,-7.67134],[109.0272,-7.67089],[109.02676,-7.67089],[109.02675,-7.67089],[109.0263,-7.67089],[109.0263,-7.67044],[109.02675,-7.67044],[109.02676,-7.67044],[109.02676,-7.66999],[109.02721,-7.66999],[109.02721,-7.67044],[109.02766,-7.67044],[109.02766,-7.67089],[109.02766,-7.67135],[109.02811,-7.67135],[109.02811,-7.67176],[109.02811,-7.6718],[109.02807,-7.6718],[109.02765,-7.6718],[109.02765,-7.67135],[109.02721,-7.67135],[109.02721,-7.67179],[109.02721,-7.6718],[109.02721,-7.67225],[109.02675,-7.67225],[109.02675,-7.67269],[109.02675,-7.6727],[109.02675,-7.67315],[109.02629,-7.67315],[109.02629,-7.6727],[109.02629,-7.67269],[109.02629,-7.67224]]],[[[109.02547,-7.65326],[109.02502,-7.65326],[109.02502,-7.65281],[109.02547,-7.65281],[109.02548,-7.65281],[109.02548,-7.65326],[109.02547,-7.65326]]],[[[109.02639,-7.65101],[109.02639,-7.65056],[109.02639,-7.65055],[109.02685,-7.65055],[109.02685,-7.65056],[109.02685,-7.65101],[109.02639,-7.65101]]],[[[109.02461,-7.64558],[109.0246,-7.64558],[109.02415,-7.64558],[109.02415,-7.64512],[109.0246,-7.64512],[109.02461,-7.64512],[109.02461,-7.64558]]],[[[109.02509,-7.64061],[109.02463,-7.64061],[109.02463,-7.64016],[109.02463,-7.64015],[109.02509,-7.64015],[109.02509,-7.64016],[109.02509,-7.64061]]],[[[109.02807,-7.68174],[109.02772,-7.68174],[109.02807,-7.68162],[109.02807,-7.68174]]],[[[109.02873,-7.67908],[109.02864,-7.67908],[109.02864,-7.67903],[109.02865,-7.67858],[109.02898,-7.67858],[109.02898,-7.67903],[109.02943,-7.67903],[109.02943,-7.67917],[109.02943,-7.67918],[109.02937,-7.67917],[109.02937,-7.67944],[109.02943,-7.67944],[109.02943,-7.67945],[109.02943,-7.67948],[109.02943,-7.67949],[109.02955,-7.67949],[109.02955,-7.67981],[109.02946,-7.67981],[109.02946,-7.6799],[109.02955,-7.6799],[109.02955,-7.67994],[109.02943,-7.67994],[109.02943,-7.68021],[109.02897,-7.68039],[109.02897,-7.67994],[109.02854,-7.67994],[109.02852,-7.67994],[109.02852,-7.67984],[109.02852,-7.67948],[109.02853,-7.67948],[109.02853,-7.67944],[109.02864,-7.67944],[109.02864,-7.67948],[109.02864,-7.67949],[109.02864,-7.67953],[109.02873,-7.67953],[109.02873,-7.67949],[109.02873,-7.67948],[109.02873,-7.67908]]],[[[109.02763,-7.67677],[109.02808,-7.67677],[109.02853,-7.67677],[109.02853,-7.67632],[109.02867,-7.67632],[109.02891,-7.67632],[109.02899,-7.67632],[109.02904,-7.67632],[109.02913,-7.67632],[109.02932,-7.67632],[109.02945,-7.67632],[109.02945,-7.67634],[109.02945,-7.6765],[109.02945,-7.67678],[109.02989,-7.67678],[109.02989,-7.67633],[109.03035,-7.67633],[109.03035,-7.67674],[109.03029,-7.67674],[109.03029,-7.67678],[109.03029,-7.67692],[109.03019,-7.67692],[109.03019,-7.67701],[109.03029,-7.67701],[109.03028,-7.6771],[109.03034,-7.6771],[109.03035,-7.6771],[109.03038,-7.6771],[109.03037,-7.67719],[109.03046,-7.67719],[109.03047,-7.67701],[109.0308,-7.67701],[109.03083,-7.67701],[109.03083,-7.6771],[109.03092,-7.6771],[109.03092,-7.67719],[109.03101,-7.67719],[109.03101,-7.67701],[109.03092,-7.67701],[109.03092,-7.67678],[109.03101,-7.67678],[109.03101,-7.67683],[109.0311,-7.67683],[109.0311,-7.67701],[109.03119,-7.67701],[109.03119,-7.67683],[109.03125,-7.67683],[109.03126,-7.67683],[109.03128,-7.67683],[109.03128,-7.67679],[109.03128,-7.67678],[109.03171,-7.67678],[109.03171,-7.67679],[109.03171,-7.6772],[109.03164,-7.6772],[109.03164,-7.67723],[109.03164,-7.67724],[109.03163,-7.67724],[109.03126,-7.67724],[109.03126,-7.67751],[109.03126,-7.67763],[109.03126,-7.67764],[109.03126,-7.67769],[109.03125,-7.67769],[109.03125,-7.67814],[109.03125,-7.67855],[109.03118,-7.67855],[109.03118,-7.67846],[109.03109,-7.67846],[109.03109,-7.67855],[109.03109,-7.67859],[109.03109,-7.67873],[109.03118,-7.67873],[109.03118,-7.67882],[109.0312,-7.67882],[109.03124,-7.67882],[109.03125,-7.67882],[109.03131,-7.67882],[109.03136,-7.67882],[109.03136,-7.67875],[109.03136,-7.67873],[109.03138,-7.67873],[109.03145,-7.67873],[109.03145,-7.67865],[109.03145,-7.67864],[109.03146,-7.67864],[109.03147,-7.67864],[109.03155,-7.67864],[109.03155,-7.67882],[109.03164,-7.67882],[109.03164,-7.67891],[109.03163,-7.67891],[109.03155,-7.67891],[109.03154,-7.679],[109.03164,-7.679],[109.03164,-7.67905],[109.03163,-7.67905],[109.03124,-7.67905],[109.03124,-7.67904],[109.03114,-7.67904],[109.03104,-7.67904],[109.03079,-7.67904],[109.03079,-7.67859],[109.03079,-7.67837],[109.03091,-7.67837],[109.03091,-7.67828],[109.03082,-7.67828],[109.03082,-7.67814],[109.03082,-7.67788],[109.03082,-7.67782],[109.03091,-7.67782],[109.03092,-7.67782],[109.03092,-7.67783],[109.03092,-7.67792],[109.031,-7.67792],[109.03101,-7.67792],[109.03101,-7.67801],[109.0311,-7.67801],[109.0311,-7.67783],[109.03119,-7.67783],[109.03119,-7.67769],[109.03119,-7.67768],[109.03119,-7.67758],[109.03119,-7.67738],[109.03101,-7.67737],[109.03101,-7.67728],[109.0308,-7.67728],[109.03065,-7.67728],[109.03065,-7.67723],[109.03065,-7.67719],[109.03047,-7.67719],[109.03047,-7.67723],[109.03047,-7.67728],[109.03046,-7.67728],[109.03037,-7.67728],[109.03037,-7.67737],[109.03035,-7.67737],[109.03034,-7.67737],[109.03028,-7.67737],[109.03028,-7.67746],[109.03019,-7.67746],[109.03019,-7.67755],[109.03001,-7.67755],[109.03001,-7.67746],[109.02992,-7.67746],[109.02992,-7.67737],[109.02989,-7.67737],[109.02989,-7.67723],[109.02974,-7.67723],[109.02974,-7.67719],[109.02965,-7.67719],[109.02965,-7.6771],[109.02947,-7.6771],[109.02947,-7.67719],[109.02947,-7.67723],[109.02944,-7.67723],[109.0294,-7.67723],[109.02929,-7.67723],[109.02929,-7.67709],[109.02931,-7.67709],[109.02938,-7.67709],[109.02938,-7.67704],[109.02938,-7.67701],[109.02935,-7.67701],[109.02935,-7.67701],[109.02929,-7.677],[109.02929,-7.67691],[109.02919,-7.67691],[109.02911,-7.67691],[109.02911,-7.67682],[109.02919,-7.67682],[109.0292,-7.67682],[109.0292,-7.67679],[109.0292,-7.67678],[109.0292,-7.67677],[109.0292,-7.67673],[109.02902,-7.67673],[109.02902,-7.67677],[109.02902,-7.67678],[109.02902,-7.67682],[109.02899,-7.67682],[109.02898,-7.67682],[109.02893,-7.67682],[109.02893,-7.67691],[109.02884,-7.67691],[109.02883,-7.67723],[109.02853,-7.67723],[109.02853,-7.67722],[109.02852,-7.67722],[109.02808,-7.67722],[109.02808,-7.67767],[109.02763,-7.67767],[109.02763,-7.67722],[109.02718,-7.67722],[109.02673,-7.67722],[109.02673,-7.67676],[109.02718,-7.67676],[109.02718,-7.67631],[109.02763,-7.67631],[109.02763,-7.67677]]],[[[109.02902,-7.677],[109.02911,-7.677],[109.02911,-7.67709],[109.02901,-7.67709],[109.02902,-7.677]]],[[[109.02719,-7.67361],[109.02719,-7.6736],[109.02719,-7.67355],[109.02719,-7.67338],[109.02719,-7.67315],[109.02719,-7.67272],[109.02719,-7.6727],[109.02721,-7.6727],[109.02765,-7.6727],[109.02765,-7.6723],[109.02765,-7.67225],[109.02771,-7.67225],[109.02811,-7.67225],[109.02811,-7.6727],[109.02811,-7.67315],[109.02811,-7.67316],[109.02765,-7.67316],[109.02765,-7.6736],[109.0281,-7.6736],[109.0281,-7.67361],[109.0281,-7.67406],[109.02764,-7.67406],[109.02764,-7.67414],[109.02764,-7.67431],[109.02764,-7.67451],[109.02776,-7.67451],[109.02786,-7.67451],[109.02804,-7.67451],[109.0281,-7.67451],[109.0281,-7.67456],[109.0281,-7.67496],[109.02764,-7.67496],[109.02764,-7.67541],[109.02718,-7.67541],[109.02718,-7.67496],[109.02718,-7.67451],[109.02718,-7.67406],[109.02718,-7.67405],[109.02749,-7.67405],[109.02759,-7.67405],[109.02764,-7.67405],[109.02764,-7.67361],[109.02733,-7.67361],[109.02722,-7.67361],[109.02719,-7.67361]]],[[[109.02874,-7.67406],[109.0289,-7.67406],[109.029,-7.67406],[109.029,-7.67361],[109.029,-7.67316],[109.02887,-7.67316],[109.02855,-7.67316],[109.02855,-7.67271],[109.02886,-7.67271],[109.02901,-7.67271],[109.02901,-7.67316],[109.02946,-7.67316],[109.02946,-7.67361],[109.02946,-7.67406],[109.02946,-7.67407],[109.02901,-7.67407],[109.02901,-7.67451],[109.02901,-7.67452],[109.02892,-7.67452],[109.02886,-7.67452],[109.02884,-7.67452],[109.02855,-7.67452],[109.02855,-7.67451],[109.02855,-7.67429],[109.02855,-7.67419],[109.02855,-7.67406],[109.02864,-7.67406],[109.02866,-7.67406],[109.02873,-7.67406],[109.02874,-7.67406]]],[[[109.02856,-7.67135],[109.02853,-7.67135],[109.02847,-7.67135],[109.0284,-7.67135],[109.02811,-7.67135],[109.02811,-7.6709],[109.02823,-7.6709],[109.02827,-7.6709],[109.02856,-7.6709],[109.02857,-7.6709],[109.02857,-7.67135],[109.02856,-7.67135]]],[[[109.02821,-7.64966],[109.02821,-7.64921],[109.02866,-7.64921],[109.02866,-7.64876],[109.02885,-7.64876],[109.02885,-7.64912],[109.02902,-7.64912],[109.02912,-7.64912],[109.02912,-7.64921],[109.02921,-7.64921],[109.02921,-7.64948],[109.02942,-7.64948],[109.02951,-7.64948],[109.02956,-7.64948],[109.02957,-7.64948],[109.02957,-7.6493],[109.02975,-7.6493],[109.02975,-7.64922],[109.02975,-7.64921],[109.02975,-7.64876],[109.03002,-7.64876],[109.03002,-7.64831],[109.03047,-7.64831],[109.03048,-7.64831],[109.03057,-7.64831],[109.03094,-7.64831],[109.03094,-7.64832],[109.03138,-7.64832],[109.03139,-7.64832],[109.03184,-7.64832],[109.03184,-7.64877],[109.03229,-7.64877],[109.03229,-7.64832],[109.03274,-7.64832],[109.03274,-7.64787],[109.03275,-7.64787],[109.03319,-7.64787],[109.03319,-7.64742],[109.0332,-7.64742],[109.03365,-7.64742],[109.03365,-7.64743],[109.0341,-7.64743],[109.03411,-7.64743],[109.03456,-7.64743],[109.03456,-7.64788],[109.03501,-7.64788],[109.03501,-7.64834],[109.03455,-7.64834],[109.03455,-7.64788],[109.03411,-7.64788],[109.0341,-7.64788],[109.0341,-7.64833],[109.0341,-7.64878],[109.03365,-7.64878],[109.03364,-7.64878],[109.0332,-7.64878],[109.03319,-7.64878],[109.03275,-7.64878],[109.03275,-7.64923],[109.03274,-7.64923],[109.03274,-7.64968],[109.03229,-7.64968],[109.03229,-7.65013],[109.03274,-7.65013],[109.03274,-7.65058],[109.03274,-7.65104],[109.03228,-7.65104],[109.03228,-7.65103],[109.03183,-7.65103],[109.03182,-7.65103],[109.03137,-7.65103],[109.03137,-7.65058],[109.03174,-7.65058],[109.03174,-7.65076],[109.03182,-7.65076],[109.03183,-7.65076],[109.0321,-7.65076],[109.0321,-7.65058],[109.0321,-7.65013],[109.0321,-7.64968],[109.03228,-7.64968],[109.03228,-7.64923],[109.03184,-7.64923],[109.03184,-7.64968],[109.03138,-7.64968],[109.03138,-7.64923],[109.03138,-7.64922],[109.03138,-7.64877],[109.03094,-7.64877],[109.03093,-7.64877],[109.03068,-7.64877],[109.03059,-7.64877],[109.03048,-7.64877],[109.03048,-7.64922],[109.03003,-7.64922],[109.03002,-7.64922],[109.03002,-7.64967],[109.03047,-7.64967],[109.03047,-7.64975],[109.03047,-7.65009],[109.03047,-7.65012],[109.03046,-7.65012],[109.03037,-7.65012],[109.03001,-7.65012],[109.03001,-7.64967],[109.02957,-7.64967],[109.02956,-7.64967],[109.02948,-7.64967],[109.02911,-7.64967],[109.02911,-7.65012],[109.02866,-7.65012],[109.02866,-7.65011],[109.02821,-7.65011],[109.02821,-7.65056],[109.02776,-7.65056],[109.02776,-7.65101],[109.02821,-7.65101],[109.02821,-7.65147],[109.02775,-7.65147],[109.02775,-7.65101],[109.0273,-7.65101],[109.0273,-7.65056],[109.02775,-7.65056],[109.02775,-7.65011],[109.02775,-7.64966],[109.02776,-7.64966],[109.02821,-7.64966]],[[109.02866,-7.64966],[109.02911,-7.64966],[109.02911,-7.64921],[109.02866,-7.64921],[109.02866,-7.64966]],[[109.03338,-7.64788],[109.03338,-7.64833],[109.03338,-7.64842],[109.03364,-7.64842],[109.03365,-7.64842],[109.03393,-7.64842],[109.03393,-7.64833],[109.03393,-7.64788],[109.03393,-7.6477],[109.03365,-7.6477],[109.03356,-7.6477],[109.03356,-7.64787],[109.03356,-7.64788],[109.03338,-7.64788]]],[[[109.02912,-7.64677],[109.02912,-7.64667],[109.02912,-7.6465],[109.02938,-7.6465],[109.02958,-7.6465],[109.02958,-7.6466],[109.02958,-7.64668],[109.02958,-7.64677],[109.02958,-7.64695],[109.03004,-7.64695],[109.03004,-7.64696],[109.02994,-7.64696],[109.02994,-7.64714],[109.02976,-7.64714],[109.02976,-7.64741],[109.02958,-7.64741],[109.02958,-7.64696],[109.02913,-7.64696],[109.02913,-7.6474],[109.02913,-7.64741],[109.02867,-7.64741],[109.02867,-7.6474],[109.02867,-7.64695],[109.02912,-7.64695],[109.02912,-7.64677]]],[[[109.02731,-7.6469],[109.02731,-7.64649],[109.0275,-7.64649],[109.02777,-7.64649],[109.02777,-7.64654],[109.02777,-7.64695],[109.02736,-7.64695],[109.02731,-7.64695],[109.02731,-7.6469]]],[[[109.02779,-7.64424],[109.02733,-7.64424],[109.02733,-7.64378],[109.02779,-7.64378],[109.02779,-7.64424]]],[[[109.0296,-7.64289],[109.03004,-7.64289],[109.03005,-7.64289],[109.03005,-7.64244],[109.03051,-7.64244],[109.03051,-7.64289],[109.03096,-7.64289],[109.03096,-7.64334],[109.03096,-7.64335],[109.03096,-7.6438],[109.03141,-7.6438],[109.03141,-7.64425],[109.03095,-7.64425],[109.03095,-7.64461],[109.03086,-7.64461],[109.03068,-7.64461],[109.03068,-7.64425],[109.03068,-7.6438],[109.03068,-7.64353],[109.0305,-7.64353],[109.0305,-7.64335],[109.03033,-7.64335],[109.03032,-7.64335],[109.03032,-7.64334],[109.03032,-7.64298],[109.03014,-7.64298],[109.03005,-7.64298],[109.03004,-7.64298],[109.0296,-7.64298],[109.0296,-7.64316],[109.02959,-7.64316],[109.02941,-7.64316],[109.02941,-7.64334],[109.02915,-7.64334],[109.02915,-7.64379],[109.02914,-7.64379],[109.02869,-7.64379],[109.02824,-7.64379],[109.02824,-7.64333],[109.02869,-7.64333],[109.02869,-7.64289],[109.02869,-7.64288],[109.02869,-7.64243],[109.02915,-7.64243],[109.02915,-7.64288],[109.02915,-7.64289],[109.02959,-7.64289],[109.0296,-7.64289]]],[[[109.02779,-7.64152],[109.02779,-7.64153],[109.02779,-7.64198],[109.02734,-7.64198],[109.02734,-7.64167],[109.02734,-7.64164],[109.02734,-7.64153],[109.02734,-7.64152],[109.02734,-7.64107],[109.02765,-7.64107],[109.02768,-7.64112],[109.02779,-7.64114],[109.02779,-7.64125],[109.02779,-7.64132],[109.02779,-7.64152]],[[109.02773,-7.6414],[109.02775,-7.64135],[109.02771,-7.64138],[109.02773,-7.6414]]],[[[109.03108,-7.68898],[109.03112,-7.68903],[109.03112,-7.68904],[109.03104,-7.68904],[109.03104,-7.68898],[109.03104,-7.68895],[109.03095,-7.68895],[109.03095,-7.68886],[109.03095,-7.68885],[109.03096,-7.68885],[109.03097,-7.68885],[109.03108,-7.68898]]],[[[109.02941,-7.68265],[109.02986,-7.68265],[109.02987,-7.68265],[109.03032,-7.68265],[109.03032,-7.68267],[109.02987,-7.68288],[109.02987,-7.68288],[109.02941,-7.68309],[109.02941,-7.68265]]],[[[109.0309,-7.68175],[109.0309,-7.68221],[109.03089,-7.68221],[109.03078,-7.68221],[109.03032,-7.68221],[109.03032,-7.6822],[109.03032,-7.68175],[109.03078,-7.68175],[109.0309,-7.68175]]],[[[109.02988,-7.6813],[109.02942,-7.6813],[109.02942,-7.68084],[109.02988,-7.68084],[109.02988,-7.6813]]],[[[109.03078,-7.68054],[109.03081,-7.68054],[109.03081,-7.68072],[109.0309,-7.68072],[109.0309,-7.68085],[109.03078,-7.68085],[109.03078,-7.68054]]],[[[109.0309,-7.68054],[109.03099,-7.68054],[109.03099,-7.68063],[109.0309,-7.68063],[109.0309,-7.68054]]],[[[109.03081,-7.6804],[109.0309,-7.6804],[109.0309,-7.68054],[109.03081,-7.68054],[109.03081,-7.6804]]],[[[109.03108,-7.68054],[109.03108,-7.68045],[109.03099,-7.68045],[109.03099,-7.6804],[109.03124,-7.6804],[109.03124,-7.68054],[109.03108,-7.68054]]],[[[109.02943,-7.68039],[109.02903,-7.68039],[109.02943,-7.68029],[109.02943,-7.68039]]],[[[109.03033,-7.67954],[109.03034,-7.67954],[109.03034,-7.67987],[109.03015,-7.67994],[109.03,-7.67994],[109.03,-7.67981],[109.03009,-7.67981],[109.03009,-7.67949],[109.03027,-7.67949],[109.03027,-7.67954],[109.03033,-7.67954]]],[[[109.02989,-7.67949],[109.03,-7.67949],[109.03,-7.67963],[109.02991,-7.67963],[109.02991,-7.67954],[109.02989,-7.67954],[109.02988,-7.67954],[109.02982,-7.67954],[109.02982,-7.67949],[109.02988,-7.67949],[109.02989,-7.67949]]],[[[109.02964,-7.67954],[109.02964,-7.67949],[109.02973,-7.67949],[109.02973,-7.67954],[109.02964,-7.67954]]],[[[109.03079,-7.67949],[109.03045,-7.67949],[109.03045,-7.67945],[109.03033,-7.67945],[109.03033,-7.67904],[109.03055,-7.67904],[109.03055,-7.67909],[109.03064,-7.67909],[109.03064,-7.67918],[109.03073,-7.67918],[109.03073,-7.67927],[109.03079,-7.67927],[109.03079,-7.67949]]],[[[109.03079,-7.67909],[109.03073,-7.67909],[109.03073,-7.67904],[109.03079,-7.67904],[109.03079,-7.67909]]],[[[109.02983,-7.67845],[109.02982,-7.67854],[109.02989,-7.67854],[109.02989,-7.67859],[109.02973,-7.67859],[109.02973,-7.67845],[109.02983,-7.67845]]],[[[109.02988,-7.67768],[109.02989,-7.67768],[109.02989,-7.67764],[109.02992,-7.67764],[109.02992,-7.67768],[109.02992,-7.67773],[109.02992,-7.67773],[109.02992,-7.67773],[109.03001,-7.67773],[109.0301,-7.67773],[109.0301,-7.67782],[109.03019,-7.67782],[109.03019,-7.67791],[109.03034,-7.67791],[109.03034,-7.67798],[109.03034,-7.67807],[109.03034,-7.67814],[109.02992,-7.67814],[109.02992,-7.67791],[109.02988,-7.67791],[109.02988,-7.67769],[109.02988,-7.67768]]],[[[109.03046,-7.67755],[109.03065,-7.67755],[109.03064,-7.67764],[109.03046,-7.67764],[109.03046,-7.67755]]],[[[109.03046,-7.67737],[109.03046,-7.67746],[109.03037,-7.67746],[109.03037,-7.67737],[109.03046,-7.67737]]],[[[109.03056,-7.67692],[109.03056,-7.67683],[109.03047,-7.67683],[109.03047,-7.67678],[109.03065,-7.67678],[109.03065,-7.67692],[109.03056,-7.67692]]],[[[109.0308,-7.67629],[109.03083,-7.67629],[109.03083,-7.67633],[109.0308,-7.67633],[109.0308,-7.67629]]],[[[109.03082,-7.67272],[109.03037,-7.67272],[109.03036,-7.67272],[109.03036,-7.67226],[109.03037,-7.67226],[109.03082,-7.67226],[109.03082,-7.67272]]],[[[109.02946,-7.67226],[109.02901,-7.67226],[109.02901,-7.67181],[109.02901,-7.6718],[109.02901,-7.67135],[109.02946,-7.67135],[109.02947,-7.67135],[109.02992,-7.67135],[109.02992,-7.67181],[109.02947,-7.67181],[109.02947,-7.67226],[109.02946,-7.67226]]],[[[109.02947,-7.6709],[109.02901,-7.6709],[109.02901,-7.67045],[109.02947,-7.67045],[109.02947,-7.6709]]],[[[109.03083,-7.66956],[109.03083,-7.66955],[109.03083,-7.6691],[109.03084,-7.6691],[109.03084,-7.66865],[109.0313,-7.66865],[109.0313,-7.6691],[109.03129,-7.6691],[109.03129,-7.66955],[109.03129,-7.66956],[109.03083,-7.66956]]],[[[109.02948,-7.66909],[109.02948,-7.66864],[109.02994,-7.66864],[109.02994,-7.6691],[109.02993,-7.6691],[109.02993,-7.66955],[109.02947,-7.66955],[109.02947,-7.6691],[109.02947,-7.66909],[109.02948,-7.66909]]],[[[109.02903,-7.66774],[109.02944,-7.66774],[109.02949,-7.66774],[109.02949,-7.66783],[109.02949,-7.66819],[109.02903,-7.66819],[109.02903,-7.66809],[109.02903,-7.66799],[109.02903,-7.66774]]],[[[109.02911,-7.65057],[109.02911,-7.65012],[109.02956,-7.65012],[109.02956,-7.65057],[109.02911,-7.65057]]],[[[109.0303,-7.64741],[109.0303,-7.64732],[109.03032,-7.64732],[109.03048,-7.64732],[109.03048,-7.64696],[109.03049,-7.64696],[109.03049,-7.64683],[109.03049,-7.64651],[109.03049,-7.64606],[109.03004,-7.64606],[109.03004,-7.6456],[109.03004,-7.64515],[109.03013,-7.64515],[109.03013,-7.64533],[109.03049,-7.64533],[109.03049,-7.64515],[109.03049,-7.64497],[109.0305,-7.64497],[109.03068,-7.64497],[109.03095,-7.64497],[109.03095,-7.64515],[109.0314,-7.64515],[109.0314,-7.64561],[109.03114,-7.64561],[109.03121,-7.64543],[109.03113,-7.64561],[109.03095,-7.64561],[109.03095,-7.64599],[109.03091,-7.64606],[109.03069,-7.64651],[109.03066,-7.64658],[109.03071,-7.64659],[109.03071,-7.64664],[109.03077,-7.64651],[109.03095,-7.64608],[109.03095,-7.64651],[109.03095,-7.64661],[109.03095,-7.64671],[109.03095,-7.64696],[109.03094,-7.64696],[109.03094,-7.64741],[109.03049,-7.64741],[109.03049,-7.64786],[109.03045,-7.64786],[109.03036,-7.64786],[109.03003,-7.64786],[109.03003,-7.64768],[109.03012,-7.64768],[109.03012,-7.6475],[109.03027,-7.6475],[109.0303,-7.6475],[109.0303,-7.64741]],[[109.03094,-7.6456],[109.03094,-7.64515],[109.0305,-7.64515],[109.0305,-7.6456],[109.03094,-7.6456]],[[109.03076,-7.64675],[109.03077,-7.64674],[109.03075,-7.64674],[109.03076,-7.64675]]],[[[109.02987,-7.64334],[109.02996,-7.64334],[109.02996,-7.64352],[109.03004,-7.64352],[109.03005,-7.64352],[109.03014,-7.64352],[109.03014,-7.64353],[109.03005,-7.64353],[109.03004,-7.64353],[109.02978,-7.64353],[109.02978,-7.64379],[109.02978,-7.64388],[109.03004,-7.64388],[109.03005,-7.64388],[109.03014,-7.64388],[109.03014,-7.64425],[109.03014,-7.64443],[109.03013,-7.64443],[109.03013,-7.64461],[109.03004,-7.64461],[109.03004,-7.64425],[109.02959,-7.64425],[109.02959,-7.64379],[109.02959,-7.64352],[109.02977,-7.64352],[109.02977,-7.64334],[109.02978,-7.64334],[109.02987,-7.64334]]],[[[109.03207,-7.69622],[109.03162,-7.69622],[109.03162,-7.69576],[109.03198,-7.69576],[109.03207,-7.69576],[109.03207,-7.6958],[109.03207,-7.69622]]],[[[109.03346,-7.6908],[109.03346,-7.69125],[109.03345,-7.69125],[109.03312,-7.69125],[109.033,-7.69125],[109.033,-7.69111],[109.033,-7.6908],[109.03345,-7.6908],[109.03346,-7.6908]]],[[[109.03147,-7.68944],[109.03141,-7.68944],[109.0314,-7.68944],[109.03141,-7.6894],[109.03144,-7.6894],[109.03147,-7.68944]]],[[[109.03295,-7.68778],[109.03295,-7.68787],[109.03286,-7.68787],[109.03286,-7.68778],[109.03295,-7.68778]]],[[[109.03277,-7.68787],[109.03268,-7.68787],[109.03268,-7.68778],[109.03277,-7.68778],[109.03277,-7.68787]]],[[[109.03277,-7.68778],[109.03277,-7.68769],[109.03286,-7.68769],[109.03286,-7.68778],[109.03277,-7.68778]]],[[[109.03278,-7.68538],[109.03269,-7.68538],[109.03269,-7.68536],[109.03269,-7.68534],[109.03273,-7.68534],[109.03278,-7.68534],[109.03278,-7.68538]]],[[[109.03342,-7.68534],[109.03342,-7.68525],[109.03349,-7.68525],[109.03349,-7.68534],[109.03342,-7.68534]]],[[[109.03297,-7.68515],[109.03297,-7.68507],[109.03303,-7.68507],[109.03306,-7.68507],[109.03306,-7.68508],[109.03306,-7.68516],[109.03303,-7.68516],[109.03297,-7.68516],[109.03297,-7.68515]]],[[[109.03259,-7.68353],[109.03258,-7.68353],[109.03252,-7.68353],[109.03252,-7.68344],[109.03256,-7.68344],[109.03258,-7.68344],[109.03259,-7.68344],[109.03259,-7.68348],[109.03259,-7.68353]]],[[[109.0314,-7.68354],[109.03141,-7.68354],[109.03141,-7.68353],[109.03142,-7.68353],[109.03142,-7.68352],[109.03143,-7.68352],[109.03168,-7.6834],[109.03168,-7.68356],[109.0314,-7.68356],[109.0314,-7.68355],[109.0314,-7.68354]]],[[[109.03216,-7.68318],[109.03216,-7.68326],[109.03216,-7.68335],[109.03225,-7.68335],[109.03225,-7.68326],[109.03237,-7.68326],[109.03243,-7.68326],[109.03243,-7.68311],[109.03252,-7.68311],[109.03252,-7.68326],[109.03258,-7.68326],[109.03259,-7.68326],[109.03259,-7.68335],[109.03258,-7.68335],[109.03252,-7.68335],[109.03252,-7.68339],[109.03252,-7.68344],[109.03247,-7.68344],[109.03243,-7.68344],[109.03243,-7.68353],[109.03234,-7.68353],[109.03234,-7.68357],[109.03213,-7.68357],[109.03213,-7.6832],[109.03216,-7.68318]]],[[[109.0327,-7.68308],[109.03279,-7.68308],[109.03279,-7.68312],[109.0327,-7.68312],[109.0327,-7.68308]]],[[[109.03303,-7.68308],[109.03298,-7.68308],[109.03298,-7.68312],[109.03297,-7.68312],[109.03288,-7.68312],[109.03288,-7.68308],[109.03279,-7.68308],[109.03279,-7.68299],[109.03288,-7.68299],[109.03289,-7.68299],[109.03289,-7.68308],[109.03297,-7.68308],[109.03298,-7.68299],[109.03303,-7.68299],[109.03304,-7.68299],[109.03307,-7.68299],[109.03307,-7.68308],[109.03304,-7.68308],[109.03303,-7.68308]]],[[[109.03258,-7.6829],[109.03258,-7.68289],[109.03259,-7.68289],[109.03261,-7.6829],[109.03261,-7.68299],[109.0327,-7.68299],[109.0327,-7.68308],[109.03259,-7.68308],[109.03258,-7.68308],[109.03258,-7.6829]]],[[[109.03298,-7.6829],[109.03289,-7.6829],[109.03289,-7.68281],[109.03298,-7.68281],[109.03298,-7.6829]]],[[[109.03271,-7.68267],[109.03271,-7.68272],[109.03262,-7.68272],[109.03261,-7.68272],[109.03261,-7.68271],[109.03261,-7.68267],[109.03261,-7.68266],[109.03262,-7.68266],[109.03271,-7.68266],[109.03271,-7.68267]]],[[[109.03306,-7.67829],[109.03309,-7.67829],[109.03309,-7.67838],[109.03306,-7.67838],[109.03306,-7.67829]]],[[[109.03268,-7.67769],[109.0327,-7.67769],[109.03273,-7.67769],[109.03273,-7.67774],[109.03282,-7.67774],[109.03282,-7.67801],[109.03291,-7.67801],[109.03291,-7.67802],[109.03291,-7.67811],[109.033,-7.67811],[109.033,-7.67815],[109.03261,-7.67815],[109.03261,-7.67829],[109.03245,-7.67828],[109.03245,-7.67819],[109.03227,-7.67819],[109.03227,-7.67814],[109.03261,-7.67814],[109.03261,-7.67796],[109.03261,-7.67794],[109.03261,-7.67774],[109.03264,-7.67774],[109.03264,-7.67769],[109.03268,-7.67769]]],[[[109.03282,-7.67769],[109.033,-7.67769],[109.033,-7.67774],[109.03282,-7.67774],[109.03282,-7.67769]]],[[[109.03182,-7.67765],[109.03191,-7.67765],[109.03191,-7.67769],[109.03182,-7.67769],[109.03182,-7.67765]]],[[[109.03173,-7.67765],[109.03173,-7.67756],[109.03182,-7.67756],[109.03182,-7.67765],[109.03173,-7.67765]]],[[[109.03216,-7.67724],[109.03219,-7.67724],[109.03219,-7.67729],[109.03216,-7.67729],[109.0321,-7.67729],[109.0321,-7.67747],[109.03209,-7.67747],[109.03191,-7.67747],[109.03191,-7.67729],[109.03182,-7.67729],[109.03182,-7.67738],[109.03173,-7.67738],[109.03173,-7.67729],[109.03173,-7.67724],[109.03182,-7.67724],[109.03216,-7.67724]]],[[[109.0331,-7.67612],[109.0331,-7.67621],[109.03307,-7.67621],[109.03301,-7.67621],[109.03301,-7.67612],[109.03307,-7.67612],[109.0331,-7.67612]]],[[[109.03346,-7.67594],[109.03346,-7.67589],[109.03346,-7.67585],[109.03352,-7.67585],[109.03364,-7.67585],[109.03364,-7.67567],[109.03373,-7.67567],[109.03373,-7.67589],[109.03373,-7.67612],[109.03382,-7.67612],[109.03382,-7.6763],[109.03391,-7.6763],[109.03391,-7.67634],[109.03391,-7.67635],[109.03352,-7.67635],[109.03352,-7.67634],[109.03346,-7.67634],[109.03346,-7.67621],[109.03337,-7.67621],[109.03337,-7.67594],[109.03346,-7.67594]]],[[[109.03319,-7.67576],[109.03337,-7.67576],[109.03337,-7.67567],[109.03346,-7.67567],[109.03346,-7.67585],[109.03319,-7.67585],[109.03319,-7.67576]]],[[[109.03337,-7.67558],[109.03328,-7.67558],[109.03328,-7.67567],[109.03319,-7.67567],[109.03319,-7.67576],[109.0331,-7.67576],[109.0331,-7.67585],[109.03307,-7.67585],[109.03307,-7.67544],[109.03337,-7.67544],[109.03337,-7.67558]]],[[[109.0322,-7.66911],[109.03174,-7.66911],[109.03174,-7.66865],[109.0322,-7.66865],[109.0322,-7.66911]]],[[[109.0322,-7.6673],[109.0322,-7.6669],[109.03243,-7.6673],[109.0322,-7.6673]]],[[[109.03247,-7.6673],[109.03224,-7.66685],[109.03265,-7.66685],[109.03265,-7.6664],[109.03311,-7.6664],[109.03311,-7.66685],[109.03266,-7.66685],[109.03266,-7.6673],[109.03247,-7.6673]]],[[[109.03311,-7.66685],[109.0333,-7.66685],[109.0333,-7.66686],[109.03329,-7.66686],[109.03329,-7.66704],[109.03311,-7.66704],[109.03311,-7.66685]]],[[[109.03209,-7.66641],[109.03208,-7.66641],[109.03207,-7.66641],[109.03206,-7.66641],[109.03204,-7.66646],[109.03202,-7.66663],[109.03206,-7.66666],[109.03207,-7.66667],[109.03217,-7.66685],[109.03175,-7.66685],[109.03175,-7.66663],[109.03175,-7.66653],[109.03175,-7.66639],[109.03213,-7.66639],[109.03211,-7.6664],[109.0321,-7.66641],[109.03209,-7.66641]]],[[[109.0321,-7.66658],[109.0321,-7.66657],[109.0321,-7.66656],[109.0321,-7.66655],[109.0321,-7.66654],[109.03213,-7.66648],[109.03215,-7.66643],[109.03214,-7.66639],[109.03221,-7.66639],[109.03221,-7.66679],[109.0321,-7.66658]]],[[[109.03526,-7.69442],[109.03526,-7.69443],[109.0348,-7.69443],[109.0348,-7.69442],[109.0348,-7.69397],[109.03526,-7.69397],[109.03526,-7.69442]]],[[[109.03414,-7.68634],[109.03414,-7.68643],[109.03423,-7.68643],[109.03423,-7.68652],[109.03414,-7.68652],[109.03414,-7.68661],[109.03405,-7.68661],[109.03405,-7.6867],[109.03396,-7.6867],[109.03396,-7.68661],[109.03393,-7.68661],[109.03368,-7.68661],[109.03368,-7.68634],[109.03369,-7.68634],[109.03393,-7.68634],[109.03414,-7.68634]]],[[[109.03369,-7.6848],[109.03378,-7.6848],[109.03378,-7.68489],[109.03369,-7.68489],[109.03369,-7.6848]]],[[[109.03418,-7.68426],[109.03415,-7.68426],[109.03415,-7.68417],[109.03424,-7.68417],[109.03424,-7.68422],[109.03424,-7.68423],[109.03424,-7.68426],[109.0342,-7.68426],[109.03418,-7.68426]]],[[[109.03488,-7.68381],[109.03487,-7.68381],[109.03487,-7.68377],[109.03487,-7.68377],[109.03488,-7.68372],[109.03495,-7.68372],[109.03497,-7.68372],[109.03497,-7.68375],[109.03497,-7.68381],[109.03488,-7.68381]]],[[[109.03497,-7.68336],[109.03506,-7.68336],[109.03506,-7.68354],[109.03497,-7.68354],[109.03497,-7.68336]]],[[[109.03463,-7.6782],[109.03463,-7.67829],[109.03454,-7.67829],[109.03454,-7.6782],[109.03463,-7.6782]]],[[[109.03409,-7.67784],[109.03409,-7.67775],[109.03418,-7.67775],[109.03418,-7.6777],[109.03418,-7.67766],[109.03436,-7.67766],[109.03436,-7.6777],[109.03436,-7.67793],[109.03442,-7.67793],[109.03445,-7.67793],[109.03445,-7.67811],[109.03442,-7.67811],[109.03436,-7.67811],[109.03436,-7.67815],[109.03436,-7.67816],[109.03436,-7.67829],[109.03427,-7.67829],[109.03427,-7.67816],[109.03427,-7.67815],[109.03427,-7.67811],[109.03418,-7.67811],[109.03418,-7.67802],[109.03409,-7.67802],[109.03409,-7.67793],[109.03418,-7.67793],[109.03418,-7.67784],[109.03409,-7.67784]]],[[[109.03396,-7.67815],[109.0339,-7.67815],[109.03391,-7.67784],[109.03397,-7.67784],[109.034,-7.67784],[109.034,-7.67815],[109.034,-7.67816],[109.034,-7.6782],[109.03396,-7.6782],[109.03396,-7.67815]]],[[[109.03354,-7.67811],[109.03363,-7.67811],[109.03363,-7.67815],[109.03354,-7.67815],[109.03354,-7.67811]]],[[[109.03382,-7.67594],[109.03391,-7.67594],[109.03391,-7.67603],[109.03382,-7.67603],[109.03382,-7.67594]]],[[[109.03382,-7.67047],[109.034,-7.67047],[109.034,-7.67065],[109.03382,-7.67065],[109.03382,-7.67047]]],[[[109.0349,-7.66957],[109.03491,-7.66957],[109.03491,-7.66975],[109.0349,-7.66975],[109.03473,-7.66975],[109.03473,-7.66957],[109.0349,-7.66957]]],[[[109.03355,-7.66776],[109.03383,-7.66776],[109.03383,-7.66794],[109.03365,-7.66794],[109.03365,-7.66812],[109.03355,-7.66812],[109.03355,-7.66776]]],[[[109.03348,-7.66731],[109.03348,-7.66721],[109.03357,-7.66721],[109.03357,-7.66731],[109.03348,-7.66731]]],[[[109.03403,-7.66505],[109.03403,-7.6655],[109.03403,-7.66589],[109.03403,-7.66595],[109.03396,-7.66595],[109.03395,-7.66595],[109.03358,-7.66595],[109.03357,-7.66595],[109.03357,-7.6655],[109.03357,-7.66505],[109.03403,-7.66505]]],[[[109.03493,-7.66469],[109.03494,-7.66469],[109.03511,-7.66469],[109.03511,-7.66487],[109.03494,-7.66487],[109.03493,-7.66487],[109.03493,-7.66505],[109.03493,-7.66523],[109.03494,-7.66523],[109.03511,-7.66523],[109.0353,-7.66523],[109.0353,-7.66524],[109.0353,-7.66542],[109.03511,-7.66542],[109.03511,-7.6655],[109.03511,-7.66551],[109.03511,-7.6656],[109.03493,-7.6656],[109.03493,-7.66551],[109.03448,-7.66551],[109.03448,-7.6655],[109.03448,-7.66505],[109.03448,-7.6646],[109.03475,-7.6646],[109.03475,-7.66469],[109.03493,-7.66469]]],[[[109.03494,-7.66325],[109.03493,-7.66325],[109.03493,-7.66279],[109.03449,-7.66279],[109.03448,-7.66279],[109.03448,-7.66265],[109.03448,-7.66254],[109.03448,-7.66234],[109.03449,-7.66234],[109.03477,-7.66234],[109.03493,-7.66234],[109.03494,-7.66234],[109.03494,-7.66279],[109.03539,-7.66279],[109.03539,-7.66325],[109.03494,-7.66325]]],[[[109.03501,-7.64878],[109.03501,-7.64879],[109.03501,-7.64924],[109.03545,-7.64924],[109.03545,-7.64879],[109.03591,-7.64879],[109.03591,-7.64897],[109.0361,-7.64897],[109.0361,-7.64915],[109.03622,-7.64915],[109.03627,-7.64922],[109.03627,-7.64924],[109.03627,-7.64925],[109.03627,-7.6497],[109.03591,-7.6497],[109.0359,-7.6497],[109.03545,-7.6497],[109.03545,-7.64969],[109.035,-7.64969],[109.03455,-7.64969],[109.03455,-7.64924],[109.03455,-7.64879],[109.03455,-7.64878],[109.03501,-7.64878]]],[[[109.03612,-7.70075],[109.03613,-7.70075],[109.03658,-7.70075],[109.03658,-7.70076],[109.03658,-7.70121],[109.03613,-7.70121],[109.03612,-7.70121],[109.03612,-7.70076],[109.03612,-7.70075]]],[[[109.03613,-7.69985],[109.03613,-7.6994],[109.03659,-7.6994],[109.03659,-7.69985],[109.03613,-7.69985]]],[[[109.03523,-7.68616],[109.03523,-7.68625],[109.03514,-7.68625],[109.03514,-7.68616],[109.03523,-7.68616]]],[[[109.03568,-7.68607],[109.03568,-7.68598],[109.03574,-7.68598],[109.03574,-7.68607],[109.03568,-7.68607]]],[[[109.03606,-7.68309],[109.03606,-7.68304],[109.03606,-7.683],[109.03605,-7.683],[109.03597,-7.683],[109.03597,-7.68291],[109.03578,-7.68291],[109.03579,-7.68282],[109.03579,-7.68273],[109.03588,-7.68273],[109.03606,-7.68273],[109.03606,-7.68282],[109.03621,-7.68282],[109.03621,-7.68289],[109.03621,-7.68297],[109.03621,-7.683],[109.03615,-7.683],[109.03615,-7.68313],[109.03615,-7.68336],[109.03621,-7.68336],[109.03621,-7.68358],[109.03621,-7.68359],[109.03615,-7.68359],[109.03614,-7.68359],[109.03614,-7.68358],[109.03614,-7.68355],[109.03605,-7.68354],[109.03605,-7.68345],[109.03596,-7.68345],[109.03596,-7.68336],[109.03587,-7.68336],[109.03587,-7.68318],[109.03588,-7.68318],[109.03596,-7.68318],[109.03596,-7.68313],[109.03596,-7.68311],[109.03596,-7.68306],[109.03597,-7.68306],[109.03597,-7.68309],[109.03599,-7.68309],[109.03606,-7.68309]]],[[[109.0357,-7.68282],[109.0357,-7.68291],[109.03569,-7.68291],[109.0356,-7.68291],[109.0356,-7.68273],[109.03561,-7.68273],[109.03561,-7.68282],[109.0357,-7.68282]]],[[[109.03679,-7.68038],[109.03688,-7.68038],[109.03689,-7.68038],[109.03689,-7.68043],[109.03688,-7.68043],[109.03679,-7.68043],[109.03679,-7.68038]]],[[[109.0367,-7.68029],[109.03679,-7.68029],[109.03679,-7.68038],[109.0367,-7.68038],[109.0367,-7.68029]]],[[[109.03617,-7.67794],[109.03617,-7.67785],[109.03623,-7.67785],[109.03626,-7.67785],[109.03626,-7.67794],[109.03623,-7.67794],[109.03617,-7.67794]]],[[[109.03572,-7.67758],[109.03563,-7.67758],[109.03563,-7.67748],[109.03572,-7.67749],[109.03572,-7.67758]]],[[[109.03554,-7.67748],[109.03554,-7.67749],[109.03545,-7.67748],[109.03545,-7.6773],[109.03554,-7.6773],[109.03554,-7.67748]]],[[[109.03674,-7.66705],[109.03691,-7.66705],[109.03691,-7.66732],[109.03691,-7.66759],[109.03674,-7.66759],[109.03673,-7.66759],[109.03655,-7.66759],[109.03655,-7.66777],[109.03637,-7.66777],[109.03637,-7.66741],[109.03637,-7.66732],[109.03637,-7.66723],[109.03673,-7.66723],[109.03673,-7.66705],[109.03674,-7.66705]]],[[[109.03584,-7.6656],[109.03602,-7.6656],[109.03602,-7.66551],[109.03602,-7.66542],[109.03629,-7.66542],[109.03629,-7.66551],[109.03673,-7.66551],[109.03674,-7.66551],[109.03674,-7.66506],[109.03692,-7.66506],[109.03692,-7.66488],[109.03711,-7.66488],[109.03711,-7.66461],[109.03711,-7.66416],[109.03693,-7.66416],[109.03675,-7.66416],[109.03674,-7.66416],[109.03674,-7.66371],[109.03675,-7.66371],[109.03675,-7.66325],[109.0372,-7.66325],[109.0372,-7.66281],[109.0372,-7.6628],[109.03766,-7.6628],[109.03766,-7.66257],[109.03766,-7.66255],[109.03766,-7.66236],[109.03766,-7.66235],[109.03792,-7.66235],[109.03808,-7.66235],[109.03812,-7.66235],[109.03812,-7.66236],[109.03857,-7.66236],[109.03857,-7.6621],[109.03857,-7.662],[109.03857,-7.66191],[109.03876,-7.66191],[109.03896,-7.66191],[109.03902,-7.66191],[109.03903,-7.66191],[109.03903,-7.66236],[109.03947,-7.66236],[109.03947,-7.66191],[109.03947,-7.66174],[109.03947,-7.66165],[109.03947,-7.66146],[109.0397,-7.66146],[109.03981,-7.66146],[109.03992,-7.66146],[109.03993,-7.66146],[109.03993,-7.66136],[109.03993,-7.66125],[109.03993,-7.66101],[109.04038,-7.66101],[109.04039,-7.66101],[109.04049,-7.66101],[109.04071,-7.66101],[109.04083,-7.66101],[109.04084,-7.66101],[109.0411,-7.66101],[109.04119,-7.66147],[109.04126,-7.6618],[109.04128,-7.66192],[109.04129,-7.66196],[109.04129,-7.66237],[109.04136,-7.66237],[109.04142,-7.66269],[109.04145,-7.66282],[109.04147,-7.66299],[109.04148,-7.66307],[109.04153,-7.66327],[109.04153,-7.66327],[109.04153,-7.66328],[109.04163,-7.66373],[109.04169,-7.66397],[109.04172,-7.66413],[109.04173,-7.66413],[109.04174,-7.66418],[109.04185,-7.66461],[109.04185,-7.66463],[109.04188,-7.66473],[109.04198,-7.66509],[109.04197,-7.66509],[109.04173,-7.66509],[109.04172,-7.66509],[109.04172,-7.66464],[109.04172,-7.66463],[109.04128,-7.66463],[109.04127,-7.66463],[109.04083,-7.66463],[109.04082,-7.66463],[109.04037,-7.66463],[109.04037,-7.66508],[109.03991,-7.66508],[109.03991,-7.66462],[109.03946,-7.66462],[109.03946,-7.66417],[109.03947,-7.66417],[109.03947,-7.66372],[109.03947,-7.66327],[109.03902,-7.66327],[109.03857,-7.66327],[109.03857,-7.66371],[109.03902,-7.66371],[109.03902,-7.66417],[109.03902,-7.66462],[109.03901,-7.66462],[109.03901,-7.66507],[109.03856,-7.66507],[109.03856,-7.66552],[109.03855,-7.66552],[109.03855,-7.66579],[109.03837,-7.66579],[109.03819,-7.66579],[109.0381,-7.66579],[109.03809,-7.66579],[109.03801,-7.66579],[109.03801,-7.66561],[109.03765,-7.66561],[109.03765,-7.66597],[109.03764,-7.66597],[109.03764,-7.66579],[109.03728,-7.66579],[109.03728,-7.66597],[109.03719,-7.66597],[109.0371,-7.66597],[109.0371,-7.66596],[109.0371,-7.66579],[109.03674,-7.66579],[109.03674,-7.66596],[109.03674,-7.66597],[109.03673,-7.66597],[109.03656,-7.66597],[109.03629,-7.66597],[109.03601,-7.66597],[109.03601,-7.66614],[109.03584,-7.66614],[109.03583,-7.66614],[109.03583,-7.66596],[109.03583,-7.6656],[109.03584,-7.6656]],[[109.03856,-7.66471],[109.03855,-7.66471],[109.03837,-7.66471],[109.03837,-7.66462],[109.03837,-7.66453],[109.03819,-7.66453],[109.03811,-7.66453],[109.0381,-7.66453],[109.03802,-7.66453],[109.03801,-7.66453],[109.03766,-7.66453],[109.03765,-7.66453],[109.03765,-7.66461],[109.03765,-7.66471],[109.03747,-7.66471],[109.03747,-7.66506],[109.03765,-7.66506],[109.03765,-7.66507],[109.03765,-7.66525],[109.03783,-7.66525],[109.03783,-7.66543],[109.0381,-7.66543],[109.03819,-7.66543],[109.03819,-7.66525],[109.03837,-7.66525],[109.03837,-7.66507],[109.03856,-7.66507],[109.03856,-7.66471]],[[109.04011,-7.66135],[109.04015,-7.66138],[109.04018,-7.66124],[109.04018,-7.66122],[109.04007,-7.66125],[109.04007,-7.66125],[109.04011,-7.66135]],[[109.03811,-7.66371],[109.03811,-7.66416],[109.03856,-7.66416],[109.03856,-7.66371],[109.03811,-7.66371]],[[109.03766,-7.6629],[109.03748,-7.6629],[109.03748,-7.66326],[109.0373,-7.66326],[109.0373,-7.66362],[109.03748,-7.66362],[109.03765,-7.66362],[109.03766,-7.66362],[109.03802,-7.66362],[109.03802,-7.66326],[109.03796,-7.66326],[109.03784,-7.66326],[109.03784,-7.6629],[109.03766,-7.6629]],[[109.04037,-7.66373],[109.04037,-7.66372],[109.03993,-7.66372],[109.03993,-7.66417],[109.03992,-7.66417],[109.03992,-7.66462],[109.04037,-7.66462],[109.04037,-7.66418],[109.04037,-7.66417],[109.04037,-7.66373]]],[[[109.0353,-7.66487],[109.0353,-7.66488],[109.03529,-7.66488],[109.03529,-7.66487],[109.0353,-7.66487]]],[[[109.03639,-7.66488],[109.03656,-7.66488],[109.03656,-7.66506],[109.03638,-7.66506],[109.03638,-7.66488],[109.03638,-7.66461],[109.03638,-7.66452],[109.03638,-7.66416],[109.03639,-7.66416],[109.03639,-7.66461],[109.03639,-7.66488]]],[[[109.03584,-7.66434],[109.03583,-7.66434],[109.03548,-7.66434],[109.03548,-7.6646],[109.03548,-7.66461],[109.03548,-7.6647],[109.03547,-7.6647],[109.03547,-7.66461],[109.03547,-7.6646],[109.03547,-7.66433],[109.03548,-7.66433],[109.03548,-7.66415],[109.03583,-7.66415],[109.03584,-7.66415],[109.03602,-7.66415],[109.03602,-7.66434],[109.03584,-7.66434]]],[[[109.03539,-7.6637],[109.03539,-7.66397],[109.03512,-7.66397],[109.03512,-7.66415],[109.03494,-7.66415],[109.03493,-7.66415],[109.03493,-7.6637],[109.03494,-7.6637],[109.03539,-7.6637]]],[[[109.03497,-7.65602],[109.03497,-7.65557],[109.03497,-7.65556],[109.03543,-7.65556],[109.03543,-7.65557],[109.03543,-7.65602],[109.03497,-7.65602]]],[[[109.03635,-7.65376],[109.0368,-7.65376],[109.0368,-7.65331],[109.03725,-7.65331],[109.03725,-7.65287],[109.03725,-7.65286],[109.0368,-7.65286],[109.0368,-7.65241],[109.03635,-7.65241],[109.03635,-7.65196],[109.03635,-7.65151],[109.0359,-7.65151],[109.0359,-7.6515],[109.0359,-7.65105],[109.03635,-7.65105],[109.03635,-7.6506],[109.0359,-7.6506],[109.0359,-7.65015],[109.03627,-7.65015],[109.03627,-7.65024],[109.03635,-7.65024],[109.03636,-7.65024],[109.03663,-7.65024],[109.03663,-7.65015],[109.03663,-7.65006],[109.03681,-7.65006],[109.03681,-7.64988],[109.03684,-7.64988],[109.03706,-7.65012],[109.0371,-7.65015],[109.03726,-7.65031],[109.03744,-7.65047],[109.03757,-7.65057],[109.03759,-7.6506],[109.0376,-7.6506],[109.03767,-7.65071],[109.03772,-7.65078],[109.03772,-7.65078],[109.03775,-7.65083],[109.03786,-7.65102],[109.03788,-7.65106],[109.03803,-7.65131],[109.03817,-7.65148],[109.0382,-7.65151],[109.03835,-7.65169],[109.03835,-7.6517],[109.03825,-7.6517],[109.03816,-7.6517],[109.03789,-7.6517],[109.03789,-7.65169],[109.03789,-7.65151],[109.03789,-7.65115],[109.03771,-7.65115],[109.03753,-7.65115],[109.03753,-7.65106],[109.03753,-7.65097],[109.03735,-7.65097],[109.03735,-7.65096],[109.03753,-7.65096],[109.03753,-7.65061],[109.03727,-7.65061],[109.03726,-7.65061],[109.03717,-7.65061],[109.03717,-7.65079],[109.03699,-7.65079],[109.03699,-7.65097],[109.03698,-7.65097],[109.03681,-7.65097],[109.0368,-7.65097],[109.03662,-7.65097],[109.03662,-7.65105],[109.03662,-7.65106],[109.03662,-7.65115],[109.03645,-7.65115],[109.03645,-7.65133],[109.03644,-7.65133],[109.03644,-7.6515],[109.03644,-7.65151],[109.03644,-7.65168],[109.03662,-7.65168],[109.03662,-7.65169],[109.03662,-7.65196],[109.03662,-7.65205],[109.0368,-7.65205],[109.03681,-7.65205],[109.03681,-7.65223],[109.03698,-7.65223],[109.03698,-7.65241],[109.03725,-7.65241],[109.03726,-7.65241],[109.03734,-7.65241],[109.03734,-7.65205],[109.03735,-7.65205],[109.03735,-7.65223],[109.03753,-7.65223],[109.0377,-7.65223],[109.03771,-7.65223],[109.03789,-7.65223],[109.03789,-7.65241],[109.03807,-7.65241],[109.03807,-7.65242],[109.03771,-7.65242],[109.03771,-7.65286],[109.03771,-7.65287],[109.03815,-7.65287],[109.03815,-7.65242],[109.03815,-7.65241],[109.03825,-7.65241],[109.03825,-7.65242],[109.03861,-7.65242],[109.03896,-7.65242],[109.03907,-7.65255],[109.03907,-7.65287],[109.03934,-7.65287],[109.03935,-7.65287],[109.03952,-7.65308],[109.03952,-7.65308],[109.03973,-7.65333],[109.03974,-7.65334],[109.03981,-7.65337],[109.03983,-7.65378],[109.03986,-7.65423],[109.03987,-7.65456],[109.0398,-7.65461],[109.03983,-7.65468],[109.03995,-7.65492],[109.03996,-7.65492],[109.04005,-7.6551],[109.04005,-7.65514],[109.04005,-7.65526],[109.03998,-7.65543],[109.04008,-7.65559],[109.04022,-7.65582],[109.04022,-7.65604],[109.04035,-7.65604],[109.04041,-7.65641],[109.04041,-7.65649],[109.03995,-7.65649],[109.03995,-7.65604],[109.03951,-7.65604],[109.0395,-7.65604],[109.03905,-7.65604],[109.03905,-7.65558],[109.0395,-7.65558],[109.0395,-7.65514],[109.0395,-7.65513],[109.0395,-7.65477],[109.03951,-7.65477],[109.03969,-7.65477],[109.03969,-7.65468],[109.03969,-7.65423],[109.03969,-7.65405],[109.03951,-7.65405],[109.03915,-7.65405],[109.03915,-7.65423],[109.03915,-7.65459],[109.03933,-7.65459],[109.03933,-7.65468],[109.03906,-7.65468],[109.03905,-7.65468],[109.03905,-7.65423],[109.03861,-7.65423],[109.0386,-7.65423],[109.03816,-7.65423],[109.03816,-7.65468],[109.0386,-7.65468],[109.03861,-7.65468],[109.03861,-7.65513],[109.0386,-7.65513],[109.03815,-7.65513],[109.03815,-7.65468],[109.0377,-7.65468],[109.0377,-7.65512],[109.0377,-7.65513],[109.0377,-7.65558],[109.03815,-7.65558],[109.03815,-7.65603],[109.03769,-7.65603],[109.03769,-7.65558],[109.03724,-7.65558],[109.03724,-7.65513],[109.03724,-7.65512],[109.03679,-7.65512],[109.03634,-7.65512],[109.03634,-7.65557],[109.03588,-7.65557],[109.03588,-7.65512],[109.03588,-7.65467],[109.03588,-7.65466],[109.03588,-7.65421],[109.03589,-7.65421],[109.03589,-7.65376],[109.03634,-7.65376],[109.03635,-7.65376]],[[109.03861,-7.65377],[109.03906,-7.65377],[109.03906,-7.65378],[109.03951,-7.65378],[109.03951,-7.65333],[109.03906,-7.65333],[109.03906,-7.65287],[109.03861,-7.65287],[109.03816,-7.65287],[109.03816,-7.65332],[109.03816,-7.65377],[109.0386,-7.65377],[109.03861,-7.65377]]],[[[109.0359,-7.65105],[109.03545,-7.65105],[109.03545,-7.6506],[109.0359,-7.6506],[109.0359,-7.65105]]],[[[109.03795,-7.69896],[109.03749,-7.69896],[109.03749,-7.6985],[109.03795,-7.6985],[109.03795,-7.69896]]],[[[109.03723,-7.68445],[109.03732,-7.68445],[109.03732,-7.68449],[109.03732,-7.6845],[109.03732,-7.68454],[109.03732,-7.68455],[109.03723,-7.68454],[109.03723,-7.6845],[109.03723,-7.68449],[109.03723,-7.68445]]],[[[109.03711,-7.68373],[109.03714,-7.68373],[109.03714,-7.68391],[109.03711,-7.68391],[109.03711,-7.68373]]],[[[109.03732,-7.68364],[109.03732,-7.68359],[109.03741,-7.68359],[109.03741,-7.68364],[109.03732,-7.68364]]],[[[109.0376,-7.68319],[109.0376,-7.68328],[109.03756,-7.68328],[109.03756,-7.68319],[109.0376,-7.68319]]],[[[109.03713,-7.68183],[109.03715,-7.68183],[109.03715,-7.68178],[109.03715,-7.68174],[109.03733,-7.68174],[109.03742,-7.68174],[109.03742,-7.68178],[109.03742,-7.68192],[109.03733,-7.68192],[109.03733,-7.68201],[109.03724,-7.68201],[109.03724,-7.6821],[109.03715,-7.6821],[109.03715,-7.68201],[109.03713,-7.68201],[109.03712,-7.68201],[109.03697,-7.68201],[109.03697,-7.68192],[109.03706,-7.68192],[109.03706,-7.68183],[109.03712,-7.68183],[109.03713,-7.68183]]],[[[109.0377,-7.68156],[109.03769,-7.68174],[109.03758,-7.68174],[109.03757,-7.68174],[109.03751,-7.68174],[109.03751,-7.68156],[109.03757,-7.68156],[109.03758,-7.68156],[109.0377,-7.68156]]],[[[109.03788,-7.68147],[109.03788,-7.68156],[109.03788,-7.68165],[109.03778,-7.68165],[109.03779,-7.68147],[109.03788,-7.68147]]],[[[109.03806,-7.68021],[109.03815,-7.68021],[109.03815,-7.6803],[109.03806,-7.6803],[109.03806,-7.68021]]],[[[109.03679,-7.6802],[109.03688,-7.6802],[109.03689,-7.68011],[109.03698,-7.68011],[109.03698,-7.68029],[109.03679,-7.68029],[109.03679,-7.6802]]],[[[109.03734,-7.67997],[109.03734,-7.68002],[109.03725,-7.68002],[109.03725,-7.68021],[109.03713,-7.68021],[109.03712,-7.68021],[109.03712,-7.68021],[109.03707,-7.6802],[109.03707,-7.68011],[109.03698,-7.68011],[109.03698,-7.68002],[109.03712,-7.68002],[109.03713,-7.68002],[109.03716,-7.68002],[109.03716,-7.67997],[109.03734,-7.67997]]],[[[109.03788,-7.67998],[109.03788,-7.68003],[109.03761,-7.68003],[109.03761,-7.67998],[109.03761,-7.67985],[109.03758,-7.67985],[109.03758,-7.67984],[109.03758,-7.67953],[109.03743,-7.67953],[109.03743,-7.67952],[109.03743,-7.67948],[109.03752,-7.67948],[109.03752,-7.67939],[109.03758,-7.67939],[109.03758,-7.67952],[109.03789,-7.67952],[109.03789,-7.67953],[109.03789,-7.67966],[109.03797,-7.67967],[109.03797,-7.67953],[109.03797,-7.67952],[109.03798,-7.67952],[109.03803,-7.67952],[109.03803,-7.67908],[109.03803,-7.67907],[109.03803,-7.67894],[109.03807,-7.67894],[109.03807,-7.67907],[109.03807,-7.67908],[109.03807,-7.67921],[109.03816,-7.67921],[109.03816,-7.67912],[109.03825,-7.67912],[109.03834,-7.67912],[109.03834,-7.67908],[109.03834,-7.67907],[109.03834,-7.67903],[109.03834,-7.67894],[109.03825,-7.67894],[109.03825,-7.67876],[109.03816,-7.67876],[109.03816,-7.67867],[109.03825,-7.67867],[109.03825,-7.67863],[109.03825,-7.67862],[109.03825,-7.67858],[109.03816,-7.67858],[109.03816,-7.67822],[109.03825,-7.67822],[109.03825,-7.67817],[109.03834,-7.67817],[109.03835,-7.67817],[109.03834,-7.67822],[109.03843,-7.67822],[109.03843,-7.67817],[109.03844,-7.67817],[109.03849,-7.67817],[109.03849,-7.67772],[109.03805,-7.67772],[109.03804,-7.67772],[109.0378,-7.67772],[109.0378,-7.67759],[109.03771,-7.67759],[109.03771,-7.67772],[109.03759,-7.67772],[109.03759,-7.67727],[109.03759,-7.67726],[109.03759,-7.67681],[109.0376,-7.67681],[109.0376,-7.67636],[109.03806,-7.67636],[109.03806,-7.67682],[109.0385,-7.67682],[109.0385,-7.67637],[109.03895,-7.67637],[109.03895,-7.67592],[109.03896,-7.67592],[109.03941,-7.67592],[109.03941,-7.67547],[109.03896,-7.67547],[109.03895,-7.67547],[109.03895,-7.67501],[109.03896,-7.67501],[109.03896,-7.67456],[109.03941,-7.67456],[109.03942,-7.67456],[109.03987,-7.67456],[109.03987,-7.67411],[109.03942,-7.67411],[109.03942,-7.67366],[109.03988,-7.67366],[109.03988,-7.67411],[109.04033,-7.67411],[109.04033,-7.67457],[109.03987,-7.67457],[109.03987,-7.67501],[109.03987,-7.67502],[109.04032,-7.67502],[109.04077,-7.67502],[109.04078,-7.67502],[109.04123,-7.67502],[109.04123,-7.67547],[109.04123,-7.67548],[109.04077,-7.67548],[109.04077,-7.67547],[109.04032,-7.67547],[109.03987,-7.67547],[109.03987,-7.67592],[109.03986,-7.67592],[109.03986,-7.67637],[109.04031,-7.67637],[109.04077,-7.67637],[109.04077,-7.67683],[109.04121,-7.67683],[109.04122,-7.67683],[109.04156,-7.67683],[109.04167,-7.67683],[109.04167,-7.67684],[109.04167,-7.67728],[109.04212,-7.67728],[109.04212,-7.67774],[109.04167,-7.67774],[109.04166,-7.67774],[109.04121,-7.67774],[109.04121,-7.67819],[109.04076,-7.67819],[109.04076,-7.67863],[109.04121,-7.67863],[109.04121,-7.67864],[109.04166,-7.67864],[109.04211,-7.67864],[109.04212,-7.67864],[109.04212,-7.67897],[109.04212,-7.67909],[109.04212,-7.67954],[109.04211,-7.67954],[109.04211,-7.67955],[109.04166,-7.67955],[109.04166,-7.67954],[109.04125,-7.67954],[109.04121,-7.67954],[109.04076,-7.67954],[109.04076,-7.67986],[109.04076,-7.67999],[109.04055,-7.67999],[109.04054,-7.67999],[109.04045,-7.67999],[109.0403,-7.67999],[109.0403,-7.68011],[109.0403,-7.68015],[109.0403,-7.68022],[109.0403,-7.68044],[109.0403,-7.68089],[109.0403,-7.68134],[109.0406,-7.68134],[109.0406,-7.6814],[109.04051,-7.6814],[109.0405,-7.68158],[109.04032,-7.68158],[109.04032,-7.68167],[109.04029,-7.68167],[109.04029,-7.68166],[109.04029,-7.68134],[109.03984,-7.68134],[109.03984,-7.68139],[109.03951,-7.68139],[109.03951,-7.68134],[109.03951,-7.6813],[109.03939,-7.6813],[109.03938,-7.6813],[109.03933,-7.6813],[109.03933,-7.68134],[109.03933,-7.68139],[109.03924,-7.68139],[109.03924,-7.68134],[109.03924,-7.6813],[109.03905,-7.6813],[109.03906,-7.68112],[109.03915,-7.68112],[109.03915,-7.68103],[109.03906,-7.68103],[109.03906,-7.681],[109.03906,-7.68097],[109.03906,-7.6809],[109.03906,-7.68089],[109.03906,-7.68076],[109.03894,-7.68076],[109.03893,-7.68076],[109.03888,-7.68076],[109.03888,-7.68088],[109.03888,-7.68089],[109.03888,-7.68094],[109.03879,-7.68094],[109.03879,-7.68102],[109.03879,-7.68103],[109.03869,-7.68103],[109.03869,-7.68102],[109.03869,-7.68094],[109.0386,-7.68093],[109.0386,-7.68089],[109.0386,-7.68088],[109.0386,-7.68084],[109.03879,-7.68084],[109.03879,-7.68075],[109.0387,-7.68075],[109.03869,-7.68075],[109.0387,-7.68057],[109.03861,-7.68057],[109.03861,-7.68048],[109.03852,-7.68048],[109.03852,-7.68057],[109.03848,-7.68057],[109.03848,-7.68044],[109.03848,-7.68043],[109.03843,-7.68043],[109.03842,-7.68043],[109.03842,-7.68039],[109.03834,-7.68039],[109.03833,-7.68039],[109.03834,-7.68012],[109.03843,-7.68012],[109.03843,-7.68003],[109.03834,-7.68003],[109.03834,-7.67998],[109.03834,-7.67994],[109.03825,-7.67994],[109.03825,-7.67998],[109.03825,-7.68003],[109.03806,-7.68003],[109.03806,-7.67998],[109.03806,-7.67994],[109.03804,-7.67994],[109.03803,-7.67994],[109.03797,-7.67994],[109.03797,-7.67985],[109.03788,-7.67985],[109.03788,-7.67998]],[[109.04114,-7.67728],[109.04101,-7.67728],[109.04076,-7.67728],[109.04076,-7.67749],[109.04076,-7.67757],[109.04076,-7.67773],[109.04121,-7.67773],[109.04121,-7.67728],[109.04114,-7.67728]],[[109.04076,-7.67683],[109.04031,-7.67683],[109.03995,-7.67683],[109.0399,-7.67674],[109.0399,-7.67673],[109.03989,-7.67673],[109.03989,-7.67672],[109.03989,-7.67671],[109.03989,-7.6767],[109.03989,-7.67669],[109.0399,-7.67669],[109.0399,-7.67668],[109.03998,-7.67659],[109.03986,-7.67647],[109.03986,-7.67648],[109.03981,-7.67643],[109.03966,-7.67637],[109.03967,-7.67637],[109.03959,-7.67634],[109.03958,-7.67637],[109.03954,-7.67656],[109.03959,-7.67671],[109.03968,-7.67682],[109.03941,-7.67682],[109.03941,-7.67637],[109.03896,-7.67637],[109.03896,-7.67682],[109.03851,-7.67682],[109.03851,-7.67727],[109.0385,-7.67727],[109.0385,-7.67772],[109.03895,-7.67772],[109.03895,-7.67817],[109.0394,-7.67817],[109.0394,-7.67773],[109.0394,-7.67772],[109.0394,-7.67727],[109.03957,-7.67727],[109.03941,-7.67766],[109.03943,-7.67769],[109.0395,-7.67772],[109.03951,-7.67772],[109.03951,-7.67773],[109.03952,-7.67773],[109.03952,-7.67774],[109.03953,-7.67775],[109.03953,-7.67774],[109.03953,-7.67773],[109.03953,-7.67772],[109.03953,-7.67771],[109.03954,-7.67771],[109.03954,-7.6777],[109.03955,-7.6777],[109.03955,-7.67769],[109.03962,-7.67763],[109.03963,-7.67763],[109.03964,-7.67763],[109.03964,-7.67762],[109.03986,-7.67754],[109.03986,-7.67755],[109.04027,-7.67739],[109.04028,-7.67739],[109.04029,-7.67739],[109.04022,-7.67728],[109.04031,-7.67728],[109.04076,-7.67728],[109.04076,-7.67683]],[[109.03956,-7.67785],[109.03971,-7.67818],[109.03972,-7.67818],[109.03963,-7.67797],[109.03963,-7.67796],[109.03963,-7.67795],[109.03963,-7.67794],[109.03963,-7.67793],[109.03965,-7.67787],[109.03963,-7.67782],[109.03955,-7.67777],[109.03954,-7.67776],[109.03954,-7.67775],[109.03953,-7.67775],[109.03956,-7.67785]],[[109.04031,-7.67773],[109.04031,-7.67818],[109.04076,-7.67818],[109.04076,-7.67773],[109.04031,-7.67773]],[[109.0403,-7.67908],[109.0403,-7.67863],[109.03992,-7.67863],[109.0399,-7.67863],[109.03986,-7.67863],[109.03986,-7.67908],[109.04008,-7.67908],[109.04012,-7.67908],[109.0403,-7.67908]],[[109.03894,-7.67863],[109.03894,-7.67818],[109.03862,-7.67818],[109.03862,-7.67817],[109.03862,-7.67813],[109.03853,-7.67813],[109.03853,-7.67817],[109.03853,-7.67818],[109.0385,-7.67818],[109.0385,-7.67831],[109.03844,-7.67831],[109.03843,-7.6784],[109.0385,-7.6784],[109.0385,-7.67862],[109.0385,-7.67863],[109.03849,-7.67863],[109.03849,-7.67907],[109.03849,-7.67908],[109.03849,-7.67953],[109.03894,-7.67953],[109.03894,-7.67908],[109.03894,-7.67863]],[[109.03849,-7.68021],[109.03848,-7.68021],[109.03843,-7.68021],[109.03843,-7.6803],[109.03848,-7.6803],[109.03849,-7.6803],[109.03852,-7.6803],[109.03852,-7.68021],[109.03849,-7.68021]]],[[[109.03743,-7.68003],[109.03743,-7.68002],[109.03743,-7.67997],[109.03752,-7.67997],[109.03752,-7.68002],[109.03752,-7.68003],[109.03743,-7.68003]]],[[[109.03807,-7.67894],[109.03807,-7.67885],[109.03816,-7.67885],[109.03816,-7.67894],[109.03807,-7.67894]]],[[[109.03689,-7.67876],[109.03689,-7.67862],[109.03698,-7.67862],[109.03698,-7.67876],[109.03689,-7.67876]]],[[[109.03761,-7.67591],[109.03715,-7.67591],[109.03715,-7.67546],[109.03761,-7.67546],[109.03761,-7.67591]]],[[[109.03806,-7.6732],[109.03806,-7.67275],[109.03852,-7.67275],[109.03852,-7.6732],[109.03806,-7.6732]]],[[[109.0371,-7.66795],[109.03718,-7.66795],[109.03719,-7.66795],[109.03727,-7.66795],[109.03727,-7.66796],[109.03719,-7.66796],[109.03718,-7.66796],[109.03709,-7.66796],[109.03691,-7.66796],[109.03691,-7.66795],[109.03709,-7.66795],[109.03709,-7.66777],[109.0371,-7.66777],[109.0371,-7.66795]]],[[[109.03746,-7.66651],[109.03746,-7.66642],[109.03746,-7.66633],[109.03764,-7.66633],[109.03765,-7.66633],[109.03765,-7.66642],[109.03765,-7.66651],[109.03764,-7.66651],[109.03755,-7.66651],[109.03746,-7.66651]]],[[[109.03814,-7.65693],[109.03814,-7.65694],[109.03768,-7.65694],[109.03768,-7.65693],[109.03768,-7.65648],[109.03814,-7.65648],[109.03814,-7.65693]]],[[[109.0384,-7.69896],[109.0384,-7.69851],[109.03886,-7.69851],[109.03886,-7.69896],[109.03886,-7.69903],[109.03874,-7.69912],[109.03857,-7.69925],[109.0384,-7.69937],[109.0384,-7.69896]]],[[[109.03823,-7.68314],[109.03823,-7.6831],[109.03841,-7.6831],[109.03841,-7.68314],[109.03823,-7.68314]]],[[[109.03868,-7.68292],[109.03869,-7.68274],[109.03878,-7.68274],[109.03878,-7.68292],[109.03869,-7.68292],[109.03868,-7.68292]]],[[[109.0385,-7.68265],[109.03851,-7.68265],[109.0386,-7.68265],[109.0386,-7.68269],[109.0386,-7.68274],[109.03851,-7.68274],[109.0385,-7.68274],[109.0385,-7.68269],[109.0385,-7.68265]]],[[[109.03905,-7.68148],[109.03906,-7.68148],[109.03915,-7.68148],[109.03915,-7.68157],[109.03914,-7.68157],[109.03905,-7.68157],[109.03905,-7.68148]]],[[[109.03878,-7.68148],[109.03869,-7.68148],[109.03869,-7.68134],[109.03869,-7.6813],[109.03878,-7.6813],[109.03878,-7.68134],[109.03878,-7.68148]]],[[[109.03842,-7.68102],[109.03842,-7.68093],[109.03848,-7.68093],[109.03851,-7.68093],[109.03851,-7.68102],[109.03848,-7.68102],[109.03842,-7.68102]]],[[[109.03844,-7.65206],[109.03843,-7.65206],[109.03843,-7.65197],[109.03843,-7.65196],[109.03843,-7.6518],[109.03844,-7.6518],[109.03857,-7.65196],[109.03858,-7.65196],[109.0386,-7.652],[109.03861,-7.65201],[109.03861,-7.65206],[109.03844,-7.65206]]],[[[109.04021,-7.69716],[109.04067,-7.69716],[109.04067,-7.69761],[109.04067,-7.69806],[109.04021,-7.69806],[109.04021,-7.69761],[109.04021,-7.69716]]],[[[109.04113,-7.69671],[109.04068,-7.69671],[109.04067,-7.69671],[109.04022,-7.69671],[109.04022,-7.69626],[109.04022,-7.69625],[109.04068,-7.69625],[109.04068,-7.69626],[109.04113,-7.69626],[109.04113,-7.69671]]],[[[109.04023,-7.6958],[109.03977,-7.6958],[109.03977,-7.69535],[109.04023,-7.69535],[109.04023,-7.6958]]],[[[109.04125,-7.67141],[109.04124,-7.67141],[109.04121,-7.67141],[109.04111,-7.67141],[109.0408,-7.67141],[109.04079,-7.67141],[109.04051,-7.67141],[109.04034,-7.67141],[109.04034,-7.6714],[109.04034,-7.67095],[109.04079,-7.67095],[109.0408,-7.67095],[109.04112,-7.67095],[109.04121,-7.67095],[109.04124,-7.67095],[109.04125,-7.67095],[109.04125,-7.67141]]],[[[109.04081,-7.66644],[109.04081,-7.66598],[109.04127,-7.66598],[109.04127,-7.66644],[109.04081,-7.66644]]],[[[109.04157,-7.69852],[109.04171,-7.69852],[109.04157,-7.69861],[109.04157,-7.6986],[109.04157,-7.69852]]],[[[109.04475,-7.69853],[109.04475,-7.69854],[109.04475,-7.69889],[109.04466,-7.69888],[109.0444,-7.69882],[109.04429,-7.69878],[109.04399,-7.69866],[109.04383,-7.69859],[109.04383,-7.69859],[109.0437,-7.69853],[109.04383,-7.69853],[109.04384,-7.69853],[109.04384,-7.69808],[109.04339,-7.69808],[109.04339,-7.69763],[109.04339,-7.69762],[109.04339,-7.69717],[109.04385,-7.69717],[109.04385,-7.69762],[109.04385,-7.69763],[109.04385,-7.69808],[109.04429,-7.69808],[109.0443,-7.69808],[109.04475,-7.69808],[109.04475,-7.69853]]],[[[109.04168,-7.67502],[109.04214,-7.67502],[109.04214,-7.67503],[109.04214,-7.67548],[109.04259,-7.67548],[109.04259,-7.67593],[109.04213,-7.67593],[109.04213,-7.67548],[109.04168,-7.67548],[109.04168,-7.67503],[109.04168,-7.67502]]],[[[109.04169,-7.67367],[109.04169,-7.67386],[109.04169,-7.67396],[109.04169,-7.67412],[109.04214,-7.67412],[109.04214,-7.67457],[109.04214,-7.67458],[109.04168,-7.67458],[109.04168,-7.67457],[109.04168,-7.67412],[109.04136,-7.67412],[109.04124,-7.67412],[109.04123,-7.67412],[109.04123,-7.67411],[109.04123,-7.6741],[109.04123,-7.67405],[109.04123,-7.67367],[109.04169,-7.67367]]],[[[109.04169,-7.67141],[109.04169,-7.67096],[109.04215,-7.67096],[109.04215,-7.67141],[109.04169,-7.67141]]],[[[109.04216,-7.67006],[109.0417,-7.67006],[109.0417,-7.6696],[109.04216,-7.6696],[109.04216,-7.67006]]],[[[109.0452,-7.69763],[109.0452,-7.69718],[109.04565,-7.69718],[109.04566,-7.69718],[109.04566,-7.69763],[109.04566,-7.69764],[109.04565,-7.69764],[109.0452,-7.69764],[109.0452,-7.69763]]],[[[109.04475,-7.69673],[109.0443,-7.69673],[109.0443,-7.69627],[109.04475,-7.69627],[109.04475,-7.69628],[109.0452,-7.69628],[109.0452,-7.69673],[109.04475,-7.69673]]],[[[109.04746,-7.69764],[109.04792,-7.69764],[109.04792,-7.69765],[109.04837,-7.69765],[109.04882,-7.69765],[109.04882,-7.6972],[109.04882,-7.69675],[109.04928,-7.69675],[109.04928,-7.6972],[109.04943,-7.6972],[109.04937,-7.69726],[109.0493,-7.69738],[109.04928,-7.6974],[109.04923,-7.69745],[109.04907,-7.69755],[109.04892,-7.69763],[109.04887,-7.69765],[109.04883,-7.69767],[109.04883,-7.69767],[109.04854,-7.6978],[109.04837,-7.69787],[109.04793,-7.69804],[109.04792,-7.69804],[109.04777,-7.6981],[109.04777,-7.6981],[109.04746,-7.69821],[109.04746,-7.6981],[109.04746,-7.69809],[109.04746,-7.69764]]],[[[109.04701,-7.69674],[109.04747,-7.69674],[109.04747,-7.69719],[109.04706,-7.69719],[109.04705,-7.69719],[109.04701,-7.69719],[109.04701,-7.69699],[109.04701,-7.69674]]],[[[109.047,-7.68996],[109.04704,-7.68996],[109.04705,-7.68996],[109.0475,-7.68996],[109.0475,-7.69019],[109.04705,-7.69004],[109.04727,-7.69041],[109.04705,-7.69041],[109.04704,-7.69041],[109.04704,-7.69086],[109.04659,-7.69086],[109.04659,-7.69131],[109.04614,-7.69131],[109.04613,-7.69131],[109.04613,-7.69086],[109.04614,-7.69086],[109.04658,-7.69086],[109.04658,-7.69041],[109.04659,-7.69041],[109.04659,-7.69027],[109.04659,-7.69016],[109.04659,-7.68996],[109.04688,-7.68996],[109.047,-7.68996]]],[[[109.04662,-7.68273],[109.04662,-7.68228],[109.04708,-7.68228],[109.04708,-7.68273],[109.04662,-7.68273]]],[[[109.04618,-7.68182],[109.04572,-7.68182],[109.04572,-7.68137],[109.04618,-7.68137],[109.04618,-7.68182]]],[[[109.04929,-7.69539],[109.04884,-7.69539],[109.04884,-7.69494],[109.04929,-7.69494],[109.04929,-7.69539]]],[[[109.0498,-7.68319],[109.0498,-7.6832],[109.04934,-7.6832],[109.04934,-7.68319],[109.04934,-7.68274],[109.0498,-7.68274],[109.0498,-7.68319]]],[[[109.04973,-7.69691],[109.04973,-7.69675],[109.04982,-7.69675],[109.04982,-7.69682],[109.04982,-7.69683],[109.04973,-7.69691]]],[[[109.05065,-7.69495],[109.05065,-7.6954],[109.05019,-7.6954],[109.04974,-7.6954],[109.04974,-7.69495],[109.04974,-7.69494],[109.04974,-7.69449],[109.05019,-7.69449],[109.05019,-7.69404],[109.05065,-7.69404],[109.05065,-7.69449],[109.05065,-7.6945],[109.05065,-7.69494],[109.05065,-7.69495]]],[[[109.05024,-7.68636],[109.04978,-7.68636],[109.04978,-7.68591],[109.05024,-7.68591],[109.05024,-7.68636]]],[[[109.05291,-7.69496],[109.05302,-7.69496],[109.05291,-7.69509],[109.05291,-7.69496]]],[[[109.05291,-7.69451],[109.05291,-7.69405],[109.05337,-7.69405],[109.05337,-7.69406],[109.0536,-7.69406],[109.05358,-7.69411],[109.05351,-7.69425],[109.05346,-7.69436],[109.05337,-7.69448],[109.05337,-7.69449],[109.05335,-7.69451],[109.05291,-7.69451]]],[[[109.05338,-7.69225],[109.05293,-7.69225],[109.05292,-7.69225],[109.05292,-7.69179],[109.05293,-7.69179],[109.05338,-7.69179],[109.05338,-7.69225]]],[[[109.05202,-7.69134],[109.05202,-7.69089],[109.05248,-7.69089],[109.05248,-7.69134],[109.05202,-7.69134]]],[[[109.05386,-7.68683],[109.0534,-7.68683],[109.0534,-7.68637],[109.05386,-7.68637],[109.05386,-7.68683]]],[[[109.05262,-7.68086],[109.05262,-7.68068],[109.05279,-7.68068],[109.05279,-7.6805],[109.0528,-7.6805],[109.0528,-7.68086],[109.05262,-7.68086]]],[[[109.05189,-7.68049],[109.05189,-7.6805],[109.05171,-7.6805],[109.05171,-7.68049],[109.05189,-7.68049]]],[[[109.05167,-7.6701],[109.05167,-7.66965],[109.05212,-7.66965],[109.05212,-7.6701],[109.05167,-7.6701]]],[[[109.05168,-7.66694],[109.05122,-7.66694],[109.05122,-7.66648],[109.05168,-7.66648],[109.05168,-7.66694]]],[[[109.0526,-7.66558],[109.0526,-7.66604],[109.05305,-7.66604],[109.05305,-7.66649],[109.05259,-7.66649],[109.05213,-7.66649],[109.05213,-7.66604],[109.05168,-7.66604],[109.05168,-7.66603],[109.05168,-7.66597],[109.05214,-7.66576],[109.05255,-7.66558],[109.0526,-7.66558]]],[[[109.05463,-7.69316],[109.05452,-7.69327],[109.05449,-7.6933],[109.05444,-7.69332],[109.05437,-7.69333],[109.05429,-7.69335],[109.05428,-7.69336],[109.05423,-7.69338],[109.05417,-7.69343],[109.05404,-7.69355],[109.05399,-7.69361],[109.05398,-7.69361],[109.05383,-7.69361],[109.05382,-7.69361],[109.05382,-7.69315],[109.05383,-7.69315],[109.05428,-7.69315],[109.05428,-7.69316],[109.05463,-7.69316]]],[[[109.05426,-7.67942],[109.05426,-7.6796],[109.05425,-7.6796],[109.05425,-7.67924],[109.05389,-7.67924],[109.05389,-7.67915],[109.05434,-7.67915],[109.05434,-7.67942],[109.05426,-7.67942]]],[[[109.0557,-7.67925],[109.05588,-7.67925],[109.05588,-7.67943],[109.0557,-7.67943],[109.0557,-7.67925]]],[[[109.05661,-7.67872],[109.05661,-7.67882],[109.05661,-7.67889],[109.05643,-7.67889],[109.05643,-7.67907],[109.05642,-7.67907],[109.05642,-7.67889],[109.05641,-7.67889],[109.05616,-7.67889],[109.05615,-7.67889],[109.05611,-7.67889],[109.05607,-7.67889],[109.05588,-7.67889],[109.05588,-7.67871],[109.05588,-7.6787],[109.05607,-7.6787],[109.05607,-7.67834],[109.05616,-7.67834],[109.05616,-7.6787],[109.05661,-7.6787],[109.05661,-7.67871],[109.05661,-7.67872]]],[[[109.0557,-7.67825],[109.05607,-7.67825],[109.05607,-7.67834],[109.0557,-7.67834],[109.0557,-7.67825]]],[[[109.05526,-7.67825],[109.0548,-7.67825],[109.0548,-7.6778],[109.0548,-7.67779],[109.05526,-7.67779],[109.05526,-7.6778],[109.05526,-7.67825]]],[[[109.05526,-7.67735],[109.0548,-7.67735],[109.0548,-7.67689],[109.05526,-7.67689],[109.05526,-7.67735]]],[[[109.05573,-7.67554],[109.05572,-7.67554],[109.05527,-7.67554],[109.05527,-7.67509],[109.05527,-7.67464],[109.05527,-7.67463],[109.05572,-7.67463],[109.05572,-7.67419],[109.05527,-7.67419],[109.05527,-7.67418],[109.05527,-7.67373],[109.05527,-7.67328],[109.05528,-7.67328],[109.05573,-7.67328],[109.05573,-7.67373],[109.05617,-7.67373],[109.05618,-7.67373],[109.05663,-7.67373],[109.05663,-7.67374],[109.05663,-7.67419],[109.05618,-7.67419],[109.05618,-7.67464],[109.05573,-7.67464],[109.05573,-7.67509],[109.05573,-7.67554]]],[[[109.05527,-7.67283],[109.05527,-7.67238],[109.05527,-7.67237],[109.05528,-7.67237],[109.05528,-7.67192],[109.05574,-7.67192],[109.05574,-7.67238],[109.05573,-7.67238],[109.05573,-7.67283],[109.05528,-7.67283],[109.05527,-7.67283]]],[[[109.05619,-7.67057],[109.05619,-7.67012],[109.0562,-7.67012],[109.0562,-7.66967],[109.0562,-7.66922],[109.05666,-7.66922],[109.05666,-7.66877],[109.05711,-7.66877],[109.05711,-7.66832],[109.05666,-7.66832],[109.05621,-7.66832],[109.05621,-7.66876],[109.05621,-7.66877],[109.05575,-7.66877],[109.05575,-7.66876],[109.05575,-7.66831],[109.0553,-7.66831],[109.0553,-7.66786],[109.05575,-7.66786],[109.05576,-7.66786],[109.0562,-7.66786],[109.05621,-7.66786],[109.05666,-7.66786],[109.05666,-7.66741],[109.05621,-7.66741],[109.0562,-7.66741],[109.0562,-7.66696],[109.05576,-7.66696],[109.05575,-7.66696],[109.05531,-7.66696],[109.0553,-7.66696],[109.0553,-7.66695],[109.0553,-7.6665],[109.0553,-7.66605],[109.05486,-7.66605],[109.05485,-7.66605],[109.05485,-7.6656],[109.05486,-7.6656],[109.0553,-7.6656],[109.0553,-7.66515],[109.05531,-7.66515],[109.05531,-7.6647],[109.05531,-7.66469],[109.05531,-7.66437],[109.0556,-7.66424],[109.05577,-7.66424],[109.05577,-7.66417],[109.05623,-7.66397],[109.05623,-7.66425],[109.05577,-7.66425],[109.05577,-7.66469],[109.05577,-7.6647],[109.05621,-7.6647],[109.05622,-7.6647],[109.05667,-7.6647],[109.05713,-7.6647],[109.05713,-7.66425],[109.05713,-7.6638],[109.05758,-7.6638],[109.05758,-7.66338],[109.05765,-7.66335],[109.05804,-7.66335],[109.05804,-7.6638],[109.05849,-7.6638],[109.0585,-7.6638],[109.05894,-7.6638],[109.05895,-7.6638],[109.05895,-7.66381],[109.05939,-7.66381],[109.0594,-7.66381],[109.05984,-7.66381],[109.05984,-7.66336],[109.05985,-7.66336],[109.0603,-7.66336],[109.0603,-7.66381],[109.06075,-7.66381],[109.06075,-7.66336],[109.06087,-7.66336],[109.06088,-7.66336],[109.06097,-7.66356],[109.06109,-7.66381],[109.06109,-7.66381],[109.06121,-7.66411],[109.06121,-7.66411],[109.06125,-7.6642],[109.06127,-7.66427],[109.06143,-7.66472],[109.06158,-7.66516],[109.06158,-7.66517],[109.06165,-7.66536],[109.06176,-7.66563],[109.06175,-7.66563],[109.0619,-7.66601],[109.06193,-7.66608],[109.06203,-7.66635],[109.06209,-7.66653],[109.0621,-7.66659],[109.0621,-7.66698],[109.06223,-7.66698],[109.06224,-7.66698],[109.06235,-7.66734],[109.06239,-7.66744],[109.06254,-7.66789],[109.06255,-7.6679],[109.06259,-7.66802],[109.06271,-7.66834],[109.06288,-7.6688],[109.06255,-7.6688],[109.06255,-7.66879],[109.06209,-7.66879],[109.06209,-7.66834],[109.06165,-7.66834],[109.06164,-7.66834],[109.06119,-7.66834],[109.06119,-7.66879],[109.06074,-7.66879],[109.06073,-7.66879],[109.06073,-7.66923],[109.06073,-7.66924],[109.06073,-7.66969],[109.06073,-7.67014],[109.06118,-7.67014],[109.06118,-7.67059],[109.06118,-7.6706],[109.06072,-7.6706],[109.06072,-7.67104],[109.06072,-7.67105],[109.06072,-7.67149],[109.06072,-7.6715],[109.06072,-7.67195],[109.06027,-7.67195],[109.06026,-7.67195],[109.05982,-7.67195],[109.05982,-7.67239],[109.05982,-7.6724],[109.05982,-7.67285],[109.05981,-7.67285],[109.05936,-7.67285],[109.05936,-7.6733],[109.0589,-7.6733],[109.0589,-7.67284],[109.05936,-7.67284],[109.05936,-7.6724],[109.05936,-7.67239],[109.05936,-7.67194],[109.05981,-7.67194],[109.05981,-7.67149],[109.05936,-7.67149],[109.05936,-7.67104],[109.05891,-7.67104],[109.05891,-7.67149],[109.05846,-7.67149],[109.05846,-7.67194],[109.058,-7.67194],[109.058,-7.67148],[109.05846,-7.67148],[109.05846,-7.67104],[109.05846,-7.67103],[109.05846,-7.67058],[109.05891,-7.67058],[109.05936,-7.67058],[109.05936,-7.67014],[109.05891,-7.67014],[109.05891,-7.67013],[109.05846,-7.67013],[109.05846,-7.66968],[109.05891,-7.66968],[109.05891,-7.66923],[109.05847,-7.66923],[109.05846,-7.66923],[109.05801,-7.66923],[109.05801,-7.66968],[109.05756,-7.66968],[109.05711,-7.66968],[109.05711,-7.67012],[109.05666,-7.67012],[109.05665,-7.67012],[109.05665,-7.67057],[109.05665,-7.67103],[109.05619,-7.67103],[109.05619,-7.67148],[109.05664,-7.67148],[109.05664,-7.67193],[109.05618,-7.67193],[109.05618,-7.67148],[109.05573,-7.67148],[109.05573,-7.67147],[109.05528,-7.67147],[109.05528,-7.67102],[109.05528,-7.67057],[109.05574,-7.67057],[109.05574,-7.67102],[109.05619,-7.67102],[109.05619,-7.67057]],[[109.05666,-7.66967],[109.05711,-7.66967],[109.05711,-7.66922],[109.05666,-7.66922],[109.05666,-7.66967]],[[109.05756,-7.66832],[109.05756,-7.66787],[109.05711,-7.66787],[109.05711,-7.66832],[109.05756,-7.66832]],[[109.05713,-7.66515],[109.05758,-7.66515],[109.05758,-7.66471],[109.05758,-7.6647],[109.05713,-7.6647],[109.05713,-7.66515]],[[109.05983,-7.66742],[109.05983,-7.66698],[109.05983,-7.66697],[109.05939,-7.66697],[109.05938,-7.66697],[109.05938,-7.66742],[109.05983,-7.66742]],[[109.05847,-7.66742],[109.05847,-7.66697],[109.05803,-7.66697],[109.05802,-7.66697],[109.05802,-7.66741],[109.05802,-7.66742],[109.05802,-7.66787],[109.05846,-7.66787],[109.05847,-7.66787],[109.05892,-7.66787],[109.05937,-7.66787],[109.05937,-7.66742],[109.05893,-7.66742],[109.05892,-7.66742],[109.05847,-7.66742]],[[109.05936,-7.66923],[109.05937,-7.66923],[109.05937,-7.66878],[109.05892,-7.66878],[109.05892,-7.66923],[109.05936,-7.66923]],[[109.05982,-7.67104],[109.06026,-7.67104],[109.06026,-7.67059],[109.05982,-7.67059],[109.05981,-7.67059],[109.05937,-7.67059],[109.05937,-7.67104],[109.05981,-7.67104],[109.05982,-7.67104]],[[109.06119,-7.66789],[109.06119,-7.66788],[109.06074,-7.66788],[109.06074,-7.66833],[109.06119,-7.66833],[109.06119,-7.66789]],[[109.06209,-7.66789],[109.06209,-7.66744],[109.06165,-7.66744],[109.06165,-7.66788],[109.06165,-7.66789],[109.06209,-7.66789]]],[[[109.05575,-7.66967],[109.05529,-7.66967],[109.05529,-7.66921],[109.05575,-7.66921],[109.05575,-7.66967]]],[[[109.0544,-7.66785],[109.05394,-7.66785],[109.05394,-7.6674],[109.0544,-7.6674],[109.0544,-7.66785]]],[[[109.05395,-7.66695],[109.05395,-7.6665],[109.05395,-7.66649],[109.05441,-7.66649],[109.05441,-7.6665],[109.05441,-7.66695],[109.05395,-7.66695]]],[[[109.05395,-7.66514],[109.05395,-7.66496],[109.0544,-7.66476],[109.0544,-7.66476],[109.05458,-7.66469],[109.05486,-7.66469],[109.05486,-7.66514],[109.05441,-7.66514],[109.0544,-7.66514],[109.05396,-7.66514],[109.05395,-7.66514]]],[[[109.05886,-7.68212],[109.05886,-7.68188],[109.05932,-7.68188],[109.05932,-7.68233],[109.05896,-7.68233],[109.05886,-7.68233],[109.05886,-7.68212]]],[[[109.05977,-7.68098],[109.05977,-7.68143],[109.05932,-7.68143],[109.05931,-7.68143],[109.05887,-7.68143],[109.05886,-7.68143],[109.05856,-7.68143],[109.05847,-7.68143],[109.05841,-7.68143],[109.05841,-7.68129],[109.05841,-7.68105],[109.05841,-7.68098],[109.05841,-7.68097],[109.05887,-7.68097],[109.05887,-7.68098],[109.05931,-7.68098],[109.05932,-7.68098],[109.05977,-7.68098]]],[[[109.05796,-7.68017],[109.05796,-7.68007],[109.05796,-7.67992],[109.05796,-7.67962],[109.05842,-7.67962],[109.05842,-7.68007],[109.05842,-7.68052],[109.0582,-7.68052],[109.0581,-7.68052],[109.05796,-7.68052],[109.05796,-7.68017]]],[[[109.05797,-7.67917],[109.05766,-7.67917],[109.05756,-7.67917],[109.05751,-7.67917],[109.05751,-7.67916],[109.05751,-7.67905],[109.05751,-7.6788],[109.05751,-7.67871],[109.05752,-7.67871],[109.05797,-7.67871],[109.05797,-7.67916],[109.05797,-7.67917]]],[[[109.05679,-7.67916],[109.05679,-7.67907],[109.05697,-7.67907],[109.05697,-7.67871],[109.05707,-7.67871],[109.05707,-7.67916],[109.05679,-7.67916]]],[[[109.05951,-7.67836],[109.05951,-7.67854],[109.05933,-7.67854],[109.05933,-7.67836],[109.05951,-7.67836]]],[[[109.05798,-7.67826],[109.05752,-7.67826],[109.05752,-7.67781],[109.05798,-7.67781],[109.05798,-7.67826]]],[[[109.05888,-7.67646],[109.05843,-7.67646],[109.05798,-7.67646],[109.05798,-7.676],[109.05843,-7.676],[109.05889,-7.676],[109.05889,-7.67601],[109.05934,-7.67601],[109.05934,-7.67646],[109.05934,-7.67691],[109.05933,-7.67691],[109.05933,-7.67736],[109.05933,-7.67745],[109.05897,-7.67745],[109.05897,-7.67763],[109.05897,-7.67764],[109.05888,-7.67764],[109.05888,-7.67763],[109.05888,-7.67736],[109.05843,-7.67736],[109.05843,-7.67691],[109.05888,-7.67691],[109.05888,-7.67646]]],[[[109.05662,-7.67645],[109.05662,-7.676],[109.05708,-7.676],[109.05708,-7.67645],[109.05662,-7.67645]]],[[[109.05755,-7.67193],[109.0571,-7.67193],[109.0571,-7.67238],[109.05709,-7.67238],[109.05709,-7.67284],[109.05664,-7.67284],[109.05664,-7.67328],[109.05664,-7.67329],[109.05618,-7.67329],[109.05618,-7.67328],[109.05618,-7.67283],[109.05663,-7.67283],[109.05663,-7.67238],[109.05664,-7.67238],[109.05664,-7.67193],[109.05709,-7.67193],[109.05709,-7.67148],[109.05755,-7.67148],[109.05755,-7.67193]]],[[[109.05801,-7.67058],[109.05755,-7.67058],[109.05755,-7.67013],[109.05801,-7.67013],[109.05846,-7.67013],[109.05846,-7.67058],[109.05801,-7.67058]]],[[[109.05894,-7.6629],[109.05868,-7.6629],[109.05895,-7.66278],[109.05895,-7.66279],[109.05929,-7.66263],[109.0593,-7.66263],[109.0593,-7.66263],[109.05934,-7.66261],[109.0594,-7.66262],[109.05985,-7.66266],[109.06016,-7.66269],[109.06031,-7.6628],[109.06031,-7.66282],[109.06031,-7.66285],[109.06031,-7.66291],[109.05985,-7.66291],[109.0594,-7.66291],[109.05939,-7.66291],[109.05894,-7.66291],[109.05894,-7.6629]],[[109.05978,-7.66271],[109.05977,-7.66271],[109.05976,-7.66271],[109.0597,-7.66269],[109.05963,-7.6627],[109.05966,-7.66272],[109.05978,-7.66272],[109.05978,-7.66271]],[[109.06025,-7.66281],[109.06015,-7.66274],[109.05985,-7.66272],[109.06025,-7.66281]]],[[[109.06243,-7.69455],[109.06197,-7.69455],[109.06197,-7.6941],[109.06197,-7.69409],[109.06243,-7.69409],[109.06243,-7.6941],[109.06243,-7.69455]]],[[[109.06107,-7.69454],[109.06106,-7.69454],[109.06081,-7.69454],[109.06066,-7.69409],[109.06062,-7.69396],[109.06061,-7.69395],[109.06061,-7.69364],[109.06062,-7.69364],[109.06107,-7.69364],[109.06107,-7.69409],[109.06152,-7.69409],[109.06152,-7.69454],[109.06107,-7.69454]]],[[[109.06107,-7.69319],[109.06152,-7.69319],[109.06152,-7.69274],[109.06198,-7.69274],[109.06198,-7.69319],[109.06198,-7.69364],[109.06153,-7.69364],[109.06152,-7.69364],[109.06107,-7.69364],[109.06107,-7.69319]]],[[[109.06198,-7.69183],[109.06244,-7.69183],[109.06244,-7.69184],[109.06244,-7.69229],[109.06244,-7.69274],[109.06198,-7.69274],[109.06198,-7.69229],[109.06198,-7.69184],[109.06198,-7.69183]]],[[[109.06108,-7.69093],[109.06108,-7.69048],[109.06154,-7.69048],[109.06154,-7.69093],[109.06108,-7.69093]]],[[[109.06019,-7.68867],[109.06019,-7.68821],[109.06065,-7.68821],[109.06065,-7.68867],[109.06019,-7.68867]]],[[[109.06201,-7.6847],[109.06201,-7.68461],[109.06156,-7.68461],[109.06156,-7.68415],[109.06202,-7.68415],[109.06238,-7.68415],[109.06238,-7.68434],[109.06202,-7.68434],[109.06202,-7.68461],[109.06202,-7.6847],[109.06201,-7.6847]]],[[[109.0607,-7.67466],[109.06071,-7.67466],[109.06116,-7.67466],[109.06116,-7.67511],[109.06071,-7.67511],[109.0607,-7.67511],[109.06025,-7.67511],[109.06025,-7.67466],[109.0607,-7.67466]]],[[[109.06298,-7.67196],[109.06343,-7.67196],[109.06343,-7.67151],[109.06299,-7.67151],[109.06298,-7.67151],[109.06254,-7.67151],[109.06253,-7.67151],[109.06208,-7.67151],[109.06208,-7.6715],[109.06163,-7.6715],[109.06162,-7.6715],[109.06117,-7.6715],[109.06117,-7.67105],[109.06162,-7.67105],[109.06163,-7.67105],[109.06208,-7.67105],[109.06208,-7.6706],[109.06208,-7.67015],[109.06254,-7.67015],[109.06254,-7.6706],[109.06299,-7.6706],[109.06299,-7.67105],[109.06344,-7.67105],[109.06344,-7.67106],[109.06344,-7.67151],[109.06383,-7.67151],[109.06389,-7.67166],[109.06389,-7.67196],[109.064,-7.67196],[109.06407,-7.67215],[109.06388,-7.67225],[109.06388,-7.67224],[109.06354,-7.67241],[109.06343,-7.67247],[109.06331,-7.67253],[109.06298,-7.6727],[109.06298,-7.67271],[109.06297,-7.67271],[109.0626,-7.67283],[109.06261,-7.67286],[109.06274,-7.67315],[109.06252,-7.67325],[109.06252,-7.67324],[109.06252,-7.67286],[109.06207,-7.67286],[109.06162,-7.67286],[109.06161,-7.67286],[109.06161,-7.6724],[109.06162,-7.6724],[109.06207,-7.6724],[109.06207,-7.67195],[109.06253,-7.67195],[109.06253,-7.67241],[109.06297,-7.67241],[109.06298,-7.67241],[109.06298,-7.67196]]],[[[109.06275,-7.68416],[109.06275,-7.68434],[109.06274,-7.68434],[109.06274,-7.68416],[109.06275,-7.68416]]],[[[109.06277,-7.67747],[109.06278,-7.67747],[109.06278,-7.67765],[109.06277,-7.67765],[109.06277,-7.67747]]],[[[109.06332,-7.67675],[109.06333,-7.67675],[109.06333,-7.67693],[109.06332,-7.67693],[109.06332,-7.67675]]],[[[109.06524,-7.67494],[109.06524,-7.67513],[109.06478,-7.67513],[109.06435,-7.67513],[109.06458,-7.67496],[109.06478,-7.67507],[109.06487,-7.67512],[109.06524,-7.67494]]],[[[109.063,-7.66925],[109.063,-7.66913],[109.06304,-7.66925],[109.063,-7.66925]]],[[[109.06706,-7.69276],[109.06706,-7.69321],[109.06741,-7.69321],[109.06742,-7.69321],[109.06742,-7.69303],[109.0676,-7.69303],[109.0676,-7.69321],[109.06762,-7.69321],[109.06761,-7.69322],[109.06759,-7.69322],[109.06747,-7.69326],[109.06746,-7.69326],[109.06745,-7.69326],[109.06744,-7.69326],[109.06743,-7.69326],[109.06742,-7.69326],[109.06742,-7.69327],[109.06741,-7.69327],[109.06739,-7.69328],[109.06739,-7.69329],[109.06738,-7.69329],[109.06724,-7.69333],[109.06724,-7.69322],[109.06718,-7.69322],[109.06705,-7.69322],[109.06705,-7.69321],[109.06705,-7.69303],[109.06696,-7.69303],[109.06696,-7.69276],[109.06706,-7.69276]]],[[[109.07195,-7.69188],[109.07195,-7.69189],[109.07149,-7.69203],[109.07149,-7.69188],[109.0715,-7.69188],[109.07195,-7.69188]]],[[[109.07198,-7.69188],[109.07195,-7.69188],[109.07195,-7.69143],[109.0724,-7.69143],[109.07241,-7.69143],[109.07286,-7.69143],[109.07286,-7.69161],[109.07241,-7.69175],[109.07241,-7.69175],[109.07198,-7.69188]]],[[[109.07104,-7.69188],[109.07059,-7.69188],[109.07059,-7.69142],[109.07104,-7.69142],[109.07105,-7.69142],[109.07105,-7.69188],[109.07104,-7.69188]]],[[[109.07241,-7.69009],[109.07258,-7.69053],[109.07241,-7.69053],[109.07241,-7.69009]]],[[[109.07107,-7.68736],[109.07107,-7.6872],[109.07153,-7.68709],[109.07153,-7.68736],[109.07107,-7.68736]]],[[[109.06926,-7.68554],[109.06926,-7.68509],[109.06972,-7.68509],[109.06972,-7.68554],[109.07017,-7.68554],[109.07017,-7.68509],[109.07036,-7.68509],[109.07039,-7.68511],[109.07052,-7.68519],[109.07063,-7.68523],[109.07063,-7.68555],[109.07108,-7.68555],[109.07108,-7.686],[109.07153,-7.686],[109.07153,-7.68646],[109.07107,-7.68646],[109.07107,-7.686],[109.07062,-7.686],[109.07062,-7.68555],[109.07017,-7.68555],[109.07017,-7.686],[109.06971,-7.686],[109.06971,-7.68554],[109.06926,-7.68554]]],[[[109.06836,-7.68554],[109.0679,-7.68554],[109.0679,-7.68508],[109.06836,-7.68508],[109.06836,-7.68554]]],[[[109.06836,-7.68464],[109.0679,-7.68464],[109.0679,-7.68463],[109.0679,-7.68418],[109.06836,-7.68418],[109.06836,-7.68463],[109.06836,-7.68464]]],[[[109.06746,-7.68328],[109.06746,-7.68282],[109.06792,-7.68282],[109.06792,-7.68328],[109.06746,-7.68328]]]]}}]}