{"type":"FeatureCollection","district":"CIMANGGU","features":[{"type":"Feature","properties":{"d":"CIMANGGU","net":"FWA-IndoorOutdoor"},"geometry":{"type":"MultiPolygon","coordinates":[[[[108.7982,-7.37116],[108.7982,-7.3716],[108.79819,-7.3716],[108.79774,-7.3716],[108.79774,-7.37115],[108.79819,-7.37115],[108.79819,-7.3707],[108.7982,-7.3707],[108.79865,-7.3707],[108.79865,-7.37115],[108.79865,-7.37116],[108.7982,-7.37116]]],[[[108.79006,-7.37021],[108.79006,-7.37066],[108.79005,-7.37066],[108.7896,-7.37066],[108.7896,-7.37021],[108.79005,-7.37021],[108.79006,-7.37021]]],[[[108.79866,-7.36935],[108.79866,-7.3698],[108.7982,-7.3698],[108.7982,-7.36935],[108.7982,-7.36934],[108.7982,-7.36889],[108.79775,-7.36889],[108.79775,-7.36844],[108.79821,-7.36844],[108.79821,-7.36889],[108.79866,-7.36889],[108.79866,-7.36934],[108.79866,-7.36935]]],[[[108.78191,-7.36926],[108.78191,-7.36927],[108.78146,-7.36927],[108.78146,-7.36926],[108.78146,-7.36881],[108.78191,-7.36881],[108.78191,-7.36926]]],[[[108.79323,-7.36842],[108.79323,-7.36887],[108.79277,-7.36887],[108.79277,-7.36842],[108.79277,-7.36841],[108.79323,-7.36841],[108.79323,-7.36842]]],[[[108.77557,-7.36878],[108.77512,-7.36878],[108.77512,-7.36833],[108.77558,-7.36833],[108.77558,-7.36871],[108.77557,-7.36878]]],[[[108.79505,-7.36662],[108.79505,-7.36707],[108.79459,-7.36707],[108.79459,-7.36662],[108.79505,-7.36662]]],[[[108.79686,-7.36617],[108.79686,-7.36663],[108.7964,-7.36663],[108.7964,-7.36617],[108.79686,-7.36617]]],[[[108.79597,-7.36527],[108.79551,-7.36527],[108.79505,-7.36527],[108.79505,-7.36481],[108.79551,-7.36481],[108.79597,-7.36481],[108.79597,-7.36527]]],[[[108.7738,-7.3638],[108.7738,-7.36425],[108.7738,-7.36426],[108.77334,-7.36426],[108.77334,-7.36425],[108.77334,-7.3638],[108.7738,-7.3638]]],[[[108.76662,-7.36331],[108.76701,-7.36331],[108.76701,-7.36332],[108.76701,-7.36377],[108.76672,-7.36377],[108.76661,-7.36332],[108.76661,-7.36331],[108.76662,-7.36331]]],[[[108.77651,-7.36291],[108.77651,-7.36337],[108.77605,-7.36337],[108.77605,-7.36291],[108.77651,-7.36291]]],[[[108.79778,-7.36256],[108.79778,-7.36302],[108.79733,-7.36302],[108.79732,-7.36302],[108.79732,-7.36256],[108.79733,-7.36256],[108.79778,-7.36256]]],[[[108.7664,-7.36241],[108.7664,-7.36238],[108.76628,-7.36217],[108.76616,-7.3621],[108.76611,-7.36208],[108.7661,-7.36208],[108.7661,-7.36196],[108.76611,-7.36196],[108.76656,-7.36196],[108.76656,-7.36241],[108.7664,-7.36241]]],[[[108.7987,-7.36076],[108.7987,-7.36031],[108.7987,-7.35986],[108.79915,-7.35986],[108.79916,-7.35986],[108.79916,-7.35941],[108.79871,-7.35941],[108.79825,-7.35941],[108.79825,-7.35896],[108.79825,-7.35895],[108.79871,-7.35895],[108.79871,-7.35851],[108.79871,-7.3585],[108.79916,-7.3585],[108.79916,-7.35851],[108.79961,-7.35851],[108.79961,-7.35896],[108.79961,-7.35941],[108.79961,-7.35986],[108.79961,-7.35987],[108.79961,-7.36032],[108.79916,-7.36032],[108.79916,-7.36077],[108.79915,-7.36077],[108.79915,-7.36122],[108.7987,-7.36122],[108.7987,-7.36167],[108.79915,-7.36167],[108.79915,-7.36212],[108.7996,-7.36212],[108.7996,-7.36257],[108.7996,-7.36258],[108.79914,-7.36258],[108.79914,-7.36257],[108.79914,-7.36212],[108.79869,-7.36212],[108.79869,-7.36167],[108.79824,-7.36167],[108.79824,-7.36121],[108.79869,-7.36121],[108.79869,-7.36076],[108.7987,-7.36076]]],[[[108.78059,-7.36158],[108.78059,-7.36203],[108.78014,-7.36203],[108.78014,-7.36158],[108.78059,-7.36158]]],[[[108.76386,-7.36014],[108.76385,-7.36014],[108.76385,-7.35969],[108.7634,-7.35969],[108.7634,-7.35924],[108.7634,-7.35923],[108.76296,-7.35923],[108.76295,-7.35923],[108.7625,-7.35923],[108.7625,-7.3589],[108.76253,-7.35882],[108.76252,-7.35878],[108.7625,-7.35854],[108.7625,-7.35848],[108.76243,-7.35833],[108.76243,-7.35833],[108.76236,-7.35817],[108.7622,-7.35805],[108.76225,-7.35797],[108.76223,-7.35787],[108.76218,-7.35769],[108.76233,-7.35761],[108.76251,-7.3575],[108.76251,-7.35787],[108.76296,-7.35787],[108.76296,-7.35742],[108.76342,-7.35742],[108.76342,-7.35788],[108.76296,-7.35788],[108.76296,-7.35833],[108.76341,-7.35833],[108.76341,-7.35878],[108.76386,-7.35878],[108.76386,-7.35923],[108.76386,-7.35924],[108.76431,-7.35924],[108.76431,-7.35969],[108.76476,-7.35969],[108.76476,-7.36014],[108.76521,-7.36014],[108.76521,-7.3606],[108.76566,-7.3606],[108.76566,-7.36105],[108.76521,-7.36105],[108.7652,-7.36105],[108.7652,-7.3606],[108.76476,-7.3606],[108.76476,-7.36104],[108.76476,-7.36105],[108.76476,-7.3615],[108.76476,-7.3616],[108.76475,-7.3616],[108.76467,-7.36157],[108.76453,-7.3615],[108.7643,-7.36139],[108.7643,-7.36138],[108.7643,-7.36105],[108.7643,-7.36104],[108.7643,-7.3606],[108.7643,-7.36059],[108.7643,-7.36014],[108.76386,-7.36014]]],[[[108.77562,-7.36065],[108.77562,-7.3611],[108.77516,-7.3611],[108.77516,-7.36065],[108.77562,-7.36065]]],[[[108.79644,-7.35985],[108.79644,-7.3603],[108.79598,-7.3603],[108.79598,-7.35985],[108.79553,-7.35985],[108.79553,-7.35939],[108.79599,-7.35939],[108.79599,-7.35985],[108.79644,-7.35985]]],[[[108.77472,-7.35929],[108.77472,-7.35974],[108.77426,-7.35974],[108.77426,-7.35929],[108.77472,-7.35929]]],[[[108.76567,-7.35924],[108.76567,-7.35879],[108.76613,-7.35879],[108.76613,-7.35925],[108.76567,-7.35925],[108.76567,-7.3597],[108.76521,-7.3597],[108.76521,-7.35924],[108.76567,-7.35924]]],[[[108.78061,-7.35886],[108.78061,-7.35887],[108.78061,-7.35932],[108.78015,-7.35932],[108.78015,-7.35887],[108.78015,-7.35886],[108.78015,-7.35841],[108.78061,-7.35841],[108.78061,-7.35886]]],[[[108.76477,-7.35744],[108.76477,-7.35698],[108.76432,-7.35698],[108.76432,-7.35653],[108.76478,-7.35653],[108.76478,-7.35698],[108.76523,-7.35698],[108.76569,-7.35698],[108.76569,-7.35744],[108.76568,-7.35744],[108.76568,-7.35789],[108.76523,-7.35789],[108.76523,-7.35834],[108.76477,-7.35834],[108.76477,-7.35789],[108.76477,-7.35788],[108.76522,-7.35788],[108.76522,-7.35744],[108.76477,-7.35744]]],[[[108.79736,-7.35488],[108.79782,-7.35488],[108.79782,-7.35534],[108.79827,-7.35534],[108.79873,-7.35534],[108.79873,-7.35579],[108.79827,-7.35579],[108.79782,-7.35579],[108.79781,-7.35579],[108.79736,-7.35579],[108.79736,-7.35534],[108.79736,-7.35488]]],[[[108.77565,-7.35523],[108.77565,-7.35568],[108.77519,-7.35568],[108.77519,-7.35523],[108.77565,-7.35523]]],[[[108.78335,-7.35436],[108.78335,-7.35481],[108.78335,-7.35482],[108.78289,-7.35482],[108.78289,-7.35481],[108.78289,-7.35436],[108.78335,-7.35436]]],[[[108.79783,-7.35308],[108.79783,-7.35353],[108.79737,-7.35353],[108.79737,-7.35308],[108.79783,-7.35308]]],[[[108.79874,-7.35218],[108.79874,-7.35263],[108.79829,-7.35263],[108.79829,-7.35218],[108.79874,-7.35218]]],[[[108.79875,-7.34992],[108.79875,-7.35037],[108.79829,-7.35037],[108.79829,-7.34992],[108.79875,-7.34992]]],[[[108.79154,-7.34401],[108.79154,-7.34446],[108.79108,-7.34446],[108.79108,-7.34401],[108.79154,-7.34401]]],[[[108.79203,-7.32775],[108.79196,-7.32758],[108.79194,-7.32756],[108.79194,-7.32755],[108.79184,-7.32734],[108.79185,-7.32733],[108.79183,-7.3273],[108.7919,-7.3273],[108.79191,-7.3273],[108.79207,-7.3273],[108.79208,-7.3273],[108.79253,-7.3273],[108.79253,-7.32775],[108.79298,-7.32775],[108.79298,-7.32821],[108.79253,-7.32821],[108.79252,-7.32821],[108.79235,-7.32821],[108.79228,-7.32806],[108.79215,-7.32787],[108.79223,-7.32806],[108.79223,-7.32807],[108.79225,-7.32821],[108.7922,-7.32821],[108.79218,-7.32808],[108.79207,-7.32783],[108.79207,-7.32775],[108.79203,-7.32775]]],[[[108.7939,-7.3255],[108.7939,-7.32595],[108.79344,-7.32595],[108.79344,-7.3255],[108.7939,-7.3255]]],[[[108.79344,-7.32505],[108.79344,-7.3255],[108.79298,-7.3255],[108.79298,-7.32518],[108.79304,-7.32504],[108.79344,-7.32504],[108.79344,-7.32505]]],[[[108.79889,-7.32281],[108.79889,-7.32282],[108.79843,-7.32282],[108.79843,-7.32281],[108.79798,-7.32281],[108.79752,-7.32281],[108.79752,-7.32236],[108.79798,-7.32236],[108.79843,-7.32236],[108.79844,-7.32236],[108.79889,-7.32236],[108.79889,-7.32281]]],[[[108.79579,-7.31783],[108.79582,-7.31756],[108.79584,-7.31738],[108.7962,-7.31738],[108.7962,-7.31783],[108.79579,-7.31783]]],[[[108.7989,-7.30702],[108.79851,-7.30701],[108.79851,-7.307],[108.79897,-7.307],[108.79897,-7.30702],[108.7989,-7.30702]]],[[[108.79796,-7.30519],[108.79806,-7.30519],[108.79807,-7.30519],[108.79852,-7.30519],[108.79852,-7.30564],[108.79852,-7.30565],[108.79852,-7.3061],[108.79896,-7.3061],[108.79897,-7.3061],[108.79942,-7.3061],[108.79942,-7.30655],[108.79987,-7.30655],[108.79987,-7.307],[108.79987,-7.30701],[108.79987,-7.30746],[108.79982,-7.30746],[108.79975,-7.30731],[108.79959,-7.30714],[108.79949,-7.30711],[108.79949,-7.30711],[108.79941,-7.30708],[108.79941,-7.30703],[108.79941,-7.30701],[108.79941,-7.307],[108.79941,-7.30655],[108.79897,-7.30655],[108.79896,-7.30655],[108.79851,-7.30655],[108.79851,-7.3061],[108.79806,-7.3061],[108.79806,-7.30565],[108.79806,-7.30564],[108.79761,-7.30564],[108.79761,-7.30556],[108.79761,-7.30551],[108.79774,-7.30536],[108.79791,-7.30519],[108.79796,-7.30519]]],[[[108.79864,-7.28034],[108.79865,-7.28034],[108.79865,-7.28035],[108.7991,-7.28035],[108.7991,-7.28059],[108.79877,-7.28063],[108.79876,-7.28063],[108.79875,-7.28063],[108.79874,-7.28063],[108.79874,-7.28062],[108.79865,-7.28057],[108.79865,-7.28057],[108.79827,-7.28034],[108.79864,-7.28034]]],[[[108.79729,-7.27943],[108.79729,-7.27975],[108.79719,-7.27969],[108.79683,-7.27957],[108.79683,-7.27943],[108.79729,-7.27943]]],[[[108.79639,-7.27898],[108.79639,-7.27943],[108.79594,-7.27943],[108.79593,-7.27943],[108.79548,-7.27943],[108.79548,-7.27898],[108.79548,-7.27897],[108.79594,-7.27897],[108.79594,-7.27898],[108.79639,-7.27898]]],[[[108.79775,-7.27853],[108.79775,-7.27899],[108.79774,-7.27899],[108.79729,-7.27899],[108.79729,-7.27853],[108.79774,-7.27853],[108.79775,-7.27853]]],[[[108.7964,-7.27808],[108.7964,-7.27853],[108.79639,-7.27853],[108.79594,-7.27853],[108.79594,-7.27808],[108.79594,-7.27807],[108.79548,-7.27807],[108.79548,-7.27762],[108.79594,-7.27762],[108.79639,-7.27762],[108.7964,-7.27762],[108.7964,-7.27807],[108.7964,-7.27808]]],[[[108.7973,-7.27763],[108.7973,-7.27808],[108.79729,-7.27808],[108.79684,-7.27808],[108.79684,-7.27763],[108.79729,-7.27763],[108.7973,-7.27763]]],[[[108.79505,-7.27491],[108.79505,-7.27536],[108.79459,-7.27536],[108.79459,-7.27491],[108.79459,-7.2749],[108.79505,-7.2749],[108.79505,-7.27491]]],[[[108.79279,-7.27444],[108.79279,-7.2749],[108.79238,-7.2749],[108.79256,-7.27467],[108.79278,-7.27444],[108.79279,-7.27443],[108.79279,-7.27444]]],[[[108.79868,-7.27402],[108.79868,-7.27447],[108.79822,-7.27447],[108.79822,-7.27402],[108.79777,-7.27402],[108.79777,-7.27356],[108.79823,-7.27356],[108.79823,-7.27402],[108.79868,-7.27402]]],[[[108.79314,-7.27363],[108.79312,-7.27354],[108.79309,-7.27342],[108.79288,-7.27309],[108.79324,-7.27309],[108.79324,-7.27264],[108.79324,-7.27219],[108.7937,-7.27219],[108.79416,-7.27219],[108.79416,-7.27264],[108.7937,-7.27264],[108.7937,-7.27309],[108.79415,-7.27309],[108.79415,-7.27354],[108.79415,-7.27355],[108.79415,-7.274],[108.79369,-7.274],[108.79369,-7.27355],[108.79369,-7.27354],[108.79369,-7.27309],[108.79325,-7.27309],[108.79325,-7.27354],[108.79324,-7.27354],[108.79324,-7.27399],[108.79309,-7.27399],[108.79315,-7.27388],[108.79314,-7.27363]]],[[[108.79118,-7.27225],[108.79124,-7.27218],[108.79124,-7.27217],[108.79125,-7.27217],[108.79144,-7.27192],[108.79144,-7.27217],[108.79144,-7.27218],[108.79188,-7.27218],[108.79189,-7.27218],[108.79189,-7.27173],[108.79172,-7.27173],[108.7919,-7.27161],[108.7919,-7.27161],[108.79199,-7.27155],[108.79235,-7.27141],[108.79235,-7.27173],[108.79235,-7.27218],[108.7928,-7.27218],[108.7928,-7.27264],[108.79279,-7.27264],[108.79279,-7.27296],[108.79261,-7.27286],[108.79237,-7.27286],[108.79234,-7.27287],[108.79222,-7.27291],[108.79198,-7.27309],[108.79198,-7.27309],[108.79189,-7.27316],[108.79188,-7.27316],[108.79155,-7.27336],[108.79144,-7.2734],[108.7913,-7.27344],[108.79102,-7.27348],[108.79098,-7.27347],[108.79098,-7.27308],[108.79078,-7.27308],[108.79077,-7.27308],[108.79083,-7.27279],[108.79094,-7.27263],[108.79098,-7.27257],[108.79098,-7.27256],[108.79118,-7.27225]],[[108.79144,-7.27263],[108.79143,-7.27263],[108.79099,-7.27263],[108.79099,-7.27308],[108.79143,-7.27308],[108.79144,-7.27308],[108.79188,-7.27308],[108.79188,-7.27264],[108.79188,-7.27263],[108.79144,-7.27263]]],[[[108.79642,-7.27265],[108.79642,-7.27266],[108.79596,-7.27266],[108.79596,-7.27265],[108.79596,-7.2722],[108.79642,-7.2722],[108.79642,-7.27265]]],[[[108.79551,-7.27175],[108.79551,-7.2713],[108.79551,-7.27129],[108.79597,-7.27129],[108.79597,-7.27085],[108.79597,-7.27084],[108.79597,-7.27063],[108.79642,-7.27048],[108.7967,-7.2704],[108.79687,-7.27034],[108.79687,-7.27034],[108.79733,-7.27019],[108.79733,-7.2704],[108.79688,-7.2704],[108.79688,-7.27085],[108.79732,-7.27085],[108.79733,-7.27085],[108.79777,-7.27085],[108.79778,-7.27085],[108.79823,-7.27085],[108.79823,-7.27086],[108.79833,-7.27086],[108.79833,-7.27104],[108.79823,-7.27104],[108.79814,-7.27104],[108.79814,-7.27131],[108.79778,-7.27131],[108.79777,-7.27131],[108.79733,-7.27131],[108.79732,-7.27131],[108.79732,-7.2713],[108.79688,-7.2713],[108.79687,-7.2713],[108.79643,-7.2713],[108.79643,-7.27175],[108.79642,-7.27175],[108.79597,-7.27175],[108.79551,-7.27175]]],[[[108.79869,-7.26996],[108.79869,-7.26995],[108.79869,-7.26976],[108.79914,-7.26961],[108.79914,-7.26961],[108.79948,-7.2695],[108.79949,-7.2695],[108.79951,-7.26949],[108.79953,-7.26944],[108.79956,-7.26938],[108.7996,-7.26934],[108.79985,-7.26906],[108.80005,-7.26906],[108.80005,-7.26876],[108.80013,-7.26861],[108.80019,-7.26848],[108.80035,-7.26815],[108.80051,-7.26815],[108.80051,-7.26861],[108.80051,-7.26906],[108.80096,-7.26906],[108.80096,-7.26951],[108.8005,-7.26951],[108.8005,-7.26906],[108.80006,-7.26906],[108.80006,-7.26951],[108.7996,-7.26951],[108.7996,-7.26996],[108.79915,-7.26996],[108.79915,-7.27041],[108.79914,-7.27041],[108.79914,-7.27086],[108.79869,-7.27086],[108.79869,-7.27068],[108.79868,-7.27068],[108.79868,-7.27041],[108.79869,-7.27041],[108.79869,-7.26996]]],[[[108.79778,-7.2704],[108.79778,-7.27005],[108.79809,-7.26995],[108.79824,-7.26995],[108.79824,-7.2704],[108.79778,-7.2704]]],[[[108.80227,-7.37117],[108.80272,-7.37117],[108.80272,-7.37113],[108.80277,-7.37118],[108.80272,-7.37118],[108.80272,-7.37162],[108.80272,-7.37163],[108.80288,-7.37163],[108.80288,-7.37165],[108.80281,-7.37208],[108.80273,-7.37253],[108.80271,-7.37261],[108.80271,-7.37253],[108.80271,-7.37208],[108.80227,-7.37208],[108.80226,-7.37208],[108.80181,-7.37208],[108.80181,-7.37162],[108.80181,-7.37117],[108.80226,-7.37117],[108.80227,-7.37117]]],[[[108.80228,-7.37072],[108.80227,-7.37072],[108.80227,-7.37071],[108.80228,-7.37072]]],[[[108.80137,-7.36891],[108.80183,-7.36891],[108.80183,-7.36936],[108.80183,-7.36978],[108.80167,-7.36975],[108.80137,-7.36969],[108.80137,-7.36936],[108.80137,-7.36891]]],[[[108.80003,-7.36709],[108.80003,-7.36755],[108.79957,-7.36755],[108.79957,-7.36709],[108.80003,-7.36709]]],[[[108.79912,-7.36619],[108.79958,-7.36619],[108.79958,-7.36574],[108.80003,-7.36574],[108.80003,-7.36619],[108.80003,-7.36664],[108.79958,-7.36664],[108.79912,-7.36664],[108.79912,-7.36619]]],[[[108.80048,-7.36529],[108.80048,-7.36574],[108.80003,-7.36574],[108.80003,-7.36529],[108.80048,-7.36529]]],[[[108.80094,-7.36484],[108.80094,-7.36529],[108.80048,-7.36529],[108.80048,-7.36484],[108.80048,-7.36439],[108.80094,-7.36439],[108.80094,-7.36484]]],[[[108.8014,-7.36394],[108.8014,-7.36439],[108.80094,-7.36439],[108.80094,-7.36394],[108.8014,-7.36394]]],[[[108.80095,-7.36258],[108.80095,-7.36303],[108.80049,-7.36303],[108.80049,-7.36258],[108.80095,-7.36258]]],[[[108.80141,-7.36213],[108.80141,-7.36258],[108.80095,-7.36258],[108.80095,-7.36213],[108.80141,-7.36213]]],[[[108.80187,-7.36123],[108.80187,-7.36168],[108.80186,-7.36168],[108.80141,-7.36168],[108.80141,-7.36123],[108.80186,-7.36123],[108.80187,-7.36123]]],[[[108.80052,-7.35896],[108.80052,-7.35942],[108.80006,-7.35942],[108.80006,-7.35896],[108.80052,-7.35896]]],[[[108.80188,-7.35807],[108.80188,-7.35762],[108.80233,-7.35762],[108.80233,-7.35717],[108.80279,-7.35717],[108.80324,-7.35717],[108.80325,-7.35717],[108.8037,-7.35717],[108.8037,-7.35762],[108.8037,-7.35763],[108.8037,-7.35808],[108.80324,-7.35808],[108.80279,-7.35808],[108.80279,-7.35852],[108.80324,-7.35852],[108.80324,-7.35853],[108.80369,-7.35853],[108.80369,-7.35898],[108.80413,-7.35898],[108.80414,-7.35898],[108.80414,-7.35853],[108.80414,-7.35808],[108.8046,-7.35808],[108.8046,-7.35853],[108.8046,-7.35899],[108.80505,-7.35899],[108.80505,-7.35944],[108.80504,-7.35944],[108.80504,-7.35989],[108.80504,-7.36034],[108.80504,-7.36079],[108.80548,-7.36079],[108.80548,-7.36035],[108.80548,-7.36034],[108.80549,-7.36034],[108.80549,-7.35989],[108.80594,-7.35989],[108.80594,-7.35944],[108.80549,-7.35944],[108.80549,-7.35899],[108.80595,-7.35899],[108.80595,-7.35944],[108.8064,-7.35944],[108.8064,-7.359],[108.8064,-7.35899],[108.80685,-7.35899],[108.80685,-7.359],[108.80685,-7.35945],[108.8073,-7.35945],[108.80731,-7.35945],[108.80731,-7.3599],[108.8073,-7.3599],[108.80685,-7.3599],[108.8064,-7.3599],[108.80595,-7.3599],[108.80595,-7.36035],[108.80594,-7.36035],[108.80594,-7.3608],[108.80549,-7.3608],[108.80549,-7.36125],[108.80594,-7.36125],[108.80594,-7.3617],[108.80549,-7.3617],[108.80548,-7.3617],[108.80503,-7.3617],[108.80503,-7.36125],[108.80458,-7.36125],[108.80458,-7.3608],[108.80458,-7.36079],[108.80458,-7.36034],[108.80413,-7.36034],[108.80368,-7.36034],[108.80367,-7.36034],[108.80322,-7.36034],[108.80322,-7.36033],[108.80277,-7.36033],[108.80277,-7.35988],[108.80322,-7.35988],[108.80323,-7.35988],[108.80367,-7.35988],[108.80368,-7.35988],[108.80368,-7.35944],[108.80368,-7.35943],[108.80368,-7.35898],[108.80324,-7.35898],[108.80323,-7.35898],[108.80323,-7.35943],[108.80277,-7.35943],[108.80277,-7.35898],[108.80278,-7.35898],[108.80278,-7.35853],[108.80233,-7.35853],[108.80233,-7.35852],[108.80187,-7.35852],[108.80187,-7.35807],[108.80188,-7.35807]]],[[[108.80008,-7.3567],[108.80053,-7.3567],[108.80053,-7.35671],[108.80053,-7.35716],[108.80053,-7.35761],[108.80007,-7.35761],[108.80007,-7.35716],[108.80007,-7.35671],[108.79962,-7.35671],[108.79962,-7.35625],[108.80008,-7.35625],[108.80008,-7.3567]]],[[[108.80235,-7.35536],[108.80235,-7.35581],[108.80279,-7.35581],[108.8028,-7.35581],[108.80324,-7.35581],[108.80324,-7.35536],[108.80325,-7.35536],[108.8037,-7.35536],[108.8037,-7.35537],[108.80415,-7.35537],[108.80415,-7.35492],[108.8037,-7.35492],[108.8037,-7.35447],[108.8037,-7.35446],[108.8037,-7.35401],[108.80416,-7.35401],[108.80416,-7.35446],[108.80416,-7.35447],[108.80416,-7.35492],[108.80461,-7.35492],[108.80461,-7.35537],[108.80461,-7.35582],[108.80415,-7.35582],[108.80415,-7.35627],[108.80415,-7.35672],[108.80415,-7.35673],[108.8037,-7.35673],[108.80369,-7.35672],[108.80325,-7.35672],[108.80324,-7.35672],[108.8028,-7.35672],[108.80279,-7.35672],[108.80234,-7.35672],[108.80234,-7.35627],[108.80234,-7.35626],[108.80234,-7.35581],[108.80189,-7.35581],[108.80189,-7.35536],[108.80235,-7.35536]]],[[[108.80144,-7.35581],[108.80099,-7.35581],[108.80099,-7.35536],[108.80099,-7.35535],[108.80099,-7.3549],[108.80144,-7.3549],[108.80145,-7.3549],[108.80145,-7.35535],[108.80145,-7.35536],[108.80145,-7.35581],[108.80144,-7.35581]]],[[[108.79963,-7.3558],[108.79963,-7.35535],[108.80008,-7.35535],[108.80009,-7.35535],[108.80054,-7.35535],[108.80054,-7.3558],[108.80009,-7.3558],[108.80008,-7.3558],[108.79963,-7.3558]]],[[[108.80009,-7.35354],[108.80054,-7.35354],[108.80055,-7.35354],[108.80055,-7.354],[108.80099,-7.354],[108.801,-7.354],[108.801,-7.35445],[108.80099,-7.35445],[108.80054,-7.35445],[108.80054,-7.354],[108.80009,-7.354],[108.80009,-7.35354]]],[[[108.79919,-7.35353],[108.79919,-7.35354],[108.79919,-7.35399],[108.79873,-7.35399],[108.79873,-7.35354],[108.79873,-7.35353],[108.79873,-7.35308],[108.79874,-7.35308],[108.79874,-7.35263],[108.79919,-7.35263],[108.7992,-7.35263],[108.7992,-7.35309],[108.79919,-7.35309],[108.79919,-7.35353]]],[[[108.8019,-7.35265],[108.80235,-7.35265],[108.80236,-7.35265],[108.80281,-7.35265],[108.80281,-7.3531],[108.80236,-7.3531],[108.80235,-7.3531],[108.8019,-7.3531],[108.8019,-7.35265]]],[[[108.7992,-7.35128],[108.7992,-7.35173],[108.79874,-7.35173],[108.79874,-7.35128],[108.7992,-7.35128]]],[[[108.79921,-7.34947],[108.79921,-7.34992],[108.79875,-7.34992],[108.79875,-7.34947],[108.79921,-7.34947]]],[[[108.80025,-7.32192],[108.80025,-7.32237],[108.79979,-7.32237],[108.79979,-7.32192],[108.80025,-7.32192]]],[[[108.7998,-7.32101],[108.7998,-7.32146],[108.79934,-7.32146],[108.79934,-7.32101],[108.7998,-7.32101]]],[[[108.80205,-7.32103],[108.80205,-7.32102],[108.80205,-7.32057],[108.80206,-7.32057],[108.80251,-7.32057],[108.80251,-7.32012],[108.80251,-7.31967],[108.80297,-7.31967],[108.80297,-7.32012],[108.80297,-7.32058],[108.80251,-7.32058],[108.80251,-7.32102],[108.80251,-7.32103],[108.80206,-7.32103],[108.80205,-7.32103]]],[[[108.80025,-7.32102],[108.80025,-7.32057],[108.80025,-7.32056],[108.80025,-7.32011],[108.80071,-7.32011],[108.80071,-7.32056],[108.80071,-7.32057],[108.80071,-7.32102],[108.8007,-7.32102],[108.80025,-7.32102]]],[[[108.79981,-7.32011],[108.79981,-7.32056],[108.7998,-7.32056],[108.79935,-7.32056],[108.79935,-7.32011],[108.7998,-7.32011],[108.79981,-7.32011]]],[[[108.80207,-7.31876],[108.80207,-7.31831],[108.80252,-7.31831],[108.80253,-7.31831],[108.80298,-7.31831],[108.80298,-7.31786],[108.80343,-7.31786],[108.80343,-7.31742],[108.80298,-7.31742],[108.80298,-7.31696],[108.80253,-7.31696],[108.80253,-7.31651],[108.80209,-7.31651],[108.80209,-7.31696],[108.80163,-7.31696],[108.80117,-7.31696],[108.80117,-7.31695],[108.80117,-7.3165],[108.80163,-7.3165],[108.80163,-7.31605],[108.80163,-7.3156],[108.80209,-7.3156],[108.80209,-7.31515],[108.80209,-7.3147],[108.80209,-7.31425],[108.80164,-7.31425],[108.80164,-7.31379],[108.80119,-7.31379],[108.80074,-7.31379],[108.80074,-7.31424],[108.80119,-7.31424],[108.80119,-7.31469],[108.80074,-7.31469],[108.80073,-7.31469],[108.80073,-7.31424],[108.80029,-7.31424],[108.80028,-7.31424],[108.80028,-7.314],[108.80029,-7.314],[108.80031,-7.314],[108.80039,-7.31397],[108.80043,-7.31389],[108.80044,-7.31379],[108.80073,-7.31379],[108.80073,-7.31334],[108.80074,-7.31334],[108.80074,-7.31288],[108.8012,-7.31288],[108.8012,-7.31334],[108.80165,-7.31334],[108.80165,-7.31379],[108.80209,-7.31379],[108.80209,-7.31334],[108.80254,-7.31334],[108.80255,-7.31334],[108.80255,-7.3129],[108.80255,-7.31289],[108.8021,-7.31289],[108.80164,-7.31289],[108.80164,-7.31244],[108.8021,-7.31244],[108.80255,-7.31244],[108.80255,-7.31199],[108.8021,-7.31199],[108.8021,-7.31154],[108.80165,-7.31154],[108.80165,-7.31153],[108.80121,-7.31153],[108.8012,-7.31153],[108.80075,-7.31153],[108.80075,-7.31108],[108.80075,-7.31063],[108.80112,-7.31063],[108.8012,-7.31063],[108.80121,-7.31063],[108.80121,-7.31057],[108.80121,-7.31018],[108.80076,-7.31018],[108.80076,-7.31017],[108.80039,-7.31017],[108.80031,-7.31017],[108.80033,-7.30985],[108.80032,-7.30972],[108.80031,-7.30966],[108.80031,-7.30956],[108.80031,-7.30927],[108.80026,-7.30927],[108.80024,-7.30927],[108.8002,-7.30904],[108.80013,-7.30882],[108.80013,-7.30882],[108.80009,-7.30866],[108.80005,-7.30846],[108.80004,-7.30842],[108.80004,-7.30844],[108.80003,-7.30837],[108.80003,-7.30837],[108.80003,-7.30836],[108.80001,-7.30827],[108.79994,-7.30799],[108.79995,-7.308],[108.79993,-7.30793],[108.79993,-7.30791],[108.80032,-7.30791],[108.80032,-7.30746],[108.80077,-7.30746],[108.80077,-7.30701],[108.80122,-7.30701],[108.80122,-7.30746],[108.80122,-7.30747],[108.80122,-7.30791],[108.80122,-7.30792],[108.80122,-7.30837],[108.80077,-7.30837],[108.80077,-7.30882],[108.80122,-7.30882],[108.80122,-7.30927],[108.80122,-7.30972],[108.80167,-7.30972],[108.80167,-7.30973],[108.80212,-7.30973],[108.80212,-7.31018],[108.80212,-7.31063],[108.80167,-7.31063],[108.80166,-7.31063],[108.80166,-7.31081],[108.80166,-7.31091],[108.80166,-7.31108],[108.80197,-7.31108],[108.80211,-7.31108],[108.80217,-7.31108],[108.80257,-7.31108],[108.80257,-7.31109],[108.80302,-7.31109],[108.80302,-7.31154],[108.80302,-7.31172],[108.80302,-7.31185],[108.80302,-7.31199],[108.80313,-7.31199],[108.80322,-7.31199],[108.80346,-7.31199],[108.80347,-7.31199],[108.80392,-7.31199],[108.80392,-7.31245],[108.80437,-7.31245],[108.80437,-7.3129],[108.80437,-7.31335],[108.80482,-7.31335],[108.80482,-7.31336],[108.80527,-7.31336],[108.80527,-7.31381],[108.80482,-7.31381],[108.80481,-7.31381],[108.80481,-7.31426],[108.80526,-7.31426],[108.80572,-7.31426],[108.80572,-7.31471],[108.80572,-7.31472],[108.80572,-7.31517],[108.80617,-7.31517],[108.80617,-7.31562],[108.80661,-7.31562],[108.80707,-7.31562],[108.80707,-7.31563],[108.80752,-7.31563],[108.80752,-7.31608],[108.80797,-7.31608],[108.80797,-7.31653],[108.80752,-7.31653],[108.80752,-7.31698],[108.80709,-7.31698],[108.80706,-7.31698],[108.80706,-7.31708],[108.80706,-7.31743],[108.8066,-7.31743],[108.8066,-7.31698],[108.80616,-7.31698],[108.80615,-7.31698],[108.80615,-7.31743],[108.8057,-7.31743],[108.8057,-7.31779],[108.8057,-7.31788],[108.80525,-7.31788],[108.80524,-7.31788],[108.80507,-7.31788],[108.80505,-7.31788],[108.80479,-7.31788],[108.80479,-7.31787],[108.80434,-7.31787],[108.80434,-7.31832],[108.80479,-7.31832],[108.8048,-7.31832],[108.8048,-7.31833],[108.8052,-7.31833],[108.80524,-7.31833],[108.80525,-7.31833],[108.80532,-7.31833],[108.80569,-7.31833],[108.8057,-7.31833],[108.8057,-7.31878],[108.8057,-7.31923],[108.80569,-7.31923],[108.80552,-7.31923],[108.80542,-7.31923],[108.80524,-7.31923],[108.80524,-7.31968],[108.80478,-7.31968],[108.80478,-7.31923],[108.80434,-7.31923],[108.80434,-7.31968],[108.80388,-7.31968],[108.80388,-7.32013],[108.80388,-7.32058],[108.80387,-7.32058],[108.80387,-7.32103],[108.80432,-7.32103],[108.80432,-7.32148],[108.80432,-7.32149],[108.80432,-7.32185],[108.80405,-7.32185],[108.80405,-7.32194],[108.80386,-7.32194],[108.80386,-7.32149],[108.80386,-7.32148],[108.80386,-7.32103],[108.80341,-7.32103],[108.80341,-7.32058],[108.80342,-7.32058],[108.80342,-7.32013],[108.80342,-7.31967],[108.80388,-7.31967],[108.80388,-7.31923],[108.80343,-7.31923],[108.80343,-7.31922],[108.80297,-7.31922],[108.80297,-7.31877],[108.80253,-7.31877],[108.80252,-7.31877],[108.80207,-7.31877],[108.80207,-7.31922],[108.80161,-7.31922],[108.80161,-7.31876],[108.80207,-7.31876]],[[108.80524,-7.31878],[108.8048,-7.31878],[108.80479,-7.31878],[108.80479,-7.31923],[108.80524,-7.31923],[108.80524,-7.31878]],[[108.80346,-7.31335],[108.80345,-7.31335],[108.80301,-7.31335],[108.803,-7.31335],[108.803,-7.31337],[108.803,-7.31348],[108.803,-7.3138],[108.80255,-7.3138],[108.80254,-7.3138],[108.8021,-7.3138],[108.8021,-7.31425],[108.80255,-7.31425],[108.80255,-7.3147],[108.80254,-7.3147],[108.80254,-7.31515],[108.80299,-7.31515],[108.80299,-7.3147],[108.80344,-7.3147],[108.80345,-7.3147],[108.8039,-7.3147],[108.8039,-7.31516],[108.8039,-7.31561],[108.8039,-7.31606],[108.80434,-7.31606],[108.80434,-7.31561],[108.8048,-7.31561],[108.8048,-7.31517],[108.8048,-7.31516],[108.8048,-7.31483],[108.8048,-7.31471],[108.8048,-7.31426],[108.80435,-7.31426],[108.80435,-7.31381],[108.80436,-7.31381],[108.80436,-7.31335],[108.80391,-7.31335],[108.80346,-7.31335]],[[108.8048,-7.31607],[108.80525,-7.31607],[108.80525,-7.31562],[108.8048,-7.31562],[108.8048,-7.31606],[108.8048,-7.31607]],[[108.80254,-7.31561],[108.80209,-7.31561],[108.80209,-7.31605],[108.80254,-7.31605],[108.80254,-7.31561]],[[108.80077,-7.30836],[108.80077,-7.30792],[108.80032,-7.30792],[108.80032,-7.30836],[108.80077,-7.30836]],[[108.80433,-7.31878],[108.80389,-7.31878],[108.80389,-7.31922],[108.80433,-7.31922],[108.80433,-7.31878]],[[108.80298,-7.31877],[108.80343,-7.31877],[108.80343,-7.31832],[108.80298,-7.31832],[108.80298,-7.31877]],[[108.80299,-7.31651],[108.80299,-7.31696],[108.80344,-7.31696],[108.80344,-7.31651],[108.80299,-7.31651]],[[108.8057,-7.31697],[108.8057,-7.31653],[108.8057,-7.31652],[108.80525,-7.31652],[108.80525,-7.31697],[108.80569,-7.31697],[108.8057,-7.31697]],[[108.80602,-7.3161],[108.80605,-7.31607],[108.80608,-7.31605],[108.80604,-7.31602],[108.806,-7.31607],[108.80598,-7.3161],[108.80602,-7.3161]],[[108.80346,-7.31245],[108.80346,-7.3129],[108.80391,-7.3129],[108.80391,-7.31245],[108.80347,-7.31245],[108.80346,-7.31245]]],[[[108.80026,-7.3183],[108.80026,-7.31876],[108.7998,-7.31876],[108.7998,-7.3183],[108.80026,-7.3183]]],[[[108.80073,-7.31604],[108.80073,-7.3165],[108.80028,-7.3165],[108.80028,-7.31695],[108.80027,-7.31695],[108.80027,-7.3174],[108.79981,-7.3174],[108.79981,-7.31695],[108.79936,-7.31695],[108.79936,-7.31649],[108.79937,-7.31649],[108.79937,-7.31604],[108.79983,-7.31604],[108.79983,-7.31649],[108.80027,-7.31649],[108.80027,-7.31604],[108.80073,-7.31604]]],[[[108.79983,-7.31514],[108.79983,-7.31559],[108.79937,-7.31559],[108.79937,-7.31514],[108.79983,-7.31514]]],[[[108.80075,-7.31153],[108.80075,-7.31198],[108.8003,-7.31198],[108.8003,-7.31243],[108.80029,-7.31243],[108.80029,-7.31267],[108.80022,-7.31243],[108.80015,-7.31218],[108.8001,-7.31198],[108.80007,-7.31184],[108.8,-7.31153],[108.8,-7.31152],[108.8003,-7.31152],[108.8003,-7.31153],[108.80075,-7.31153]]],[[[108.80031,-7.31062],[108.80018,-7.31062],[108.80018,-7.31061],[108.8003,-7.31023],[108.8003,-7.31023],[108.80031,-7.31021],[108.80031,-7.31024],[108.80031,-7.31062]]],[[[108.80077,-7.30656],[108.80077,-7.30701],[108.80032,-7.30701],[108.80032,-7.30656],[108.80077,-7.30656]]],[[[108.80001,-7.27854],[108.80001,-7.279],[108.79955,-7.279],[108.79955,-7.27854],[108.80001,-7.27854]]],[[[108.80092,-7.2781],[108.80092,-7.27855],[108.80046,-7.27855],[108.80046,-7.2781],[108.80092,-7.2781]]],[[[108.80184,-7.27358],[108.80184,-7.27404],[108.80228,-7.27404],[108.80229,-7.27404],[108.80229,-7.27359],[108.80229,-7.27314],[108.80229,-7.27313],[108.80229,-7.27269],[108.80229,-7.27268],[108.80229,-7.27223],[108.80275,-7.27223],[108.80275,-7.27268],[108.80275,-7.27269],[108.80275,-7.27313],[108.80275,-7.27314],[108.80275,-7.27359],[108.80275,-7.27404],[108.80274,-7.27404],[108.80274,-7.27449],[108.80229,-7.27449],[108.80228,-7.27449],[108.80183,-7.27449],[108.80183,-7.27404],[108.80138,-7.27404],[108.80138,-7.27403],[108.80093,-7.27403],[108.80048,-7.27403],[108.80048,-7.27358],[108.80093,-7.27358],[108.80138,-7.27358],[108.80139,-7.27358],[108.80184,-7.27358]]],[[[108.80049,-7.27222],[108.80049,-7.27177],[108.80049,-7.27132],[108.80095,-7.27132],[108.80095,-7.27177],[108.80095,-7.27222],[108.80095,-7.27223],[108.80049,-7.27223],[108.80049,-7.27222]]],[[[108.79959,-7.27131],[108.80004,-7.27131],[108.80004,-7.27132],[108.80004,-7.27177],[108.80004,-7.27222],[108.79959,-7.27222],[108.79958,-7.27222],[108.79913,-7.27222],[108.79913,-7.27177],[108.79913,-7.27176],[108.79913,-7.27131],[108.79958,-7.27131],[108.79959,-7.27131]]],[[[108.80187,-7.26726],[108.80187,-7.2672],[108.8021,-7.26707],[108.80233,-7.26686],[108.80233,-7.26726],[108.80187,-7.26726]]],[[[108.80225,-7.37348],[108.80225,-7.37343],[108.80238,-7.37343],[108.80225,-7.37348]]],[[[108.80272,-7.36994],[108.80272,-7.36982],[108.80298,-7.36982],[108.80298,-7.36985],[108.8029,-7.36994],[108.80277,-7.36995],[108.80272,-7.36994]]],[[[108.80272,-7.36892],[108.80228,-7.36892],[108.80228,-7.36877],[108.80261,-7.36884],[108.80272,-7.36892]]],[[[108.80242,-7.36711],[108.80228,-7.36711],[108.80228,-7.36666],[108.80228,-7.36665],[108.80232,-7.36665],[108.80238,-7.36697],[108.80242,-7.36711]]],[[[108.80462,-7.36363],[108.80457,-7.36361],[108.80456,-7.36361],[108.80456,-7.3635],[108.80434,-7.3635],[108.80418,-7.36343],[108.80412,-7.36342],[108.80411,-7.36342],[108.80411,-7.36305],[108.80412,-7.36305],[108.80456,-7.36305],[108.80456,-7.3626],[108.80457,-7.3626],[108.80502,-7.3626],[108.80502,-7.36305],[108.80457,-7.36305],[108.80457,-7.3635],[108.80502,-7.3635],[108.80502,-7.36384],[108.80462,-7.36363]]],[[[108.80321,-7.36259],[108.80322,-7.36259],[108.80322,-7.36304],[108.80322,-7.36305],[108.80321,-7.36305],[108.80276,-7.36305],[108.80276,-7.36304],[108.80276,-7.36259],[108.80231,-7.36259],[108.80231,-7.36214],[108.80276,-7.36214],[108.80277,-7.36214],[108.80277,-7.36259],[108.80321,-7.36259]]],[[[108.80458,-7.36169],[108.80458,-7.36215],[108.80412,-7.36215],[108.80412,-7.36169],[108.80458,-7.36169]]],[[[108.80413,-7.36079],[108.80413,-7.36124],[108.80367,-7.36124],[108.80367,-7.36079],[108.80413,-7.36079]]],[[[108.80281,-7.3522],[108.80236,-7.3522],[108.80236,-7.35175],[108.80281,-7.35175],[108.80282,-7.35175],[108.80327,-7.35175],[108.80327,-7.3522],[108.80327,-7.35265],[108.80281,-7.35265],[108.80281,-7.3522]]],[[[108.80286,-7.34407],[108.80286,-7.34452],[108.8024,-7.34452],[108.8024,-7.34407],[108.80286,-7.34407]]],[[[108.80429,-7.32826],[108.80384,-7.32826],[108.80383,-7.32826],[108.80362,-7.32826],[108.80352,-7.32826],[108.80338,-7.32826],[108.80338,-7.32781],[108.80372,-7.32781],[108.80381,-7.32781],[108.80383,-7.32781],[108.80384,-7.32781],[108.80429,-7.32781],[108.80429,-7.32826]]],[[[108.80431,-7.32419],[108.80431,-7.32465],[108.80386,-7.32465],[108.80386,-7.32419],[108.80431,-7.32419]]],[[[108.80296,-7.32193],[108.80296,-7.32238],[108.80251,-7.32238],[108.8025,-7.32238],[108.8025,-7.32193],[108.80251,-7.32193],[108.80296,-7.32193]]],[[[108.80254,-7.31741],[108.80254,-7.31786],[108.80208,-7.31786],[108.80208,-7.31741],[108.80254,-7.31741]]],[[[108.80391,-7.31426],[108.80345,-7.31426],[108.80345,-7.31425],[108.80345,-7.31389],[108.80345,-7.3138],[108.80347,-7.3138],[108.80391,-7.3138],[108.80391,-7.31406],[108.80391,-7.31417],[108.80391,-7.31425],[108.80391,-7.31426]]],[[[108.80438,-7.31109],[108.80438,-7.31155],[108.80437,-7.31155],[108.80392,-7.31155],[108.80392,-7.31109],[108.80437,-7.31109],[108.80438,-7.31109]]],[[[108.80438,-7.30929],[108.80438,-7.30974],[108.80392,-7.30974],[108.80392,-7.30929],[108.80438,-7.30929]]],[[[108.80439,-7.30838],[108.80439,-7.30884],[108.80393,-7.30884],[108.80393,-7.30838],[108.80439,-7.30838]]],[[[108.80409,-7.2754],[108.80409,-7.27495],[108.80455,-7.27495],[108.80455,-7.2754],[108.805,-7.2754],[108.805,-7.27541],[108.80545,-7.27541],[108.80545,-7.27586],[108.8059,-7.27586],[108.8059,-7.27631],[108.80635,-7.27631],[108.80635,-7.27632],[108.80635,-7.27677],[108.80635,-7.27722],[108.80635,-7.27767],[108.80679,-7.27767],[108.8068,-7.27767],[108.80725,-7.27767],[108.80725,-7.27768],[108.80725,-7.27813],[108.8068,-7.27813],[108.80679,-7.27813],[108.80634,-7.27813],[108.80634,-7.27767],[108.80589,-7.27767],[108.80589,-7.27722],[108.80544,-7.27722],[108.80544,-7.27677],[108.80544,-7.27676],[108.80499,-7.27676],[108.80499,-7.27631],[108.80544,-7.27631],[108.80544,-7.27586],[108.805,-7.27586],[108.80499,-7.27586],[108.80455,-7.27586],[108.80454,-7.27586],[108.80409,-7.27586],[108.80409,-7.27541],[108.80409,-7.2754]]],[[[108.80547,-7.36396],[108.80547,-7.36428],[108.80537,-7.36412],[108.80518,-7.36396],[108.80547,-7.36396]]],[[[108.80595,-7.35809],[108.80595,-7.35854],[108.8055,-7.35854],[108.8055,-7.35809],[108.80595,-7.35809]]],[[[108.80731,-7.35764],[108.80731,-7.3581],[108.80685,-7.3581],[108.80685,-7.35764],[108.80731,-7.35764]]],[[[108.80505,-7.35763],[108.80505,-7.35808],[108.8046,-7.35808],[108.8046,-7.35763],[108.80505,-7.35763]]],[[[108.80686,-7.35674],[108.80686,-7.35719],[108.8064,-7.35719],[108.8064,-7.35674],[108.80686,-7.35674]]],[[[108.80505,-7.35673],[108.80505,-7.35718],[108.8046,-7.35718],[108.8046,-7.35673],[108.80505,-7.35673]]],[[[108.80687,-7.35538],[108.80687,-7.35583],[108.80641,-7.35583],[108.80641,-7.35538],[108.80687,-7.35538]]],[[[108.80597,-7.35447],[108.80597,-7.35493],[108.80551,-7.35493],[108.80551,-7.35447],[108.80597,-7.35447]]],[[[108.80462,-7.35221],[108.80508,-7.35221],[108.80508,-7.35266],[108.80553,-7.35266],[108.80553,-7.35312],[108.80597,-7.35312],[108.80598,-7.35312],[108.80598,-7.35267],[108.80643,-7.35267],[108.80644,-7.35267],[108.80644,-7.35312],[108.80688,-7.35312],[108.80689,-7.35312],[108.80689,-7.35357],[108.80689,-7.35358],[108.80688,-7.35358],[108.80688,-7.35402],[108.80688,-7.35403],[108.80688,-7.35448],[108.80642,-7.35448],[108.80642,-7.35403],[108.80597,-7.35403],[108.80597,-7.35402],[108.80597,-7.35357],[108.80552,-7.35357],[108.80552,-7.35312],[108.80507,-7.35312],[108.80507,-7.35266],[108.80462,-7.35266],[108.80462,-7.35221]]],[[[108.80645,-7.3486],[108.80645,-7.34905],[108.80645,-7.34906],[108.80599,-7.34906],[108.80599,-7.34905],[108.80599,-7.3486],[108.80645,-7.3486]]],[[[108.80604,-7.34092],[108.80604,-7.34137],[108.80558,-7.34137],[108.80558,-7.34092],[108.80604,-7.34092]]],[[[108.80743,-7.33415],[108.80698,-7.33415],[108.80698,-7.3337],[108.80729,-7.3337],[108.80736,-7.3337],[108.80739,-7.3337],[108.80743,-7.3337],[108.80743,-7.33374],[108.80743,-7.33379],[108.80743,-7.33386],[108.80743,-7.33415]]],[[[108.80653,-7.3337],[108.80608,-7.3337],[108.80608,-7.33414],[108.80608,-7.33415],[108.80562,-7.33415],[108.80562,-7.33414],[108.80562,-7.33369],[108.80607,-7.33369],[108.80607,-7.33344],[108.80607,-7.33324],[108.80653,-7.33324],[108.80653,-7.33331],[108.80653,-7.33343],[108.80653,-7.33369],[108.80653,-7.3337]]],[[[108.80698,-7.33099],[108.80719,-7.33099],[108.80724,-7.33099],[108.80708,-7.33144],[108.80703,-7.33144],[108.80698,-7.33144],[108.80698,-7.33099]]],[[[108.80613,-7.3224],[108.80613,-7.32285],[108.80567,-7.32285],[108.80567,-7.3224],[108.80613,-7.3224]]],[[[108.80495,-7.32221],[108.80487,-7.32221],[108.80478,-7.32221],[108.80477,-7.32221],[108.80477,-7.32194],[108.80483,-7.32194],[108.80493,-7.32194],[108.80523,-7.32194],[108.80523,-7.32239],[108.80495,-7.32239],[108.80495,-7.32221]]],[[[108.80614,-7.31826],[108.80614,-7.31788],[108.8066,-7.31788],[108.8066,-7.31833],[108.8066,-7.31834],[108.8066,-7.31875],[108.8066,-7.31878],[108.8066,-7.31879],[108.8066,-7.31887],[108.8066,-7.31924],[108.80614,-7.31924],[108.80614,-7.31879],[108.80614,-7.31878],[108.80614,-7.31837],[108.80614,-7.31834],[108.80614,-7.31833],[108.80614,-7.31826]]],[[[108.80707,-7.31472],[108.80707,-7.31517],[108.80661,-7.31517],[108.80661,-7.31472],[108.80707,-7.31472]]],[[[108.80573,-7.31336],[108.80572,-7.31336],[108.80527,-7.31336],[108.80527,-7.31291],[108.80482,-7.31291],[108.80482,-7.31245],[108.80527,-7.31245],[108.80528,-7.31245],[108.80528,-7.31291],[108.80572,-7.31291],[108.80573,-7.31291],[108.80573,-7.31336]]],[[[108.80618,-7.31201],[108.80618,-7.31246],[108.80572,-7.31246],[108.80572,-7.31201],[108.80572,-7.312],[108.80618,-7.312],[108.80618,-7.31201]]],[[[108.80624,-7.29981],[108.80624,-7.30026],[108.80578,-7.30026],[108.80578,-7.29981],[108.80624,-7.29981]]],[[[108.80625,-7.298],[108.80625,-7.29845],[108.80579,-7.29845],[108.80579,-7.298],[108.80625,-7.298]]],[[[108.80492,-7.29213],[108.80492,-7.29212],[108.80492,-7.29167],[108.80537,-7.29167],[108.80537,-7.29212],[108.80582,-7.29212],[108.80582,-7.29213],[108.80583,-7.29213],[108.80583,-7.29258],[108.80582,-7.29258],[108.80537,-7.29258],[108.80537,-7.29213],[108.80492,-7.29213]]],[[[108.80492,-7.29122],[108.80492,-7.29167],[108.80447,-7.29167],[108.80447,-7.29122],[108.80492,-7.29122]]],[[[108.80679,-7.28038],[108.80679,-7.28039],[108.80633,-7.28039],[108.80633,-7.28038],[108.80633,-7.27993],[108.80679,-7.27993],[108.80679,-7.28038]]],[[[108.8102,-7.36398],[108.81027,-7.36385],[108.81045,-7.36365],[108.81046,-7.36365],[108.81046,-7.36398],[108.8102,-7.36398]]],[[[108.8082,-7.36171],[108.8082,-7.36217],[108.80774,-7.36217],[108.80774,-7.36171],[108.8082,-7.36171]]],[[[108.8091,-7.36082],[108.8091,-7.36081],[108.80911,-7.36081],[108.80956,-7.36081],[108.80956,-7.36082],[108.80956,-7.36127],[108.80911,-7.36127],[108.8091,-7.36127],[108.8091,-7.36082]]],[[[108.80821,-7.36081],[108.80821,-7.36126],[108.8082,-7.36126],[108.80775,-7.36126],[108.80775,-7.36081],[108.8082,-7.36081],[108.80821,-7.36081]]],[[[108.81182,-7.36038],[108.81182,-7.35992],[108.81228,-7.35992],[108.81228,-7.35948],[108.81228,-7.35947],[108.81274,-7.35947],[108.81274,-7.35948],[108.81274,-7.35993],[108.81228,-7.35993],[108.81228,-7.36038],[108.81182,-7.36038]]],[[[108.81047,-7.35901],[108.81047,-7.35947],[108.81001,-7.35947],[108.81001,-7.35901],[108.81047,-7.35901]]],[[[108.81321,-7.35496],[108.81321,-7.35541],[108.81275,-7.35541],[108.81275,-7.35496],[108.81321,-7.35496]]],[[[108.81231,-7.3545],[108.81231,-7.35496],[108.81185,-7.35496],[108.81185,-7.3545],[108.81231,-7.3545]]],[[[108.80824,-7.35448],[108.80824,-7.35494],[108.80778,-7.35494],[108.80778,-7.35448],[108.80824,-7.35448]]],[[[108.81321,-7.35451],[108.81276,-7.35451],[108.81276,-7.35406],[108.81321,-7.35406],[108.81321,-7.35361],[108.81367,-7.35361],[108.81367,-7.35406],[108.81367,-7.35451],[108.81322,-7.35451],[108.81321,-7.35451]]],[[[108.80779,-7.35358],[108.80779,-7.35403],[108.80778,-7.35403],[108.80733,-7.35403],[108.80733,-7.35358],[108.80733,-7.35313],[108.80733,-7.35267],[108.80734,-7.35267],[108.80779,-7.35267],[108.80779,-7.35313],[108.80824,-7.35313],[108.80824,-7.35358],[108.80779,-7.35358]]],[[[108.8105,-7.35314],[108.8105,-7.35359],[108.81004,-7.35359],[108.81004,-7.35314],[108.8105,-7.35314]]],[[[108.81277,-7.35315],[108.81231,-7.35315],[108.81231,-7.3527],[108.81231,-7.35225],[108.81277,-7.35225],[108.81322,-7.35225],[108.81323,-7.35225],[108.81335,-7.35225],[108.81348,-7.35225],[108.81367,-7.35225],[108.81368,-7.35225],[108.81412,-7.35225],[108.81413,-7.35225],[108.81458,-7.35225],[108.81458,-7.35271],[108.81503,-7.35271],[108.81503,-7.35316],[108.81548,-7.35316],[108.81548,-7.35361],[108.81548,-7.35362],[108.81592,-7.35362],[108.81593,-7.35362],[108.81638,-7.35362],[108.81638,-7.35407],[108.81683,-7.35407],[108.81683,-7.35408],[108.81728,-7.35408],[108.81728,-7.35453],[108.81772,-7.35453],[108.81773,-7.35453],[108.81773,-7.35486],[108.81763,-7.35481],[108.81762,-7.35481],[108.81761,-7.3548],[108.81728,-7.35462],[108.81728,-7.35463],[108.81709,-7.35453],[108.8171,-7.35453],[108.81683,-7.35439],[108.81638,-7.35416],[108.81638,-7.35416],[108.81683,-7.35441],[108.81704,-7.35453],[108.81728,-7.35467],[108.81728,-7.35466],[108.81759,-7.35485],[108.8176,-7.35485],[108.81761,-7.35485],[108.81761,-7.35486],[108.81773,-7.35491],[108.81773,-7.35498],[108.81773,-7.35544],[108.81734,-7.35544],[108.81729,-7.35544],[108.81728,-7.35544],[108.81728,-7.35498],[108.81683,-7.35498],[108.81683,-7.35453],[108.81638,-7.35453],[108.81637,-7.35453],[108.81593,-7.35453],[108.81592,-7.35453],[108.81592,-7.35452],[108.81592,-7.35407],[108.81548,-7.35407],[108.81548,-7.35452],[108.81502,-7.35452],[108.81502,-7.35407],[108.81502,-7.35362],[108.81502,-7.35361],[108.81502,-7.35343],[108.81502,-7.35338],[108.81502,-7.35316],[108.81465,-7.35316],[108.81458,-7.35316],[108.81457,-7.35316],[108.81452,-7.35316],[108.81413,-7.35316],[108.81412,-7.35316],[108.81368,-7.35316],[108.81367,-7.35316],[108.81322,-7.35316],[108.81322,-7.35271],[108.81322,-7.3527],[108.81277,-7.3527],[108.81277,-7.35315]]],[[[108.81187,-7.35224],[108.81187,-7.3527],[108.81141,-7.3527],[108.81141,-7.35224],[108.81187,-7.35224]]],[[[108.81006,-7.35223],[108.81006,-7.35269],[108.8096,-7.35269],[108.8096,-7.35223],[108.81006,-7.35223]]],[[[108.81233,-7.34999],[108.81233,-7.35044],[108.81187,-7.35044],[108.81187,-7.34999],[108.81233,-7.34999]]],[[[108.80962,-7.34907],[108.80962,-7.34952],[108.80916,-7.34952],[108.80916,-7.34907],[108.80962,-7.34907]]],[[[108.81102,-7.33914],[108.81102,-7.33869],[108.81148,-7.33869],[108.81148,-7.33914],[108.81103,-7.33914],[108.81103,-7.33959],[108.81057,-7.33959],[108.81057,-7.33914],[108.81102,-7.33914]]],[[[108.81374,-7.3387],[108.81374,-7.33915],[108.81329,-7.33915],[108.81329,-7.3387],[108.81374,-7.3387]]],[[[108.81284,-7.33644],[108.81287,-7.33644],[108.8133,-7.33644],[108.8133,-7.33686],[108.8133,-7.33689],[108.8133,-7.33734],[108.81308,-7.33734],[108.81302,-7.33734],[108.81299,-7.33734],[108.81284,-7.33734],[108.81284,-7.33689],[108.81284,-7.33649],[108.81284,-7.33648],[108.81284,-7.33647],[108.81284,-7.33644]]],[[[108.81376,-7.33508],[108.81376,-7.33553],[108.81376,-7.33554],[108.81376,-7.33599],[108.8133,-7.33599],[108.8133,-7.33554],[108.8133,-7.33553],[108.8133,-7.33508],[108.81376,-7.33508]]],[[[108.81195,-7.33553],[108.81195,-7.33598],[108.81149,-7.33598],[108.81149,-7.33553],[108.81195,-7.33553]]],[[[108.81014,-7.33507],[108.81014,-7.3353],[108.81014,-7.33535],[108.81011,-7.33535],[108.80992,-7.33543],[108.81014,-7.33542],[108.81014,-7.33552],[108.80969,-7.33552],[108.80969,-7.33597],[108.80968,-7.33597],[108.80923,-7.33597],[108.80923,-7.33552],[108.80923,-7.33551],[108.8095,-7.33551],[108.80961,-7.33551],[108.80968,-7.33551],[108.80968,-7.33546],[108.80968,-7.33544],[108.80968,-7.33507],[108.81014,-7.33507]]],[[[108.80878,-7.33461],[108.80879,-7.33461],[108.80879,-7.33495],[108.80879,-7.33501],[108.80879,-7.33503],[108.80879,-7.33506],[108.80878,-7.33506],[108.80833,-7.33506],[108.80833,-7.3348],[108.80833,-7.33474],[108.80845,-7.33479],[108.80833,-7.33471],[108.80833,-7.33461],[108.80878,-7.33461]]],[[[108.8124,-7.33463],[108.8124,-7.33508],[108.81194,-7.33508],[108.81194,-7.33463],[108.81194,-7.33462],[108.8124,-7.33462],[108.8124,-7.33463]]],[[[108.81106,-7.33236],[108.81106,-7.33281],[108.8106,-7.33281],[108.8106,-7.33236],[108.81106,-7.33236]]],[[[108.81332,-7.33192],[108.81332,-7.33237],[108.81287,-7.33237],[108.81287,-7.33192],[108.81332,-7.33192]]],[[[108.80925,-7.33145],[108.80925,-7.3319],[108.80879,-7.3319],[108.80879,-7.33145],[108.80925,-7.33145]]],[[[108.80744,-7.33099],[108.80744,-7.33144],[108.80713,-7.33144],[108.80728,-7.33099],[108.80744,-7.33099]]],[[[108.81242,-7.33011],[108.81242,-7.33056],[108.81197,-7.33056],[108.81197,-7.33011],[108.81242,-7.33011]]],[[[108.8084,-7.3215],[108.8084,-7.32196],[108.80794,-7.32196],[108.80794,-7.3215],[108.8084,-7.3215]]],[[[108.80976,-7.32016],[108.80976,-7.32061],[108.8093,-7.32061],[108.8093,-7.32016],[108.8093,-7.32015],[108.80976,-7.32015],[108.80976,-7.32016]]],[[[108.81203,-7.31971],[108.81203,-7.32017],[108.81157,-7.32017],[108.81157,-7.31971],[108.81203,-7.31971]]],[[[108.80796,-7.31789],[108.80795,-7.31789],[108.80783,-7.31789],[108.80751,-7.31789],[108.80751,-7.31834],[108.80705,-7.31834],[108.80705,-7.31789],[108.80705,-7.31788],[108.8075,-7.31788],[108.8075,-7.31754],[108.8075,-7.31743],[108.80752,-7.31743],[108.80796,-7.31743],[108.80796,-7.31744],[108.80842,-7.31744],[108.80842,-7.31789],[108.80886,-7.31789],[108.80886,-7.31744],[108.80932,-7.31744],[108.80978,-7.31744],[108.80978,-7.3179],[108.80977,-7.3179],[108.80977,-7.31835],[108.81022,-7.31835],[108.81022,-7.3188],[108.80976,-7.3188],[108.80976,-7.31835],[108.80931,-7.31835],[108.80931,-7.3179],[108.80887,-7.3179],[108.80887,-7.31835],[108.80851,-7.31835],[108.80841,-7.31835],[108.80841,-7.31828],[108.80841,-7.31789],[108.80796,-7.31789]]],[[[108.81068,-7.31745],[108.81068,-7.3179],[108.81113,-7.3179],[108.81113,-7.31836],[108.81067,-7.31836],[108.81067,-7.3179],[108.81022,-7.3179],[108.81022,-7.31745],[108.81022,-7.317],[108.81068,-7.317],[108.81068,-7.31745]]],[[[108.80933,-7.31518],[108.80933,-7.31519],[108.80888,-7.31519],[108.80888,-7.31518],[108.80888,-7.31473],[108.80933,-7.31473],[108.80933,-7.31518]]],[[[108.8076,-7.30072],[108.8076,-7.30117],[108.80759,-7.30117],[108.80714,-7.30117],[108.80714,-7.30072],[108.80759,-7.30072],[108.8076,-7.30072]]],[[[108.8076,-7.29846],[108.8076,-7.29891],[108.80714,-7.29891],[108.80714,-7.29846],[108.8076,-7.29846]]],[[[108.81303,-7.29803],[108.81303,-7.29849],[108.81258,-7.29849],[108.81258,-7.29803],[108.81303,-7.29803]]],[[[108.80761,-7.29666],[108.80761,-7.2962],[108.80807,-7.2962],[108.80807,-7.29666],[108.80852,-7.29666],[108.80852,-7.29711],[108.80806,-7.29711],[108.80806,-7.29666],[108.80761,-7.29666]]],[[[108.81032,-7.29622],[108.81032,-7.29621],[108.81033,-7.29621],[108.81078,-7.29621],[108.81078,-7.29622],[108.81078,-7.29667],[108.81033,-7.29667],[108.81032,-7.29667],[108.81032,-7.29622]]],[[[108.80988,-7.29531],[108.81033,-7.29531],[108.81033,-7.29576],[108.80988,-7.29576],[108.80987,-7.29576],[108.80987,-7.29531],[108.80943,-7.29531],[108.80942,-7.29531],[108.80942,-7.29486],[108.80942,-7.29485],[108.80943,-7.29485],[108.80988,-7.29485],[108.80988,-7.29486],[108.80988,-7.29531]]],[[[108.80945,-7.29079],[108.80945,-7.29124],[108.80899,-7.29124],[108.80899,-7.29079],[108.80945,-7.29079]]],[[[108.809,-7.28988],[108.809,-7.28943],[108.80946,-7.28943],[108.80946,-7.28989],[108.80991,-7.28989],[108.80991,-7.29034],[108.80945,-7.29034],[108.80945,-7.28989],[108.809,-7.28989],[108.809,-7.29034],[108.80855,-7.29034],[108.80855,-7.29078],[108.80855,-7.29079],[108.80809,-7.29079],[108.80809,-7.29078],[108.80809,-7.29033],[108.80854,-7.29033],[108.80854,-7.28988],[108.8081,-7.28988],[108.8081,-7.28943],[108.80856,-7.28943],[108.80856,-7.28988],[108.809,-7.28988]]],[[[108.81128,-7.28628],[108.81128,-7.28673],[108.81082,-7.28673],[108.81082,-7.28628],[108.81128,-7.28628]]],[[[108.81085,-7.28068],[108.81085,-7.28041],[108.81085,-7.2804],[108.81131,-7.2804],[108.81131,-7.28041],[108.81131,-7.28068],[108.81112,-7.28068],[108.81094,-7.28068],[108.81085,-7.28068]]],[[[108.81132,-7.2786],[108.81132,-7.27905],[108.81086,-7.27905],[108.81086,-7.2786],[108.81132,-7.2786]]],[[[108.80815,-7.27858],[108.80815,-7.27904],[108.80769,-7.27904],[108.80769,-7.27858],[108.80815,-7.27858]]],[[[108.81178,-7.27725],[108.81178,-7.2777],[108.81178,-7.27815],[108.81178,-7.2786],[108.81132,-7.2786],[108.81132,-7.27815],[108.81132,-7.2777],[108.81087,-7.2777],[108.81087,-7.27724],[108.81132,-7.27724],[108.81133,-7.27724],[108.81177,-7.27724],[108.81177,-7.27679],[108.81178,-7.27679],[108.81223,-7.27679],[108.81223,-7.2768],[108.81268,-7.2768],[108.81268,-7.27635],[108.81313,-7.27635],[108.81314,-7.27635],[108.81359,-7.27635],[108.81359,-7.2768],[108.81404,-7.2768],[108.81404,-7.27681],[108.81449,-7.27681],[108.81449,-7.27636],[108.81449,-7.27591],[108.81449,-7.2759],[108.8145,-7.2759],[108.8145,-7.27546],[108.8145,-7.27545],[108.81405,-7.27545],[108.81405,-7.275],[108.8145,-7.275],[108.8145,-7.27455],[108.81496,-7.27455],[108.81541,-7.27455],[108.81542,-7.27455],[108.81586,-7.27455],[108.81586,-7.2741],[108.81631,-7.2741],[108.81632,-7.2741],[108.81632,-7.27456],[108.81676,-7.27456],[108.81677,-7.27456],[108.81677,-7.27501],[108.81721,-7.27501],[108.81722,-7.27501],[108.81766,-7.27501],[108.81766,-7.27457],[108.81722,-7.27457],[108.81721,-7.27457],[108.81721,-7.27456],[108.81721,-7.27411],[108.81676,-7.27411],[108.81676,-7.27366],[108.81722,-7.27366],[108.81722,-7.27411],[108.81767,-7.27411],[108.81808,-7.27411],[108.81812,-7.27411],[108.81813,-7.27411],[108.81858,-7.27411],[108.81858,-7.27412],[108.81903,-7.27412],[108.81903,-7.27457],[108.81948,-7.27457],[108.81948,-7.2747],[108.81948,-7.27502],[108.81988,-7.27502],[108.81993,-7.27502],[108.81993,-7.27512],[108.81993,-7.27518],[108.81993,-7.27548],[108.81988,-7.27548],[108.81948,-7.27548],[108.81948,-7.27593],[108.81902,-7.27593],[108.81902,-7.27548],[108.81902,-7.27547],[108.81947,-7.27547],[108.81947,-7.27503],[108.81902,-7.27503],[108.81902,-7.27502],[108.81902,-7.27475],[108.81902,-7.27457],[108.81858,-7.27457],[108.81858,-7.27486],[108.81858,-7.27502],[108.81857,-7.27502],[108.81857,-7.27547],[108.81857,-7.27592],[108.81857,-7.27593],[108.81812,-7.27593],[108.81812,-7.27592],[108.81811,-7.27592],[108.81767,-7.27592],[108.81766,-7.27592],[108.81722,-7.27592],[108.81721,-7.27592],[108.81677,-7.27592],[108.81677,-7.27637],[108.81676,-7.27637],[108.81631,-7.27637],[108.81631,-7.27682],[108.81586,-7.27682],[108.81585,-7.27682],[108.81585,-7.27727],[108.81539,-7.27727],[108.81539,-7.27726],[108.81495,-7.27726],[108.81494,-7.27726],[108.81494,-7.27771],[108.81494,-7.27817],[108.81448,-7.27817],[108.81448,-7.27816],[108.81404,-7.27816],[108.81403,-7.27816],[108.81403,-7.27861],[108.81358,-7.27861],[108.81357,-7.27861],[108.81313,-7.27861],[108.81312,-7.27861],[108.81312,-7.27816],[108.81268,-7.27816],[108.81267,-7.27816],[108.81267,-7.27771],[108.81267,-7.2777],[108.81267,-7.27725],[108.81223,-7.27725],[108.81222,-7.27725],[108.81178,-7.27725]],[[108.81586,-7.27636],[108.81631,-7.27636],[108.81631,-7.27592],[108.81631,-7.27591],[108.81586,-7.27591],[108.81585,-7.27591],[108.81541,-7.27591],[108.81541,-7.27636],[108.81585,-7.27636],[108.81586,-7.27636]],[[108.81359,-7.27771],[108.81403,-7.27771],[108.81403,-7.27726],[108.81359,-7.27726],[108.81359,-7.27771]],[[108.81358,-7.27771],[108.81313,-7.27771],[108.81313,-7.27816],[108.81357,-7.27816],[108.81358,-7.27816],[108.81358,-7.27771]],[[108.81587,-7.27546],[108.81631,-7.27546],[108.81631,-7.27501],[108.81587,-7.27501],[108.81587,-7.27546]]],[[[108.81042,-7.27724],[108.81042,-7.27769],[108.80996,-7.27769],[108.80996,-7.27724],[108.81042,-7.27724]]],[[[108.81133,-7.27544],[108.81133,-7.27589],[108.81088,-7.27589],[108.81088,-7.27634],[108.81042,-7.27634],[108.81042,-7.27589],[108.81042,-7.27588],[108.81087,-7.27588],[108.81087,-7.27544],[108.81087,-7.27543],[108.81088,-7.27543],[108.81088,-7.27498],[108.81134,-7.27498],[108.81134,-7.27544],[108.81133,-7.27544]]],[[[108.81269,-7.27454],[108.81224,-7.27454],[108.81224,-7.27409],[108.81269,-7.27409],[108.8127,-7.27409],[108.8127,-7.27364],[108.81316,-7.27364],[108.81316,-7.27409],[108.8136,-7.27409],[108.8136,-7.27364],[108.81405,-7.27364],[108.81406,-7.27364],[108.81451,-7.27364],[108.81451,-7.2741],[108.81406,-7.2741],[108.81406,-7.27455],[108.81361,-7.27455],[108.8136,-7.27455],[108.8136,-7.275],[108.81315,-7.275],[108.81314,-7.275],[108.81269,-7.275],[108.81269,-7.27499],[108.81269,-7.27454]]],[[[108.8118,-7.27408],[108.81134,-7.27408],[108.81134,-7.27363],[108.81089,-7.27363],[108.81043,-7.27363],[108.81043,-7.27317],[108.81089,-7.27317],[108.81089,-7.27318],[108.81135,-7.27318],[108.81135,-7.27363],[108.8118,-7.27363],[108.8118,-7.27408]]],[[[108.81361,-7.27274],[108.81361,-7.27319],[108.81315,-7.27319],[108.81315,-7.27274],[108.81361,-7.27274]]],[[[108.8118,-7.27228],[108.8118,-7.27182],[108.81226,-7.27182],[108.81226,-7.27183],[108.81271,-7.27183],[108.81271,-7.27228],[108.81226,-7.27228],[108.81225,-7.27228],[108.8118,-7.27228]]],[[[108.81316,-7.27138],[108.81316,-7.27183],[108.81271,-7.27183],[108.81271,-7.27138],[108.81316,-7.27138]]],[[[108.81361,-7.27048],[108.81362,-7.27048],[108.81407,-7.27048],[108.81407,-7.27093],[108.81407,-7.27139],[108.81361,-7.27139],[108.81361,-7.27093],[108.81316,-7.27093],[108.81316,-7.27048],[108.81361,-7.27048]]],[[[108.81182,-7.26866],[108.81182,-7.26911],[108.81182,-7.26912],[108.81136,-7.26912],[108.81136,-7.26911],[108.81136,-7.26866],[108.81182,-7.26866]]],[[[108.81363,-7.26822],[108.81409,-7.26822],[108.81409,-7.26867],[108.81363,-7.26867],[108.81317,-7.26867],[108.81317,-7.26822],[108.81363,-7.26822]]],[[[108.80775,-7.26819],[108.80775,-7.26864],[108.80729,-7.26864],[108.80729,-7.26819],[108.80775,-7.26819]]],[[[108.81679,-7.36085],[108.81679,-7.3604],[108.8168,-7.3604],[108.81725,-7.3604],[108.81725,-7.36085],[108.81725,-7.36086],[108.8168,-7.36086],[108.81679,-7.36086],[108.81679,-7.36085]]],[[[108.8141,-7.35948],[108.8141,-7.35994],[108.81409,-7.35994],[108.81364,-7.35994],[108.81364,-7.35948],[108.81409,-7.35948],[108.8141,-7.35948]]],[[[108.81545,-7.35949],[108.81544,-7.35949],[108.81565,-7.35904],[108.8159,-7.35904],[108.8159,-7.35949],[108.81545,-7.35949]]],[[[108.81551,-7.35904],[108.81544,-7.35941],[108.81544,-7.35907],[108.81544,-7.35904],[108.81545,-7.35904],[108.81551,-7.35904]]],[[[108.81683,-7.35634],[108.81682,-7.35634],[108.81682,-7.35588],[108.81704,-7.35588],[108.81709,-7.35588],[108.8171,-7.35588],[108.81728,-7.35588],[108.81728,-7.35634],[108.81689,-7.35634],[108.81688,-7.35634],[108.81684,-7.35634],[108.81683,-7.35634]]],[[[108.81413,-7.35181],[108.81412,-7.35181],[108.81412,-7.35135],[108.81413,-7.35135],[108.81413,-7.3509],[108.81459,-7.3509],[108.81459,-7.35135],[108.81504,-7.35135],[108.81504,-7.35181],[108.81458,-7.35181],[108.81413,-7.35181]]],[[[108.81524,-7.3482],[108.81505,-7.3482],[108.81505,-7.34805],[108.81505,-7.34774],[108.81551,-7.34774],[108.81551,-7.3482],[108.81524,-7.3482]]],[[[108.81641,-7.34729],[108.81641,-7.34775],[108.81596,-7.34775],[108.81596,-7.34729],[108.81641,-7.34729]]],[[[108.81374,-7.33734],[108.81397,-7.33734],[108.8142,-7.33734],[108.8142,-7.33735],[108.8142,-7.33777],[108.8142,-7.3378],[108.81374,-7.3378],[108.81374,-7.33735],[108.81374,-7.33734]]],[[[108.81422,-7.33418],[108.81376,-7.33418],[108.81376,-7.33373],[108.81422,-7.33373],[108.81422,-7.33328],[108.81467,-7.33328],[108.81468,-7.33328],[108.81468,-7.33373],[108.81468,-7.33374],[108.81467,-7.33374],[108.81422,-7.33374],[108.81422,-7.33418]]],[[[108.81513,-7.33238],[108.81513,-7.33283],[108.81467,-7.33283],[108.81467,-7.33238],[108.81513,-7.33238]]],[[[108.81514,-7.33057],[108.81559,-7.33057],[108.81559,-7.33058],[108.81605,-7.33058],[108.81605,-7.33103],[108.81559,-7.33103],[108.81514,-7.33103],[108.81513,-7.33103],[108.81468,-7.33103],[108.81468,-7.33057],[108.81423,-7.33057],[108.81423,-7.33012],[108.81469,-7.33012],[108.81469,-7.33057],[108.81513,-7.33057],[108.81514,-7.33057]]],[[[108.8165,-7.33013],[108.81605,-7.33013],[108.81604,-7.33013],[108.81559,-7.33013],[108.81559,-7.32968],[108.81559,-7.32967],[108.81559,-7.32922],[108.81605,-7.32922],[108.81651,-7.32922],[108.81651,-7.32968],[108.8165,-7.32968],[108.8165,-7.33013]]],[[[108.81606,-7.32832],[108.81606,-7.32877],[108.8156,-7.32877],[108.8156,-7.32832],[108.81606,-7.32832]]],[[[108.81425,-7.32831],[108.81425,-7.32876],[108.81379,-7.32876],[108.81379,-7.32831],[108.81425,-7.32831]]],[[[108.81696,-7.32697],[108.81696,-7.32742],[108.81741,-7.32742],[108.81741,-7.32787],[108.81741,-7.32788],[108.81741,-7.32832],[108.81741,-7.32833],[108.81741,-7.32878],[108.81786,-7.32878],[108.81786,-7.32923],[108.81741,-7.32923],[108.8174,-7.32923],[108.81696,-7.32923],[108.81695,-7.32923],[108.81695,-7.32878],[108.81695,-7.32833],[108.81695,-7.32832],[108.81695,-7.32788],[108.81695,-7.32787],[108.81695,-7.32742],[108.81651,-7.32742],[108.8165,-7.32742],[108.8165,-7.32697],[108.81651,-7.32697],[108.81696,-7.32697]]],[[[108.81516,-7.32696],[108.81516,-7.32741],[108.81515,-7.32741],[108.8147,-7.32741],[108.8147,-7.32696],[108.81515,-7.32696],[108.81516,-7.32696]]],[[[108.81697,-7.32606],[108.81697,-7.32607],[108.81651,-7.32607],[108.81651,-7.32606],[108.81651,-7.32561],[108.81697,-7.32561],[108.81697,-7.32606]]],[[[108.81381,-7.32514],[108.81381,-7.3256],[108.8138,-7.3256],[108.81335,-7.3256],[108.81335,-7.32514],[108.8138,-7.32514],[108.81381,-7.32514]]],[[[108.81474,-7.32108],[108.81474,-7.32154],[108.81428,-7.32154],[108.81428,-7.32108],[108.81474,-7.32108]]],[[[108.81397,-7.29126],[108.81397,-7.29171],[108.81442,-7.29171],[108.81442,-7.29172],[108.81442,-7.29217],[108.81396,-7.29217],[108.81396,-7.29172],[108.81351,-7.29172],[108.81351,-7.29126],[108.81397,-7.29126]]],[[[108.81536,-7.28585],[108.8149,-7.28585],[108.8149,-7.2854],[108.8149,-7.28539],[108.81508,-7.28539],[108.81508,-7.28503],[108.81491,-7.28503],[108.81491,-7.28494],[108.81536,-7.28494],[108.81536,-7.28539],[108.81536,-7.2854],[108.81536,-7.28585]]],[[[108.81403,-7.27906],[108.81403,-7.27952],[108.81358,-7.27952],[108.81357,-7.27952],[108.81357,-7.27906],[108.81358,-7.27906],[108.81403,-7.27906]]],[[[108.81585,-7.27817],[108.81585,-7.27862],[108.81539,-7.27862],[108.81539,-7.27817],[108.81539,-7.27772],[108.81585,-7.27772],[108.81585,-7.27817]]],[[[108.81676,-7.27727],[108.81676,-7.27772],[108.8163,-7.27772],[108.8163,-7.27727],[108.81676,-7.27727]]],[[[108.81405,-7.2759],[108.81405,-7.27635],[108.81359,-7.27635],[108.81359,-7.2759],[108.81405,-7.2759]]],[[[108.81497,-7.2723],[108.81497,-7.27274],[108.81451,-7.27274],[108.81406,-7.27274],[108.81361,-7.27274],[108.81361,-7.27229],[108.81406,-7.27229],[108.81406,-7.27184],[108.81406,-7.27183],[108.81451,-7.27183],[108.81451,-7.27139],[108.81497,-7.27139],[108.81497,-7.27094],[108.81497,-7.27049],[108.81497,-7.27048],[108.81543,-7.27048],[108.81543,-7.27004],[108.81588,-7.27004],[108.81588,-7.26959],[108.81543,-7.26959],[108.81543,-7.26913],[108.81499,-7.26913],[108.81499,-7.26958],[108.81453,-7.26958],[108.81453,-7.26913],[108.81498,-7.26913],[108.81498,-7.26868],[108.81498,-7.26823],[108.81544,-7.26823],[108.81544,-7.26868],[108.81544,-7.26913],[108.81589,-7.26913],[108.81589,-7.26959],[108.81634,-7.26959],[108.81634,-7.27004],[108.81634,-7.27049],[108.81589,-7.27049],[108.81588,-7.27049],[108.81543,-7.27049],[108.81543,-7.27094],[108.81588,-7.27094],[108.81588,-7.27139],[108.81588,-7.27184],[108.81633,-7.27184],[108.81633,-7.2723],[108.81587,-7.2723],[108.81587,-7.27275],[108.81541,-7.27275],[108.81541,-7.2723],[108.81497,-7.2723]],[[108.81497,-7.27184],[108.81542,-7.27184],[108.81542,-7.27139],[108.81497,-7.27139],[108.81497,-7.27184]],[[108.81587,-7.27229],[108.81587,-7.27185],[108.81542,-7.27185],[108.81542,-7.27229],[108.81587,-7.27229]]],[[[108.81679,-7.27094],[108.81679,-7.2714],[108.81633,-7.2714],[108.81633,-7.27094],[108.81679,-7.27094]]],[[[108.81662,-7.26914],[108.8168,-7.26914],[108.8168,-7.26959],[108.81655,-7.26959],[108.81634,-7.26959],[108.81634,-7.26914],[108.81662,-7.26914]]],[[[108.81545,-7.26642],[108.81545,-7.26687],[108.81499,-7.26687],[108.81499,-7.26642],[108.81545,-7.26642]]],[[[108.81636,-7.26552],[108.81681,-7.26552],[108.81681,-7.26598],[108.81635,-7.26598],[108.81635,-7.26597],[108.8159,-7.26597],[108.8159,-7.26552],[108.81635,-7.26552],[108.81636,-7.26552]]],[[[108.8155,-7.25693],[108.8155,-7.25739],[108.81504,-7.25739],[108.81504,-7.25693],[108.8155,-7.25693]]],[[[108.81414,-7.25648],[108.81414,-7.25602],[108.81459,-7.25602],[108.8146,-7.25602],[108.81505,-7.25602],[108.81505,-7.25603],[108.81505,-7.25648],[108.8146,-7.25648],[108.81459,-7.25648],[108.81414,-7.25648]]],[[[108.82402,-7.36495],[108.82402,-7.36541],[108.82356,-7.36541],[108.82356,-7.36495],[108.82402,-7.36495]]],[[[108.82086,-7.36268],[108.82086,-7.36313],[108.8204,-7.36313],[108.8204,-7.36268],[108.82086,-7.36268]]],[[[108.82449,-7.36224],[108.82449,-7.3627],[108.82403,-7.3627],[108.82403,-7.36224],[108.82449,-7.36224]]],[[[108.82223,-7.36223],[108.82223,-7.36269],[108.82177,-7.36269],[108.82177,-7.36223],[108.82223,-7.36223]]],[[[108.82269,-7.36133],[108.82269,-7.36178],[108.82269,-7.36179],[108.82223,-7.36179],[108.82223,-7.36178],[108.82223,-7.36133],[108.82269,-7.36133]]],[[[108.82404,-7.36043],[108.82404,-7.36089],[108.82359,-7.36089],[108.82358,-7.36089],[108.82358,-7.36043],[108.82359,-7.36043],[108.82404,-7.36043]]],[[[108.8245,-7.35953],[108.8245,-7.35999],[108.82404,-7.35999],[108.82404,-7.35953],[108.8245,-7.35953]]],[[[108.82043,-7.35906],[108.82043,-7.35952],[108.81997,-7.35952],[108.81997,-7.35906],[108.82043,-7.35906]]],[[[108.82315,-7.35727],[108.82315,-7.35682],[108.82361,-7.35682],[108.82361,-7.35727],[108.82406,-7.35727],[108.82406,-7.35773],[108.8236,-7.35773],[108.8236,-7.35727],[108.82315,-7.35727]]],[[[108.82179,-7.35726],[108.82179,-7.35771],[108.82134,-7.35771],[108.82133,-7.35771],[108.82088,-7.35771],[108.82088,-7.35726],[108.82133,-7.35726],[108.82134,-7.35726],[108.82179,-7.35726]]],[[[108.82044,-7.35635],[108.82044,-7.3568],[108.81998,-7.3568],[108.81998,-7.35635],[108.82044,-7.35635]]],[[[108.8209,-7.35572],[108.8209,-7.35573],[108.82089,-7.35573],[108.82089,-7.3559],[108.82071,-7.3559],[108.82044,-7.3559],[108.82044,-7.35545],[108.8209,-7.35545],[108.8209,-7.35572]]],[[[108.81909,-7.35544],[108.81909,-7.35589],[108.81863,-7.35589],[108.81863,-7.35544],[108.81909,-7.35544]]],[[[108.82045,-7.35454],[108.82045,-7.355],[108.81999,-7.355],[108.81999,-7.35454],[108.82045,-7.35454]]],[[[108.81864,-7.35453],[108.81864,-7.35499],[108.81818,-7.35499],[108.81818,-7.35453],[108.81864,-7.35453]]],[[[108.82454,-7.3523],[108.82454,-7.35276],[108.82408,-7.35276],[108.82408,-7.3523],[108.82454,-7.3523]]],[[[108.82409,-7.3514],[108.82409,-7.35185],[108.82363,-7.35185],[108.82363,-7.3514],[108.82409,-7.3514]]],[[[108.8241,-7.35004],[108.8241,-7.3505],[108.82364,-7.3505],[108.82364,-7.35004],[108.8241,-7.35004]]],[[[108.82048,-7.34912],[108.82048,-7.34958],[108.82002,-7.34958],[108.82002,-7.34912],[108.82048,-7.34912]]],[[[108.82456,-7.34733],[108.82456,-7.34779],[108.8241,-7.34779],[108.8241,-7.34733],[108.82456,-7.34733]]],[[[108.8205,-7.34596],[108.8205,-7.34641],[108.82004,-7.34641],[108.82004,-7.34596],[108.8205,-7.34596]]],[[[108.82275,-7.34598],[108.82275,-7.34597],[108.8223,-7.34597],[108.8223,-7.34552],[108.82275,-7.34552],[108.82276,-7.34552],[108.82321,-7.34552],[108.82321,-7.34597],[108.82321,-7.34598],[108.82275,-7.34598]]],[[[108.81869,-7.3455],[108.81869,-7.34595],[108.81823,-7.34595],[108.81823,-7.3455],[108.81869,-7.3455]]],[[[108.82413,-7.34281],[108.82413,-7.34327],[108.82367,-7.34327],[108.82367,-7.34281],[108.82413,-7.34281]]],[[[108.82101,-7.33422],[108.82101,-7.33467],[108.82055,-7.33467],[108.82055,-7.33422],[108.82055,-7.33421],[108.82101,-7.33421],[108.82101,-7.33422]]],[[[108.82101,-7.33376],[108.82101,-7.33377],[108.82055,-7.33377],[108.82055,-7.33376],[108.82055,-7.33331],[108.82101,-7.33331],[108.82101,-7.33376]]],[[[108.82418,-7.33197],[108.82418,-7.33242],[108.82418,-7.33243],[108.82418,-7.33288],[108.82462,-7.33288],[108.82463,-7.33288],[108.82508,-7.33288],[108.82508,-7.33333],[108.82463,-7.33333],[108.82462,-7.33333],[108.82417,-7.33333],[108.82417,-7.33288],[108.82372,-7.33288],[108.82372,-7.33243],[108.82372,-7.33242],[108.82372,-7.33197],[108.82418,-7.33197]]],[[[108.82327,-7.33242],[108.82327,-7.33287],[108.82282,-7.33287],[108.82281,-7.33287],[108.82281,-7.33242],[108.82282,-7.33242],[108.82327,-7.33242]]],[[[108.81693,-7.33239],[108.81739,-7.33239],[108.81785,-7.33239],[108.81785,-7.33285],[108.81739,-7.33285],[108.81739,-7.33284],[108.81693,-7.33284],[108.81693,-7.33239]]],[[[108.82374,-7.32971],[108.82374,-7.33016],[108.82328,-7.33016],[108.82328,-7.32971],[108.82374,-7.32971]]],[[[108.81831,-7.32969],[108.81831,-7.33014],[108.81786,-7.33014],[108.8174,-7.33014],[108.8174,-7.32968],[108.81786,-7.32968],[108.81786,-7.32923],[108.81831,-7.32923],[108.81831,-7.32878],[108.81877,-7.32878],[108.81877,-7.32924],[108.81831,-7.32924],[108.81831,-7.32968],[108.81831,-7.32969]]],[[[108.82239,-7.32835],[108.82239,-7.3279],[108.82194,-7.3279],[108.82194,-7.32745],[108.82194,-7.32744],[108.8224,-7.32744],[108.8224,-7.32745],[108.82284,-7.32745],[108.82284,-7.327],[108.82285,-7.327],[108.82329,-7.327],[108.8233,-7.327],[108.82375,-7.327],[108.82375,-7.32745],[108.8233,-7.32745],[108.82329,-7.32745],[108.82285,-7.32745],[108.82285,-7.3279],[108.8233,-7.3279],[108.8233,-7.32835],[108.82375,-7.32835],[108.82375,-7.32836],[108.8242,-7.32836],[108.8242,-7.32881],[108.82375,-7.32881],[108.82374,-7.32881],[108.8233,-7.32881],[108.8233,-7.32926],[108.82284,-7.32926],[108.82284,-7.32881],[108.82284,-7.3288],[108.82284,-7.32836],[108.82284,-7.32835],[108.82239,-7.32835]]],[[[108.81967,-7.32833],[108.81967,-7.32879],[108.81921,-7.32879],[108.81921,-7.32833],[108.81967,-7.32833]]],[[[108.81831,-7.32833],[108.81831,-7.32878],[108.81786,-7.32878],[108.81786,-7.32833],[108.81831,-7.32833]]],[[[108.82376,-7.32655],[108.82375,-7.32655],[108.8233,-7.32655],[108.8233,-7.3261],[108.8233,-7.32565],[108.8233,-7.32564],[108.8233,-7.32519],[108.82375,-7.32519],[108.82376,-7.32519],[108.82421,-7.32519],[108.82421,-7.32475],[108.82421,-7.32474],[108.82467,-7.32474],[108.82467,-7.32475],[108.82467,-7.3252],[108.82421,-7.3252],[108.82421,-7.32565],[108.82376,-7.32565],[108.82376,-7.3261],[108.8242,-7.3261],[108.82421,-7.3261],[108.82466,-7.3261],[108.82512,-7.3261],[108.82512,-7.32656],[108.82511,-7.32656],[108.82511,-7.32701],[108.82466,-7.32701],[108.82465,-7.32701],[108.8242,-7.32701],[108.8242,-7.32655],[108.82376,-7.32655]]],[[[108.82014,-7.32653],[108.82014,-7.32698],[108.81968,-7.32698],[108.81968,-7.32653],[108.82014,-7.32653]]],[[[108.81878,-7.32652],[108.81878,-7.32698],[108.81832,-7.32698],[108.81832,-7.32652],[108.81787,-7.32652],[108.81787,-7.32607],[108.81833,-7.32607],[108.81833,-7.32652],[108.81878,-7.32652]]],[[[108.82285,-7.32564],[108.82285,-7.32609],[108.8224,-7.32609],[108.82239,-7.32609],[108.82239,-7.32564],[108.8224,-7.32564],[108.82285,-7.32564]]],[[[108.82059,-7.32608],[108.82059,-7.32563],[108.82104,-7.32563],[108.82105,-7.32563],[108.82105,-7.32608],[108.82105,-7.32609],[108.82104,-7.32609],[108.82059,-7.32609],[108.82059,-7.32608]]],[[[108.81924,-7.32562],[108.81924,-7.32608],[108.81878,-7.32608],[108.81878,-7.32562],[108.81924,-7.32562]]],[[[108.82241,-7.32383],[108.82241,-7.32428],[108.82241,-7.32429],[108.82196,-7.32429],[108.82196,-7.32473],[108.82196,-7.32474],[108.8215,-7.32474],[108.8215,-7.32473],[108.82105,-7.32473],[108.82104,-7.32473],[108.82104,-7.32428],[108.82105,-7.32428],[108.8215,-7.32428],[108.82195,-7.32428],[108.82195,-7.32383],[108.82241,-7.32383]]],[[[108.82007,-7.30295],[108.82007,-7.30278],[108.82007,-7.30277],[108.82018,-7.30277],[108.82025,-7.30277],[108.82025,-7.30284],[108.82025,-7.30297],[108.82025,-7.30304],[108.81979,-7.30304],[108.81979,-7.30295],[108.82007,-7.30295]]],[[[108.82352,-7.28182],[108.82352,-7.28227],[108.82306,-7.28227],[108.82306,-7.28182],[108.82352,-7.28182]]],[[[108.82036,-7.28],[108.82036,-7.27955],[108.82082,-7.27955],[108.82082,-7.28],[108.82082,-7.28045],[108.82036,-7.28045],[108.82036,-7.28]]],[[[108.81757,-7.27863],[108.8172,-7.27863],[108.8172,-7.27818],[108.81745,-7.27818],[108.81766,-7.27818],[108.81766,-7.27863],[108.81757,-7.27863]]],[[[108.82083,-7.27684],[108.82083,-7.27729],[108.82037,-7.27729],[108.82037,-7.27684],[108.82083,-7.27684]]],[[[108.8231,-7.27594],[108.8231,-7.2764],[108.82264,-7.2764],[108.82264,-7.27594],[108.8231,-7.27594]]],[[[108.82038,-7.27593],[108.82038,-7.27638],[108.82038,-7.27639],[108.81992,-7.27639],[108.81992,-7.27638],[108.81992,-7.27593],[108.82038,-7.27593]]],[[[108.82355,-7.2746],[108.82355,-7.27459],[108.82355,-7.27414],[108.824,-7.27414],[108.82401,-7.27414],[108.82401,-7.27459],[108.82401,-7.2746],[108.824,-7.2746],[108.82355,-7.2746]]],[[[108.82221,-7.27414],[108.8222,-7.27414],[108.8222,-7.27459],[108.82174,-7.27459],[108.82174,-7.27413],[108.82175,-7.27413],[108.82175,-7.27368],[108.8222,-7.27368],[108.82221,-7.27368],[108.82221,-7.27414]]],[[[108.82311,-7.27323],[108.82311,-7.27369],[108.82265,-7.27369],[108.82265,-7.27323],[108.82311,-7.27323]]],[[[108.81949,-7.27322],[108.81994,-7.27322],[108.81994,-7.27367],[108.81949,-7.27367],[108.81948,-7.27367],[108.81903,-7.27367],[108.81903,-7.27322],[108.81948,-7.27322],[108.81949,-7.27322]]],[[[108.81768,-7.27231],[108.81768,-7.27185],[108.81804,-7.27185],[108.81814,-7.27185],[108.81814,-7.27231],[108.81798,-7.27231],[108.81768,-7.27231]]],[[[108.81995,-7.27096],[108.81995,-7.27141],[108.8195,-7.27141],[108.8195,-7.27096],[108.81995,-7.27096]]],[[[108.82177,-7.26916],[108.82177,-7.26962],[108.82131,-7.26962],[108.82131,-7.26916],[108.82177,-7.26916]]],[[[108.81905,-7.26915],[108.81905,-7.2696],[108.8186,-7.2696],[108.8186,-7.26915],[108.81905,-7.26915]]],[[[108.82268,-7.26872],[108.82268,-7.26917],[108.82222,-7.26917],[108.82222,-7.26872],[108.82222,-7.26871],[108.82222,-7.26826],[108.82268,-7.26826],[108.82268,-7.26871],[108.82268,-7.26872]]],[[[108.81951,-7.26825],[108.81951,-7.2687],[108.81951,-7.26915],[108.81905,-7.26915],[108.81905,-7.2687],[108.81905,-7.26825],[108.81906,-7.26825],[108.81906,-7.26779],[108.81952,-7.26779],[108.81952,-7.26825],[108.81951,-7.26825]]],[[[108.82404,-7.26691],[108.82404,-7.26737],[108.82359,-7.26737],[108.82358,-7.26737],[108.82358,-7.26691],[108.82359,-7.26691],[108.82404,-7.26691]]],[[[108.81777,-7.25423],[108.81777,-7.25469],[108.81731,-7.25469],[108.81731,-7.25423],[108.81777,-7.25423]]],[[[108.8317,-7.36634],[108.8317,-7.36589],[108.83216,-7.36589],[108.83216,-7.3659],[108.83261,-7.3659],[108.83261,-7.36545],[108.83216,-7.36545],[108.83216,-7.36499],[108.83262,-7.36499],[108.83262,-7.36455],[108.83262,-7.36454],[108.83217,-7.36454],[108.83172,-7.36454],[108.83172,-7.36463],[108.83165,-7.36461],[108.83165,-7.3646],[108.83155,-7.36456],[108.8315,-7.36454],[108.83151,-7.36454],[108.83127,-7.36442],[108.83127,-7.36443],[108.83081,-7.36421],[108.83081,-7.36409],[108.83081,-7.36408],[108.83055,-7.36408],[108.83036,-7.36399],[108.83036,-7.36363],[108.82991,-7.36363],[108.82945,-7.36363],[108.82945,-7.36317],[108.82901,-7.36317],[108.829,-7.36317],[108.82855,-7.36317],[108.82855,-7.36272],[108.82855,-7.36227],[108.8281,-7.36227],[108.8281,-7.36226],[108.8281,-7.36181],[108.82811,-7.36181],[108.82811,-7.36136],[108.82766,-7.36136],[108.82766,-7.36091],[108.82721,-7.36091],[108.82721,-7.36135],[108.82721,-7.36136],[108.82675,-7.36136],[108.82675,-7.36135],[108.82675,-7.3609],[108.82721,-7.3609],[108.82721,-7.36045],[108.82767,-7.36045],[108.82767,-7.3609],[108.82812,-7.3609],[108.82812,-7.36091],[108.82812,-7.36136],[108.82856,-7.36136],[108.82857,-7.36136],[108.82902,-7.36136],[108.82902,-7.36181],[108.82902,-7.36182],[108.82902,-7.36227],[108.82946,-7.36227],[108.82947,-7.36227],[108.82992,-7.36227],[108.82992,-7.36272],[108.83037,-7.36272],[108.83037,-7.36273],[108.83082,-7.36273],[108.83127,-7.36273],[108.83128,-7.36273],[108.83172,-7.36273],[108.83173,-7.36273],[108.83173,-7.36228],[108.83218,-7.36228],[108.83218,-7.36273],[108.83218,-7.36318],[108.83218,-7.36319],[108.83218,-7.36359],[108.83218,-7.36364],[108.83262,-7.36364],[108.83263,-7.36364],[108.83308,-7.36364],[108.83308,-7.36319],[108.83353,-7.36319],[108.83353,-7.36274],[108.83399,-7.36274],[108.83399,-7.36319],[108.83399,-7.3632],[108.83353,-7.3632],[108.83353,-7.36364],[108.83353,-7.36365],[108.83308,-7.36365],[108.83308,-7.36409],[108.83353,-7.36409],[108.83353,-7.36455],[108.83353,-7.365],[108.83398,-7.365],[108.83398,-7.36545],[108.83398,-7.36591],[108.83443,-7.36591],[108.83443,-7.36636],[108.83443,-7.36681],[108.83397,-7.36681],[108.83352,-7.36681],[108.83351,-7.36681],[108.83307,-7.36681],[108.83306,-7.36681],[108.83261,-7.36681],[108.83261,-7.3668],[108.83261,-7.36635],[108.83216,-7.36635],[108.83171,-7.36635],[108.83171,-7.3668],[108.83125,-7.3668],[108.83125,-7.36634],[108.8317,-7.36634]],[[108.83307,-7.365],[108.83262,-7.365],[108.83262,-7.36545],[108.83307,-7.36545],[108.83307,-7.3659],[108.83307,-7.36635],[108.83351,-7.36635],[108.83351,-7.3659],[108.83352,-7.3659],[108.83352,-7.36545],[108.83352,-7.365],[108.83308,-7.365],[108.83307,-7.365]]],[[[108.8266,-7.36542],[108.82657,-7.36542],[108.82662,-7.36532],[108.82665,-7.36528],[108.8266,-7.36542]]],[[[108.82765,-7.36226],[108.82765,-7.36271],[108.82719,-7.36271],[108.82719,-7.36226],[108.82765,-7.36226]]],[[[108.82539,-7.3618],[108.82539,-7.36225],[108.82494,-7.36225],[108.82494,-7.3618],[108.82539,-7.3618]]],[[[108.8263,-7.36135],[108.8263,-7.3618],[108.82584,-7.3618],[108.82584,-7.36135],[108.8263,-7.36135]]],[[[108.82948,-7.36001],[108.82948,-7.36046],[108.82902,-7.36046],[108.82902,-7.36001],[108.82948,-7.36001]]],[[[108.82586,-7.35909],[108.82586,-7.35864],[108.82631,-7.35864],[108.82632,-7.35864],[108.82677,-7.35864],[108.82677,-7.35909],[108.82677,-7.35955],[108.82676,-7.35955],[108.82676,-7.35999],[108.82676,-7.36],[108.82676,-7.36045],[108.8263,-7.36045],[108.8263,-7.36],[108.82585,-7.36],[108.82585,-7.35999],[108.82585,-7.35954],[108.82585,-7.35909],[108.82586,-7.35909]]],[[[108.82993,-7.35911],[108.82993,-7.35956],[108.82948,-7.35956],[108.82947,-7.35956],[108.82947,-7.35911],[108.82948,-7.35911],[108.82993,-7.35911]]],[[[108.82677,-7.35684],[108.82677,-7.35683],[108.82677,-7.35639],[108.82677,-7.35638],[108.82677,-7.35593],[108.82722,-7.35593],[108.82723,-7.35593],[108.82723,-7.35548],[108.82769,-7.35548],[108.82769,-7.35594],[108.82768,-7.35594],[108.82768,-7.35639],[108.82723,-7.35639],[108.82723,-7.35683],[108.82723,-7.35684],[108.82723,-7.35729],[108.82768,-7.35729],[108.82768,-7.35774],[108.82723,-7.35774],[108.82723,-7.35819],[108.82722,-7.35819],[108.82678,-7.35819],[108.82677,-7.35819],[108.82632,-7.35819],[108.82632,-7.35774],[108.82632,-7.35728],[108.82677,-7.35728],[108.82677,-7.35684]]],[[[108.82542,-7.35638],[108.82587,-7.35638],[108.82588,-7.35638],[108.82588,-7.35683],[108.82587,-7.35683],[108.82542,-7.35683],[108.82542,-7.35665],[108.82542,-7.35664],[108.82542,-7.35638]]],[[[108.82904,-7.35594],[108.82904,-7.35639],[108.82858,-7.35639],[108.82858,-7.35594],[108.82904,-7.35594]]],[[[108.82996,-7.35504],[108.82996,-7.35549],[108.82996,-7.3555],[108.8295,-7.3555],[108.8295,-7.35549],[108.8295,-7.35504],[108.82996,-7.35504]]],[[[108.82815,-7.35413],[108.82815,-7.35458],[108.82769,-7.35458],[108.82769,-7.35413],[108.82815,-7.35413]]],[[[108.82996,-7.35369],[108.82996,-7.35414],[108.82951,-7.35414],[108.82951,-7.35369],[108.82996,-7.35369]]],[[[108.82951,-7.35323],[108.82951,-7.35369],[108.82906,-7.35369],[108.82906,-7.35413],[108.82906,-7.35414],[108.8286,-7.35414],[108.8286,-7.35413],[108.8286,-7.35368],[108.8286,-7.35323],[108.8286,-7.35278],[108.8286,-7.35233],[108.8286,-7.35187],[108.82861,-7.35187],[108.82906,-7.35187],[108.82906,-7.35143],[108.82906,-7.35142],[108.82906,-7.35098],[108.82906,-7.35097],[108.82906,-7.35052],[108.82952,-7.35052],[108.82952,-7.35007],[108.82907,-7.35007],[108.82907,-7.34962],[108.82953,-7.34962],[108.82953,-7.35007],[108.82997,-7.35007],[108.82998,-7.35007],[108.83043,-7.35007],[108.83043,-7.35052],[108.83043,-7.35053],[108.83043,-7.35098],[108.83042,-7.35098],[108.83042,-7.35143],[108.83087,-7.35143],[108.83088,-7.35143],[108.83133,-7.35143],[108.83133,-7.35188],[108.83133,-7.35189],[108.83177,-7.35189],[108.83177,-7.35144],[108.83223,-7.35144],[108.83268,-7.35144],[108.83268,-7.35099],[108.83314,-7.35099],[108.83359,-7.35099],[108.83359,-7.35054],[108.83404,-7.35054],[108.83404,-7.3501],[108.83404,-7.35009],[108.8336,-7.35009],[108.83359,-7.35009],[108.83359,-7.34964],[108.83315,-7.34964],[108.83315,-7.35009],[108.83315,-7.35054],[108.83314,-7.35054],[108.83269,-7.35054],[108.83269,-7.35009],[108.83269,-7.34964],[108.83269,-7.34963],[108.83314,-7.34963],[108.83314,-7.34919],[108.83314,-7.34918],[108.83315,-7.34918],[108.8336,-7.34918],[108.8336,-7.34919],[108.8336,-7.34964],[108.83404,-7.34964],[108.83405,-7.34964],[108.8345,-7.34964],[108.8345,-7.35009],[108.8345,-7.3501],[108.8345,-7.35037],[108.83432,-7.35037],[108.83432,-7.35055],[108.83431,-7.35055],[108.83405,-7.35055],[108.83405,-7.35099],[108.83405,-7.351],[108.83405,-7.35145],[108.8336,-7.35145],[108.83359,-7.35145],[108.83314,-7.35145],[108.83314,-7.35189],[108.83314,-7.3519],[108.83314,-7.35235],[108.83359,-7.35235],[108.83359,-7.3528],[108.83313,-7.3528],[108.83313,-7.35235],[108.83268,-7.35235],[108.83268,-7.3519],[108.83268,-7.35189],[108.83223,-7.35189],[108.83223,-7.35234],[108.83178,-7.35234],[108.83177,-7.35234],[108.83133,-7.35234],[108.83132,-7.35234],[108.83087,-7.35234],[108.83042,-7.35234],[108.83041,-7.35234],[108.82996,-7.35234],[108.82996,-7.35233],[108.82996,-7.35188],[108.82996,-7.35143],[108.82996,-7.35098],[108.82997,-7.35098],[108.82997,-7.35053],[108.82952,-7.35053],[108.82952,-7.35097],[108.82952,-7.35098],[108.82952,-7.35142],[108.82952,-7.35143],[108.82952,-7.35188],[108.82906,-7.35188],[108.82906,-7.35233],[108.82906,-7.35278],[108.82906,-7.35323],[108.82951,-7.35323]]],[[[108.83041,-7.35324],[108.83041,-7.35369],[108.82996,-7.35369],[108.82996,-7.35324],[108.83041,-7.35324]]],[[[108.82771,-7.35187],[108.82771,-7.35232],[108.82725,-7.35232],[108.82725,-7.35187],[108.82771,-7.35187]]],[[[108.82908,-7.34871],[108.82908,-7.34917],[108.82862,-7.34917],[108.82862,-7.34871],[108.82908,-7.34871]]],[[[108.82728,-7.34735],[108.82728,-7.3478],[108.82682,-7.3478],[108.82682,-7.34735],[108.82728,-7.34735]]],[[[108.82728,-7.34644],[108.82728,-7.3469],[108.82682,-7.3469],[108.82682,-7.34644],[108.82728,-7.34644]]],[[[108.82819,-7.346],[108.82819,-7.34645],[108.82773,-7.34645],[108.82773,-7.346],[108.82819,-7.346]]],[[[108.83136,-7.34556],[108.83136,-7.34601],[108.83181,-7.34601],[108.83181,-7.34647],[108.83225,-7.34647],[108.83226,-7.34647],[108.83271,-7.34647],[108.83271,-7.3468],[108.83271,-7.34692],[108.83226,-7.34692],[108.83225,-7.34692],[108.83225,-7.34737],[108.8327,-7.34737],[108.8327,-7.34783],[108.83315,-7.34783],[108.83361,-7.34783],[108.83361,-7.34828],[108.83315,-7.34828],[108.83315,-7.34873],[108.8327,-7.34873],[108.83269,-7.34873],[108.83269,-7.34828],[108.83269,-7.34783],[108.83225,-7.34783],[108.83224,-7.34783],[108.83179,-7.34783],[108.83179,-7.34737],[108.83134,-7.34737],[108.83134,-7.34692],[108.83134,-7.34665],[108.83134,-7.34647],[108.83135,-7.34647],[108.83135,-7.34601],[108.8309,-7.34601],[108.8309,-7.34556],[108.8309,-7.34511],[108.83136,-7.34511],[108.83136,-7.34556]]],[[[108.83047,-7.34285],[108.83047,-7.3433],[108.83091,-7.3433],[108.83091,-7.34285],[108.83137,-7.34285],[108.83137,-7.3433],[108.83092,-7.3433],[108.83092,-7.34375],[108.83091,-7.34375],[108.83091,-7.3442],[108.83091,-7.34421],[108.83091,-7.34466],[108.83045,-7.34466],[108.83045,-7.34421],[108.83045,-7.3442],[108.83045,-7.34375],[108.83,-7.34375],[108.83,-7.3433],[108.82955,-7.3433],[108.82955,-7.34284],[108.83001,-7.34284],[108.83047,-7.34284],[108.83047,-7.34285]]],[[[108.82593,-7.34283],[108.82593,-7.34282],[108.82594,-7.34282],[108.82639,-7.34282],[108.82639,-7.34283],[108.82639,-7.34328],[108.82594,-7.34328],[108.82593,-7.34328],[108.82593,-7.34283]]],[[[108.82734,-7.33425],[108.82734,-7.3347],[108.82688,-7.3347],[108.82688,-7.33425],[108.82734,-7.33425]]],[[[108.826,-7.33063],[108.826,-7.33108],[108.82554,-7.33108],[108.82554,-7.33063],[108.82554,-7.33062],[108.826,-7.33062],[108.826,-7.33063]]],[[[108.82645,-7.32972],[108.82645,-7.33018],[108.826,-7.33018],[108.826,-7.32972],[108.82645,-7.32972]]],[[[108.82555,-7.32837],[108.82555,-7.32791],[108.82601,-7.32791],[108.82601,-7.32747],[108.82601,-7.32746],[108.82647,-7.32746],[108.82647,-7.32747],[108.82647,-7.32792],[108.82601,-7.32792],[108.82601,-7.32837],[108.82555,-7.32837]]],[[[108.8251,-7.32791],[108.8251,-7.32836],[108.82465,-7.32836],[108.82465,-7.32791],[108.8251,-7.32791]]],[[[108.82649,-7.32159],[108.82649,-7.32204],[108.82649,-7.32205],[108.82603,-7.32205],[108.82603,-7.32204],[108.82603,-7.32159],[108.82649,-7.32159]]],[[[108.82704,-7.30217],[108.82704,-7.30262],[108.82658,-7.30262],[108.82658,-7.30217],[108.82704,-7.30217]]],[[[108.82841,-7.29901],[108.82841,-7.29856],[108.82842,-7.29856],[108.82887,-7.29856],[108.82887,-7.29901],[108.82887,-7.29902],[108.82842,-7.29902],[108.82841,-7.29902],[108.82841,-7.29901]]],[[[108.83114,-7.29722],[108.83114,-7.29677],[108.8316,-7.29677],[108.8316,-7.29682],[108.8316,-7.29695],[108.8316,-7.29722],[108.83145,-7.29722],[108.83139,-7.29722],[108.83114,-7.29722]]],[[[108.82888,-7.2954],[108.82888,-7.29495],[108.82934,-7.29495],[108.82934,-7.2954],[108.82934,-7.29585],[108.82934,-7.29586],[108.82888,-7.29586],[108.82888,-7.29585],[108.82888,-7.2954]]],[[[108.82843,-7.29495],[108.82843,-7.2954],[108.82797,-7.2954],[108.82797,-7.29495],[108.82797,-7.29494],[108.82843,-7.29494],[108.82843,-7.29495]]],[[[108.83096,-7.29405],[108.83115,-7.29405],[108.83115,-7.29436],[108.83115,-7.29451],[108.8307,-7.29451],[108.83025,-7.29451],[108.83025,-7.29405],[108.8307,-7.29405],[108.83086,-7.29405],[108.83096,-7.29405]]],[[[108.82709,-7.29268],[108.82709,-7.29313],[108.82663,-7.29313],[108.82663,-7.29268],[108.82709,-7.29268]]],[[[108.83016,-7.29225],[108.8298,-7.29225],[108.8298,-7.29224],[108.8298,-7.29179],[108.83002,-7.29179],[108.83011,-7.29179],[108.83026,-7.29179],[108.83026,-7.29224],[108.83026,-7.29225],[108.83016,-7.29225]]],[[[108.82978,-7.29044],[108.82969,-7.29044],[108.82935,-7.29044],[108.82935,-7.28998],[108.82963,-7.28998],[108.82972,-7.28998],[108.82981,-7.28998],[108.82981,-7.29044],[108.82978,-7.29044]]],[[[108.83164,-7.28818],[108.83164,-7.28864],[108.83163,-7.28864],[108.83118,-7.28864],[108.83118,-7.28818],[108.83163,-7.28818],[108.83164,-7.28818]]],[[[108.82869,-7.28456],[108.82893,-7.28456],[108.82893,-7.28478],[108.82893,-7.2849],[108.82893,-7.28501],[108.82848,-7.28501],[108.82848,-7.28481],[108.82848,-7.28471],[108.82848,-7.28456],[108.82869,-7.28456]]],[[[108.82804,-7.2832],[108.82804,-7.28365],[108.82758,-7.28365],[108.82758,-7.2832],[108.82804,-7.2832]]],[[[108.82759,-7.28184],[108.82759,-7.28229],[108.82713,-7.28229],[108.82713,-7.28184],[108.82759,-7.28184]]],[[[108.82986,-7.28095],[108.83031,-7.28095],[108.83032,-7.28095],[108.83032,-7.2814],[108.83076,-7.2814],[108.83077,-7.2814],[108.83077,-7.28186],[108.83076,-7.28186],[108.83031,-7.28186],[108.83031,-7.2814],[108.82986,-7.2814],[108.82986,-7.28095]]],[[[108.83076,-7.28096],[108.83076,-7.28095],[108.83076,-7.2805],[108.83121,-7.2805],[108.83122,-7.2805],[108.83122,-7.28095],[108.83122,-7.28096],[108.83121,-7.28096],[108.83076,-7.28096]]],[[[108.82987,-7.27824],[108.82987,-7.27869],[108.82941,-7.27869],[108.82941,-7.27824],[108.82941,-7.27823],[108.82987,-7.27823],[108.82987,-7.27824]]],[[[108.8317,-7.27463],[108.83214,-7.27463],[108.83214,-7.27418],[108.83215,-7.27418],[108.8326,-7.27418],[108.8326,-7.27374],[108.8326,-7.27373],[108.8326,-7.27328],[108.83306,-7.27328],[108.83306,-7.27373],[108.83351,-7.27373],[108.83351,-7.27374],[108.83396,-7.27374],[108.83396,-7.27329],[108.83442,-7.27329],[108.83442,-7.27374],[108.83442,-7.27419],[108.83397,-7.27419],[108.83396,-7.27419],[108.83351,-7.27419],[108.83306,-7.27419],[108.83306,-7.27464],[108.83351,-7.27464],[108.83351,-7.27509],[108.83305,-7.27509],[108.83305,-7.27554],[108.83305,-7.27599],[108.8326,-7.27599],[108.8326,-7.27554],[108.83215,-7.27554],[108.83214,-7.27554],[108.83214,-7.27509],[108.8317,-7.27509],[108.83169,-7.27509],[108.83169,-7.27508],[108.83124,-7.27508],[108.83124,-7.27463],[108.83169,-7.27463],[108.8317,-7.27463]],[[108.83215,-7.27464],[108.83215,-7.27509],[108.8326,-7.27509],[108.8326,-7.27464],[108.83215,-7.27464]]],[[[108.83126,-7.27192],[108.83126,-7.27237],[108.8308,-7.27237],[108.8308,-7.27192],[108.83126,-7.27192]]],[[[108.82719,-7.27009],[108.82719,-7.27054],[108.82674,-7.27054],[108.82674,-7.27009],[108.82719,-7.27009]]],[[[108.83127,-7.26966],[108.83127,-7.27011],[108.83081,-7.27011],[108.83081,-7.26966],[108.83127,-7.26966]]],[[[108.82946,-7.26965],[108.82946,-7.2701],[108.829,-7.2701],[108.829,-7.26965],[108.82946,-7.26965]]],[[[108.82539,-7.26963],[108.82539,-7.27008],[108.82493,-7.27008],[108.82493,-7.26963],[108.82539,-7.26963]]],[[[108.82584,-7.26918],[108.82584,-7.26963],[108.82539,-7.26963],[108.82539,-7.26918],[108.82584,-7.26918]]],[[[108.83083,-7.2674],[108.83083,-7.26785],[108.83037,-7.26785],[108.83037,-7.2674],[108.83083,-7.2674]]],[[[108.8335,-7.36906],[108.8335,-7.36952],[108.83305,-7.36952],[108.83305,-7.36906],[108.8335,-7.36906]]],[[[108.8326,-7.36816],[108.8326,-7.36861],[108.83215,-7.36861],[108.83214,-7.36861],[108.83214,-7.36816],[108.83215,-7.36816],[108.8326,-7.36816]]],[[[108.83306,-7.36725],[108.83306,-7.36771],[108.8326,-7.36771],[108.8326,-7.36725],[108.83306,-7.36725]]],[[[108.83489,-7.365],[108.83489,-7.36546],[108.83488,-7.36546],[108.83443,-7.36546],[108.83443,-7.365],[108.83488,-7.365],[108.83489,-7.365]]],[[[108.83264,-7.36048],[108.83264,-7.36093],[108.83218,-7.36093],[108.83218,-7.36048],[108.83218,-7.36047],[108.83264,-7.36047],[108.83264,-7.36048]]],[[[108.83223,-7.35279],[108.83223,-7.35325],[108.83177,-7.35325],[108.83177,-7.35279],[108.83223,-7.35279]]],[[[108.83133,-7.35008],[108.83133,-7.34963],[108.83179,-7.34963],[108.83224,-7.34963],[108.83225,-7.34963],[108.83225,-7.35008],[108.83224,-7.35008],[108.83179,-7.35008],[108.83133,-7.35008]]],[[[108.83451,-7.34874],[108.83451,-7.34919],[108.83405,-7.34919],[108.83405,-7.34874],[108.83451,-7.34874]]],[[[108.83271,-7.34602],[108.83271,-7.34557],[108.83226,-7.34557],[108.83226,-7.34512],[108.83226,-7.34511],[108.83272,-7.34511],[108.83272,-7.34512],[108.83272,-7.34557],[108.83317,-7.34557],[108.83317,-7.34602],[108.83271,-7.34602]]],[[[108.83362,-7.34422],[108.83363,-7.34422],[108.83363,-7.34377],[108.83408,-7.34377],[108.83408,-7.34422],[108.83453,-7.34422],[108.83453,-7.34467],[108.83408,-7.34467],[108.83362,-7.34467],[108.83362,-7.34422]]],[[[108.83272,-7.34466],[108.83272,-7.34467],[108.83226,-7.34467],[108.83226,-7.34466],[108.83226,-7.34421],[108.83272,-7.34421],[108.83272,-7.34466]]],[[[108.83408,-7.34196],[108.83453,-7.34196],[108.83454,-7.34196],[108.83499,-7.34196],[108.83499,-7.34151],[108.83545,-7.34151],[108.83545,-7.34107],[108.83545,-7.34106],[108.83545,-7.34061],[108.83545,-7.34016],[108.83545,-7.33971],[108.83591,-7.33971],[108.83636,-7.33971],[108.83637,-7.33971],[108.83637,-7.34017],[108.83636,-7.34017],[108.83591,-7.34017],[108.83591,-7.34061],[108.83636,-7.34061],[108.83636,-7.34107],[108.83591,-7.34107],[108.83591,-7.34152],[108.8359,-7.34152],[108.8359,-7.34197],[108.8359,-7.34242],[108.8359,-7.34287],[108.83544,-7.34287],[108.83544,-7.34332],[108.83589,-7.34332],[108.83589,-7.34377],[108.83589,-7.34378],[108.83589,-7.34423],[108.83615,-7.34423],[108.83634,-7.34423],[108.83634,-7.34468],[108.8361,-7.34468],[108.83588,-7.34468],[108.83588,-7.34423],[108.83543,-7.34423],[108.83543,-7.34378],[108.83543,-7.34377],[108.83543,-7.34332],[108.83499,-7.34332],[108.83499,-7.34377],[108.83498,-7.34377],[108.83498,-7.34422],[108.83453,-7.34422],[108.83453,-7.34377],[108.83408,-7.34377],[108.83408,-7.34332],[108.83408,-7.34287],[108.83363,-7.34287],[108.83363,-7.34286],[108.83363,-7.34241],[108.83408,-7.34241],[108.83408,-7.34196]],[[108.83544,-7.34242],[108.83499,-7.34242],[108.83499,-7.34287],[108.83544,-7.34287],[108.83544,-7.34242]]],[[[108.83317,-7.34377],[108.83317,-7.34376],[108.83272,-7.34376],[108.83272,-7.34331],[108.83317,-7.34331],[108.83318,-7.34331],[108.83363,-7.34331],[108.83363,-7.34377],[108.83318,-7.34377],[108.83317,-7.34377]]],[[[108.83228,-7.34331],[108.83228,-7.34376],[108.83182,-7.34376],[108.83182,-7.34331],[108.83182,-7.3433],[108.83228,-7.3433],[108.83228,-7.34331]]],[[[108.83364,-7.34151],[108.83364,-7.34196],[108.83318,-7.34196],[108.83318,-7.34151],[108.83318,-7.3415],[108.83364,-7.3415],[108.83364,-7.34151]]],[[[108.83341,-7.30943],[108.83379,-7.30943],[108.83379,-7.30958],[108.83341,-7.30943]]],[[[108.83243,-7.30852],[108.83244,-7.30852],[108.83289,-7.30852],[108.83289,-7.30897],[108.83289,-7.30922],[108.83243,-7.30904],[108.83243,-7.30897],[108.83243,-7.30852]]],[[[108.83337,-7.3022],[108.83337,-7.30265],[108.83292,-7.30265],[108.83292,-7.3022],[108.83337,-7.3022]]],[[[108.83383,-7.30175],[108.83383,-7.3022],[108.83337,-7.3022],[108.83337,-7.30175],[108.83383,-7.30175]]],[[[108.83293,-7.30039],[108.83293,-7.30084],[108.83247,-7.30084],[108.83247,-7.30039],[108.83293,-7.30039]]],[[[108.83475,-7.29994],[108.83475,-7.3004],[108.83429,-7.3004],[108.83429,-7.29994],[108.83475,-7.29994]]],[[[108.83384,-7.29859],[108.83429,-7.29859],[108.8343,-7.29859],[108.83475,-7.29859],[108.83475,-7.29904],[108.8343,-7.29904],[108.83429,-7.29904],[108.83384,-7.29904],[108.83384,-7.29859]]],[[[108.83205,-7.29406],[108.83205,-7.29451],[108.8316,-7.29451],[108.8316,-7.29406],[108.83205,-7.29406]]],[[[108.83212,-7.28096],[108.83257,-7.28096],[108.83257,-7.28141],[108.83212,-7.28141],[108.83211,-7.28141],[108.83211,-7.28096],[108.83167,-7.28096],[108.83166,-7.28096],[108.83166,-7.28051],[108.83166,-7.2805],[108.83167,-7.2805],[108.83212,-7.2805],[108.83212,-7.28051],[108.83212,-7.28096]]],[[[108.83439,-7.28052],[108.83439,-7.28097],[108.83393,-7.28097],[108.83393,-7.28052],[108.83439,-7.28052]]],[[[108.83439,-7.27961],[108.83439,-7.28007],[108.83393,-7.28007],[108.83393,-7.27961],[108.83439,-7.27961]]],[[[108.83349,-7.27961],[108.83349,-7.28006],[108.83303,-7.28006],[108.83303,-7.27961],[108.83349,-7.27961]]],[[[108.83213,-7.2787],[108.83213,-7.27825],[108.83258,-7.27825],[108.83259,-7.27825],[108.83303,-7.27825],[108.83304,-7.27825],[108.83349,-7.27825],[108.83394,-7.27825],[108.83394,-7.2778],[108.83395,-7.2778],[108.83395,-7.27735],[108.8344,-7.27735],[108.8344,-7.27736],[108.83485,-7.27736],[108.8353,-7.27736],[108.8353,-7.27691],[108.83575,-7.27691],[108.83575,-7.27646],[108.8353,-7.27646],[108.8353,-7.276],[108.83576,-7.276],[108.83576,-7.27556],[108.83576,-7.27555],[108.83622,-7.27555],[108.83622,-7.27556],[108.83622,-7.27601],[108.83667,-7.27601],[108.83667,-7.27646],[108.83622,-7.27646],[108.83621,-7.27646],[108.83621,-7.27691],[108.83666,-7.27691],[108.83666,-7.27736],[108.83666,-7.27737],[108.83666,-7.27782],[108.83711,-7.27782],[108.83711,-7.27827],[108.83666,-7.27827],[108.83666,-7.27872],[108.83666,-7.27917],[108.83665,-7.27917],[108.8362,-7.27917],[108.8362,-7.27872],[108.83575,-7.27872],[108.83575,-7.27827],[108.8353,-7.27827],[108.8353,-7.27826],[108.83485,-7.27826],[108.83485,-7.27871],[108.8353,-7.27871],[108.8353,-7.27917],[108.83485,-7.27917],[108.83484,-7.27917],[108.83439,-7.27917],[108.83439,-7.27916],[108.83394,-7.27916],[108.83348,-7.27916],[108.83348,-7.27871],[108.83304,-7.27871],[108.83303,-7.27871],[108.83258,-7.27871],[108.83258,-7.2787],[108.83213,-7.2787]],[[108.83395,-7.27826],[108.83395,-7.27871],[108.83439,-7.27871],[108.83439,-7.27826],[108.83395,-7.27826]],[[108.8362,-7.27737],[108.8362,-7.27736],[108.83576,-7.27736],[108.83575,-7.27736],[108.83531,-7.27736],[108.83531,-7.27781],[108.83575,-7.27781],[108.83576,-7.27781],[108.83576,-7.27827],[108.8362,-7.27827],[108.83621,-7.27827],[108.83665,-7.27827],[108.83665,-7.27782],[108.8362,-7.27782],[108.8362,-7.27737]]],[[[108.83259,-7.2769],[108.83259,-7.27689],[108.83305,-7.27689],[108.83305,-7.2769],[108.83305,-7.27722],[108.83305,-7.27735],[108.83277,-7.27735],[108.83259,-7.27735],[108.83259,-7.2769]]],[[[108.83216,-7.27192],[108.83216,-7.27238],[108.8317,-7.27238],[108.8317,-7.27192],[108.83216,-7.27192]]],[[[108.83308,-7.27102],[108.83308,-7.27148],[108.83262,-7.27148],[108.83262,-7.27102],[108.83262,-7.27057],[108.83308,-7.27057],[108.83308,-7.27102]]],[[[108.83444,-7.26922],[108.83444,-7.26967],[108.83444,-7.26968],[108.83398,-7.26968],[108.83398,-7.26967],[108.83398,-7.26922],[108.83444,-7.26922]]],[[[108.83353,-7.26922],[108.83353,-7.26967],[108.83308,-7.26967],[108.83308,-7.26922],[108.83353,-7.26922]]],[[[108.83354,-7.26786],[108.83354,-7.26832],[108.83308,-7.26832],[108.83308,-7.26786],[108.83354,-7.26786]]],[[[108.83445,-7.26651],[108.83445,-7.26696],[108.83445,-7.26697],[108.83399,-7.26697],[108.83399,-7.26696],[108.83399,-7.26651],[108.83445,-7.26651]]],[[[108.83221,-7.26334],[108.83221,-7.26379],[108.83175,-7.26379],[108.83175,-7.26334],[108.83221,-7.26334]]],[[[108.83486,-7.36907],[108.83486,-7.36862],[108.83486,-7.36817],[108.83532,-7.36817],[108.83532,-7.36862],[108.83532,-7.36907],[108.83532,-7.36908],[108.83486,-7.36908],[108.83486,-7.36907]]],[[[108.83879,-7.36858],[108.83861,-7.36864],[108.83849,-7.36864],[108.83848,-7.36864],[108.83803,-7.36864],[108.83803,-7.36818],[108.83849,-7.36818],[108.83849,-7.36819],[108.83894,-7.36819],[108.83894,-7.36856],[108.83879,-7.36858]]],[[[108.83487,-7.36681],[108.83487,-7.36636],[108.83533,-7.36636],[108.83533,-7.36681],[108.83533,-7.36682],[108.83533,-7.36727],[108.83487,-7.36727],[108.83487,-7.36682],[108.83487,-7.36681]]],[[[108.83759,-7.36547],[108.83759,-7.36592],[108.83714,-7.36592],[108.83713,-7.36592],[108.83713,-7.36547],[108.83714,-7.36547],[108.83759,-7.36547]]],[[[108.83579,-7.36501],[108.83579,-7.36546],[108.83578,-7.36546],[108.83533,-7.36546],[108.83533,-7.36501],[108.83578,-7.36501],[108.83579,-7.36501]]],[[[108.83669,-7.36411],[108.83669,-7.36366],[108.83669,-7.36321],[108.83715,-7.36321],[108.8376,-7.36321],[108.83761,-7.36321],[108.83806,-7.36321],[108.83806,-7.36367],[108.8376,-7.36367],[108.8376,-7.36366],[108.83715,-7.36366],[108.83715,-7.36411],[108.8367,-7.36411],[108.8367,-7.36456],[108.83624,-7.36456],[108.83624,-7.36411],[108.83669,-7.36411]]],[[[108.83807,-7.36231],[108.83807,-7.36276],[108.83761,-7.36276],[108.83761,-7.36231],[108.83807,-7.36231]]],[[[108.83807,-7.36095],[108.83807,-7.36096],[108.83852,-7.36096],[108.83852,-7.36141],[108.83807,-7.36141],[108.83761,-7.36141],[108.83761,-7.36095],[108.83807,-7.36095]]],[[[108.83807,-7.36005],[108.83807,-7.3596],[108.83853,-7.3596],[108.83853,-7.36005],[108.83898,-7.36005],[108.83898,-7.36051],[108.83852,-7.36051],[108.83852,-7.36005],[108.83807,-7.36005]]],[[[108.83763,-7.35869],[108.83763,-7.35915],[108.83717,-7.35915],[108.83717,-7.35869],[108.83763,-7.35869]]],[[[108.83945,-7.35735],[108.83945,-7.3578],[108.83899,-7.3578],[108.83899,-7.35825],[108.83899,-7.3587],[108.83853,-7.3587],[108.83853,-7.35825],[108.83853,-7.3578],[108.83853,-7.35779],[108.83899,-7.35779],[108.83899,-7.35735],[108.83945,-7.35735]]],[[[108.83945,-7.35644],[108.83945,-7.3569],[108.83899,-7.3569],[108.83899,-7.35644],[108.83945,-7.35644]]],[[[108.8381,-7.35508],[108.8381,-7.35463],[108.83855,-7.35463],[108.83856,-7.35463],[108.83856,-7.35508],[108.839,-7.35508],[108.83901,-7.35508],[108.83901,-7.35509],[108.83901,-7.35554],[108.83945,-7.35554],[108.83946,-7.35554],[108.83946,-7.35599],[108.83945,-7.35599],[108.83938,-7.35599],[108.839,-7.35599],[108.839,-7.35569],[108.839,-7.35554],[108.83871,-7.35554],[108.83865,-7.35554],[108.83855,-7.35554],[108.83855,-7.35509],[108.8381,-7.35509],[108.8381,-7.35508]]],[[[108.83629,-7.35507],[108.83629,-7.35553],[108.83583,-7.35553],[108.83583,-7.35507],[108.83629,-7.35507]]],[[[108.8381,-7.35418],[108.8381,-7.35373],[108.83855,-7.35373],[108.83855,-7.35328],[108.83901,-7.35328],[108.83901,-7.35373],[108.83856,-7.35373],[108.83856,-7.35418],[108.83855,-7.35418],[108.8381,-7.35418]]],[[[108.8363,-7.35281],[108.83675,-7.35281],[108.83675,-7.35282],[108.83675,-7.35327],[108.8363,-7.35327],[108.8363,-7.35282],[108.83585,-7.35282],[108.83585,-7.35236],[108.8363,-7.35236],[108.8363,-7.35281]]],[[[108.8354,-7.35236],[108.8354,-7.35281],[108.83494,-7.35281],[108.83494,-7.35236],[108.8354,-7.35236]]],[[[108.8354,-7.35145],[108.8354,-7.35191],[108.83495,-7.35191],[108.83494,-7.35191],[108.83494,-7.35145],[108.83495,-7.35145],[108.8354,-7.35145]]],[[[108.83586,-7.34965],[108.83586,-7.3501],[108.83541,-7.3501],[108.8354,-7.3501],[108.83495,-7.3501],[108.83495,-7.34965],[108.8354,-7.34965],[108.83541,-7.34965],[108.83586,-7.34965]]],[[[108.83768,-7.34921],[108.83768,-7.34966],[108.83722,-7.34966],[108.83722,-7.34921],[108.83722,-7.3492],[108.83768,-7.3492],[108.83768,-7.34921]]],[[[108.83587,-7.34829],[108.83587,-7.34875],[108.83541,-7.34875],[108.83541,-7.34829],[108.83587,-7.34829]]],[[[108.83859,-7.3474],[108.83859,-7.34786],[108.83858,-7.34786],[108.83813,-7.34786],[108.83813,-7.3474],[108.83858,-7.3474],[108.83859,-7.3474]]],[[[108.83633,-7.34604],[108.83633,-7.34649],[108.83623,-7.34649],[108.83588,-7.34649],[108.83542,-7.34649],[108.83542,-7.34603],[108.83498,-7.34603],[108.83497,-7.34603],[108.83452,-7.34603],[108.83452,-7.34558],[108.83497,-7.34558],[108.83498,-7.34558],[108.83498,-7.34513],[108.83543,-7.34513],[108.83588,-7.34513],[108.83588,-7.34558],[108.83588,-7.34603],[108.83588,-7.34604],[108.83616,-7.34604],[108.83633,-7.34604]]],[[[108.8377,-7.34334],[108.8377,-7.34288],[108.83816,-7.34288],[108.83816,-7.34334],[108.83861,-7.34334],[108.83861,-7.34379],[108.83815,-7.34379],[108.83815,-7.34334],[108.8377,-7.34334]]],[[[108.83907,-7.34243],[108.83907,-7.34289],[108.83861,-7.34289],[108.83861,-7.34243],[108.83907,-7.34243]]],[[[108.83681,-7.34197],[108.83681,-7.34243],[108.83635,-7.34243],[108.83635,-7.34241],[108.83635,-7.3424],[108.83635,-7.34197],[108.83681,-7.34197]]],[[[108.83817,-7.34108],[108.83817,-7.34153],[108.83771,-7.34153],[108.83771,-7.34108],[108.83771,-7.34107],[108.83817,-7.34107],[108.83817,-7.34108]]],[[[108.83907,-7.34108],[108.83906,-7.34108],[108.83862,-7.34108],[108.83861,-7.34108],[108.83861,-7.34063],[108.83861,-7.34033],[108.83861,-7.34018],[108.83862,-7.34018],[108.83875,-7.34018],[108.83876,-7.34018],[108.83907,-7.34018],[108.83907,-7.34063],[108.83952,-7.34063],[108.83952,-7.34108],[108.83907,-7.34108]]],[[[108.83726,-7.33972],[108.83682,-7.33972],[108.83681,-7.33972],[108.83681,-7.33926],[108.83682,-7.33926],[108.83727,-7.33926],[108.83727,-7.33927],[108.83772,-7.33927],[108.83772,-7.33972],[108.83772,-7.34017],[108.83727,-7.34017],[108.83727,-7.34062],[108.83726,-7.34062],[108.83681,-7.34062],[108.83681,-7.34017],[108.83726,-7.34017],[108.83726,-7.33972]]],[[[108.835,-7.34016],[108.835,-7.34061],[108.83454,-7.34061],[108.83454,-7.34016],[108.835,-7.34016]]],[[[108.83998,-7.33928],[108.83998,-7.33951],[108.83998,-7.33973],[108.83953,-7.33973],[108.83953,-7.34018],[108.83907,-7.34018],[108.83907,-7.33974],[108.83907,-7.33973],[108.83911,-7.33973],[108.83952,-7.33973],[108.83952,-7.33958],[108.83952,-7.33928],[108.83998,-7.33928]]],[[[108.83637,-7.33881],[108.83637,-7.33926],[108.83636,-7.33926],[108.83591,-7.33926],[108.83591,-7.33881],[108.83636,-7.33881],[108.83637,-7.33881]]],[[[108.83772,-7.33836],[108.83772,-7.33791],[108.83818,-7.33791],[108.83818,-7.33837],[108.83773,-7.33837],[108.83773,-7.33882],[108.83727,-7.33882],[108.83727,-7.33836],[108.83772,-7.33836]]],[[[108.83922,-7.31126],[108.83922,-7.31172],[108.83904,-7.31172],[108.83891,-7.31126],[108.83922,-7.31126]]],[[[108.83871,-7.31026],[108.83871,-7.31027],[108.8387,-7.31027],[108.83869,-7.31027],[108.83831,-7.31026],[108.83831,-7.31026],[108.83786,-7.31025],[108.83786,-7.3099],[108.83831,-7.3099],[108.83831,-7.30945],[108.83786,-7.30945],[108.83786,-7.309],[108.83832,-7.309],[108.83876,-7.309],[108.83877,-7.309],[108.83878,-7.309],[108.83923,-7.309],[108.83923,-7.30945],[108.83923,-7.30946],[108.83923,-7.30991],[108.83877,-7.30991],[108.83877,-7.31036],[108.83876,-7.31027],[108.83875,-7.31027],[108.83875,-7.31012],[108.83874,-7.31022],[108.83874,-7.31023],[108.83874,-7.31024],[108.83873,-7.31024],[108.83873,-7.31025],[108.83873,-7.31026],[108.83872,-7.31026],[108.83871,-7.31026]]],[[[108.83695,-7.31024],[108.83695,-7.3099],[108.83741,-7.3099],[108.83741,-7.31025],[108.83695,-7.31024]]],[[[108.83605,-7.30989],[108.83605,-7.31022],[108.8358,-7.31021],[108.83559,-7.31019],[108.83559,-7.30989],[108.83605,-7.30989]]],[[[108.83746,-7.29815],[108.83746,-7.2977],[108.83746,-7.29725],[108.83792,-7.29725],[108.83792,-7.2977],[108.83792,-7.29815],[108.83792,-7.29816],[108.83746,-7.29816],[108.83746,-7.29815]]],[[[108.83615,-7.29046],[108.83615,-7.29092],[108.83569,-7.29092],[108.83569,-7.29046],[108.83615,-7.29046]]],[[[108.83933,-7.28687],[108.83933,-7.28732],[108.83887,-7.28732],[108.83887,-7.28687],[108.83887,-7.28686],[108.83933,-7.28686],[108.83933,-7.28687]]],[[[108.838,-7.28189],[108.838,-7.28234],[108.83754,-7.28234],[108.83754,-7.28189],[108.838,-7.28189]]],[[[108.83846,-7.28008],[108.83846,-7.28054],[108.83801,-7.28054],[108.838,-7.28054],[108.838,-7.28008],[108.83801,-7.28008],[108.83846,-7.28008]]],[[[108.83938,-7.27738],[108.83983,-7.27738],[108.83983,-7.27783],[108.84028,-7.27783],[108.84074,-7.27783],[108.84074,-7.27784],[108.84118,-7.27784],[108.84118,-7.27739],[108.84164,-7.27739],[108.84164,-7.27784],[108.84119,-7.27784],[108.84119,-7.27829],[108.84074,-7.27829],[108.84073,-7.27829],[108.84028,-7.27829],[108.83982,-7.27829],[108.83982,-7.27783],[108.83938,-7.27783],[108.83937,-7.27783],[108.83893,-7.27783],[108.83892,-7.27783],[108.83847,-7.27783],[108.83847,-7.27738],[108.83847,-7.27737],[108.83847,-7.27692],[108.83892,-7.27692],[108.83893,-7.27692],[108.83938,-7.27692],[108.83938,-7.27693],[108.83938,-7.27738]]],[[[108.83758,-7.27511],[108.83758,-7.27556],[108.83758,-7.27557],[108.83712,-7.27557],[108.83712,-7.27556],[108.83712,-7.27511],[108.83758,-7.27511]]],[[[108.83577,-7.27375],[108.83577,-7.27342],[108.83577,-7.2733],[108.83587,-7.2733],[108.83623,-7.2733],[108.83623,-7.27375],[108.83577,-7.27375]]],[[[108.83669,-7.27285],[108.83669,-7.2733],[108.83623,-7.2733],[108.83623,-7.27285],[108.83669,-7.27285]]],[[[108.83714,-7.27149],[108.83714,-7.27195],[108.83669,-7.27195],[108.83668,-7.27195],[108.83668,-7.27149],[108.83669,-7.27149],[108.83714,-7.27149]]],[[[108.8385,-7.27105],[108.8385,-7.2715],[108.83804,-7.2715],[108.83804,-7.27105],[108.8385,-7.27105]]],[[[108.83443,-7.27058],[108.83443,-7.27013],[108.83488,-7.27013],[108.83489,-7.27013],[108.83489,-7.27058],[108.83489,-7.27103],[108.83488,-7.27103],[108.83443,-7.27103],[108.83443,-7.27058]]],[[[108.83707,-7.26797],[108.83716,-7.26797],[108.83716,-7.26833],[108.8367,-7.26833],[108.8367,-7.26788],[108.83689,-7.26788],[108.83689,-7.26797],[108.83707,-7.26797]]],[[[108.83672,-7.26652],[108.83672,-7.26697],[108.83672,-7.26698],[108.83626,-7.26698],[108.83626,-7.26697],[108.83626,-7.26652],[108.83672,-7.26652]]],[[[108.83899,-7.26427],[108.83899,-7.26428],[108.83853,-7.26428],[108.83853,-7.26427],[108.83853,-7.26382],[108.83899,-7.26382],[108.83899,-7.26427]]],[[[108.8421,-7.36956],[108.8421,-7.37001],[108.84164,-7.37001],[108.84164,-7.36956],[108.8421,-7.36956]]],[[[108.84029,-7.36819],[108.84029,-7.36774],[108.84075,-7.36774],[108.84075,-7.36775],[108.8412,-7.36775],[108.8412,-7.3682],[108.84075,-7.3682],[108.84074,-7.3682],[108.8403,-7.3682],[108.8403,-7.36865],[108.84003,-7.36865],[108.84002,-7.36865],[108.83984,-7.36863],[108.83984,-7.36819],[108.84029,-7.36819]]],[[[108.84077,-7.36459],[108.84077,-7.36458],[108.84077,-7.36413],[108.84122,-7.36413],[108.84123,-7.36413],[108.84123,-7.36458],[108.84123,-7.36459],[108.84122,-7.36459],[108.84077,-7.36459]]],[[[108.84531,-7.36234],[108.84531,-7.3628],[108.84485,-7.3628],[108.84485,-7.36234],[108.84531,-7.36234]]],[[[108.8435,-7.36188],[108.8435,-7.36234],[108.84304,-7.36234],[108.84304,-7.36188],[108.8435,-7.36188]]],[[[108.84621,-7.36099],[108.84663,-7.36099],[108.84666,-7.36099],[108.84667,-7.36099],[108.84667,-7.36101],[108.84667,-7.36145],[108.84666,-7.36145],[108.84621,-7.36145],[108.84621,-7.36099]]],[[[108.84306,-7.36007],[108.84306,-7.36053],[108.8426,-7.36053],[108.8426,-7.36007],[108.84306,-7.36007]]],[[[108.84215,-7.35962],[108.84215,-7.36007],[108.84169,-7.36007],[108.84169,-7.35962],[108.84215,-7.35962]]],[[[108.84035,-7.3578],[108.84035,-7.35825],[108.84035,-7.35826],[108.8408,-7.35826],[108.8408,-7.35871],[108.84125,-7.35871],[108.84125,-7.35916],[108.8408,-7.35916],[108.84079,-7.35916],[108.84034,-7.35916],[108.84034,-7.35871],[108.83989,-7.35871],[108.83989,-7.35826],[108.83989,-7.35825],[108.83989,-7.3578],[108.83989,-7.35735],[108.84035,-7.35735],[108.84035,-7.3578]]],[[[108.84488,-7.35737],[108.84488,-7.35783],[108.84442,-7.35783],[108.84442,-7.35737],[108.84488,-7.35737]]],[[[108.84081,-7.356],[108.84117,-7.356],[108.84126,-7.356],[108.84126,-7.35632],[108.84126,-7.35633],[108.84126,-7.35645],[108.841,-7.35645],[108.84081,-7.35645],[108.8408,-7.35645],[108.8408,-7.356],[108.84081,-7.356]]],[[[108.8392,-7.35292],[108.83947,-7.35292],[108.83947,-7.35328],[108.83901,-7.35328],[108.83901,-7.3531],[108.83919,-7.3531],[108.83919,-7.35292],[108.8392,-7.35292]]],[[[108.83951,-7.3447],[108.83951,-7.34515],[108.83905,-7.34515],[108.83905,-7.3447],[108.83951,-7.3447]]],[[[108.8463,-7.34382],[108.8463,-7.34428],[108.84584,-7.34428],[108.84584,-7.34382],[108.8463,-7.34382]]],[[[108.83952,-7.34153],[108.83952,-7.34199],[108.83907,-7.34199],[108.83906,-7.34199],[108.83906,-7.34153],[108.83907,-7.34153],[108.83952,-7.34153]]],[[[108.84586,-7.34111],[108.84586,-7.34157],[108.8454,-7.34157],[108.8454,-7.34111],[108.84586,-7.34111]]],[[[108.84648,-7.31582],[108.84643,-7.31582],[108.84643,-7.3158],[108.84643,-7.31536],[108.84689,-7.31536],[108.84689,-7.31582],[108.84648,-7.31582]]],[[[108.84463,-7.31265],[108.84463,-7.31264],[108.84464,-7.31264],[108.84509,-7.31264],[108.84509,-7.31265],[108.84509,-7.3131],[108.84464,-7.3131],[108.84463,-7.3131],[108.84463,-7.31265]]],[[[108.84464,-7.31129],[108.84464,-7.31174],[108.84419,-7.31174],[108.84418,-7.31174],[108.84418,-7.31129],[108.84419,-7.31129],[108.84464,-7.31129]]],[[[108.84148,-7.31127],[108.84148,-7.31173],[108.84102,-7.31173],[108.84102,-7.31127],[108.84148,-7.31127]]],[[[108.84601,-7.31084],[108.84601,-7.3113],[108.84555,-7.3113],[108.84555,-7.31084],[108.84601,-7.31084]]],[[[108.84103,-7.31037],[108.84103,-7.31082],[108.84057,-7.31082],[108.84057,-7.31037],[108.84103,-7.31037]]],[[[108.8442,-7.30948],[108.8442,-7.30903],[108.84466,-7.30903],[108.84466,-7.30948],[108.84465,-7.30948],[108.84465,-7.30993],[108.84419,-7.30993],[108.84419,-7.30948],[108.8442,-7.30948]]],[[[108.84194,-7.30947],[108.84194,-7.30992],[108.84148,-7.30992],[108.84148,-7.30947],[108.84194,-7.30947]]],[[[108.83968,-7.3081],[108.84013,-7.3081],[108.84013,-7.30855],[108.84013,-7.30856],[108.84013,-7.30901],[108.84013,-7.30946],[108.84013,-7.30991],[108.83967,-7.30991],[108.83967,-7.30946],[108.83968,-7.30946],[108.83968,-7.30901],[108.83968,-7.30856],[108.83968,-7.30855],[108.83968,-7.3081]]],[[[108.84375,-7.30902],[108.84375,-7.30948],[108.84329,-7.30948],[108.84329,-7.30902],[108.84375,-7.30902]]],[[[108.84103,-7.30811],[108.84148,-7.30811],[108.84149,-7.30811],[108.84149,-7.30766],[108.84195,-7.30766],[108.84195,-7.30811],[108.84194,-7.30811],[108.84194,-7.30856],[108.84194,-7.30857],[108.8424,-7.30857],[108.8424,-7.30902],[108.84194,-7.30902],[108.84149,-7.30902],[108.84148,-7.30902],[108.84148,-7.30947],[108.84103,-7.30947],[108.84058,-7.30947],[108.84058,-7.30946],[108.84058,-7.30901],[108.84058,-7.30856],[108.84103,-7.30856],[108.84103,-7.30811]]],[[[108.84285,-7.30767],[108.84285,-7.30812],[108.84239,-7.30812],[108.84239,-7.30766],[108.8424,-7.30766],[108.8424,-7.30721],[108.84285,-7.30721],[108.84286,-7.30721],[108.84331,-7.30721],[108.84331,-7.30722],[108.84331,-7.30767],[108.84286,-7.30767],[108.84285,-7.30767]]],[[[108.83968,-7.3072],[108.83968,-7.30675],[108.84013,-7.30675],[108.84014,-7.30675],[108.84059,-7.30675],[108.84059,-7.3072],[108.84014,-7.3072],[108.84014,-7.30765],[108.83968,-7.30765],[108.83968,-7.3072]]],[[[108.84285,-7.30676],[108.8424,-7.30676],[108.8424,-7.30631],[108.84285,-7.30631],[108.84286,-7.30631],[108.84331,-7.30631],[108.84331,-7.30676],[108.84331,-7.30677],[108.84285,-7.30677],[108.84285,-7.30676]]],[[[108.8415,-7.3063],[108.8415,-7.30676],[108.84104,-7.30676],[108.84104,-7.3063],[108.8415,-7.3063]]],[[[108.84422,-7.30586],[108.84422,-7.30632],[108.84376,-7.30632],[108.84376,-7.30586],[108.84422,-7.30586]]],[[[108.84331,-7.30496],[108.84332,-7.30496],[108.84377,-7.30496],[108.84377,-7.30541],[108.84332,-7.30541],[108.84332,-7.30586],[108.84331,-7.30586],[108.84287,-7.30586],[108.84286,-7.30586],[108.84241,-7.30586],[108.84241,-7.30541],[108.84241,-7.3054],[108.84241,-7.30495],[108.84286,-7.30495],[108.84287,-7.30495],[108.84287,-7.30496],[108.84331,-7.30496]]],[[[108.8415,-7.30495],[108.84196,-7.30495],[108.84196,-7.3054],[108.84196,-7.30585],[108.84196,-7.30586],[108.8415,-7.30586],[108.8415,-7.30585],[108.8415,-7.3054],[108.8415,-7.30495]]],[[[108.84106,-7.30449],[108.84106,-7.30494],[108.84106,-7.30495],[108.84106,-7.3054],[108.8406,-7.3054],[108.8406,-7.30495],[108.8406,-7.30494],[108.8406,-7.30449],[108.84015,-7.30449],[108.84015,-7.30422],[108.84015,-7.30404],[108.84024,-7.30404],[108.84061,-7.30404],[108.84061,-7.30449],[108.84106,-7.30449]]],[[[108.84603,-7.30452],[108.84603,-7.30497],[108.84557,-7.30497],[108.84557,-7.30452],[108.84603,-7.30452]]],[[[108.84242,-7.30314],[108.84242,-7.3036],[108.84196,-7.3036],[108.84196,-7.30314],[108.84242,-7.30314]]],[[[108.84514,-7.3027],[108.84514,-7.30316],[108.84468,-7.30316],[108.84468,-7.3027],[108.84514,-7.3027]]],[[[108.84243,-7.30044],[108.84243,-7.29998],[108.84289,-7.29998],[108.84289,-7.30044],[108.84334,-7.30044],[108.84334,-7.30089],[108.84288,-7.30089],[108.84288,-7.30044],[108.84243,-7.30044]]],[[[108.84108,-7.29817],[108.84109,-7.29817],[108.84109,-7.29772],[108.84064,-7.29772],[108.84064,-7.29727],[108.84019,-7.29727],[108.84019,-7.29726],[108.84019,-7.29681],[108.83974,-7.29681],[108.83974,-7.29636],[108.84019,-7.29636],[108.8402,-7.29636],[108.8402,-7.29681],[108.84064,-7.29681],[108.84065,-7.29681],[108.84109,-7.29681],[108.84109,-7.29652],[108.84109,-7.29636],[108.84102,-7.29636],[108.84064,-7.29636],[108.84064,-7.29591],[108.841,-7.29591],[108.84101,-7.29591],[108.8411,-7.29591],[108.8411,-7.29636],[108.84154,-7.29636],[108.84155,-7.29636],[108.84155,-7.29681],[108.84155,-7.29682],[108.84155,-7.29727],[108.84155,-7.29772],[108.84155,-7.29817],[108.84199,-7.29817],[108.842,-7.29817],[108.84245,-7.29817],[108.84245,-7.29863],[108.842,-7.29863],[108.84199,-7.29863],[108.84199,-7.29908],[108.84244,-7.29908],[108.84244,-7.29953],[108.84212,-7.29953],[108.84198,-7.29953],[108.84198,-7.29908],[108.84154,-7.29908],[108.84153,-7.29908],[108.84108,-7.29908],[108.84108,-7.29862],[108.84108,-7.29817]]],[[[108.84335,-7.29773],[108.84335,-7.29818],[108.8429,-7.29818],[108.84289,-7.29818],[108.84289,-7.29773],[108.8429,-7.29773],[108.84335,-7.29773]]],[[[108.84019,-7.29771],[108.84019,-7.29817],[108.83973,-7.29817],[108.83973,-7.29771],[108.84019,-7.29771]]],[[[108.84743,-7.29729],[108.84743,-7.2973],[108.84743,-7.29775],[108.84698,-7.29775],[108.84697,-7.29775],[108.84652,-7.29775],[108.84652,-7.2973],[108.84652,-7.29729],[108.84652,-7.29684],[108.84698,-7.29684],[108.84698,-7.29729],[108.84743,-7.29729]]],[[[108.84562,-7.29684],[108.84562,-7.29638],[108.84607,-7.29638],[108.84607,-7.29594],[108.84607,-7.29593],[108.84653,-7.29593],[108.84653,-7.29594],[108.84653,-7.29639],[108.84608,-7.29639],[108.84608,-7.29684],[108.84562,-7.29684]]],[[[108.84155,-7.29546],[108.84149,-7.29546],[108.8411,-7.29546],[108.84109,-7.29546],[108.84109,-7.29501],[108.8411,-7.29501],[108.84155,-7.29501],[108.84155,-7.29543],[108.84155,-7.29546]]],[[[108.84337,-7.29502],[108.84382,-7.29502],[108.84382,-7.29547],[108.84337,-7.29547],[108.84336,-7.29547],[108.84291,-7.29547],[108.84291,-7.29502],[108.84336,-7.29502],[108.84337,-7.29502]]],[[[108.84201,-7.29456],[108.84201,-7.29501],[108.84155,-7.29501],[108.84155,-7.29456],[108.84201,-7.29456]]],[[[108.84476,-7.28825],[108.84476,-7.2887],[108.8443,-7.2887],[108.8443,-7.28825],[108.84476,-7.28825]]],[[[108.84209,-7.27919],[108.84209,-7.2792],[108.84184,-7.2792],[108.84163,-7.2792],[108.84163,-7.27875],[108.84209,-7.27875],[108.84209,-7.27919]]],[[[108.84164,-7.27468],[108.8421,-7.27468],[108.8421,-7.27513],[108.8421,-7.27558],[108.84255,-7.27558],[108.84255,-7.27559],[108.84255,-7.27604],[108.84209,-7.27604],[108.84209,-7.27559],[108.84164,-7.27559],[108.84164,-7.27513],[108.84164,-7.27468]]],[[[108.84303,-7.27062],[108.84303,-7.27107],[108.84258,-7.27107],[108.84257,-7.27107],[108.84212,-7.27107],[108.84212,-7.27062],[108.84212,-7.27061],[108.84212,-7.27016],[108.84257,-7.27016],[108.84258,-7.27016],[108.84258,-7.27017],[108.84303,-7.27017],[108.84303,-7.27062]]],[[[108.84077,-7.26926],[108.84077,-7.2688],[108.84123,-7.2688],[108.84123,-7.26926],[108.84167,-7.26926],[108.84168,-7.26926],[108.84213,-7.26926],[108.84213,-7.26971],[108.84168,-7.26971],[108.84168,-7.27016],[108.84167,-7.27016],[108.84122,-7.27016],[108.84122,-7.26971],[108.84122,-7.26926],[108.84077,-7.26926]]],[[[108.84124,-7.26672],[108.84124,-7.267],[108.84078,-7.267],[108.84078,-7.2669],[108.84105,-7.2669],[108.84105,-7.26672],[108.84106,-7.26672],[108.84124,-7.26672]]],[[[108.84144,-7.26293],[108.84162,-7.26293],[108.84171,-7.26293],[108.84171,-7.26338],[108.84171,-7.26339],[108.84125,-7.26339],[108.84125,-7.26338],[108.84125,-7.26311],[108.84144,-7.26311],[108.84144,-7.26293]]],[[[108.839,-7.26202],[108.839,-7.26201],[108.83945,-7.26201],[108.83945,-7.26202],[108.83946,-7.26202],[108.83946,-7.26247],[108.83945,-7.26247],[108.839,-7.26247],[108.839,-7.26202]]],[[[108.84379,-7.26132],[108.84362,-7.26132],[108.84362,-7.26113],[108.84398,-7.26113],[108.84398,-7.26132],[108.84379,-7.26132]]],[[[108.85159,-7.37322],[108.85114,-7.37322],[108.85113,-7.37322],[108.85113,-7.37277],[108.85068,-7.37277],[108.85068,-7.37276],[108.85068,-7.37231],[108.85114,-7.37231],[108.85114,-7.37276],[108.85159,-7.37276],[108.85159,-7.37277],[108.85159,-7.37286],[108.85159,-7.37322]]],[[[108.84753,-7.36868],[108.84753,-7.36913],[108.84708,-7.36913],[108.84708,-7.36868],[108.84753,-7.36868]]],[[[108.84847,-7.36417],[108.84847,-7.36462],[108.84846,-7.36462],[108.84801,-7.36462],[108.84801,-7.36417],[108.84846,-7.36417],[108.84847,-7.36417]]],[[[108.85072,-7.36418],[108.85072,-7.36373],[108.85091,-7.36373],[108.85091,-7.364],[108.85108,-7.364],[108.85108,-7.36418],[108.85072,-7.36418]]],[[[108.84891,-7.36372],[108.84891,-7.36327],[108.84891,-7.36282],[108.84847,-7.36282],[108.84846,-7.36282],[108.84846,-7.36281],[108.84846,-7.36236],[108.84847,-7.36236],[108.84892,-7.36236],[108.84938,-7.36236],[108.84938,-7.36282],[108.84937,-7.36282],[108.84937,-7.36327],[108.84982,-7.36327],[108.84982,-7.36372],[108.84937,-7.36372],[108.84937,-7.36417],[108.84892,-7.36417],[108.84891,-7.36417],[108.84891,-7.36372]]],[[[108.85481,-7.36284],[108.8548,-7.36284],[108.85435,-7.36284],[108.85435,-7.36239],[108.8548,-7.36239],[108.8548,-7.36194],[108.85481,-7.36194],[108.85525,-7.36194],[108.85526,-7.36194],[108.85571,-7.36194],[108.85571,-7.36239],[108.85571,-7.3624],[108.85571,-7.36285],[108.85615,-7.36285],[108.85616,-7.36285],[108.85616,-7.3624],[108.85661,-7.3624],[108.85662,-7.3624],[108.85707,-7.3624],[108.85707,-7.36195],[108.85707,-7.3615],[108.85662,-7.3615],[108.85662,-7.36105],[108.85662,-7.36104],[108.85662,-7.3606],[108.85662,-7.36059],[108.85662,-7.36014],[108.85708,-7.36014],[108.85754,-7.36014],[108.85754,-7.36015],[108.85798,-7.36015],[108.85799,-7.36015],[108.85844,-7.36015],[108.85889,-7.36015],[108.8589,-7.36015],[108.85934,-7.36015],[108.85934,-7.3597],[108.8598,-7.3597],[108.8598,-7.36016],[108.86025,-7.36016],[108.86025,-7.36061],[108.8607,-7.36061],[108.8607,-7.36106],[108.86025,-7.36106],[108.86024,-7.36106],[108.85979,-7.36106],[108.85979,-7.36061],[108.85979,-7.36016],[108.85935,-7.36016],[108.85935,-7.36061],[108.85934,-7.36061],[108.85889,-7.36061],[108.85889,-7.3606],[108.85844,-7.3606],[108.85799,-7.3606],[108.85799,-7.36105],[108.85843,-7.36105],[108.85844,-7.36105],[108.85889,-7.36105],[108.85889,-7.36106],[108.85934,-7.36106],[108.85934,-7.36151],[108.85906,-7.36151],[108.85906,-7.36196],[108.85889,-7.36196],[108.85888,-7.36196],[108.85888,-7.36241],[108.85888,-7.36256],[108.85888,-7.36284],[108.85888,-7.36286],[108.85889,-7.36286],[108.85904,-7.36286],[108.85906,-7.36286],[108.85906,-7.36289],[108.85906,-7.36295],[108.8591,-7.36295],[108.85916,-7.36295],[108.85924,-7.36295],[108.85924,-7.36302],[108.85924,-7.36314],[108.85933,-7.36314],[108.8596,-7.36314],[108.8596,-7.36287],[108.8596,-7.36286],[108.85979,-7.36286],[108.85979,-7.36287],[108.85979,-7.36332],[108.85933,-7.36332],[108.85933,-7.36333],[108.85933,-7.36353],[108.85933,-7.36377],[108.85949,-7.36377],[108.85952,-7.36377],[108.85959,-7.36377],[108.85977,-7.36377],[108.85978,-7.36377],[108.86023,-7.36377],[108.86023,-7.3635],[108.86023,-7.36332],[108.86068,-7.36332],[108.86069,-7.36332],[108.86114,-7.36332],[108.86114,-7.36333],[108.86129,-7.36333],[108.8616,-7.36333],[108.8616,-7.36378],[108.86114,-7.36378],[108.86114,-7.36423],[108.86068,-7.36423],[108.86068,-7.36378],[108.86023,-7.36378],[108.86023,-7.36422],[108.86023,-7.36423],[108.85977,-7.36423],[108.85977,-7.36422],[108.85933,-7.36422],[108.85932,-7.36422],[108.85891,-7.36422],[108.85887,-7.36422],[108.85841,-7.36422],[108.85841,-7.36376],[108.85842,-7.36376],[108.85842,-7.36332],[108.85842,-7.36331],[108.85797,-7.36331],[108.85797,-7.36286],[108.85763,-7.36286],[108.85755,-7.36286],[108.85752,-7.36286],[108.85752,-7.36241],[108.85707,-7.36241],[108.85707,-7.36285],[108.85662,-7.36285],[108.85661,-7.36285],[108.85661,-7.3633],[108.85616,-7.3633],[108.85615,-7.3633],[108.85571,-7.3633],[108.8557,-7.3633],[108.8557,-7.36285],[108.85526,-7.36285],[108.85525,-7.36285],[108.85525,-7.3624],[108.85525,-7.36239],[108.85481,-7.36239],[108.85481,-7.36284]]],[[[108.85118,-7.36283],[108.85118,-7.36238],[108.85118,-7.36237],[108.85118,-7.36192],[108.85074,-7.36192],[108.85073,-7.36192],[108.85029,-7.36192],[108.85028,-7.36192],[108.85001,-7.36192],[108.85001,-7.36183],[108.84983,-7.36183],[108.84983,-7.36146],[108.85028,-7.36146],[108.85028,-7.36102],[108.84983,-7.36102],[108.84983,-7.36101],[108.84983,-7.36081],[108.84983,-7.36056],[108.84938,-7.36056],[108.84938,-7.36011],[108.84984,-7.36011],[108.84984,-7.35966],[108.84984,-7.35921],[108.84939,-7.35921],[108.84939,-7.3592],[108.84939,-7.35875],[108.84985,-7.35875],[108.84985,-7.3583],[108.84985,-7.35785],[108.8503,-7.35785],[108.8503,-7.3583],[108.8503,-7.35876],[108.85075,-7.35876],[108.85075,-7.35831],[108.85075,-7.35786],[108.85075,-7.35785],[108.85075,-7.35741],[108.85075,-7.3574],[108.8503,-7.3574],[108.8503,-7.35695],[108.84985,-7.35695],[108.84985,-7.35649],[108.85031,-7.35649],[108.85031,-7.35695],[108.85075,-7.35695],[108.85076,-7.35695],[108.85121,-7.35695],[108.85121,-7.3574],[108.85166,-7.3574],[108.85166,-7.35741],[108.85211,-7.35741],[108.85212,-7.35741],[108.85257,-7.35741],[108.85257,-7.35786],[108.85284,-7.35786],[108.85285,-7.35786],[108.85301,-7.35786],[108.85302,-7.35786],[108.85347,-7.35786],[108.85347,-7.35787],[108.85392,-7.35787],[108.85393,-7.35787],[108.85438,-7.35787],[108.85438,-7.35832],[108.85438,-7.35877],[108.85483,-7.35877],[108.85483,-7.35878],[108.85483,-7.35923],[108.85527,-7.35923],[108.85527,-7.35878],[108.85527,-7.35833],[108.85528,-7.35833],[108.85528,-7.35788],[108.85573,-7.35788],[108.85574,-7.35788],[108.85619,-7.35788],[108.85619,-7.35833],[108.85619,-7.35878],[108.85573,-7.35878],[108.85573,-7.35923],[108.85528,-7.35923],[108.85528,-7.35968],[108.85527,-7.35968],[108.85527,-7.36013],[108.85527,-7.36014],[108.85527,-7.36059],[108.85481,-7.36059],[108.85481,-7.36014],[108.85481,-7.36013],[108.85481,-7.35968],[108.85482,-7.35968],[108.85482,-7.35923],[108.85437,-7.35923],[108.85437,-7.35878],[108.85392,-7.35878],[108.85392,-7.35922],[108.85392,-7.35923],[108.85392,-7.35968],[108.85391,-7.35968],[108.85391,-7.36013],[108.85436,-7.36013],[108.85436,-7.36058],[108.85436,-7.36103],[108.85436,-7.36148],[108.85436,-7.36149],[108.85436,-7.36194],[108.8539,-7.36194],[108.8539,-7.36149],[108.8539,-7.36148],[108.8539,-7.36103],[108.85345,-7.36103],[108.85345,-7.36058],[108.853,-7.36058],[108.853,-7.36013],[108.853,-7.36012],[108.853,-7.35967],[108.853,-7.35922],[108.85268,-7.35922],[108.85267,-7.35922],[108.85256,-7.35922],[108.85256,-7.35936],[108.85256,-7.35967],[108.85256,-7.36012],[108.85255,-7.36012],[108.8521,-7.36012],[108.8521,-7.35967],[108.85197,-7.35967],[108.85165,-7.35967],[108.85165,-7.35979],[108.85165,-7.36012],[108.8512,-7.36012],[108.8512,-7.36056],[108.8512,-7.36057],[108.85165,-7.36057],[108.85165,-7.36102],[108.8512,-7.36102],[108.8512,-7.36147],[108.85119,-7.36147],[108.85119,-7.36192],[108.85164,-7.36192],[108.85164,-7.36237],[108.85164,-7.36238],[108.85209,-7.36238],[108.85209,-7.36283],[108.85164,-7.36283],[108.85164,-7.36328],[108.85145,-7.36328],[108.85127,-7.36328],[108.85118,-7.36328],[108.85118,-7.36283]],[[108.84985,-7.35876],[108.84985,-7.3592],[108.8503,-7.3592],[108.8503,-7.35876],[108.84985,-7.35876]],[[108.85301,-7.35877],[108.85301,-7.35922],[108.85346,-7.35922],[108.85346,-7.35877],[108.85302,-7.35877],[108.85301,-7.35877]],[[108.85075,-7.35966],[108.85075,-7.35921],[108.8503,-7.35921],[108.8503,-7.35966],[108.85074,-7.35966],[108.85075,-7.35966]],[[108.85211,-7.35831],[108.85211,-7.35786],[108.85166,-7.35786],[108.85166,-7.35831],[108.8521,-7.35831],[108.85211,-7.35831]]],[[[108.84757,-7.36281],[108.84757,-7.36326],[108.84756,-7.36326],[108.84711,-7.36326],[108.84711,-7.36281],[108.84756,-7.36281],[108.84757,-7.36281]]],[[[108.85301,-7.36148],[108.85301,-7.36193],[108.853,-7.36193],[108.85255,-7.36193],[108.85255,-7.36148],[108.853,-7.36148],[108.85301,-7.36148]]],[[[108.85617,-7.36059],[108.85617,-7.36104],[108.85571,-7.36104],[108.85571,-7.36059],[108.85572,-7.36059],[108.85572,-7.36014],[108.85618,-7.36014],[108.85618,-7.36059],[108.85617,-7.36059]]],[[[108.8521,-7.36103],[108.8521,-7.36102],[108.8521,-7.36057],[108.85255,-7.36057],[108.85256,-7.36057],[108.85256,-7.36102],[108.85256,-7.36103],[108.85255,-7.36103],[108.8521,-7.36103]]],[[[108.84894,-7.35965],[108.84894,-7.3601],[108.84848,-7.3601],[108.84848,-7.35965],[108.84894,-7.35965]]],[[[108.84804,-7.35919],[108.84804,-7.35965],[108.84758,-7.35965],[108.84758,-7.35919],[108.84804,-7.35919]]],[[[108.85709,-7.35879],[108.85754,-7.35879],[108.85799,-7.35879],[108.85844,-7.35879],[108.85844,-7.35925],[108.85799,-7.35925],[108.85799,-7.35924],[108.85754,-7.35924],[108.85754,-7.35969],[108.85708,-7.35969],[108.85708,-7.35924],[108.85663,-7.35924],[108.85663,-7.35879],[108.85708,-7.35879],[108.85709,-7.35879]]],[[[108.84804,-7.35874],[108.84804,-7.35875],[108.84758,-7.35875],[108.84758,-7.35874],[108.84758,-7.35829],[108.84804,-7.35829],[108.84804,-7.35874]]],[[[108.85619,-7.35652],[108.85619,-7.35698],[108.85574,-7.35698],[108.85574,-7.35652],[108.85619,-7.35652]]],[[[108.85302,-7.35606],[108.85348,-7.35606],[108.85348,-7.35637],[108.85348,-7.35651],[108.8534,-7.35651],[108.85302,-7.35651],[108.85302,-7.35606]]],[[[108.8481,-7.34519],[108.8481,-7.34564],[108.84764,-7.34564],[108.84764,-7.34519],[108.8481,-7.34519]]],[[[108.84963,-7.31041],[108.84963,-7.31086],[108.84962,-7.31086],[108.84917,-7.31086],[108.84917,-7.31041],[108.84962,-7.31041],[108.84963,-7.31041]]],[[[108.85101,-7.30364],[108.85101,-7.30409],[108.85056,-7.30409],[108.85055,-7.30409],[108.85055,-7.30364],[108.85056,-7.30364],[108.85101,-7.30364]]],[[[108.84786,-7.30272],[108.84786,-7.30317],[108.84785,-7.30317],[108.8474,-7.30317],[108.8474,-7.30272],[108.84785,-7.30272],[108.84786,-7.30272]]],[[[108.85239,-7.30184],[108.85239,-7.30229],[108.85193,-7.30229],[108.85193,-7.30184],[108.85239,-7.30184]]],[[[108.85058,-7.30092],[108.85058,-7.30138],[108.85012,-7.30138],[108.85012,-7.30092],[108.85058,-7.30092]]],[[[108.85377,-7.29642],[108.85377,-7.29687],[108.85377,-7.29688],[108.85331,-7.29688],[108.85331,-7.29687],[108.85331,-7.29642],[108.85377,-7.29642]]],[[[108.85236,-7.28828],[108.85245,-7.28828],[108.85245,-7.28874],[108.85199,-7.28874],[108.85199,-7.28846],[108.85235,-7.28846],[108.85235,-7.28828],[108.85236,-7.28828]]],[[[108.8529,-7.28648],[108.8529,-7.28603],[108.85291,-7.28603],[108.85336,-7.28603],[108.85336,-7.28648],[108.85336,-7.28693],[108.85291,-7.28693],[108.8529,-7.28693],[108.8529,-7.28648]]],[[[108.85609,-7.28333],[108.8561,-7.28333],[108.8561,-7.28378],[108.85609,-7.28378],[108.85571,-7.28378],[108.85564,-7.28378],[108.85564,-7.28375],[108.85564,-7.28333],[108.85609,-7.28333]]],[[[108.86744,-7.37013],[108.86744,-7.36968],[108.86744,-7.36923],[108.867,-7.36923],[108.86699,-7.36923],[108.86654,-7.36923],[108.86654,-7.36878],[108.86654,-7.36877],[108.86654,-7.36832],[108.86655,-7.36832],[108.86655,-7.36787],[108.867,-7.36787],[108.86701,-7.36787],[108.86745,-7.36787],[108.86745,-7.36742],[108.8679,-7.36742],[108.86791,-7.36742],[108.86791,-7.36787],[108.86791,-7.36788],[108.86791,-7.36832],[108.86791,-7.36833],[108.86835,-7.36833],[108.86836,-7.36833],[108.8688,-7.36833],[108.86881,-7.36833],[108.86925,-7.36833],[108.86926,-7.36833],[108.86971,-7.36833],[108.86971,-7.36879],[108.87016,-7.36879],[108.87016,-7.36924],[108.8706,-7.36924],[108.87061,-7.36924],[108.87061,-7.36879],[108.87106,-7.36879],[108.87106,-7.36834],[108.87107,-7.36834],[108.87107,-7.36789],[108.87107,-7.36744],[108.87153,-7.36744],[108.87153,-7.36789],[108.87197,-7.36789],[108.87198,-7.36789],[108.87243,-7.36789],[108.87243,-7.3679],[108.87243,-7.36835],[108.87243,-7.3688],[108.87197,-7.3688],[108.87197,-7.36835],[108.87153,-7.36835],[108.87152,-7.36835],[108.87152,-7.36879],[108.87152,-7.3688],[108.87152,-7.36925],[108.87197,-7.36925],[108.87197,-7.3697],[108.87152,-7.3697],[108.87152,-7.37015],[108.87196,-7.37015],[108.87197,-7.37015],[108.87242,-7.37015],[108.87242,-7.37016],[108.87287,-7.37016],[108.87287,-7.37061],[108.87287,-7.37106],[108.87242,-7.37106],[108.87241,-7.37106],[108.87241,-7.37151],[108.87241,-7.37196],[108.87196,-7.37196],[108.87151,-7.37196],[108.87151,-7.37241],[108.87151,-7.37286],[108.87106,-7.37286],[108.87105,-7.37286],[108.87105,-7.37331],[108.87105,-7.37376],[108.8706,-7.37376],[108.87059,-7.37376],[108.87059,-7.37421],[108.87059,-7.37467],[108.87025,-7.37467],[108.87013,-7.37461],[108.87013,-7.3746],[108.87011,-7.37459],[108.86974,-7.37435],[108.86968,-7.37432],[108.86952,-7.37421],[108.86968,-7.37421],[108.87013,-7.37421],[108.87013,-7.37376],[108.86969,-7.37376],[108.86968,-7.37376],[108.86923,-7.37376],[108.86923,-7.37402],[108.8691,-7.37393],[108.8688,-7.37375],[108.86923,-7.37375],[108.86923,-7.37331],[108.86923,-7.3733],[108.86878,-7.3733],[108.86878,-7.37285],[108.86878,-7.3724],[108.86924,-7.3724],[108.86969,-7.3724],[108.86969,-7.37195],[108.86924,-7.37195],[108.86924,-7.3715],[108.8688,-7.3715],[108.8688,-7.37195],[108.86834,-7.37195],[108.86834,-7.37239],[108.86834,-7.3724],[108.86834,-7.37285],[108.86789,-7.37285],[108.86788,-7.37285],[108.86788,-7.37284],[108.86785,-7.37281],[108.86764,-7.37239],[108.86758,-7.37228],[108.86744,-7.37194],[108.86743,-7.37191],[108.86743,-7.37149],[108.86743,-7.37104],[108.86699,-7.37104],[108.86699,-7.37108],[108.86696,-7.37103],[108.86696,-7.37102],[108.86688,-7.37073],[108.86684,-7.37058],[108.86698,-7.37058],[108.86698,-7.37013],[108.86744,-7.37013]],[[108.86789,-7.37014],[108.86744,-7.37014],[108.86744,-7.37058],[108.86789,-7.37058],[108.86789,-7.37014]],[[108.86879,-7.37149],[108.86879,-7.37105],[108.86879,-7.37104],[108.86835,-7.37104],[108.86834,-7.37104],[108.86789,-7.37104],[108.86789,-7.37149],[108.86834,-7.37149],[108.86879,-7.37149]],[[108.8715,-7.37106],[108.87106,-7.37106],[108.87106,-7.3715],[108.87151,-7.3715],[108.87151,-7.37151],[108.87196,-7.37151],[108.87196,-7.37106],[108.87151,-7.37106],[108.8715,-7.37106]],[[108.87151,-7.3706],[108.87151,-7.37015],[108.87106,-7.37015],[108.87106,-7.3706],[108.8715,-7.3706],[108.87151,-7.3706]],[[108.86925,-7.36879],[108.86881,-7.36879],[108.86881,-7.36923],[108.86881,-7.36924],[108.86925,-7.36924],[108.86925,-7.36879]]],[[[108.86654,-7.37032],[108.86644,-7.37031],[108.86611,-7.37027],[108.86608,-7.37026],[108.86595,-7.37022],[108.86581,-7.37014],[108.86579,-7.37012],[108.8658,-7.37012],[108.86608,-7.37012],[108.86608,-7.37013],[108.86654,-7.37013],[108.86654,-7.37032]]],[[[108.86537,-7.36768],[108.86537,-7.3675],[108.86519,-7.3675],[108.86519,-7.36741],[108.86564,-7.36741],[108.86565,-7.36741],[108.8661,-7.36741],[108.8661,-7.36787],[108.86573,-7.36787],[108.86565,-7.36787],[108.86564,-7.36787],[108.86555,-7.36787],[108.86555,-7.36786],[108.86555,-7.36769],[108.86537,-7.36768]]],[[[108.86202,-7.36785],[108.86202,-7.3674],[108.86247,-7.3674],[108.86248,-7.3674],[108.86293,-7.3674],[108.86293,-7.36785],[108.86248,-7.36785],[108.86247,-7.36785],[108.86202,-7.36785]]],[[[108.86112,-7.36739],[108.86112,-7.36784],[108.86066,-7.36784],[108.86066,-7.36739],[108.86112,-7.36739]]],[[[108.85778,-7.36692],[108.85796,-7.36692],[108.85796,-7.36738],[108.85792,-7.36738],[108.85783,-7.36738],[108.8575,-7.36738],[108.8575,-7.36692],[108.85768,-7.36692],[108.85778,-7.36692]]],[[[108.86502,-7.36659],[108.86502,-7.3666],[108.86502,-7.36696],[108.86474,-7.36696],[108.86474,-7.36659],[108.86483,-7.36659],[108.86501,-7.36659],[108.86502,-7.36659]]],[[[108.86429,-7.3665],[108.86429,-7.36695],[108.86429,-7.36696],[108.86383,-7.36696],[108.86383,-7.36695],[108.86383,-7.3665],[108.86429,-7.3665]]],[[[108.85796,-7.36602],[108.8582,-7.36602],[108.85841,-7.36602],[108.85841,-7.36625],[108.85841,-7.36647],[108.85841,-7.36648],[108.85796,-7.36648],[108.85796,-7.36647],[108.85796,-7.36602]]],[[[108.85792,-7.3657],[108.85793,-7.36581],[108.85793,-7.36582],[108.85793,-7.36583],[108.85793,-7.36584],[108.85792,-7.36585],[108.85795,-7.36591],[108.85796,-7.36591],[108.85796,-7.36593],[108.85796,-7.36602],[108.85782,-7.36602],[108.85779,-7.36602],[108.85751,-7.36602],[108.85751,-7.36557],[108.85787,-7.36557],[108.85792,-7.36557],[108.85793,-7.36557],[108.85796,-7.36557],[108.85796,-7.36568],[108.85796,-7.36578],[108.85792,-7.3657]]],[[[108.85931,-7.36512],[108.85932,-7.36512],[108.85977,-7.36512],[108.85977,-7.36558],[108.85932,-7.36558],[108.85931,-7.36558],[108.85886,-7.36558],[108.85886,-7.36512],[108.85931,-7.36512]]],[[[108.86611,-7.3647],[108.86611,-7.36516],[108.86565,-7.36516],[108.86565,-7.3647],[108.86611,-7.3647]]],[[[108.86339,-7.36515],[108.86339,-7.36514],[108.86294,-7.36514],[108.86294,-7.36469],[108.86294,-7.36424],[108.86339,-7.36424],[108.8634,-7.36424],[108.86385,-7.36424],[108.86385,-7.36469],[108.86385,-7.36515],[108.86339,-7.36515]]],[[[108.85796,-7.36512],[108.85796,-7.36467],[108.8583,-7.36467],[108.85841,-7.36467],[108.85841,-7.36512],[108.85796,-7.36512]]],[[[108.86475,-7.36424],[108.86475,-7.3647],[108.8643,-7.3647],[108.8643,-7.36424],[108.86475,-7.36424]]],[[[108.86204,-7.36468],[108.86204,-7.36469],[108.86158,-7.36469],[108.86158,-7.36468],[108.86158,-7.36423],[108.86204,-7.36423],[108.86204,-7.36468]]],[[[108.86385,-7.36334],[108.86385,-7.36379],[108.8634,-7.36379],[108.86339,-7.36379],[108.86339,-7.36334],[108.8634,-7.36334],[108.86385,-7.36334]]],[[[108.86295,-7.36333],[108.86295,-7.36379],[108.86249,-7.36379],[108.86249,-7.36333],[108.86295,-7.36333]]],[[[108.86385,-7.36289],[108.8643,-7.36289],[108.86431,-7.36289],[108.86476,-7.36289],[108.86476,-7.36334],[108.86431,-7.36334],[108.8643,-7.36334],[108.86385,-7.36334],[108.86385,-7.36289]]],[[[108.86069,-7.36287],[108.86069,-7.36242],[108.86114,-7.36242],[108.86115,-7.36242],[108.8616,-7.36242],[108.8616,-7.36288],[108.86114,-7.36288],[108.86114,-7.36287],[108.86069,-7.36287]]],[[[108.86704,-7.36118],[108.86704,-7.36137],[108.86703,-7.36137],[108.86703,-7.36155],[108.86685,-7.36155],[108.86685,-7.36136],[108.86703,-7.36136],[108.86703,-7.36118],[108.86704,-7.36118]]],[[[108.86595,-7.36118],[108.86613,-7.36118],[108.86613,-7.36154],[108.86594,-7.36154],[108.86594,-7.36118],[108.86595,-7.36118]]],[[[108.86486,-7.36154],[108.86486,-7.36117],[108.86504,-7.36117],[108.86504,-7.36108],[108.86522,-7.36108],[108.86522,-7.36154],[108.86486,-7.36154]]],[[[108.86413,-7.36117],[108.86413,-7.36153],[108.86396,-7.36153],[108.86395,-7.36153],[108.86386,-7.36153],[108.86386,-7.36108],[108.86431,-7.36108],[108.86431,-7.36117],[108.86413,-7.36117]]],[[[108.86205,-7.36153],[108.86205,-7.36152],[108.86205,-7.36107],[108.8625,-7.36107],[108.86251,-7.36107],[108.86251,-7.36116],[108.8625,-7.36116],[108.86232,-7.36116],[108.86232,-7.36134],[108.86232,-7.36135],[108.86214,-7.36135],[108.86214,-7.36152],[108.86214,-7.36153],[108.86205,-7.36153]]],[[[108.8645,-7.36099],[108.86431,-7.36099],[108.86431,-7.36063],[108.8645,-7.36063],[108.8645,-7.36099]]],[[[108.86433,-7.35927],[108.86433,-7.35973],[108.86387,-7.35973],[108.86387,-7.35927],[108.86433,-7.35927]]],[[[108.86753,-7.35929],[108.86795,-7.35929],[108.86795,-7.35956],[108.86794,-7.35956],[108.86794,-7.35938],[108.86777,-7.35938],[108.86776,-7.35938],[108.86751,-7.35938],[108.86749,-7.35938],[108.86749,-7.35929],[108.86753,-7.35929]]],[[[108.85709,-7.35788],[108.85709,-7.35834],[108.85664,-7.35834],[108.85664,-7.35788],[108.85709,-7.35788]]],[[[108.85891,-7.35699],[108.85891,-7.35744],[108.85845,-7.35744],[108.85845,-7.35699],[108.85891,-7.35699]]],[[[108.86027,-7.35654],[108.86027,-7.357],[108.85981,-7.357],[108.85981,-7.35654],[108.86027,-7.35654]]],[[[108.86616,-7.35476],[108.86616,-7.35522],[108.8657,-7.35522],[108.8657,-7.35476],[108.86616,-7.35476]]],[[[108.86617,-7.35431],[108.86571,-7.35431],[108.86571,-7.35425],[108.86571,-7.35416],[108.86571,-7.35386],[108.86613,-7.35386],[108.86617,-7.35386],[108.86617,-7.35396],[108.86617,-7.35397],[108.86617,-7.35403],[108.86617,-7.35412],[108.86617,-7.35431]]],[[[108.86621,-7.34437],[108.86621,-7.34483],[108.86575,-7.34483],[108.86575,-7.34437],[108.86621,-7.34437]]],[[[108.86668,-7.33896],[108.86623,-7.33896],[108.86623,-7.33895],[108.86623,-7.3385],[108.86668,-7.3385],[108.86669,-7.3385],[108.86714,-7.3385],[108.86714,-7.33896],[108.86669,-7.33896],[108.86668,-7.33896]]],[[[108.86591,-7.31184],[108.86591,-7.31229],[108.86546,-7.31229],[108.86545,-7.31229],[108.86545,-7.31184],[108.86546,-7.31184],[108.86591,-7.31184]]],[[[108.8605,-7.30775],[108.8605,-7.3082],[108.86004,-7.3082],[108.86004,-7.30775],[108.8605,-7.30775]]],[[[108.86729,-7.30778],[108.86729,-7.30733],[108.86774,-7.30733],[108.86775,-7.30733],[108.86775,-7.30778],[108.86775,-7.30779],[108.86774,-7.30779],[108.86729,-7.30779],[108.86729,-7.30778]]],[[[108.8596,-7.30594],[108.86005,-7.30594],[108.86005,-7.30616],[108.85999,-7.30639],[108.8596,-7.30639],[108.8596,-7.30594]]],[[[108.8587,-7.30548],[108.85825,-7.30548],[108.85825,-7.30503],[108.8587,-7.30503],[108.85915,-7.30503],[108.85915,-7.30548],[108.85915,-7.30549],[108.8587,-7.30549],[108.8587,-7.30548]]],[[[108.85961,-7.30413],[108.85961,-7.30458],[108.85915,-7.30458],[108.85915,-7.30413],[108.85961,-7.30413]]],[[[108.85986,-7.30278],[108.85996,-7.30278],[108.86007,-7.30278],[108.86007,-7.30296],[108.86007,-7.30314],[108.86007,-7.30323],[108.85961,-7.30323],[108.85961,-7.30278],[108.85986,-7.30278]]],[[[108.85918,-7.30006],[108.85918,-7.30052],[108.85872,-7.30052],[108.85872,-7.30006],[108.85918,-7.30006]]],[[[108.86832,-7.3733],[108.86833,-7.3733],[108.86878,-7.3733],[108.86878,-7.37374],[108.86832,-7.37336],[108.86832,-7.37335],[108.86826,-7.3733],[108.86832,-7.3733]]],[[[108.87242,-7.36925],[108.87287,-7.36925],[108.87288,-7.36925],[108.87333,-7.36925],[108.87333,-7.36926],[108.87357,-7.36926],[108.87378,-7.36926],[108.87378,-7.36971],[108.87348,-7.36971],[108.87347,-7.36971],[108.87333,-7.36971],[108.87333,-7.37016],[108.87287,-7.37016],[108.87287,-7.36971],[108.87242,-7.36971],[108.87242,-7.36925]]],[[[108.86972,-7.36788],[108.86972,-7.36789],[108.86926,-7.36789],[108.86926,-7.36788],[108.86926,-7.36743],[108.86972,-7.36743],[108.86972,-7.36788]]],[[[108.87016,-7.36744],[108.87016,-7.36743],[108.87017,-7.36743],[108.87017,-7.36698],[108.87063,-7.36698],[108.87063,-7.36744],[108.87062,-7.36744],[108.87062,-7.36789],[108.87016,-7.36789],[108.87016,-7.36744]]],[[[108.86791,-7.36652],[108.86791,-7.36697],[108.86745,-7.36697],[108.86745,-7.36652],[108.86791,-7.36652]]],[[[108.86837,-7.36607],[108.86837,-7.36652],[108.86791,-7.36652],[108.86791,-7.36607],[108.86837,-7.36607]]],[[[108.87171,-7.32859],[108.87171,-7.32904],[108.87125,-7.32904],[108.87125,-7.32859],[108.87125,-7.32858],[108.87171,-7.32858],[108.87171,-7.32859]]],[[[108.87126,-7.32814],[108.87126,-7.32813],[108.87126,-7.32768],[108.87171,-7.32768],[108.87171,-7.32723],[108.87126,-7.32723],[108.87126,-7.32678],[108.87127,-7.32678],[108.87127,-7.32633],[108.87172,-7.32633],[108.87173,-7.32633],[108.87217,-7.32633],[108.87218,-7.32633],[108.87263,-7.32633],[108.87263,-7.32678],[108.87263,-7.32715],[108.87263,-7.32724],[108.87245,-7.32724],[108.87217,-7.32724],[108.87217,-7.32768],[108.87217,-7.32769],[108.87217,-7.32801],[108.87217,-7.32814],[108.87215,-7.32814],[108.87172,-7.32814],[108.87171,-7.32814],[108.87126,-7.32814]]],[[[108.87218,-7.32588],[108.87172,-7.32588],[108.87172,-7.32542],[108.87218,-7.32542],[108.87218,-7.32543],[108.87263,-7.32543],[108.87264,-7.32543],[108.87264,-7.32588],[108.87263,-7.32588],[108.87218,-7.32588]]],[[[108.87315,-7.31187],[108.87315,-7.31233],[108.8727,-7.31233],[108.8727,-7.31187],[108.87315,-7.31187]]],[[[108.87183,-7.30419],[108.87183,-7.30464],[108.87137,-7.30464],[108.87137,-7.30419],[108.87183,-7.30419]]],[[[108.87048,-7.30328],[108.87002,-7.30328],[108.87002,-7.30283],[108.87002,-7.30237],[108.87003,-7.30237],[108.87048,-7.30237],[108.87048,-7.30192],[108.87093,-7.30192],[108.87093,-7.30238],[108.87048,-7.30238],[108.87048,-7.30283],[108.87048,-7.30328]]],[[[108.87048,-7.30102],[108.87048,-7.30147],[108.87003,-7.30147],[108.87002,-7.30147],[108.87002,-7.30102],[108.87003,-7.30102],[108.87048,-7.30102]]],[[[108.87322,-7.29877],[108.87322,-7.29923],[108.87321,-7.29923],[108.87276,-7.29923],[108.87276,-7.29877],[108.87321,-7.29877],[108.87322,-7.29877]]],[[[108.87421,-7.37243],[108.87421,-7.37197],[108.87467,-7.37197],[108.87467,-7.37243],[108.87512,-7.37243],[108.87512,-7.37288],[108.87466,-7.37288],[108.87466,-7.37243],[108.87421,-7.37243]]],[[[108.87423,-7.37062],[108.87423,-7.37107],[108.87377,-7.37107],[108.87377,-7.37062],[108.87377,-7.37061],[108.87423,-7.37061],[108.87423,-7.37062]]],[[[108.88651,-7.35893],[108.88651,-7.35938],[108.8865,-7.35938],[108.88605,-7.35938],[108.88605,-7.35893],[108.8865,-7.35893],[108.88651,-7.35893]]],[[[108.8897,-7.35171],[108.89016,-7.35171],[108.89016,-7.35217],[108.89016,-7.35262],[108.8897,-7.35262],[108.88925,-7.35262],[108.88925,-7.35307],[108.88924,-7.35307],[108.88924,-7.35352],[108.88879,-7.35352],[108.88834,-7.35352],[108.88834,-7.35307],[108.88834,-7.35306],[108.88834,-7.35261],[108.88879,-7.35261],[108.88879,-7.35216],[108.88924,-7.35216],[108.88925,-7.35216],[108.8897,-7.35216],[108.8897,-7.35171]]],[[[108.88926,-7.34946],[108.88926,-7.34945],[108.88926,-7.349],[108.88926,-7.34855],[108.88972,-7.34855],[108.88972,-7.349],[108.88972,-7.34945],[108.89017,-7.34945],[108.89017,-7.34946],[108.89062,-7.34946],[108.89062,-7.34991],[108.89017,-7.34991],[108.89017,-7.35036],[108.89017,-7.35081],[108.88971,-7.35081],[108.88926,-7.35081],[108.88926,-7.35126],[108.88925,-7.35126],[108.88925,-7.35171],[108.88879,-7.35171],[108.88879,-7.35126],[108.8888,-7.35126],[108.8888,-7.35081],[108.88835,-7.35081],[108.88835,-7.35035],[108.88835,-7.3499],[108.8888,-7.3499],[108.88881,-7.3499],[108.88926,-7.3499],[108.88926,-7.34946]]],[[[108.89197,-7.35037],[108.89152,-7.35037],[108.89152,-7.34992],[108.89152,-7.34991],[108.89188,-7.34991],[108.89195,-7.35021],[108.89197,-7.35037]]],[[[108.89153,-7.34901],[108.89153,-7.34946],[108.89107,-7.34946],[108.89107,-7.34901],[108.89153,-7.34901]]],[[[108.89152,-7.34856],[108.89152,-7.34839],[108.89153,-7.34839],[108.89156,-7.34856],[108.89153,-7.34856],[108.89152,-7.34856]]],[[[108.89063,-7.3472],[108.89063,-7.34675],[108.89094,-7.34675],[108.89096,-7.34678],[108.89106,-7.34684],[108.89109,-7.34686],[108.89109,-7.34687],[108.89124,-7.34699],[108.8913,-7.34719],[108.8913,-7.3472],[108.8913,-7.34721],[108.89108,-7.34721],[108.89108,-7.34765],[108.89063,-7.34765],[108.89063,-7.3481],[108.89108,-7.3481],[108.89108,-7.34856],[108.89063,-7.34856],[108.89062,-7.34856],[108.89017,-7.34856],[108.89017,-7.3481],[108.89017,-7.34765],[108.88972,-7.34765],[108.88972,-7.3472],[108.89017,-7.3472],[108.89018,-7.3472],[108.89062,-7.3472],[108.89063,-7.3472]]],[[[108.89018,-7.34629],[108.89063,-7.34629],[108.89063,-7.34675],[108.89018,-7.34675],[108.89017,-7.34675],[108.88972,-7.34675],[108.88972,-7.34629],[108.88927,-7.34629],[108.88927,-7.34584],[108.88927,-7.34539],[108.88973,-7.34539],[108.88973,-7.34584],[108.88973,-7.34629],[108.89017,-7.34629],[108.89018,-7.34629]]],[[[108.89064,-7.34539],[108.89064,-7.34584],[108.89064,-7.34585],[108.89018,-7.34585],[108.89018,-7.34584],[108.89018,-7.34539],[108.89064,-7.34539]]],[[[108.87533,-7.32996],[108.87533,-7.33041],[108.87487,-7.33041],[108.87487,-7.32996],[108.87533,-7.32996]]],[[[108.87533,-7.32905],[108.87533,-7.32951],[108.87487,-7.32951],[108.87487,-7.32905],[108.87533,-7.32905]]],[[[108.87489,-7.32815],[108.87489,-7.3284],[108.87489,-7.32841],[108.87489,-7.3286],[108.87443,-7.3286],[108.87443,-7.32844],[108.87443,-7.32815],[108.87489,-7.32815]]],[[[108.87715,-7.32771],[108.87715,-7.32816],[108.87669,-7.32816],[108.87669,-7.32771],[108.87715,-7.32771]]],[[[108.87579,-7.32815],[108.87534,-7.32815],[108.87533,-7.32815],[108.87533,-7.3277],[108.87533,-7.32725],[108.87534,-7.32725],[108.87579,-7.32725],[108.87579,-7.32726],[108.87579,-7.3277],[108.87579,-7.32815]]],[[[108.87399,-7.32679],[108.87399,-7.32724],[108.87353,-7.32724],[108.87353,-7.32679],[108.87399,-7.32679]]],[[[108.87399,-7.32588],[108.87399,-7.32634],[108.87353,-7.32634],[108.87353,-7.32588],[108.87399,-7.32588]]],[[[108.87671,-7.32454],[108.87671,-7.325],[108.87625,-7.325],[108.87625,-7.32496],[108.87625,-7.32454],[108.8765,-7.32454],[108.87671,-7.32454]]],[[[108.87536,-7.32408],[108.87536,-7.32454],[108.8749,-7.32454],[108.8749,-7.32408],[108.87536,-7.32408]]],[[[108.87717,-7.32319],[108.87717,-7.32364],[108.87671,-7.32364],[108.87671,-7.32319],[108.87717,-7.32319]]],[[[108.87989,-7.3223],[108.87989,-7.32275],[108.87989,-7.3232],[108.87943,-7.3232],[108.87943,-7.32275],[108.87943,-7.3223],[108.87989,-7.3223]]],[[[108.87853,-7.32274],[108.87853,-7.3232],[108.87807,-7.3232],[108.87807,-7.32274],[108.87853,-7.32274]]],[[[108.87763,-7.32274],[108.87763,-7.32319],[108.87762,-7.32319],[108.87717,-7.32319],[108.87717,-7.32274],[108.87762,-7.32274],[108.87763,-7.32274]]],[[[108.87945,-7.32004],[108.87945,-7.32049],[108.87899,-7.32049],[108.87899,-7.32004],[108.87945,-7.32004]]],[[[108.879,-7.31868],[108.879,-7.31823],[108.87946,-7.31823],[108.87946,-7.31868],[108.8799,-7.31868],[108.8799,-7.31824],[108.8799,-7.31823],[108.8799,-7.31778],[108.87991,-7.31778],[108.88036,-7.31778],[108.88036,-7.31823],[108.88036,-7.31824],[108.88036,-7.31869],[108.88036,-7.31914],[108.88081,-7.31914],[108.88081,-7.31959],[108.88035,-7.31959],[108.88035,-7.31914],[108.87991,-7.31914],[108.8799,-7.31914],[108.87945,-7.31914],[108.87945,-7.31868],[108.879,-7.31868]]],[[[108.8781,-7.31868],[108.8781,-7.31913],[108.87764,-7.31913],[108.87764,-7.31868],[108.87764,-7.31867],[108.8781,-7.31867],[108.8781,-7.31868]]],[[[108.88126,-7.31824],[108.88126,-7.31869],[108.88081,-7.31869],[108.88081,-7.31824],[108.88126,-7.31824]]],[[[108.87765,-7.31687],[108.8781,-7.31687],[108.87811,-7.31687],[108.87855,-7.31687],[108.87856,-7.31687],[108.87901,-7.31687],[108.87901,-7.31732],[108.87901,-7.31733],[108.87901,-7.31778],[108.87855,-7.31778],[108.87855,-7.31733],[108.87855,-7.31732],[108.87811,-7.31732],[108.8781,-7.31732],[108.87765,-7.31732],[108.87765,-7.31687]]],[[[108.87675,-7.31731],[108.87675,-7.31777],[108.87629,-7.31777],[108.87629,-7.31731],[108.87675,-7.31731]]],[[[108.87946,-7.31597],[108.87992,-7.31597],[108.87992,-7.31643],[108.87991,-7.31643],[108.87991,-7.31688],[108.87991,-7.31733],[108.87946,-7.31733],[108.87945,-7.31733],[108.87945,-7.31688],[108.87945,-7.31642],[108.87946,-7.31642],[108.87946,-7.31597]]],[[[108.87766,-7.31596],[108.87766,-7.31642],[108.87765,-7.31642],[108.8772,-7.31642],[108.8772,-7.31596],[108.87765,-7.31596],[108.87766,-7.31596]]],[[[108.87631,-7.31505],[108.87675,-7.31505],[108.87676,-7.31505],[108.87676,-7.31551],[108.87676,-7.31596],[108.87675,-7.31596],[108.8763,-7.31596],[108.8763,-7.31551],[108.87585,-7.31551],[108.87585,-7.31505],[108.8763,-7.31505],[108.87631,-7.31505]]],[[[108.88128,-7.31553],[108.88083,-7.31553],[108.88082,-7.31553],[108.88037,-7.31553],[108.88037,-7.31507],[108.88083,-7.31507],[108.88083,-7.31508],[108.88128,-7.31508],[108.88128,-7.31553]]],[[[108.87947,-7.31507],[108.87947,-7.31552],[108.87901,-7.31552],[108.87901,-7.31507],[108.87947,-7.31507]]],[[[108.8754,-7.3146],[108.8754,-7.31505],[108.87494,-7.31505],[108.87494,-7.3146],[108.8754,-7.3146]]],[[[108.8745,-7.31459],[108.8745,-7.31505],[108.87404,-7.31505],[108.87404,-7.31459],[108.87359,-7.31459],[108.87359,-7.31414],[108.87404,-7.31414],[108.87405,-7.31414],[108.8745,-7.31414],[108.8745,-7.31459]]],[[[108.87721,-7.31415],[108.87721,-7.31461],[108.87675,-7.31461],[108.87675,-7.31415],[108.87721,-7.31415]]],[[[108.87541,-7.31369],[108.87541,-7.31415],[108.8754,-7.31415],[108.87495,-7.31415],[108.87495,-7.31369],[108.8754,-7.31369],[108.87541,-7.31369]]],[[[108.87495,-7.31279],[108.87495,-7.31324],[108.8745,-7.31324],[108.8745,-7.31279],[108.87495,-7.31279]]],[[[108.87451,-7.31098],[108.87451,-7.31143],[108.87405,-7.31143],[108.87405,-7.31098],[108.87451,-7.31098]]],[[[108.87686,-7.29201],[108.87686,-7.29247],[108.8764,-7.29247],[108.8764,-7.29201],[108.87686,-7.29201]]],[[[108.88322,-7.28888],[108.88322,-7.28933],[108.88276,-7.28933],[108.88276,-7.28888],[108.88322,-7.28888]]],[[[108.88231,-7.28888],[108.88231,-7.28933],[108.88185,-7.28933],[108.88185,-7.28888],[108.88185,-7.28887],[108.88231,-7.28887],[108.88231,-7.28888]]],[[[108.88007,-7.28525],[108.88007,-7.2857],[108.87961,-7.2857],[108.87961,-7.28525],[108.88007,-7.28525]]],[[[108.88462,-7.2794],[108.88416,-7.2794],[108.88416,-7.27895],[108.88416,-7.2785],[108.88416,-7.27849],[108.88416,-7.27804],[108.88461,-7.27804],[108.88462,-7.27804],[108.88474,-7.27804],[108.88472,-7.27825],[108.88477,-7.27835],[108.88507,-7.27828],[108.88507,-7.2785],[108.88552,-7.2785],[108.88552,-7.27817],[108.88592,-7.27807],[108.88593,-7.27807],[108.88594,-7.27807],[108.88598,-7.27808],[108.88598,-7.27808],[108.88624,-7.27816],[108.88625,-7.27816],[108.88626,-7.27816],[108.88626,-7.27817],[108.88635,-7.27826],[108.88643,-7.2783],[108.88643,-7.2785],[108.88643,-7.27851],[108.88598,-7.27851],[108.88598,-7.27895],[108.88598,-7.27896],[108.88552,-7.27896],[108.88552,-7.2794],[108.88552,-7.27941],[108.88552,-7.27986],[108.88506,-7.27986],[108.88506,-7.27941],[108.88506,-7.2794],[108.88506,-7.27895],[108.88462,-7.27895],[108.88462,-7.2794]]],[[[108.87556,-7.27954],[108.87556,-7.27936],[108.87557,-7.27936],[108.87557,-7.27954],[108.87556,-7.27954]]],[[[108.88281,-7.27849],[108.88325,-7.27849],[108.88326,-7.27849],[108.88371,-7.27849],[108.88371,-7.27894],[108.88371,-7.2794],[108.88326,-7.2794],[108.88325,-7.2794],[108.88325,-7.27939],[108.88281,-7.27939],[108.8828,-7.27939],[108.8828,-7.27894],[108.88235,-7.27894],[108.88235,-7.27849],[108.88235,-7.27803],[108.88281,-7.27803],[108.88281,-7.27849]]],[[[108.87646,-7.27936],[108.87646,-7.27891],[108.87692,-7.27891],[108.87692,-7.27936],[108.87647,-7.27936],[108.87646,-7.27936]]],[[[108.87421,-7.27863],[108.87449,-7.27863],[108.87449,-7.27845],[108.87466,-7.27845],[108.87467,-7.27845],[108.87467,-7.27863],[108.87466,-7.27863],[108.87466,-7.27881],[108.8743,-7.27881],[108.8743,-7.2789],[108.87421,-7.2789],[108.87421,-7.27863]]],[[[108.88735,-7.2767],[108.88735,-7.27715],[108.88735,-7.27761],[108.88734,-7.27761],[108.88689,-7.27761],[108.88689,-7.27806],[108.8866,-7.27806],[108.88668,-7.2776],[108.88676,-7.27715],[108.88677,-7.27714],[108.88678,-7.2767],[108.88689,-7.2767],[108.88734,-7.2767],[108.88735,-7.2767]]],[[[108.8801,-7.27757],[108.8801,-7.27802],[108.8801,-7.27803],[108.87964,-7.27803],[108.87964,-7.27802],[108.87964,-7.27757],[108.8801,-7.27757]]]]}},{"type":"Feature","properties":{"d":"CIMANGGU","net":"FWA-Outdoor"},"geometry":{"type":"MultiPolygon","coordinates":[[[[108.79637,-7.3734],[108.79637,-7.37295],[108.7966,-7.37295],[108.79669,-7.37337],[108.7967,-7.3734],[108.79674,-7.37386],[108.79637,-7.37386],[108.79637,-7.37341],[108.79637,-7.3734]]],[[[108.79546,-7.37385],[108.79546,-7.3734],[108.79592,-7.3734],[108.79592,-7.37385],[108.79546,-7.37385]]],[[[108.7953,-7.37041],[108.7953,-7.37024],[108.7953,-7.37023],[108.7953,-7.37005],[108.79531,-7.37005],[108.79531,-7.37023],[108.79531,-7.37024],[108.79531,-7.3706],[108.79548,-7.3706],[108.79549,-7.3706],[108.79567,-7.3706],[108.79567,-7.37042],[108.79567,-7.37041],[108.79584,-7.37041],[108.79584,-7.37024],[108.79593,-7.37024],[108.79594,-7.37024],[108.79603,-7.37024],[108.79603,-7.36988],[108.79594,-7.36988],[108.79567,-7.36988],[108.79548,-7.36988],[108.79548,-7.36987],[108.79567,-7.36987],[108.79567,-7.36978],[108.79594,-7.36978],[108.79594,-7.36934],[108.79594,-7.36933],[108.79585,-7.36933],[108.79585,-7.36888],[108.79585,-7.36879],[108.79549,-7.36879],[108.79531,-7.36879],[108.79531,-7.36861],[108.79513,-7.36861],[108.79504,-7.36861],[108.79476,-7.36861],[108.79476,-7.36888],[108.79476,-7.36897],[108.79476,-7.36915],[108.79458,-7.36915],[108.79458,-7.36888],[108.79459,-7.36888],[108.79459,-7.36842],[108.79504,-7.36842],[108.79504,-7.36824],[108.79532,-7.36824],[108.79532,-7.36807],[108.79532,-7.36806],[108.79549,-7.36806],[108.79549,-7.36798],[108.79549,-7.36788],[108.7955,-7.36788],[108.7955,-7.3677],[108.79567,-7.3677],[108.79567,-7.36753],[108.79567,-7.36752],[108.79567,-7.36735],[108.7955,-7.36735],[108.7955,-7.36734],[108.7955,-7.36716],[108.79549,-7.36716],[108.79514,-7.36716],[108.79514,-7.36734],[108.79513,-7.36734],[108.79504,-7.36734],[108.79504,-7.36707],[108.79504,-7.36662],[108.79504,-7.36617],[108.79505,-7.36617],[108.79505,-7.36572],[108.79505,-7.36526],[108.79551,-7.36526],[108.79551,-7.36527],[108.79596,-7.36527],[108.79596,-7.36572],[108.79596,-7.36617],[108.79596,-7.36662],[108.79595,-7.36662],[108.79595,-7.36707],[108.79595,-7.36708],[108.79595,-7.36752],[108.79595,-7.36753],[108.7964,-7.36753],[108.7964,-7.36798],[108.79685,-7.36798],[108.79685,-7.36843],[108.7973,-7.36843],[108.7973,-7.36844],[108.7973,-7.36889],[108.79775,-7.36889],[108.7982,-7.36889],[108.7982,-7.36844],[108.79775,-7.36844],[108.79775,-7.36799],[108.79821,-7.36799],[108.79821,-7.36844],[108.79865,-7.36844],[108.79866,-7.36844],[108.79866,-7.36799],[108.79866,-7.36754],[108.79911,-7.36754],[108.79912,-7.36754],[108.79912,-7.36709],[108.79957,-7.36709],[108.79957,-7.36664],[108.80003,-7.36664],[108.80003,-7.36709],[108.80003,-7.3671],[108.79958,-7.3671],[108.79958,-7.36754],[108.80003,-7.36754],[108.80003,-7.36755],[108.80003,-7.368],[108.79957,-7.368],[108.79957,-7.36845],[108.79912,-7.36845],[108.79911,-7.36845],[108.79911,-7.3689],[108.79911,-7.36935],[108.79911,-7.3698],[108.79865,-7.3698],[108.79865,-7.37025],[108.79865,-7.3707],[108.7982,-7.3707],[108.7982,-7.37115],[108.79819,-7.37115],[108.79775,-7.37115],[108.79774,-7.37115],[108.7973,-7.37115],[108.79729,-7.37115],[108.79684,-7.37115],[108.79638,-7.37115],[108.79638,-7.37069],[108.79594,-7.37069],[108.79594,-7.37114],[108.79548,-7.37114],[108.79548,-7.37069],[108.79512,-7.37069],[108.79512,-7.37041],[108.7953,-7.37041]],[[108.79865,-7.36935],[108.79865,-7.3689],[108.79821,-7.3689],[108.79821,-7.36935],[108.7982,-7.36935],[108.7982,-7.36979],[108.7982,-7.3698],[108.79865,-7.3698],[108.79865,-7.36935]],[[108.79595,-7.36843],[108.79639,-7.36843],[108.79639,-7.36798],[108.79595,-7.36798],[108.79595,-7.36843]]],[[[108.77874,-7.37015],[108.77874,-7.36978],[108.77876,-7.36992],[108.77875,-7.37015],[108.77875,-7.37016],[108.77874,-7.37016],[108.77874,-7.37015]]],[[[108.79141,-7.36977],[108.79141,-7.36931],[108.79187,-7.36931],[108.79187,-7.36977],[108.79141,-7.36977]]],[[[108.77513,-7.36833],[108.77513,-7.36878],[108.77513,-7.36923],[108.77512,-7.36923],[108.77512,-7.36961],[108.77497,-7.36965],[108.77486,-7.36963],[108.77482,-7.36953],[108.77481,-7.36939],[108.77484,-7.36923],[108.77488,-7.36899],[108.77489,-7.36878],[108.77489,-7.36862],[108.77486,-7.36838],[108.77486,-7.36833],[108.77486,-7.36832],[108.77513,-7.36832],[108.77513,-7.36833]]],[[[108.79441,-7.36933],[108.7944,-7.36933],[108.79422,-7.36933],[108.79422,-7.36951],[108.79413,-7.36951],[108.79413,-7.36933],[108.79413,-7.36932],[108.7944,-7.36932],[108.79441,-7.36932],[108.79441,-7.36933]]],[[[108.78915,-7.3693],[108.78915,-7.36885],[108.78961,-7.36885],[108.78961,-7.3693],[108.78915,-7.3693]]],[[[108.78132,-7.36881],[108.78138,-7.36868],[108.78146,-7.36848],[108.78146,-7.36881],[108.78132,-7.36881]]],[[[108.79232,-7.36887],[108.79232,-7.36841],[108.79278,-7.36841],[108.79278,-7.36887],[108.79232,-7.36887]]],[[[108.78237,-7.36882],[108.78191,-7.36882],[108.78191,-7.36881],[108.78191,-7.36836],[108.78237,-7.36836],[108.78237,-7.36881],[108.78237,-7.36882]]],[[[108.77567,-7.36833],[108.77563,-7.36851],[108.77557,-7.36875],[108.77557,-7.36833],[108.77558,-7.36833],[108.77558,-7.36788],[108.77583,-7.36788],[108.77573,-7.36809],[108.77567,-7.36833]]],[[[108.78283,-7.36701],[108.78283,-7.36656],[108.78329,-7.36656],[108.78329,-7.36701],[108.78283,-7.36701]]],[[[108.77107,-7.36605],[108.77089,-7.36612],[108.77067,-7.36615],[108.77061,-7.36614],[108.77061,-7.36605],[108.77039,-7.36605],[108.77039,-7.36604],[108.7702,-7.36581],[108.77016,-7.36573],[108.77016,-7.36559],[108.77061,-7.36559],[108.77062,-7.36559],[108.77062,-7.36605],[108.77107,-7.36605]]],[[[108.77469,-7.36607],[108.77423,-7.36607],[108.77423,-7.36561],[108.77424,-7.36561],[108.77424,-7.36516],[108.7747,-7.36516],[108.7747,-7.36561],[108.7747,-7.36562],[108.77469,-7.36562],[108.77469,-7.36607]]],[[[108.77242,-7.36515],[108.77288,-7.36515],[108.77334,-7.36515],[108.77334,-7.36516],[108.77379,-7.36516],[108.77379,-7.36561],[108.77379,-7.36584],[108.7735,-7.36561],[108.77339,-7.36553],[108.77333,-7.3655],[108.77333,-7.36549],[108.77298,-7.36532],[108.77288,-7.36527],[108.77283,-7.36524],[108.77267,-7.36523],[108.77248,-7.36522],[108.77242,-7.36523],[108.77242,-7.36515]]],[[[108.77152,-7.3656],[108.7718,-7.3656],[108.77161,-7.36575],[108.77152,-7.36581],[108.77151,-7.36581],[108.77151,-7.3656],[108.77152,-7.3656]]],[[[108.79596,-7.36437],[108.79596,-7.36436],[108.79596,-7.36391],[108.79642,-7.36391],[108.79642,-7.36346],[108.79687,-7.36346],[108.79687,-7.36301],[108.79688,-7.36301],[108.79733,-7.36301],[108.79733,-7.36302],[108.79778,-7.36302],[108.79778,-7.36347],[108.79733,-7.36347],[108.79733,-7.36392],[108.79732,-7.36392],[108.79688,-7.36392],[108.79687,-7.36392],[108.79642,-7.36392],[108.79642,-7.36436],[108.79642,-7.36437],[108.79642,-7.36482],[108.79642,-7.36527],[108.79596,-7.36527],[108.79596,-7.36482],[108.79596,-7.36437]]],[[[108.76701,-7.36422],[108.76745,-7.36422],[108.76746,-7.36422],[108.76791,-7.36422],[108.76791,-7.36377],[108.76836,-7.36377],[108.76836,-7.36423],[108.76836,-7.36438],[108.76833,-7.36438],[108.76791,-7.36452],[108.76756,-7.36456],[108.76745,-7.36455],[108.76745,-7.36455],[108.76725,-7.36454],[108.76707,-7.36441],[108.767,-7.36433],[108.767,-7.36433],[108.76691,-7.36422],[108.76687,-7.36417],[108.76677,-7.36395],[108.76672,-7.36377],[108.76701,-7.36377],[108.76701,-7.36422]]],[[[108.78646,-7.36387],[108.78692,-7.36387],[108.78692,-7.36432],[108.78646,-7.36432],[108.78646,-7.36387]]],[[[108.78013,-7.36384],[108.78013,-7.36338],[108.78059,-7.36338],[108.78059,-7.36384],[108.78013,-7.36384]]],[[[108.76746,-7.36377],[108.76746,-7.36332],[108.76791,-7.36332],[108.76791,-7.36377],[108.76746,-7.36377]]],[[[108.76655,-7.36306],[108.76651,-7.36286],[108.76656,-7.36286],[108.76656,-7.36306],[108.76655,-7.36306]]],[[[108.78511,-7.36296],[108.78511,-7.3625],[108.78557,-7.3625],[108.78557,-7.36296],[108.78511,-7.36296]]],[[[108.77787,-7.36202],[108.77787,-7.36157],[108.77787,-7.36156],[108.77833,-7.36156],[108.77833,-7.36157],[108.77833,-7.36202],[108.77787,-7.36202]]],[[[108.79553,-7.36075],[108.79553,-7.3603],[108.79553,-7.35985],[108.79553,-7.35984],[108.79599,-7.35984],[108.79599,-7.35985],[108.79599,-7.3603],[108.79599,-7.36075],[108.79553,-7.36075]]],[[[108.76747,-7.36061],[108.76747,-7.36016],[108.76793,-7.36016],[108.76793,-7.36061],[108.76747,-7.36061]]],[[[108.76522,-7.35969],[108.76522,-7.36015],[108.76476,-7.36015],[108.76476,-7.35969],[108.76431,-7.35969],[108.76431,-7.35924],[108.76476,-7.35924],[108.76476,-7.35879],[108.76521,-7.35879],[108.76522,-7.35879],[108.76567,-7.35879],[108.76567,-7.35924],[108.76567,-7.35925],[108.76522,-7.35925],[108.76522,-7.35969]]],[[[108.7797,-7.35841],[108.78016,-7.35841],[108.78016,-7.35886],[108.78016,-7.35887],[108.78015,-7.35887],[108.78015,-7.35932],[108.77969,-7.35932],[108.77969,-7.35886],[108.7797,-7.35886],[108.7797,-7.35841]]],[[[108.78287,-7.35843],[108.78242,-7.35843],[108.78242,-7.35797],[108.78287,-7.35797],[108.78288,-7.35797],[108.78288,-7.35843],[108.78287,-7.35843]]],[[[108.79555,-7.35623],[108.79555,-7.35578],[108.79601,-7.35578],[108.79601,-7.35623],[108.79555,-7.35623]]],[[[108.78877,-7.35575],[108.78831,-7.35575],[108.78831,-7.35574],[108.78831,-7.35529],[108.78877,-7.35529],[108.78877,-7.35574],[108.78877,-7.35575]]],[[[108.7942,-7.35441],[108.79421,-7.35441],[108.79421,-7.35442],[108.79421,-7.35487],[108.7942,-7.35487],[108.79375,-7.35487],[108.79375,-7.35442],[108.79375,-7.35441],[108.7942,-7.35441]]],[[[108.78199,-7.35391],[108.78199,-7.35345],[108.78245,-7.35345],[108.78245,-7.35391],[108.78199,-7.35391]]],[[[108.79604,-7.34991],[108.79604,-7.34946],[108.79649,-7.34946],[108.79649,-7.34991],[108.79604,-7.34991]]],[[[108.77976,-7.34761],[108.77976,-7.34802],[108.77931,-7.34802],[108.77931,-7.34847],[108.7793,-7.34847],[108.77886,-7.34847],[108.77885,-7.34847],[108.7784,-7.34847],[108.7784,-7.34846],[108.77885,-7.34816],[108.77886,-7.34816],[108.77886,-7.34816],[108.77888,-7.34815],[108.77909,-7.34802],[108.7793,-7.34802],[108.7793,-7.34788],[108.77962,-7.34768],[108.77976,-7.3476],[108.77976,-7.34761]]],[[[108.79651,-7.34584],[108.79651,-7.34629],[108.79651,-7.3463],[108.79651,-7.34675],[108.79605,-7.34675],[108.79605,-7.3463],[108.79605,-7.34629],[108.79605,-7.34584],[108.79651,-7.34584]]],[[[108.79469,-7.34629],[108.79469,-7.34584],[108.79469,-7.34583],[108.79515,-7.34583],[108.79515,-7.34584],[108.79515,-7.34629],[108.79469,-7.34629]]],[[[108.79606,-7.34539],[108.7956,-7.34539],[108.7956,-7.34494],[108.79606,-7.34494],[108.79652,-7.34494],[108.79652,-7.34539],[108.79606,-7.34539]]],[[[108.79153,-7.34401],[108.79154,-7.34401],[108.79154,-7.34356],[108.792,-7.34356],[108.792,-7.34402],[108.79199,-7.34402],[108.79199,-7.34446],[108.79199,-7.34447],[108.79199,-7.34492],[108.79154,-7.34492],[108.79153,-7.34492],[108.79108,-7.34492],[108.79108,-7.34446],[108.79153,-7.34446],[108.79153,-7.34401]]],[[[108.79156,-7.3413],[108.79156,-7.34175],[108.7911,-7.34175],[108.7911,-7.3413],[108.79105,-7.3413],[108.79111,-7.34127],[108.79111,-7.3413],[108.79156,-7.3413]]],[[[108.79366,-7.33408],[108.79385,-7.33408],[108.79385,-7.33454],[108.79365,-7.33454],[108.79366,-7.3344],[108.79366,-7.33408]]],[[[108.79253,-7.32775],[108.79253,-7.3273],[108.79298,-7.3273],[108.79298,-7.32685],[108.79298,-7.3264],[108.79253,-7.3264],[108.79253,-7.32685],[108.7923,-7.32685],[108.79229,-7.32685],[108.7925,-7.3264],[108.79253,-7.32632],[108.79263,-7.32609],[108.79269,-7.32595],[108.79284,-7.32555],[108.79286,-7.32549],[108.79286,-7.32549],[108.79288,-7.32544],[108.79299,-7.32517],[108.79299,-7.32549],[108.79299,-7.3255],[108.79344,-7.3255],[108.79344,-7.32505],[108.79304,-7.32505],[108.79305,-7.32502],[108.79316,-7.32478],[108.79323,-7.32474],[108.79345,-7.32476],[108.79345,-7.32476],[108.7939,-7.3248],[108.7939,-7.3248],[108.79435,-7.32484],[108.79444,-7.32485],[108.79481,-7.32483],[108.79481,-7.32505],[108.79525,-7.32505],[108.79525,-7.32475],[108.79527,-7.32475],[108.79541,-7.32462],[108.79541,-7.32461],[108.79541,-7.3246],[108.79541,-7.3246],[108.79546,-7.32447],[108.79546,-7.32415],[108.79571,-7.32415],[108.79572,-7.32415],[108.79617,-7.32415],[108.79617,-7.32416],[108.79661,-7.32416],[108.79661,-7.32371],[108.79662,-7.32371],[108.79706,-7.32371],[108.79707,-7.32371],[108.79752,-7.32371],[108.79797,-7.32371],[108.79797,-7.32326],[108.79797,-7.32281],[108.79843,-7.32281],[108.79888,-7.32281],[108.79888,-7.32237],[108.79888,-7.32236],[108.79844,-7.32236],[108.79843,-7.32236],[108.79799,-7.32236],[108.79798,-7.32236],[108.79753,-7.32236],[108.79753,-7.32281],[108.79708,-7.32281],[108.79707,-7.32281],[108.79707,-7.32326],[108.79662,-7.32326],[108.79661,-7.32326],[108.79661,-7.3228],[108.79617,-7.3228],[108.79617,-7.32325],[108.79572,-7.32325],[108.79571,-7.32325],[108.79571,-7.3228],[108.7954,-7.3228],[108.79536,-7.32235],[108.79536,-7.32234],[108.79571,-7.32234],[108.79571,-7.3219],[108.79532,-7.3219],[108.79528,-7.32144],[108.79527,-7.32137],[108.79527,-7.32131],[108.79524,-7.32099],[108.7952,-7.32054],[108.79518,-7.32038],[108.79518,-7.32037],[108.7952,-7.32008],[108.79528,-7.31983],[108.79528,-7.32008],[108.79528,-7.32009],[108.79573,-7.32009],[108.79573,-7.32054],[108.79528,-7.32054],[108.79528,-7.32099],[108.79573,-7.32099],[108.79573,-7.32144],[108.79572,-7.32144],[108.79572,-7.3219],[108.79617,-7.3219],[108.79662,-7.3219],[108.79662,-7.32145],[108.79617,-7.32145],[108.79617,-7.32099],[108.79618,-7.32099],[108.79618,-7.32054],[108.79663,-7.32054],[108.79664,-7.32054],[108.79709,-7.32054],[108.79709,-7.32055],[108.79709,-7.321],[108.79753,-7.321],[108.79753,-7.32055],[108.79754,-7.32055],[108.79754,-7.3201],[108.79799,-7.3201],[108.79799,-7.31965],[108.79808,-7.31965],[108.79808,-7.31983],[108.79844,-7.31983],[108.79844,-7.31965],[108.79845,-7.31965],[108.79863,-7.31965],[108.79863,-7.31983],[108.7989,-7.31983],[108.79891,-7.31983],[108.79891,-7.3201],[108.79935,-7.3201],[108.79935,-7.31966],[108.79899,-7.31966],[108.79899,-7.31965],[108.79917,-7.31965],[108.79917,-7.31929],[108.79899,-7.31929],[108.79899,-7.3192],[108.79899,-7.31893],[108.79891,-7.31893],[108.7989,-7.31893],[108.79863,-7.31893],[108.79863,-7.31911],[108.79846,-7.31911],[108.79845,-7.31911],[108.79809,-7.31911],[108.79809,-7.3192],[108.79809,-7.31929],[108.798,-7.31929],[108.79791,-7.31929],[108.79791,-7.31965],[108.79754,-7.31965],[108.79754,-7.31919],[108.798,-7.31919],[108.798,-7.31875],[108.798,-7.31874],[108.798,-7.31829],[108.79845,-7.31829],[108.79845,-7.31785],[108.79845,-7.31784],[108.79845,-7.31739],[108.7989,-7.31739],[108.79891,-7.31739],[108.79936,-7.31739],[108.79936,-7.31694],[108.79982,-7.31694],[108.79982,-7.3174],[108.80026,-7.3174],[108.80027,-7.3174],[108.80027,-7.31695],[108.80027,-7.3165],[108.79982,-7.3165],[108.79982,-7.31605],[108.79982,-7.31604],[108.79937,-7.31604],[108.79937,-7.31559],[108.79982,-7.31559],[108.79982,-7.31514],[108.79983,-7.31514],[108.79983,-7.31469],[108.79983,-7.31424],[108.79952,-7.31424],[108.79952,-7.31423],[108.79965,-7.31406],[108.79975,-7.31401],[108.79984,-7.314],[108.79984,-7.31423],[108.80029,-7.31423],[108.80029,-7.31424],[108.80073,-7.31424],[108.80073,-7.31379],[108.80044,-7.31379],[108.80045,-7.31371],[108.80041,-7.31334],[108.80041,-7.31334],[108.80039,-7.31317],[108.80034,-7.31289],[108.80034,-7.31289],[108.80034,-7.31288],[108.80033,-7.31279],[108.80028,-7.31264],[108.80028,-7.31243],[108.80029,-7.31243],[108.80029,-7.31198],[108.80074,-7.31198],[108.80074,-7.31153],[108.8012,-7.31153],[108.80165,-7.31153],[108.80166,-7.31153],[108.80211,-7.31153],[108.80211,-7.31198],[108.80211,-7.31199],[108.80256,-7.31199],[108.80256,-7.31244],[108.80211,-7.31244],[108.8021,-7.31244],[108.80165,-7.31244],[108.80165,-7.31289],[108.80209,-7.31289],[108.8021,-7.31289],[108.80255,-7.31289],[108.80255,-7.31334],[108.80255,-7.31335],[108.8021,-7.31335],[108.8021,-7.31379],[108.80255,-7.31379],[108.80255,-7.3138],[108.803,-7.3138],[108.803,-7.31348],[108.803,-7.31337],[108.803,-7.31335],[108.80345,-7.31335],[108.80346,-7.31335],[108.80391,-7.31335],[108.80391,-7.3138],[108.80436,-7.3138],[108.80436,-7.31425],[108.80436,-7.31426],[108.80481,-7.31426],[108.80481,-7.31471],[108.80481,-7.31472],[108.80481,-7.31484],[108.80481,-7.31516],[108.80481,-7.31562],[108.80435,-7.31562],[108.80435,-7.31606],[108.80435,-7.31607],[108.80389,-7.31607],[108.80389,-7.31606],[108.80389,-7.31561],[108.80389,-7.31516],[108.8039,-7.31516],[108.8039,-7.31471],[108.80345,-7.31471],[108.803,-7.31471],[108.803,-7.31515],[108.803,-7.31516],[108.80254,-7.31516],[108.80254,-7.31515],[108.80254,-7.3147],[108.80254,-7.31425],[108.80209,-7.31425],[108.80209,-7.3147],[108.80209,-7.31515],[108.80209,-7.3156],[108.80164,-7.3156],[108.80164,-7.31605],[108.80164,-7.3165],[108.80119,-7.3165],[108.80118,-7.3165],[108.80118,-7.31695],[108.80163,-7.31695],[108.80163,-7.3174],[108.80163,-7.31741],[108.80208,-7.31741],[108.80208,-7.31786],[108.80208,-7.31831],[108.80208,-7.31876],[108.80253,-7.31876],[108.80253,-7.31877],[108.80298,-7.31877],[108.80298,-7.31922],[108.80342,-7.31922],[108.80343,-7.31922],[108.80388,-7.31922],[108.80388,-7.31877],[108.80434,-7.31877],[108.80434,-7.31923],[108.80388,-7.31923],[108.80388,-7.31968],[108.80433,-7.31968],[108.80478,-7.31968],[108.80479,-7.31968],[108.80524,-7.31968],[108.80524,-7.32002],[108.80524,-7.32014],[108.80521,-7.32014],[108.80478,-7.32014],[108.80478,-7.32058],[108.80478,-7.32059],[108.80433,-7.32059],[108.80433,-7.32103],[108.80387,-7.32103],[108.80387,-7.32148],[108.80387,-7.32193],[108.80387,-7.32194],[108.80405,-7.32194],[108.80405,-7.32221],[108.80422,-7.32221],[108.80422,-7.32239],[108.80422,-7.32257],[108.80431,-7.32257],[108.80432,-7.32257],[108.80441,-7.32257],[108.80459,-7.32257],[108.80462,-7.32257],[108.80471,-7.32257],[108.80476,-7.32257],[108.80477,-7.32257],[108.80495,-7.32257],[108.80495,-7.32239],[108.80522,-7.32239],[108.80522,-7.32194],[108.80568,-7.32194],[108.80568,-7.32239],[108.80568,-7.3224],[108.80568,-7.32285],[108.80522,-7.32285],[108.80477,-7.32285],[108.80477,-7.3233],[108.80464,-7.3233],[108.80455,-7.3233],[108.80431,-7.3233],[108.80431,-7.32374],[108.80431,-7.32375],[108.80386,-7.32375],[108.80386,-7.32419],[108.80386,-7.32464],[108.80386,-7.32465],[108.80431,-7.32465],[108.80431,-7.3251],[108.80431,-7.32555],[108.80386,-7.32555],[108.80385,-7.32555],[108.80385,-7.32582],[108.80349,-7.32582],[108.8034,-7.32582],[108.80339,-7.32582],[108.8033,-7.32582],[108.80312,-7.32582],[108.80312,-7.32555],[108.80312,-7.32554],[108.80312,-7.32546],[108.80295,-7.32546],[108.80294,-7.32546],[108.80276,-7.32546],[108.80276,-7.32554],[108.80276,-7.32555],[108.80276,-7.32599],[108.80276,-7.326],[108.80258,-7.326],[108.80258,-7.32618],[108.80249,-7.32618],[108.80248,-7.32618],[108.8024,-7.32618],[108.80204,-7.32618],[108.80204,-7.32636],[108.80203,-7.32636],[108.80203,-7.32635],[108.80167,-7.32635],[108.80167,-7.32644],[108.80167,-7.32671],[108.80185,-7.32671],[108.80185,-7.32689],[108.80185,-7.3269],[108.80167,-7.3269],[108.80167,-7.32707],[108.80167,-7.32708],[108.80158,-7.32708],[108.80157,-7.32708],[108.80131,-7.32708],[108.80131,-7.32689],[108.80113,-7.32689],[108.80113,-7.32671],[108.80112,-7.32671],[108.80077,-7.32671],[108.80077,-7.32689],[108.80076,-7.32689],[108.80076,-7.32725],[108.80076,-7.32734],[108.80076,-7.32743],[108.80068,-7.32743],[108.80067,-7.32743],[108.80058,-7.32743],[108.80058,-7.32761],[108.80022,-7.32761],[108.80022,-7.32734],[108.79977,-7.32734],[108.79977,-7.32761],[108.7995,-7.32761],[108.79932,-7.32761],[108.79931,-7.32761],[108.79914,-7.32761],[108.79914,-7.32779],[108.79886,-7.32779],[108.79886,-7.32824],[108.79841,-7.32824],[108.79841,-7.32869],[108.79885,-7.32869],[108.79886,-7.32869],[108.79931,-7.32869],[108.79976,-7.32869],[108.79976,-7.32833],[108.79985,-7.32833],[108.79985,-7.32851],[108.80004,-7.32851],[108.80004,-7.32869],[108.80004,-7.3287],[108.79985,-7.3287],[108.79985,-7.32887],[108.79977,-7.32887],[108.79976,-7.32887],[108.79967,-7.32887],[108.79967,-7.32905],[108.79966,-7.32905],[108.79949,-7.32905],[108.79949,-7.32887],[108.79931,-7.32887],[108.79913,-7.32887],[108.79913,-7.32914],[108.79886,-7.32914],[108.79886,-7.32959],[108.7985,-7.32959],[108.79848,-7.32959],[108.7984,-7.32959],[108.7984,-7.32943],[108.79847,-7.32954],[108.79845,-7.32943],[108.7984,-7.32936],[108.7984,-7.32914],[108.7984,-7.32869],[108.79796,-7.32869],[108.79795,-7.32869],[108.79795,-7.32867],[108.79795,-7.32823],[108.7975,-7.32823],[108.79712,-7.32823],[108.79704,-7.3282],[108.79704,-7.32778],[108.79659,-7.32778],[108.79659,-7.32777],[108.79615,-7.32777],[108.79614,-7.32777],[108.7957,-7.32777],[108.79569,-7.32777],[108.79569,-7.32816],[108.79569,-7.32821],[108.79569,-7.32822],[108.79563,-7.32822],[108.79536,-7.32822],[108.79533,-7.32822],[108.79533,-7.32795],[108.79523,-7.32795],[108.79523,-7.32777],[108.79497,-7.32777],[108.79497,-7.32759],[108.79479,-7.32759],[108.79479,-7.32758],[108.79479,-7.3274],[108.79497,-7.3274],[108.79497,-7.32732],[108.79497,-7.32731],[108.79497,-7.32704],[108.79479,-7.32704],[108.79479,-7.32686],[108.79479,-7.32668],[108.7948,-7.32668],[108.7948,-7.32641],[108.7948,-7.32614],[108.79479,-7.32614],[108.79461,-7.32614],[108.79461,-7.32596],[108.79443,-7.32596],[108.79435,-7.32596],[108.79434,-7.32596],[108.79407,-7.32596],[108.79407,-7.3264],[108.79407,-7.32641],[108.79407,-7.32649],[108.79425,-7.3265],[108.79425,-7.32668],[108.79433,-7.32668],[108.79434,-7.32668],[108.79443,-7.32668],[108.79443,-7.32686],[108.79443,-7.32722],[108.79461,-7.32722],[108.79461,-7.32731],[108.79461,-7.3274],[108.79443,-7.3274],[108.79443,-7.32776],[108.79434,-7.32776],[108.79434,-7.32794],[108.79433,-7.32794],[108.79433,-7.32795],[108.79425,-7.32795],[108.79425,-7.32821],[108.79425,-7.32848],[108.79433,-7.32848],[108.79434,-7.32848],[108.79442,-7.32848],[108.79442,-7.32849],[108.7946,-7.32849],[108.7946,-7.32858],[108.7946,-7.3286],[108.7946,-7.32867],[108.79448,-7.32867],[108.7944,-7.32867],[108.79434,-7.32867],[108.79433,-7.32867],[108.79388,-7.32867],[108.79388,-7.32893],[108.79388,-7.32904],[108.79388,-7.32911],[108.79388,-7.32912],[108.79378,-7.32912],[108.79365,-7.32912],[108.79351,-7.32912],[108.79351,-7.32911],[108.79342,-7.32905],[108.79342,-7.32866],[108.79297,-7.32866],[108.79297,-7.32821],[108.79298,-7.32821],[108.79298,-7.32776],[108.79253,-7.32776],[108.79253,-7.32775]],[[108.79344,-7.32595],[108.79389,-7.32595],[108.79434,-7.32595],[108.79434,-7.32551],[108.79434,-7.3255],[108.7939,-7.3255],[108.79389,-7.3255],[108.79344,-7.3255],[108.79344,-7.32595]],[[108.80387,-7.32058],[108.80387,-7.32013],[108.80387,-7.31968],[108.80343,-7.31968],[108.80343,-7.32012],[108.80343,-7.32013],[108.80343,-7.32058],[108.80342,-7.32058],[108.80342,-7.32103],[108.80387,-7.32103],[108.80387,-7.32058]],[[108.80119,-7.31469],[108.80163,-7.31469],[108.80163,-7.31424],[108.80119,-7.31424],[108.80118,-7.31424],[108.80074,-7.31424],[108.80074,-7.31469],[108.80118,-7.31469],[108.80119,-7.31469]],[[108.80072,-7.3165],[108.80073,-7.3165],[108.80073,-7.31605],[108.80028,-7.31605],[108.80028,-7.3165],[108.80072,-7.3165]],[[108.80026,-7.32101],[108.80026,-7.32147],[108.8007,-7.32147],[108.8007,-7.32102],[108.8007,-7.32057],[108.8007,-7.32056],[108.8007,-7.32012],[108.8007,-7.32011],[108.80026,-7.32011],[108.80026,-7.32056],[108.80026,-7.32101]],[[108.80295,-7.32193],[108.80251,-7.32193],[108.80251,-7.32238],[108.80295,-7.32238],[108.80295,-7.32193]],[[108.80249,-7.32509],[108.80249,-7.32464],[108.80205,-7.32464],[108.80205,-7.32509],[108.80249,-7.32509]],[[108.79978,-7.32327],[108.79979,-7.32327],[108.79979,-7.32282],[108.79934,-7.32282],[108.79889,-7.32282],[108.79889,-7.32327],[108.79933,-7.32327],[108.79934,-7.32327],[108.79978,-7.32327]],[[108.79933,-7.32508],[108.79978,-7.32508],[108.79978,-7.32553],[108.80022,-7.32553],[108.80022,-7.32508],[108.80059,-7.32508],[108.80059,-7.32544],[108.80068,-7.32544],[108.80078,-7.32544],[108.80113,-7.32544],[108.80114,-7.32544],[108.80131,-7.32544],[108.80131,-7.32509],[108.80131,-7.32508],[108.80131,-7.32491],[108.80114,-7.32491],[108.80113,-7.32491],[108.80096,-7.32491],[108.80095,-7.32491],[108.80095,-7.3249],[108.80068,-7.3249],[108.80068,-7.32463],[108.80023,-7.32463],[108.80023,-7.32418],[108.79979,-7.32418],[108.79978,-7.32418],[108.79978,-7.32463],[108.79932,-7.32463],[108.79932,-7.32417],[108.79888,-7.32417],[108.79888,-7.32462],[108.79888,-7.32507],[108.79933,-7.32507],[108.79933,-7.32508]],[[108.79887,-7.32598],[108.79887,-7.32643],[108.79932,-7.32643],[108.79932,-7.32598],[108.79887,-7.32598]],[[108.79662,-7.32506],[108.79706,-7.32506],[108.79706,-7.32461],[108.79662,-7.32461],[108.79662,-7.32506]],[[108.79616,-7.32597],[108.79616,-7.32642],[108.7966,-7.32642],[108.7966,-7.32597],[108.79616,-7.32597]],[[108.79525,-7.32596],[108.7957,-7.32596],[108.7957,-7.32551],[108.79526,-7.32551],[108.79525,-7.32551],[108.79525,-7.32596]],[[108.79571,-7.32506],[108.79616,-7.32506],[108.79616,-7.32461],[108.79572,-7.32461],[108.79571,-7.32461],[108.79571,-7.32506]],[[108.79796,-7.32642],[108.79796,-7.32597],[108.79752,-7.32597],[108.79752,-7.32642],[108.79796,-7.32642]],[[108.79845,-7.32101],[108.79845,-7.32146],[108.79889,-7.32146],[108.79889,-7.32101],[108.79889,-7.32056],[108.7989,-7.32056],[108.7989,-7.3201],[108.79845,-7.3201],[108.79845,-7.32055],[108.79845,-7.321],[108.79845,-7.32101]],[[108.80067,-7.32734],[108.80067,-7.32689],[108.80023,-7.32689],[108.80023,-7.32734],[108.80067,-7.32734]],[[108.80022,-7.32688],[108.80022,-7.32644],[108.79977,-7.32644],[108.79977,-7.32688],[108.80022,-7.32688]],[[108.79936,-7.32056],[108.7998,-7.32056],[108.7998,-7.32011],[108.79936,-7.32011],[108.79936,-7.32056]],[[108.8007,-7.32373],[108.80069,-7.32373],[108.80069,-7.32418],[108.80114,-7.32418],[108.80114,-7.32373],[108.8007,-7.32373]],[[108.7998,-7.32237],[108.80024,-7.32237],[108.80024,-7.32192],[108.80025,-7.32192],[108.80025,-7.32147],[108.7998,-7.32147],[108.7998,-7.32191],[108.7998,-7.32192],[108.7998,-7.32236],[108.7998,-7.32237]],[[108.80024,-7.32364],[108.80024,-7.32363],[108.80042,-7.32363],[108.80042,-7.32328],[108.80042,-7.32327],[108.80025,-7.32327],[108.80024,-7.32327],[108.79988,-7.32327],[108.79988,-7.32372],[108.79988,-7.32373],[108.79988,-7.32399],[108.80006,-7.32399],[108.80023,-7.32399],[108.80024,-7.32399],[108.80042,-7.32399],[108.80042,-7.32373],[108.80042,-7.32372],[108.80042,-7.32364],[108.80024,-7.32364]],[[108.7998,-7.32101],[108.79935,-7.32101],[108.79935,-7.32146],[108.7998,-7.32146],[108.7998,-7.32101]],[[108.7998,-7.31875],[108.79936,-7.31875],[108.79936,-7.3192],[108.7998,-7.3192],[108.7998,-7.31875]],[[108.80026,-7.3183],[108.79981,-7.3183],[108.79981,-7.31875],[108.80025,-7.31875],[108.80026,-7.31875],[108.80026,-7.31831],[108.80026,-7.3183]],[[108.80114,-7.32554],[108.80113,-7.32554],[108.80113,-7.32599],[108.80158,-7.32599],[108.80158,-7.32554],[108.80114,-7.32554]],[[108.80074,-7.31379],[108.80118,-7.31379],[108.80119,-7.31379],[108.80164,-7.31379],[108.80164,-7.31334],[108.80119,-7.31334],[108.80119,-7.31289],[108.80074,-7.31289],[108.80074,-7.31333],[108.80074,-7.31334],[108.80074,-7.31379]],[[108.80297,-7.32012],[108.80297,-7.31967],[108.80252,-7.31967],[108.80252,-7.32012],[108.80252,-7.32057],[108.80297,-7.32057],[108.80297,-7.32013],[108.80297,-7.32012]],[[108.80206,-7.32057],[108.80206,-7.32102],[108.80251,-7.32102],[108.80251,-7.32057],[108.80206,-7.32057]],[[108.80206,-7.32012],[108.80206,-7.31967],[108.80206,-7.31922],[108.80207,-7.31922],[108.80207,-7.31877],[108.80162,-7.31877],[108.80162,-7.31921],[108.80117,-7.31921],[108.80117,-7.31966],[108.80116,-7.31966],[108.80116,-7.32011],[108.80161,-7.32011],[108.80161,-7.32012],[108.80161,-7.32057],[108.80206,-7.32057],[108.80206,-7.32012]],[[108.80209,-7.31424],[108.80209,-7.3138],[108.80164,-7.3138],[108.80164,-7.31424],[108.80209,-7.31424]],[[108.80385,-7.3251],[108.80386,-7.3251],[108.80403,-7.3251],[108.80403,-7.32474],[108.80386,-7.32474],[108.80385,-7.32474],[108.80349,-7.32474],[108.8034,-7.32474],[108.80313,-7.32474],[108.80313,-7.32509],[108.80331,-7.32509],[108.8034,-7.32509],[108.80349,-7.32509],[108.80349,-7.3251],[108.80349,-7.32546],[108.80385,-7.32546],[108.80385,-7.3251]],[[108.8039,-7.31416],[108.8039,-7.31406],[108.8039,-7.3138],[108.80348,-7.3138],[108.80346,-7.3138],[108.80346,-7.3139],[108.80346,-7.31425],[108.8039,-7.31425],[108.8039,-7.31416]]],[[[108.79229,-7.32853],[108.79229,-7.32854],[108.79225,-7.3285],[108.7922,-7.3282],[108.79225,-7.3282],[108.79229,-7.32841],[108.79229,-7.32842],[108.79228,-7.32843],[108.79228,-7.32844],[108.7923,-7.32848],[108.7923,-7.32849],[108.7923,-7.3285],[108.7923,-7.32851],[108.7923,-7.32852],[108.79229,-7.32852],[108.79229,-7.32853]]],[[[108.79253,-7.32841],[108.79241,-7.32833],[108.7924,-7.32832],[108.79239,-7.32831],[108.79234,-7.3282],[108.79253,-7.3282],[108.79253,-7.32841]]],[[[108.79182,-7.32728],[108.79188,-7.32726],[108.79208,-7.32714],[108.79208,-7.3273],[108.7919,-7.3273],[108.79183,-7.3273],[108.79182,-7.32728]]],[[[108.79664,-7.31964],[108.79664,-7.32009],[108.79619,-7.32009],[108.79618,-7.32009],[108.79573,-7.32009],[108.79573,-7.31964],[108.79618,-7.31964],[108.79619,-7.31964],[108.79664,-7.31964]]],[[[108.79553,-7.31919],[108.79553,-7.31918],[108.79556,-7.3191],[108.79558,-7.31895],[108.79573,-7.31883],[108.79572,-7.31873],[108.79574,-7.31873],[108.79574,-7.31835],[108.79574,-7.31828],[108.79619,-7.31828],[108.79619,-7.31783],[108.7962,-7.31783],[108.7962,-7.31738],[108.79584,-7.31738],[108.79588,-7.31707],[108.7959,-7.31693],[108.79594,-7.31663],[108.79594,-7.31648],[108.79594,-7.31647],[108.79594,-7.31647],[108.79595,-7.31609],[108.7961,-7.31603],[108.79614,-7.31602],[108.7962,-7.316],[108.79629,-7.31597],[108.7966,-7.31596],[108.79665,-7.31596],[108.7971,-7.31594],[108.7971,-7.31594],[108.79721,-7.31593],[108.79725,-7.31558],[108.79727,-7.31546],[108.79756,-7.31544],[108.79756,-7.31544],[108.79789,-7.31542],[108.79801,-7.31539],[108.79801,-7.31539],[108.79839,-7.3153],[108.79847,-7.31527],[108.79847,-7.31558],[108.79802,-7.31558],[108.79802,-7.31603],[108.79801,-7.31603],[108.79801,-7.31648],[108.79801,-7.31649],[108.79801,-7.31693],[108.79801,-7.31694],[108.79801,-7.31739],[108.798,-7.31739],[108.798,-7.31784],[108.798,-7.31829],[108.79755,-7.31829],[108.79755,-7.31874],[108.7971,-7.31874],[108.7971,-7.31919],[108.79665,-7.31919],[108.79664,-7.31919],[108.79619,-7.31919],[108.79619,-7.31874],[108.79574,-7.31874],[108.79574,-7.31918],[108.79574,-7.31919],[108.79553,-7.31919]],[[108.79665,-7.31738],[108.79665,-7.31693],[108.7962,-7.31693],[108.7962,-7.31738],[108.79665,-7.31738]]],[[[108.79276,-7.28059],[108.79276,-7.28067],[108.79243,-7.28032],[108.79243,-7.28031],[108.7923,-7.28018],[108.7923,-7.28011],[108.79232,-7.28013],[108.79249,-7.28031],[108.7925,-7.28031],[108.79276,-7.28059]]],[[[108.79639,-7.27852],[108.79639,-7.27808],[108.79639,-7.27763],[108.79639,-7.27762],[108.79594,-7.27762],[108.79594,-7.27717],[108.79549,-7.27717],[108.79549,-7.27672],[108.79504,-7.27672],[108.79504,-7.27626],[108.79549,-7.27626],[108.79594,-7.27626],[108.79594,-7.27582],[108.79549,-7.27582],[108.79549,-7.27581],[108.79504,-7.27581],[108.79504,-7.27536],[108.79549,-7.27536],[108.79549,-7.27491],[108.79505,-7.27491],[108.79504,-7.27491],[108.79459,-7.27491],[108.79459,-7.27536],[108.79414,-7.27536],[108.79414,-7.2749],[108.79459,-7.2749],[108.79459,-7.27446],[108.79459,-7.27445],[108.79414,-7.27445],[108.79414,-7.274],[108.79414,-7.27355],[108.79414,-7.2731],[108.7937,-7.2731],[108.7937,-7.27354],[108.7937,-7.27355],[108.7937,-7.274],[108.79324,-7.274],[108.79324,-7.27355],[108.79324,-7.27354],[108.79324,-7.27309],[108.79288,-7.27309],[108.7928,-7.27297],[108.79279,-7.27297],[108.79279,-7.27296],[108.79279,-7.27264],[108.79279,-7.27219],[108.79234,-7.27219],[108.79234,-7.27218],[108.79234,-7.27173],[108.79234,-7.27141],[108.7924,-7.27139],[108.79276,-7.2713],[108.7928,-7.2713],[108.7932,-7.2713],[108.79325,-7.2713],[108.79326,-7.2713],[108.79326,-7.2713],[108.79364,-7.27131],[108.7937,-7.2713],[108.7937,-7.2713],[108.7938,-7.27129],[108.79379,-7.27129],[108.79389,-7.27127],[108.79416,-7.27119],[108.79416,-7.27119],[108.79461,-7.27106],[108.79461,-7.27106],[108.79487,-7.27098],[108.79507,-7.27092],[108.79532,-7.27084],[108.79531,-7.27084],[108.79552,-7.27077],[108.79553,-7.27077],[108.79553,-7.27078],[108.79597,-7.27063],[108.79598,-7.27063],[108.79598,-7.27084],[108.79598,-7.27085],[108.79598,-7.2713],[108.79597,-7.2713],[108.79553,-7.2713],[108.79552,-7.2713],[108.79552,-7.27174],[108.79552,-7.27175],[108.79596,-7.27175],[108.79597,-7.27175],[108.79642,-7.27175],[108.79642,-7.2713],[108.79687,-7.2713],[108.79688,-7.2713],[108.79732,-7.2713],[108.79733,-7.2713],[108.79778,-7.2713],[108.79778,-7.27131],[108.79814,-7.27131],[108.79814,-7.27158],[108.79823,-7.27158],[108.79823,-7.27176],[108.79867,-7.27176],[108.79868,-7.27176],[108.79868,-7.2714],[108.79869,-7.2714],[108.79869,-7.27131],[108.79869,-7.27086],[108.79913,-7.27086],[108.79914,-7.27086],[108.79914,-7.27041],[108.79914,-7.26996],[108.79959,-7.26996],[108.79959,-7.26951],[108.80005,-7.26951],[108.80005,-7.26906],[108.79985,-7.26906],[108.79989,-7.26901],[108.80002,-7.2688],[108.80006,-7.26874],[108.80006,-7.26906],[108.80051,-7.26906],[108.80051,-7.26951],[108.80096,-7.26951],[108.80096,-7.26979],[108.80086,-7.26979],[108.80051,-7.26979],[108.8005,-7.26979],[108.8005,-7.26996],[108.8005,-7.27014],[108.80068,-7.27014],[108.80068,-7.27015],[108.8005,-7.27015],[108.8005,-7.27033],[108.80032,-7.27033],[108.80032,-7.27041],[108.80032,-7.27042],[108.80032,-7.27068],[108.80049,-7.27068],[108.80049,-7.27069],[108.80049,-7.27086],[108.80049,-7.27087],[108.8005,-7.27087],[108.80085,-7.27087],[108.80085,-7.27051],[108.80086,-7.27051],[108.80086,-7.27042],[108.80086,-7.27041],[108.80086,-7.27033],[108.80086,-7.27032],[108.80095,-7.27032],[108.80096,-7.27032],[108.80104,-7.27032],[108.80104,-7.27033],[108.80104,-7.27042],[108.80104,-7.27069],[108.80095,-7.27069],[108.80086,-7.27069],[108.80086,-7.27087],[108.80086,-7.27105],[108.80094,-7.27105],[108.80095,-7.27105],[108.80103,-7.27105],[108.80104,-7.27105],[108.80104,-7.27123],[108.8014,-7.27123],[108.8014,-7.27105],[108.8014,-7.27087],[108.80141,-7.27087],[108.80158,-7.27087],[108.80176,-7.27087],[108.80176,-7.27123],[108.80185,-7.27123],[108.80186,-7.27123],[108.80212,-7.27123],[108.80212,-7.27105],[108.80213,-7.27105],[108.80231,-7.27105],[108.80231,-7.27106],[108.80231,-7.27133],[108.80186,-7.27133],[108.80185,-7.27133],[108.80185,-7.27178],[108.8023,-7.27178],[108.8023,-7.27223],[108.80184,-7.27223],[108.80184,-7.27178],[108.8014,-7.27178],[108.8014,-7.27223],[108.80094,-7.27223],[108.80094,-7.27177],[108.80139,-7.27177],[108.80139,-7.27132],[108.80095,-7.27132],[108.80094,-7.27132],[108.8005,-7.27132],[108.8005,-7.27177],[108.80004,-7.27177],[108.80004,-7.27132],[108.79959,-7.27132],[108.79958,-7.27132],[108.79914,-7.27132],[108.79914,-7.27176],[108.79913,-7.27176],[108.79913,-7.27221],[108.79913,-7.27222],[108.79958,-7.27222],[108.80004,-7.27222],[108.80004,-7.27267],[108.79958,-7.27267],[108.79913,-7.27267],[108.79913,-7.27312],[108.79913,-7.27357],[108.79913,-7.27402],[108.79913,-7.27448],[108.79867,-7.27448],[108.79867,-7.27492],[108.79912,-7.27492],[108.79912,-7.27538],[108.79866,-7.27538],[108.79866,-7.27492],[108.79822,-7.27492],[108.79821,-7.27492],[108.79776,-7.27492],[108.79776,-7.27447],[108.79821,-7.27447],[108.79822,-7.27447],[108.79867,-7.27447],[108.79867,-7.27402],[108.79822,-7.27402],[108.79822,-7.27357],[108.79778,-7.27357],[108.79777,-7.27357],[108.79732,-7.27357],[108.79732,-7.27401],[108.79687,-7.27401],[108.79686,-7.27401],[108.79686,-7.27446],[108.79686,-7.27492],[108.7964,-7.27492],[108.7964,-7.27446],[108.7964,-7.27401],[108.79641,-7.27401],[108.79641,-7.27356],[108.79641,-7.27311],[108.79596,-7.27311],[108.79596,-7.27355],[108.79596,-7.27356],[108.79596,-7.27401],[108.79551,-7.27401],[108.7955,-7.27401],[108.7955,-7.27445],[108.7955,-7.27446],[108.79596,-7.27446],[108.79596,-7.27491],[108.79595,-7.27491],[108.79595,-7.27536],[108.79595,-7.27581],[108.79639,-7.27581],[108.79639,-7.27536],[108.79685,-7.27536],[108.79685,-7.27582],[108.79685,-7.27627],[108.79685,-7.27672],[108.79685,-7.27717],[108.7973,-7.27717],[108.7973,-7.27763],[108.79685,-7.27763],[108.79685,-7.27808],[108.79729,-7.27808],[108.7973,-7.27808],[108.7973,-7.27853],[108.7973,-7.27898],[108.79729,-7.27898],[108.79685,-7.27898],[108.79684,-7.27898],[108.79684,-7.27943],[108.79684,-7.27957],[108.79664,-7.27951],[108.79638,-7.27951],[108.79638,-7.27943],[108.79638,-7.27898],[108.79594,-7.27898],[108.79593,-7.27898],[108.79548,-7.27898],[108.79548,-7.27852],[108.79593,-7.27852],[108.79594,-7.27852],[108.79639,-7.27852]],[[108.79639,-7.27717],[108.79639,-7.27672],[108.79594,-7.27672],[108.79594,-7.27717],[108.79639,-7.27717]],[[108.79642,-7.27265],[108.79687,-7.27265],[108.79687,-7.27221],[108.79642,-7.27221],[108.79642,-7.2722],[108.79597,-7.2722],[108.79597,-7.27265],[108.79641,-7.27265],[108.79642,-7.27265]],[[108.79415,-7.27219],[108.79371,-7.27219],[108.7937,-7.27219],[108.79325,-7.27219],[108.79325,-7.27264],[108.79325,-7.27309],[108.79369,-7.27309],[108.79369,-7.27264],[108.79415,-7.27264],[108.79415,-7.27219]],[[108.79551,-7.2731],[108.79596,-7.2731],[108.79596,-7.27265],[108.79552,-7.27265],[108.79551,-7.27265],[108.79551,-7.2731]],[[108.79687,-7.27311],[108.79687,-7.27356],[108.79732,-7.27356],[108.79732,-7.27311],[108.79687,-7.27311]],[[108.79733,-7.2722],[108.79733,-7.27221],[108.79777,-7.27221],[108.79777,-7.27176],[108.79733,-7.27176],[108.79733,-7.2722]]],[[[108.79412,-7.27942],[108.79412,-7.27928],[108.79433,-7.27909],[108.79445,-7.27897],[108.79458,-7.27897],[108.79458,-7.27942],[108.79412,-7.27942]]],[[[108.79368,-7.27761],[108.79413,-7.27761],[108.79413,-7.27716],[108.79459,-7.27716],[108.79459,-7.27761],[108.79459,-7.27762],[108.79413,-7.27762],[108.79413,-7.27793],[108.79399,-7.27791],[108.79373,-7.27784],[108.79367,-7.27779],[108.79367,-7.27761],[108.79351,-7.27761],[108.79347,-7.27753],[108.79344,-7.27736],[108.79347,-7.27719],[108.79349,-7.27716],[108.79356,-7.27707],[108.79368,-7.27701],[108.79368,-7.27716],[108.79368,-7.27761]]],[[[108.79233,-7.27603],[108.79229,-7.27602],[108.7921,-7.27595],[108.79202,-7.27582],[108.79201,-7.2758],[108.79201,-7.27579],[108.79233,-7.27579],[108.79233,-7.2758],[108.79278,-7.2758],[108.79279,-7.2758],[108.79323,-7.2758],[108.79323,-7.27535],[108.79369,-7.27535],[108.79369,-7.2758],[108.79414,-7.2758],[108.79414,-7.27619],[108.79407,-7.27614],[108.7939,-7.2761],[108.79369,-7.27607],[108.79369,-7.27608],[108.79344,-7.27605],[108.79324,-7.27605],[108.79323,-7.27605],[108.79323,-7.27605],[108.79296,-7.27604],[108.79279,-7.27604],[108.79278,-7.27604],[108.79278,-7.27604],[108.79233,-7.27603]]],[[[108.79234,-7.27495],[108.79234,-7.27534],[108.79234,-7.27535],[108.79205,-7.27535],[108.79205,-7.27534],[108.79212,-7.2752],[108.79233,-7.27495],[108.79234,-7.27495]]],[[[108.79143,-7.27308],[108.79099,-7.27308],[108.79099,-7.27347],[108.79098,-7.27347],[108.79079,-7.27343],[108.79074,-7.27324],[108.79078,-7.27308],[108.79098,-7.27308],[108.79098,-7.27263],[108.79099,-7.27263],[108.79143,-7.27263],[108.79144,-7.27263],[108.79189,-7.27263],[108.79189,-7.27308],[108.79144,-7.27308],[108.79143,-7.27308]]],[[[108.79144,-7.27218],[108.79144,-7.27192],[108.79146,-7.2719],[108.79173,-7.27173],[108.7919,-7.27173],[108.7919,-7.27218],[108.79144,-7.27218]]],[[[108.79688,-7.36256],[108.79687,-7.36256],[108.79687,-7.36211],[108.79688,-7.36211],[108.79733,-7.36211],[108.79733,-7.36166],[108.79778,-7.36166],[108.79779,-7.36166],[108.79779,-7.36121],[108.79779,-7.36076],[108.79824,-7.36076],[108.79825,-7.36076],[108.7987,-7.36076],[108.7987,-7.36122],[108.79825,-7.36122],[108.79825,-7.36166],[108.7987,-7.36166],[108.7987,-7.36167],[108.7987,-7.36212],[108.79824,-7.36212],[108.79824,-7.36257],[108.79824,-7.36302],[108.79778,-7.36302],[108.79778,-7.36257],[108.79733,-7.36257],[108.79733,-7.36256],[108.79688,-7.36256]]],[[[108.79735,-7.3585],[108.79735,-7.35805],[108.79735,-7.3576],[108.79735,-7.35759],[108.79736,-7.35759],[108.79781,-7.35759],[108.79781,-7.35715],[108.79736,-7.35715],[108.79735,-7.35715],[108.79735,-7.35714],[108.79735,-7.35669],[108.79691,-7.35669],[108.7969,-7.35669],[108.7969,-7.35624],[108.7969,-7.35579],[108.7969,-7.35578],[108.79691,-7.35578],[108.79691,-7.35533],[108.79737,-7.35533],[108.79737,-7.35579],[108.79781,-7.35579],[108.79782,-7.35579],[108.79826,-7.35579],[108.79827,-7.35579],[108.79872,-7.35579],[108.79872,-7.35624],[108.79872,-7.35625],[108.79917,-7.35625],[108.79917,-7.3558],[108.79917,-7.35535],[108.79917,-7.35534],[108.79963,-7.35534],[108.79963,-7.3549],[108.79963,-7.35489],[108.80009,-7.35489],[108.80009,-7.3549],[108.80053,-7.3549],[108.80054,-7.3549],[108.80099,-7.3549],[108.80099,-7.35445],[108.80099,-7.354],[108.80054,-7.354],[108.80054,-7.35355],[108.80054,-7.35354],[108.8001,-7.35354],[108.80009,-7.35354],[108.79965,-7.35354],[108.79964,-7.35354],[108.79964,-7.35399],[108.79964,-7.35444],[108.79918,-7.35444],[108.79918,-7.35399],[108.79918,-7.35354],[108.79919,-7.35354],[108.79919,-7.35309],[108.79919,-7.35264],[108.79919,-7.35263],[108.79874,-7.35263],[108.79874,-7.35218],[108.79874,-7.35173],[108.79919,-7.35173],[108.79919,-7.35128],[108.79874,-7.35128],[108.79874,-7.35083],[108.79829,-7.35083],[108.79829,-7.35082],[108.79829,-7.35037],[108.79874,-7.35037],[108.79875,-7.35037],[108.7992,-7.35037],[108.7992,-7.35082],[108.7992,-7.35083],[108.79964,-7.35083],[108.79965,-7.35083],[108.79965,-7.35038],[108.79965,-7.34993],[108.7992,-7.34993],[108.7992,-7.34947],[108.79875,-7.34947],[108.79875,-7.34902],[108.7983,-7.34902],[108.7983,-7.34856],[108.79786,-7.34856],[108.79785,-7.34856],[108.7974,-7.34856],[108.7974,-7.34811],[108.7974,-7.34766],[108.79786,-7.34766],[108.79786,-7.34811],[108.79831,-7.34811],[108.79831,-7.34856],[108.79876,-7.34856],[108.79876,-7.34812],[108.79876,-7.34811],[108.79876,-7.34767],[108.79876,-7.34766],[108.79876,-7.34721],[108.79876,-7.34676],[108.79877,-7.34676],[108.79877,-7.34631],[108.79877,-7.34586],[108.79877,-7.34585],[108.79877,-7.34541],[108.79877,-7.3454],[108.79877,-7.34495],[108.79877,-7.3445],[108.79877,-7.34423],[108.79887,-7.34423],[108.79923,-7.34423],[108.79923,-7.3445],[108.79968,-7.3445],[108.80014,-7.3445],[108.80014,-7.34496],[108.79968,-7.34496],[108.79923,-7.34496],[108.79923,-7.3454],[108.79923,-7.34541],[108.79923,-7.34585],[108.79923,-7.34586],[108.79923,-7.34631],[108.79923,-7.34676],[108.79922,-7.34676],[108.79922,-7.34721],[108.79922,-7.34766],[108.79967,-7.34766],[108.79967,-7.34767],[108.80012,-7.34767],[108.80012,-7.34722],[108.80057,-7.34722],[108.80058,-7.34722],[108.80102,-7.34722],[108.80102,-7.34677],[108.80102,-7.34632],[108.80103,-7.34632],[108.80148,-7.34632],[108.80193,-7.34632],[108.80193,-7.34587],[108.80239,-7.34587],[108.80239,-7.34632],[108.80284,-7.34632],[108.80284,-7.34588],[108.80284,-7.34587],[108.8033,-7.34587],[108.8033,-7.34588],[108.80375,-7.34588],[108.80375,-7.34633],[108.8042,-7.34633],[108.80466,-7.34633],[108.80466,-7.34634],[108.80511,-7.34634],[108.80511,-7.34679],[108.80466,-7.34679],[108.80465,-7.34679],[108.8042,-7.34679],[108.80374,-7.34679],[108.80374,-7.34678],[108.80329,-7.34678],[108.80329,-7.34633],[108.80284,-7.34633],[108.80284,-7.34678],[108.80284,-7.34723],[108.80238,-7.34723],[108.80238,-7.34678],[108.80193,-7.34678],[108.80193,-7.34722],[108.80193,-7.34723],[108.80193,-7.34768],[108.80193,-7.34813],[108.80193,-7.34858],[108.80238,-7.34858],[108.80238,-7.34904],[108.80193,-7.34904],[108.80193,-7.34948],[108.80238,-7.34948],[108.80238,-7.34949],[108.80283,-7.34949],[108.80283,-7.34994],[108.80328,-7.34994],[108.80373,-7.34994],[108.80373,-7.34995],[108.80418,-7.34995],[108.80463,-7.34995],[108.80463,-7.3495],[108.80508,-7.3495],[108.80508,-7.34905],[108.80509,-7.34905],[108.80509,-7.3486],[108.80555,-7.3486],[108.80555,-7.34905],[108.80554,-7.34905],[108.80554,-7.3495],[108.80509,-7.3495],[108.80509,-7.34995],[108.80554,-7.34995],[108.80554,-7.35041],[108.80508,-7.35041],[108.80508,-7.35085],[108.80508,-7.35086],[108.80553,-7.35086],[108.80554,-7.35086],[108.80598,-7.35086],[108.80598,-7.35041],[108.80644,-7.35041],[108.80644,-7.35086],[108.80689,-7.35086],[108.80689,-7.35131],[108.80689,-7.35132],[108.80734,-7.35132],[108.80734,-7.35087],[108.8078,-7.35087],[108.8078,-7.35132],[108.80825,-7.35132],[108.80825,-7.35177],[108.80825,-7.35178],[108.80825,-7.35223],[108.80869,-7.35223],[108.8087,-7.35223],[108.80914,-7.35223],[108.80915,-7.35223],[108.80915,-7.35178],[108.80961,-7.35178],[108.80961,-7.35223],[108.8096,-7.35223],[108.8096,-7.35268],[108.81005,-7.35268],[108.81005,-7.35269],[108.8105,-7.35269],[108.8105,-7.35224],[108.81096,-7.35224],[108.81142,-7.35224],[108.81142,-7.35269],[108.81186,-7.35269],[108.81186,-7.35224],[108.81232,-7.35224],[108.81232,-7.3527],[108.81232,-7.35315],[108.81231,-7.35315],[108.81231,-7.3536],[108.81186,-7.3536],[108.81186,-7.35405],[108.81186,-7.3545],[108.81185,-7.3545],[108.81185,-7.35496],[108.8114,-7.35496],[108.8114,-7.3554],[108.81185,-7.3554],[108.81185,-7.35586],[108.81139,-7.35586],[108.81139,-7.35541],[108.81094,-7.35541],[108.81094,-7.3554],[108.81094,-7.35495],[108.81049,-7.35495],[108.81049,-7.3545],[108.81049,-7.35405],[108.81004,-7.35405],[108.81004,-7.35449],[108.80959,-7.35449],[108.80958,-7.35449],[108.80914,-7.35449],[108.80913,-7.35449],[108.80913,-7.35404],[108.80914,-7.35404],[108.80958,-7.35404],[108.80959,-7.35404],[108.80959,-7.35359],[108.80914,-7.35359],[108.80869,-7.35359],[108.80868,-7.35359],[108.80868,-7.35313],[108.80869,-7.35313],[108.80869,-7.35268],[108.80824,-7.35268],[108.80824,-7.35313],[108.80779,-7.35313],[108.80778,-7.35313],[108.80778,-7.35268],[108.80734,-7.35268],[108.80734,-7.35312],[108.80734,-7.35313],[108.80734,-7.35357],[108.80734,-7.35358],[108.80734,-7.35403],[108.80778,-7.35403],[108.80778,-7.35358],[108.80824,-7.35358],[108.80824,-7.35403],[108.80824,-7.35449],[108.80778,-7.35449],[108.80778,-7.35448],[108.80733,-7.35448],[108.80733,-7.35493],[108.80778,-7.35493],[108.80778,-7.35538],[108.80778,-7.35539],[108.80778,-7.35584],[108.80823,-7.35584],[108.80823,-7.35629],[108.80823,-7.35674],[108.80823,-7.35675],[108.80777,-7.35675],[108.80777,-7.35674],[108.80777,-7.35629],[108.80732,-7.35629],[108.80687,-7.35629],[108.80687,-7.35674],[108.80641,-7.35674],[108.80641,-7.35718],[108.80641,-7.35719],[108.80641,-7.35764],[108.80595,-7.35764],[108.80595,-7.35719],[108.8055,-7.35719],[108.8055,-7.35718],[108.80505,-7.35718],[108.80505,-7.35763],[108.8046,-7.35763],[108.80415,-7.35763],[108.80415,-7.35808],[108.80369,-7.35808],[108.80369,-7.35853],[108.80414,-7.35853],[108.80414,-7.35898],[108.80368,-7.35898],[108.80368,-7.35853],[108.80324,-7.35853],[108.80323,-7.35853],[108.80278,-7.35853],[108.80278,-7.35807],[108.80323,-7.35807],[108.80324,-7.35807],[108.80369,-7.35807],[108.80369,-7.35763],[108.80369,-7.35718],[108.80369,-7.35717],[108.80325,-7.35717],[108.80324,-7.35717],[108.8028,-7.35717],[108.80279,-7.35717],[108.80234,-7.35717],[108.80234,-7.35762],[108.80188,-7.35762],[108.80188,-7.35717],[108.80188,-7.35716],[108.80188,-7.35671],[108.80144,-7.35671],[108.80143,-7.35671],[108.80099,-7.35671],[108.80098,-7.35671],[108.80098,-7.35716],[108.80052,-7.35716],[108.80052,-7.35671],[108.80007,-7.35671],[108.80007,-7.35625],[108.80008,-7.35625],[108.80008,-7.3558],[108.80053,-7.3558],[108.80053,-7.35535],[108.80009,-7.35535],[108.80008,-7.35535],[108.79963,-7.35535],[108.79963,-7.3558],[108.79963,-7.35625],[108.79963,-7.3567],[108.79917,-7.3567],[108.79917,-7.35715],[108.79961,-7.35715],[108.79962,-7.35715],[108.80007,-7.35715],[108.80007,-7.35761],[108.79962,-7.35761],[108.79962,-7.35806],[108.79916,-7.35806],[108.79916,-7.35761],[108.79916,-7.3576],[108.79916,-7.35715],[108.79872,-7.35715],[108.79871,-7.35715],[108.79871,-7.3576],[108.79871,-7.35805],[108.79871,-7.3585],[108.79871,-7.35851],[108.79871,-7.35896],[108.79826,-7.35896],[108.79826,-7.3594],[108.79826,-7.35941],[108.7987,-7.35941],[108.79871,-7.35941],[108.79916,-7.35941],[108.79916,-7.35986],[108.79871,-7.35986],[108.79871,-7.36031],[108.79825,-7.36031],[108.79825,-7.35986],[108.7978,-7.35986],[108.7978,-7.35941],[108.7978,-7.3594],[108.7978,-7.35896],[108.7978,-7.35895],[108.79735,-7.35895],[108.79735,-7.3585]],[[108.80099,-7.35535],[108.80099,-7.3558],[108.80144,-7.3558],[108.80144,-7.35536],[108.80144,-7.35491],[108.80144,-7.3549],[108.80099,-7.3549],[108.80099,-7.35535]],[[108.80505,-7.35673],[108.8046,-7.35673],[108.80415,-7.35673],[108.80415,-7.35717],[108.80415,-7.35718],[108.8046,-7.35718],[108.80505,-7.35718],[108.80505,-7.35673]],[[108.80236,-7.35084],[108.80237,-7.35084],[108.80237,-7.35039],[108.80192,-7.35039],[108.80192,-7.35084],[108.80236,-7.35084]],[[108.80282,-7.3522],[108.80282,-7.35265],[108.80326,-7.35265],[108.80326,-7.35221],[108.80326,-7.3522],[108.80326,-7.35175],[108.80282,-7.35175],[108.80281,-7.35175],[108.80237,-7.35175],[108.80236,-7.35175],[108.80236,-7.3522],[108.80282,-7.3522]],[[108.80236,-7.3531],[108.80236,-7.35355],[108.8028,-7.35355],[108.8028,-7.3531],[108.80281,-7.3531],[108.80281,-7.35265],[108.80236,-7.35265],[108.80191,-7.35265],[108.80191,-7.3531],[108.80236,-7.3531]],[[108.80234,-7.35581],[108.80234,-7.35536],[108.8019,-7.35536],[108.8019,-7.35581],[108.80234,-7.35581]],[[108.80279,-7.35672],[108.8028,-7.35672],[108.80324,-7.35672],[108.80325,-7.35672],[108.80369,-7.35672],[108.8037,-7.35672],[108.80415,-7.35672],[108.80415,-7.35627],[108.8046,-7.35627],[108.8046,-7.35583],[108.8046,-7.35582],[108.8046,-7.35537],[108.8046,-7.35492],[108.80416,-7.35492],[108.80416,-7.35537],[108.8037,-7.35537],[108.80325,-7.35537],[108.80325,-7.35582],[108.8028,-7.35582],[108.80279,-7.35582],[108.80279,-7.35581],[108.80235,-7.35581],[108.80235,-7.35626],[108.80235,-7.35672],[108.80279,-7.35672]],[[108.79826,-7.35714],[108.79826,-7.3567],[108.79826,-7.35625],[108.79826,-7.35624],[108.79782,-7.35624],[108.79781,-7.35624],[108.79781,-7.35669],[108.79781,-7.35714],[108.79826,-7.35714]],[[108.80013,-7.34812],[108.80012,-7.34812],[108.79967,-7.34812],[108.79922,-7.34812],[108.79922,-7.34857],[108.79966,-7.34857],[108.79967,-7.34857],[108.80012,-7.34857],[108.80012,-7.34902],[108.80057,-7.34902],[108.80057,-7.34903],[108.80102,-7.34903],[108.80102,-7.34858],[108.80102,-7.34813],[108.80057,-7.34813],[108.80057,-7.34812],[108.80057,-7.34767],[108.80013,-7.34767],[108.80013,-7.34812]],[[108.79966,-7.34902],[108.79921,-7.34902],[108.79921,-7.34947],[108.79966,-7.34947],[108.79966,-7.34902]],[[108.79966,-7.34993],[108.8001,-7.34993],[108.80011,-7.34993],[108.80011,-7.34948],[108.79966,-7.34948],[108.79966,-7.34993]],[[108.80508,-7.35312],[108.80508,-7.35357],[108.80552,-7.35357],[108.80598,-7.35357],[108.80598,-7.35402],[108.80643,-7.35402],[108.80643,-7.35447],[108.80643,-7.35448],[108.80687,-7.35448],[108.80687,-7.35403],[108.80688,-7.35403],[108.80688,-7.35358],[108.80688,-7.35357],[108.80688,-7.35313],[108.80688,-7.35312],[108.80643,-7.35312],[108.80643,-7.35267],[108.80599,-7.35267],[108.80598,-7.35267],[108.80598,-7.35312],[108.80552,-7.35312],[108.80552,-7.35267],[108.80552,-7.35266],[108.80553,-7.35266],[108.80553,-7.35222],[108.80553,-7.35221],[108.80508,-7.35221],[108.80463,-7.35221],[108.80463,-7.35266],[108.80508,-7.35266],[108.80508,-7.35311],[108.80508,-7.35312]],[[108.80371,-7.35401],[108.80371,-7.35446],[108.80371,-7.35491],[108.80415,-7.35491],[108.80415,-7.35447],[108.80461,-7.35447],[108.80461,-7.35492],[108.80506,-7.35492],[108.80506,-7.35447],[108.80506,-7.35402],[108.80462,-7.35402],[108.80461,-7.35402],[108.80416,-7.35402],[108.80416,-7.35401],[108.80371,-7.35401]],[[108.80327,-7.3513],[108.80327,-7.35085],[108.80283,-7.35085],[108.80282,-7.35085],[108.80282,-7.35129],[108.80282,-7.3513],[108.80327,-7.3513]],[[108.80687,-7.35539],[108.80687,-7.35538],[108.80642,-7.35538],[108.80642,-7.35583],[108.80686,-7.35583],[108.80687,-7.35583],[108.80687,-7.35539]],[[108.80597,-7.35448],[108.80552,-7.35448],[108.80552,-7.35492],[108.80597,-7.35492],[108.80597,-7.35448]],[[108.81005,-7.35314],[108.81004,-7.35314],[108.8096,-7.35314],[108.8096,-7.35359],[108.81004,-7.35359],[108.81005,-7.35359],[108.81049,-7.35359],[108.8105,-7.35359],[108.8105,-7.35314],[108.81005,-7.35314]]],[[[108.79783,-7.35443],[108.79783,-7.35489],[108.79828,-7.35489],[108.79828,-7.35534],[108.79782,-7.35534],[108.79782,-7.35489],[108.79737,-7.35489],[108.79737,-7.35443],[108.79783,-7.35443]]],[[[108.79828,-7.35444],[108.79828,-7.35398],[108.79874,-7.35398],[108.79874,-7.35444],[108.79828,-7.35444]]],[[[108.79783,-7.35353],[108.79783,-7.35398],[108.79738,-7.35398],[108.79737,-7.35398],[108.79692,-7.35398],[108.79692,-7.35353],[108.79737,-7.35353],[108.79738,-7.35353],[108.79783,-7.35353]]],[[[108.79828,-7.35353],[108.79783,-7.35353],[108.79783,-7.35308],[108.79783,-7.35263],[108.79783,-7.35218],[108.79829,-7.35218],[108.79829,-7.35263],[108.79874,-7.35263],[108.79874,-7.35308],[108.79874,-7.35354],[108.79828,-7.35354],[108.79828,-7.35353]]],[[[108.79787,-7.34585],[108.79787,-7.3463],[108.79832,-7.3463],[108.79832,-7.34676],[108.79787,-7.34676],[108.79787,-7.34721],[108.79741,-7.34721],[108.79741,-7.34675],[108.79786,-7.34675],[108.79786,-7.3463],[108.79741,-7.3463],[108.79741,-7.34585],[108.79741,-7.3454],[108.79787,-7.3454],[108.79787,-7.34585]]],[[[108.79888,-7.34224],[108.79888,-7.34242],[108.79878,-7.34242],[108.79878,-7.34224],[108.79888,-7.34224]]],[[[108.7988,-7.34061],[108.79889,-7.34061],[108.79889,-7.34062],[108.79888,-7.34062],[108.79888,-7.34089],[108.79888,-7.34116],[108.79925,-7.34116],[108.79925,-7.34134],[108.79925,-7.3417],[108.79906,-7.3417],[108.79879,-7.3417],[108.79879,-7.34134],[108.79834,-7.34134],[108.79834,-7.34088],[108.7988,-7.34088],[108.7988,-7.34061]]],[[[108.7988,-7.33998],[108.7988,-7.33971],[108.79889,-7.33971],[108.79889,-7.33998],[108.79889,-7.34025],[108.79889,-7.34026],[108.7988,-7.34026],[108.7988,-7.34025],[108.7988,-7.33998]]],[[[108.79889,-7.33917],[108.79889,-7.33935],[108.7988,-7.33935],[108.7988,-7.33917],[108.79889,-7.33917]]],[[[108.79881,-7.33863],[108.79872,-7.33863],[108.79872,-7.33881],[108.79853,-7.33881],[108.79853,-7.33908],[108.79835,-7.33908],[108.79835,-7.33863],[108.79835,-7.33862],[108.79881,-7.33862],[108.79881,-7.33863]]],[[[108.7989,-7.3379],[108.79926,-7.3379],[108.79926,-7.33791],[108.7989,-7.33791],[108.7989,-7.33818],[108.79881,-7.33818],[108.7988,-7.33818],[108.7988,-7.33772],[108.79881,-7.33772],[108.79881,-7.33727],[108.79881,-7.33682],[108.79881,-7.33637],[108.79882,-7.33637],[108.79882,-7.33592],[108.79882,-7.33547],[108.79882,-7.33546],[108.79882,-7.33502],[108.79882,-7.33501],[108.79882,-7.33456],[108.79883,-7.33456],[108.79883,-7.33411],[108.79883,-7.33366],[108.79883,-7.33321],[108.79884,-7.33321],[108.79884,-7.33276],[108.79884,-7.33275],[108.79884,-7.3323],[108.79839,-7.3323],[108.79838,-7.3323],[108.79838,-7.33185],[108.79839,-7.33185],[108.79884,-7.33185],[108.79884,-7.3314],[108.79884,-7.33095],[108.79839,-7.33095],[108.79794,-7.33095],[108.79793,-7.33095],[108.79793,-7.33094],[108.79793,-7.33049],[108.79749,-7.33049],[108.79748,-7.33049],[108.79704,-7.33049],[108.79703,-7.33049],[108.79703,-7.33003],[108.79704,-7.33003],[108.79749,-7.33003],[108.79749,-7.33004],[108.79794,-7.33004],[108.79794,-7.32959],[108.7984,-7.32959],[108.7984,-7.33004],[108.7984,-7.33049],[108.79884,-7.33049],[108.79884,-7.33041],[108.79891,-7.3305],[108.79885,-7.3305],[108.79885,-7.33095],[108.79929,-7.33095],[108.79929,-7.33086],[108.79948,-7.33086],[108.79948,-7.33068],[108.79966,-7.33068],[108.79966,-7.3305],[108.79967,-7.3305],[108.79975,-7.3305],[108.79975,-7.33095],[108.79975,-7.3314],[108.79975,-7.33185],[108.79975,-7.33186],[108.79974,-7.33186],[108.79974,-7.33231],[108.79929,-7.33231],[108.79929,-7.33275],[108.79929,-7.33276],[108.79974,-7.33276],[108.79974,-7.33321],[108.79929,-7.33321],[108.79929,-7.33366],[108.79929,-7.33411],[108.79929,-7.33456],[108.79974,-7.33456],[108.79974,-7.33502],[108.79973,-7.33502],[108.79973,-7.33547],[108.79973,-7.33592],[108.79973,-7.33632],[108.79973,-7.33633],[108.79973,-7.33637],[108.79973,-7.33682],[108.79972,-7.33682],[108.79972,-7.33727],[108.79972,-7.33728],[108.80017,-7.33728],[108.80017,-7.33773],[108.79972,-7.33773],[108.79971,-7.33773],[108.79926,-7.33773],[108.79926,-7.33772],[108.79944,-7.33772],[108.79944,-7.33728],[108.79944,-7.33727],[108.79944,-7.33719],[108.79927,-7.33719],[108.79927,-7.33718],[108.79926,-7.33718],[108.79891,-7.33718],[108.79891,-7.33727],[108.79891,-7.33755],[108.7989,-7.33755],[108.7989,-7.33772],[108.7989,-7.33773],[108.7989,-7.3379]]],[[[108.79655,-7.33681],[108.79655,-7.33636],[108.79701,-7.33636],[108.79701,-7.33681],[108.79655,-7.33681]]],[[[108.79701,-7.33591],[108.79701,-7.33546],[108.79747,-7.33546],[108.79747,-7.33591],[108.79701,-7.33591]]],[[[108.79791,-7.33591],[108.79791,-7.33546],[108.79837,-7.33546],[108.79837,-7.33591],[108.79791,-7.33591]]],[[[108.79792,-7.33501],[108.79792,-7.33456],[108.79838,-7.33456],[108.79838,-7.33501],[108.79792,-7.33501]]],[[[108.79702,-7.33455],[108.79747,-7.33455],[108.79747,-7.33501],[108.79701,-7.33501],[108.79701,-7.335],[108.79656,-7.335],[108.79656,-7.33455],[108.79701,-7.33455],[108.79702,-7.33455]]],[[[108.79793,-7.3332],[108.79839,-7.3332],[108.79839,-7.33365],[108.79839,-7.33366],[108.79838,-7.33366],[108.79838,-7.33411],[108.79792,-7.33411],[108.79792,-7.33365],[108.79793,-7.33365],[108.79793,-7.3332]]],[[[108.79702,-7.33365],[108.79702,-7.3332],[108.79748,-7.3332],[108.79748,-7.33365],[108.79702,-7.33365]]],[[[108.79846,-7.31649],[108.79846,-7.31604],[108.79892,-7.31604],[108.79892,-7.31649],[108.79846,-7.31649]]],[[[108.79897,-7.30655],[108.79897,-7.30698],[108.79897,-7.307],[108.79851,-7.307],[108.79851,-7.30695],[108.79851,-7.30655],[108.79897,-7.30655]]],[[[108.79807,-7.30609],[108.79807,-7.30655],[108.79806,-7.30655],[108.79806,-7.30694],[108.79806,-7.30699],[108.79806,-7.307],[108.79804,-7.307],[108.7976,-7.30697],[108.7976,-7.30697],[108.79745,-7.30696],[108.79715,-7.30687],[108.79715,-7.30687],[108.79708,-7.30685],[108.79696,-7.30672],[108.79693,-7.30654],[108.79693,-7.30651],[108.79694,-7.30645],[108.79694,-7.30645],[108.79698,-7.30629],[108.7971,-7.30609],[108.79716,-7.30609],[108.79716,-7.30654],[108.7976,-7.30654],[108.79761,-7.30654],[108.79761,-7.30609],[108.79807,-7.30609]]],[[[108.79821,-7.27537],[108.79821,-7.27583],[108.79776,-7.27583],[108.79776,-7.27628],[108.7973,-7.27628],[108.7973,-7.27582],[108.79775,-7.27582],[108.79775,-7.27537],[108.79821,-7.27537]]],[[[108.79779,-7.27005],[108.79779,-7.2704],[108.79823,-7.2704],[108.79823,-7.26995],[108.79824,-7.26995],[108.79824,-7.2699],[108.7987,-7.26975],[108.7987,-7.26976],[108.7987,-7.26996],[108.79869,-7.26996],[108.79869,-7.2704],[108.79869,-7.27041],[108.79869,-7.27068],[108.79833,-7.27068],[108.79833,-7.27086],[108.79824,-7.27086],[108.79823,-7.27086],[108.79778,-7.27086],[108.79778,-7.27085],[108.79733,-7.27085],[108.79732,-7.27085],[108.79688,-7.27085],[108.79687,-7.27085],[108.79687,-7.2704],[108.79688,-7.2704],[108.79732,-7.2704],[108.79733,-7.2704],[108.79733,-7.27019],[108.79779,-7.27005]]],[[[108.7991,-7.37161],[108.79909,-7.37161],[108.79909,-7.37116],[108.7991,-7.37116],[108.79955,-7.37116],[108.79955,-7.37161],[108.7991,-7.37161]]],[[[108.80001,-7.36891],[108.80001,-7.3689],[108.80001,-7.36845],[108.80047,-7.36845],[108.80047,-7.3689],[108.80047,-7.36891],[108.80001,-7.36891]]],[[[108.80003,-7.36574],[108.80048,-7.36574],[108.80048,-7.36529],[108.80003,-7.36529],[108.80003,-7.36484],[108.80049,-7.36484],[108.80049,-7.36529],[108.80093,-7.36529],[108.80093,-7.36484],[108.80094,-7.36484],[108.80094,-7.36439],[108.80139,-7.36439],[108.80139,-7.36394],[108.80094,-7.36394],[108.80094,-7.36349],[108.80095,-7.36349],[108.80095,-7.36303],[108.80141,-7.36303],[108.80141,-7.36304],[108.80185,-7.36304],[108.80185,-7.36259],[108.80141,-7.36259],[108.80141,-7.36213],[108.80186,-7.36213],[108.80187,-7.36213],[108.80187,-7.36259],[108.80231,-7.36259],[108.80276,-7.36259],[108.80276,-7.36214],[108.80321,-7.36214],[108.80322,-7.36214],[108.80366,-7.36214],[108.80366,-7.36169],[108.80367,-7.36169],[108.80367,-7.36124],[108.80412,-7.36124],[108.80412,-7.36079],[108.80413,-7.36079],[108.80413,-7.36034],[108.80459,-7.36034],[108.80459,-7.36079],[108.80458,-7.36079],[108.80458,-7.36124],[108.80503,-7.36124],[108.80503,-7.36125],[108.80503,-7.3617],[108.80548,-7.3617],[108.80593,-7.3617],[108.80593,-7.36125],[108.80548,-7.36125],[108.80548,-7.3608],[108.80503,-7.3608],[108.80503,-7.36035],[108.80503,-7.36034],[108.80503,-7.35989],[108.80549,-7.35989],[108.80549,-7.35944],[108.80595,-7.35944],[108.80595,-7.3599],[108.80639,-7.3599],[108.8064,-7.3599],[108.80685,-7.3599],[108.8073,-7.3599],[108.80731,-7.3599],[108.80731,-7.36035],[108.80775,-7.36035],[108.80776,-7.36035],[108.80776,-7.36036],[108.8082,-7.36036],[108.80821,-7.36036],[108.80865,-7.36036],[108.80866,-7.36036],[108.80866,-7.36081],[108.8091,-7.36081],[108.80911,-7.36081],[108.80911,-7.36127],[108.8091,-7.36127],[108.80866,-7.36127],[108.80866,-7.36172],[108.8091,-7.36172],[108.80911,-7.36172],[108.80911,-7.36196],[108.8091,-7.36196],[108.80895,-7.36195],[108.80865,-7.36197],[108.80861,-7.36198],[108.80837,-7.36208],[108.80826,-7.36217],[108.80819,-7.36217],[108.80819,-7.36171],[108.8082,-7.36171],[108.8082,-7.36126],[108.8082,-7.36081],[108.80776,-7.36081],[108.80775,-7.36081],[108.80775,-7.36126],[108.80775,-7.36171],[108.80775,-7.36216],[108.80775,-7.36261],[108.80775,-7.36262],[108.80729,-7.36262],[108.80729,-7.36306],[108.80729,-7.36307],[108.80683,-7.36307],[108.80683,-7.36351],[108.80683,-7.36352],[108.80683,-7.36389],[108.80679,-7.36396],[108.80678,-7.36397],[108.80678,-7.36397],[108.80658,-7.36442],[108.80637,-7.36442],[108.80637,-7.36476],[108.80632,-7.36483],[108.80626,-7.36486],[108.80626,-7.36487],[108.80613,-7.36493],[108.80599,-7.36494],[108.80592,-7.3649],[108.80588,-7.36487],[108.80586,-7.36487],[108.80586,-7.36486],[108.80574,-7.36471],[108.80558,-7.36444],[108.80556,-7.36441],[108.80547,-7.36427],[108.80546,-7.36427],[108.80546,-7.36396],[108.80518,-7.36396],[108.80507,-7.36387],[108.80502,-7.36384],[108.80501,-7.36384],[108.80501,-7.36351],[108.80457,-7.36351],[108.80456,-7.36351],[108.80456,-7.36305],[108.80412,-7.36305],[108.80411,-7.36305],[108.80367,-7.36305],[108.80366,-7.36305],[108.80366,-7.3626],[108.80322,-7.3626],[108.80321,-7.3626],[108.80321,-7.36259],[108.80277,-7.36259],[108.80277,-7.36304],[108.80321,-7.36304],[108.80322,-7.36304],[108.80322,-7.36349],[108.80322,-7.3635],[108.80342,-7.3635],[108.80338,-7.3636],[108.80334,-7.36395],[108.80333,-7.36395],[108.80322,-7.36395],[108.80321,-7.36395],[108.80321,-7.3644],[108.80323,-7.3644],[108.80321,-7.36446],[108.80321,-7.36446],[108.80321,-7.36446],[108.8032,-7.36449],[108.8032,-7.36449],[108.80314,-7.36466],[108.8031,-7.36485],[108.80276,-7.36485],[108.80275,-7.36485],[108.80275,-7.3653],[108.80275,-7.3655],[108.80268,-7.36558],[108.80258,-7.36575],[108.80248,-7.36591],[108.80237,-7.36619],[108.80236,-7.3662],[108.80236,-7.36621],[108.80236,-7.36621],[108.80232,-7.36641],[108.80231,-7.36662],[108.80232,-7.36666],[108.80229,-7.36666],[108.80229,-7.36711],[108.80242,-7.36711],[108.80247,-7.3673],[108.80253,-7.36756],[108.80252,-7.36756],[108.80253,-7.36757],[108.80249,-7.36776],[108.80236,-7.36783],[108.80228,-7.36783],[108.80228,-7.36756],[108.80228,-7.36711],[108.80183,-7.36711],[108.80183,-7.36756],[108.80171,-7.36756],[108.80138,-7.36725],[108.80138,-7.3671],[108.80118,-7.3671],[108.80093,-7.36692],[108.80093,-7.36665],[108.80048,-7.36665],[108.80048,-7.3662],[108.80048,-7.36619],[108.80003,-7.36619],[108.80003,-7.36574]],[[108.80184,-7.3662],[108.80184,-7.36611],[108.80183,-7.36611],[108.80148,-7.36611],[108.80148,-7.3662],[108.80148,-7.36629],[108.80139,-7.36629],[108.80138,-7.36629],[108.8013,-7.36629],[108.8013,-7.36647],[108.80129,-7.36647],[108.80111,-7.36647],[108.80111,-7.36665],[108.80111,-7.36701],[108.80138,-7.36701],[108.80165,-7.36701],[108.80183,-7.36701],[108.80201,-7.36701],[108.80201,-7.36665],[108.80229,-7.36665],[108.80229,-7.36621],[108.80229,-7.3662],[108.80184,-7.3662]],[[108.80112,-7.3653],[108.80112,-7.36538],[108.8013,-7.36538],[108.80138,-7.36538],[108.80139,-7.36538],[108.80166,-7.36538],[108.80166,-7.3653],[108.80166,-7.36529],[108.80166,-7.3652],[108.80184,-7.3652],[108.80185,-7.3652],[108.80185,-7.36503],[108.80221,-7.36503],[108.80221,-7.36485],[108.80221,-7.36484],[108.80221,-7.36449],[108.80185,-7.36449],[108.80184,-7.36449],[108.80184,-7.36466],[108.80184,-7.36467],[108.80167,-7.36467],[108.80167,-7.36484],[108.80167,-7.36485],[108.80149,-7.36485],[108.80149,-7.36502],[108.80149,-7.36503],[108.80148,-7.36503],[108.80148,-7.36502],[108.80139,-7.36502],[108.80112,-7.36502],[108.80112,-7.36529],[108.80112,-7.3653]],[[108.80502,-7.3626],[108.80457,-7.3626],[108.80457,-7.36305],[108.80501,-7.36305],[108.80502,-7.36305],[108.80502,-7.3626]],[[108.80457,-7.36215],[108.80457,-7.3617],[108.80412,-7.3617],[108.80412,-7.36214],[108.80412,-7.36215],[108.80457,-7.36215]],[[108.80549,-7.3599],[108.80549,-7.36034],[108.80549,-7.36035],[108.80549,-7.3608],[108.80594,-7.3608],[108.80594,-7.36035],[108.80594,-7.3599],[108.80549,-7.3599]]],[[[108.79914,-7.36212],[108.79914,-7.36167],[108.7996,-7.36167],[108.7996,-7.36212],[108.79914,-7.36212]]],[[[108.80006,-7.35941],[108.80006,-7.35986],[108.80006,-7.35987],[108.80006,-7.36032],[108.79961,-7.36032],[108.79961,-7.36077],[108.80006,-7.36077],[108.80006,-7.36122],[108.7996,-7.36122],[108.7996,-7.36077],[108.79915,-7.36077],[108.79915,-7.36031],[108.79961,-7.36031],[108.79961,-7.35987],[108.79961,-7.35986],[108.79961,-7.35941],[108.80006,-7.35941]]],[[[108.79924,-7.34296],[108.79924,-7.34315],[108.79878,-7.34315],[108.79878,-7.34296],[108.79888,-7.34296],[108.79924,-7.34296]]],[[[108.79924,-7.3426],[108.79942,-7.3426],[108.79942,-7.34224],[108.7997,-7.34224],[108.7997,-7.3427],[108.79924,-7.3427],[108.79924,-7.3426]]],[[[108.79926,-7.33953],[108.79926,-7.33998],[108.79926,-7.34043],[108.79926,-7.34044],[108.79926,-7.34089],[108.79925,-7.34089],[108.79925,-7.3408],[108.79925,-7.34044],[108.79925,-7.34043],[108.79925,-7.33998],[108.79925,-7.33953],[108.79925,-7.33917],[108.79926,-7.33917],[108.79926,-7.33953]]],[[[108.79971,-7.33863],[108.79971,-7.33908],[108.79944,-7.33908],[108.79944,-7.33863],[108.79971,-7.33863]]],[[[108.79884,-7.33013],[108.79894,-7.33013],[108.79912,-7.33013],[108.79912,-7.33014],[108.79894,-7.33014],[108.79894,-7.33044],[108.79884,-7.33029],[108.79884,-7.33013]]],[[[108.79975,-7.32981],[108.79975,-7.3296],[108.79967,-7.3296],[108.79966,-7.3296],[108.79966,-7.32942],[108.79948,-7.32942],[108.7993,-7.32942],[108.7993,-7.32941],[108.79949,-7.32941],[108.79967,-7.32941],[108.79976,-7.32941],[108.79976,-7.3296],[108.79985,-7.3296],[108.79995,-7.3296],[108.8002,-7.3296],[108.80021,-7.3296],[108.80021,-7.32915],[108.80016,-7.32915],[108.80006,-7.32915],[108.80003,-7.32915],[108.80003,-7.32905],[108.8001,-7.32905],[108.8002,-7.32905],[108.80021,-7.32905],[108.80021,-7.32903],[108.80021,-7.32887],[108.80022,-7.32887],[108.80022,-7.32902],[108.80022,-7.32915],[108.80066,-7.32915],[108.80066,-7.3287],[108.80112,-7.3287],[108.80112,-7.32825],[108.80076,-7.32825],[108.80076,-7.32798],[108.80071,-7.32798],[108.80067,-7.32798],[108.80067,-7.32797],[108.80071,-7.32797],[108.80094,-7.32797],[108.80094,-7.3278],[108.80094,-7.32779],[108.80108,-7.32779],[108.80112,-7.32779],[108.80113,-7.32779],[108.80113,-7.3278],[108.80113,-7.32815],[108.80113,-7.32825],[108.80114,-7.32825],[108.80123,-7.32825],[108.80157,-7.32825],[108.80157,-7.3278],[108.80166,-7.3278],[108.80166,-7.32762],[108.80167,-7.32762],[108.80185,-7.32762],[108.80185,-7.3278],[108.80203,-7.3278],[108.80203,-7.32825],[108.80247,-7.32825],[108.80247,-7.3278],[108.80239,-7.3278],[108.80239,-7.32762],[108.80248,-7.32762],[108.80257,-7.32762],[108.80257,-7.32735],[108.80257,-7.32708],[108.80248,-7.32708],[108.80221,-7.32708],[108.80221,-7.3269],[108.80221,-7.32689],[108.80239,-7.32689],[108.80239,-7.3269],[108.80248,-7.3269],[108.80258,-7.3269],[108.80276,-7.3269],[108.80293,-7.3269],[108.80294,-7.3269],[108.80312,-7.3269],[108.80312,-7.32672],[108.80339,-7.32672],[108.80348,-7.32672],[108.80348,-7.32654],[108.80366,-7.32654],[108.80366,-7.32645],[108.80366,-7.32618],[108.80384,-7.32618],[108.80385,-7.32618],[108.80385,-7.326],[108.80427,-7.326],[108.8043,-7.326],[108.8043,-7.32645],[108.8043,-7.32646],[108.80432,-7.32646],[108.80475,-7.32646],[108.80475,-7.32691],[108.80475,-7.32736],[108.8043,-7.32736],[108.80429,-7.32736],[108.80429,-7.32781],[108.80384,-7.32781],[108.80383,-7.32781],[108.80381,-7.32781],[108.80372,-7.32781],[108.80339,-7.32781],[108.80339,-7.32826],[108.80338,-7.32826],[108.80338,-7.32856],[108.80338,-7.32871],[108.80338,-7.32875],[108.80338,-7.32916],[108.80338,-7.32961],[108.80293,-7.32961],[108.80293,-7.33006],[108.80293,-7.33051],[108.80293,-7.33052],[108.80292,-7.33052],[108.80247,-7.33052],[108.80247,-7.33051],[108.80247,-7.33006],[108.80202,-7.33006],[108.80202,-7.32961],[108.80157,-7.32961],[108.80111,-7.32961],[108.80111,-7.3296],[108.80111,-7.32915],[108.80067,-7.32915],[108.80067,-7.3296],[108.80066,-7.3296],[108.80066,-7.33005],[108.80066,-7.3305],[108.80021,-7.3305],[108.8002,-7.3305],[108.79975,-7.3305],[108.79975,-7.33005],[108.79975,-7.33002],[108.79975,-7.32981]],[[108.80338,-7.3278],[108.80338,-7.32736],[108.80294,-7.32736],[108.80294,-7.3278],[108.80338,-7.3278]]],[[[108.79938,-7.31443],[108.79938,-7.31468],[108.79938,-7.31469],[108.79938,-7.31514],[108.79892,-7.31514],[108.79892,-7.31503],[108.79905,-7.31492],[108.79923,-7.31468],[108.79925,-7.31467],[108.79938,-7.31443]]],[[[108.79998,-7.31124],[108.80002,-7.31107],[108.80006,-7.31094],[108.80018,-7.31062],[108.8003,-7.31062],[108.8003,-7.31107],[108.8003,-7.31108],[108.8003,-7.31153],[108.8,-7.31153],[108.79998,-7.3114],[108.79998,-7.31124]]],[[[108.80029,-7.30949],[108.80024,-7.30927],[108.80026,-7.30927],[108.80031,-7.30927],[108.80031,-7.30957],[108.80031,-7.30966],[108.80029,-7.30949]]],[[[108.80122,-7.30837],[108.80122,-7.30882],[108.80076,-7.30882],[108.80076,-7.30837],[108.80031,-7.30837],[108.80031,-7.30791],[108.80077,-7.30791],[108.80077,-7.30837],[108.80122,-7.30837]]],[[[108.79987,-7.30746],[108.79987,-7.30762],[108.79986,-7.30762],[108.79984,-7.30751],[108.79982,-7.30746],[108.79986,-7.30746],[108.79986,-7.30701],[108.79986,-7.30655],[108.79987,-7.30655],[108.80032,-7.30655],[108.80032,-7.30611],[108.80077,-7.30611],[108.80078,-7.30611],[108.80122,-7.30611],[108.80122,-7.30566],[108.80168,-7.30566],[108.80168,-7.30521],[108.80168,-7.30476],[108.80169,-7.30476],[108.80169,-7.30431],[108.80169,-7.3043],[108.80215,-7.3043],[108.80215,-7.30431],[108.80259,-7.30431],[108.8026,-7.30431],[108.8026,-7.30386],[108.80305,-7.30386],[108.80306,-7.30386],[108.80306,-7.30431],[108.8035,-7.30431],[108.80351,-7.30431],[108.80395,-7.30431],[108.80395,-7.30432],[108.80377,-7.30432],[108.80377,-7.30468],[108.80395,-7.30468],[108.80396,-7.30468],[108.80414,-7.30468],[108.80414,-7.3045],[108.80432,-7.3045],[108.80441,-7.3045],[108.80441,-7.30477],[108.80441,-7.30522],[108.80395,-7.30522],[108.80395,-7.30477],[108.80351,-7.30477],[108.8035,-7.30477],[108.8035,-7.30522],[108.80305,-7.30522],[108.80304,-7.30522],[108.80259,-7.30522],[108.80259,-7.30566],[108.80259,-7.30567],[108.80232,-7.30567],[108.80232,-7.30566],[108.80232,-7.30557],[108.8025,-7.30557],[108.8025,-7.30539],[108.8025,-7.30521],[108.80259,-7.30521],[108.80268,-7.30521],[108.80304,-7.30521],[108.80304,-7.30476],[108.80304,-7.30449],[108.8026,-7.30449],[108.80259,-7.30449],[108.8025,-7.30449],[108.8025,-7.30467],[108.80233,-7.30467],[108.80233,-7.30476],[108.80233,-7.30485],[108.80232,-7.30485],[108.80232,-7.30503],[108.80214,-7.30503],[108.80214,-7.30521],[108.80213,-7.30521],[108.80213,-7.30539],[108.80178,-7.30539],[108.80178,-7.30566],[108.80178,-7.30575],[108.80178,-7.30611],[108.80213,-7.30611],[108.80214,-7.30611],[108.80259,-7.30611],[108.80259,-7.30612],[108.80259,-7.30657],[108.80214,-7.30657],[108.80213,-7.30657],[108.80213,-7.30702],[108.80168,-7.30702],[108.80168,-7.30747],[108.80122,-7.30747],[108.80122,-7.30702],[108.80122,-7.30701],[108.80077,-7.30701],[108.80077,-7.30746],[108.80032,-7.30746],[108.79987,-7.30746]],[[108.80077,-7.30656],[108.80032,-7.30656],[108.80032,-7.30701],[108.80077,-7.30701],[108.80077,-7.30656]]],[[[108.79942,-7.3061],[108.79941,-7.3061],[108.79941,-7.30565],[108.79942,-7.30565],[108.79987,-7.30565],[108.79987,-7.3061],[108.79942,-7.3061]]],[[[108.80032,-7.3052],[108.80032,-7.30475],[108.80078,-7.30475],[108.80078,-7.3052],[108.80032,-7.3052]]],[[[108.8,-7.27945],[108.8,-7.279],[108.80046,-7.279],[108.80046,-7.27945],[108.8,-7.27945]]],[[[108.7991,-7.27945],[108.79909,-7.27945],[108.79909,-7.27899],[108.7991,-7.27899],[108.79955,-7.27899],[108.79955,-7.27945],[108.7991,-7.27945]]],[[[108.79955,-7.27809],[108.79955,-7.27764],[108.80001,-7.27764],[108.80001,-7.27809],[108.79955,-7.27809]]],[[[108.79911,-7.27583],[108.79957,-7.27583],[108.79957,-7.27628],[108.79957,-7.27674],[108.79911,-7.27674],[108.79911,-7.27628],[108.79911,-7.27583]]],[[[108.80035,-7.26816],[108.80042,-7.268],[108.80051,-7.26786],[108.80051,-7.26816],[108.80035,-7.26816]]],[[[108.80187,-7.36078],[108.80232,-7.36078],[108.80232,-7.36123],[108.80187,-7.36123],[108.80186,-7.36123],[108.80141,-7.36123],[108.80141,-7.36078],[108.80186,-7.36078],[108.80187,-7.36078]]],[[[108.80149,-7.34497],[108.80149,-7.34451],[108.80195,-7.34451],[108.80195,-7.34497],[108.80149,-7.34497]]],[[[108.8011,-7.33231],[108.8011,-7.33186],[108.80065,-7.33186],[108.80065,-7.33141],[108.80111,-7.33141],[108.80111,-7.33186],[108.80156,-7.33186],[108.80156,-7.33231],[108.80156,-7.33232],[108.8011,-7.33232],[108.8011,-7.33231]]],[[[108.80221,-7.32744],[108.80203,-7.32744],[108.80203,-7.32735],[108.80203,-7.32726],[108.80202,-7.32726],[108.80185,-7.32726],[108.80185,-7.32725],[108.80202,-7.32725],[108.80203,-7.32725],[108.80203,-7.32708],[108.80221,-7.32708],[108.80221,-7.32735],[108.80221,-7.32744]]],[[[108.80299,-7.31741],[108.80344,-7.31741],[108.80344,-7.31787],[108.80299,-7.31787],[108.80299,-7.31832],[108.80344,-7.31832],[108.80344,-7.31877],[108.80298,-7.31877],[108.80298,-7.31832],[108.80253,-7.31832],[108.80253,-7.31787],[108.80253,-7.31786],[108.80253,-7.31741],[108.80208,-7.31741],[108.80208,-7.31696],[108.80208,-7.31651],[108.80208,-7.3165],[108.80254,-7.3165],[108.80254,-7.31651],[108.80254,-7.31696],[108.80299,-7.31696],[108.80299,-7.31741]]],[[[108.80209,-7.31606],[108.80209,-7.3156],[108.80254,-7.3156],[108.80254,-7.31606],[108.80209,-7.31606]]],[[[108.80121,-7.31017],[108.80121,-7.31057],[108.80121,-7.31063],[108.80112,-7.31063],[108.80075,-7.31063],[108.80075,-7.31046],[108.80075,-7.31035],[108.80075,-7.31017],[108.80121,-7.31017]]],[[[108.80121,-7.30927],[108.80167,-7.30927],[108.80167,-7.30882],[108.80212,-7.30882],[108.80257,-7.30882],[108.80257,-7.30883],[108.80257,-7.30928],[108.80212,-7.30928],[108.80167,-7.30928],[108.80167,-7.30973],[108.80121,-7.30973],[108.80121,-7.30927]]],[[[108.80201,-7.28719],[108.80191,-7.28714],[108.80199,-7.28714],[108.80223,-7.28714],[108.80223,-7.28715],[108.80223,-7.28721],[108.8022,-7.28722],[108.80219,-7.28722],[108.80218,-7.28722],[108.80201,-7.28719]]],[[[108.80093,-7.27584],[108.80093,-7.27539],[108.80138,-7.27539],[108.80138,-7.27584],[108.80093,-7.27584]]],[[[108.80138,-7.27539],[108.80138,-7.27494],[108.80183,-7.27494],[108.80183,-7.27539],[108.80138,-7.27539]]],[[[108.80231,-7.26997],[108.80195,-7.26997],[108.80195,-7.27015],[108.80186,-7.27015],[108.80176,-7.27015],[108.80176,-7.26997],[108.80141,-7.26997],[108.80141,-7.26952],[108.80186,-7.26952],[108.80187,-7.26952],[108.80231,-7.26952],[108.80232,-7.26952],[108.80232,-7.26997],[108.80231,-7.26997]]],[[[108.80096,-7.26745],[108.8011,-7.26738],[108.80141,-7.26732],[108.80141,-7.26732],[108.80155,-7.26729],[108.80174,-7.26726],[108.80187,-7.26726],[108.80187,-7.26771],[108.80142,-7.26771],[108.80141,-7.26771],[108.80096,-7.26771],[108.80096,-7.26745]]],[[[108.80104,-7.25099],[108.80104,-7.25054],[108.8015,-7.25054],[108.8015,-7.25099],[108.80104,-7.25099]]],[[[108.8015,-7.24964],[108.80105,-7.24964],[108.80105,-7.24918],[108.80151,-7.24918],[108.80151,-7.24964],[108.80196,-7.24964],[108.80196,-7.25009],[108.80196,-7.25054],[108.8015,-7.25054],[108.8015,-7.25009],[108.8015,-7.24964]]],[[[108.80288,-7.37163],[108.80272,-7.37163],[108.80272,-7.37117],[108.80276,-7.37117],[108.80277,-7.37117],[108.80277,-7.37118],[108.80287,-7.37138],[108.80288,-7.37163]]],[[[108.80298,-7.36928],[108.80298,-7.36937],[108.80273,-7.36937],[108.80273,-7.36892],[108.80282,-7.36898],[108.80298,-7.36928]]],[[[108.80277,-7.35943],[108.80278,-7.35943],[108.80323,-7.35943],[108.80323,-7.35988],[108.80278,-7.35988],[108.80278,-7.36033],[108.80232,-7.36033],[108.80232,-7.35988],[108.80232,-7.35943],[108.80277,-7.35943]]],[[[108.80283,-7.34949],[108.80283,-7.34904],[108.80328,-7.34904],[108.80328,-7.34949],[108.80283,-7.34949]]],[[[108.80518,-7.33324],[108.80517,-7.33324],[108.80517,-7.33337],[108.80517,-7.33369],[108.80471,-7.33369],[108.80471,-7.33324],[108.80472,-7.33323],[108.80472,-7.33278],[108.80518,-7.33278],[108.80518,-7.33324]]],[[[108.80337,-7.33097],[108.80337,-7.33052],[108.80383,-7.33052],[108.80383,-7.33097],[108.80337,-7.33097]]],[[[108.80473,-7.32917],[108.80473,-7.32872],[108.80519,-7.32872],[108.80519,-7.32917],[108.80473,-7.32917]]],[[[108.80459,-7.32203],[108.80459,-7.32194],[108.80459,-7.32185],[108.80441,-7.32185],[108.80431,-7.32185],[108.80431,-7.32149],[108.80477,-7.32149],[108.80477,-7.32194],[108.80477,-7.32203],[108.80459,-7.32203]]],[[[108.80479,-7.31923],[108.80479,-7.31878],[108.80524,-7.31878],[108.80525,-7.31878],[108.80525,-7.31923],[108.80524,-7.31923],[108.80479,-7.31923]]],[[[108.80479,-7.31833],[108.80434,-7.31833],[108.80434,-7.31787],[108.80479,-7.31787],[108.8048,-7.31787],[108.8048,-7.31833],[108.80479,-7.31833]]],[[[108.80299,-7.31696],[108.80299,-7.31651],[108.80344,-7.31651],[108.80344,-7.31696],[108.80299,-7.31696]]],[[[108.80346,-7.3129],[108.80346,-7.31245],[108.80392,-7.31245],[108.80392,-7.3129],[108.80346,-7.3129]]],[[[108.80437,-7.30974],[108.80437,-7.30929],[108.80483,-7.30929],[108.80483,-7.30974],[108.80437,-7.30974]]],[[[108.8044,-7.30703],[108.8044,-7.30748],[108.80439,-7.30748],[108.80439,-7.30793],[108.80393,-7.30793],[108.80393,-7.30748],[108.80394,-7.30748],[108.80394,-7.30703],[108.8044,-7.30703]]],[[[108.8044,-7.30567],[108.8044,-7.30612],[108.8044,-7.30613],[108.8044,-7.30658],[108.80394,-7.30658],[108.80394,-7.30613],[108.80394,-7.30612],[108.80394,-7.30567],[108.8044,-7.30567]]],[[[108.80432,-7.30396],[108.80432,-7.30414],[108.80431,-7.30414],[108.80395,-7.30414],[108.80395,-7.30387],[108.80395,-7.30386],[108.8035,-7.30386],[108.8035,-7.30341],[108.80395,-7.30341],[108.80396,-7.30341],[108.8044,-7.30341],[108.80441,-7.30341],[108.80486,-7.30341],[108.80486,-7.30342],[108.80531,-7.30342],[108.80541,-7.30342],[108.80541,-7.30378],[108.80558,-7.30378],[108.80558,-7.30387],[108.80558,-7.30396],[108.80576,-7.30396],[108.80594,-7.30396],[108.80594,-7.30388],[108.80594,-7.30387],[108.80594,-7.30378],[108.80595,-7.30378],[108.80613,-7.30378],[108.80621,-7.30378],[108.80622,-7.30378],[108.80649,-7.30378],[108.80649,-7.30379],[108.80667,-7.30379],[108.80685,-7.30379],[108.80685,-7.30361],[108.80703,-7.30361],[108.80703,-7.30343],[108.80704,-7.30343],[108.80712,-7.30343],[108.80713,-7.30343],[108.80757,-7.30343],[108.80758,-7.30343],[108.80803,-7.30343],[108.80803,-7.30388],[108.80803,-7.30434],[108.80757,-7.30434],[108.80757,-7.30433],[108.80712,-7.30433],[108.80667,-7.30433],[108.80666,-7.30433],[108.80622,-7.30433],[108.80621,-7.30433],[108.80576,-7.30433],[108.80531,-7.30433],[108.8053,-7.30433],[108.8053,-7.30432],[108.80486,-7.30432],[108.80485,-7.30432],[108.80468,-7.30432],[108.80468,-7.30396],[108.80441,-7.30396],[108.8044,-7.30396],[108.80432,-7.30396]]],[[[108.80316,-7.30241],[108.80351,-7.30209],[108.80351,-7.30251],[108.80305,-7.30251],[108.80305,-7.30248],[108.80316,-7.30241]]],[[[108.80534,-7.29845],[108.80489,-7.29845],[108.80489,-7.2989],[108.80443,-7.2989],[108.80443,-7.29845],[108.80443,-7.29844],[108.80489,-7.29844],[108.80489,-7.298],[108.80534,-7.298],[108.80534,-7.29845]]],[[[108.80402,-7.29122],[108.80402,-7.29076],[108.80447,-7.29076],[108.80447,-7.29122],[108.80402,-7.29122]]],[[[108.80403,-7.28941],[108.80402,-7.28941],[108.80402,-7.28967],[108.80402,-7.28977],[108.80402,-7.28986],[108.80357,-7.28986],[108.80357,-7.28957],[108.80357,-7.28946],[108.80357,-7.28941],[108.80357,-7.2894],[108.80357,-7.28895],[108.80403,-7.28895],[108.80403,-7.28941]]],[[[108.80269,-7.28443],[108.80269,-7.28398],[108.80315,-7.28398],[108.80315,-7.28443],[108.80269,-7.28443]]],[[[108.80316,-7.28127],[108.80316,-7.28082],[108.80362,-7.28082],[108.80362,-7.28127],[108.80316,-7.28127]]],[[[108.80407,-7.28083],[108.80407,-7.28037],[108.80453,-7.28037],[108.80453,-7.28083],[108.80407,-7.28083]]],[[[108.80503,-7.26999],[108.80503,-7.27035],[108.80502,-7.27035],[108.80484,-7.27035],[108.80484,-7.27044],[108.80457,-7.27044],[108.80457,-7.27089],[108.80412,-7.27089],[108.80412,-7.27107],[108.80393,-7.27107],[108.80393,-7.27125],[108.80375,-7.27125],[108.80375,-7.27134],[108.80366,-7.27134],[108.80366,-7.27124],[108.80375,-7.27124],[108.80375,-7.27106],[108.80376,-7.27106],[108.80394,-7.27106],[108.80394,-7.27089],[108.80394,-7.27088],[108.80394,-7.27043],[108.80394,-7.27034],[108.80412,-7.27034],[108.80412,-7.27043],[108.80456,-7.27043],[108.80456,-7.26998],[108.80457,-7.26998],[108.80502,-7.26998],[108.80502,-7.26999],[108.80503,-7.26999]]],[[[108.80321,-7.27088],[108.80322,-7.27088],[108.80322,-7.27106],[108.80321,-7.27106],[108.80321,-7.27133],[108.80276,-7.27133],[108.80276,-7.27088],[108.80285,-7.27088],[108.80303,-7.27088],[108.80321,-7.27088]]],[[[108.80276,-7.26997],[108.80277,-7.26997],[108.80277,-7.27034],[108.80276,-7.27034],[108.80267,-7.27034],[108.8024,-7.27034],[108.80231,-7.27034],[108.80231,-7.27033],[108.80249,-7.27033],[108.80249,-7.26997],[108.80276,-7.26997]]],[[[108.80367,-7.26998],[108.80376,-7.26998],[108.80376,-7.27016],[108.80375,-7.27016],[108.80367,-7.27016],[108.80366,-7.27016],[108.80366,-7.26998],[108.80367,-7.26998]]],[[[108.80548,-7.26908],[108.80548,-7.26863],[108.80593,-7.26863],[108.80593,-7.26873],[108.80576,-7.26873],[108.80576,-7.26908],[108.80576,-7.26909],[108.80593,-7.26909],[108.80593,-7.26945],[108.80557,-7.26945],[108.80557,-7.26954],[108.80548,-7.26954],[108.80502,-7.26954],[108.80502,-7.26953],[108.80457,-7.26953],[108.80457,-7.26908],[108.80502,-7.26908],[108.80503,-7.26908],[108.80548,-7.26908]]],[[[108.80367,-7.26908],[108.80367,-7.26862],[108.80413,-7.26862],[108.80413,-7.26908],[108.80367,-7.26908]]],[[[108.80418,-7.25688],[108.80418,-7.25643],[108.80464,-7.25643],[108.80464,-7.25688],[108.80418,-7.25688]]],[[[108.8073,-7.35945],[108.80685,-7.35945],[108.80685,-7.359],[108.8073,-7.359],[108.80731,-7.359],[108.80731,-7.35945],[108.8073,-7.35945]]],[[[108.80505,-7.35809],[108.80505,-7.35763],[108.8055,-7.35763],[108.8055,-7.35809],[108.80505,-7.35809]]],[[[108.80734,-7.35042],[108.80734,-7.34996],[108.8078,-7.34996],[108.8078,-7.35042],[108.80734,-7.35042]]],[[[108.80739,-7.34273],[108.80739,-7.34319],[108.80693,-7.34319],[108.80647,-7.34319],[108.80647,-7.34318],[108.80647,-7.34273],[108.80693,-7.34273],[108.80739,-7.34273]]],[[[108.8074,-7.34048],[108.8074,-7.34002],[108.80785,-7.34002],[108.80785,-7.34048],[108.8074,-7.34048]]],[[[108.80788,-7.33426],[108.80788,-7.33415],[108.80833,-7.33415],[108.80834,-7.33415],[108.80834,-7.33461],[108.80833,-7.33461],[108.8082,-7.33461],[108.808,-7.33441],[108.80816,-7.33461],[108.80809,-7.33461],[108.80788,-7.33461],[108.80788,-7.33434],[108.80788,-7.33429],[108.80788,-7.33426]]],[[[108.80743,-7.33373],[108.80743,-7.3337],[108.80788,-7.3337],[108.80788,-7.33415],[108.80779,-7.33415],[108.80773,-7.33415],[108.80772,-7.33415],[108.80743,-7.33415],[108.80743,-7.33386],[108.80743,-7.33378],[108.80743,-7.33373]]],[[[108.80562,-7.33369],[108.80562,-7.33333],[108.80562,-7.33324],[108.80608,-7.33324],[108.80608,-7.33344],[108.80608,-7.33369],[108.80562,-7.33369]]],[[[108.80521,-7.3242],[108.80521,-7.32375],[108.80567,-7.32375],[108.80567,-7.3242],[108.80521,-7.3242]]],[[[108.80748,-7.32331],[108.80748,-7.32286],[108.80794,-7.32286],[108.80794,-7.32331],[108.80748,-7.32331]]],[[[108.8075,-7.3197],[108.8075,-7.32015],[108.80749,-7.32015],[108.80704,-7.32015],[108.80704,-7.31969],[108.80659,-7.31969],[108.80659,-7.31924],[108.80659,-7.31886],[108.80659,-7.31879],[108.80659,-7.31874],[108.80659,-7.31834],[108.80659,-7.31833],[108.80659,-7.31788],[108.80615,-7.31788],[108.80615,-7.31827],[108.80615,-7.31833],[108.80611,-7.31833],[108.80569,-7.31833],[108.80569,-7.31788],[108.80569,-7.31787],[108.80569,-7.31778],[108.80569,-7.31743],[108.80614,-7.31743],[108.80615,-7.31743],[108.80615,-7.31698],[108.80661,-7.31698],[108.80661,-7.31743],[108.80705,-7.31743],[108.80705,-7.31707],[108.80705,-7.31698],[108.80709,-7.31698],[108.80751,-7.31698],[108.80751,-7.31653],[108.80796,-7.31653],[108.80796,-7.31608],[108.80842,-7.31608],[108.80842,-7.31654],[108.80797,-7.31654],[108.80797,-7.31698],[108.80797,-7.31699],[108.80797,-7.31744],[108.80752,-7.31744],[108.80751,-7.31744],[108.80751,-7.31755],[108.80751,-7.31789],[108.80783,-7.31789],[108.80794,-7.31789],[108.80795,-7.31789],[108.80796,-7.31789],[108.80841,-7.31789],[108.80841,-7.31744],[108.80887,-7.31744],[108.80887,-7.31789],[108.80932,-7.31789],[108.80932,-7.31835],[108.80977,-7.31835],[108.80977,-7.3179],[108.80977,-7.31745],[108.80977,-7.317],[108.80977,-7.31699],[108.81023,-7.31699],[108.81023,-7.317],[108.81023,-7.31745],[108.81023,-7.3179],[108.81068,-7.3179],[108.81068,-7.31835],[108.81113,-7.31835],[108.81113,-7.31881],[108.81068,-7.31881],[108.81067,-7.31881],[108.81022,-7.31881],[108.81022,-7.31925],[108.81022,-7.31926],[108.81066,-7.31926],[108.81067,-7.31926],[108.81112,-7.31926],[108.81112,-7.31971],[108.81157,-7.31971],[108.81157,-7.32016],[108.81157,-7.32017],[108.81202,-7.32017],[108.81248,-7.32017],[108.81248,-7.32062],[108.81293,-7.32062],[108.81293,-7.32108],[108.81337,-7.32108],[108.81337,-7.32063],[108.81383,-7.32063],[108.81383,-7.32108],[108.81428,-7.32108],[108.81428,-7.32153],[108.81473,-7.32153],[108.81473,-7.32199],[108.81473,-7.32244],[108.81473,-7.32273],[108.81473,-7.32274],[108.81473,-7.32289],[108.81517,-7.32289],[108.81518,-7.32289],[108.81563,-7.32289],[108.81563,-7.32271],[108.81563,-7.32245],[108.81563,-7.32244],[108.81609,-7.32244],[108.81609,-7.32245],[108.81609,-7.32246],[108.81609,-7.32247],[108.81609,-7.3229],[108.81653,-7.3229],[108.81654,-7.3229],[108.81699,-7.3229],[108.81699,-7.32335],[108.81744,-7.32335],[108.81744,-7.32336],[108.81789,-7.32336],[108.81834,-7.32336],[108.81834,-7.32381],[108.81879,-7.32381],[108.8188,-7.32381],[108.81924,-7.32381],[108.81925,-7.32381],[108.81925,-7.32382],[108.81969,-7.32382],[108.81969,-7.32337],[108.82015,-7.32337],[108.82015,-7.32382],[108.82059,-7.32382],[108.8206,-7.32382],[108.82105,-7.32382],[108.82105,-7.32337],[108.82151,-7.32337],[108.82151,-7.32383],[108.82195,-7.32383],[108.82195,-7.32338],[108.82196,-7.32338],[108.82196,-7.32293],[108.82241,-7.32293],[108.82242,-7.32293],[108.82286,-7.32293],[108.82287,-7.32293],[108.82287,-7.32248],[108.82287,-7.32203],[108.82332,-7.32203],[108.82333,-7.32203],[108.82377,-7.32203],[108.82378,-7.32203],[108.82378,-7.32158],[108.82423,-7.32158],[108.82423,-7.32203],[108.82423,-7.32248],[108.82423,-7.32249],[108.82423,-7.32294],[108.82468,-7.32294],[108.82468,-7.32339],[108.82468,-7.32384],[108.82513,-7.32384],[108.82513,-7.3243],[108.82513,-7.32475],[108.82512,-7.32475],[108.82512,-7.3252],[108.82512,-7.32565],[108.82557,-7.32565],[108.82557,-7.3252],[108.82603,-7.3252],[108.82603,-7.32566],[108.82648,-7.32566],[108.82648,-7.32611],[108.82602,-7.32611],[108.82602,-7.32566],[108.82557,-7.32566],[108.82557,-7.32611],[108.82512,-7.32611],[108.82511,-7.32611],[108.82466,-7.32611],[108.82466,-7.32565],[108.82421,-7.32565],[108.82421,-7.3252],[108.82466,-7.3252],[108.82466,-7.32475],[108.82422,-7.32475],[108.82421,-7.32475],[108.82376,-7.32475],[108.82376,-7.32474],[108.82331,-7.32474],[108.82331,-7.32429],[108.82331,-7.32384],[108.82287,-7.32384],[108.82286,-7.32384],[108.82286,-7.32428],[108.82286,-7.32429],[108.82286,-7.32474],[108.82241,-7.32474],[108.82241,-7.32519],[108.8224,-7.32519],[108.8224,-7.32564],[108.8224,-7.32609],[108.82195,-7.32609],[108.82195,-7.32654],[108.8215,-7.32654],[108.8215,-7.32699],[108.82149,-7.32699],[108.82104,-7.32699],[108.82104,-7.32744],[108.82104,-7.32789],[108.82148,-7.32789],[108.82149,-7.32789],[108.82194,-7.32789],[108.82194,-7.32835],[108.82194,-7.3288],[108.82149,-7.3288],[108.82148,-7.3288],[108.82148,-7.32925],[108.82103,-7.32925],[108.82103,-7.3297],[108.82147,-7.3297],[108.82148,-7.3297],[108.82193,-7.3297],[108.82193,-7.32925],[108.82238,-7.32925],[108.82238,-7.3288],[108.82284,-7.3288],[108.82284,-7.32926],[108.82239,-7.32926],[108.82239,-7.32971],[108.82283,-7.32971],[108.82284,-7.32971],[108.82329,-7.32971],[108.82329,-7.32926],[108.82329,-7.32881],[108.82374,-7.32881],[108.82375,-7.32881],[108.8242,-7.32881],[108.8242,-7.32836],[108.82375,-7.32836],[108.82374,-7.32836],[108.82329,-7.32836],[108.82329,-7.32791],[108.82329,-7.3279],[108.82284,-7.3279],[108.82284,-7.32745],[108.82239,-7.32745],[108.82239,-7.327],[108.82239,-7.32699],[108.82284,-7.32699],[108.82284,-7.32655],[108.82285,-7.32655],[108.82329,-7.32655],[108.8233,-7.32655],[108.82375,-7.32655],[108.82421,-7.32655],[108.82421,-7.327],[108.82466,-7.327],[108.82466,-7.32701],[108.8251,-7.32701],[108.82511,-7.32701],[108.82511,-7.32656],[108.82557,-7.32656],[108.82557,-7.32701],[108.82602,-7.32701],[108.82602,-7.32746],[108.82602,-7.32747],[108.82556,-7.32747],[108.82556,-7.32791],[108.82556,-7.32837],[108.8251,-7.32837],[108.8251,-7.32882],[108.82465,-7.32882],[108.82465,-7.32926],[108.82465,-7.32927],[108.82465,-7.32971],[108.82465,-7.32972],[108.8251,-7.32972],[108.82555,-7.32972],[108.826,-7.32972],[108.826,-7.32927],[108.826,-7.32882],[108.826,-7.32837],[108.82645,-7.32837],[108.82646,-7.32837],[108.82691,-7.32837],[108.82737,-7.32837],[108.82737,-7.32883],[108.82691,-7.32883],[108.82691,-7.32928],[108.82645,-7.32928],[108.82645,-7.32973],[108.826,-7.32973],[108.826,-7.33017],[108.826,-7.33018],[108.82555,-7.33018],[108.82555,-7.33062],[108.82555,-7.33063],[108.82509,-7.33063],[108.82509,-7.33062],[108.82465,-7.33062],[108.82464,-7.33062],[108.82419,-7.33062],[108.82419,-7.33107],[108.82419,-7.33152],[108.82418,-7.33152],[108.82418,-7.33197],[108.82373,-7.33197],[108.82373,-7.33242],[108.82373,-7.33287],[108.82417,-7.33287],[108.82417,-7.33243],[108.82417,-7.33242],[108.82463,-7.33242],[108.82463,-7.33198],[108.82509,-7.33198],[108.82509,-7.33243],[108.82509,-7.33288],[108.82463,-7.33288],[108.82418,-7.33288],[108.82418,-7.33333],[108.82462,-7.33333],[108.82463,-7.33333],[108.82507,-7.33333],[108.82508,-7.33333],[108.82553,-7.33333],[108.82553,-7.33378],[108.82553,-7.33379],[108.82598,-7.33379],[108.82644,-7.33379],[108.82644,-7.33424],[108.82688,-7.33424],[108.82688,-7.3338],[108.82688,-7.33379],[108.82688,-7.33334],[108.82689,-7.33334],[108.82689,-7.33289],[108.82734,-7.33289],[108.82735,-7.33289],[108.8278,-7.33289],[108.8278,-7.33335],[108.82734,-7.33335],[108.82734,-7.33379],[108.82734,-7.3338],[108.82734,-7.33425],[108.82689,-7.33425],[108.82689,-7.3347],[108.82734,-7.3347],[108.82734,-7.33515],[108.82778,-7.33515],[108.82778,-7.3347],[108.82824,-7.3347],[108.8287,-7.3347],[108.8287,-7.33516],[108.82915,-7.33516],[108.82915,-7.33561],[108.82869,-7.33561],[108.82824,-7.33561],[108.82823,-7.33561],[108.82779,-7.33561],[108.82778,-7.33561],[108.82778,-7.33605],[108.82778,-7.33606],[108.82823,-7.33606],[108.82868,-7.33606],[108.82869,-7.33606],[108.82913,-7.33606],[108.82914,-7.33606],[108.82959,-7.33606],[108.82959,-7.33652],[108.82914,-7.33652],[108.82913,-7.33652],[108.82868,-7.33652],[108.82868,-7.33696],[108.82913,-7.33696],[108.82913,-7.33697],[108.82958,-7.33697],[108.82959,-7.33697],[108.83003,-7.33697],[108.83004,-7.33697],[108.83049,-7.33697],[108.83049,-7.33742],[108.83049,-7.33743],[108.83049,-7.33787],[108.83049,-7.33788],[108.83094,-7.33788],[108.83094,-7.33833],[108.83138,-7.33833],[108.83139,-7.33833],[108.83184,-7.33833],[108.83184,-7.33878],[108.83184,-7.33879],[108.83229,-7.33879],[108.8323,-7.33879],[108.83275,-7.33879],[108.83275,-7.33924],[108.83275,-7.3397],[108.8332,-7.3397],[108.8332,-7.34015],[108.83319,-7.34015],[108.83319,-7.3406],[108.83364,-7.3406],[108.83364,-7.34015],[108.83364,-7.3397],[108.83364,-7.33925],[108.8341,-7.33925],[108.8341,-7.3388],[108.83456,-7.3388],[108.83456,-7.33925],[108.83456,-7.3397],[108.835,-7.3397],[108.835,-7.33925],[108.83501,-7.33925],[108.83501,-7.3388],[108.83546,-7.3388],[108.83547,-7.3388],[108.83547,-7.33926],[108.83591,-7.33926],[108.83592,-7.33926],[108.83636,-7.33926],[108.83636,-7.33881],[108.83681,-7.33881],[108.83681,-7.33836],[108.83682,-7.33836],[108.83727,-7.33836],[108.83727,-7.33791],[108.83727,-7.33746],[108.83773,-7.33746],[108.83773,-7.33791],[108.83773,-7.33836],[108.83818,-7.33836],[108.83818,-7.33882],[108.83818,-7.33927],[108.83817,-7.33927],[108.83817,-7.33972],[108.83772,-7.33972],[108.83771,-7.33972],[108.83771,-7.33927],[108.83727,-7.33927],[108.83726,-7.33927],[108.83682,-7.33927],[108.83682,-7.33971],[108.83726,-7.33971],[108.83727,-7.33971],[108.83727,-7.33972],[108.83727,-7.34017],[108.83726,-7.34017],[108.83682,-7.34017],[108.83682,-7.34062],[108.83681,-7.34062],[108.83636,-7.34062],[108.8359,-7.34062],[108.8359,-7.34016],[108.83636,-7.34016],[108.83636,-7.33972],[108.83636,-7.33971],[108.83592,-7.33971],[108.83591,-7.33971],[108.83546,-7.33971],[108.83546,-7.34016],[108.83546,-7.34061],[108.83545,-7.34061],[108.83545,-7.34106],[108.83545,-7.34152],[108.835,-7.34152],[108.835,-7.34197],[108.83454,-7.34197],[108.83454,-7.34196],[108.83409,-7.34196],[108.83409,-7.34241],[108.83363,-7.34241],[108.83363,-7.34286],[108.83408,-7.34286],[108.83408,-7.34331],[108.83408,-7.34332],[108.83408,-7.34377],[108.83363,-7.34377],[108.83363,-7.34332],[108.83363,-7.34331],[108.83318,-7.34331],[108.83317,-7.34331],[108.83273,-7.34331],[108.83272,-7.34331],[108.83228,-7.34331],[108.83227,-7.34331],[108.83183,-7.34331],[108.83182,-7.34331],[108.83137,-7.34331],[108.83137,-7.3433],[108.83137,-7.34285],[108.83092,-7.34285],[108.83046,-7.34285],[108.83046,-7.34239],[108.83047,-7.34239],[108.83047,-7.34195],[108.83047,-7.34194],[108.83047,-7.34149],[108.83092,-7.34149],[108.83092,-7.34104],[108.83137,-7.34104],[108.83137,-7.3406],[108.83137,-7.34059],[108.83093,-7.34059],[108.83092,-7.34059],[108.83092,-7.34014],[108.83048,-7.34014],[108.83047,-7.34014],[108.83047,-7.33969],[108.83002,-7.33969],[108.83002,-7.33968],[108.83002,-7.33923],[108.83002,-7.33878],[108.83003,-7.33878],[108.83003,-7.33833],[108.82958,-7.33833],[108.82958,-7.33878],[108.82912,-7.33878],[108.82912,-7.33832],[108.82868,-7.33832],[108.82868,-7.33877],[108.82867,-7.33877],[108.82822,-7.33877],[108.82822,-7.33832],[108.82867,-7.33832],[108.82867,-7.33787],[108.82822,-7.33787],[108.82777,-7.33787],[108.82777,-7.33742],[108.82777,-7.33741],[108.82777,-7.33696],[108.82733,-7.33696],[108.82732,-7.33696],[108.82732,-7.33741],[108.82687,-7.33741],[108.82687,-7.33696],[108.82642,-7.33696],[108.82642,-7.3374],[108.82642,-7.33741],[108.82642,-7.33786],[108.82596,-7.33786],[108.82596,-7.3374],[108.82551,-7.3374],[108.82551,-7.33695],[108.82597,-7.33695],[108.82597,-7.3365],[108.82642,-7.3365],[108.82642,-7.33605],[108.82597,-7.33605],[108.82552,-7.33605],[108.82551,-7.33605],[108.82551,-7.3356],[108.82507,-7.3356],[108.82507,-7.33604],[108.82462,-7.33604],[108.82462,-7.33649],[108.82416,-7.33649],[108.82416,-7.33604],[108.82416,-7.33559],[108.82371,-7.33559],[108.82371,-7.33513],[108.82326,-7.33513],[108.82326,-7.33468],[108.82281,-7.33468],[108.82281,-7.33423],[108.82236,-7.33423],[108.82236,-7.33467],[108.82236,-7.33468],[108.82236,-7.33513],[108.82191,-7.33513],[108.82191,-7.33558],[108.82145,-7.33558],[108.82145,-7.33513],[108.82145,-7.33512],[108.821,-7.33512],[108.821,-7.33467],[108.821,-7.33422],[108.82055,-7.33422],[108.82055,-7.33376],[108.82101,-7.33376],[108.82101,-7.33331],[108.82146,-7.33331],[108.82147,-7.33331],[108.82147,-7.33332],[108.82191,-7.33332],[108.82191,-7.33287],[108.82146,-7.33287],[108.82146,-7.33286],[108.82102,-7.33286],[108.82101,-7.33286],[108.82056,-7.33286],[108.82056,-7.33241],[108.82011,-7.33241],[108.82011,-7.33196],[108.82011,-7.33195],[108.81966,-7.33195],[108.81966,-7.3324],[108.8192,-7.3324],[108.8192,-7.33195],[108.81875,-7.33195],[108.81875,-7.3315],[108.81875,-7.33104],[108.81831,-7.33104],[108.8183,-7.33104],[108.81785,-7.33104],[108.81785,-7.33059],[108.8174,-7.33059],[108.8174,-7.33013],[108.81786,-7.33013],[108.81786,-7.33059],[108.8183,-7.33059],[108.81831,-7.33059],[108.81831,-7.33014],[108.81831,-7.32969],[108.81831,-7.32923],[108.81786,-7.32923],[108.81786,-7.32878],[108.81741,-7.32878],[108.8174,-7.32878],[108.8174,-7.32833],[108.8174,-7.32788],[108.8174,-7.32787],[108.81741,-7.32787],[108.81741,-7.32743],[108.81741,-7.32742],[108.81696,-7.32742],[108.81696,-7.32787],[108.81696,-7.32832],[108.81696,-7.32877],[108.81696,-7.32878],[108.81696,-7.32923],[108.81741,-7.32923],[108.81741,-7.32968],[108.81696,-7.32968],[108.81696,-7.33013],[108.81695,-7.33013],[108.81695,-7.33058],[108.8165,-7.33058],[108.81649,-7.33058],[108.81604,-7.33058],[108.81604,-7.33013],[108.81649,-7.33013],[108.8165,-7.33013],[108.8165,-7.32968],[108.8165,-7.32923],[108.81605,-7.32923],[108.81605,-7.32922],[108.8156,-7.32922],[108.8156,-7.32877],[108.81515,-7.32877],[108.81515,-7.32832],[108.8147,-7.32832],[108.8147,-7.32786],[108.81425,-7.32786],[108.8138,-7.32786],[108.8138,-7.32831],[108.81379,-7.32831],[108.81379,-7.32876],[108.81333,-7.32876],[108.81333,-7.32831],[108.81334,-7.32831],[108.81334,-7.32786],[108.81334,-7.32785],[108.81379,-7.32785],[108.81379,-7.32741],[108.81379,-7.3274],[108.81379,-7.32695],[108.8138,-7.32695],[108.8138,-7.3265],[108.8138,-7.32605],[108.81336,-7.32605],[108.81336,-7.3265],[108.81335,-7.3265],[108.8129,-7.3265],[108.8129,-7.32605],[108.81335,-7.32605],[108.81335,-7.3256],[108.8138,-7.3256],[108.8138,-7.32515],[108.8138,-7.3247],[108.8138,-7.32469],[108.8138,-7.3246],[108.81381,-7.3246],[108.81426,-7.3246],[108.81435,-7.3246],[108.81435,-7.32443],[108.81435,-7.32442],[108.81471,-7.32442],[108.81472,-7.32442],[108.81472,-7.32425],[108.81472,-7.32389],[108.81471,-7.32389],[108.81454,-7.32389],[108.81453,-7.32389],[108.81435,-7.32389],[108.81435,-7.32388],[108.81453,-7.32388],[108.81453,-7.3238],[108.81453,-7.32379],[108.81453,-7.32352],[108.81427,-7.32352],[108.81426,-7.32352],[108.81418,-7.32352],[108.81381,-7.32352],[108.81381,-7.3237],[108.81364,-7.3237],[108.81363,-7.3237],[108.81336,-7.3237],[108.81335,-7.3237],[108.81327,-7.3237],[108.81327,-7.32379],[108.81327,-7.32388],[108.81309,-7.32388],[108.81308,-7.32388],[108.81308,-7.32379],[108.81308,-7.32352],[108.81291,-7.32352],[108.81291,-7.32351],[108.81309,-7.32351],[108.81309,-7.32334],[108.81309,-7.32333],[108.81327,-7.32333],[108.81327,-7.32334],[108.81335,-7.32334],[108.81336,-7.32334],[108.81363,-7.32334],[108.81363,-7.32298],[108.81363,-7.32297],[108.81364,-7.32297],[108.81381,-7.32297],[108.81382,-7.32297],[108.81382,-7.32289],[108.81382,-7.32271],[108.81382,-7.32262],[108.81381,-7.32262],[108.81374,-7.32262],[108.81364,-7.32262],[108.81363,-7.32262],[108.81346,-7.32262],[108.81346,-7.32244],[108.81337,-7.32244],[108.81336,-7.32244],[108.81336,-7.32244],[108.81328,-7.32243],[108.81336,-7.32243],[108.81337,-7.32243],[108.81346,-7.32243],[108.81346,-7.32227],[108.81346,-7.32207],[108.81337,-7.32207],[108.81336,-7.32207],[108.81329,-7.32207],[108.81292,-7.32207],[108.81291,-7.32207],[108.81291,-7.32225],[108.81273,-7.32225],[108.81273,-7.32207],[108.81255,-7.32207],[108.81247,-7.32207],[108.81246,-7.32207],[108.81237,-7.32207],[108.81201,-7.32207],[108.81201,-7.32242],[108.81201,-7.32243],[108.81219,-7.32243],[108.81237,-7.32243],[108.81237,-7.32261],[108.81219,-7.32261],[108.81219,-7.32279],[108.81201,-7.32279],[108.81201,-7.32288],[108.81201,-7.32333],[108.81218,-7.32333],[108.81218,-7.32369],[108.81236,-7.32369],[108.81237,-7.32369],[108.81245,-7.32369],[108.81246,-7.32369],[108.81255,-7.32369],[108.81272,-7.32369],[108.81272,-7.32378],[108.81272,-7.32379],[108.81272,-7.32406],[108.8129,-7.32406],[108.81291,-7.32406],[108.81291,-7.32424],[108.81291,-7.32469],[108.81335,-7.32469],[108.81336,-7.32469],[108.81336,-7.32514],[108.81335,-7.32514],[108.81291,-7.32514],[108.8129,-7.32514],[108.81245,-7.32514],[108.812,-7.32514],[108.81154,-7.32514],[108.81154,-7.32468],[108.81109,-7.32468],[108.81109,-7.32423],[108.8111,-7.32423],[108.8111,-7.32378],[108.81155,-7.32378],[108.812,-7.32378],[108.812,-7.32333],[108.81155,-7.32333],[108.81155,-7.32288],[108.8111,-7.32288],[108.8111,-7.32242],[108.81155,-7.32242],[108.81155,-7.32197],[108.81135,-7.32197],[108.81131,-7.32197],[108.81124,-7.32197],[108.81112,-7.32197],[108.8111,-7.32197],[108.8111,-7.32194],[108.8111,-7.32152],[108.81065,-7.32152],[108.81065,-7.32107],[108.81021,-7.32107],[108.81021,-7.32141],[108.81021,-7.32151],[108.81021,-7.32152],[108.80975,-7.32152],[108.80975,-7.32151],[108.8093,-7.32151],[108.80929,-7.32151],[108.80929,-7.32106],[108.8093,-7.32106],[108.80943,-7.32106],[108.80961,-7.32106],[108.80975,-7.32106],[108.80975,-7.32061],[108.80975,-7.32016],[108.80931,-7.32016],[108.8093,-7.32016],[108.8093,-7.32061],[108.80885,-7.32061],[108.80884,-7.32061],[108.80884,-7.3206],[108.80882,-7.3206],[108.80864,-7.3206],[108.8084,-7.3206],[108.80839,-7.3206],[108.80795,-7.3206],[108.80794,-7.3206],[108.80794,-7.32015],[108.80794,-7.32005],[108.80794,-7.31993],[108.80794,-7.3197],[108.80767,-7.3197],[108.80754,-7.3197],[108.8075,-7.3197]],[[108.80841,-7.31828],[108.80841,-7.31834],[108.8085,-7.31834],[108.80886,-7.31834],[108.80886,-7.31789],[108.80841,-7.31789],[108.80841,-7.31828]],[[108.80977,-7.3188],[108.81022,-7.3188],[108.81022,-7.31835],[108.80977,-7.31835],[108.80977,-7.3188]],[[108.82104,-7.32654],[108.82149,-7.32654],[108.82149,-7.32609],[108.82149,-7.32564],[108.8215,-7.32564],[108.82194,-7.32564],[108.82194,-7.32519],[108.82195,-7.32519],[108.82195,-7.32474],[108.82195,-7.32473],[108.82195,-7.32428],[108.82151,-7.32428],[108.8215,-7.32428],[108.82105,-7.32428],[108.82105,-7.32473],[108.8206,-7.32473],[108.82059,-7.32473],[108.82015,-7.32473],[108.82014,-7.32473],[108.8197,-7.32473],[108.8197,-7.32517],[108.8197,-7.32518],[108.81969,-7.32518],[108.81969,-7.32562],[108.81969,-7.32563],[108.82014,-7.32563],[108.82014,-7.32608],[108.82059,-7.32608],[108.82059,-7.32653],[108.82059,-7.32654],[108.82013,-7.32654],[108.82013,-7.32653],[108.81969,-7.32653],[108.81968,-7.32653],[108.81923,-7.32653],[108.81923,-7.32698],[108.81878,-7.32698],[108.81878,-7.32743],[108.81922,-7.32743],[108.81923,-7.32743],[108.81967,-7.32743],[108.81968,-7.32743],[108.81968,-7.32698],[108.82014,-7.32698],[108.82014,-7.32744],[108.82058,-7.32744],[108.82058,-7.32699],[108.82104,-7.32699],[108.82104,-7.32654]],[[108.82329,-7.33016],[108.82373,-7.33016],[108.82374,-7.33016],[108.82374,-7.32972],[108.82374,-7.32971],[108.82329,-7.32971],[108.82329,-7.33016]],[[108.83727,-7.33881],[108.83772,-7.33881],[108.83772,-7.33836],[108.83727,-7.33836],[108.83727,-7.33881]],[[108.81876,-7.32923],[108.81876,-7.32879],[108.81831,-7.32879],[108.81831,-7.32923],[108.81876,-7.32923]],[[108.81831,-7.32878],[108.81831,-7.32833],[108.81786,-7.32833],[108.81786,-7.32878],[108.81831,-7.32878]],[[108.81696,-7.32697],[108.81651,-7.32697],[108.81651,-7.32742],[108.81696,-7.32742],[108.81696,-7.32697]],[[108.83319,-7.34151],[108.83318,-7.34151],[108.83318,-7.34195],[108.83318,-7.34196],[108.83363,-7.34196],[108.83363,-7.34151],[108.83319,-7.34151]],[[108.81156,-7.32185],[108.81156,-7.32187],[108.81156,-7.32197],[108.81201,-7.32197],[108.81201,-7.32164],[108.81201,-7.32159],[108.81201,-7.32153],[108.81201,-7.32152],[108.81156,-7.32152],[108.81156,-7.32181],[108.81156,-7.32185]],[[108.81219,-7.32151],[108.81216,-7.32152],[108.81219,-7.32151],[108.81219,-7.32151]],[[108.81244,-7.32139],[108.81241,-7.3214],[108.81244,-7.32139],[108.81244,-7.32139]],[[108.80705,-7.31789],[108.80705,-7.31833],[108.80705,-7.31834],[108.8075,-7.31834],[108.8075,-7.31789],[108.80706,-7.31789],[108.80705,-7.31789]],[[108.81066,-7.32097],[108.81093,-7.32097],[108.81093,-7.32062],[108.81093,-7.32061],[108.81111,-7.32061],[108.81112,-7.32061],[108.81129,-7.32061],[108.81129,-7.32026],[108.81128,-7.32026],[108.81112,-7.32026],[108.81111,-7.32026],[108.81076,-7.32026],[108.81076,-7.32043],[108.81075,-7.32043],[108.81066,-7.32043],[108.81057,-7.32043],[108.81039,-7.32043],[108.81039,-7.32016],[108.81039,-7.32007],[108.81057,-7.32007],[108.81057,-7.31977],[108.81057,-7.31971],[108.81047,-7.31971],[108.81022,-7.31971],[108.81021,-7.31971],[108.81021,-7.31989],[108.81003,-7.31989],[108.81003,-7.32007],[108.80985,-7.32007],[108.80985,-7.32016],[108.80985,-7.32061],[108.8102,-7.32061],[108.81021,-7.32061],[108.81021,-7.32079],[108.81039,-7.32079],[108.81057,-7.32079],[108.81057,-7.32097],[108.81065,-7.32097],[108.81066,-7.32097]],[[108.8224,-7.32428],[108.8224,-7.32383],[108.82196,-7.32383],[108.82196,-7.32428],[108.8224,-7.32428]],[[108.82193,-7.33016],[108.82237,-7.33016],[108.82238,-7.33016],[108.82238,-7.32971],[108.82193,-7.32971],[108.82193,-7.33015],[108.82193,-7.33016]],[[108.81562,-7.32425],[108.81562,-7.3247],[108.81607,-7.3247],[108.81607,-7.32425],[108.81562,-7.32425]],[[108.8156,-7.32787],[108.81516,-7.32787],[108.81516,-7.32832],[108.8156,-7.32832],[108.8156,-7.32787]],[[108.81561,-7.32832],[108.81561,-7.32877],[108.81605,-7.32877],[108.81605,-7.32832],[108.81561,-7.32832]],[[108.81515,-7.32741],[108.81515,-7.32696],[108.81471,-7.32696],[108.81471,-7.32741],[108.81515,-7.32741]],[[108.81543,-7.32497],[108.81517,-7.32497],[108.81516,-7.32497],[108.81507,-7.32497],[108.81507,-7.32515],[108.81471,-7.32515],[108.81471,-7.3247],[108.81426,-7.3247],[108.81426,-7.32515],[108.81453,-7.32515],[108.81453,-7.32551],[108.8147,-7.32551],[108.81471,-7.32551],[108.81471,-7.3256],[108.81471,-7.32561],[108.81471,-7.32569],[108.81507,-7.32569],[108.81507,-7.32561],[108.81507,-7.3256],[108.81507,-7.32551],[108.81516,-7.32551],[108.81543,-7.32551],[108.81543,-7.32516],[108.81543,-7.32515],[108.81543,-7.32497]],[[108.81788,-7.32426],[108.81744,-7.32426],[108.81743,-7.32426],[108.81743,-7.32471],[108.81743,-7.32516],[108.81788,-7.32516],[108.81788,-7.32562],[108.81743,-7.32562],[108.81742,-7.32562],[108.81697,-7.32562],[108.81697,-7.32516],[108.81652,-7.32516],[108.81652,-7.32561],[108.81652,-7.32606],[108.81696,-7.32606],[108.81697,-7.32606],[108.81742,-7.32606],[108.81742,-7.32607],[108.81742,-7.32652],[108.81787,-7.32652],[108.81787,-7.32697],[108.81832,-7.32697],[108.81832,-7.32698],[108.81877,-7.32698],[108.81877,-7.32653],[108.81832,-7.32653],[108.81832,-7.32607],[108.81877,-7.32607],[108.81878,-7.32607],[108.81923,-7.32607],[108.81923,-7.32563],[108.81923,-7.32562],[108.81923,-7.32517],[108.81924,-7.32517],[108.81924,-7.32472],[108.81879,-7.32472],[108.81879,-7.32427],[108.81834,-7.32427],[108.81834,-7.32472],[108.81788,-7.32472],[108.81788,-7.32427],[108.81788,-7.32426]],[[108.81652,-7.32471],[108.81607,-7.32471],[108.81607,-7.32515],[108.81607,-7.32516],[108.81652,-7.32516],[108.81652,-7.32471]],[[108.81967,-7.32879],[108.81967,-7.32834],[108.81922,-7.32834],[108.81877,-7.32834],[108.81877,-7.32878],[108.81922,-7.32878],[108.81922,-7.32879],[108.81966,-7.32879],[108.81967,-7.32879]],[[108.81653,-7.32425],[108.81653,-7.32471],[108.81697,-7.32471],[108.81697,-7.32426],[108.81698,-7.32426],[108.81698,-7.32381],[108.81653,-7.32381],[108.81653,-7.3238],[108.81608,-7.3238],[108.81608,-7.32425],[108.81653,-7.32425]],[[108.82012,-7.32924],[108.82057,-7.32924],[108.82057,-7.3288],[108.82057,-7.32879],[108.82013,-7.32879],[108.82012,-7.32879],[108.82012,-7.32924]],[[108.82102,-7.3315],[108.82102,-7.33151],[108.82102,-7.33196],[108.82146,-7.33196],[108.82146,-7.33151],[108.82146,-7.33106],[108.82102,-7.33106],[108.82102,-7.3315]],[[108.82101,-7.33241],[108.82101,-7.33196],[108.82057,-7.33196],[108.82057,-7.33241],[108.82101,-7.33241]],[[108.82146,-7.33422],[108.8219,-7.33422],[108.82191,-7.33422],[108.82191,-7.33377],[108.82147,-7.33377],[108.82146,-7.33377],[108.82101,-7.33377],[108.82101,-7.33422],[108.82145,-7.33422],[108.82146,-7.33422]],[[108.82057,-7.3297],[108.82057,-7.33015],[108.82101,-7.33015],[108.82102,-7.33015],[108.82102,-7.3297],[108.82057,-7.3297]],[[108.82465,-7.32791],[108.82465,-7.32836],[108.8251,-7.32836],[108.8251,-7.32791],[108.82465,-7.32791]],[[108.82507,-7.33469],[108.82507,-7.33424],[108.82462,-7.33424],[108.82462,-7.33468],[108.82462,-7.33469],[108.82506,-7.33469],[108.82507,-7.33469]],[[108.82461,-7.33514],[108.82417,-7.33514],[108.82417,-7.33559],[108.82461,-7.33559],[108.82461,-7.33514]],[[108.82371,-7.33423],[108.82371,-7.33378],[108.82327,-7.33378],[108.82327,-7.33423],[108.82327,-7.33468],[108.82372,-7.33468],[108.82372,-7.33513],[108.82416,-7.33513],[108.82416,-7.33469],[108.82416,-7.33468],[108.82416,-7.33424],[108.82416,-7.33423],[108.82372,-7.33423],[108.82371,-7.33423]],[[108.82282,-7.33287],[108.82326,-7.33287],[108.82327,-7.33287],[108.82327,-7.33242],[108.82282,-7.33242],[108.82282,-7.33287]],[[108.82329,-7.327],[108.82285,-7.327],[108.82285,-7.32745],[108.82329,-7.32745],[108.8233,-7.32745],[108.82374,-7.32745],[108.82375,-7.32745],[108.8242,-7.32745],[108.8242,-7.327],[108.82375,-7.327],[108.8233,-7.327],[108.82329,-7.327]],[[108.82688,-7.3347],[108.82643,-7.3347],[108.82643,-7.33514],[108.82643,-7.33515],[108.82687,-7.33515],[108.82688,-7.33515],[108.82688,-7.3347]],[[108.82957,-7.33832],[108.82957,-7.33787],[108.82913,-7.33787],[108.82913,-7.33832],[108.82957,-7.33832]],[[108.82422,-7.32384],[108.82422,-7.32429],[108.82467,-7.32429],[108.82467,-7.32384],[108.82423,-7.32384],[108.82422,-7.32384]],[[108.83456,-7.34016],[108.83455,-7.34016],[108.83455,-7.34061],[108.83499,-7.34061],[108.835,-7.34061],[108.835,-7.34016],[108.83456,-7.34016]]],[[[108.80614,-7.31924],[108.80569,-7.31924],[108.80569,-7.31878],[108.80614,-7.31878],[108.80615,-7.31878],[108.80615,-7.31924],[108.80614,-7.31924]]],[[[108.80662,-7.31472],[108.80662,-7.31517],[108.80662,-7.31562],[108.80616,-7.31562],[108.80616,-7.31517],[108.80571,-7.31517],[108.80571,-7.31472],[108.80616,-7.31472],[108.80617,-7.31472],[108.80662,-7.31472]]],[[[108.80618,-7.31065],[108.80618,-7.3102],[108.80664,-7.3102],[108.80664,-7.31065],[108.80618,-7.31065]]],[[[108.80711,-7.30569],[108.80711,-7.30524],[108.80711,-7.30523],[108.80757,-7.30523],[108.80757,-7.30524],[108.80757,-7.30569],[108.80711,-7.30569]]],[[[108.80575,-7.30523],[108.80575,-7.30478],[108.80576,-7.30478],[108.80621,-7.30478],[108.80621,-7.30523],[108.80576,-7.30523],[108.80575,-7.30523]]],[[[108.80649,-7.30325],[108.80649,-7.30324],[108.80645,-7.30324],[108.80631,-7.30324],[108.80622,-7.30324],[108.80595,-7.30324],[108.80595,-7.30342],[108.80594,-7.30342],[108.80577,-7.30342],[108.80576,-7.30342],[108.80576,-7.30315],[108.80576,-7.3031],[108.80593,-7.3031],[108.80594,-7.3031],[108.80622,-7.30316],[108.80627,-7.30317],[108.80668,-7.30321],[108.80668,-7.30321],[108.80679,-7.30322],[108.80686,-7.30318],[108.80686,-7.30324],[108.80685,-7.30325],[108.80668,-7.30325],[108.80667,-7.30325],[108.80649,-7.30325]]],[[[108.8071,-7.30305],[108.80713,-7.30304],[108.80713,-7.30307],[108.80707,-7.30307],[108.8071,-7.30306],[108.8071,-7.30305]]],[[[108.80623,-7.30293],[108.80577,-7.30295],[108.80549,-7.30297],[108.80531,-7.30297],[108.80531,-7.30252],[108.80486,-7.30252],[108.80486,-7.30206],[108.80532,-7.30206],[108.80532,-7.30161],[108.80487,-7.30161],[108.80487,-7.30116],[108.80533,-7.30116],[108.80533,-7.30161],[108.80577,-7.30161],[108.80577,-7.30125],[108.80578,-7.30125],[108.80596,-7.30125],[108.80596,-7.30161],[108.80596,-7.30162],[108.80578,-7.30162],[108.80577,-7.30162],[108.8056,-7.30162],[108.8056,-7.3018],[108.80559,-7.3018],[108.80559,-7.30206],[108.80559,-7.30207],[108.80559,-7.30216],[108.80559,-7.30234],[108.80541,-7.30234],[108.80541,-7.30252],[108.80541,-7.3027],[108.80577,-7.3027],[108.80577,-7.30252],[108.80595,-7.30252],[108.80595,-7.30288],[108.80622,-7.30288],[108.80623,-7.30288],[108.80631,-7.30288],[108.80631,-7.3027],[108.80632,-7.3027],[108.80632,-7.30288],[108.80667,-7.30288],[108.80668,-7.30288],[108.80668,-7.3027],[108.80686,-7.3027],[108.80686,-7.30253],[108.80686,-7.30252],[108.80686,-7.30216],[108.80668,-7.30216],[108.8065,-7.30216],[108.8065,-7.30234],[108.80623,-7.30234],[108.80622,-7.30234],[108.80614,-7.30234],[108.80613,-7.30234],[108.80613,-7.30216],[108.80614,-7.30216],[108.80622,-7.30216],[108.80623,-7.30216],[108.80632,-7.30216],[108.80632,-7.30207],[108.80632,-7.30162],[108.80632,-7.30161],[108.8065,-7.30161],[108.8065,-7.30126],[108.80632,-7.30126],[108.80632,-7.30117],[108.80632,-7.30116],[108.80632,-7.30107],[108.80651,-7.30107],[108.80651,-7.30108],[108.80669,-7.30108],[108.80669,-7.30116],[108.80669,-7.30117],[108.80714,-7.30117],[108.80714,-7.30162],[108.80759,-7.30162],[108.80759,-7.30207],[108.80759,-7.30208],[108.80759,-7.30253],[108.80804,-7.30253],[108.80804,-7.30276],[108.80804,-7.30281],[108.80804,-7.30282],[108.80804,-7.30298],[108.80758,-7.30298],[108.80758,-7.30296],[108.80758,-7.30289],[108.80773,-7.30284],[108.80758,-7.30285],[108.80758,-7.30253],[108.80714,-7.30253],[108.80713,-7.30253],[108.80713,-7.30287],[108.80668,-7.3029],[108.80668,-7.3029],[108.80623,-7.30293],[108.80623,-7.30293]]],[[[108.80706,-7.29963],[108.80706,-7.29981],[108.80706,-7.29999],[108.80714,-7.29999],[108.80742,-7.29999],[108.80742,-7.29982],[108.80742,-7.29981],[108.80742,-7.29936],[108.80742,-7.29927],[108.80723,-7.29927],[108.80723,-7.29909],[108.80714,-7.29909],[108.80705,-7.29909],[108.80669,-7.29909],[108.80669,-7.29936],[108.80624,-7.29936],[108.80624,-7.29891],[108.80669,-7.29891],[108.80669,-7.29846],[108.80669,-7.29801],[108.80669,-7.298],[108.80715,-7.298],[108.80715,-7.29801],[108.80715,-7.29846],[108.80715,-7.29891],[108.80759,-7.29891],[108.80759,-7.29846],[108.80805,-7.29846],[108.8085,-7.29846],[108.8085,-7.29801],[108.80896,-7.29801],[108.80896,-7.29756],[108.80851,-7.29756],[108.80851,-7.29711],[108.80851,-7.29666],[108.80897,-7.29666],[108.80897,-7.29711],[108.80897,-7.29756],[108.80942,-7.29756],[108.80942,-7.29802],[108.80987,-7.29802],[108.80987,-7.29838],[108.8096,-7.29838],[108.8096,-7.29847],[108.8096,-7.29856],[108.80959,-7.29856],[108.80959,-7.29892],[108.80959,-7.2991],[108.80977,-7.2991],[108.80986,-7.2991],[108.80995,-7.2991],[108.80995,-7.29911],[108.80986,-7.29911],[108.80977,-7.29911],[108.80977,-7.29937],[108.80977,-7.29938],[108.80977,-7.29946],[108.80985,-7.29946],[108.80986,-7.29946],[108.80995,-7.29946],[108.81013,-7.29946],[108.81013,-7.29947],[108.81031,-7.29947],[108.81049,-7.29947],[108.81049,-7.29938],[108.81049,-7.29929],[108.81067,-7.29929],[108.81067,-7.29893],[108.81067,-7.29875],[108.8105,-7.29875],[108.8105,-7.29857],[108.81031,-7.29857],[108.81031,-7.29847],[108.81077,-7.29847],[108.81077,-7.29802],[108.81032,-7.29802],[108.81032,-7.29757],[108.81078,-7.29757],[108.81078,-7.29802],[108.81123,-7.29802],[108.81123,-7.29848],[108.81168,-7.29848],[108.81168,-7.29893],[108.81123,-7.29893],[108.81122,-7.29893],[108.81122,-7.29938],[108.81122,-7.29983],[108.81167,-7.29983],[108.81167,-7.30002],[108.8114,-7.30002],[108.8114,-7.3002],[108.81121,-7.3002],[108.81121,-7.29983],[108.81077,-7.29983],[108.81076,-7.29983],[108.81076,-7.30028],[108.81121,-7.30028],[108.81121,-7.30038],[108.81103,-7.30038],[108.81076,-7.30038],[108.81075,-7.30038],[108.81067,-7.30038],[108.81067,-7.30056],[108.81066,-7.30056],[108.81066,-7.30073],[108.81066,-7.30074],[108.81049,-7.30074],[108.81049,-7.30109],[108.81066,-7.30109],[108.81066,-7.3011],[108.81075,-7.3011],[108.81076,-7.3011],[108.81102,-7.3011],[108.81102,-7.30092],[108.81103,-7.30092],[108.81121,-7.30092],[108.81121,-7.30119],[108.81076,-7.30119],[108.81076,-7.30164],[108.8103,-7.30164],[108.8103,-7.30119],[108.80985,-7.30119],[108.80985,-7.30073],[108.80985,-7.30028],[108.8094,-7.30028],[108.80894,-7.30028],[108.80894,-7.3],[108.80904,-7.3],[108.80904,-7.29983],[108.80904,-7.29982],[108.80904,-7.29964],[108.80922,-7.29964],[108.80922,-7.29937],[108.80922,-7.29928],[108.80895,-7.29928],[108.80895,-7.29892],[108.8094,-7.29892],[108.80941,-7.29892],[108.80941,-7.29847],[108.80896,-7.29847],[108.80851,-7.29847],[108.80851,-7.29892],[108.8085,-7.29892],[108.8085,-7.29937],[108.80886,-7.29937],[108.80886,-7.29946],[108.80868,-7.29946],[108.80868,-7.29964],[108.8085,-7.29964],[108.80849,-7.29964],[108.80832,-7.29964],[108.80832,-7.29982],[108.80805,-7.29982],[108.80804,-7.29982],[108.8076,-7.29982],[108.8076,-7.30027],[108.80804,-7.30027],[108.80805,-7.30027],[108.80805,-7.30072],[108.80849,-7.30072],[108.8085,-7.30072],[108.8085,-7.30118],[108.80849,-7.30118],[108.80804,-7.30118],[108.80804,-7.30072],[108.8076,-7.30072],[108.80759,-7.30072],[108.80723,-7.30072],[108.80723,-7.30054],[108.80723,-7.30053],[108.80741,-7.30053],[108.80741,-7.30027],[108.80741,-7.30026],[108.80741,-7.3],[108.80714,-7.3],[108.80705,-7.3],[108.80705,-7.30026],[108.80705,-7.30027],[108.80705,-7.30036],[108.80669,-7.30036],[108.80651,-7.30036],[108.80651,-7.30053],[108.8065,-7.30053],[108.80624,-7.30053],[108.80623,-7.30053],[108.80596,-7.30053],[108.80596,-7.30071],[108.80596,-7.30089],[108.80578,-7.30089],[108.80578,-7.30071],[108.80578,-7.30026],[108.80623,-7.30026],[108.80624,-7.30026],[108.80624,-7.29981],[108.80669,-7.29981],[108.80669,-7.29945],[108.80687,-7.29945],[108.80687,-7.29963],[108.80705,-7.29963],[108.80706,-7.29963]]],[[[108.80624,-7.29936],[108.80624,-7.29981],[108.80579,-7.29981],[108.80533,-7.29981],[108.80533,-7.29935],[108.80579,-7.29935],[108.80579,-7.29936],[108.80624,-7.29936]]],[[[108.80725,-7.29566],[108.80725,-7.29575],[108.80716,-7.29575],[108.80716,-7.29566],[108.80725,-7.29566]]],[[[108.80762,-7.29548],[108.80761,-7.29548],[108.80761,-7.2953],[108.80762,-7.2953],[108.80762,-7.29548]]],[[[108.80671,-7.29511],[108.80689,-7.29511],[108.8069,-7.29511],[108.8069,-7.2953],[108.80689,-7.2953],[108.80671,-7.2953],[108.80671,-7.29511]]],[[[108.80626,-7.29439],[108.80635,-7.29439],[108.80635,-7.29484],[108.80626,-7.29484],[108.80626,-7.29439]]],[[[108.80536,-7.29303],[108.80582,-7.29303],[108.80582,-7.29312],[108.80564,-7.29312],[108.80564,-7.29348],[108.80536,-7.29348],[108.80536,-7.29303]]],[[[108.80584,-7.28897],[108.80584,-7.28851],[108.8063,-7.28851],[108.8063,-7.28897],[108.80584,-7.28897]]],[[[108.80631,-7.284],[108.80631,-7.28355],[108.80631,-7.28354],[108.80677,-7.28354],[108.80677,-7.28355],[108.80677,-7.284],[108.80631,-7.284]]],[[[108.80591,-7.27451],[108.80591,-7.27406],[108.80637,-7.27406],[108.80637,-7.27451],[108.80591,-7.27451]]],[[[108.80546,-7.2727],[108.80592,-7.2727],[108.80592,-7.27315],[108.80592,-7.2736],[108.80546,-7.2736],[108.80546,-7.27315],[108.80546,-7.2727]]],[[[108.80637,-7.27135],[108.80637,-7.2709],[108.80683,-7.2709],[108.80683,-7.27135],[108.80637,-7.27135]]],[[[108.80728,-7.27054],[108.80737,-7.27054],[108.80738,-7.27054],[108.80774,-7.27054],[108.80774,-7.2709],[108.80728,-7.2709],[108.80728,-7.27054]]],[[[108.80702,-7.26873],[108.80685,-7.26873],[108.80684,-7.26873],[108.80684,-7.26864],[108.80685,-7.26864],[108.8073,-7.26864],[108.8073,-7.26909],[108.8072,-7.26909],[108.8072,-7.26891],[108.80702,-7.26891],[108.80702,-7.26873]]],[[[108.8064,-7.26683],[108.8064,-7.26638],[108.80685,-7.26638],[108.80685,-7.26593],[108.8073,-7.26593],[108.80731,-7.26593],[108.80775,-7.26593],[108.80776,-7.26593],[108.80821,-7.26593],[108.80821,-7.26603],[108.80812,-7.26603],[108.80812,-7.26638],[108.80821,-7.26638],[108.80821,-7.26639],[108.80812,-7.26639],[108.80812,-7.26675],[108.80821,-7.26675],[108.80821,-7.26684],[108.80776,-7.26684],[108.80776,-7.26729],[108.8082,-7.26729],[108.80821,-7.26729],[108.80821,-7.26774],[108.8082,-7.26774],[108.80776,-7.26774],[108.80776,-7.26819],[108.80775,-7.26819],[108.8073,-7.26819],[108.8073,-7.26774],[108.80685,-7.26774],[108.80685,-7.26819],[108.80639,-7.26819],[108.80639,-7.26774],[108.80639,-7.26773],[108.80594,-7.26773],[108.80594,-7.26728],[108.80639,-7.26728],[108.8064,-7.26728],[108.8064,-7.26683]],[[108.80731,-7.26683],[108.80775,-7.26683],[108.80775,-7.26639],[108.80775,-7.26638],[108.80731,-7.26638],[108.80731,-7.26683]]],[[[108.80595,-7.26638],[108.80595,-7.26592],[108.8064,-7.26592],[108.8064,-7.26638],[108.80595,-7.26638]]],[[[108.8078,-7.2578],[108.8078,-7.25735],[108.80826,-7.25735],[108.80826,-7.2578],[108.8078,-7.2578]]],[[[108.80744,-7.23702],[108.80744,-7.23657],[108.80744,-7.23656],[108.8079,-7.23656],[108.8079,-7.23657],[108.8079,-7.23702],[108.80744,-7.23702]]],[[[108.81091,-7.36398],[108.81091,-7.36399],[108.81091,-7.36444],[108.81045,-7.36444],[108.81045,-7.36399],[108.81045,-7.36398],[108.81045,-7.36366],[108.81045,-7.36365],[108.81048,-7.36362],[108.81056,-7.36353],[108.81091,-7.36353],[108.81091,-7.36398]]],[[[108.81089,-7.36263],[108.81084,-7.36247],[108.81067,-7.36228],[108.81053,-7.36218],[108.81091,-7.36218],[108.81091,-7.36263],[108.81089,-7.36263]]],[[[108.81046,-7.36037],[108.81046,-7.35992],[108.81092,-7.35992],[108.81092,-7.36037],[108.81046,-7.36037]]],[[[108.80865,-7.35991],[108.80865,-7.35946],[108.80911,-7.35946],[108.80911,-7.35991],[108.80865,-7.35991]]],[[[108.80912,-7.35811],[108.80912,-7.35765],[108.80958,-7.35765],[108.80958,-7.35811],[108.80912,-7.35811]]],[[[108.81139,-7.35767],[108.81139,-7.35721],[108.81184,-7.35721],[108.81184,-7.35767],[108.81139,-7.35767]]],[[[108.80916,-7.35133],[108.80915,-7.35133],[108.80915,-7.35178],[108.80869,-7.35178],[108.80869,-7.35133],[108.80869,-7.35132],[108.8087,-7.35132],[108.8087,-7.35087],[108.80916,-7.35087],[108.80916,-7.35088],[108.8096,-7.35088],[108.80961,-7.35088],[108.81006,-7.35088],[108.81052,-7.35088],[108.81052,-7.35133],[108.81006,-7.35133],[108.80961,-7.35133],[108.8096,-7.35133],[108.80916,-7.35133]]],[[[108.80988,-7.34817],[108.81007,-7.34817],[108.81007,-7.34857],[108.81007,-7.34862],[108.81001,-7.34862],[108.80962,-7.34862],[108.80962,-7.34817],[108.80981,-7.34817],[108.80988,-7.34817]]],[[[108.81011,-7.34004],[108.81011,-7.33959],[108.81057,-7.33959],[108.81057,-7.34004],[108.81011,-7.34004]]],[[[108.80832,-7.33597],[108.80832,-7.33551],[108.80878,-7.33551],[108.80878,-7.33597],[108.80832,-7.33597]]],[[[108.8084,-7.32151],[108.80839,-7.32151],[108.80839,-7.32105],[108.8084,-7.32105],[108.80885,-7.32105],[108.80885,-7.32151],[108.8084,-7.32151]]],[[[108.81113,-7.31655],[108.81113,-7.3161],[108.81158,-7.3161],[108.81159,-7.3161],[108.81203,-7.3161],[108.81204,-7.3161],[108.81249,-7.3161],[108.81249,-7.31656],[108.81203,-7.31656],[108.81203,-7.31655],[108.81159,-7.31655],[108.81158,-7.31655],[108.81113,-7.31655]]],[[[108.80843,-7.31292],[108.80843,-7.31247],[108.80889,-7.31247],[108.80889,-7.31292],[108.80843,-7.31292]]],[[[108.80845,-7.31067],[108.80845,-7.31021],[108.80891,-7.31021],[108.80891,-7.31067],[108.80845,-7.31067]]],[[[108.80849,-7.30162],[108.8085,-7.30162],[108.8085,-7.30163],[108.8085,-7.30208],[108.80849,-7.30208],[108.80804,-7.30208],[108.80804,-7.30163],[108.80804,-7.30162],[108.80849,-7.30162]]],[[[108.80894,-7.30118],[108.80894,-7.30073],[108.8094,-7.30073],[108.8094,-7.30118],[108.80894,-7.30118]]],[[[108.80988,-7.29576],[108.81032,-7.29576],[108.81033,-7.29576],[108.81078,-7.29576],[108.81123,-7.29576],[108.81123,-7.29577],[108.81123,-7.29622],[108.81168,-7.29622],[108.81168,-7.29667],[108.81213,-7.29667],[108.81213,-7.29712],[108.81213,-7.29713],[108.81258,-7.29713],[108.81304,-7.29713],[108.81304,-7.29758],[108.81348,-7.29758],[108.81348,-7.29713],[108.81394,-7.29713],[108.81394,-7.29759],[108.81394,-7.29786],[108.81358,-7.29786],[108.81358,-7.29804],[108.81358,-7.29822],[108.81348,-7.29822],[108.8134,-7.29822],[108.8134,-7.29849],[108.8134,-7.29876],[108.81348,-7.29876],[108.81357,-7.29876],[108.81375,-7.29876],[108.81393,-7.29876],[108.81394,-7.29876],[108.81394,-7.29894],[108.8143,-7.29894],[108.8143,-7.29849],[108.8143,-7.2984],[108.81412,-7.2984],[108.81411,-7.2984],[108.81411,-7.29822],[108.81412,-7.29822],[108.8143,-7.29822],[108.8143,-7.29804],[108.81438,-7.29804],[108.81439,-7.29804],[108.81439,-7.29759],[108.81485,-7.29759],[108.81485,-7.29804],[108.81485,-7.29805],[108.81484,-7.29805],[108.81484,-7.29849],[108.81484,-7.2985],[108.81484,-7.29894],[108.81484,-7.29895],[108.81528,-7.29895],[108.81529,-7.29895],[108.81574,-7.29895],[108.81619,-7.29895],[108.8162,-7.29895],[108.81665,-7.29895],[108.81665,-7.29896],[108.8171,-7.29896],[108.8171,-7.29851],[108.81665,-7.29851],[108.81665,-7.29806],[108.81665,-7.29805],[108.81665,-7.2976],[108.81621,-7.2976],[108.8162,-7.2976],[108.81575,-7.2976],[108.81575,-7.29714],[108.8162,-7.29714],[108.8162,-7.2967],[108.8162,-7.29669],[108.81666,-7.29669],[108.81666,-7.29625],[108.81712,-7.29625],[108.81712,-7.2967],[108.81666,-7.2967],[108.81666,-7.29715],[108.81711,-7.29715],[108.81711,-7.2976],[108.81756,-7.2976],[108.81756,-7.29805],[108.81756,-7.29806],[108.81756,-7.29851],[108.81756,-7.29896],[108.81756,-7.29941],[108.81801,-7.29941],[108.81801,-7.29987],[108.81845,-7.29987],[108.81846,-7.29987],[108.81891,-7.29987],[108.81891,-7.30032],[108.81891,-7.30077],[108.8189,-7.30077],[108.8189,-7.30114],[108.81881,-7.30114],[108.81863,-7.30114],[108.81863,-7.30113],[108.81863,-7.30096],[108.81845,-7.30096],[108.81845,-7.30095],[108.81845,-7.30077],[108.81845,-7.30041],[108.81827,-7.30041],[108.81799,-7.30041],[108.81799,-7.30032],[108.818,-7.30032],[108.818,-7.29987],[108.81755,-7.29987],[108.81755,-7.29986],[108.8171,-7.29986],[108.8171,-7.30031],[108.81701,-7.30031],[108.81701,-7.30004],[108.81665,-7.30004],[108.81665,-7.30022],[108.81664,-7.30022],[108.81628,-7.30022],[108.81628,-7.30031],[108.81628,-7.30058],[108.81628,-7.30076],[108.81619,-7.30076],[108.81618,-7.30076],[108.8161,-7.30076],[108.8161,-7.30058],[108.81592,-7.30058],[108.81592,-7.3004],[108.81574,-7.3004],[108.81573,-7.3004],[108.81573,-7.30031],[108.81573,-7.30022],[108.81556,-7.30022],[108.81556,-7.30021],[108.81573,-7.30021],[108.81574,-7.30021],[108.81592,-7.30021],[108.81592,-7.29986],[108.81618,-7.29986],[108.81619,-7.29986],[108.81619,-7.29941],[108.81574,-7.29941],[108.81574,-7.29968],[108.81556,-7.29968],[108.81556,-7.29967],[108.81538,-7.29967],[108.81538,-7.29949],[108.81529,-7.29949],[108.81528,-7.29949],[108.81502,-7.29949],[108.81502,-7.29967],[108.81501,-7.29967],[108.81501,-7.29985],[108.81484,-7.29985],[108.81483,-7.29985],[108.81438,-7.29985],[108.81438,-7.2994],[108.81393,-7.2994],[108.81393,-7.29895],[108.81393,-7.29894],[108.81348,-7.29894],[108.81348,-7.29939],[108.81303,-7.29939],[108.81303,-7.29894],[108.81303,-7.29849],[108.81303,-7.29804],[108.81258,-7.29804],[108.81258,-7.29803],[108.81213,-7.29803],[108.81213,-7.29758],[108.81168,-7.29758],[108.81168,-7.29713],[108.81123,-7.29713],[108.81123,-7.29712],[108.81123,-7.29667],[108.81078,-7.29667],[108.81078,-7.29622],[108.81033,-7.29622],[108.81032,-7.29622],[108.80988,-7.29622],[108.80987,-7.29622],[108.80987,-7.29621],[108.80987,-7.29576],[108.80988,-7.29576]],[[108.81709,-7.29986],[108.81709,-7.29941],[108.81665,-7.29941],[108.81665,-7.29986],[108.81709,-7.29986]]],[[[108.80897,-7.29576],[108.80897,-7.29531],[108.80897,-7.2953],[108.80943,-7.2953],[108.80943,-7.29531],[108.80943,-7.29576],[108.80897,-7.29576]]],[[[108.80898,-7.29486],[108.80897,-7.29486],[108.80897,-7.2944],[108.80898,-7.2944],[108.80943,-7.2944],[108.80943,-7.29486],[108.80898,-7.29486]]],[[[108.81125,-7.29216],[108.81125,-7.2917],[108.81171,-7.2917],[108.81171,-7.29216],[108.81125,-7.29216]]],[[[108.80854,-7.29033],[108.80809,-7.29033],[108.80809,-7.28988],[108.80855,-7.28988],[108.80855,-7.29033],[108.80899,-7.29033],[108.809,-7.29033],[108.80945,-7.29033],[108.80945,-7.29034],[108.80991,-7.29034],[108.80991,-7.29079],[108.8099,-7.29079],[108.8099,-7.29124],[108.80944,-7.29124],[108.80944,-7.29079],[108.809,-7.29079],[108.80899,-7.29079],[108.80854,-7.29079],[108.80854,-7.29033]]],[[[108.81081,-7.28944],[108.81081,-7.28899],[108.81127,-7.28899],[108.81127,-7.28933],[108.81127,-7.28944],[108.81125,-7.28944],[108.81094,-7.28944],[108.81081,-7.28944]]],[[[108.80946,-7.28944],[108.80946,-7.28898],[108.80991,-7.28898],[108.80991,-7.28944],[108.80946,-7.28944]]],[[[108.81082,-7.28763],[108.81082,-7.28718],[108.81127,-7.28718],[108.81127,-7.28673],[108.81173,-7.28673],[108.81173,-7.28629],[108.81173,-7.28628],[108.81128,-7.28628],[108.81128,-7.28583],[108.81173,-7.28583],[108.81173,-7.28538],[108.81219,-7.28538],[108.81219,-7.28493],[108.8118,-7.28493],[108.81174,-7.28493],[108.81174,-7.28448],[108.81174,-7.28447],[108.81174,-7.28403],[108.81174,-7.28402],[108.81174,-7.28357],[108.8113,-7.28357],[108.8113,-7.28402],[108.81129,-7.28402],[108.81084,-7.28402],[108.81084,-7.28357],[108.81084,-7.28312],[108.81129,-7.28312],[108.81129,-7.28267],[108.81174,-7.28267],[108.81174,-7.28222],[108.81175,-7.28222],[108.81175,-7.28177],[108.8113,-7.28177],[108.8113,-7.28176],[108.8113,-7.28131],[108.81086,-7.28131],[108.81085,-7.28131],[108.8104,-7.28131],[108.8104,-7.28104],[108.8104,-7.28103],[108.81058,-7.28103],[108.81058,-7.28104],[108.81076,-7.28104],[108.81085,-7.28104],[108.81086,-7.28104],[108.81095,-7.28104],[108.8113,-7.28104],[108.81131,-7.28104],[108.81131,-7.28086],[108.81131,-7.28068],[108.8113,-7.28068],[108.8113,-7.28041],[108.81086,-7.28041],[108.81086,-7.28068],[108.81077,-7.28068],[108.81077,-7.28041],[108.81077,-7.2804],[108.81077,-7.28032],[108.81058,-7.28032],[108.81058,-7.28031],[108.81041,-7.28031],[108.8104,-7.28031],[108.81022,-7.28031],[108.81022,-7.2804],[108.81022,-7.28049],[108.81004,-7.28049],[108.81004,-7.28085],[108.81022,-7.28085],[108.81022,-7.28086],[108.80994,-7.28086],[108.80994,-7.2804],[108.80995,-7.2804],[108.80995,-7.27995],[108.8095,-7.27995],[108.8095,-7.2795],[108.8095,-7.27949],[108.80996,-7.27949],[108.80996,-7.2795],[108.80996,-7.27995],[108.8104,-7.27995],[108.81041,-7.27995],[108.81085,-7.27995],[108.81086,-7.27995],[108.81086,-7.2795],[108.81131,-7.2795],[108.81131,-7.27905],[108.81132,-7.27905],[108.81132,-7.2786],[108.81177,-7.2786],[108.81177,-7.27815],[108.81177,-7.2777],[108.81222,-7.2777],[108.81222,-7.27725],[108.81223,-7.27725],[108.81268,-7.27725],[108.81268,-7.2777],[108.81268,-7.27815],[108.81312,-7.27815],[108.81312,-7.27771],[108.81312,-7.2777],[108.81313,-7.2777],[108.81358,-7.2777],[108.81358,-7.27726],[108.81404,-7.27726],[108.81404,-7.27771],[108.81358,-7.27771],[108.81358,-7.27816],[108.81313,-7.27816],[108.81313,-7.27861],[108.81357,-7.27861],[108.81358,-7.27861],[108.81403,-7.27861],[108.81403,-7.27907],[108.81358,-7.27907],[108.81358,-7.27951],[108.81403,-7.27951],[108.81403,-7.27997],[108.81448,-7.27997],[108.81448,-7.28042],[108.81448,-7.28087],[108.81403,-7.28087],[108.81403,-7.28132],[108.81448,-7.28132],[108.81448,-7.28133],[108.81493,-7.28133],[108.81493,-7.28178],[108.81537,-7.28178],[108.81537,-7.28133],[108.81583,-7.28133],[108.81583,-7.28178],[108.81538,-7.28178],[108.81538,-7.28223],[108.81538,-7.28224],[108.81492,-7.28224],[108.81492,-7.28268],[108.81447,-7.28268],[108.81447,-7.28313],[108.81401,-7.28313],[108.81356,-7.28313],[108.81356,-7.28358],[108.814,-7.28358],[108.81401,-7.28358],[108.81446,-7.28358],[108.81446,-7.28403],[108.81446,-7.28404],[108.81491,-7.28404],[108.81512,-7.28404],[108.81536,-7.28404],[108.81536,-7.28367],[108.81536,-7.28359],[108.81541,-7.28359],[108.81542,-7.28359],[108.81581,-7.28359],[108.81582,-7.28359],[108.81627,-7.28359],[108.81627,-7.28314],[108.81627,-7.28282],[108.81627,-7.28269],[108.81628,-7.28269],[108.81673,-7.28269],[108.81673,-7.28314],[108.81673,-7.2836],[108.81718,-7.2836],[108.81718,-7.28378],[108.81708,-7.28378],[108.81708,-7.28405],[108.81672,-7.28405],[108.81672,-7.28432],[108.81654,-7.28432],[108.81654,-7.2845],[108.81635,-7.2845],[108.81627,-7.2845],[108.81627,-7.28495],[108.81672,-7.28495],[108.81672,-7.2854],[108.81626,-7.2854],[108.81626,-7.28585],[108.8158,-7.28585],[108.8158,-7.2854],[108.81535,-7.2854],[108.81535,-7.28495],[108.81535,-7.28494],[108.81581,-7.28494],[108.81581,-7.28449],[108.81626,-7.28449],[108.81626,-7.28405],[108.81581,-7.28405],[108.81581,-7.28404],[108.81537,-7.28404],[108.81537,-7.28449],[108.81491,-7.28449],[108.81487,-7.28449],[108.81455,-7.28449],[108.81455,-7.28413],[108.81446,-7.28413],[108.81445,-7.28413],[108.81437,-7.28413],[108.81401,-7.28413],[108.81401,-7.28449],[108.814,-7.28449],[108.814,-7.28468],[108.814,-7.28494],[108.81418,-7.28494],[108.81418,-7.28503],[108.81436,-7.28503],[108.81436,-7.28521],[108.81445,-7.28521],[108.81455,-7.28521],[108.81472,-7.28521],[108.81472,-7.28539],[108.81491,-7.28539],[108.81491,-7.2854],[108.81445,-7.2854],[108.81445,-7.28584],[108.8149,-7.28584],[108.8149,-7.28585],[108.81535,-7.28585],[108.81535,-7.2863],[108.81508,-7.2863],[108.8149,-7.2863],[108.81489,-7.2863],[108.81445,-7.2863],[108.81445,-7.28648],[108.81436,-7.28648],[108.81436,-7.28666],[108.81435,-7.28666],[108.814,-7.28666],[108.81399,-7.28666],[108.81399,-7.28674],[108.81399,-7.28675],[108.81399,-7.28684],[108.81381,-7.28684],[108.81381,-7.28719],[108.81399,-7.28719],[108.814,-7.28719],[108.81417,-7.28719],[108.81417,-7.28702],[108.81435,-7.28702],[108.81435,-7.2872],[108.81435,-7.28738],[108.81444,-7.28738],[108.81445,-7.28738],[108.81471,-7.28738],[108.81471,-7.2872],[108.81472,-7.2872],[108.81472,-7.28756],[108.8149,-7.28756],[108.8149,-7.28765],[108.81445,-7.28765],[108.81444,-7.28765],[108.814,-7.28765],[108.81399,-7.28765],[108.81354,-7.28765],[108.81354,-7.2872],[108.81354,-7.28719],[108.81354,-7.28675],[108.81354,-7.28674],[108.81354,-7.28665],[108.81381,-7.28665],[108.81381,-7.28629],[108.81399,-7.28629],[108.81399,-7.28584],[108.81399,-7.28557],[108.814,-7.28557],[108.81418,-7.28557],[108.81418,-7.28539],[108.81418,-7.28521],[108.814,-7.28521],[108.81399,-7.28521],[108.81399,-7.28494],[108.81355,-7.28494],[108.81354,-7.28494],[108.8131,-7.28494],[108.8131,-7.28538],[108.8131,-7.28539],[108.8131,-7.28584],[108.81309,-7.28584],[108.81265,-7.28584],[108.81264,-7.28584],[108.81264,-7.28628],[108.81264,-7.28629],[108.81309,-7.28629],[108.81309,-7.28647],[108.8131,-7.28647],[108.8131,-7.28674],[108.81309,-7.28674],[108.81264,-7.28674],[108.81264,-7.28719],[108.81264,-7.28764],[108.81309,-7.28764],[108.81309,-7.2881],[108.81353,-7.2881],[108.81354,-7.2881],[108.81399,-7.2881],[108.81399,-7.28851],[108.81399,-7.28855],[108.81383,-7.28855],[108.81354,-7.28855],[108.81353,-7.28855],[108.81308,-7.28855],[108.81308,-7.2881],[108.81272,-7.2881],[108.81272,-7.28809],[108.8129,-7.28809],[108.8129,-7.28773],[108.81272,-7.28773],[108.81263,-7.28773],[108.81263,-7.28764],[108.81218,-7.28764],[108.81218,-7.28773],[108.812,-7.28773],[108.812,-7.28809],[108.81217,-7.28809],[108.81217,-7.28827],[108.81218,-7.28827],[108.81236,-7.28827],[108.81263,-7.28827],[108.81263,-7.28855],[108.81217,-7.28855],[108.81217,-7.28854],[108.81172,-7.28854],[108.81127,-7.28854],[108.81126,-7.28854],[108.81081,-7.28854],[108.81081,-7.28809],[108.81081,-7.28808],[108.81081,-7.28763],[108.81082,-7.28763]],[[108.81357,-7.27997],[108.81357,-7.27952],[108.81313,-7.27952],[108.81313,-7.27996],[108.81313,-7.28042],[108.81358,-7.28042],[108.81358,-7.28087],[108.81402,-7.28087],[108.81402,-7.28042],[108.81403,-7.28042],[108.81403,-7.27997],[108.81357,-7.27997]],[[108.81219,-7.28357],[108.81219,-7.28312],[108.81175,-7.28312],[108.81175,-7.28357],[108.81219,-7.28357]],[[108.81309,-7.28448],[108.81309,-7.28403],[108.81265,-7.28403],[108.81265,-7.28448],[108.81309,-7.28448]],[[108.81265,-7.28358],[108.8131,-7.28358],[108.8131,-7.28313],[108.81265,-7.28313],[108.81265,-7.28357],[108.81265,-7.28358]],[[108.81312,-7.28087],[108.81312,-7.28132],[108.81356,-7.28132],[108.81357,-7.28132],[108.81357,-7.28087],[108.81312,-7.28087]],[[108.81356,-7.28177],[108.81312,-7.28177],[108.81311,-7.28177],[108.81311,-7.28222],[108.81356,-7.28222],[108.81356,-7.28178],[108.81356,-7.28177]],[[108.81222,-7.27996],[108.81267,-7.27996],[108.81267,-7.27951],[108.81223,-7.27951],[108.81222,-7.27951],[108.81222,-7.27996]],[[108.81312,-7.28042],[108.81267,-7.28042],[108.81267,-7.28086],[108.81312,-7.28086],[108.81312,-7.28042]],[[108.81447,-7.28223],[108.81492,-7.28223],[108.81492,-7.28178],[108.81448,-7.28178],[108.81447,-7.28178],[108.81447,-7.28223]],[[108.81672,-7.28404],[108.81672,-7.2836],[108.81627,-7.2836],[108.81627,-7.28404],[108.81672,-7.28404]]],[[[108.80992,-7.28763],[108.80992,-7.28808],[108.80946,-7.28808],[108.80946,-7.28763],[108.80991,-7.28763],[108.80991,-7.28718],[108.80946,-7.28718],[108.80946,-7.28705],[108.80946,-7.28672],[108.80973,-7.28672],[108.80992,-7.28672],[108.80992,-7.28718],[108.81037,-7.28718],[108.81037,-7.28763],[108.80992,-7.28763]]],[[[108.81037,-7.28673],[108.81037,-7.28628],[108.81083,-7.28628],[108.81083,-7.28673],[108.81037,-7.28673]]],[[[108.80812,-7.28401],[108.80812,-7.28355],[108.80858,-7.28355],[108.80858,-7.28401],[108.80812,-7.28401]]],[[[108.80859,-7.28084],[108.80859,-7.28085],[108.80904,-7.28085],[108.80904,-7.2813],[108.80949,-7.2813],[108.80995,-7.2813],[108.80995,-7.28176],[108.80994,-7.28176],[108.80994,-7.28221],[108.80949,-7.28221],[108.80949,-7.28176],[108.80949,-7.28175],[108.80904,-7.28175],[108.80859,-7.28175],[108.80859,-7.2822],[108.80813,-7.2822],[108.80813,-7.28175],[108.80814,-7.28175],[108.80814,-7.2813],[108.80814,-7.28129],[108.80814,-7.28084],[108.80859,-7.28084]]],[[[108.80904,-7.28085],[108.80904,-7.2804],[108.8095,-7.2804],[108.8095,-7.28085],[108.80904,-7.28085]]],[[[108.80906,-7.27678],[108.80906,-7.27633],[108.80952,-7.27633],[108.80952,-7.27678],[108.80952,-7.27723],[108.80952,-7.27724],[108.80997,-7.27724],[108.80997,-7.27769],[108.80952,-7.27769],[108.80952,-7.27814],[108.80997,-7.27814],[108.80997,-7.27859],[108.81042,-7.27859],[108.81042,-7.27905],[108.80996,-7.27905],[108.8095,-7.27905],[108.8095,-7.27859],[108.80905,-7.27859],[108.80905,-7.27814],[108.80906,-7.27814],[108.80906,-7.27769],[108.8086,-7.27769],[108.8086,-7.27723],[108.80816,-7.27723],[108.80816,-7.27678],[108.80861,-7.27678],[108.80862,-7.27678],[108.80906,-7.27678]]],[[[108.81132,-7.2786],[108.81086,-7.2786],[108.81086,-7.27815],[108.81041,-7.27815],[108.81041,-7.27769],[108.81087,-7.27769],[108.81132,-7.27769],[108.81133,-7.27769],[108.81133,-7.27815],[108.81132,-7.27815],[108.81132,-7.2786]]],[[[108.81043,-7.27679],[108.81087,-7.27679],[108.81088,-7.27679],[108.81088,-7.27724],[108.81087,-7.27724],[108.81043,-7.27724],[108.81042,-7.27724],[108.80997,-7.27724],[108.80997,-7.27679],[108.81042,-7.27679],[108.81043,-7.27679]]],[[[108.81042,-7.27588],[108.81042,-7.27543],[108.81088,-7.27543],[108.81088,-7.27589],[108.81043,-7.27589],[108.81043,-7.27634],[108.81042,-7.27634],[108.80997,-7.27634],[108.80997,-7.27588],[108.81042,-7.27588]]],[[[108.81133,-7.27589],[108.81133,-7.27544],[108.81178,-7.27544],[108.81179,-7.27544],[108.81223,-7.27544],[108.81224,-7.27544],[108.81269,-7.27544],[108.81269,-7.2759],[108.81223,-7.2759],[108.81223,-7.27589],[108.81179,-7.27589],[108.81178,-7.27589],[108.81133,-7.27589]]],[[[108.80816,-7.27588],[108.80816,-7.27542],[108.80862,-7.27542],[108.80862,-7.27588],[108.80816,-7.27588]]],[[[108.81226,-7.27137],[108.81226,-7.27093],[108.81226,-7.27092],[108.81226,-7.27047],[108.81271,-7.27047],[108.81271,-7.27003],[108.81271,-7.27002],[108.81271,-7.26957],[108.81227,-7.26957],[108.81227,-7.27002],[108.81181,-7.27002],[108.81136,-7.27002],[108.81135,-7.27002],[108.81091,-7.27002],[108.8109,-7.27002],[108.8109,-7.27001],[108.81046,-7.27001],[108.81045,-7.27001],[108.81045,-7.26956],[108.81046,-7.26956],[108.8109,-7.26956],[108.81091,-7.26956],[108.81135,-7.26956],[108.81135,-7.26911],[108.81136,-7.26911],[108.81181,-7.26911],[108.81227,-7.26911],[108.81227,-7.26912],[108.81271,-7.26912],[108.81272,-7.26912],[108.81272,-7.26867],[108.81272,-7.26822],[108.81227,-7.26822],[108.81227,-7.26776],[108.81227,-7.26731],[108.81273,-7.26731],[108.81273,-7.26776],[108.81318,-7.26776],[108.81318,-7.26732],[108.81318,-7.26731],[108.81318,-7.26695],[108.81318,-7.26687],[108.81318,-7.26686],[108.81318,-7.26677],[108.81319,-7.26677],[108.81355,-7.26677],[108.81355,-7.26659],[108.81364,-7.26659],[108.81391,-7.26659],[108.81391,-7.26642],[108.81391,-7.26641],[108.81409,-7.26641],[108.81409,-7.26605],[108.81382,-7.26605],[108.81373,-7.26605],[108.81373,-7.26596],[108.81373,-7.26587],[108.81365,-7.26587],[108.81364,-7.26587],[108.81355,-7.26587],[108.81337,-7.26587],[108.81337,-7.26569],[108.81355,-7.26569],[108.81355,-7.26551],[108.81355,-7.26515],[108.8132,-7.26515],[108.81319,-7.26515],[108.81319,-7.26506],[108.81319,-7.26505],[108.81319,-7.26479],[108.81283,-7.26479],[108.81283,-7.26505],[108.81283,-7.26506],[108.81283,-7.26514],[108.81283,-7.26515],[108.81274,-7.26515],[108.81274,-7.26514],[108.81274,-7.26506],[108.81274,-7.26505],[108.81274,-7.2646],[108.81274,-7.26415],[108.81319,-7.26415],[108.81319,-7.26388],[108.8132,-7.26388],[108.8132,-7.2637],[108.81338,-7.2637],[108.81338,-7.26325],[108.81365,-7.26325],[108.81365,-7.2628],[108.81321,-7.2628],[108.8132,-7.2628],[108.8132,-7.26298],[108.81302,-7.26298],[108.81302,-7.2628],[108.81302,-7.26279],[108.81302,-7.26262],[108.81284,-7.26262],[108.81284,-7.26261],[108.81284,-7.26235],[108.81284,-7.26234],[108.81284,-7.26225],[108.81285,-7.26225],[108.81303,-7.26225],[108.81303,-7.26234],[108.81303,-7.26235],[108.81303,-7.26243],[108.8132,-7.26243],[108.81321,-7.26243],[108.81339,-7.26243],[108.81339,-7.26235],[108.81339,-7.26234],[108.81339,-7.26225],[108.81357,-7.26225],[108.81357,-7.26189],[108.81366,-7.26189],[108.81375,-7.26189],[108.81375,-7.26154],[108.81366,-7.26153],[108.81366,-7.26145],[108.81366,-7.26144],[108.81366,-7.26117],[108.81376,-7.26117],[108.81376,-7.26099],[108.81411,-7.26099],[108.81412,-7.26099],[108.81457,-7.26099],[108.81457,-7.26054],[108.81502,-7.26054],[108.81502,-7.2601],[108.81502,-7.26009],[108.81458,-7.26009],[108.81457,-7.26009],[108.81457,-7.25964],[108.81457,-7.25919],[108.81457,-7.25874],[108.81458,-7.25874],[108.81458,-7.25829],[108.81458,-7.25828],[108.81503,-7.25828],[108.81503,-7.25784],[108.81503,-7.25738],[108.81549,-7.25738],[108.81549,-7.25694],[108.81549,-7.25693],[108.81549,-7.25648],[108.8155,-7.25648],[108.8155,-7.25603],[108.81504,-7.25603],[108.81504,-7.25558],[108.81505,-7.25558],[108.81505,-7.25513],[108.81505,-7.25512],[108.8155,-7.25512],[108.8155,-7.25467],[108.81596,-7.25467],[108.81596,-7.25513],[108.81596,-7.2554],[108.81578,-7.2554],[108.81578,-7.25558],[108.81577,-7.25558],[108.81577,-7.25576],[108.81559,-7.25576],[108.81559,-7.25603],[108.81559,-7.25612],[108.81595,-7.25612],[108.81595,-7.25603],[108.81595,-7.25594],[108.81596,-7.25594],[108.81596,-7.25603],[108.81596,-7.25648],[108.81596,-7.25649],[108.81595,-7.25649],[108.81595,-7.25693],[108.81595,-7.25694],[108.8164,-7.25694],[108.8164,-7.25739],[108.81595,-7.25739],[108.81594,-7.25739],[108.81549,-7.25739],[108.81549,-7.25784],[108.81549,-7.25793],[108.8154,-7.25793],[108.81504,-7.25793],[108.81504,-7.25828],[108.81504,-7.25829],[108.81504,-7.25874],[108.81539,-7.25874],[108.81539,-7.25883],[108.81548,-7.25883],[108.81576,-7.25883],[108.81576,-7.25874],[108.81593,-7.25874],[108.81593,-7.25829],[108.81639,-7.25829],[108.81639,-7.25874],[108.81639,-7.25875],[108.81684,-7.25875],[108.81684,-7.2592],[108.81684,-7.25965],[108.81639,-7.25965],[108.81639,-7.2601],[108.81593,-7.2601],[108.81593,-7.26055],[108.81548,-7.26055],[108.81548,-7.261],[108.81503,-7.261],[108.81503,-7.26145],[108.81457,-7.26145],[108.81457,-7.2619],[108.81412,-7.2619],[108.81412,-7.26235],[108.81366,-7.26235],[108.81366,-7.2628],[108.81411,-7.2628],[108.81411,-7.26325],[108.81366,-7.26325],[108.81366,-7.2637],[108.81365,-7.2637],[108.81365,-7.26415],[108.8141,-7.26415],[108.8141,-7.26461],[108.81365,-7.26461],[108.81365,-7.26505],[108.81365,-7.26506],[108.81365,-7.26551],[108.81409,-7.26551],[108.8141,-7.26551],[108.81454,-7.26551],[108.81454,-7.26506],[108.815,-7.26506],[108.81546,-7.26506],[108.81546,-7.26507],[108.81591,-7.26507],[108.81591,-7.2655],[108.81591,-7.26552],[108.81589,-7.26552],[108.81588,-7.26552],[108.81546,-7.26552],[108.81545,-7.26552],[108.815,-7.26552],[108.815,-7.26596],[108.815,-7.26597],[108.8152,-7.26597],[108.81544,-7.26597],[108.81545,-7.26597],[108.8159,-7.26597],[108.8159,-7.26642],[108.81635,-7.26642],[108.81635,-7.26688],[108.81609,-7.26688],[108.8159,-7.26688],[108.8159,-7.26733],[108.81545,-7.26733],[108.81545,-7.26778],[108.81574,-7.26778],[108.81575,-7.26778],[108.81589,-7.26778],[108.8159,-7.26778],[108.8159,-7.26823],[108.81635,-7.26823],[108.81635,-7.26868],[108.81635,-7.26869],[108.81625,-7.26869],[108.81589,-7.26869],[108.81589,-7.26868],[108.81589,-7.26829],[108.81589,-7.26823],[108.81584,-7.26823],[108.81544,-7.26823],[108.81544,-7.26778],[108.81499,-7.26778],[108.81499,-7.26822],[108.81499,-7.26823],[108.81499,-7.26867],[108.81499,-7.26868],[108.81499,-7.26913],[108.81454,-7.26913],[108.81453,-7.26913],[108.81453,-7.26958],[108.81498,-7.26958],[108.81544,-7.26958],[108.81544,-7.27004],[108.81543,-7.27004],[108.81543,-7.27049],[108.81588,-7.27049],[108.81588,-7.27094],[108.81633,-7.27094],[108.81633,-7.27139],[108.81633,-7.2714],[108.81633,-7.27185],[108.81587,-7.27185],[108.81587,-7.2723],[108.81633,-7.2723],[108.81633,-7.27275],[108.81632,-7.27275],[108.81632,-7.2732],[108.81677,-7.2732],[108.81677,-7.27366],[108.81632,-7.27366],[108.81632,-7.27411],[108.81587,-7.27411],[108.81587,-7.27456],[108.81586,-7.27456],[108.81541,-7.27456],[108.81541,-7.27455],[108.81497,-7.27455],[108.81496,-7.27455],[108.81451,-7.27455],[108.81451,-7.275],[108.81406,-7.275],[108.81405,-7.275],[108.81405,-7.27545],[108.8145,-7.27545],[108.8145,-7.2759],[108.8145,-7.27591],[108.8145,-7.27635],[108.8145,-7.27636],[108.8145,-7.27681],[108.81404,-7.27681],[108.81358,-7.27681],[108.81358,-7.27635],[108.81404,-7.27635],[108.81404,-7.27591],[108.81404,-7.2759],[108.81359,-7.2759],[108.81359,-7.27545],[108.81359,-7.275],[108.8136,-7.275],[108.8136,-7.27455],[108.8136,-7.27454],[108.81405,-7.27454],[108.81405,-7.2741],[108.81405,-7.27409],[108.81451,-7.27409],[108.81451,-7.27365],[108.81406,-7.27365],[108.81406,-7.27364],[108.81361,-7.27364],[108.81361,-7.27409],[108.81315,-7.27409],[108.81315,-7.27364],[108.81315,-7.27319],[108.81271,-7.27319],[108.81271,-7.27364],[108.81225,-7.27364],[108.81179,-7.27364],[108.81179,-7.27363],[108.81179,-7.27318],[108.81225,-7.27318],[108.81225,-7.27273],[108.81225,-7.27228],[108.8127,-7.27228],[108.81271,-7.27228],[108.81271,-7.27183],[108.81316,-7.27183],[108.81316,-7.27138],[108.81271,-7.27138],[108.81226,-7.27138],[108.81226,-7.27183],[108.81181,-7.27183],[108.8118,-7.27183],[108.81135,-7.27183],[108.81135,-7.27182],[108.8109,-7.27182],[108.8109,-7.27137],[108.81135,-7.27137],[108.81135,-7.27092],[108.8109,-7.27092],[108.8109,-7.27047],[108.81136,-7.27047],[108.81136,-7.27092],[108.81181,-7.27092],[108.81181,-7.27137],[108.81226,-7.27137]],[[108.81542,-7.2723],[108.81542,-7.27274],[108.81542,-7.27275],[108.81542,-7.2732],[108.81586,-7.2732],[108.81586,-7.27275],[108.81587,-7.27275],[108.81587,-7.2723],[108.81542,-7.2723]],[[108.81544,-7.26642],[108.815,-7.26642],[108.81499,-7.26642],[108.81455,-7.26642],[108.81455,-7.26687],[108.81499,-7.26687],[108.815,-7.26687],[108.81544,-7.26687],[108.81545,-7.26687],[108.81589,-7.26687],[108.81589,-7.26665],[108.81589,-7.26643],[108.81562,-7.26643],[108.81545,-7.26643],[108.81545,-7.26642],[108.81544,-7.26642]],[[108.81498,-7.27093],[108.81498,-7.27094],[108.81498,-7.27139],[108.81543,-7.27139],[108.81543,-7.27184],[108.81587,-7.27184],[108.81587,-7.2714],[108.81587,-7.27139],[108.81587,-7.27094],[108.81542,-7.27094],[108.81542,-7.27049],[108.81498,-7.27049],[108.81498,-7.27093]],[[108.81363,-7.26867],[108.81408,-7.26867],[108.81408,-7.26822],[108.81364,-7.26822],[108.81363,-7.26822],[108.81318,-7.26822],[108.81318,-7.26867],[108.81362,-7.26867],[108.81363,-7.26867]],[[108.81317,-7.26958],[108.81317,-7.27002],[108.81362,-7.27002],[108.81362,-7.26958],[108.81317,-7.26958]],[[108.81362,-7.27138],[108.81406,-7.27138],[108.81406,-7.27093],[108.81407,-7.27093],[108.81407,-7.27048],[108.81362,-7.27048],[108.81361,-7.27048],[108.81317,-7.27048],[108.81317,-7.27093],[108.81362,-7.27093],[108.81362,-7.27138]],[[108.81496,-7.27229],[108.81541,-7.27229],[108.81541,-7.27184],[108.81497,-7.27184],[108.81497,-7.27139],[108.81452,-7.27139],[108.81452,-7.27184],[108.81407,-7.27184],[108.81406,-7.27184],[108.81406,-7.27229],[108.81361,-7.27229],[108.81361,-7.27274],[108.81406,-7.27274],[108.81451,-7.27274],[108.81496,-7.27274],[108.81496,-7.27229]],[[108.81316,-7.27274],[108.81316,-7.27319],[108.8136,-7.27319],[108.81361,-7.27319],[108.81361,-7.27274],[108.81316,-7.27274]],[[108.8132,-7.26415],[108.8132,-7.2646],[108.81364,-7.2646],[108.81364,-7.26415],[108.8132,-7.26415]],[[108.81499,-7.26733],[108.81499,-7.26732],[108.81455,-7.26732],[108.81455,-7.26777],[108.81499,-7.26777],[108.81499,-7.26733]]],[[[108.80956,-7.26946],[108.80991,-7.26946],[108.80991,-7.26928],[108.80992,-7.26928],[108.80992,-7.2691],[108.81001,-7.2691],[108.81001,-7.26956],[108.81001,-7.27001],[108.80956,-7.27001],[108.80955,-7.27001],[108.80955,-7.27046],[108.80909,-7.27046],[108.80909,-7.27001],[108.80909,-7.27],[108.8091,-7.27],[108.8091,-7.26956],[108.8091,-7.26955],[108.8091,-7.2691],[108.80935,-7.2691],[108.80937,-7.2691],[108.80937,-7.26928],[108.80955,-7.26928],[108.80955,-7.26946],[108.80956,-7.26946]]],[[[108.8091,-7.26865],[108.80865,-7.26865],[108.80865,-7.2682],[108.8091,-7.2682],[108.80911,-7.2682],[108.80911,-7.26865],[108.8091,-7.26865]]],[[[108.80865,-7.26775],[108.80865,-7.26729],[108.80911,-7.26729],[108.80911,-7.26775],[108.80865,-7.26775]]],[[[108.81093,-7.26604],[108.81084,-7.26604],[108.81083,-7.26604],[108.81083,-7.26595],[108.81084,-7.26595],[108.81093,-7.26595],[108.81093,-7.26604]]],[[[108.81138,-7.26568],[108.81101,-7.26568],[108.81101,-7.26595],[108.81093,-7.26595],[108.81093,-7.2655],[108.81139,-7.2655],[108.81139,-7.26586],[108.81138,-7.26586],[108.81138,-7.26568]]],[[[108.80957,-7.26549],[108.80957,-7.26504],[108.81003,-7.26504],[108.81003,-7.26549],[108.80957,-7.26549]]],[[[108.80867,-7.26549],[108.80821,-7.26549],[108.80821,-7.26548],[108.80821,-7.26503],[108.80867,-7.26503],[108.80867,-7.26548],[108.80867,-7.26549]]],[[[108.81048,-7.26459],[108.81048,-7.26414],[108.81094,-7.26414],[108.81094,-7.26459],[108.81048,-7.26459]]],[[[108.81049,-7.26369],[108.81049,-7.26324],[108.81049,-7.26323],[108.81094,-7.26323],[108.81094,-7.26324],[108.81121,-7.26324],[108.81121,-7.26369],[108.81094,-7.26369],[108.81049,-7.26369]]],[[[108.81139,-7.26143],[108.8114,-7.26143],[108.8114,-7.26098],[108.8114,-7.26053],[108.8114,-7.26008],[108.81095,-7.26008],[108.81095,-7.25962],[108.81141,-7.25962],[108.81141,-7.26008],[108.81186,-7.26008],[108.81186,-7.26053],[108.81186,-7.26098],[108.81213,-7.26098],[108.81213,-7.26099],[108.81195,-7.26099],[108.81195,-7.26134],[108.81231,-7.26134],[108.81231,-7.26144],[108.81186,-7.26144],[108.81185,-7.26144],[108.81185,-7.26189],[108.81212,-7.26189],[108.81212,-7.26225],[108.81212,-7.26234],[108.81212,-7.26261],[108.81194,-7.26261],[108.81194,-7.26279],[108.81193,-7.26279],[108.81184,-7.26279],[108.81184,-7.26234],[108.81184,-7.26189],[108.81139,-7.26189],[108.81139,-7.26143]]],[[[108.81096,-7.25917],[108.81096,-7.25872],[108.81142,-7.25872],[108.81142,-7.25917],[108.81096,-7.25917]]],[[[108.80916,-7.2578],[108.80916,-7.25781],[108.80961,-7.25781],[108.80961,-7.25826],[108.80916,-7.25826],[108.80915,-7.25826],[108.8087,-7.25826],[108.8087,-7.2578],[108.80916,-7.2578]]],[[[108.81124,-7.25755],[108.81106,-7.25755],[108.81097,-7.25755],[108.81097,-7.25754],[108.81097,-7.25736],[108.81142,-7.25736],[108.81143,-7.25736],[108.81143,-7.25782],[108.81142,-7.25782],[108.81141,-7.25782],[108.81141,-7.25755],[108.81124,-7.25755]]],[[[108.80962,-7.25736],[108.80916,-7.25736],[108.80916,-7.25691],[108.80916,-7.2569],[108.80916,-7.25645],[108.80961,-7.25645],[108.80962,-7.25645],[108.81007,-7.25645],[108.81007,-7.25691],[108.80962,-7.25691],[108.80962,-7.25736]]],[[[108.81012,-7.24562],[108.81012,-7.24516],[108.81058,-7.24516],[108.81058,-7.24562],[108.81012,-7.24562]]],[[[108.81271,-7.364],[108.81271,-7.36399],[108.81316,-7.36399],[108.81316,-7.364],[108.81316,-7.36445],[108.81271,-7.36445],[108.81271,-7.364]]],[[[108.81271,-7.36219],[108.81317,-7.36219],[108.81317,-7.36264],[108.81271,-7.36264],[108.81271,-7.36219]]],[[[108.81227,-7.36083],[108.81228,-7.36083],[108.81273,-7.36083],[108.81273,-7.36128],[108.81228,-7.36128],[108.81227,-7.36128],[108.81182,-7.36128],[108.81182,-7.36083],[108.81227,-7.36083]]],[[[108.81318,-7.36038],[108.81318,-7.35993],[108.81363,-7.35993],[108.81364,-7.35993],[108.81409,-7.35993],[108.81409,-7.35948],[108.81454,-7.35948],[108.81455,-7.35948],[108.81455,-7.35949],[108.81499,-7.35949],[108.815,-7.35949],[108.815,-7.35994],[108.81506,-7.35994],[108.81507,-7.35994],[108.81508,-7.35994],[108.81509,-7.35994],[108.81518,-7.35994],[108.8152,-7.35994],[108.81528,-7.35994],[108.81544,-7.35994],[108.81545,-7.35994],[108.81545,-7.36036],[108.81545,-7.36038],[108.81545,-7.36039],[108.81547,-7.36039],[108.81551,-7.36039],[108.81589,-7.36039],[108.81589,-7.35994],[108.8159,-7.35994],[108.81635,-7.35994],[108.81635,-7.3604],[108.8168,-7.3604],[108.8168,-7.36085],[108.81635,-7.36085],[108.81635,-7.3613],[108.8159,-7.3613],[108.8159,-7.36131],[108.8159,-7.36175],[108.81589,-7.36175],[108.81576,-7.36175],[108.81574,-7.36175],[108.81571,-7.36175],[108.81544,-7.36175],[108.81544,-7.3613],[108.81584,-7.3613],[108.81589,-7.3613],[108.81589,-7.36114],[108.81589,-7.36085],[108.81545,-7.36085],[108.81544,-7.36085],[108.81499,-7.36085],[108.81499,-7.36129],[108.81499,-7.3613],[108.81453,-7.3613],[108.81453,-7.36129],[108.81408,-7.36129],[108.81408,-7.36084],[108.81363,-7.36084],[108.81363,-7.36039],[108.81318,-7.36039],[108.81318,-7.36038]],[[108.81564,-7.36053],[108.81579,-7.36054],[108.81565,-7.36048],[108.81564,-7.36053]],[[108.81503,-7.35999],[108.815,-7.36],[108.81503,-7.35999],[108.81503,-7.35999]],[[108.81488,-7.36],[108.81488,-7.36],[108.81467,-7.35997],[108.81455,-7.35999],[108.81455,-7.35999],[108.8144,-7.36],[108.81455,-7.36001],[108.81455,-7.36001],[108.81484,-7.36002],[108.81485,-7.36002],[108.81486,-7.36002],[108.81486,-7.36003],[108.81487,-7.36002],[108.81487,-7.36001],[108.81488,-7.36]],[[108.81498,-7.36001],[108.81499,-7.36002],[108.81499,-7.36002],[108.81499,-7.36002],[108.81498,-7.36001]],[[108.81502,-7.36004],[108.81502,-7.36003],[108.81499,-7.36002],[108.81502,-7.36004]]],[[[108.81187,-7.35089],[108.81142,-7.35089],[108.81142,-7.35044],[108.81142,-7.35043],[108.81168,-7.35043],[108.8118,-7.35043],[108.81187,-7.35043],[108.81188,-7.35043],[108.81188,-7.35044],[108.81188,-7.35052],[108.81188,-7.35065],[108.81188,-7.35089],[108.81187,-7.35089]]],[[[108.81329,-7.3387],[108.81329,-7.33825],[108.81374,-7.33825],[108.81374,-7.3387],[108.81329,-7.3387]]],[[[108.81195,-7.33543],[108.81195,-7.33553],[108.81149,-7.33553],[108.81149,-7.33538],[108.8118,-7.33537],[108.81159,-7.33529],[108.81149,-7.33529],[108.81149,-7.33525],[108.81149,-7.33508],[108.81149,-7.33507],[108.81195,-7.33507],[108.81195,-7.33508],[108.81195,-7.33537],[108.81195,-7.33538],[108.81195,-7.33543]]],[[[108.81309,-7.3228],[108.81309,-7.32279],[108.8131,-7.32279],[108.81327,-7.32279],[108.81327,-7.3228],[108.81309,-7.3228]]],[[[108.81295,-7.31566],[108.81249,-7.31566],[108.81249,-7.31565],[108.81249,-7.3152],[108.81295,-7.3152],[108.81295,-7.31565],[108.81295,-7.31566]]],[[[108.8116,-7.31294],[108.8116,-7.31249],[108.81206,-7.31249],[108.81206,-7.31294],[108.8116,-7.31294]]],[[[108.8121,-7.30255],[108.8121,-7.3021],[108.81256,-7.3021],[108.81256,-7.30255],[108.8121,-7.30255]]],[[[108.81256,-7.30128],[108.81265,-7.30128],[108.81265,-7.30129],[108.81266,-7.30129],[108.81301,-7.30129],[108.81302,-7.30129],[108.8132,-7.30129],[108.81338,-7.30129],[108.81347,-7.30129],[108.81347,-7.30165],[108.81374,-7.30165],[108.81392,-7.30165],[108.81428,-7.30165],[108.81428,-7.30147],[108.81437,-7.30147],[108.81438,-7.30147],[108.81447,-7.30147],[108.81447,-7.3012],[108.81483,-7.3012],[108.81483,-7.30121],[108.81528,-7.30121],[108.81529,-7.30121],[108.81529,-7.30166],[108.81573,-7.30166],[108.81574,-7.30166],[108.81618,-7.30166],[108.81618,-7.30122],[108.81618,-7.30121],[108.81609,-7.30121],[108.81609,-7.30112],[108.8161,-7.30112],[108.81618,-7.30112],[108.81619,-7.30112],[108.81628,-7.30112],[108.81628,-7.30121],[108.81628,-7.30122],[108.81628,-7.3013],[108.81645,-7.3013],[108.81645,-7.30166],[108.81645,-7.30167],[108.81645,-7.30203],[108.81663,-7.30203],[108.81664,-7.30203],[108.81682,-7.30203],[108.81682,-7.30185],[108.817,-7.30185],[108.817,-7.30212],[108.817,-7.30221],[108.81708,-7.30221],[108.81709,-7.30221],[108.81718,-7.30221],[108.81735,-7.30221],[108.81735,-7.30258],[108.81709,-7.30258],[108.81709,-7.30302],[108.81709,-7.30303],[108.81663,-7.30303],[108.81663,-7.30302],[108.81663,-7.30257],[108.81619,-7.30257],[108.81618,-7.30257],[108.81573,-7.30257],[108.81573,-7.30302],[108.81527,-7.30302],[108.81527,-7.30256],[108.81483,-7.30256],[108.81482,-7.30256],[108.81437,-7.30256],[108.81437,-7.30211],[108.81482,-7.30211],[108.81482,-7.30166],[108.81438,-7.30166],[108.81437,-7.30166],[108.81392,-7.30166],[108.81392,-7.30211],[108.81346,-7.30211],[108.81346,-7.3021],[108.81301,-7.3021],[108.81301,-7.30165],[108.81256,-7.30165],[108.81256,-7.30129],[108.81256,-7.30128]],[[108.81573,-7.30212],[108.81573,-7.30211],[108.81528,-7.30211],[108.81528,-7.30256],[108.81573,-7.30256],[108.81573,-7.30212]]],[[[108.81212,-7.30119],[108.81166,-7.30119],[108.81166,-7.30074],[108.81175,-7.30074],[108.81194,-7.30074],[108.81194,-7.30092],[108.81212,-7.30092],[108.81212,-7.30119]]],[[[108.81347,-7.30075],[108.81347,-7.3003],[108.81393,-7.3003],[108.81393,-7.30075],[108.81374,-7.30075],[108.81356,-7.30075],[108.81347,-7.30075]]],[[[108.81303,-7.30057],[108.81302,-7.30057],[108.81302,-7.30038],[108.81266,-7.30038],[108.81257,-7.30038],[108.81257,-7.30029],[108.81212,-7.30029],[108.81212,-7.29984],[108.81257,-7.29984],[108.81258,-7.29984],[108.81303,-7.29984],[108.81303,-7.30029],[108.81303,-7.30057]]],[[[108.81262,-7.289],[108.81271,-7.289],[108.81307,-7.289],[108.81308,-7.289],[108.81353,-7.289],[108.81353,-7.28945],[108.81308,-7.28945],[108.81307,-7.28945],[108.81262,-7.28945],[108.81262,-7.28902],[108.81262,-7.289]]],[[[108.81283,-7.26569],[108.81283,-7.26568],[108.81301,-7.26568],[108.81301,-7.26569],[108.81283,-7.26569]]],[[[108.81228,-7.26505],[108.81228,-7.26496],[108.81192,-7.26496],[108.81192,-7.26505],[108.81192,-7.26514],[108.81183,-7.26514],[108.81183,-7.26505],[108.81184,-7.26505],[108.81184,-7.2646],[108.81229,-7.2646],[108.81229,-7.26505],[108.81229,-7.2655],[108.81229,-7.26568],[108.81229,-7.26569],[108.81228,-7.26569],[108.81228,-7.26586],[108.81228,-7.26587],[108.8121,-7.26586],[108.8121,-7.26568],[108.81193,-7.26568],[108.81193,-7.2655],[108.81211,-7.2655],[108.81211,-7.26532],[108.81228,-7.26532],[108.81228,-7.26505]]],[[[108.81285,-7.26171],[108.81303,-7.26171],[108.81321,-7.26171],[108.81321,-7.26189],[108.81302,-7.26189],[108.81285,-7.26189],[108.81285,-7.26171]]],[[[108.81231,-7.25963],[108.81277,-7.25963],[108.81277,-7.2599],[108.81267,-7.2599],[108.81267,-7.25972],[108.81231,-7.25972],[108.81231,-7.25963]]],[[[108.81322,-7.25963],[108.81277,-7.25963],[108.81277,-7.25918],[108.81322,-7.25918],[108.81323,-7.25918],[108.81323,-7.25963],[108.81322,-7.25963]]],[[[108.81278,-7.25557],[108.81233,-7.25557],[108.81233,-7.25511],[108.81278,-7.25511],[108.81279,-7.25511],[108.81279,-7.25466],[108.81324,-7.25466],[108.81324,-7.25422],[108.81324,-7.25421],[108.81324,-7.25376],[108.8137,-7.25376],[108.8137,-7.25421],[108.8137,-7.25422],[108.8137,-7.25467],[108.81325,-7.25467],[108.81325,-7.25512],[108.81324,-7.25512],[108.81324,-7.25557],[108.81369,-7.25557],[108.81369,-7.25602],[108.81414,-7.25602],[108.81414,-7.25648],[108.81459,-7.25648],[108.81459,-7.25693],[108.81459,-7.25738],[108.81413,-7.25738],[108.81413,-7.25693],[108.81413,-7.25648],[108.81368,-7.25648],[108.81368,-7.25602],[108.81324,-7.25602],[108.81324,-7.25647],[108.81323,-7.25647],[108.81323,-7.25692],[108.81278,-7.25692],[108.81278,-7.25737],[108.81323,-7.25737],[108.81323,-7.25783],[108.81277,-7.25783],[108.81277,-7.25737],[108.81232,-7.25737],[108.81232,-7.25692],[108.81277,-7.25692],[108.81277,-7.25647],[108.81278,-7.25647],[108.81278,-7.25602],[108.81278,-7.25557]]],[[[108.81142,-7.25692],[108.81142,-7.25647],[108.81142,-7.25646],[108.81142,-7.25601],[108.81188,-7.25601],[108.81188,-7.25646],[108.81188,-7.25647],[108.81188,-7.25692],[108.81142,-7.25692]]],[[[108.81326,-7.25241],[108.81325,-7.25241],[108.81325,-7.25195],[108.81326,-7.25195],[108.81371,-7.25195],[108.81371,-7.25241],[108.81326,-7.25241]]],[[[108.81496,-7.36771],[108.81474,-7.36762],[108.81496,-7.36762],[108.81496,-7.36771]]],[[[108.81406,-7.36716],[108.81406,-7.36722],[108.81404,-7.3672],[108.81402,-7.36716],[108.81394,-7.36701],[108.81387,-7.36671],[108.81406,-7.36671],[108.81406,-7.36716]]],[[[108.81453,-7.36219],[108.81453,-7.3622],[108.81453,-7.36265],[108.81498,-7.36265],[108.81498,-7.3631],[108.81526,-7.3631],[108.81527,-7.3631],[108.81531,-7.3631],[108.81543,-7.3631],[108.81543,-7.3627],[108.81543,-7.36265],[108.81544,-7.36265],[108.81589,-7.36265],[108.81589,-7.36311],[108.81543,-7.36311],[108.81543,-7.36356],[108.81527,-7.36356],[108.81523,-7.36356],[108.81521,-7.36356],[108.81498,-7.36356],[108.81498,-7.36401],[108.81497,-7.36401],[108.81497,-7.36446],[108.81452,-7.36446],[108.81451,-7.36446],[108.81406,-7.36446],[108.81406,-7.364],[108.81406,-7.36355],[108.81407,-7.36355],[108.81407,-7.3631],[108.81452,-7.3631],[108.81452,-7.36265],[108.81407,-7.36265],[108.81407,-7.3622],[108.81407,-7.36219],[108.81453,-7.36219]]],[[[108.81362,-7.36174],[108.81362,-7.36129],[108.81408,-7.36129],[108.81408,-7.36174],[108.81362,-7.36174]]],[[[108.81454,-7.35904],[108.81454,-7.35858],[108.815,-7.35858],[108.815,-7.35904],[108.81454,-7.35904]]],[[[108.81457,-7.35361],[108.81457,-7.35319],[108.81457,-7.35316],[108.81464,-7.35316],[108.81503,-7.35316],[108.81503,-7.35338],[108.81503,-7.35343],[108.81503,-7.35361],[108.81503,-7.35362],[108.81457,-7.35362],[108.81457,-7.35361]]],[[[108.81412,-7.35361],[108.81367,-7.35361],[108.81367,-7.35316],[108.81412,-7.35316],[108.81413,-7.35316],[108.81413,-7.35361],[108.81412,-7.35361]]],[[[108.81419,-7.33961],[108.81419,-7.33915],[108.81464,-7.33915],[108.81464,-7.33961],[108.81419,-7.33961]]],[[[108.81465,-7.33796],[108.81465,-7.33808],[108.81465,-7.33825],[108.81463,-7.33825],[108.8142,-7.33825],[108.81419,-7.33825],[108.81374,-7.33825],[108.81374,-7.3378],[108.81419,-7.3378],[108.8142,-7.3378],[108.81423,-7.3378],[108.81465,-7.3378],[108.81465,-7.33795],[108.81465,-7.33796]]],[[[108.81468,-7.33012],[108.81468,-7.32967],[108.81514,-7.32967],[108.81514,-7.33012],[108.81468,-7.33012]]],[[[108.81424,-7.32922],[108.81424,-7.32876],[108.8147,-7.32876],[108.8147,-7.32922],[108.81424,-7.32922]]],[[[108.81399,-7.32425],[108.81399,-7.32424],[108.81417,-7.32424],[108.81417,-7.32425],[108.81399,-7.32425]]],[[[108.81431,-7.31521],[108.81431,-7.31476],[108.81477,-7.31476],[108.81477,-7.31521],[108.81431,-7.31521]]],[[[108.8148,-7.30663],[108.8148,-7.30618],[108.81525,-7.30618],[108.81525,-7.30663],[108.8148,-7.30663]]],[[[108.8139,-7.30436],[108.81436,-7.30436],[108.81436,-7.30437],[108.81455,-7.30437],[108.81475,-7.30437],[108.81481,-7.30437],[108.81481,-7.30438],[108.81481,-7.30439],[108.81481,-7.30442],[108.81481,-7.30482],[108.81436,-7.30482],[108.81435,-7.30482],[108.8139,-7.30482],[108.8139,-7.30437],[108.8139,-7.30436]]],[[[108.81391,-7.30301],[108.81391,-7.30256],[108.81437,-7.30256],[108.81437,-7.30301],[108.81391,-7.30301]]],[[[108.81485,-7.29669],[108.81485,-7.29624],[108.81531,-7.29624],[108.81531,-7.29669],[108.81485,-7.29669]]],[[[108.81532,-7.29262],[108.81532,-7.29217],[108.81577,-7.29217],[108.81578,-7.29217],[108.81623,-7.29217],[108.81623,-7.29263],[108.81578,-7.29263],[108.81577,-7.29263],[108.81532,-7.29263],[108.81532,-7.29308],[108.81576,-7.29308],[108.81577,-7.29308],[108.81622,-7.29308],[108.81668,-7.29308],[108.81668,-7.29353],[108.81668,-7.29354],[108.81667,-7.29354],[108.81667,-7.29398],[108.81667,-7.29399],[108.81712,-7.29399],[108.81757,-7.29399],[108.81758,-7.29399],[108.81803,-7.29399],[108.81803,-7.29444],[108.81803,-7.29445],[108.81757,-7.29445],[108.81757,-7.29444],[108.81712,-7.29444],[108.81667,-7.29444],[108.81666,-7.29444],[108.81622,-7.29444],[108.81622,-7.29489],[108.81622,-7.29534],[108.81622,-7.29579],[108.81576,-7.29579],[108.81576,-7.29534],[108.81576,-7.29489],[108.81576,-7.29444],[108.81576,-7.29443],[108.81532,-7.29443],[108.81532,-7.29488],[108.81532,-7.29489],[108.81486,-7.29489],[108.81486,-7.29488],[108.81486,-7.29443],[108.81531,-7.29443],[108.81531,-7.29398],[108.81531,-7.29353],[108.81531,-7.29308],[108.81487,-7.29308],[108.81486,-7.29308],[108.81486,-7.29262],[108.81487,-7.29262],[108.81532,-7.29262]],[[108.81577,-7.29353],[108.81577,-7.29398],[108.81621,-7.29398],[108.81621,-7.29353],[108.81577,-7.29353]]],[[[108.81442,-7.29217],[108.81441,-7.29217],[108.81441,-7.29172],[108.81442,-7.29172],[108.81487,-7.29172],[108.81487,-7.29217],[108.81442,-7.29217]]],[[[108.81488,-7.29037],[108.81488,-7.28991],[108.81534,-7.28991],[108.81534,-7.29037],[108.81488,-7.29037]]],[[[108.81526,-7.28684],[108.81508,-7.28684],[108.81508,-7.28675],[108.81535,-7.28675],[108.81535,-7.2872],[108.81526,-7.2872],[108.81526,-7.28684]]],[[[108.81539,-7.27771],[108.81539,-7.27817],[108.81539,-7.27862],[108.81493,-7.27862],[108.81493,-7.27817],[108.81493,-7.27771],[108.81539,-7.27771]]],[[[108.81455,-7.26371],[108.81455,-7.26326],[108.81455,-7.26325],[108.81501,-7.26325],[108.81501,-7.26326],[108.81501,-7.26371],[108.81455,-7.26371]]],[[[108.8146,-7.25467],[108.8146,-7.25422],[108.81506,-7.25422],[108.81506,-7.25467],[108.8146,-7.25467]]],[[[108.81725,-7.36176],[108.8168,-7.36176],[108.81679,-7.36176],[108.81679,-7.3613],[108.8168,-7.3613],[108.81724,-7.3613],[108.81724,-7.36086],[108.81724,-7.36085],[108.81725,-7.36085],[108.8177,-7.36085],[108.8177,-7.36086],[108.8177,-7.36131],[108.81725,-7.36131],[108.81725,-7.36176]]],[[[108.8159,-7.35904],[108.8159,-7.35859],[108.81635,-7.35859],[108.81636,-7.35859],[108.81681,-7.35859],[108.81681,-7.35904],[108.81681,-7.35905],[108.81635,-7.35905],[108.81635,-7.35904],[108.8159,-7.35904]]],[[[108.81648,-7.35724],[108.81653,-7.35724],[108.81682,-7.35724],[108.81682,-7.35769],[108.81636,-7.35769],[108.81636,-7.35766],[108.81636,-7.35754],[108.81636,-7.35748],[108.81636,-7.35724],[108.81647,-7.35724],[108.81648,-7.35724]]],[[[108.81665,-7.35679],[108.81637,-7.35679],[108.81637,-7.35633],[108.81683,-7.35633],[108.81683,-7.35636],[108.81683,-7.35646],[108.81683,-7.35647],[108.81683,-7.35679],[108.8167,-7.35679],[108.81668,-7.35679],[108.81665,-7.35679]]],[[[108.81773,-7.35498],[108.81789,-7.35498],[108.81796,-7.35502],[108.81796,-7.35498],[108.81818,-7.35498],[108.81818,-7.35499],[108.81863,-7.35499],[108.81864,-7.35499],[108.81909,-7.35499],[108.81909,-7.35544],[108.81953,-7.35544],[108.81954,-7.35544],[108.81954,-7.35499],[108.82,-7.35499],[108.82,-7.35545],[108.82045,-7.35545],[108.82045,-7.3559],[108.82071,-7.3559],[108.82071,-7.35635],[108.82071,-7.35636],[108.82071,-7.35662],[108.82089,-7.35662],[108.82107,-7.35662],[108.82107,-7.35644],[108.82108,-7.35644],[108.82108,-7.35645],[108.82126,-7.35645],[108.82134,-7.35645],[108.82135,-7.35645],[108.82162,-7.35645],[108.82162,-7.35636],[108.82162,-7.35609],[108.82144,-7.35609],[108.82135,-7.35609],[108.82134,-7.35609],[108.82126,-7.35609],[108.82126,-7.35591],[108.82126,-7.3559],[108.82126,-7.35573],[108.82089,-7.35573],[108.82089,-7.35545],[108.82135,-7.35545],[108.8218,-7.35545],[108.8218,-7.355],[108.82226,-7.355],[108.82226,-7.35501],[108.82271,-7.35501],[108.82271,-7.35456],[108.82317,-7.35456],[108.82317,-7.35411],[108.82272,-7.35411],[108.82272,-7.35365],[108.82317,-7.35365],[108.82362,-7.35365],[108.82362,-7.35366],[108.82407,-7.35366],[108.82407,-7.35411],[108.82452,-7.35411],[108.82452,-7.35456],[108.82452,-7.35457],[108.82452,-7.35501],[108.82452,-7.35502],[108.82452,-7.35547],[108.82497,-7.35547],[108.82497,-7.35592],[108.82542,-7.35592],[108.82542,-7.35547],[108.82587,-7.35547],[108.82588,-7.35547],[108.82588,-7.35592],[108.82588,-7.35593],[108.82632,-7.35593],[108.82633,-7.35593],[108.82633,-7.35638],[108.82678,-7.35638],[108.82678,-7.35683],[108.82678,-7.35684],[108.82678,-7.35729],[108.82677,-7.35729],[108.82633,-7.35729],[108.82633,-7.35774],[108.82632,-7.35774],[108.82632,-7.35819],[108.82677,-7.35819],[108.82722,-7.35819],[108.82723,-7.35819],[108.82723,-7.35864],[108.82722,-7.35864],[108.82722,-7.3591],[108.82676,-7.3591],[108.82676,-7.35864],[108.82632,-7.35864],[108.82631,-7.35864],[108.82587,-7.35864],[108.82586,-7.35864],[108.82541,-7.35864],[108.82541,-7.35909],[108.82586,-7.35909],[108.82586,-7.35954],[108.8254,-7.35954],[108.8254,-7.35909],[108.82495,-7.35909],[108.82495,-7.35864],[108.82495,-7.35863],[108.8245,-7.35863],[108.8245,-7.35818],[108.8245,-7.35773],[108.82405,-7.35773],[108.82405,-7.35727],[108.8236,-7.35727],[108.8236,-7.35682],[108.82316,-7.35682],[108.82315,-7.35682],[108.8227,-7.35682],[108.8227,-7.35637],[108.8227,-7.35636],[108.8227,-7.35591],[108.82226,-7.35591],[108.82226,-7.35636],[108.82225,-7.35636],[108.82225,-7.35681],[108.82225,-7.35726],[108.82225,-7.35727],[108.82179,-7.35727],[108.82179,-7.35726],[108.82179,-7.35681],[108.82135,-7.35681],[108.82134,-7.35681],[108.82089,-7.35681],[108.82043,-7.35681],[108.82043,-7.35635],[108.81999,-7.35635],[108.81998,-7.35635],[108.81954,-7.35635],[108.81953,-7.35635],[108.81908,-7.35635],[108.81863,-7.35635],[108.81863,-7.35589],[108.81908,-7.35589],[108.81908,-7.35544],[108.81864,-7.35544],[108.81863,-7.35544],[108.81818,-7.35544],[108.81818,-7.35589],[108.81773,-7.35589],[108.81728,-7.35589],[108.81728,-7.35555],[108.81728,-7.35547],[108.81728,-7.35544],[108.81728,-7.35543],[108.81729,-7.35543],[108.81734,-7.35543],[108.81773,-7.35543],[108.81773,-7.35498]],[[108.82362,-7.35411],[108.82362,-7.35456],[108.82362,-7.35501],[108.82362,-7.35546],[108.82407,-7.35546],[108.82407,-7.35502],[108.82407,-7.35501],[108.82407,-7.35457],[108.82407,-7.35456],[108.82407,-7.35411],[108.82362,-7.35411]],[[108.82496,-7.35683],[108.82497,-7.35683],[108.82505,-7.35683],[108.82541,-7.35683],[108.82541,-7.35665],[108.82541,-7.35664],[108.82542,-7.35664],[108.82542,-7.35683],[108.82587,-7.35683],[108.82587,-7.35638],[108.82542,-7.35638],[108.82542,-7.35611],[108.82506,-7.35611],[108.82506,-7.35628],[108.82506,-7.35629],[108.82497,-7.35629],[108.82488,-7.35629],[108.82488,-7.35637],[108.82488,-7.35682],[108.82488,-7.35683],[108.82496,-7.35683]],[[108.82316,-7.35592],[108.82316,-7.35636],[108.82316,-7.35637],[108.82361,-7.35637],[108.82361,-7.35592],[108.82316,-7.35592]],[[108.82632,-7.35683],[108.82588,-7.35683],[108.82588,-7.35728],[108.82632,-7.35728],[108.82632,-7.35684],[108.82632,-7.35683]]],[[[108.81683,-7.35408],[108.81683,-7.35362],[108.81729,-7.35362],[108.81729,-7.35408],[108.81683,-7.35408]]],[[[108.81829,-7.3333],[108.81829,-7.33285],[108.81829,-7.3324],[108.81875,-7.3324],[108.81875,-7.33285],[108.81875,-7.3333],[108.81875,-7.33375],[108.81829,-7.33375],[108.81829,-7.3333]]],[[[108.81602,-7.33374],[108.81602,-7.33329],[108.81648,-7.33329],[108.81648,-7.33374],[108.81602,-7.33374]]],[[[108.81844,-7.3033],[108.81844,-7.30348],[108.81844,-7.30349],[108.81844,-7.30366],[108.81861,-7.30366],[108.81861,-7.30367],[108.81844,-7.30367],[108.81844,-7.30393],[108.81844,-7.30394],[108.81844,-7.30402],[108.81861,-7.30402],[108.81861,-7.30403],[108.81843,-7.30403],[108.81843,-7.30394],[108.81798,-7.30394],[108.81798,-7.30393],[108.81798,-7.30348],[108.81843,-7.30348],[108.81843,-7.3033],[108.81844,-7.3033]]],[[[108.81754,-7.30276],[108.81771,-7.30276],[108.81771,-7.30303],[108.81754,-7.30303],[108.81753,-7.30303],[108.81753,-7.30276],[108.81753,-7.30275],[108.81754,-7.30275],[108.81754,-7.30276]]],[[[108.81799,-7.30258],[108.81798,-7.30258],[108.8179,-7.30258],[108.8179,-7.30257],[108.81798,-7.30257],[108.81798,-7.3024],[108.81798,-7.30239],[108.81799,-7.30239],[108.81808,-7.30239],[108.81808,-7.30213],[108.81808,-7.30212],[108.81808,-7.30204],[108.81844,-7.30204],[108.81844,-7.30186],[108.81844,-7.30185],[108.81845,-7.30185],[108.81845,-7.30186],[108.81863,-7.30186],[108.8189,-7.30186],[108.8189,-7.30213],[108.81934,-7.30213],[108.81934,-7.30207],[108.81934,-7.30204],[108.81935,-7.30204],[108.81935,-7.30208],[108.81935,-7.30213],[108.81935,-7.30222],[108.81953,-7.30222],[108.81953,-7.3024],[108.81971,-7.3024],[108.81979,-7.3024],[108.8198,-7.3024],[108.81984,-7.3024],[108.81989,-7.3024],[108.81989,-7.30241],[108.81989,-7.30246],[108.81989,-7.30259],[108.8198,-7.30259],[108.81979,-7.30259],[108.81971,-7.30259],[108.81952,-7.30259],[108.81952,-7.30258],[108.81952,-7.30241],[108.81935,-7.30241],[108.81934,-7.30241],[108.81916,-7.30241],[108.81916,-7.30258],[108.81916,-7.30276],[108.81934,-7.30276],[108.81935,-7.30276],[108.81935,-7.30294],[108.81953,-7.30294],[108.8197,-7.30294],[108.8197,-7.30295],[108.8198,-7.30295],[108.8198,-7.30304],[108.8198,-7.3034],[108.8198,-7.30349],[108.81983,-7.30349],[108.82024,-7.30349],[108.82025,-7.30349],[108.8207,-7.30349],[108.8207,-7.30395],[108.82024,-7.30395],[108.82024,-7.30394],[108.81979,-7.30394],[108.81934,-7.30394],[108.81934,-7.30385],[108.81952,-7.30385],[108.81952,-7.30365],[108.81952,-7.30355],[108.81952,-7.30349],[108.81934,-7.30349],[108.81934,-7.30331],[108.81916,-7.30331],[108.81916,-7.30304],[108.81916,-7.30303],[108.81916,-7.30294],[108.81898,-7.30294],[108.81889,-7.30294],[108.8188,-7.30294],[108.8188,-7.30276],[108.81862,-7.30276],[108.81844,-7.30276],[108.81843,-7.30276],[108.81826,-7.30276],[108.81826,-7.30258],[108.81808,-7.30258],[108.81807,-7.30258],[108.81799,-7.30258]],[[108.81844,-7.30213],[108.81844,-7.30258],[108.81889,-7.30258],[108.81889,-7.30213],[108.81844,-7.30213]]],[[[108.81799,-7.30185],[108.81808,-7.30185],[108.81808,-7.30204],[108.81799,-7.30204],[108.81798,-7.30204],[108.81798,-7.30185],[108.81799,-7.30185]]],[[[108.81754,-7.30095],[108.81709,-7.30095],[108.81708,-7.30095],[108.817,-7.30095],[108.817,-7.30076],[108.81709,-7.30076],[108.81709,-7.30077],[108.81754,-7.30077],[108.81755,-7.30077],[108.81755,-7.30095],[108.81754,-7.30095]]],[[[108.81847,-7.29625],[108.81847,-7.29671],[108.81802,-7.29671],[108.81802,-7.2967],[108.81757,-7.2967],[108.81757,-7.29625],[108.81802,-7.29625],[108.81847,-7.29625]]],[[[108.81848,-7.29445],[108.81848,-7.294],[108.81894,-7.294],[108.81894,-7.29445],[108.81893,-7.29445],[108.81893,-7.2949],[108.81893,-7.29535],[108.81893,-7.2958],[108.81893,-7.29581],[108.81847,-7.29581],[108.81847,-7.2958],[108.81802,-7.2958],[108.81802,-7.29535],[108.81802,-7.2949],[108.81847,-7.2949],[108.81847,-7.29445],[108.81848,-7.29445]]],[[[108.81625,-7.28857],[108.81625,-7.28811],[108.8167,-7.28811],[108.8167,-7.28857],[108.81625,-7.28857]]],[[[108.81625,-7.28721],[108.8158,-7.28721],[108.8158,-7.28675],[108.81625,-7.28675],[108.81625,-7.2863],[108.81671,-7.2863],[108.81671,-7.28585],[108.81717,-7.28585],[108.81717,-7.28631],[108.81671,-7.28631],[108.81671,-7.28676],[108.81671,-7.28721],[108.81625,-7.28721]]],[[[108.81762,-7.28541],[108.81762,-7.28496],[108.81717,-7.28496],[108.81717,-7.2845],[108.81763,-7.2845],[108.81763,-7.28496],[108.81808,-7.28496],[108.81808,-7.28541],[108.81762,-7.28541]]],[[[108.81853,-7.2836],[108.81871,-7.2836],[108.81871,-7.28361],[108.81853,-7.28361],[108.81853,-7.2836]]],[[[108.81853,-7.2827],[108.81853,-7.28225],[108.81899,-7.28225],[108.81899,-7.2827],[108.81944,-7.2827],[108.81944,-7.28315],[108.81944,-7.28316],[108.81988,-7.28316],[108.81989,-7.28316],[108.82034,-7.28316],[108.82034,-7.28361],[108.82034,-7.28406],[108.82034,-7.28407],[108.82034,-7.28451],[108.82034,-7.28452],[108.82078,-7.28452],[108.82079,-7.28452],[108.82124,-7.28452],[108.82124,-7.28497],[108.82079,-7.28497],[108.82079,-7.28542],[108.82034,-7.28542],[108.82033,-7.28542],[108.82033,-7.28497],[108.81989,-7.28497],[108.81988,-7.28497],[108.81988,-7.28452],[108.81943,-7.28452],[108.81943,-7.28451],[108.81898,-7.28451],[108.81898,-7.28406],[108.81898,-7.28379],[108.81907,-7.28379],[108.81907,-7.28361],[108.81907,-7.28343],[108.81926,-7.28343],[108.81926,-7.28316],[108.81926,-7.28315],[108.81926,-7.28271],[108.81899,-7.28271],[108.81898,-7.28271],[108.8189,-7.28271],[108.8189,-7.28288],[108.81854,-7.28288],[108.81854,-7.28306],[108.81853,-7.28306],[108.81835,-7.28306],[108.81835,-7.28315],[108.81809,-7.28315],[108.81808,-7.28315],[108.81764,-7.28315],[108.81764,-7.2836],[108.81763,-7.2836],[108.81718,-7.2836],[108.81718,-7.28315],[108.81763,-7.28315],[108.81763,-7.2827],[108.81718,-7.2827],[108.81718,-7.28224],[108.81763,-7.28224],[108.81764,-7.28224],[108.81764,-7.2827],[108.81808,-7.2827],[108.81809,-7.2827],[108.81853,-7.2827]],[[108.81988,-7.28406],[108.81988,-7.28361],[108.81944,-7.28361],[108.81944,-7.28406],[108.81988,-7.28406]]],[[[108.81763,-7.2818],[108.81763,-7.28179],[108.81763,-7.28134],[108.81809,-7.28134],[108.81809,-7.28179],[108.81809,-7.2818],[108.81763,-7.2818]]],[[[108.81867,-7.28135],[108.81854,-7.28135],[108.81854,-7.28123],[108.81854,-7.28089],[108.819,-7.28089],[108.819,-7.28135],[108.81867,-7.28135]]],[[[108.81809,-7.27999],[108.81809,-7.27954],[108.81855,-7.27954],[108.81855,-7.27999],[108.81809,-7.27999]]],[[[108.81856,-7.27864],[108.81856,-7.27818],[108.81902,-7.27818],[108.81902,-7.27864],[108.81856,-7.27864]]],[[[108.81584,-7.27862],[108.81584,-7.27817],[108.8163,-7.27817],[108.8163,-7.27862],[108.81584,-7.27862]]],[[[108.81631,-7.27637],[108.81585,-7.27637],[108.81585,-7.27636],[108.81585,-7.27591],[108.81631,-7.27591],[108.81631,-7.27636],[108.81631,-7.27637]]],[[[108.81857,-7.27593],[108.81856,-7.27593],[108.81856,-7.27547],[108.81857,-7.27547],[108.81857,-7.27502],[108.81857,-7.27486],[108.81857,-7.27457],[108.81903,-7.27457],[108.81903,-7.27474],[108.81903,-7.27502],[108.81948,-7.27502],[108.81948,-7.2747],[108.81948,-7.27457],[108.81993,-7.27457],[108.81993,-7.27412],[108.82039,-7.27412],[108.82039,-7.27413],[108.82084,-7.27413],[108.82084,-7.27368],[108.82039,-7.27368],[108.82039,-7.27322],[108.82039,-7.27277],[108.82085,-7.27277],[108.82085,-7.27322],[108.82085,-7.27368],[108.8213,-7.27368],[108.8213,-7.27413],[108.82175,-7.27413],[108.82175,-7.27458],[108.8222,-7.27458],[108.8222,-7.27414],[108.8222,-7.27413],[108.8222,-7.27369],[108.8222,-7.27368],[108.82175,-7.27368],[108.82175,-7.27323],[108.8222,-7.27323],[108.82221,-7.27323],[108.82265,-7.27323],[108.82266,-7.27323],[108.82266,-7.27368],[108.8231,-7.27368],[108.82311,-7.27368],[108.82311,-7.27369],[108.82311,-7.27414],[108.82311,-7.27459],[108.8231,-7.27459],[108.82266,-7.27459],[108.82265,-7.27459],[108.82265,-7.27504],[108.8231,-7.27504],[108.8231,-7.27549],[108.82355,-7.27549],[108.82355,-7.27505],[108.82355,-7.27504],[108.824,-7.27504],[108.82401,-7.27504],[108.82401,-7.27505],[108.82445,-7.27505],[108.82446,-7.27505],[108.8249,-7.27505],[108.8249,-7.2746],[108.82491,-7.2746],[108.82536,-7.2746],[108.82536,-7.27505],[108.82581,-7.27505],[108.82581,-7.2746],[108.82627,-7.2746],[108.82627,-7.27506],[108.82581,-7.27506],[108.82581,-7.2755],[108.82581,-7.27551],[108.82626,-7.27551],[108.82626,-7.27596],[108.82671,-7.27596],[108.82671,-7.27551],[108.82716,-7.27551],[108.82717,-7.27551],[108.82762,-7.27551],[108.82762,-7.27597],[108.82807,-7.27597],[108.82807,-7.27552],[108.82807,-7.27507],[108.82853,-7.27507],[108.82853,-7.27552],[108.82853,-7.27597],[108.82897,-7.27597],[108.82897,-7.27552],[108.82943,-7.27552],[108.82943,-7.27598],[108.82988,-7.27598],[108.82988,-7.27553],[108.82988,-7.27508],[108.82988,-7.27507],[108.83034,-7.27507],[108.83034,-7.27508],[108.83079,-7.27508],[108.8308,-7.27508],[108.83124,-7.27508],[108.83125,-7.27508],[108.83169,-7.27508],[108.8317,-7.27508],[108.83214,-7.27508],[108.83214,-7.27463],[108.83215,-7.27463],[108.8326,-7.27463],[108.8326,-7.27509],[108.83215,-7.27509],[108.83215,-7.27553],[108.83215,-7.27554],[108.8326,-7.27554],[108.8326,-7.27599],[108.83305,-7.27599],[108.83305,-7.27645],[108.8326,-7.27645],[108.8326,-7.27689],[108.8326,-7.2769],[108.8326,-7.27735],[108.83259,-7.27735],[108.83259,-7.27758],[108.83259,-7.2778],[108.83244,-7.2778],[108.83214,-7.2778],[108.83214,-7.27785],[108.83214,-7.27825],[108.83213,-7.27825],[108.83213,-7.2787],[108.83168,-7.2787],[108.83168,-7.27915],[108.83213,-7.27915],[108.83213,-7.2796],[108.83213,-7.28005],[108.83258,-7.28005],[108.83258,-7.28006],[108.83258,-7.28051],[108.83257,-7.28051],[108.83257,-7.28096],[108.83212,-7.28096],[108.83211,-7.28096],[108.83211,-7.28051],[108.83167,-7.28051],[108.83166,-7.28051],[108.83122,-7.28051],[108.83121,-7.28051],[108.83121,-7.28005],[108.83122,-7.28005],[108.83166,-7.28005],[108.83167,-7.28005],[108.83167,-7.2796],[108.83122,-7.2796],[108.83122,-7.27927],[108.83122,-7.27915],[108.83077,-7.27915],[108.83077,-7.2796],[108.83032,-7.2796],[108.83032,-7.27967],[108.83032,-7.27968],[108.83032,-7.28005],[108.83076,-7.28005],[108.83077,-7.28005],[108.83077,-7.2805],[108.83077,-7.28095],[108.83121,-7.28095],[108.83122,-7.28095],[108.83167,-7.28095],[108.83167,-7.28141],[108.83167,-7.28186],[108.83166,-7.28186],[108.83122,-7.28186],[108.83122,-7.28231],[108.83121,-7.28231],[108.83076,-7.28231],[108.83076,-7.28186],[108.83076,-7.28141],[108.83076,-7.2814],[108.83031,-7.2814],[108.83031,-7.28095],[108.83031,-7.2805],[108.83031,-7.28005],[108.82987,-7.28005],[108.82986,-7.28005],[108.82941,-7.28005],[108.82941,-7.28004],[108.82896,-7.28004],[108.82896,-7.28049],[108.82896,-7.28094],[108.82896,-7.2814],[108.82941,-7.2814],[108.82941,-7.28185],[108.82895,-7.28185],[108.82895,-7.2823],[108.82895,-7.28275],[108.82849,-7.28275],[108.82849,-7.2823],[108.82849,-7.28185],[108.82849,-7.28184],[108.82895,-7.28184],[108.82895,-7.2814],[108.8285,-7.2814],[108.8285,-7.28139],[108.82805,-7.28139],[108.82805,-7.28184],[108.82759,-7.28184],[108.82759,-7.28139],[108.82714,-7.28139],[108.82714,-7.28184],[108.82714,-7.28229],[108.82759,-7.28229],[108.82759,-7.28274],[108.82804,-7.28274],[108.82804,-7.2832],[108.82849,-7.2832],[108.82849,-7.28365],[108.82894,-7.28365],[108.82894,-7.2841],[108.82894,-7.28411],[108.82894,-7.28446],[108.82894,-7.28456],[108.82893,-7.28456],[108.82869,-7.28456],[108.82848,-7.28456],[108.82848,-7.28411],[108.82848,-7.2841],[108.82803,-7.2841],[108.82803,-7.28365],[108.82803,-7.2832],[108.82758,-7.2832],[108.82758,-7.28275],[108.82713,-7.28275],[108.82713,-7.28274],[108.82713,-7.28229],[108.82668,-7.28229],[108.82668,-7.28184],[108.82623,-7.28184],[108.82623,-7.28139],[108.82623,-7.28138],[108.82579,-7.28138],[108.82578,-7.28138],[108.82578,-7.28183],[108.82533,-7.28183],[108.82532,-7.28183],[108.82488,-7.28183],[108.82487,-7.28183],[108.82443,-7.28183],[108.82443,-7.28228],[108.82442,-7.28228],[108.82398,-7.28228],[108.82397,-7.28228],[108.82352,-7.28228],[108.82352,-7.28272],[108.82352,-7.28273],[108.82306,-7.28273],[108.82306,-7.28272],[108.82261,-7.28272],[108.82261,-7.28227],[108.82261,-7.28182],[108.82217,-7.28182],[108.82217,-7.28227],[108.82216,-7.28227],[108.82216,-7.28272],[108.8217,-7.28272],[108.8217,-7.28226],[108.82125,-7.28226],[108.82125,-7.28181],[108.82171,-7.28181],[108.82216,-7.28181],[108.82216,-7.28136],[108.82262,-7.28136],[108.82262,-7.28182],[108.82307,-7.28182],[108.82307,-7.28137],[108.82352,-7.28137],[108.82352,-7.28092],[108.82381,-7.28092],[108.82382,-7.28092],[108.82397,-7.28092],[108.82398,-7.28092],[108.82398,-7.28102],[108.82398,-7.28137],[108.82398,-7.28182],[108.82442,-7.28182],[108.82442,-7.28138],[108.82442,-7.28137],[108.82442,-7.28092],[108.82487,-7.28092],[108.82487,-7.28047],[108.82488,-7.28047],[108.82488,-7.28017],[108.82488,-7.28002],[108.82488,-7.27957],[108.82443,-7.27957],[108.82443,-7.27912],[108.82398,-7.27912],[108.82398,-7.27866],[108.82398,-7.27821],[108.82399,-7.27821],[108.82399,-7.27776],[108.82354,-7.27776],[108.82308,-7.27776],[108.82308,-7.27775],[108.82308,-7.2773],[108.82264,-7.2773],[108.82263,-7.2773],[108.82218,-7.2773],[108.82218,-7.27685],[108.82173,-7.27685],[108.82173,-7.27684],[108.82128,-7.27684],[108.82128,-7.27729],[108.82082,-7.27729],[108.82082,-7.27684],[108.82038,-7.27684],[108.82037,-7.27684],[108.81992,-7.27684],[108.81992,-7.27683],[108.81947,-7.27683],[108.81946,-7.27683],[108.81946,-7.27638],[108.81947,-7.27638],[108.81947,-7.27626],[108.81947,-7.27593],[108.81947,-7.27548],[108.81903,-7.27548],[108.81902,-7.27548],[108.81902,-7.27593],[108.81857,-7.27593]],[[108.82084,-7.27458],[108.82129,-7.27458],[108.82129,-7.27413],[108.82084,-7.27413],[108.82084,-7.27458]],[[108.82807,-7.27642],[108.82852,-7.27642],[108.82852,-7.27597],[108.82807,-7.27597],[108.82807,-7.27642]],[[108.82988,-7.27643],[108.83033,-7.27643],[108.83033,-7.27598],[108.82988,-7.27598],[108.82988,-7.27643]],[[108.82307,-7.28227],[108.82352,-7.28227],[108.82352,-7.28182],[108.82307,-7.28182],[108.82307,-7.28227]],[[108.83124,-7.27599],[108.83124,-7.27643],[108.83124,-7.27644],[108.83169,-7.27644],[108.83169,-7.27599],[108.83125,-7.27599],[108.83124,-7.27599]],[[108.83124,-7.27734],[108.83078,-7.27734],[108.83078,-7.27779],[108.83122,-7.27779],[108.83123,-7.27779],[108.83168,-7.27779],[108.83168,-7.27734],[108.83213,-7.27734],[108.83214,-7.27734],[108.83214,-7.2769],[108.83214,-7.27689],[108.83169,-7.27689],[108.83124,-7.27689],[108.83124,-7.27734]],[[108.81993,-7.27593],[108.81993,-7.27638],[108.82037,-7.27638],[108.82037,-7.27593],[108.81993,-7.27593]],[[108.82471,-7.27867],[108.82471,-7.27894],[108.82489,-7.27894],[108.82525,-7.27894],[108.82525,-7.27876],[108.82534,-7.27876],[108.82535,-7.27876],[108.82544,-7.27876],[108.82544,-7.27867],[108.82544,-7.2784],[108.82535,-7.2784],[108.82534,-7.2784],[108.82525,-7.2784],[108.82507,-7.2784],[108.8249,-7.2784],[108.82489,-7.2784],[108.82471,-7.2784],[108.82471,-7.27866],[108.82471,-7.27867]],[[108.82489,-7.28002],[108.82507,-7.28002],[108.82524,-7.28002],[108.82533,-7.28002],[108.82534,-7.28002],[108.82543,-7.28002],[108.82578,-7.28002],[108.82579,-7.28002],[108.82597,-7.28002],[108.82597,-7.28003],[108.82615,-7.28003],[108.82624,-7.28003],[108.82633,-7.28003],[108.82633,-7.28014],[108.82633,-7.28021],[108.82669,-7.28021],[108.8267,-7.28021],[108.8267,-7.28013],[108.8267,-7.28003],[108.82688,-7.28003],[108.82714,-7.28003],[108.82715,-7.28003],[108.82715,-7.27958],[108.82688,-7.27958],[108.82688,-7.27931],[108.8267,-7.27931],[108.82633,-7.27931],[108.82633,-7.27949],[108.82625,-7.27949],[108.82624,-7.27949],[108.82607,-7.27949],[108.82597,-7.27949],[108.82597,-7.27948],[108.82597,-7.2793],[108.8258,-7.2793],[108.82579,-7.2793],[108.82561,-7.2793],[108.82561,-7.27912],[108.82543,-7.27912],[108.82535,-7.27912],[108.82534,-7.27912],[108.82507,-7.27912],[108.82507,-7.27957],[108.82507,-7.27966],[108.82489,-7.27966],[108.82489,-7.28002]],[[108.8222,-7.27549],[108.82264,-7.27549],[108.82264,-7.27504],[108.8222,-7.27504],[108.8222,-7.27549]],[[108.81948,-7.27548],[108.81988,-7.27548],[108.81992,-7.27548],[108.81993,-7.27548],[108.81993,-7.27518],[108.81993,-7.27512],[108.81993,-7.27503],[108.81988,-7.27503],[108.81948,-7.27503],[108.81948,-7.27548]],[[108.824,-7.27595],[108.82445,-7.27595],[108.82445,-7.2755],[108.82401,-7.2755],[108.824,-7.2755],[108.82355,-7.2755],[108.82355,-7.27595],[108.824,-7.27595]],[[108.82309,-7.27595],[108.82264,-7.27595],[108.82264,-7.27639],[108.82309,-7.27639],[108.82309,-7.27595]],[[108.82797,-7.27913],[108.82805,-7.27913],[108.82806,-7.27913],[108.82815,-7.27913],[108.82851,-7.27913],[108.82851,-7.27895],[108.82869,-7.27895],[108.82869,-7.27869],[108.82869,-7.27868],[108.82869,-7.27859],[108.82851,-7.27859],[108.82851,-7.27823],[108.82815,-7.27823],[108.82815,-7.27841],[108.82806,-7.27841],[108.82797,-7.27841],[108.82797,-7.27868],[108.82797,-7.27913]],[[108.82806,-7.28049],[108.8285,-7.28049],[108.8285,-7.28004],[108.82806,-7.28004],[108.82806,-7.28049]],[[108.82581,-7.27641],[108.8258,-7.27641],[108.82536,-7.27641],[108.82536,-7.27686],[108.8258,-7.27686],[108.82581,-7.27686],[108.82626,-7.27686],[108.82626,-7.27642],[108.82626,-7.27641],[108.82581,-7.27641]],[[108.82762,-7.27678],[108.82762,-7.27642],[108.82779,-7.27642],[108.82779,-7.27606],[108.82762,-7.27606],[108.82761,-7.27606],[108.82726,-7.27606],[108.82726,-7.27624],[108.82725,-7.27624],[108.82725,-7.27606],[108.82717,-7.27606],[108.82716,-7.27606],[108.82689,-7.27606],[108.82689,-7.27642],[108.82671,-7.27642],[108.82671,-7.27687],[108.82716,-7.27687],[108.82716,-7.2766],[108.82726,-7.2766],[108.82726,-7.27678],[108.82761,-7.27678],[108.82762,-7.27678]],[[108.82626,-7.27687],[108.82626,-7.27732],[108.82671,-7.27732],[108.82671,-7.27687],[108.82626,-7.27687]],[[108.82578,-7.28003],[108.82534,-7.28003],[108.82534,-7.28018],[108.82534,-7.28047],[108.82578,-7.28047],[108.82578,-7.28021],[108.82578,-7.28003]],[[108.82581,-7.27732],[108.82581,-7.27776],[108.82581,-7.27777],[108.82625,-7.27777],[108.82625,-7.27732],[108.82581,-7.27732]],[[108.82942,-7.27779],[108.82942,-7.27778],[108.82942,-7.27751],[108.82941,-7.27751],[108.82924,-7.27751],[108.82924,-7.27733],[108.82924,-7.27715],[108.82897,-7.27715],[108.82888,-7.27715],[108.82888,-7.27733],[108.8287,-7.27733],[108.8287,-7.27778],[108.8287,-7.27787],[108.82896,-7.27787],[108.82897,-7.27787],[108.82906,-7.27787],[108.82941,-7.27787],[108.82942,-7.27787],[108.82942,-7.27779]],[[108.82942,-7.27903],[108.82942,-7.27914],[108.82982,-7.27914],[108.82986,-7.27914],[108.82986,-7.27869],[108.82986,-7.27824],[108.82942,-7.27824],[108.82942,-7.27868],[108.82942,-7.27869],[108.82942,-7.27903]],[[108.83032,-7.27869],[108.83032,-7.27914],[108.83077,-7.27914],[108.83077,-7.2787],[108.83077,-7.27869],[108.83032,-7.27869]],[[108.82898,-7.27598],[108.82898,-7.27642],[108.82898,-7.27643],[108.82942,-7.27643],[108.82942,-7.27598],[108.82898,-7.27598]]],[[[108.81631,-7.27546],[108.81586,-7.27546],[108.81586,-7.27501],[108.81631,-7.27501],[108.81632,-7.27501],[108.81632,-7.27546],[108.81631,-7.27546]]],[[[108.81721,-7.27501],[108.81676,-7.27501],[108.81676,-7.27456],[108.81676,-7.27411],[108.81722,-7.27411],[108.81722,-7.27456],[108.81767,-7.27456],[108.81767,-7.27502],[108.81722,-7.27502],[108.81721,-7.27502],[108.81721,-7.27501]]],[[[108.81813,-7.27276],[108.81813,-7.27321],[108.81786,-7.27321],[108.81768,-7.27321],[108.81768,-7.27366],[108.81794,-7.27366],[108.81813,-7.27366],[108.81813,-7.27412],[108.81808,-7.27412],[108.81767,-7.27412],[108.81767,-7.27411],[108.81722,-7.27411],[108.81722,-7.27366],[108.81722,-7.27321],[108.81767,-7.27321],[108.81767,-7.27276],[108.81791,-7.27276],[108.81813,-7.27276]]],[[[108.81769,-7.27185],[108.81769,-7.27231],[108.81723,-7.27231],[108.81723,-7.2723],[108.81677,-7.2723],[108.81677,-7.27185],[108.81723,-7.27185],[108.81769,-7.27185]]],[[[108.81814,-7.27186],[108.81814,-7.2714],[108.8186,-7.2714],[108.8186,-7.27186],[108.81814,-7.27186]]],[[[108.81678,-7.27049],[108.81724,-7.27049],[108.81724,-7.27095],[108.81724,-7.2714],[108.81678,-7.2714],[108.81678,-7.27095],[108.81678,-7.27049]]],[[[108.81635,-7.26507],[108.81681,-7.26507],[108.81681,-7.26517],[108.81681,-7.26552],[108.81681,-7.26553],[108.81635,-7.26553],[108.81635,-7.26552],[108.81635,-7.26526],[108.81635,-7.26507]]],[[[108.81807,-7.26191],[108.81808,-7.26191],[108.81818,-7.26191],[108.81818,-7.26192],[108.81818,-7.26216],[108.81818,-7.26237],[108.81773,-7.26237],[108.81773,-7.26192],[108.81773,-7.26191],[108.81807,-7.26191]]],[[[108.81547,-7.26236],[108.81547,-7.26191],[108.81547,-7.2619],[108.81547,-7.26145],[108.81593,-7.26145],[108.81593,-7.2619],[108.81593,-7.26191],[108.81593,-7.26236],[108.81547,-7.26236]]],[[[108.81774,-7.25921],[108.81774,-7.25875],[108.8182,-7.25875],[108.8182,-7.25921],[108.81774,-7.25921]]],[[[108.81884,-7.25876],[108.81883,-7.25876],[108.81865,-7.25876],[108.81865,-7.25831],[108.81865,-7.2583],[108.81866,-7.2583],[108.81883,-7.2583],[108.81884,-7.2583],[108.81884,-7.25831],[108.81884,-7.25876]]],[[[108.81684,-7.25875],[108.81684,-7.2583],[108.8173,-7.2583],[108.8173,-7.25875],[108.81684,-7.25875]]],[[[108.81866,-7.25786],[108.81866,-7.25785],[108.81866,-7.2574],[108.81911,-7.2574],[108.81912,-7.2574],[108.81912,-7.25777],[108.81911,-7.25777],[108.81884,-7.25777],[108.81884,-7.25785],[108.81884,-7.25794],[108.81883,-7.25795],[108.81866,-7.25795],[108.81866,-7.25786]]],[[[108.81775,-7.25785],[108.81775,-7.2574],[108.81821,-7.2574],[108.81821,-7.25785],[108.81775,-7.25785]]],[[[108.81731,-7.25423],[108.81731,-7.25378],[108.81777,-7.25378],[108.81822,-7.25378],[108.81822,-7.25333],[108.81868,-7.25333],[108.81868,-7.25379],[108.81823,-7.25379],[108.81823,-7.25424],[108.81867,-7.25424],[108.81867,-7.25469],[108.81822,-7.25469],[108.81821,-7.25469],[108.81776,-7.25469],[108.81776,-7.25423],[108.81732,-7.25423],[108.81732,-7.25468],[108.81731,-7.25468],[108.81731,-7.25514],[108.81686,-7.25514],[108.81686,-7.25559],[108.8165,-7.25559],[108.8165,-7.2554],[108.81641,-7.2554],[108.81641,-7.25513],[108.81641,-7.25468],[108.8165,-7.25468],[108.8165,-7.25504],[108.81686,-7.25504],[108.81722,-7.25504],[108.81722,-7.25468],[108.81723,-7.25468],[108.81723,-7.25432],[108.81723,-7.25423],[108.81731,-7.25423]]],[[[108.81732,-7.25333],[108.81732,-7.25288],[108.81778,-7.25288],[108.81778,-7.25333],[108.81732,-7.25333]]],[[[108.81733,-7.25107],[108.81733,-7.25062],[108.81779,-7.25062],[108.81779,-7.25107],[108.81733,-7.25107]]],[[[108.81689,-7.24836],[108.81644,-7.24836],[108.81644,-7.2479],[108.81689,-7.2479],[108.8169,-7.2479],[108.8169,-7.24836],[108.81689,-7.24836]]],[[[108.82129,-7.3672],[108.82129,-7.36675],[108.82175,-7.36675],[108.82175,-7.3672],[108.82129,-7.3672]]],[[[108.82221,-7.36593],[108.82221,-7.3663],[108.8222,-7.3663],[108.82175,-7.3663],[108.82175,-7.36585],[108.8221,-7.36585],[108.8222,-7.36593],[108.82221,-7.36593]]],[[[108.81904,-7.36493],[108.81904,-7.36448],[108.8195,-7.36448],[108.8195,-7.36493],[108.81995,-7.36493],[108.8204,-7.36493],[108.8204,-7.36539],[108.81995,-7.36539],[108.81949,-7.36539],[108.81949,-7.36493],[108.81905,-7.36493],[108.81905,-7.36538],[108.81859,-7.36538],[108.81859,-7.36493],[108.81904,-7.36493]]],[[[108.82041,-7.36223],[108.81996,-7.36223],[108.81996,-7.36222],[108.8195,-7.36222],[108.8195,-7.36177],[108.81905,-7.36177],[108.81905,-7.36132],[108.8186,-7.36132],[108.8186,-7.36131],[108.8186,-7.36086],[108.81906,-7.36086],[108.81906,-7.36131],[108.81951,-7.36131],[108.81951,-7.36132],[108.81951,-7.36177],[108.81996,-7.36177],[108.82041,-7.36177],[108.82042,-7.36177],[108.82087,-7.36177],[108.82087,-7.36178],[108.82132,-7.36178],[108.82132,-7.36133],[108.82178,-7.36133],[108.82178,-7.36178],[108.82222,-7.36178],[108.82223,-7.36178],[108.82268,-7.36178],[108.82268,-7.36133],[108.82313,-7.36133],[108.82313,-7.36088],[108.82359,-7.36088],[108.82359,-7.36133],[108.82359,-7.36134],[108.82359,-7.36179],[108.82359,-7.36224],[108.82403,-7.36224],[108.82403,-7.36179],[108.82404,-7.36179],[108.82449,-7.36179],[108.82494,-7.36179],[108.82494,-7.36224],[108.82494,-7.36225],[108.82539,-7.36225],[108.82539,-7.3618],[108.82539,-7.36135],[108.82494,-7.36135],[108.82494,-7.36089],[108.82449,-7.36089],[108.82449,-7.36044],[108.82449,-7.35999],[108.82494,-7.35999],[108.82495,-7.35999],[108.8254,-7.35999],[108.82585,-7.35999],[108.82586,-7.35999],[108.82631,-7.35999],[108.82631,-7.36044],[108.82631,-7.36045],[108.82675,-7.36045],[108.82676,-7.36045],[108.82721,-7.36045],[108.82721,-7.3609],[108.82676,-7.3609],[108.82676,-7.36135],[108.8263,-7.36135],[108.82585,-7.36135],[108.82585,-7.3618],[108.82584,-7.3618],[108.82584,-7.36225],[108.82584,-7.3627],[108.82584,-7.36315],[108.82584,-7.36316],[108.82584,-7.36337],[108.82579,-7.36337],[108.82553,-7.36338],[108.82539,-7.36345],[108.82535,-7.36346],[108.82523,-7.36359],[108.82522,-7.36361],[108.82494,-7.36361],[108.82494,-7.36405],[108.82504,-7.36405],[108.82504,-7.36406],[108.82501,-7.36428],[108.82499,-7.36451],[108.82498,-7.36451],[108.82493,-7.36451],[108.82493,-7.36482],[108.8249,-7.36496],[108.8249,-7.36497],[108.82478,-7.36516],[108.82464,-7.36532],[108.82451,-7.36541],[108.82447,-7.36541],[108.82447,-7.36496],[108.82402,-7.36496],[108.82402,-7.3645],[108.82357,-7.3645],[108.82357,-7.36405],[108.82312,-7.36405],[108.82312,-7.3636],[108.82312,-7.36359],[108.82295,-7.36359],[108.82291,-7.36353],[108.82277,-7.36347],[108.82267,-7.36346],[108.82259,-7.36345],[108.82238,-7.36345],[108.82226,-7.3635],[108.82221,-7.36354],[108.82221,-7.36354],[108.82214,-7.36359],[108.82176,-7.36359],[108.82176,-7.36314],[108.82176,-7.36268],[108.82222,-7.36268],[108.82222,-7.36224],[108.82222,-7.36223],[108.82178,-7.36223],[108.82177,-7.36223],[108.82132,-7.36223],[108.82132,-7.36268],[108.82132,-7.36313],[108.82131,-7.36313],[108.82131,-7.36358],[108.82131,-7.36359],[108.82086,-7.36359],[108.82086,-7.36404],[108.8204,-7.36404],[108.8204,-7.36403],[108.81995,-7.36403],[108.81995,-7.36358],[108.81995,-7.36313],[108.8204,-7.36313],[108.82041,-7.36313],[108.82085,-7.36313],[108.82086,-7.36313],[108.82086,-7.36268],[108.82086,-7.36223],[108.82042,-7.36223],[108.82041,-7.36223]],[[108.82404,-7.36225],[108.82404,-7.36269],[108.82449,-7.36269],[108.82449,-7.36225],[108.82404,-7.36225]],[[108.82585,-7.36045],[108.8254,-7.36045],[108.8254,-7.36044],[108.82495,-7.36044],[108.82495,-7.36089],[108.82539,-7.36089],[108.8254,-7.36089],[108.82585,-7.36089],[108.82585,-7.36045]]],[[[108.81919,-7.33376],[108.81919,-7.3333],[108.81965,-7.3333],[108.81965,-7.33331],[108.8201,-7.33331],[108.8201,-7.33286],[108.82056,-7.33286],[108.82056,-7.33331],[108.82011,-7.33331],[108.82011,-7.33376],[108.81965,-7.33376],[108.81919,-7.33376]]],[[[108.82014,-7.32518],[108.82059,-7.32518],[108.8206,-7.32518],[108.82104,-7.32518],[108.82105,-7.32518],[108.82105,-7.32563],[108.82104,-7.32563],[108.8206,-7.32563],[108.82059,-7.32563],[108.82014,-7.32563],[108.82014,-7.32518]]],[[[108.82158,-7.30757],[108.82158,-7.30711],[108.82159,-7.30711],[108.82159,-7.30666],[108.82204,-7.30666],[108.82205,-7.30666],[108.8224,-7.30666],[108.82241,-7.30666],[108.82241,-7.30675],[108.82249,-7.30675],[108.8225,-7.30675],[108.8225,-7.30712],[108.82249,-7.30712],[108.82205,-7.30712],[108.82204,-7.30712],[108.82204,-7.30757],[108.82158,-7.30757]]],[[[108.81979,-7.30566],[108.81979,-7.30575],[108.82024,-7.30575],[108.82024,-7.3062],[108.81978,-7.3062],[108.81978,-7.30575],[108.81969,-7.30575],[108.81969,-7.30566],[108.81979,-7.30566]]],[[[108.82069,-7.30576],[108.82069,-7.30566],[108.82096,-7.30566],[108.82114,-7.30566],[108.82114,-7.30576],[108.82069,-7.30576]]],[[[108.81969,-7.30485],[108.81969,-7.30484],[108.81969,-7.30476],[108.81952,-7.30476],[108.81952,-7.30475],[108.81952,-7.30457],[108.81934,-7.30457],[108.81933,-7.30457],[108.81933,-7.30439],[108.81934,-7.30439],[108.81979,-7.30439],[108.81979,-7.30484],[108.81979,-7.30485],[108.81969,-7.30485]]],[[[108.82114,-7.3035],[108.82133,-7.3035],[108.82133,-7.30368],[108.8216,-7.30368],[108.8216,-7.30395],[108.82114,-7.30395],[108.82114,-7.3035]]],[[[108.82188,-7.3026],[108.8217,-7.3026],[108.8217,-7.30259],[108.82188,-7.30259],[108.82188,-7.3026]]],[[[108.82161,-7.30259],[108.82161,-7.3026],[108.82152,-7.3026],[108.82152,-7.30259],[108.82161,-7.30259]]],[[[108.82062,-7.30223],[108.82043,-7.30223],[108.82043,-7.30214],[108.82071,-7.30214],[108.82071,-7.30259],[108.82062,-7.30259],[108.82062,-7.30223]]],[[[108.81981,-7.30149],[108.81981,-7.30168],[108.81971,-7.30168],[108.81953,-7.30168],[108.81935,-7.30168],[108.81935,-7.30138],[108.81935,-7.30128],[108.81935,-7.30123],[108.81981,-7.30123],[108.81981,-7.3014],[108.81981,-7.30149]]],[[[108.82162,-7.30078],[108.82162,-7.30079],[108.82162,-7.30124],[108.82162,-7.30169],[108.82116,-7.30169],[108.82116,-7.30124],[108.82116,-7.30079],[108.82116,-7.30078],[108.82162,-7.30078]]],[[[108.82027,-7.29897],[108.82072,-7.29897],[108.82073,-7.29897],[108.82073,-7.29898],[108.82117,-7.29898],[108.82118,-7.29898],[108.82162,-7.29898],[108.82163,-7.29898],[108.82163,-7.29943],[108.82162,-7.29943],[108.82118,-7.29943],[108.82118,-7.29988],[108.82162,-7.29988],[108.82163,-7.29988],[108.82163,-7.30034],[108.82162,-7.30034],[108.82117,-7.30034],[108.82117,-7.29988],[108.82072,-7.29988],[108.82072,-7.29943],[108.82027,-7.29943],[108.82027,-7.29897]]],[[[108.81891,-7.29942],[108.81891,-7.29897],[108.81937,-7.29897],[108.81937,-7.29942],[108.81891,-7.29942]]],[[[108.82166,-7.29265],[108.82211,-7.29265],[108.82211,-7.29266],[108.82255,-7.29266],[108.82256,-7.29266],[108.82301,-7.29266],[108.82301,-7.29311],[108.82256,-7.29311],[108.82255,-7.29311],[108.82211,-7.29311],[108.8221,-7.29311],[108.82166,-7.29311],[108.82165,-7.29311],[108.8212,-7.29311],[108.8212,-7.29265],[108.82165,-7.29265],[108.82166,-7.29265]]],[[[108.81985,-7.29175],[108.81985,-7.29129],[108.8203,-7.29129],[108.82031,-7.29129],[108.82031,-7.29175],[108.8203,-7.29175],[108.81985,-7.29175]]],[[[108.81889,-7.28343],[108.81889,-7.28342],[108.8189,-7.28342],[108.8189,-7.28343],[108.81889,-7.28343]]],[[[108.82079,-7.28317],[108.82079,-7.28271],[108.82125,-7.28271],[108.82125,-7.28317],[108.82079,-7.28317]]],[[[108.82035,-7.28226],[108.82035,-7.28181],[108.82081,-7.28181],[108.82081,-7.28226],[108.82035,-7.28226]]],[[[108.81944,-7.28226],[108.81944,-7.2818],[108.8199,-7.2818],[108.8199,-7.28226],[108.81944,-7.28226]]],[[[108.82081,-7.28091],[108.82081,-7.28045],[108.82127,-7.28045],[108.82127,-7.28091],[108.82081,-7.28091]]],[[[108.82127,-7.27955],[108.82127,-7.27966],[108.82127,-7.28],[108.82081,-7.28],[108.82081,-7.27955],[108.82036,-7.27955],[108.82036,-7.2791],[108.82036,-7.27909],[108.82066,-7.27909],[108.82067,-7.27909],[108.82082,-7.27909],[108.82082,-7.2791],[108.82082,-7.27924],[108.82082,-7.27955],[108.82113,-7.27955],[108.82127,-7.27955]]],[[[108.8186,-7.27005],[108.8186,-7.2696],[108.81905,-7.2696],[108.81905,-7.27005],[108.8186,-7.27005]]],[[[108.82086,-7.26961],[108.82086,-7.26916],[108.82086,-7.26871],[108.82132,-7.26871],[108.82132,-7.26916],[108.82132,-7.26961],[108.82086,-7.26961]]],[[[108.81951,-7.26689],[108.81952,-7.26689],[108.81997,-7.26689],[108.82043,-7.26689],[108.82043,-7.26735],[108.81997,-7.26735],[108.81952,-7.26735],[108.81951,-7.26735],[108.81906,-7.26735],[108.81906,-7.26734],[108.81906,-7.26689],[108.81951,-7.26689]]],[[[108.82088,-7.26509],[108.82043,-7.26509],[108.82043,-7.26464],[108.82088,-7.26464],[108.82089,-7.26464],[108.82089,-7.26509],[108.82088,-7.26509]]],[[[108.82189,-7.24296],[108.82189,-7.24251],[108.82235,-7.24251],[108.82235,-7.24296],[108.82189,-7.24296]]],[[[108.82193,-7.23619],[108.82193,-7.23573],[108.82239,-7.23573],[108.82239,-7.23619],[108.82193,-7.23619]]],[[[108.82265,-7.36721],[108.82265,-7.36675],[108.82281,-7.36675],[108.8228,-7.36693],[108.82276,-7.36714],[108.82272,-7.36721],[108.82273,-7.36721],[108.82269,-7.36727],[108.82265,-7.36731],[108.82265,-7.36721]]],[[[108.82356,-7.3654],[108.82402,-7.3654],[108.82402,-7.36556],[108.82385,-7.36558],[108.82356,-7.36556],[108.82356,-7.3654]]],[[[108.82312,-7.36495],[108.82312,-7.3654],[108.82291,-7.36528],[108.82278,-7.36511],[108.82273,-7.36495],[108.82311,-7.36495],[108.82311,-7.3645],[108.82357,-7.3645],[108.82357,-7.36495],[108.82312,-7.36495]]],[[[108.8245,-7.35954],[108.82404,-7.35954],[108.82404,-7.35953],[108.82404,-7.35908],[108.8245,-7.35908],[108.8245,-7.35953],[108.8245,-7.35954]]],[[[108.82269,-7.35953],[108.82268,-7.35953],[108.82268,-7.35907],[108.82269,-7.35907],[108.82314,-7.35907],[108.82314,-7.35953],[108.82269,-7.35953]]],[[[108.82408,-7.35231],[108.82408,-7.35185],[108.82454,-7.35185],[108.82454,-7.35231],[108.82408,-7.35231]]],[[[108.82273,-7.35049],[108.82273,-7.35004],[108.82318,-7.35004],[108.82319,-7.35004],[108.82364,-7.35004],[108.82364,-7.35049],[108.82364,-7.3505],[108.82318,-7.3505],[108.82318,-7.35049],[108.82273,-7.35049]]],[[[108.82414,-7.33875],[108.82414,-7.3383],[108.8246,-7.3383],[108.8246,-7.33875],[108.82414,-7.33875]]],[[[108.82234,-7.33694],[108.82234,-7.33648],[108.8228,-7.33648],[108.8228,-7.33694],[108.82234,-7.33694]]],[[[108.82235,-7.33558],[108.82281,-7.33558],[108.82281,-7.33603],[108.82235,-7.33603],[108.82235,-7.33558]]],[[[108.82375,-7.3261],[108.82375,-7.32565],[108.82421,-7.32565],[108.82421,-7.3261],[108.82375,-7.3261]]],[[[108.82513,-7.32158],[108.82513,-7.32159],[108.82514,-7.32159],[108.82514,-7.32204],[108.82513,-7.32204],[108.82468,-7.32204],[108.82468,-7.32159],[108.82468,-7.32158],[108.82513,-7.32158]]],[[[108.82197,-7.31886],[108.82198,-7.31886],[108.82243,-7.31886],[108.82243,-7.31931],[108.82243,-7.31932],[108.82198,-7.31932],[108.82197,-7.31932],[108.82197,-7.31931],[108.82197,-7.31886]]],[[[108.82385,-7.30803],[108.82384,-7.30803],[108.82384,-7.30758],[108.82339,-7.30758],[108.82339,-7.30757],[108.82339,-7.30712],[108.82367,-7.30712],[108.82385,-7.30712],[108.82385,-7.30757],[108.8243,-7.30757],[108.8243,-7.30758],[108.8243,-7.30803],[108.82385,-7.30803]]],[[[108.8243,-7.30712],[108.82457,-7.30712],[108.82457,-7.30713],[108.8243,-7.30713],[108.8243,-7.30712]]],[[[108.8234,-7.30586],[108.82313,-7.30586],[108.82313,-7.30604],[108.82295,-7.30604],[108.82294,-7.30604],[108.82294,-7.30603],[108.82294,-7.30576],[108.8234,-7.30576],[108.8234,-7.30586]]],[[[108.82523,-7.30396],[108.82523,-7.30397],[108.82523,-7.30442],[108.82522,-7.30442],[108.82522,-7.30487],[108.82567,-7.30487],[108.82567,-7.30442],[108.82567,-7.30397],[108.82613,-7.30397],[108.82613,-7.30442],[108.82658,-7.30442],[108.82658,-7.30397],[108.82703,-7.30397],[108.82703,-7.30353],[108.82703,-7.30352],[108.82703,-7.30347],[108.82703,-7.30337],[108.82703,-7.30307],[108.82749,-7.30307],[108.82749,-7.30347],[108.82749,-7.30353],[108.82775,-7.30353],[108.82794,-7.30353],[108.82794,-7.30357],[108.82794,-7.30366],[108.82794,-7.30398],[108.82794,-7.30443],[108.82838,-7.30443],[108.82839,-7.30443],[108.82883,-7.30443],[108.82883,-7.30399],[108.82883,-7.30398],[108.82904,-7.30398],[108.82906,-7.30398],[108.82929,-7.30398],[108.82929,-7.30399],[108.82929,-7.30438],[108.82929,-7.30441],[108.82929,-7.30444],[108.82974,-7.30444],[108.83019,-7.30444],[108.83019,-7.30413],[108.83025,-7.30412],[108.83019,-7.30411],[108.83019,-7.30399],[108.83065,-7.30399],[108.83065,-7.30354],[108.8302,-7.30354],[108.8302,-7.30309],[108.82975,-7.30309],[108.82975,-7.30263],[108.83021,-7.30263],[108.83021,-7.30309],[108.83065,-7.30309],[108.83065,-7.30264],[108.83111,-7.30264],[108.83156,-7.30264],[108.83157,-7.30264],[108.83174,-7.30264],[108.83184,-7.30264],[108.83202,-7.30264],[108.83202,-7.3022],[108.83202,-7.30219],[108.83202,-7.30174],[108.83247,-7.30174],[108.83247,-7.30219],[108.83292,-7.30219],[108.83292,-7.30175],[108.83292,-7.3013],[108.83292,-7.30129],[108.83292,-7.30084],[108.83292,-7.30039],[108.83293,-7.30039],[108.83293,-7.29994],[108.83293,-7.29949],[108.83293,-7.29904],[108.83293,-7.29903],[108.83294,-7.29903],[108.83294,-7.29859],[108.83294,-7.29858],[108.83294,-7.29813],[108.83249,-7.29813],[108.83249,-7.29768],[108.83204,-7.29768],[108.83204,-7.29723],[108.83204,-7.29722],[108.83159,-7.29722],[108.83159,-7.29696],[108.83159,-7.29684],[108.83159,-7.29677],[108.83162,-7.29677],[108.83169,-7.29677],[108.83204,-7.29677],[108.83205,-7.29677],[108.83249,-7.29677],[108.8325,-7.29677],[108.83295,-7.29677],[108.83295,-7.29723],[108.8334,-7.29723],[108.8334,-7.29768],[108.8334,-7.29813],[108.83385,-7.29813],[108.83385,-7.29814],[108.8343,-7.29814],[108.8343,-7.29859],[108.83385,-7.29859],[108.83385,-7.29904],[108.83429,-7.29904],[108.8343,-7.29904],[108.83474,-7.29904],[108.83475,-7.29904],[108.8352,-7.29904],[108.8352,-7.2986],[108.8352,-7.29859],[108.8352,-7.29814],[108.83565,-7.29814],[108.83565,-7.29769],[108.83566,-7.29769],[108.83611,-7.29769],[108.83611,-7.29815],[108.83566,-7.29815],[108.83566,-7.29859],[108.83566,-7.2986],[108.83566,-7.29905],[108.8352,-7.29905],[108.8352,-7.2995],[108.83566,-7.2995],[108.83566,-7.29995],[108.83565,-7.29995],[108.83565,-7.3004],[108.8352,-7.3004],[108.8352,-7.30085],[108.83474,-7.30085],[108.83474,-7.3013],[108.83429,-7.3013],[108.83428,-7.3013],[108.83383,-7.3013],[108.83383,-7.30175],[108.83338,-7.30175],[108.83338,-7.3022],[108.83383,-7.3022],[108.83383,-7.30265],[108.83337,-7.30265],[108.83337,-7.3031],[108.83337,-7.30355],[108.83382,-7.30355],[108.83382,-7.30356],[108.83427,-7.30356],[108.83428,-7.30356],[108.83472,-7.30356],[108.83473,-7.30356],[108.83518,-7.30356],[108.83518,-7.30402],[108.83473,-7.30402],[108.83473,-7.30446],[108.83517,-7.30446],[108.83518,-7.30446],[108.83518,-7.30492],[108.83517,-7.30492],[108.83473,-7.30492],[108.83473,-7.30537],[108.83517,-7.30537],[108.83518,-7.30537],[108.83562,-7.30537],[108.83563,-7.30537],[108.83563,-7.30582],[108.83607,-7.30582],[108.83607,-7.30538],[108.83607,-7.30537],[108.83607,-7.30492],[108.83652,-7.30492],[108.83653,-7.30492],[108.83698,-7.30492],[108.83698,-7.30493],[108.83698,-7.30538],[108.83698,-7.30583],[108.83653,-7.30583],[108.83652,-7.30583],[108.83608,-7.30583],[108.83608,-7.30628],[108.83652,-7.30628],[108.83653,-7.30628],[108.83653,-7.30673],[108.83652,-7.30673],[108.83608,-7.30673],[108.83607,-7.30673],[108.83562,-7.30673],[108.83562,-7.30628],[108.83517,-7.30628],[108.83517,-7.30673],[108.83471,-7.30673],[108.83471,-7.30717],[108.83471,-7.30718],[108.83516,-7.30718],[108.83516,-7.30763],[108.83471,-7.30763],[108.83471,-7.30808],[108.83515,-7.30808],[108.83516,-7.30808],[108.83561,-7.30808],[108.83561,-7.30853],[108.83606,-7.30853],[108.83606,-7.30854],[108.83606,-7.30899],[108.83651,-7.30899],[108.83651,-7.30854],[108.83696,-7.30854],[108.83696,-7.30809],[108.83652,-7.30809],[108.83651,-7.30809],[108.83606,-7.30809],[108.83606,-7.30763],[108.83652,-7.30763],[108.83652,-7.30764],[108.83697,-7.30764],[108.83697,-7.30719],[108.83742,-7.30719],[108.83742,-7.30674],[108.83697,-7.30674],[108.83697,-7.30628],[108.83742,-7.30628],[108.83742,-7.30583],[108.83743,-7.30583],[108.83788,-7.30583],[108.83788,-7.30584],[108.83833,-7.30584],[108.83878,-7.30584],[108.83878,-7.30539],[108.83924,-7.30539],[108.83961,-7.30539],[108.8397,-7.30539],[108.8397,-7.30584],[108.83969,-7.30584],[108.83969,-7.3063],[108.83937,-7.3063],[108.83924,-7.3063],[108.83924,-7.30675],[108.83923,-7.30675],[108.83923,-7.30687],[108.83923,-7.3072],[108.83915,-7.3072],[108.83878,-7.3072],[108.83877,-7.3072],[108.83877,-7.30674],[108.83833,-7.30674],[108.83833,-7.30719],[108.83833,-7.30764],[108.83833,-7.30765],[108.83833,-7.30809],[108.83833,-7.3081],[108.83878,-7.3081],[108.83878,-7.30855],[108.83883,-7.30855],[108.83923,-7.30855],[108.83968,-7.30855],[108.83968,-7.309],[108.83968,-7.30901],[108.83968,-7.30946],[108.83968,-7.30991],[108.83922,-7.30991],[108.83922,-7.30946],[108.83922,-7.30901],[108.83877,-7.30901],[108.83877,-7.309],[108.83876,-7.309],[108.83833,-7.309],[108.83832,-7.309],[108.83787,-7.309],[108.83787,-7.30945],[108.83742,-7.30945],[108.83742,-7.3099],[108.83786,-7.3099],[108.83786,-7.31025],[108.8374,-7.31024],[108.8374,-7.3099],[108.83696,-7.3099],[108.83651,-7.3099],[108.83651,-7.31023],[108.83642,-7.31023],[108.83641,-7.31023],[108.83641,-7.31022],[108.8364,-7.31022],[108.83605,-7.31022],[108.83605,-7.3099],[108.83605,-7.30989],[108.8356,-7.30989],[108.83515,-7.30989],[108.83514,-7.30989],[108.8347,-7.30989],[108.83469,-7.30989],[108.83469,-7.30992],[108.8346,-7.30989],[108.83458,-7.30989],[108.83424,-7.30978],[108.83404,-7.30971],[108.83403,-7.30971],[108.83402,-7.3097],[108.83401,-7.30969],[108.83401,-7.30968],[108.834,-7.30968],[108.834,-7.30967],[108.834,-7.30966],[108.834,-7.30965],[108.83401,-7.30961],[108.834,-7.30961],[108.83399,-7.30961],[108.83398,-7.30961],[108.83392,-7.30959],[108.83386,-7.3096],[108.83385,-7.3096],[108.83384,-7.3096],[108.83383,-7.3096],[108.83379,-7.30958],[108.83379,-7.30943],[108.83342,-7.30943],[108.83334,-7.3094],[108.83288,-7.30922],[108.83288,-7.30898],[108.83288,-7.30897],[108.83288,-7.30852],[108.83244,-7.30852],[108.83243,-7.30852],[108.83199,-7.30852],[108.83198,-7.30852],[108.83198,-7.30807],[108.83154,-7.30807],[108.83153,-7.30807],[108.83153,-7.30761],[108.83154,-7.30761],[108.83198,-7.30761],[108.83198,-7.30716],[108.83154,-7.30716],[108.83153,-7.30716],[108.83109,-7.30716],[108.83108,-7.30716],[108.83108,-7.30671],[108.83064,-7.30671],[108.83064,-7.30715],[108.83064,-7.30716],[108.83064,-7.30761],[108.83063,-7.30761],[108.83018,-7.30761],[108.83018,-7.30716],[108.83018,-7.30715],[108.82973,-7.30715],[108.82973,-7.3067],[108.82928,-7.3067],[108.82928,-7.30625],[108.82884,-7.30625],[108.82884,-7.3067],[108.82883,-7.3067],[108.82838,-7.3067],[108.82838,-7.30669],[108.82837,-7.30669],[108.82837,-7.3066],[108.82838,-7.3066],[108.82874,-7.3066],[108.82874,-7.30624],[108.82874,-7.30606],[108.82883,-7.30606],[108.82884,-7.30606],[108.82892,-7.30606],[108.82892,-7.30588],[108.8291,-7.30588],[108.82928,-7.30588],[108.82929,-7.30588],[108.82929,-7.30606],[108.82965,-7.30606],[108.82965,-7.3058],[108.82965,-7.30579],[108.82965,-7.30571],[108.82947,-7.30571],[108.82947,-7.3057],[108.82965,-7.3057],[108.82965,-7.30552],[108.82973,-7.30552],[108.82974,-7.30552],[108.82983,-7.30552],[108.82983,-7.3058],[108.82983,-7.30607],[108.83018,-7.30607],[108.83019,-7.30607],[108.83019,-7.30625],[108.83019,-7.3067],[108.83063,-7.3067],[108.83063,-7.30626],[108.83063,-7.30625],[108.83064,-7.30625],[108.83091,-7.30625],[108.83091,-7.30607],[108.83092,-7.30607],[108.83109,-7.30607],[108.83127,-7.30607],[108.83127,-7.30589],[108.83146,-7.30589],[108.83146,-7.30581],[108.83146,-7.3058],[108.83146,-7.30553],[108.83154,-7.30553],[108.83155,-7.30553],[108.83164,-7.30553],[108.83182,-7.30553],[108.83182,-7.30554],[108.832,-7.30554],[108.83218,-7.30554],[108.83218,-7.30536],[108.83218,-7.30518],[108.83201,-7.30518],[108.83201,-7.30499],[108.832,-7.30499],[108.83182,-7.30499],[108.83182,-7.3049],[108.83182,-7.30481],[108.832,-7.30481],[108.83201,-7.30481],[108.83201,-7.30463],[108.83219,-7.30463],[108.83219,-7.30445],[108.83246,-7.30445],[108.83255,-7.30445],[108.83255,-7.30409],[108.83247,-7.30409],[108.83246,-7.30409],[108.83237,-7.30409],[108.83237,-7.304],[108.83237,-7.30391],[108.83201,-7.30391],[108.83201,-7.30373],[108.83219,-7.30373],[108.83246,-7.30373],[108.83247,-7.30373],[108.83256,-7.30373],[108.83256,-7.30355],[108.83274,-7.30355],[108.83274,-7.30319],[108.83247,-7.30319],[108.83246,-7.30319],[108.83238,-7.30319],[108.83238,-7.30337],[108.83237,-7.30337],[108.83219,-7.30337],[108.83219,-7.3031],[108.83246,-7.3031],[108.83247,-7.3031],[108.83247,-7.30265],[108.83202,-7.30265],[108.83202,-7.30301],[108.83183,-7.30301],[108.83183,-7.30309],[108.83183,-7.3031],[108.83183,-7.30319],[108.83165,-7.30319],[108.83165,-7.3031],[108.83165,-7.30309],[108.83165,-7.30301],[108.83157,-7.30301],[108.83156,-7.30301],[108.83147,-7.30301],[108.83147,-7.303],[108.83133,-7.303],[108.83111,-7.303],[108.83102,-7.303],[108.83093,-7.303],[108.83093,-7.30303],[108.83093,-7.30309],[108.83093,-7.30318],[108.83093,-7.30336],[108.8311,-7.30336],[108.83111,-7.30336],[108.83111,-7.30354],[108.83129,-7.30354],[108.83147,-7.30354],[108.83147,-7.30355],[108.83147,-7.30373],[108.83155,-7.30373],[108.83156,-7.30373],[108.83164,-7.30373],[108.83164,-7.30391],[108.83156,-7.30391],[108.83155,-7.30391],[108.83129,-7.30391],[108.83129,-7.304],[108.83111,-7.304],[108.83111,-7.30445],[108.83146,-7.30445],[108.83155,-7.30445],[108.83156,-7.30445],[108.83164,-7.30445],[108.83164,-7.30481],[108.83156,-7.30481],[108.83155,-7.30481],[108.83146,-7.30481],[108.8311,-7.30481],[108.8311,-7.3049],[108.8311,-7.30499],[108.8311,-7.30517],[108.83109,-7.30517],[108.83092,-7.30517],[108.83091,-7.30517],[108.83091,-7.3049],[108.83091,-7.30481],[108.83065,-7.30481],[108.83064,-7.30481],[108.83055,-7.30481],[108.83055,-7.30489],[108.83055,-7.3049],[108.83055,-7.30517],[108.83037,-7.30517],[108.83019,-7.30517],[108.83019,-7.30499],[108.83002,-7.30499],[108.83001,-7.30499],[108.83001,-7.30498],[108.83002,-7.30498],[108.83019,-7.30498],[108.8302,-7.30498],[108.8302,-7.3049],[108.8302,-7.30489],[108.8302,-7.30462],[108.83019,-7.30462],[108.83002,-7.30462],[108.83001,-7.30462],[108.82983,-7.30462],[108.82974,-7.30462],[108.82947,-7.30462],[108.82947,-7.30489],[108.82947,-7.30498],[108.82947,-7.30534],[108.82929,-7.30534],[108.82929,-7.30498],[108.82928,-7.30498],[108.82893,-7.30498],[108.82893,-7.30516],[108.82884,-7.30516],[108.82883,-7.30516],[108.82875,-7.30516],[108.82875,-7.30534],[108.82874,-7.30534],[108.82857,-7.30534],[108.82856,-7.30534],[108.82839,-7.30534],[108.82838,-7.30534],[108.82821,-7.30534],[108.8282,-7.30534],[108.8282,-7.30497],[108.82838,-7.30497],[108.82838,-7.30489],[108.82838,-7.30488],[108.82838,-7.30462],[108.82802,-7.30462],[108.82802,-7.3048],[108.82794,-7.3048],[108.82793,-7.3048],[108.82784,-7.3048],[108.82784,-7.30479],[108.82748,-7.30479],[108.82748,-7.30443],[108.82748,-7.30398],[108.82703,-7.30398],[108.82703,-7.30443],[108.82658,-7.30443],[108.82658,-7.30487],[108.82658,-7.30488],[108.82703,-7.30488],[108.82748,-7.30488],[108.82748,-7.30497],[108.8273,-7.30497],[108.8273,-7.30533],[108.8273,-7.30551],[108.8273,-7.30552],[108.82729,-7.30552],[108.82729,-7.30551],[108.82729,-7.30533],[108.82703,-7.30533],[108.82693,-7.30533],[108.82675,-7.30533],[108.82658,-7.30533],[108.82657,-7.30533],[108.82657,-7.30515],[108.82639,-7.30515],[108.82621,-7.30515],[108.82621,-7.30514],[108.82639,-7.30514],[108.82639,-7.30488],[108.82639,-7.30487],[108.82639,-7.30479],[108.82613,-7.30479],[108.82612,-7.30479],[108.82603,-7.30479],[108.82603,-7.30487],[108.82603,-7.30488],[108.82603,-7.30497],[108.82585,-7.30497],[108.82585,-7.30515],[108.82567,-7.30515],[108.8253,-7.30515],[108.8253,-7.30532],[108.8253,-7.30533],[108.82521,-7.30533],[108.82521,-7.30532],[108.82521,-7.30487],[108.82477,-7.30487],[108.82476,-7.30487],[108.82431,-7.30487],[108.82431,-7.30442],[108.82431,-7.30441],[108.82477,-7.30441],[108.82477,-7.30397],[108.82477,-7.30396],[108.82523,-7.30396]],[[108.83475,-7.2995],[108.83475,-7.29995],[108.83519,-7.29995],[108.8352,-7.29995],[108.8352,-7.2995],[108.83475,-7.2995]],[[108.83337,-7.3022],[108.83292,-7.3022],[108.83292,-7.30265],[108.83337,-7.30265],[108.83337,-7.3022]],[[108.83697,-7.30809],[108.83742,-7.30809],[108.83742,-7.30764],[108.83697,-7.30764],[108.83697,-7.30809]],[[108.83787,-7.30855],[108.83787,-7.3081],[108.83742,-7.3081],[108.83742,-7.30854],[108.83742,-7.30899],[108.83742,-7.309],[108.83787,-7.309],[108.83787,-7.30855]],[[108.83043,-7.30408],[108.83043,-7.30408],[108.83043,-7.30407],[108.83043,-7.30408]],[[108.83382,-7.30536],[108.83427,-7.30536],[108.83427,-7.30492],[108.83382,-7.30492],[108.83382,-7.30536]],[[108.83381,-7.30717],[108.83425,-7.30717],[108.83425,-7.30672],[108.83381,-7.30672],[108.83381,-7.30717]],[[108.83335,-7.30717],[108.83335,-7.30762],[108.83379,-7.30762],[108.8338,-7.30762],[108.8338,-7.30717],[108.83335,-7.30717]],[[108.83326,-7.30762],[108.83326,-7.30717],[108.83307,-7.30717],[108.8329,-7.30717],[108.83289,-7.30717],[108.83272,-7.30717],[108.83245,-7.30717],[108.83244,-7.30717],[108.83235,-7.30717],[108.83235,-7.30761],[108.83235,-7.30762],[108.83235,-7.30771],[108.83244,-7.30771],[108.83244,-7.30807],[108.83289,-7.30807],[108.83289,-7.30771],[108.8329,-7.30771],[108.83326,-7.30771],[108.83326,-7.30762]],[[108.83335,-7.30627],[108.8329,-7.30627],[108.8329,-7.30671],[108.83335,-7.30671],[108.83335,-7.30627]],[[108.83384,-7.29904],[108.8334,-7.29904],[108.83339,-7.29904],[108.83339,-7.29949],[108.83384,-7.29949],[108.83384,-7.29904]],[[108.83384,-7.29994],[108.83429,-7.29994],[108.83429,-7.2995],[108.83429,-7.29949],[108.83384,-7.29949],[108.83384,-7.29994]],[[108.83429,-7.30039],[108.83429,-7.3004],[108.83474,-7.3004],[108.83474,-7.29995],[108.83429,-7.29995],[108.83429,-7.30039]],[[108.8347,-7.30853],[108.83425,-7.30853],[108.83425,-7.30898],[108.83469,-7.30898],[108.8347,-7.30898],[108.8347,-7.30853]]],[[[108.82295,-7.30441],[108.82295,-7.30396],[108.82341,-7.30396],[108.82341,-7.30441],[108.82295,-7.30441]]],[[[108.82391,-7.29538],[108.82391,-7.29493],[108.82391,-7.29492],[108.82436,-7.29492],[108.82436,-7.29493],[108.82436,-7.29538],[108.82391,-7.29538]]],[[[108.82256,-7.29402],[108.82255,-7.29402],[108.82255,-7.29356],[108.82256,-7.29356],[108.82301,-7.29356],[108.82301,-7.29402],[108.82256,-7.29402]]],[[[108.82436,-7.29312],[108.82436,-7.29267],[108.82482,-7.29267],[108.82482,-7.29312],[108.82436,-7.29312]]],[[[108.82256,-7.29221],[108.82256,-7.29176],[108.82302,-7.29176],[108.82302,-7.29221],[108.82256,-7.29221]]],[[[108.82256,-7.29131],[108.82256,-7.29085],[108.82302,-7.29085],[108.82302,-7.29131],[108.82256,-7.29131]]],[[[108.82304,-7.28544],[108.82304,-7.28498],[108.8235,-7.28498],[108.8235,-7.28544],[108.82304,-7.28544]]],[[[108.82351,-7.28408],[108.82351,-7.28363],[108.82397,-7.28363],[108.82397,-7.28408],[108.82351,-7.28408]]],[[[108.82217,-7.28091],[108.82217,-7.28046],[108.82262,-7.28046],[108.82262,-7.28091],[108.82217,-7.28091]]],[[[108.82217,-7.27911],[108.82217,-7.27866],[108.82217,-7.27865],[108.82217,-7.2782],[108.82217,-7.27775],[108.82263,-7.27775],[108.82263,-7.2782],[108.82263,-7.27865],[108.82263,-7.27866],[108.82263,-7.27911],[108.82308,-7.27911],[108.82308,-7.27956],[108.82353,-7.27956],[108.82353,-7.28001],[108.82307,-7.28001],[108.82307,-7.27956],[108.82284,-7.27956],[108.82262,-7.27956],[108.82262,-7.27918],[108.82262,-7.27911],[108.82243,-7.27911],[108.82235,-7.27911],[108.82217,-7.27911]]],[[[108.82401,-7.2746],[108.824,-7.2746],[108.824,-7.27414],[108.82401,-7.27414],[108.82446,-7.27414],[108.82446,-7.2746],[108.82401,-7.2746]]],[[[108.82401,-7.27324],[108.82356,-7.27324],[108.82355,-7.27324],[108.82311,-7.27324],[108.8231,-7.27324],[108.8231,-7.27278],[108.82265,-7.27278],[108.82265,-7.27233],[108.82311,-7.27233],[108.82311,-7.27278],[108.82356,-7.27278],[108.82356,-7.27279],[108.82401,-7.27279],[108.82401,-7.27324]]],[[[108.82403,-7.26827],[108.82403,-7.26782],[108.82404,-7.26782],[108.82449,-7.26782],[108.82449,-7.26827],[108.82404,-7.26827],[108.82403,-7.26827]]],[[[108.82496,-7.26466],[108.82496,-7.26511],[108.82451,-7.26511],[108.8245,-7.26511],[108.82405,-7.26511],[108.82405,-7.26556],[108.82359,-7.26556],[108.82359,-7.26511],[108.82359,-7.2651],[108.82405,-7.2651],[108.82405,-7.26466],[108.8245,-7.26466],[108.82451,-7.26466],[108.82496,-7.26466]]],[[[108.82544,-7.25743],[108.8259,-7.25743],[108.8259,-7.25789],[108.8259,-7.25834],[108.82545,-7.25834],[108.82544,-7.25834],[108.82499,-7.25834],[108.82453,-7.25834],[108.82453,-7.25788],[108.82499,-7.25788],[108.82544,-7.25788],[108.82544,-7.25743]]],[[[108.8228,-7.24342],[108.8228,-7.24296],[108.82326,-7.24296],[108.82326,-7.24342],[108.8228,-7.24342]]],[[[108.82417,-7.23981],[108.82417,-7.23936],[108.82463,-7.23936],[108.82463,-7.23981],[108.82417,-7.23981]]],[[[108.82765,-7.36316],[108.82765,-7.36362],[108.82719,-7.36362],[108.82719,-7.36361],[108.82674,-7.36361],[108.82674,-7.36316],[108.82719,-7.36316],[108.82765,-7.36316]]],[[[108.82765,-7.36226],[108.82765,-7.36181],[108.82811,-7.36181],[108.82811,-7.36226],[108.82765,-7.36226]]],[[[108.82767,-7.35684],[108.82768,-7.35684],[108.82813,-7.35684],[108.82858,-7.35684],[108.82859,-7.35684],[108.82904,-7.35684],[108.82904,-7.3573],[108.82859,-7.3573],[108.82858,-7.3573],[108.82858,-7.35775],[108.82903,-7.35775],[108.82903,-7.3582],[108.82858,-7.3582],[108.82857,-7.3582],[108.82857,-7.35775],[108.82813,-7.35775],[108.82812,-7.35775],[108.82812,-7.35729],[108.82768,-7.35729],[108.82767,-7.35729],[108.82722,-7.35729],[108.82722,-7.35684],[108.82767,-7.35684]]],[[[108.82677,-7.35593],[108.82677,-7.35548],[108.82723,-7.35548],[108.82723,-7.35593],[108.82677,-7.35593]]],[[[108.82723,-7.35503],[108.82768,-7.35503],[108.82769,-7.35503],[108.82769,-7.35458],[108.82814,-7.35458],[108.82814,-7.35413],[108.8277,-7.35413],[108.82769,-7.35413],[108.82724,-7.35413],[108.82724,-7.35368],[108.82724,-7.35367],[108.82724,-7.35322],[108.8277,-7.35322],[108.8277,-7.35367],[108.8277,-7.35368],[108.82815,-7.35368],[108.82815,-7.35323],[108.82815,-7.35278],[108.82815,-7.35277],[108.82861,-7.35277],[108.82861,-7.35278],[108.82861,-7.35323],[108.82861,-7.35368],[108.82861,-7.35413],[108.82905,-7.35413],[108.82951,-7.35413],[108.82951,-7.35414],[108.82951,-7.35459],[108.82951,-7.35504],[108.82905,-7.35504],[108.8286,-7.35504],[108.8286,-7.35549],[108.82905,-7.35549],[108.82905,-7.35594],[108.82859,-7.35594],[108.82813,-7.35594],[108.82813,-7.35549],[108.82768,-7.35549],[108.82768,-7.35548],[108.82723,-7.35548],[108.82723,-7.35503]]],[[[108.82732,-7.33877],[108.82732,-7.33831],[108.82777,-7.33831],[108.82777,-7.33877],[108.82732,-7.33877]]],[[[108.82689,-7.33244],[108.82689,-7.33199],[108.82735,-7.33199],[108.82735,-7.33244],[108.82689,-7.33244]]],[[[108.82735,-7.32973],[108.82735,-7.32928],[108.82781,-7.32928],[108.82781,-7.32973],[108.82735,-7.32973]]],[[[108.82738,-7.32702],[108.82738,-7.32747],[108.82737,-7.32747],[108.82737,-7.32792],[108.82691,-7.32792],[108.82691,-7.32747],[108.82692,-7.32747],[108.82692,-7.32702],[108.82738,-7.32702]]],[[[108.82648,-7.32295],[108.82648,-7.3225],[108.82694,-7.3225],[108.82694,-7.32295],[108.82648,-7.32295]]],[[[108.82609,-7.30894],[108.8261,-7.30894],[108.82655,-7.30894],[108.82655,-7.30939],[108.82655,-7.3094],[108.8261,-7.3094],[108.82609,-7.3094],[108.82609,-7.30939],[108.82609,-7.30894]]],[[[108.82493,-7.30713],[108.82494,-7.30713],[108.82521,-7.30713],[108.82521,-7.30758],[108.82566,-7.30758],[108.82566,-7.30804],[108.8252,-7.30804],[108.8252,-7.30758],[108.82475,-7.30758],[108.82475,-7.30731],[108.82493,-7.30731],[108.82493,-7.30713]]],[[[108.82612,-7.30623],[108.82612,-7.30668],[108.82612,-7.30713],[108.82566,-7.30713],[108.82566,-7.30677],[108.82584,-7.30677],[108.82584,-7.30668],[108.82584,-7.30659],[108.82602,-7.30659],[108.82602,-7.30623],[108.82584,-7.30623],[108.82584,-7.30587],[108.82602,-7.30587],[108.82602,-7.30578],[108.82602,-7.30569],[108.82603,-7.30569],[108.82612,-7.30569],[108.8262,-7.30569],[108.82621,-7.30569],[108.82621,-7.30578],[108.82621,-7.30587],[108.82657,-7.30587],[108.82675,-7.30587],[108.82675,-7.30605],[108.82693,-7.30605],[108.82702,-7.30605],[108.82703,-7.30605],[108.82729,-7.30605],[108.82729,-7.30587],[108.82747,-7.30587],[108.82747,-7.30579],[108.82747,-7.30578],[108.82747,-7.30569],[108.82748,-7.30569],[108.82748,-7.30578],[108.82748,-7.30579],[108.82748,-7.30587],[108.82765,-7.30588],[108.82765,-7.30606],[108.82784,-7.30606],[108.82784,-7.30624],[108.82784,-7.3066],[108.82792,-7.3066],[108.82793,-7.3066],[108.82801,-7.3066],[108.82801,-7.30669],[108.82793,-7.30669],[108.82793,-7.30714],[108.82747,-7.30714],[108.82747,-7.30669],[108.82702,-7.30669],[108.82702,-7.30714],[108.82702,-7.30759],[108.82656,-7.30759],[108.82656,-7.30714],[108.82656,-7.30669],[108.82656,-7.30668],[108.82656,-7.30623],[108.82612,-7.30623]]],[[[108.82521,-7.30577],[108.82521,-7.30622],[108.82521,-7.30623],[108.8253,-7.30623],[108.8253,-7.30641],[108.82521,-7.30641],[108.8252,-7.30641],[108.82476,-7.30641],[108.82476,-7.30659],[108.82475,-7.30659],[108.82475,-7.30623],[108.82475,-7.30622],[108.82475,-7.30577],[108.82521,-7.30577]]],[[[108.82477,-7.30306],[108.82512,-7.30306],[108.82523,-7.30306],[108.82523,-7.30308],[108.82523,-7.30352],[108.82477,-7.30352],[108.82477,-7.30306]]],[[[108.82795,-7.30217],[108.82795,-7.30263],[108.82749,-7.30263],[108.82749,-7.30262],[108.82703,-7.30262],[108.82703,-7.30217],[108.82749,-7.30217],[108.82795,-7.30217]]],[[[108.82705,-7.29946],[108.82705,-7.29901],[108.82751,-7.29901],[108.82751,-7.29946],[108.82796,-7.29946],[108.82796,-7.29901],[108.82796,-7.29856],[108.82841,-7.29856],[108.82842,-7.29856],[108.82842,-7.29901],[108.82886,-7.29901],[108.82887,-7.29901],[108.82887,-7.29947],[108.82886,-7.29947],[108.82842,-7.29947],[108.82842,-7.29992],[108.82841,-7.29992],[108.82796,-7.29992],[108.8275,-7.29992],[108.8275,-7.29991],[108.82705,-7.29991],[108.82705,-7.29946]]],[[[108.82854,-7.27462],[108.82808,-7.27462],[108.82762,-7.27462],[108.82762,-7.27461],[108.82762,-7.27416],[108.82808,-7.27416],[108.82854,-7.27416],[108.82854,-7.27462]]],[[[108.82627,-7.27371],[108.82627,-7.2737],[108.82627,-7.27325],[108.82673,-7.27325],[108.82673,-7.2737],[108.82673,-7.27371],[108.82627,-7.27371]]],[[[108.82537,-7.27325],[108.82537,-7.27279],[108.82583,-7.27279],[108.82583,-7.27325],[108.82537,-7.27325]]],[[[108.82492,-7.27234],[108.82492,-7.27189],[108.82538,-7.27189],[108.82538,-7.27234],[108.82492,-7.27234]]],[[[108.8281,-7.27055],[108.8281,-7.271],[108.82765,-7.271],[108.82764,-7.271],[108.82719,-7.271],[108.82719,-7.27055],[108.82719,-7.27054],[108.82719,-7.27009],[108.82764,-7.27009],[108.82765,-7.27009],[108.8281,-7.27009],[108.8281,-7.27055]]],[[[108.8263,-7.26828],[108.82585,-7.26828],[108.82584,-7.26828],[108.82539,-7.26828],[108.82539,-7.26783],[108.82539,-7.26782],[108.82585,-7.26782],[108.82585,-7.26783],[108.8263,-7.26783],[108.8263,-7.26828]]],[[[108.82725,-7.25925],[108.82725,-7.2588],[108.82725,-7.25835],[108.82771,-7.25835],[108.82771,-7.2588],[108.82771,-7.25925],[108.82725,-7.25925]]],[[[108.82598,-7.23891],[108.82599,-7.23891],[108.82644,-7.23891],[108.82644,-7.23937],[108.82599,-7.23937],[108.82598,-7.23937],[108.82553,-7.23937],[108.82553,-7.23891],[108.82598,-7.23891]]],[[[108.83081,-7.36421],[108.83054,-7.36408],[108.83081,-7.36408],[108.83081,-7.36421]]],[[[108.82995,-7.35595],[108.82995,-7.3555],[108.82995,-7.35549],[108.83041,-7.35549],[108.83041,-7.3555],[108.83041,-7.35595],[108.82995,-7.35595]]],[[[108.83041,-7.3546],[108.83041,-7.35414],[108.83086,-7.35414],[108.83086,-7.3546],[108.83041,-7.3546]]],[[[108.83086,-7.35279],[108.83086,-7.35234],[108.83132,-7.35234],[108.83132,-7.35279],[108.83086,-7.35279]]],[[[108.82906,-7.35278],[108.82906,-7.35233],[108.82906,-7.35188],[108.82951,-7.35188],[108.82951,-7.35233],[108.82951,-7.35278],[108.82906,-7.35278]]],[[[108.82951,-7.35188],[108.82951,-7.35143],[108.82997,-7.35143],[108.82997,-7.35188],[108.82951,-7.35188]]],[[[108.82952,-7.35007],[108.82952,-7.34962],[108.82998,-7.34962],[108.82998,-7.35007],[108.82952,-7.35007]]],[[[108.82909,-7.34646],[108.82909,-7.346],[108.82935,-7.346],[108.82954,-7.346],[108.82954,-7.34608],[108.82954,-7.34646],[108.82909,-7.34646]]],[[[108.83002,-7.34059],[108.82957,-7.34059],[108.82957,-7.34013],[108.83002,-7.34013],[108.83003,-7.34013],[108.83003,-7.34059],[108.83002,-7.34059]]],[[[108.83185,-7.33743],[108.83185,-7.33788],[108.83139,-7.33788],[108.83139,-7.33743],[108.83094,-7.33743],[108.83094,-7.33698],[108.8314,-7.33698],[108.8314,-7.33743],[108.83185,-7.33743]]],[[[108.82825,-7.332],[108.82825,-7.33154],[108.82871,-7.33154],[108.82871,-7.332],[108.82825,-7.332]]],[[[108.83097,-7.33156],[108.83051,-7.33156],[108.83051,-7.33155],[108.83051,-7.3311],[108.83097,-7.3311],[108.83097,-7.33155],[108.83097,-7.33156]]],[[[108.82826,-7.32929],[108.82826,-7.32883],[108.82872,-7.32883],[108.82872,-7.32929],[108.82826,-7.32929]]],[[[108.82929,-7.30535],[108.82929,-7.30552],[108.82928,-7.30552],[108.82928,-7.30535],[108.82928,-7.30534],[108.82929,-7.30534],[108.82929,-7.30535]]],[[[108.82839,-7.30218],[108.82885,-7.30218],[108.82885,-7.30263],[108.82839,-7.30263],[108.82839,-7.30218]]],[[[108.82885,-7.30127],[108.82885,-7.30082],[108.82886,-7.30082],[108.82886,-7.30037],[108.82932,-7.30037],[108.82932,-7.30082],[108.82976,-7.30082],[108.82976,-7.30038],[108.82976,-7.30037],[108.83022,-7.30037],[108.83022,-7.30038],[108.83022,-7.30083],[108.83022,-7.30128],[108.83066,-7.30128],[108.83066,-7.30083],[108.83066,-7.30038],[108.83067,-7.30038],[108.83112,-7.30038],[108.83112,-7.30083],[108.83112,-7.30128],[108.83112,-7.30129],[108.83067,-7.30129],[108.83067,-7.30173],[108.83112,-7.30173],[108.83112,-7.30174],[108.83152,-7.30174],[108.83157,-7.30174],[108.83157,-7.30192],[108.83157,-7.30219],[108.83112,-7.30219],[108.83111,-7.30219],[108.83066,-7.30219],[108.83066,-7.30174],[108.83021,-7.30174],[108.83021,-7.30173],[108.83021,-7.30128],[108.82977,-7.30128],[108.82976,-7.30128],[108.82931,-7.30128],[108.82886,-7.30128],[108.82886,-7.30173],[108.8284,-7.30173],[108.8284,-7.30127],[108.82885,-7.30127]]],[[[108.82795,-7.30082],[108.82795,-7.30037],[108.82841,-7.30037],[108.82841,-7.30082],[108.82795,-7.30082]]],[[[108.82842,-7.29585],[108.82842,-7.2954],[108.82888,-7.2954],[108.82888,-7.29585],[108.82842,-7.29585]]],[[[108.83115,-7.2945],[108.83115,-7.29434],[108.83115,-7.29406],[108.8316,-7.29406],[108.8316,-7.29451],[108.83205,-7.29451],[108.83205,-7.29496],[108.8325,-7.29496],[108.83251,-7.29496],[108.83251,-7.29542],[108.8325,-7.29542],[108.83205,-7.29542],[108.83183,-7.29542],[108.83173,-7.29542],[108.8316,-7.29542],[108.8316,-7.29541],[108.83115,-7.29541],[108.83115,-7.29496],[108.83115,-7.29451],[108.83115,-7.2945]]],[[[108.83115,-7.29406],[108.83096,-7.29406],[108.83086,-7.29406],[108.8307,-7.29406],[108.8307,-7.29405],[108.83025,-7.29405],[108.83025,-7.2936],[108.83025,-7.29315],[108.83046,-7.29315],[108.83055,-7.29315],[108.8307,-7.29315],[108.8307,-7.2936],[108.83115,-7.2936],[108.83115,-7.29406]]],[[[108.83041,-7.2927],[108.83031,-7.2927],[108.83025,-7.2927],[108.83025,-7.29252],[108.83025,-7.29225],[108.83025,-7.29224],[108.83026,-7.29224],[108.83071,-7.29224],[108.83071,-7.29225],[108.83071,-7.2927],[108.83041,-7.2927]]],[[[108.83027,-7.28863],[108.83027,-7.28818],[108.83073,-7.28818],[108.83073,-7.28863],[108.83073,-7.28908],[108.83073,-7.28909],[108.83073,-7.28954],[108.83072,-7.28954],[108.83072,-7.28999],[108.83027,-7.28999],[108.83027,-7.29044],[108.82981,-7.29044],[108.82981,-7.2907],[108.82981,-7.29089],[108.82975,-7.29089],[108.82935,-7.29089],[108.82935,-7.29043],[108.82969,-7.29043],[108.82978,-7.29043],[108.82981,-7.29043],[108.82981,-7.28998],[108.83026,-7.28998],[108.83026,-7.28953],[108.82981,-7.28953],[108.82981,-7.28908],[108.82982,-7.28908],[108.82982,-7.28863],[108.83027,-7.28863]]],[[[108.82983,-7.28773],[108.82983,-7.28727],[108.83028,-7.28727],[108.83028,-7.28773],[108.82983,-7.28773]]],[[[108.82983,-7.28682],[108.82983,-7.28727],[108.82937,-7.28727],[108.82937,-7.28682],[108.82938,-7.28682],[108.82938,-7.28637],[108.82983,-7.28637],[108.82983,-7.28682]]],[[[108.82938,-7.28592],[108.82938,-7.28546],[108.82983,-7.28546],[108.82983,-7.28592],[108.82938,-7.28592]]],[[[108.83076,-7.28321],[108.8303,-7.28321],[108.82984,-7.28321],[108.82984,-7.28275],[108.82985,-7.28275],[108.82985,-7.28231],[108.82985,-7.2823],[108.82985,-7.28185],[108.83031,-7.28185],[108.83031,-7.2823],[108.83031,-7.28231],[108.83031,-7.28276],[108.83076,-7.28276],[108.83076,-7.28321]]],[[[108.83034,-7.27463],[108.83034,-7.27417],[108.8308,-7.27417],[108.8308,-7.27463],[108.83034,-7.27463]]],[[[108.82989,-7.27417],[108.82944,-7.27417],[108.82944,-7.27372],[108.82989,-7.27372],[108.8299,-7.27372],[108.8299,-7.27417],[108.82989,-7.27417]]],[[[108.83035,-7.27372],[108.83034,-7.27372],[108.83034,-7.27327],[108.83035,-7.27327],[108.8308,-7.27327],[108.8308,-7.27372],[108.83035,-7.27372]]],[[[108.82989,-7.27327],[108.82944,-7.27327],[108.82944,-7.27281],[108.82989,-7.27281],[108.8299,-7.27281],[108.8299,-7.27327],[108.82989,-7.27327]]],[[[108.8308,-7.27282],[108.83035,-7.27282],[108.83034,-7.27282],[108.83034,-7.27237],[108.83035,-7.27237],[108.83035,-7.27192],[108.83035,-7.27191],[108.83035,-7.27146],[108.83081,-7.27146],[108.83081,-7.27191],[108.83081,-7.27192],[108.83081,-7.27237],[108.8308,-7.27237],[108.8308,-7.27282]]],[[[108.82991,-7.2701],[108.82991,-7.27055],[108.82991,-7.27056],[108.82991,-7.27101],[108.82945,-7.27101],[108.82945,-7.27056],[108.82945,-7.27055],[108.82945,-7.2701],[108.82991,-7.2701]]],[[[108.82854,-7.27101],[108.82854,-7.27055],[108.82854,-7.2701],[108.829,-7.2701],[108.829,-7.27055],[108.829,-7.27101],[108.82854,-7.27101]]],[[[108.83082,-7.26966],[108.83082,-7.26921],[108.83128,-7.26921],[108.83128,-7.26966],[108.83173,-7.26966],[108.83173,-7.27011],[108.83127,-7.27011],[108.83127,-7.26966],[108.83082,-7.26966]]],[[[108.82901,-7.2683],[108.82901,-7.26784],[108.82947,-7.26784],[108.82993,-7.26784],[108.82993,-7.2683],[108.82947,-7.2683],[108.82901,-7.2683]]],[[[108.83083,-7.2674],[108.83083,-7.26695],[108.83128,-7.26695],[108.83128,-7.2674],[108.83083,-7.2674]]],[[[108.82857,-7.26694],[108.82857,-7.26649],[108.82857,-7.26648],[108.82903,-7.26648],[108.82903,-7.26649],[108.82903,-7.26694],[108.82857,-7.26694]]],[[[108.83083,-7.2665],[108.83083,-7.26604],[108.83129,-7.26604],[108.83129,-7.2665],[108.83083,-7.2665]]],[[[108.83083,-7.26559],[108.83083,-7.26514],[108.83129,-7.26514],[108.83129,-7.26559],[108.83083,-7.26559]]],[[[108.83039,-7.26333],[108.83039,-7.26288],[108.83085,-7.26288],[108.83085,-7.26333],[108.83039,-7.26333]]],[[[108.82903,-7.26333],[108.82903,-7.26287],[108.82949,-7.26287],[108.82949,-7.26333],[108.82903,-7.26333]]],[[[108.83077,-7.26161],[108.83077,-7.26162],[108.83077,-7.2618],[108.83086,-7.2618],[108.83086,-7.26198],[108.8304,-7.26198],[108.8304,-7.26152],[108.83058,-7.26152],[108.83058,-7.26161],[108.83077,-7.26161]]],[[[108.82905,-7.26106],[108.82905,-7.26151],[108.82905,-7.26152],[108.82905,-7.26197],[108.82859,-7.26197],[108.82859,-7.26152],[108.82859,-7.26151],[108.82859,-7.26106],[108.82905,-7.26106]]],[[[108.83086,-7.26089],[108.83086,-7.2609],[108.83077,-7.2609],[108.83077,-7.26089],[108.83086,-7.26089]]],[[[108.83041,-7.26062],[108.83077,-7.26062],[108.83077,-7.26089],[108.83041,-7.26089],[108.83041,-7.26062]]],[[[108.83087,-7.25746],[108.83087,-7.25701],[108.83133,-7.25701],[108.83133,-7.25746],[108.83087,-7.25746]]],[[[108.83214,-7.36906],[108.83214,-7.36861],[108.83215,-7.36861],[108.8326,-7.36861],[108.8326,-7.36906],[108.8326,-7.36951],[108.83218,-7.36951],[108.83215,-7.36948],[108.83214,-7.36948],[108.83214,-7.36906]]],[[[108.83305,-7.36907],[108.83305,-7.36861],[108.8326,-7.36861],[108.8326,-7.36816],[108.83215,-7.36816],[108.83214,-7.36816],[108.83214,-7.3677],[108.83215,-7.3677],[108.83215,-7.36725],[108.83215,-7.3668],[108.83215,-7.36635],[108.83261,-7.36635],[108.83261,-7.3668],[108.83306,-7.3668],[108.83352,-7.3668],[108.83352,-7.36681],[108.83396,-7.36681],[108.83397,-7.36681],[108.83442,-7.36681],[108.83442,-7.36636],[108.83442,-7.36591],[108.83442,-7.36546],[108.83488,-7.36546],[108.83488,-7.36501],[108.83533,-7.36501],[108.83534,-7.36501],[108.83534,-7.36546],[108.83578,-7.36546],[108.83578,-7.36501],[108.83578,-7.36456],[108.83579,-7.36456],[108.83623,-7.36456],[108.83624,-7.36456],[108.83669,-7.36456],[108.83669,-7.36501],[108.83669,-7.36502],[108.83669,-7.36546],[108.83669,-7.36547],[108.83714,-7.36547],[108.83714,-7.36592],[108.83759,-7.36592],[108.83759,-7.36637],[108.83759,-7.36638],[108.83714,-7.36638],[108.83714,-7.36682],[108.83714,-7.36683],[108.83669,-7.36683],[108.83669,-7.36727],[108.83714,-7.36727],[108.83714,-7.36728],[108.83759,-7.36728],[108.83759,-7.36773],[108.83759,-7.36818],[108.83759,-7.36863],[108.83713,-7.36863],[108.83668,-7.36863],[108.83668,-7.36908],[108.83622,-7.36908],[108.83622,-7.36863],[108.83622,-7.36818],[108.83577,-7.36818],[108.83577,-7.36817],[108.83532,-7.36817],[108.83487,-7.36817],[108.83487,-7.36862],[108.83486,-7.36862],[108.83486,-7.36907],[108.83441,-7.36907],[108.8344,-7.36907],[108.83396,-7.36907],[108.83395,-7.36907],[108.8335,-7.36907],[108.83305,-7.36907]],[[108.83261,-7.36726],[108.83261,-7.36771],[108.83305,-7.36771],[108.83305,-7.36726],[108.83261,-7.36726]],[[108.83532,-7.36636],[108.83488,-7.36636],[108.83488,-7.36681],[108.83488,-7.36726],[108.83532,-7.36726],[108.83532,-7.36682],[108.83532,-7.36636]]],[[[108.83306,-7.36635],[108.83306,-7.3659],[108.83307,-7.3659],[108.83307,-7.36545],[108.83353,-7.36545],[108.83353,-7.3659],[108.83352,-7.3659],[108.83352,-7.36635],[108.83352,-7.36636],[108.83306,-7.36636],[108.83306,-7.36635]]],[[[108.83216,-7.365],[108.83216,-7.36454],[108.83262,-7.36454],[108.83262,-7.365],[108.83216,-7.365]]],[[[108.83308,-7.3641],[108.83308,-7.36364],[108.83353,-7.36364],[108.83353,-7.3641],[108.83308,-7.3641]]],[[[108.83131,-7.35596],[108.83131,-7.3555],[108.83176,-7.3555],[108.83176,-7.35596],[108.83131,-7.35596]]],[[[108.83311,-7.35551],[108.83311,-7.35506],[108.83357,-7.35506],[108.83357,-7.35551],[108.83311,-7.35551]]],[[[108.83222,-7.3537],[108.83222,-7.35325],[108.83268,-7.35325],[108.83268,-7.3537],[108.83222,-7.3537]]],[[[108.83268,-7.3528],[108.83268,-7.35235],[108.83314,-7.35235],[108.83314,-7.3528],[108.83268,-7.3528]]],[[[108.83313,-7.3519],[108.83313,-7.35144],[108.83359,-7.35144],[108.83359,-7.3519],[108.83313,-7.3519]]],[[[108.83134,-7.34782],[108.83134,-7.34737],[108.8318,-7.34737],[108.8318,-7.34782],[108.83134,-7.34782]]],[[[108.83226,-7.34512],[108.83226,-7.34466],[108.83272,-7.34466],[108.83272,-7.34512],[108.83226,-7.34512]]],[[[108.83136,-7.34376],[108.83136,-7.34375],[108.83182,-7.34375],[108.83182,-7.34376],[108.83227,-7.34376],[108.83227,-7.34421],[108.83182,-7.34421],[108.83181,-7.34421],[108.83136,-7.34421],[108.83136,-7.34376]]],[[[108.83205,-7.29612],[108.83205,-7.29594],[108.83205,-7.29587],[108.83208,-7.29587],[108.83218,-7.29587],[108.8325,-7.29587],[108.83251,-7.29587],[108.83251,-7.29632],[108.8325,-7.29632],[108.83205,-7.29632],[108.83205,-7.29612]]],[[[108.83118,-7.28683],[108.83118,-7.28638],[108.83164,-7.28638],[108.83164,-7.28683],[108.83118,-7.28683]]],[[[108.83349,-7.2787],[108.83349,-7.27916],[108.83393,-7.27916],[108.83394,-7.27916],[108.83439,-7.27916],[108.83439,-7.27961],[108.83439,-7.27962],[108.83394,-7.27962],[108.83394,-7.28006],[108.83394,-7.28052],[108.83348,-7.28052],[108.83348,-7.28097],[108.83302,-7.28097],[108.83302,-7.28051],[108.83348,-7.28051],[108.83348,-7.28006],[108.83348,-7.27961],[108.83348,-7.27916],[108.83303,-7.27916],[108.83303,-7.2787],[108.83349,-7.2787]]],[[[108.8335,-7.27509],[108.8335,-7.27464],[108.83305,-7.27464],[108.83305,-7.27419],[108.83351,-7.27419],[108.83351,-7.27464],[108.83396,-7.27464],[108.83396,-7.27509],[108.83396,-7.2751],[108.8335,-7.2751],[108.8335,-7.27509]]],[[[108.83307,-7.27193],[108.83307,-7.27148],[108.83307,-7.27147],[108.83307,-7.27103],[108.83307,-7.27102],[108.83307,-7.27058],[108.83307,-7.27057],[108.83307,-7.27012],[108.83308,-7.27012],[108.83308,-7.26967],[108.83353,-7.26967],[108.83353,-7.26922],[108.83308,-7.26922],[108.83263,-7.26922],[108.83263,-7.26876],[108.83308,-7.26876],[108.83353,-7.26876],[108.83353,-7.26877],[108.83398,-7.26877],[108.83398,-7.26832],[108.83353,-7.26832],[108.83353,-7.26786],[108.83308,-7.26786],[108.83308,-7.26741],[108.83264,-7.26741],[108.83264,-7.26786],[108.83218,-7.26786],[108.83218,-7.26831],[108.83173,-7.26831],[108.83173,-7.26786],[108.83173,-7.26785],[108.83218,-7.26785],[108.83218,-7.26741],[108.83173,-7.26741],[108.83173,-7.26722],[108.83183,-7.26722],[108.83218,-7.26722],[108.83219,-7.26722],[108.83219,-7.26704],[108.83236,-7.26704],[108.83236,-7.26696],[108.83236,-7.26695],[108.83236,-7.26668],[108.83219,-7.26668],[108.83219,-7.2665],[108.83218,-7.2665],[108.83218,-7.26605],[108.83255,-7.26605],[108.83255,-7.26632],[108.83264,-7.26632],[108.83264,-7.2665],[108.83309,-7.2665],[108.83309,-7.26633],[108.83346,-7.26633],[108.83346,-7.26615],[108.83354,-7.26615],[108.83355,-7.26615],[108.83382,-7.26615],[108.83382,-7.26606],[108.834,-7.26606],[108.83445,-7.26606],[108.83445,-7.26561],[108.83446,-7.26561],[108.83446,-7.26516],[108.83491,-7.26516],[108.83492,-7.26516],[108.83537,-7.26516],[108.83537,-7.26561],[108.83492,-7.26561],[108.83491,-7.26561],[108.83491,-7.26606],[108.83491,-7.26651],[108.83491,-7.26652],[108.83445,-7.26652],[108.83445,-7.26651],[108.834,-7.26651],[108.834,-7.26696],[108.83445,-7.26696],[108.83445,-7.26741],[108.83445,-7.26742],[108.83445,-7.26787],[108.83489,-7.26787],[108.83489,-7.26742],[108.83535,-7.26742],[108.83535,-7.26697],[108.8358,-7.26697],[108.83581,-7.26697],[108.83626,-7.26697],[108.83626,-7.26742],[108.83671,-7.26742],[108.83671,-7.26698],[108.83671,-7.26697],[108.83671,-7.26652],[108.83626,-7.26652],[108.83626,-7.26607],[108.83617,-7.26607],[108.83617,-7.26598],[108.83618,-7.26598],[108.83626,-7.26598],[108.83627,-7.26598],[108.83654,-7.26598],[108.83654,-7.26562],[108.83654,-7.26544],[108.83627,-7.26544],[108.83626,-7.26544],[108.83626,-7.26517],[108.83627,-7.26517],[108.83627,-7.26516],[108.83672,-7.26516],[108.83672,-7.26517],[108.83672,-7.26562],[108.83672,-7.26607],[108.83672,-7.26652],[108.83717,-7.26652],[108.83717,-7.26697],[108.83717,-7.26698],[108.83761,-7.26698],[108.83762,-7.26698],[108.83762,-7.26653],[108.83798,-7.26653],[108.83798,-7.26698],[108.83798,-7.26707],[108.83807,-7.26707],[108.83816,-7.26707],[108.83852,-7.26707],[108.8387,-7.26707],[108.83897,-7.26707],[108.83906,-7.26707],[108.83906,-7.26699],[108.83906,-7.26672],[108.83897,-7.26672],[108.83888,-7.26672],[108.83888,-7.26671],[108.83889,-7.26671],[108.83889,-7.26653],[108.83889,-7.26635],[108.83871,-7.26635],[108.8387,-7.26635],[108.83852,-7.26635],[108.83852,-7.26617],[108.83835,-7.26617],[108.83835,-7.26608],[108.83835,-7.26599],[108.83807,-7.26599],[108.83807,-7.26563],[108.83852,-7.26563],[108.83852,-7.26518],[108.83898,-7.26518],[108.83898,-7.26473],[108.83853,-7.26473],[108.83853,-7.26427],[108.83898,-7.26427],[108.83898,-7.26382],[108.83853,-7.26382],[108.83853,-7.26337],[108.83899,-7.26337],[108.83899,-7.26292],[108.83927,-7.26292],[108.83927,-7.2631],[108.83908,-7.2631],[108.83908,-7.26337],[108.83908,-7.26346],[108.83926,-7.26346],[108.83926,-7.26382],[108.83926,-7.26383],[108.83926,-7.264],[108.83944,-7.264],[108.83944,-7.26401],[108.83908,-7.26401],[108.83908,-7.26427],[108.83908,-7.26428],[108.83908,-7.26436],[108.83926,-7.26437],[108.83926,-7.26473],[108.83943,-7.26473],[108.83944,-7.26473],[108.83962,-7.26473],[108.83962,-7.26491],[108.83962,-7.26509],[108.83944,-7.26509],[108.83943,-7.26509],[108.83943,-7.26518],[108.83943,-7.26527],[108.83907,-7.26527],[108.83907,-7.26563],[108.83925,-7.26563],[108.83925,-7.26599],[108.83943,-7.26599],[108.83961,-7.26599],[108.83961,-7.26581],[108.83979,-7.26581],[108.83979,-7.266],[108.83988,-7.266],[108.83989,-7.266],[108.84015,-7.266],[108.84015,-7.26564],[108.84015,-7.26563],[108.84015,-7.26545],[108.84016,-7.26545],[108.84016,-7.26563],[108.84016,-7.26564],[108.84016,-7.26582],[108.84033,-7.26582],[108.84033,-7.26609],[108.84033,-7.26618],[108.84034,-7.26618],[108.84075,-7.26618],[108.84078,-7.26618],[108.84079,-7.26618],[108.84084,-7.26618],[108.84088,-7.26618],[108.84088,-7.26609],[108.84088,-7.266],[108.84106,-7.266],[108.84106,-7.26564],[108.84088,-7.26564],[108.84088,-7.26528],[108.84081,-7.26528],[108.84079,-7.26528],[108.8407,-7.26528],[108.8407,-7.26518],[108.84079,-7.26518],[108.84079,-7.26474],[108.84079,-7.26473],[108.84106,-7.26473],[108.84106,-7.26456],[108.84106,-7.26455],[108.84107,-7.26455],[108.84107,-7.26428],[108.84121,-7.26428],[108.84125,-7.26428],[108.84125,-7.26474],[108.8417,-7.26474],[108.8417,-7.26429],[108.8417,-7.26384],[108.84125,-7.26384],[108.84125,-7.26383],[108.84117,-7.26383],[108.84081,-7.26383],[108.8408,-7.26383],[108.84035,-7.26383],[108.8399,-7.26383],[108.8399,-7.26419],[108.8398,-7.26419],[108.8398,-7.26401],[108.8398,-7.26383],[108.8398,-7.26365],[108.83962,-7.26365],[108.83962,-7.26338],[108.83962,-7.26337],[108.83962,-7.26328],[108.83963,-7.26328],[108.83963,-7.2631],[108.8398,-7.2631],[108.8398,-7.26292],[108.8399,-7.26292],[108.8399,-7.26247],[108.83945,-7.26247],[108.83945,-7.26202],[108.83945,-7.26157],[108.8399,-7.26157],[108.8399,-7.26112],[108.8399,-7.26067],[108.8399,-7.26066],[108.84036,-7.26066],[108.84036,-7.26022],[108.84036,-7.26003],[108.84037,-7.26003],[108.84055,-7.26003],[108.84055,-7.26022],[108.84072,-7.26022],[108.84082,-7.26022],[108.84082,-7.26067],[108.84081,-7.26067],[108.84081,-7.26112],[108.84072,-7.26112],[108.84036,-7.26112],[108.84035,-7.26112],[108.84,-7.26112],[108.84,-7.26157],[108.84,-7.26166],[108.84017,-7.26166],[108.84035,-7.26166],[108.84036,-7.26166],[108.84036,-7.26202],[108.84035,-7.26202],[108.83991,-7.26202],[108.83991,-7.26247],[108.84035,-7.26247],[108.84036,-7.26247],[108.84053,-7.26247],[108.84053,-7.26248],[108.84053,-7.26257],[108.84036,-7.26257],[108.84035,-7.26257],[108.84035,-7.26292],[108.84035,-7.26293],[108.84036,-7.26293],[108.8408,-7.26293],[108.84081,-7.26293],[108.84089,-7.26293],[108.84089,-7.26311],[108.84107,-7.26311],[108.84118,-7.26311],[108.84119,-7.26311],[108.84126,-7.26311],[108.84126,-7.26338],[108.8417,-7.26338],[108.84171,-7.26338],[108.84216,-7.26338],[108.84216,-7.26384],[108.84216,-7.26429],[108.84216,-7.26474],[108.8426,-7.26474],[108.8426,-7.26429],[108.84261,-7.26429],[108.84306,-7.26429],[108.84306,-7.26474],[108.84306,-7.26475],[108.84306,-7.2652],[108.84351,-7.2652],[108.84351,-7.26565],[108.84351,-7.2661],[108.84306,-7.2661],[108.84305,-7.2661],[108.8426,-7.2661],[108.8426,-7.26655],[108.84214,-7.26655],[108.84214,-7.26672],[108.84214,-7.26673],[108.84214,-7.267],[108.84169,-7.267],[108.84168,-7.267],[108.84124,-7.267],[108.84124,-7.26745],[108.84169,-7.26745],[108.84169,-7.2679],[108.84168,-7.2679],[108.84168,-7.26835],[108.84123,-7.26835],[108.84122,-7.26835],[108.84078,-7.26835],[108.84078,-7.2688],[108.84078,-7.26925],[108.84122,-7.26925],[108.84123,-7.26925],[108.84123,-7.26971],[108.84122,-7.26971],[108.84078,-7.26971],[108.84077,-7.26971],[108.84032,-7.26971],[108.84032,-7.2697],[108.83987,-7.2697],[108.83942,-7.2697],[108.83942,-7.27015],[108.83941,-7.27015],[108.83941,-7.2706],[108.83896,-7.2706],[108.83895,-7.2706],[108.83851,-7.2706],[108.83851,-7.27105],[108.83805,-7.27105],[108.83805,-7.2715],[108.83805,-7.27195],[108.83759,-7.27195],[108.83759,-7.2724],[108.83759,-7.27285],[108.83714,-7.27285],[108.83714,-7.2733],[108.83669,-7.2733],[108.83669,-7.27375],[108.83668,-7.27375],[108.83668,-7.2742],[108.83649,-7.2742],[108.83649,-7.27393],[108.83632,-7.27393],[108.83632,-7.27375],[108.83623,-7.27375],[108.83623,-7.2733],[108.83668,-7.2733],[108.83668,-7.27285],[108.83623,-7.27285],[108.83623,-7.2724],[108.83623,-7.27239],[108.83668,-7.27239],[108.83668,-7.27195],[108.83668,-7.27194],[108.83669,-7.27194],[108.83713,-7.27194],[108.83713,-7.2715],[108.83669,-7.2715],[108.83668,-7.2715],[108.83668,-7.27149],[108.83668,-7.27144],[108.83668,-7.27104],[108.83669,-7.27104],[108.83691,-7.27104],[108.83714,-7.27104],[108.83714,-7.27059],[108.83714,-7.27032],[108.83724,-7.27032],[108.8376,-7.27032],[108.8376,-7.27014],[108.8376,-7.26996],[108.83778,-7.26996],[108.83778,-7.26969],[108.83806,-7.26969],[108.83806,-7.27014],[108.83851,-7.27014],[108.83851,-7.27015],[108.83895,-7.27015],[108.83896,-7.27015],[108.83896,-7.2697],[108.83851,-7.2697],[108.83851,-7.26924],[108.83896,-7.26924],[108.83896,-7.26879],[108.83942,-7.26879],[108.83942,-7.26835],[108.83942,-7.26834],[108.83942,-7.26789],[108.83942,-7.26771],[108.83942,-7.26744],[108.83897,-7.26744],[108.83852,-7.26744],[108.83852,-7.26788],[108.83852,-7.26789],[108.83852,-7.26807],[108.83852,-7.26834],[108.83838,-7.26834],[108.83807,-7.26834],[108.83807,-7.26879],[108.83806,-7.26879],[108.83806,-7.26886],[108.83806,-7.26924],[108.83761,-7.26924],[108.8376,-7.26924],[108.8376,-7.26894],[108.8376,-7.26879],[108.83761,-7.26879],[108.83761,-7.26834],[108.83716,-7.26834],[108.83716,-7.26833],[108.83716,-7.26797],[108.83725,-7.26797],[108.83761,-7.26797],[108.83761,-7.26789],[108.83761,-7.26788],[108.83761,-7.26779],[108.83762,-7.26779],[108.8378,-7.26779],[108.8378,-7.26761],[108.83798,-7.26761],[108.83806,-7.26761],[108.83807,-7.26761],[108.83834,-7.26761],[108.83834,-7.26744],[108.83834,-7.26743],[108.83834,-7.26726],[108.83816,-7.26726],[108.83816,-7.26725],[108.83807,-7.26725],[108.83797,-7.26725],[108.8378,-7.26725],[108.83762,-7.26725],[108.83761,-7.26725],[108.83744,-7.26725],[108.83744,-7.26743],[108.83743,-7.26743],[108.83725,-7.26743],[108.83725,-7.26761],[108.83717,-7.26761],[108.83716,-7.26761],[108.83689,-7.26761],[108.83689,-7.26788],[108.83671,-7.26788],[108.83671,-7.26833],[108.83626,-7.26833],[108.83625,-7.26833],[108.83625,-7.26851],[108.83625,-7.26878],[108.83667,-7.26878],[108.8367,-7.26878],[108.8367,-7.2688],[108.8367,-7.26923],[108.8367,-7.26924],[108.8367,-7.26969],[108.83629,-7.26969],[108.83624,-7.26969],[108.83624,-7.26968],[108.8358,-7.26968],[108.83579,-7.26968],[108.83579,-7.27013],[108.83534,-7.27013],[108.83533,-7.27013],[108.83489,-7.27013],[108.83488,-7.27013],[108.83444,-7.27013],[108.83444,-7.27058],[108.83444,-7.27103],[108.83488,-7.27103],[108.83489,-7.27103],[108.83533,-7.27103],[108.83534,-7.27103],[108.83578,-7.27103],[108.83578,-7.27059],[108.83578,-7.27058],[108.83579,-7.27058],[108.83624,-7.27058],[108.83624,-7.27032],[108.83624,-7.27031],[108.83651,-7.27031],[108.83651,-7.27014],[108.83652,-7.27014],[108.8367,-7.27014],[108.8367,-7.27059],[108.83669,-7.27059],[108.83668,-7.27059],[108.83624,-7.27059],[108.83624,-7.27104],[108.83624,-7.27149],[108.83579,-7.27149],[108.83578,-7.27149],[108.83534,-7.27149],[108.83534,-7.27194],[108.83533,-7.27194],[108.83489,-7.27194],[108.83488,-7.27194],[108.83488,-7.27239],[108.83443,-7.27239],[108.83443,-7.27284],[108.83397,-7.27284],[108.83397,-7.27328],[108.83397,-7.27329],[108.83397,-7.27374],[108.83351,-7.27374],[108.83305,-7.27374],[108.83305,-7.27328],[108.83306,-7.27328],[108.83306,-7.27283],[108.83306,-7.27238],[108.83261,-7.27238],[108.83261,-7.27193],[108.83306,-7.27193],[108.83307,-7.27193]],[[108.84214,-7.2661],[108.8417,-7.2661],[108.8417,-7.26655],[108.84214,-7.26655],[108.84214,-7.2661]],[[108.84078,-7.26699],[108.84123,-7.26699],[108.84123,-7.26672],[108.84124,-7.26672],[108.84124,-7.26661],[108.84124,-7.26655],[108.84124,-7.26654],[108.84124,-7.26636],[108.84106,-7.26636],[108.84105,-7.26636],[108.84079,-7.26636],[108.84078,-7.26636],[108.84052,-7.26636],[108.84052,-7.26654],[108.84034,-7.26654],[108.84033,-7.26654],[108.84033,-7.26699],[108.84078,-7.26699]],[[108.83398,-7.27238],[108.83442,-7.27238],[108.83442,-7.27193],[108.83443,-7.27193],[108.83443,-7.27149],[108.83443,-7.27148],[108.83443,-7.27103],[108.83399,-7.27103],[108.83398,-7.27103],[108.83353,-7.27103],[108.83353,-7.27147],[108.83353,-7.27148],[108.83398,-7.27148],[108.83398,-7.27193],[108.83398,-7.27238]],[[108.83471,-7.26904],[108.83489,-7.26904],[108.83507,-7.26904],[108.83507,-7.26886],[108.83526,-7.26886],[108.83526,-7.26878],[108.83526,-7.26877],[108.83526,-7.26869],[108.83526,-7.26868],[108.83534,-7.26868],[108.83535,-7.26868],[108.83561,-7.26868],[108.83561,-7.26851],[108.83561,-7.2685],[108.83562,-7.2685],[108.83579,-7.2685],[108.8358,-7.2685],[108.8358,-7.26833],[108.8358,-7.26832],[108.8358,-7.26815],[108.83562,-7.26815],[108.83535,-7.26815],[108.83534,-7.26815],[108.83526,-7.26815],[108.83526,-7.26832],[108.83526,-7.26833],[108.83508,-7.26833],[108.83508,-7.2685],[108.83507,-7.2685],[108.83507,-7.26832],[108.8349,-7.26832],[108.83489,-7.26832],[108.83471,-7.26832],[108.83471,-7.26868],[108.83489,-7.26868],[108.83489,-7.26869],[108.83471,-7.26869],[108.83471,-7.26877],[108.83471,-7.26904]],[[108.83399,-7.26922],[108.83399,-7.26967],[108.83443,-7.26967],[108.83443,-7.26923],[108.83443,-7.26922],[108.83399,-7.26922]],[[108.83762,-7.26789],[108.83762,-7.26833],[108.83806,-7.26833],[108.83806,-7.26789],[108.83762,-7.26789]],[[108.83978,-7.26834],[108.83978,-7.26835],[108.83978,-7.26871],[108.83987,-7.26871],[108.83988,-7.26871],[108.84014,-7.26871],[108.84014,-7.26835],[108.84015,-7.26835],[108.84015,-7.2679],[108.84015,-7.26789],[108.84015,-7.26763],[108.83987,-7.26763],[108.83979,-7.26763],[108.83979,-7.26789],[108.83979,-7.26817],[108.83978,-7.26817],[108.83978,-7.26834]],[[108.83978,-7.26654],[108.83943,-7.26654],[108.83943,-7.26699],[108.83953,-7.26699],[108.83987,-7.26699],[108.83987,-7.26654],[108.83978,-7.26654]],[[108.84105,-7.26727],[108.84078,-7.26727],[108.84069,-7.26727],[108.84069,-7.26744],[108.84069,-7.26745],[108.84069,-7.2679],[108.84069,-7.26799],[108.84077,-7.26799],[108.84078,-7.26799],[108.84087,-7.26799],[108.84122,-7.26799],[108.84123,-7.26799],[108.84123,-7.2679],[108.84123,-7.26745],[108.84123,-7.26727],[108.84106,-7.26727],[108.84105,-7.26727]]],[[[108.83125,-7.27237],[108.83125,-7.27192],[108.83171,-7.27192],[108.83171,-7.27237],[108.83125,-7.27237]]],[[[108.83217,-7.27102],[108.83217,-7.27057],[108.83263,-7.27057],[108.83263,-7.27102],[108.83217,-7.27102]]],[[[108.83217,-7.27012],[108.83217,-7.26966],[108.83263,-7.26966],[108.83263,-7.27012],[108.83217,-7.27012]]],[[[108.83309,-7.2656],[108.8331,-7.2656],[108.83346,-7.2656],[108.83346,-7.26542],[108.83355,-7.26542],[108.83356,-7.26542],[108.83365,-7.26542],[108.83365,-7.26515],[108.834,-7.26515],[108.834,-7.2647],[108.83446,-7.2647],[108.83446,-7.26425],[108.83492,-7.26425],[108.83492,-7.26426],[108.83537,-7.26426],[108.83537,-7.26471],[108.83492,-7.26471],[108.83491,-7.26471],[108.83446,-7.26471],[108.83446,-7.26516],[108.83401,-7.26516],[108.83401,-7.26561],[108.83356,-7.26561],[108.83355,-7.26561],[108.83355,-7.26579],[108.83346,-7.26579],[108.8331,-7.26579],[108.8331,-7.26578],[108.83309,-7.26578],[108.83309,-7.2656]]],[[[108.83174,-7.26469],[108.83219,-7.26469],[108.8322,-7.26469],[108.8322,-7.26425],[108.8322,-7.26424],[108.83174,-7.26424],[108.83174,-7.26379],[108.8322,-7.26379],[108.83265,-7.26379],[108.83266,-7.26379],[108.83311,-7.26379],[108.83311,-7.26424],[108.83311,-7.26425],[108.83311,-7.2647],[108.83311,-7.26488],[108.83292,-7.26488],[108.83292,-7.26506],[108.83274,-7.26506],[108.83274,-7.26515],[108.83273,-7.26515],[108.83265,-7.26515],[108.8322,-7.26515],[108.83219,-7.26515],[108.83174,-7.26515],[108.83174,-7.26469]]],[[[108.8313,-7.26334],[108.8313,-7.26288],[108.83175,-7.26288],[108.83175,-7.26243],[108.8313,-7.26243],[108.8313,-7.26198],[108.83131,-7.26198],[108.83131,-7.26216],[108.83176,-7.26216],[108.83176,-7.26243],[108.83221,-7.26243],[108.83221,-7.26244],[108.83266,-7.26244],[108.83267,-7.26244],[108.83267,-7.26289],[108.83266,-7.26289],[108.83266,-7.26334],[108.83221,-7.26334],[108.8322,-7.26334],[108.83176,-7.26334],[108.83175,-7.26334],[108.8313,-7.26334]]],[[[108.83358,-7.26064],[108.8333,-7.26064],[108.8333,-7.26063],[108.8333,-7.26036],[108.83348,-7.26036],[108.83358,-7.26036],[108.83358,-7.26063],[108.83358,-7.26064]]],[[[108.83267,-7.26],[108.83267,-7.26018],[108.8324,-7.26018],[108.8324,-7.26036],[108.83239,-7.26036],[108.83239,-7.26018],[108.83222,-7.26018],[108.83221,-7.26018],[108.83204,-7.26018],[108.83204,-7.26017],[108.83221,-7.26017],[108.83222,-7.26017],[108.83222,-7.26],[108.8324,-7.26],[108.83267,-7.26]]],[[[108.83185,-7.26],[108.83185,-7.25999],[108.83176,-7.25999],[108.83176,-7.25972],[108.83204,-7.25972],[108.83204,-7.25982],[108.83186,-7.25982],[108.83186,-7.26],[108.83185,-7.26]]],[[[108.83276,-7.25964],[108.83277,-7.25964],[108.83277,-7.25973],[108.83276,-7.25973],[108.83276,-7.25964]]],[[[108.83222,-7.25927],[108.83267,-7.25927],[108.83267,-7.25909],[108.83295,-7.25909],[108.83313,-7.25909],[108.83313,-7.2591],[108.83313,-7.25927],[108.83313,-7.25928],[108.83358,-7.25928],[108.83358,-7.25973],[108.83331,-7.25973],[108.83331,-7.25946],[108.83313,-7.25946],[108.83312,-7.25946],[108.83295,-7.25946],[108.83294,-7.25946],[108.83294,-7.25928],[108.83276,-7.25928],[108.83268,-7.25928],[108.83267,-7.25928],[108.8324,-7.25928],[108.8324,-7.25946],[108.83222,-7.25946],[108.83222,-7.25927]]],[[[108.83359,-7.25792],[108.83404,-7.25792],[108.83404,-7.25793],[108.8345,-7.25793],[108.8345,-7.25838],[108.83404,-7.25838],[108.83359,-7.25838],[108.83359,-7.25883],[108.83331,-7.25883],[108.83331,-7.25874],[108.83314,-7.25874],[108.83313,-7.25874],[108.83313,-7.25856],[108.83277,-7.25856],[108.83277,-7.25873],[108.83268,-7.25873],[108.83268,-7.25837],[108.83313,-7.25837],[108.83313,-7.25792],[108.83313,-7.25747],[108.83359,-7.25747],[108.83359,-7.25792]]],[[[108.83314,-7.25656],[108.83315,-7.25656],[108.83315,-7.25657],[108.83315,-7.25702],[108.83314,-7.25702],[108.83269,-7.25702],[108.83269,-7.25657],[108.83269,-7.25656],[108.83314,-7.25656]]],[[[108.83225,-7.25475],[108.8327,-7.25475],[108.8327,-7.25476],[108.8327,-7.25521],[108.83225,-7.25521],[108.83224,-7.25521],[108.83224,-7.25476],[108.83224,-7.25475],[108.83225,-7.25475]]],[[[108.83315,-7.25431],[108.83315,-7.25386],[108.83361,-7.25386],[108.83361,-7.25431],[108.83315,-7.25431]]],[[[108.83225,-7.25431],[108.83224,-7.25431],[108.83224,-7.25385],[108.83225,-7.25385],[108.8327,-7.25385],[108.8327,-7.25431],[108.83225,-7.25431]]],[[[108.83443,-7.3641],[108.83488,-7.3641],[108.83489,-7.3641],[108.83489,-7.36455],[108.83489,-7.36456],[108.83488,-7.36456],[108.83443,-7.36456],[108.83443,-7.36455],[108.83443,-7.3641]]],[[[108.83579,-7.36411],[108.83579,-7.36366],[108.83579,-7.36365],[108.83625,-7.36365],[108.83625,-7.36366],[108.83625,-7.36411],[108.83579,-7.36411]]],[[[108.83537,-7.35823],[108.83536,-7.35823],[108.83536,-7.35778],[108.83537,-7.35778],[108.83582,-7.35778],[108.83582,-7.35823],[108.83537,-7.35823]]],[[[108.83585,-7.35372],[108.8363,-7.35372],[108.8363,-7.35417],[108.83585,-7.35417],[108.83584,-7.35417],[108.83539,-7.35417],[108.83539,-7.35371],[108.83585,-7.35371],[108.83585,-7.35372]]],[[[108.83449,-7.35281],[108.83449,-7.35235],[108.83495,-7.35235],[108.83495,-7.35281],[108.83449,-7.35281]]],[[[108.83486,-7.35127],[108.83486,-7.35109],[108.83494,-7.35109],[108.83495,-7.35109],[108.83504,-7.35109],[108.8354,-7.35109],[108.8354,-7.35101],[108.8354,-7.351],[108.8354,-7.35091],[108.83558,-7.35091],[108.83558,-7.35055],[108.8354,-7.35055],[108.83523,-7.35055],[108.83523,-7.35037],[108.83504,-7.35037],[108.83495,-7.35037],[108.83494,-7.35037],[108.83486,-7.35037],[108.83468,-7.35037],[108.8345,-7.35037],[108.83449,-7.35037],[108.83449,-7.35009],[108.8345,-7.35009],[108.83495,-7.35009],[108.83495,-7.3501],[108.8354,-7.3501],[108.83585,-7.3501],[108.83585,-7.34965],[108.8354,-7.34965],[108.8354,-7.3492],[108.83541,-7.3492],[108.83541,-7.34874],[108.83586,-7.34874],[108.83586,-7.3483],[108.83541,-7.3483],[108.83541,-7.34784],[108.83587,-7.34784],[108.83587,-7.34739],[108.83543,-7.34739],[108.83542,-7.34739],[108.83497,-7.34739],[108.83497,-7.34694],[108.83452,-7.34694],[108.83452,-7.34738],[108.83452,-7.34739],[108.83406,-7.34739],[108.83406,-7.34738],[108.83406,-7.34693],[108.83407,-7.34693],[108.83451,-7.34693],[108.83451,-7.34685],[108.83451,-7.34648],[108.83497,-7.34648],[108.83497,-7.34603],[108.83543,-7.34603],[108.83543,-7.34648],[108.83588,-7.34648],[108.83588,-7.34649],[108.83623,-7.34649],[108.83633,-7.34649],[108.83633,-7.34604],[108.83616,-7.34604],[108.83588,-7.34604],[108.83588,-7.34559],[108.83588,-7.34558],[108.83588,-7.34513],[108.83543,-7.34513],[108.83498,-7.34513],[108.83498,-7.34558],[108.83453,-7.34558],[108.83452,-7.34558],[108.83407,-7.34558],[108.83407,-7.34513],[108.83407,-7.34512],[108.83407,-7.34467],[108.83453,-7.34467],[108.83453,-7.34422],[108.83498,-7.34422],[108.83498,-7.34378],[108.83498,-7.34377],[108.83498,-7.34332],[108.83543,-7.34332],[108.83543,-7.34287],[108.83498,-7.34287],[108.83498,-7.34242],[108.83544,-7.34242],[108.83544,-7.34287],[108.83589,-7.34287],[108.83628,-7.34287],[108.83629,-7.34287],[108.83634,-7.34287],[108.83634,-7.34243],[108.83634,-7.34242],[108.8368,-7.34242],[108.8368,-7.34288],[108.83725,-7.34288],[108.83725,-7.34243],[108.83725,-7.34201],[108.83725,-7.34198],[108.83695,-7.34198],[108.8368,-7.34198],[108.8368,-7.34191],[108.8368,-7.34153],[108.8368,-7.34152],[108.83635,-7.34152],[108.83635,-7.34107],[108.8368,-7.34107],[108.83681,-7.34107],[108.83726,-7.34107],[108.83726,-7.34062],[108.83772,-7.34062],[108.83772,-7.34077],[108.83772,-7.34107],[108.83772,-7.34108],[108.83772,-7.34152],[108.83772,-7.34153],[108.83772,-7.34198],[108.83816,-7.34198],[108.83816,-7.34153],[108.83816,-7.34108],[108.83816,-7.34069],[108.83816,-7.34062],[108.83817,-7.34062],[108.8383,-7.34062],[108.83862,-7.34062],[108.83862,-7.34108],[108.83906,-7.34108],[108.83907,-7.34108],[108.83952,-7.34108],[108.83952,-7.34153],[108.83952,-7.34154],[108.83907,-7.34154],[108.83906,-7.34154],[108.83906,-7.34153],[108.83862,-7.34153],[108.83862,-7.34198],[108.83906,-7.34198],[108.83907,-7.34198],[108.83952,-7.34198],[108.83952,-7.34199],[108.83952,-7.34244],[108.83907,-7.34244],[108.83906,-7.34244],[108.83862,-7.34244],[108.83862,-7.34289],[108.83816,-7.34289],[108.83816,-7.34288],[108.83771,-7.34288],[108.83771,-7.34333],[108.8377,-7.34333],[108.8377,-7.34378],[108.8377,-7.34379],[108.8377,-7.34424],[108.83725,-7.34424],[108.83724,-7.34424],[108.83724,-7.34468],[108.83724,-7.34469],[108.83769,-7.34469],[108.83814,-7.34469],[108.83814,-7.34424],[108.8386,-7.34424],[108.8386,-7.34469],[108.8386,-7.34514],[108.8386,-7.34515],[108.83815,-7.34515],[108.83815,-7.34559],[108.8386,-7.34559],[108.8386,-7.3456],[108.83904,-7.3456],[108.83904,-7.34515],[108.8395,-7.34515],[108.8395,-7.3447],[108.8395,-7.34425],[108.83905,-7.34425],[108.83905,-7.34379],[108.83951,-7.34379],[108.83951,-7.34334],[108.83906,-7.34334],[108.83906,-7.34289],[108.83952,-7.34289],[108.83952,-7.34334],[108.83996,-7.34334],[108.83997,-7.34334],[108.83997,-7.34289],[108.84042,-7.34289],[108.84042,-7.34245],[108.84042,-7.34244],[108.84042,-7.34199],[108.84087,-7.34199],[108.84087,-7.34244],[108.84087,-7.34245],[108.84087,-7.34289],[108.84087,-7.3429],[108.84132,-7.3429],[108.84177,-7.3429],[108.84178,-7.3429],[108.84222,-7.3429],[108.84223,-7.3429],[108.84268,-7.3429],[108.84268,-7.34291],[108.84286,-7.34291],[108.84286,-7.343],[108.84304,-7.343],[108.84313,-7.343],[108.84323,-7.343],[108.84323,-7.34318],[108.84341,-7.34318],[108.84358,-7.34318],[108.84358,-7.34336],[108.84313,-7.34336],[108.84268,-7.34336],[108.84267,-7.34336],[108.84223,-7.34336],[108.84222,-7.34336],[108.84222,-7.34381],[108.84196,-7.34381],[108.84195,-7.34381],[108.84195,-7.34372],[108.84177,-7.34372],[108.84177,-7.34354],[108.84159,-7.34354],[108.84159,-7.34353],[108.84132,-7.34353],[108.84132,-7.34335],[108.84087,-7.34335],[108.84087,-7.3438],[108.84104,-7.3438],[108.84104,-7.34425],[108.84104,-7.34426],[108.84104,-7.34443],[108.84123,-7.34443],[108.84132,-7.34443],[108.84159,-7.34443],[108.84159,-7.34426],[108.84159,-7.34425],[108.84159,-7.34407],[108.84177,-7.34407],[108.84177,-7.34408],[108.84177,-7.34425],[108.84177,-7.34426],[108.84177,-7.34471],[108.84132,-7.34471],[108.84086,-7.34471],[108.84086,-7.3447],[108.84042,-7.3447],[108.84041,-7.3447],[108.84041,-7.34515],[108.84041,-7.3456],[108.84041,-7.34561],[108.84085,-7.34561],[108.84086,-7.34561],[108.84131,-7.34561],[108.84131,-7.34606],[108.84086,-7.34606],[108.84086,-7.34651],[108.8404,-7.34651],[108.8404,-7.34606],[108.83996,-7.34606],[108.83995,-7.34606],[108.83995,-7.34651],[108.83949,-7.34651],[108.83949,-7.34605],[108.83905,-7.34605],[108.83905,-7.3465],[108.83904,-7.3465],[108.83904,-7.34695],[108.83949,-7.34695],[108.83949,-7.34696],[108.83995,-7.34696],[108.83995,-7.34741],[108.84039,-7.34741],[108.84039,-7.34696],[108.84085,-7.34696],[108.84085,-7.34741],[108.8413,-7.34741],[108.8413,-7.34742],[108.84175,-7.34742],[108.84176,-7.34742],[108.84221,-7.34742],[108.84221,-7.34787],[108.84221,-7.34832],[108.84266,-7.34832],[108.84266,-7.34833],[108.84266,-7.34878],[108.8431,-7.34878],[108.8431,-7.34833],[108.84356,-7.34833],[108.84401,-7.34833],[108.84402,-7.34833],[108.84447,-7.34833],[108.84447,-7.34834],[108.84492,-7.34834],[108.84492,-7.34789],[108.84492,-7.34744],[108.84492,-7.34743],[108.84537,-7.34743],[108.84538,-7.34743],[108.84538,-7.34744],[108.84538,-7.34789],[108.84583,-7.34789],[108.84583,-7.34834],[108.84538,-7.34834],[108.84538,-7.34879],[108.84537,-7.34879],[108.84492,-7.34879],[108.84492,-7.34924],[108.84447,-7.34924],[108.84446,-7.34924],[108.84446,-7.34969],[108.84401,-7.34969],[108.84401,-7.35014],[108.84355,-7.35014],[108.84355,-7.35059],[108.84355,-7.35104],[108.84309,-7.35104],[108.84309,-7.35059],[108.84265,-7.35059],[108.84264,-7.35059],[108.84264,-7.35104],[108.84219,-7.35104],[108.84174,-7.35104],[108.84174,-7.35148],[108.84174,-7.35149],[108.84174,-7.35194],[108.84218,-7.35194],[108.84219,-7.35194],[108.84219,-7.35149],[108.84264,-7.35149],[108.84309,-7.35149],[108.84309,-7.35194],[108.84264,-7.35194],[108.84264,-7.35239],[108.84309,-7.35239],[108.84309,-7.3524],[108.84354,-7.3524],[108.84354,-7.35285],[108.84399,-7.35285],[108.84399,-7.3533],[108.84399,-7.35331],[108.8439,-7.3533],[108.8439,-7.35312],[108.84354,-7.35312],[108.84336,-7.35312],[108.84336,-7.35285],[108.84336,-7.35276],[108.84318,-7.35276],[108.84318,-7.35258],[108.84309,-7.35258],[108.84281,-7.35258],[108.84281,-7.35276],[108.84264,-7.35276],[108.84263,-7.35276],[108.84246,-7.35276],[108.84246,-7.35284],[108.84246,-7.35285],[108.84246,-7.35294],[108.84245,-7.35294],[108.84245,-7.35285],[108.84245,-7.35284],[108.84245,-7.35275],[108.84263,-7.35275],[108.84263,-7.35239],[108.84227,-7.35239],[108.84227,-7.35257],[108.84219,-7.35257],[108.84218,-7.35257],[108.84191,-7.35257],[108.84191,-7.35239],[108.84191,-7.35203],[108.84173,-7.35203],[108.84173,-7.35194],[108.84155,-7.35194],[108.84155,-7.35149],[108.84138,-7.35149],[108.84137,-7.35149],[108.84129,-7.35149],[108.84128,-7.35149],[108.84119,-7.35149],[108.84119,-7.35148],[108.84119,-7.3513],[108.84101,-7.3513],[108.84084,-7.3513],[108.84083,-7.3513],[108.84065,-7.3513],[108.84065,-7.35148],[108.84038,-7.35148],[108.84029,-7.35148],[108.84029,-7.35166],[108.84028,-7.35166],[108.84011,-7.35166],[108.84011,-7.35148],[108.84011,-7.35112],[108.84038,-7.35112],[108.84047,-7.35112],[108.84047,-7.35103],[108.84047,-7.35075],[108.84047,-7.35058],[108.84047,-7.3504],[108.84039,-7.3504],[108.84038,-7.3504],[108.84029,-7.3504],[108.84029,-7.35012],[108.84029,-7.35003],[108.84011,-7.35003],[108.83994,-7.35003],[108.83993,-7.35003],[108.83975,-7.35003],[108.83975,-7.35012],[108.83975,-7.35021],[108.83957,-7.35021],[108.83957,-7.35039],[108.83948,-7.35039],[108.83939,-7.35039],[108.83939,-7.35057],[108.83939,-7.35075],[108.83938,-7.35075],[108.83938,-7.35057],[108.83938,-7.35039],[108.83921,-7.35039],[108.83921,-7.35012],[108.83921,-7.35003],[108.83939,-7.35003],[108.83939,-7.34985],[108.83948,-7.34985],[108.83949,-7.34985],[108.83957,-7.34985],[108.83957,-7.34967],[108.83957,-7.34931],[108.83958,-7.34931],[108.83993,-7.34931],[108.83993,-7.34922],[108.83993,-7.34895],[108.83976,-7.34895],[108.83976,-7.34877],[108.83976,-7.34876],[108.83976,-7.34858],[108.83958,-7.34858],[108.83957,-7.34858],[108.83957,-7.3484],[108.83949,-7.3484],[108.83948,-7.3484],[108.8394,-7.3484],[108.8394,-7.34831],[108.8394,-7.34822],[108.83904,-7.34822],[108.83904,-7.34831],[108.83904,-7.34858],[108.83903,-7.34858],[108.83885,-7.34858],[108.83885,-7.34876],[108.83885,-7.34894],[108.83859,-7.34894],[108.83858,-7.34894],[108.83849,-7.34894],[108.83849,-7.34912],[108.83831,-7.34912],[108.83831,-7.34921],[108.83831,-7.34948],[108.83849,-7.34948],[108.83849,-7.34966],[108.83857,-7.34966],[108.83858,-7.34966],[108.83866,-7.34966],[108.83885,-7.34966],[108.83885,-7.34967],[108.83885,-7.34985],[108.83866,-7.34985],[108.83866,-7.35003],[108.83858,-7.35003],[108.83857,-7.35003],[108.83831,-7.35003],[108.83831,-7.35011],[108.83831,-7.35012],[108.83831,-7.35038],[108.83848,-7.35038],[108.83857,-7.35038],[108.83858,-7.35038],[108.83866,-7.35038],[108.83866,-7.35039],[108.83866,-7.35057],[108.83866,-7.35075],[108.83857,-7.35075],[108.8383,-7.35075],[108.8383,-7.35093],[108.83812,-7.35093],[108.83811,-7.35093],[108.83811,-7.35101],[108.83811,-7.35102],[108.83811,-7.35147],[108.83811,-7.35165],[108.83812,-7.35165],[108.83812,-7.35192],[108.83856,-7.35192],[108.83856,-7.35183],[108.83883,-7.35183],[108.83883,-7.35165],[108.83884,-7.35165],[108.83884,-7.35147],[108.83884,-7.35111],[108.83902,-7.35111],[108.83938,-7.35111],[108.83938,-7.35112],[108.8392,-7.35112],[108.8392,-7.35129],[108.83902,-7.35129],[108.83902,-7.35147],[108.83902,-7.35165],[108.83938,-7.35165],[108.83938,-7.35148],[108.83938,-7.35147],[108.83947,-7.35147],[108.83948,-7.35147],[108.83956,-7.35147],[108.83956,-7.35148],[108.83956,-7.35193],[108.83956,-7.35202],[108.83947,-7.35202],[108.83938,-7.35202],[108.83938,-7.35238],[108.8392,-7.35238],[108.8392,-7.35256],[108.83902,-7.35256],[108.83901,-7.35256],[108.83883,-7.35256],[108.83883,-7.35283],[108.83883,-7.3531],[108.83901,-7.3531],[108.83901,-7.35328],[108.83855,-7.35328],[108.83855,-7.35283],[108.8381,-7.35283],[108.8381,-7.35237],[108.83811,-7.35237],[108.83811,-7.35192],[108.83766,-7.35192],[108.83721,-7.35192],[108.83721,-7.35237],[108.83675,-7.35237],[108.83675,-7.35282],[108.8363,-7.35282],[108.8363,-7.35236],[108.83675,-7.35236],[108.83675,-7.35192],[108.83675,-7.35191],[108.8363,-7.35191],[108.83585,-7.35191],[108.83585,-7.35146],[108.8354,-7.35146],[108.83495,-7.35146],[108.83494,-7.35146],[108.83494,-7.35145],[108.8345,-7.35145],[108.83449,-7.35145],[108.83449,-7.351],[108.83405,-7.351],[108.83404,-7.351],[108.83404,-7.35055],[108.8336,-7.35055],[108.83359,-7.35055],[108.83359,-7.35054],[108.83359,-7.35009],[108.8336,-7.35009],[108.83405,-7.35009],[108.83405,-7.35054],[108.83431,-7.35054],[108.83432,-7.35054],[108.83432,-7.35055],[108.83432,-7.35073],[108.83449,-7.35073],[108.8345,-7.35073],[108.83468,-7.35073],[108.83468,-7.35091],[108.8345,-7.35091],[108.8345,-7.351],[108.8345,-7.35127],[108.83486,-7.35127]],[[108.84042,-7.3438],[108.84042,-7.34425],[108.84086,-7.34425],[108.84087,-7.34425],[108.84087,-7.3438],[108.84042,-7.3438]],[[108.8403,-7.34832],[108.8403,-7.34841],[108.83994,-7.34841],[108.83994,-7.34876],[108.83994,-7.34877],[108.83994,-7.34895],[108.8403,-7.34895],[108.84038,-7.34895],[108.84039,-7.34895],[108.84048,-7.34895],[108.84048,-7.34913],[108.84083,-7.34913],[108.84084,-7.34913],[108.84084,-7.34895],[108.84102,-7.34895],[108.84102,-7.34877],[108.84103,-7.34877],[108.84129,-7.34877],[108.84139,-7.34877],[108.84139,-7.34832],[108.84139,-7.34823],[108.8413,-7.34823],[108.84129,-7.34823],[108.84121,-7.34823],[108.84085,-7.34823],[108.84085,-7.34832],[108.84085,-7.34841],[108.84084,-7.34841],[108.84067,-7.34841],[108.84067,-7.34832],[108.84067,-7.34823],[108.84039,-7.34823],[108.8403,-7.34823],[108.8403,-7.34831],[108.8403,-7.34832]],[[108.83858,-7.3474],[108.83814,-7.3474],[108.83814,-7.34785],[108.83858,-7.34785],[108.83858,-7.34741],[108.83858,-7.3474]],[[108.83675,-7.35146],[108.83676,-7.35146],[108.83703,-7.35146],[108.83703,-7.35128],[108.83721,-7.35128],[108.83721,-7.3511],[108.83739,-7.3511],[108.83739,-7.35101],[108.83739,-7.35056],[108.83722,-7.35056],[108.83721,-7.35056],[108.83703,-7.35056],[108.83703,-7.35038],[108.83676,-7.35038],[108.83667,-7.35038],[108.83667,-7.35056],[108.83667,-7.35074],[108.83649,-7.35074],[108.83649,-7.35101],[108.83649,-7.3511],[108.83631,-7.3511],[108.83631,-7.35146],[108.83666,-7.35146],[108.83675,-7.35146]],[[108.83723,-7.34921],[108.83722,-7.34921],[108.83722,-7.34965],[108.83722,-7.34966],[108.83767,-7.34966],[108.83767,-7.34921],[108.83723,-7.34921]],[[108.83544,-7.34423],[108.83588,-7.34423],[108.83588,-7.34378],[108.83588,-7.34333],[108.83544,-7.34333],[108.83544,-7.34377],[108.83544,-7.34378],[108.83544,-7.34423]],[[108.83588,-7.34468],[108.8361,-7.34468],[108.83633,-7.34468],[108.83634,-7.34468],[108.83678,-7.34468],[108.83678,-7.34423],[108.83634,-7.34423],[108.83615,-7.34423],[108.83588,-7.34423],[108.83588,-7.34468]],[[108.83724,-7.34514],[108.83724,-7.34559],[108.83768,-7.34559],[108.83769,-7.34559],[108.83769,-7.34514],[108.83724,-7.34514]],[[108.83948,-7.34741],[108.83904,-7.34741],[108.83904,-7.34786],[108.83948,-7.34786],[108.83948,-7.34741]]],[[[108.83408,-7.34422],[108.83408,-7.34377],[108.83453,-7.34377],[108.83453,-7.34422],[108.83408,-7.34422]]],[[[108.83411,-7.33745],[108.83411,-7.33744],[108.83411,-7.33699],[108.83456,-7.33699],[108.83456,-7.33744],[108.83456,-7.33745],[108.83411,-7.33745]]],[[[108.83563,-7.30357],[108.83563,-7.30311],[108.83518,-7.30311],[108.83518,-7.30266],[108.83564,-7.30266],[108.83564,-7.30311],[108.83609,-7.30311],[108.83609,-7.30357],[108.83563,-7.30357]]],[[[108.83518,-7.30221],[108.83518,-7.30176],[108.83564,-7.30176],[108.83564,-7.30221],[108.83518,-7.30221]]],[[[108.8343,-7.29723],[108.83385,-7.29723],[108.83385,-7.29678],[108.8343,-7.29678],[108.83431,-7.29678],[108.83431,-7.29723],[108.8343,-7.29723]]],[[[108.83569,-7.29001],[108.83569,-7.28956],[108.83615,-7.28956],[108.83615,-7.29001],[108.83569,-7.29001]]],[[[108.83391,-7.28504],[108.83391,-7.28458],[108.83437,-7.28458],[108.83437,-7.28504],[108.83391,-7.28504]]],[[[108.83483,-7.28143],[108.83483,-7.28097],[108.83529,-7.28097],[108.83529,-7.28143],[108.83483,-7.28143]]],[[[108.83485,-7.27645],[108.83531,-7.27645],[108.83531,-7.27691],[108.83531,-7.27736],[108.83575,-7.27736],[108.83576,-7.27736],[108.83621,-7.27736],[108.83621,-7.27781],[108.83621,-7.27782],[108.83621,-7.27827],[108.8362,-7.27827],[108.83576,-7.27827],[108.83576,-7.27872],[108.83575,-7.27872],[108.83531,-7.27872],[108.8353,-7.27872],[108.83485,-7.27872],[108.83485,-7.27826],[108.8353,-7.27826],[108.83531,-7.27826],[108.83575,-7.27826],[108.83575,-7.27782],[108.83575,-7.27781],[108.8353,-7.27781],[108.8353,-7.27736],[108.83485,-7.27736],[108.83485,-7.27691],[108.83485,-7.27645]]],[[[108.83394,-7.27871],[108.83394,-7.27826],[108.8344,-7.27826],[108.8344,-7.27871],[108.83394,-7.27871]]],[[[108.83622,-7.27556],[108.83577,-7.27556],[108.83577,-7.27601],[108.83531,-7.27601],[108.83531,-7.27555],[108.83576,-7.27555],[108.83577,-7.27555],[108.83613,-7.27555],[108.83613,-7.27538],[108.83613,-7.27537],[108.83622,-7.27537],[108.83622,-7.27538],[108.83622,-7.27556]]],[[[108.83505,-7.27501],[108.83505,-7.2751],[108.83486,-7.2751],[108.83486,-7.27501],[108.83505,-7.27501]]],[[[108.83505,-7.27447],[108.83505,-7.27465],[108.83504,-7.27465],[108.83504,-7.27447],[108.83505,-7.27447]]],[[[108.83532,-7.27375],[108.83532,-7.27411],[108.83487,-7.27411],[108.83486,-7.27411],[108.83486,-7.27419],[108.83486,-7.2742],[108.83486,-7.27447],[108.83468,-7.27447],[108.83468,-7.27465],[108.83441,-7.27465],[108.83441,-7.2742],[108.83441,-7.27419],[108.83441,-7.27374],[108.83486,-7.27374],[108.83487,-7.27374],[108.83487,-7.27329],[108.83532,-7.27329],[108.83533,-7.27329],[108.83578,-7.27329],[108.83578,-7.27341],[108.83578,-7.27375],[108.83596,-7.27375],[108.83596,-7.2742],[108.83596,-7.27447],[108.83613,-7.27447],[108.83613,-7.27465],[108.83595,-7.27465],[108.83595,-7.2742],[108.83595,-7.27411],[108.83577,-7.27411],[108.83577,-7.27375],[108.83552,-7.27375],[108.83533,-7.27375],[108.83532,-7.27375]]],[[[108.83563,-7.26607],[108.83563,-7.26616],[108.83581,-7.26616],[108.83582,-7.26616],[108.83582,-7.26652],[108.83536,-7.26652],[108.83536,-7.26607],[108.83536,-7.26606],[108.83563,-7.26606],[108.83563,-7.26607]]],[[[108.83491,-7.26381],[108.83491,-7.2638],[108.83447,-7.2638],[108.83446,-7.2638],[108.83446,-7.26335],[108.83447,-7.26335],[108.83491,-7.26335],[108.83492,-7.26335],[108.83537,-7.26335],[108.83537,-7.26381],[108.83492,-7.26381],[108.83491,-7.26381]]],[[[108.83582,-7.26336],[108.83582,-7.26291],[108.83582,-7.2629],[108.83628,-7.2629],[108.83628,-7.26291],[108.83628,-7.26336],[108.83582,-7.26336]]],[[[108.83537,-7.26155],[108.83583,-7.26155],[108.83583,-7.262],[108.83583,-7.26245],[108.83537,-7.26245],[108.83537,-7.262],[108.83537,-7.26155]]],[[[108.83447,-7.26109],[108.83448,-7.26109],[108.83493,-7.26109],[108.83493,-7.26155],[108.83447,-7.26155],[108.83447,-7.26154],[108.83402,-7.26154],[108.83402,-7.26109],[108.83447,-7.26109]]],[[[108.83538,-7.2611],[108.83538,-7.26064],[108.83584,-7.26064],[108.83584,-7.2611],[108.83538,-7.2611]]],[[[108.83493,-7.26037],[108.83494,-7.26037],[108.83494,-7.26064],[108.83448,-7.26064],[108.83448,-7.26037],[108.83457,-7.26037],[108.83457,-7.26019],[108.83493,-7.26019],[108.83493,-7.26037]]],[[[108.83475,-7.25983],[108.83448,-7.25983],[108.83448,-7.25974],[108.83493,-7.25974],[108.83493,-7.25983],[108.83475,-7.25983]]],[[[108.83584,-7.25929],[108.83584,-7.25893],[108.83566,-7.25893],[108.83548,-7.25893],[108.83548,-7.25884],[108.83549,-7.25884],[108.83585,-7.25884],[108.83585,-7.25929],[108.83585,-7.25965],[108.83584,-7.25965],[108.83584,-7.25929]]],[[[108.83585,-7.25703],[108.8363,-7.25703],[108.8363,-7.25658],[108.8363,-7.25613],[108.83658,-7.25613],[108.83658,-7.25622],[108.83676,-7.25622],[108.83694,-7.25622],[108.83694,-7.25613],[108.83695,-7.25613],[108.83695,-7.25641],[108.83694,-7.25641],[108.83694,-7.25658],[108.83694,-7.25659],[108.83694,-7.25677],[108.83712,-7.25677],[108.83721,-7.25677],[108.8373,-7.25677],[108.83731,-7.25677],[108.83766,-7.25677],[108.83766,-7.25695],[108.83767,-7.25695],[108.83785,-7.25695],[108.83785,-7.25704],[108.83785,-7.25713],[108.83784,-7.25713],[108.83784,-7.25749],[108.83784,-7.2575],[108.83766,-7.2575],[108.83766,-7.25785],[108.83784,-7.25785],[108.83784,-7.25795],[108.83765,-7.25795],[108.83765,-7.25749],[108.83766,-7.25749],[108.83766,-7.25704],[108.83721,-7.25704],[108.83676,-7.25704],[108.83675,-7.25704],[108.83631,-7.25704],[108.83631,-7.25749],[108.83676,-7.25749],[108.83676,-7.25794],[108.8363,-7.25794],[108.8363,-7.25839],[108.83603,-7.25839],[108.83603,-7.25803],[108.83585,-7.25803],[108.83567,-7.25803],[108.83567,-7.25821],[108.83566,-7.25821],[108.83548,-7.25821],[108.83548,-7.25839],[108.8354,-7.25839],[108.8353,-7.25839],[108.8353,-7.2582],[108.8354,-7.2582],[108.83548,-7.2582],[108.83548,-7.25794],[108.83548,-7.25793],[108.83548,-7.25784],[108.83567,-7.25784],[108.83567,-7.25766],[108.83585,-7.25766],[108.83585,-7.25749],[108.83585,-7.25748],[108.83585,-7.25703]]],[[[108.83495,-7.25793],[108.83495,-7.25802],[108.83494,-7.25802],[108.83494,-7.25793],[108.83495,-7.25793]]],[[[108.8354,-7.25567],[108.83495,-7.25567],[108.83495,-7.25522],[108.8354,-7.25522],[108.83541,-7.25522],[108.83541,-7.25477],[108.83587,-7.25477],[108.83587,-7.25523],[108.83586,-7.25523],[108.83586,-7.25568],[108.8354,-7.25568],[108.8354,-7.25567]]],[[[108.83714,-7.36412],[108.83714,-7.36366],[108.8376,-7.36366],[108.8376,-7.36412],[108.83714,-7.36412]]],[[[108.83715,-7.36321],[108.8367,-7.36321],[108.8367,-7.36276],[108.83715,-7.36276],[108.83715,-7.36231],[108.83761,-7.36231],[108.83761,-7.36276],[108.83761,-7.36321],[108.83716,-7.36321],[108.83715,-7.36321]]],[[[108.83807,-7.3614],[108.83807,-7.36141],[108.83807,-7.36186],[108.83807,-7.36231],[108.83761,-7.36231],[108.83761,-7.36186],[108.83761,-7.36141],[108.83761,-7.3614],[108.83807,-7.3614]]],[[[108.8381,-7.35372],[108.8381,-7.35373],[108.8381,-7.35418],[108.83765,-7.35418],[108.83765,-7.35463],[108.83719,-7.35463],[108.83719,-7.35418],[108.83719,-7.35417],[108.83765,-7.35417],[108.83765,-7.35373],[108.8372,-7.35373],[108.8372,-7.35372],[108.83675,-7.35372],[108.83675,-7.35327],[108.8372,-7.35327],[108.83765,-7.35327],[108.8381,-7.35327],[108.8381,-7.35372]]],[[[108.83728,-7.33656],[108.83728,-7.3361],[108.83774,-7.3361],[108.83774,-7.33656],[108.83728,-7.33656]]],[[[108.83656,-7.2986],[108.83655,-7.2986],[108.83655,-7.29815],[108.83656,-7.29815],[108.83701,-7.29815],[108.83701,-7.2986],[108.83656,-7.2986]]],[[[108.83701,-7.29815],[108.83701,-7.2977],[108.83747,-7.2977],[108.83747,-7.29815],[108.83701,-7.29815]]],[[[108.83799,-7.28279],[108.83799,-7.28257],[108.83799,-7.28247],[108.83799,-7.28235],[108.83799,-7.28234],[108.83799,-7.28189],[108.83755,-7.28189],[108.83755,-7.28234],[108.83709,-7.28234],[108.83709,-7.28189],[108.83709,-7.28144],[108.83709,-7.28143],[108.83709,-7.28098],[108.83664,-7.28098],[108.83664,-7.28053],[108.8371,-7.28053],[108.8371,-7.28008],[108.83755,-7.28008],[108.83756,-7.28008],[108.838,-7.28008],[108.838,-7.27963],[108.83801,-7.27963],[108.83846,-7.27963],[108.83846,-7.28009],[108.83891,-7.28009],[108.83891,-7.28054],[108.83846,-7.28054],[108.83846,-7.28099],[108.83891,-7.28099],[108.83891,-7.28144],[108.83846,-7.28144],[108.83846,-7.28189],[108.83845,-7.28189],[108.83845,-7.28234],[108.83845,-7.28235],[108.83845,-7.28237],[108.83845,-7.28246],[108.83845,-7.2828],[108.838,-7.2828],[108.838,-7.28325],[108.83754,-7.28325],[108.83754,-7.2837],[108.83708,-7.2837],[108.83708,-7.28324],[108.83708,-7.28279],[108.83754,-7.28279],[108.83799,-7.28279]],[[108.83801,-7.28053],[108.83845,-7.28053],[108.83845,-7.28009],[108.83801,-7.28009],[108.83801,-7.28053]]],[[[108.83664,-7.28284],[108.83664,-7.28324],[108.83663,-7.28324],[108.83663,-7.28369],[108.83617,-7.28369],[108.83617,-7.28324],[108.83618,-7.28324],[108.83618,-7.28294],[108.83618,-7.28284],[108.83618,-7.28279],[108.83645,-7.28279],[108.83664,-7.28279],[108.83664,-7.28284]]],[[[108.8371,-7.27963],[108.83665,-7.27963],[108.83665,-7.27917],[108.8371,-7.27917],[108.83711,-7.27917],[108.83711,-7.27963],[108.8371,-7.27963]]],[[[108.83667,-7.27692],[108.83666,-7.27692],[108.83621,-7.27692],[108.83621,-7.27691],[108.83621,-7.27646],[108.83666,-7.27646],[108.83667,-7.27646],[108.83711,-7.27646],[108.83711,-7.27601],[108.83757,-7.27601],[108.83757,-7.27646],[108.83757,-7.27647],[108.83757,-7.27692],[108.83757,-7.27737],[108.83757,-7.27782],[108.83801,-7.27782],[108.83801,-7.27737],[108.83802,-7.27737],[108.83802,-7.27692],[108.83848,-7.27692],[108.83848,-7.27737],[108.83848,-7.27738],[108.83847,-7.27738],[108.83847,-7.27782],[108.83847,-7.27783],[108.83892,-7.27783],[108.83937,-7.27783],[108.83938,-7.27783],[108.83983,-7.27783],[108.83983,-7.27828],[108.84028,-7.27828],[108.84028,-7.27829],[108.84073,-7.27829],[108.84073,-7.27874],[108.84028,-7.27874],[108.84027,-7.27874],[108.83982,-7.27874],[108.83982,-7.27829],[108.83937,-7.27829],[108.83937,-7.27828],[108.83892,-7.27828],[108.83892,-7.27873],[108.83847,-7.27873],[108.83846,-7.27873],[108.83801,-7.27873],[108.83756,-7.27873],[108.83755,-7.27873],[108.83711,-7.27873],[108.8371,-7.27873],[108.83665,-7.27873],[108.83665,-7.27872],[108.83665,-7.27827],[108.8371,-7.27827],[108.8371,-7.27782],[108.83711,-7.27782],[108.83711,-7.27737],[108.83711,-7.27692],[108.83667,-7.27692]]],[[[108.83623,-7.27465],[108.83623,-7.27502],[108.83613,-7.27502],[108.83613,-7.27465],[108.83623,-7.27465]]],[[[108.83717,-7.26608],[108.83717,-7.26562],[108.83762,-7.26562],[108.83762,-7.26608],[108.83717,-7.26608]]],[[[108.83627,-7.26472],[108.83626,-7.26472],[108.83626,-7.26426],[108.83627,-7.26426],[108.83672,-7.26426],[108.83672,-7.26472],[108.83627,-7.26472]]],[[[108.83764,-7.26337],[108.83718,-7.26337],[108.83718,-7.26336],[108.83718,-7.26291],[108.83764,-7.26291],[108.83764,-7.26336],[108.83764,-7.26337]]],[[[108.83719,-7.26111],[108.83719,-7.26065],[108.83765,-7.26065],[108.83765,-7.26111],[108.83719,-7.26111]]],[[[108.83675,-7.25975],[108.83675,-7.2602],[108.83675,-7.26065],[108.83629,-7.26065],[108.83629,-7.2602],[108.83584,-7.2602],[108.83584,-7.26001],[108.83602,-7.26001],[108.83602,-7.25974],[108.83629,-7.25974],[108.8363,-7.25974],[108.83675,-7.25974],[108.83675,-7.25975]]],[[[108.83723,-7.25478],[108.83723,-7.25523],[108.83713,-7.25523],[108.83713,-7.25496],[108.83695,-7.25496],[108.83695,-7.25478],[108.83723,-7.25478]]],[[[108.83659,-7.25496],[108.83658,-7.25496],[108.83631,-7.25496],[108.83631,-7.25478],[108.83631,-7.25477],[108.83677,-7.25477],[108.83677,-7.25478],[108.83659,-7.25478],[108.83659,-7.25496]]],[[[108.83938,-7.3709],[108.83938,-7.37124],[108.8393,-7.37116],[108.83925,-7.37095],[108.83925,-7.37094],[108.83925,-7.3709],[108.83926,-7.3709],[108.83938,-7.3709]]],[[[108.83894,-7.36819],[108.83894,-7.36774],[108.83939,-7.36774],[108.83985,-7.36774],[108.83985,-7.36819],[108.83939,-7.36819],[108.83894,-7.36819]]],[[[108.83895,-7.36593],[108.83895,-7.36548],[108.83941,-7.36548],[108.83941,-7.36593],[108.8394,-7.36593],[108.8394,-7.36638],[108.83985,-7.36638],[108.83985,-7.36684],[108.83939,-7.36684],[108.83939,-7.36638],[108.83895,-7.36638],[108.83895,-7.36683],[108.83849,-7.36683],[108.83849,-7.36638],[108.83894,-7.36638],[108.83894,-7.36593],[108.83895,-7.36593]]],[[[108.83986,-7.36458],[108.83986,-7.36413],[108.84032,-7.36413],[108.84032,-7.36458],[108.83986,-7.36458]]],[[[108.83941,-7.36368],[108.83941,-7.36367],[108.83941,-7.36322],[108.83987,-7.36322],[108.83987,-7.36367],[108.83987,-7.36368],[108.83941,-7.36368]]],[[[108.83944,-7.35825],[108.83944,-7.3587],[108.83899,-7.3587],[108.83899,-7.35915],[108.83898,-7.35915],[108.83898,-7.3596],[108.83898,-7.35961],[108.83898,-7.36006],[108.83852,-7.36006],[108.83852,-7.3605],[108.83852,-7.36051],[108.83852,-7.36096],[108.83807,-7.36096],[108.83807,-7.36051],[108.83807,-7.3605],[108.83807,-7.36005],[108.83852,-7.36005],[108.83852,-7.35961],[108.83852,-7.3596],[108.83852,-7.35915],[108.83853,-7.35915],[108.83853,-7.3587],[108.83898,-7.3587],[108.83898,-7.35825],[108.83944,-7.35825]]],[[[108.83989,-7.35916],[108.83989,-7.35871],[108.84035,-7.35871],[108.84035,-7.35916],[108.83989,-7.35916]]],[[[108.83899,-7.35735],[108.83899,-7.35689],[108.83945,-7.35689],[108.83945,-7.35735],[108.83899,-7.35735]]],[[[108.83945,-7.35509],[108.83945,-7.35464],[108.839,-7.35464],[108.839,-7.35419],[108.839,-7.35418],[108.83855,-7.35418],[108.83855,-7.35373],[108.839,-7.35373],[108.83901,-7.35373],[108.83945,-7.35373],[108.83946,-7.35373],[108.83946,-7.35328],[108.83946,-7.35292],[108.83956,-7.35292],[108.83956,-7.35283],[108.83956,-7.35274],[108.83974,-7.35274],[108.83974,-7.35283],[108.83974,-7.35292],[108.83991,-7.35292],[108.83992,-7.35292],[108.8401,-7.35292],[108.8401,-7.35283],[108.8401,-7.35274],[108.84028,-7.35274],[108.84028,-7.35238],[108.84037,-7.35238],[108.84046,-7.35238],[108.84046,-7.35239],[108.84046,-7.35256],[108.84064,-7.35256],[108.84064,-7.35274],[108.84082,-7.35274],[108.84083,-7.35274],[108.841,-7.35274],[108.841,-7.35257],[108.841,-7.35256],[108.84118,-7.35256],[108.84118,-7.35239],[108.84119,-7.35239],[108.84119,-7.35284],[108.84119,-7.35293],[108.84083,-7.35293],[108.84082,-7.35293],[108.84082,-7.35329],[108.84128,-7.35329],[108.84128,-7.35374],[108.84172,-7.35374],[108.84172,-7.35329],[108.84137,-7.35329],[108.84137,-7.35311],[108.84155,-7.35311],[108.84173,-7.35311],[108.84173,-7.35329],[108.84191,-7.35329],[108.84191,-7.35347],[108.84218,-7.35347],[108.84227,-7.35347],[108.84227,-7.3533],[108.84245,-7.3533],[108.84245,-7.35348],[108.84263,-7.35348],[108.84263,-7.35366],[108.84264,-7.35366],[108.84299,-7.35366],[108.84299,-7.35348],[108.84308,-7.35348],[108.84309,-7.35348],[108.84318,-7.35348],[108.84318,-7.3533],[108.84318,-7.35312],[108.84336,-7.35312],[108.84336,-7.3533],[108.84336,-7.35348],[108.84353,-7.35348],[108.84354,-7.35348],[108.84354,-7.35366],[108.84371,-7.35366],[108.84371,-7.35375],[108.84371,-7.35376],[108.84354,-7.35376],[108.84354,-7.35421],[108.84308,-7.35421],[108.84308,-7.35375],[108.84264,-7.35375],[108.84263,-7.35375],[108.84263,-7.3542],[108.84263,-7.35465],[108.84308,-7.35465],[108.84308,-7.35475],[108.84281,-7.35475],[108.84281,-7.35493],[108.8428,-7.35493],[108.8428,-7.35475],[108.84263,-7.35475],[108.84263,-7.35474],[108.84262,-7.35474],[108.84226,-7.35474],[108.84226,-7.35465],[108.84226,-7.35438],[108.84218,-7.35438],[108.84217,-7.35438],[108.8419,-7.35438],[108.8419,-7.3542],[108.84173,-7.3542],[108.84172,-7.3542],[108.84154,-7.3542],[108.84136,-7.3542],[108.84136,-7.35419],[108.84136,-7.35383],[108.84127,-7.35383],[108.841,-7.35383],[108.841,-7.35401],[108.84082,-7.35401],[108.84082,-7.35419],[108.84082,-7.35437],[108.84081,-7.35437],[108.84063,-7.35437],[108.84063,-7.35419],[108.84063,-7.35401],[108.84045,-7.35401],[108.84037,-7.35401],[108.84036,-7.35401],[108.84009,-7.35401],[108.84009,-7.35419],[108.83991,-7.35419],[108.83973,-7.35419],[108.83973,-7.35455],[108.83973,-7.35464],[108.83973,-7.35473],[108.83955,-7.35473],[108.83955,-7.35509],[108.83954,-7.35509],[108.83954,-7.35545],[108.83972,-7.35545],[108.8399,-7.35545],[108.83991,-7.35545],[108.83991,-7.35554],[108.83991,-7.35555],[108.83991,-7.35563],[108.84027,-7.35563],[108.84027,-7.35555],[108.84027,-7.35554],[108.84027,-7.35545],[108.84035,-7.35545],[108.84036,-7.35545],[108.84045,-7.35545],[108.84045,-7.35527],[108.84063,-7.35527],[108.84081,-7.35527],[108.84081,-7.35528],[108.84081,-7.35555],[108.84099,-7.35555],[108.84099,-7.35582],[108.84117,-7.35582],[108.84117,-7.356],[108.84081,-7.356],[108.84081,-7.35645],[108.84101,-7.35645],[108.84125,-7.35645],[108.84125,-7.35633],[108.84125,-7.356],[108.84126,-7.356],[108.84135,-7.356],[108.84171,-7.356],[108.84171,-7.35601],[108.84153,-7.35601],[108.84153,-7.35636],[108.84171,-7.35636],[108.84171,-7.35637],[108.84153,-7.35637],[108.84153,-7.35645],[108.84153,-7.35646],[108.84153,-7.35671],[108.84153,-7.35672],[108.84154,-7.35672],[108.84171,-7.35672],[108.84189,-7.35672],[108.84189,-7.35655],[108.84207,-7.35655],[108.84207,-7.35691],[108.84189,-7.35691],[108.84189,-7.35727],[108.84189,-7.35736],[108.84189,-7.35745],[108.84188,-7.35745],[108.84188,-7.35746],[108.84188,-7.35747],[108.84188,-7.35763],[108.84171,-7.35763],[108.84171,-7.35781],[108.84171,-7.35799],[108.84188,-7.35799],[108.84188,-7.35826],[108.84188,-7.35827],[108.84188,-7.35835],[108.84207,-7.35835],[108.84207,-7.35853],[108.84215,-7.35853],[108.84216,-7.35853],[108.84243,-7.35853],[108.84243,-7.35836],[108.84251,-7.35836],[108.8426,-7.35836],[108.84261,-7.35836],[108.84261,-7.35872],[108.8426,-7.35872],[108.84216,-7.35872],[108.84215,-7.35872],[108.8417,-7.35872],[108.8417,-7.35827],[108.8417,-7.35826],[108.84126,-7.35826],[108.84125,-7.35826],[108.8408,-7.35826],[108.8408,-7.35781],[108.84035,-7.35781],[108.84035,-7.35735],[108.8408,-7.35735],[108.84081,-7.35735],[108.84081,-7.35781],[108.84125,-7.35781],[108.84125,-7.35736],[108.84125,-7.35691],[108.84081,-7.35691],[108.8408,-7.35691],[108.8408,-7.3569],[108.84035,-7.3569],[108.84035,-7.35657],[108.84035,-7.35645],[108.84005,-7.35645],[108.83991,-7.35645],[108.8399,-7.35645],[108.83945,-7.35645],[108.83945,-7.35644],[108.839,-7.35644],[108.839,-7.35599],[108.83938,-7.35599],[108.83945,-7.35599],[108.83945,-7.35554],[108.839,-7.35554],[108.839,-7.35509],[108.83945,-7.35509]],[[108.8408,-7.356],[108.8408,-7.35555],[108.84036,-7.35555],[108.84036,-7.35599],[108.84036,-7.356],[108.8408,-7.356]]],[[[108.84027,-7.35473],[108.84035,-7.35473],[108.84036,-7.35473],[108.84045,-7.35473],[108.84045,-7.35491],[108.84036,-7.35491],[108.84035,-7.35491],[108.84027,-7.35491],[108.84027,-7.35473]]],[[[108.84011,-7.35057],[108.84011,-7.35058],[108.83993,-7.35058],[108.83993,-7.35076],[108.83975,-7.35076],[108.83975,-7.35057],[108.83993,-7.35057],[108.84011,-7.35057]]],[[[108.83997,-7.34154],[108.83997,-7.34109],[108.84043,-7.34109],[108.84043,-7.34154],[108.83997,-7.34154]]],[[[108.83873,-7.31759],[108.83873,-7.31713],[108.83919,-7.31713],[108.83919,-7.31759],[108.83873,-7.31759]]],[[[108.83919,-7.31578],[108.83919,-7.31533],[108.83965,-7.31533],[108.83965,-7.31578],[108.83919,-7.31578]]],[[[108.83956,-7.31443],[108.83955,-7.31443],[108.8395,-7.31443],[108.83965,-7.31416],[108.83965,-7.31426],[108.83965,-7.31443],[108.83956,-7.31443]]],[[[108.83957,-7.31353],[108.83943,-7.31307],[108.83966,-7.31307],[108.83966,-7.31353],[108.83957,-7.31353]]],[[[108.84012,-7.31172],[108.84012,-7.31127],[108.84058,-7.31127],[108.84058,-7.31172],[108.84012,-7.31172]]],[[[108.84013,-7.30946],[108.84013,-7.30901],[108.84013,-7.30856],[108.84058,-7.30856],[108.84058,-7.30901],[108.84058,-7.30946],[108.84103,-7.30946],[108.84148,-7.30946],[108.84148,-7.30901],[108.84194,-7.30901],[108.84194,-7.30902],[108.84238,-7.30902],[108.84239,-7.30902],[108.84239,-7.30857],[108.84194,-7.30857],[108.84194,-7.30812],[108.84194,-7.30811],[108.84194,-7.30766],[108.84149,-7.30766],[108.84149,-7.30721],[108.84105,-7.30721],[108.84104,-7.30721],[108.84059,-7.30721],[108.84059,-7.30675],[108.84014,-7.30675],[108.84014,-7.3063],[108.84059,-7.3063],[108.8406,-7.3063],[108.84105,-7.3063],[108.84105,-7.30585],[108.8415,-7.30585],[108.84151,-7.30585],[108.84195,-7.30585],[108.84195,-7.3054],[108.84196,-7.3054],[108.84196,-7.30495],[108.84151,-7.30495],[108.84151,-7.3045],[108.84196,-7.3045],[108.84197,-7.3045],[108.84241,-7.3045],[108.84241,-7.30405],[108.84196,-7.30405],[108.84196,-7.3036],[108.84151,-7.3036],[108.84151,-7.30359],[108.84107,-7.30359],[108.84106,-7.30359],[108.84089,-7.30359],[108.84061,-7.30359],[108.84061,-7.30314],[108.84016,-7.30314],[108.84016,-7.30269],[108.84016,-7.30268],[108.84016,-7.30223],[108.84016,-7.30178],[108.84061,-7.30178],[108.84061,-7.30133],[108.84061,-7.30088],[108.84107,-7.30088],[108.84107,-7.30043],[108.84107,-7.29998],[108.84062,-7.29998],[108.84062,-7.29952],[108.84108,-7.29952],[108.84108,-7.29998],[108.84153,-7.29998],[108.84197,-7.29998],[108.84198,-7.29998],[108.84198,-7.29997],[108.84198,-7.29953],[108.84153,-7.29953],[108.84153,-7.29908],[108.84198,-7.29908],[108.84199,-7.29908],[108.84199,-7.29863],[108.84244,-7.29863],[108.84244,-7.29818],[108.84244,-7.29773],[108.842,-7.29773],[108.84199,-7.29773],[108.84199,-7.29772],[108.84154,-7.29772],[108.84154,-7.29727],[108.84199,-7.29727],[108.842,-7.29727],[108.84245,-7.29727],[108.84245,-7.29772],[108.8429,-7.29772],[108.8429,-7.29773],[108.8429,-7.29818],[108.8429,-7.29863],[108.84245,-7.29863],[108.84245,-7.29908],[108.84289,-7.29908],[108.8429,-7.29908],[108.84335,-7.29908],[108.84335,-7.29953],[108.84335,-7.29954],[108.84335,-7.29999],[108.84335,-7.30044],[108.84289,-7.30044],[108.84289,-7.29999],[108.84244,-7.29999],[108.84244,-7.30043],[108.84244,-7.30044],[108.84244,-7.30089],[108.84289,-7.30089],[108.84289,-7.30134],[108.84243,-7.30134],[108.84243,-7.30089],[108.84198,-7.30089],[108.84153,-7.30089],[108.84153,-7.30133],[108.84153,-7.30134],[108.84152,-7.30134],[108.84152,-7.30178],[108.84152,-7.30179],[108.84152,-7.30224],[108.84107,-7.30224],[108.84107,-7.30269],[108.84152,-7.30269],[108.84152,-7.30314],[108.84196,-7.30314],[108.84196,-7.3027],[108.84196,-7.30269],[108.84196,-7.30224],[108.84242,-7.30224],[108.84242,-7.30269],[108.84287,-7.30269],[108.84287,-7.3027],[108.84332,-7.3027],[108.84332,-7.30225],[108.84378,-7.30225],[108.84378,-7.3027],[108.84423,-7.3027],[108.84423,-7.30315],[108.84423,-7.30316],[108.84378,-7.30316],[108.84378,-7.3036],[108.84423,-7.3036],[108.84423,-7.30361],[108.84468,-7.30361],[108.84468,-7.30406],[108.84468,-7.30451],[108.84422,-7.30451],[108.84422,-7.30496],[108.84422,-7.30541],[108.84422,-7.30542],[108.84422,-7.30587],[108.84377,-7.30587],[108.84377,-7.30632],[108.84331,-7.30632],[108.84331,-7.30631],[108.84286,-7.30631],[108.84241,-7.30631],[108.84241,-7.30676],[108.84286,-7.30676],[108.84286,-7.30721],[108.84286,-7.30722],[108.8424,-7.30722],[108.8424,-7.30766],[108.8424,-7.30811],[108.8424,-7.30812],[108.84284,-7.30812],[108.84285,-7.30812],[108.84285,-7.30767],[108.8433,-7.30767],[108.84331,-7.30767],[108.84376,-7.30767],[108.84376,-7.30812],[108.8442,-7.30812],[108.84421,-7.30812],[108.84466,-7.30812],[108.84466,-7.30813],[108.84466,-7.30858],[108.84511,-7.30858],[108.84511,-7.30903],[108.84556,-7.30903],[108.84602,-7.30903],[108.84602,-7.30904],[108.84646,-7.30904],[108.84646,-7.30859],[108.84692,-7.30859],[108.84692,-7.30904],[108.84737,-7.30904],[108.84782,-7.30904],[108.84827,-7.30904],[108.84827,-7.3086],[108.84873,-7.3086],[108.84873,-7.30905],[108.84917,-7.30905],[108.84918,-7.30905],[108.84963,-7.30905],[108.84963,-7.3095],[108.84963,-7.30951],[108.84963,-7.30996],[108.84917,-7.30996],[108.84917,-7.30951],[108.84917,-7.3095],[108.84873,-7.3095],[108.84873,-7.30995],[108.84872,-7.30995],[108.84827,-7.30995],[108.84782,-7.30995],[108.84737,-7.30995],[108.84737,-7.3095],[108.84692,-7.3095],[108.84692,-7.30949],[108.84647,-7.30949],[108.84646,-7.30949],[108.84602,-7.30949],[108.84601,-7.30949],[108.84601,-7.30994],[108.84556,-7.30994],[108.84555,-7.30994],[108.84511,-7.30994],[108.8451,-7.30994],[108.84465,-7.30994],[108.84465,-7.30949],[108.84465,-7.30948],[108.84465,-7.30903],[108.84421,-7.30903],[108.8442,-7.30903],[108.8442,-7.30948],[108.8442,-7.30993],[108.8442,-7.31038],[108.84465,-7.31038],[108.84465,-7.31039],[108.8451,-7.31039],[108.8451,-7.31084],[108.84465,-7.31084],[108.84464,-7.31084],[108.8442,-7.31084],[108.84419,-7.31084],[108.84419,-7.31128],[108.84419,-7.31129],[108.84419,-7.31174],[108.84464,-7.31174],[108.84464,-7.31219],[108.84464,-7.31264],[108.84464,-7.31265],[108.84419,-7.31265],[108.84418,-7.31265],[108.84418,-7.31264],[108.84418,-7.31219],[108.84418,-7.31174],[108.84373,-7.31174],[108.84373,-7.31129],[108.84329,-7.31129],[108.84329,-7.31173],[108.84329,-7.31174],[108.84329,-7.31219],[108.84373,-7.31219],[108.84374,-7.31219],[108.84374,-7.31264],[108.84373,-7.31264],[108.84328,-7.31264],[108.84328,-7.31219],[108.84283,-7.31219],[108.84283,-7.31174],[108.84283,-7.31173],[108.84239,-7.31173],[108.84238,-7.31173],[108.84193,-7.31173],[108.84147,-7.31173],[108.84147,-7.31127],[108.84102,-7.31127],[108.84102,-7.31082],[108.84148,-7.31082],[108.84148,-7.31037],[108.84103,-7.31037],[108.84103,-7.30992],[108.84058,-7.30992],[108.84058,-7.31037],[108.84012,-7.31037],[108.84012,-7.30991],[108.84013,-7.30991],[108.84013,-7.30946]],[[108.84199,-7.29909],[108.84199,-7.29953],[108.84212,-7.29953],[108.84243,-7.29953],[108.84244,-7.29953],[108.84244,-7.29908],[108.84199,-7.29908],[108.84199,-7.29909]],[[108.84422,-7.30406],[108.84377,-7.30406],[108.84377,-7.30361],[108.84332,-7.30361],[108.84332,-7.30405],[108.84287,-7.30405],[108.84287,-7.3045],[108.84287,-7.30496],[108.84286,-7.30496],[108.84242,-7.30496],[108.84242,-7.30541],[108.84241,-7.30541],[108.84241,-7.30585],[108.84241,-7.30586],[108.84286,-7.30586],[108.84331,-7.30586],[108.84331,-7.30541],[108.84376,-7.30541],[108.84376,-7.30496],[108.84332,-7.30496],[108.84331,-7.30496],[108.84331,-7.30451],[108.84332,-7.30451],[108.84376,-7.30451],[108.84377,-7.30451],[108.84422,-7.30451],[108.84422,-7.30406]],[[108.84193,-7.30992],[108.84193,-7.30947],[108.84148,-7.30947],[108.84148,-7.30992],[108.84193,-7.30992]],[[108.8415,-7.30631],[108.84105,-7.30631],[108.84105,-7.30675],[108.8415,-7.30675],[108.8415,-7.30631]],[[108.84197,-7.30315],[108.84197,-7.3036],[108.84241,-7.3036],[108.84241,-7.30315],[108.84197,-7.30315]],[[108.84374,-7.30948],[108.84374,-7.30903],[108.8433,-7.30903],[108.8433,-7.30948],[108.84374,-7.30948]]],[[[108.83923,-7.30765],[108.83923,-7.3072],[108.83968,-7.3072],[108.83968,-7.30765],[108.83923,-7.30765]]],[[[108.84105,-7.30585],[108.8406,-7.30585],[108.84059,-7.30585],[108.84014,-7.30585],[108.84014,-7.3054],[108.84014,-7.30539],[108.8406,-7.30539],[108.8406,-7.3054],[108.84105,-7.3054],[108.84105,-7.30585]]],[[[108.83926,-7.30133],[108.83926,-7.30087],[108.83972,-7.30087],[108.83972,-7.30133],[108.83926,-7.30133]]],[[[108.83926,-7.30042],[108.83926,-7.29997],[108.83926,-7.29952],[108.83972,-7.29952],[108.83972,-7.29997],[108.84017,-7.29997],[108.84017,-7.30042],[108.84017,-7.30043],[108.83971,-7.30043],[108.83971,-7.30042],[108.83926,-7.30042]]],[[[108.83972,-7.29952],[108.83972,-7.29907],[108.84018,-7.29907],[108.84018,-7.29952],[108.83972,-7.29952]]],[[[108.83836,-7.29952],[108.83836,-7.29951],[108.83791,-7.29951],[108.83791,-7.29906],[108.83791,-7.29861],[108.83836,-7.29861],[108.83837,-7.29861],[108.83882,-7.29861],[108.83882,-7.29906],[108.83882,-7.29951],[108.83882,-7.29952],[108.83836,-7.29952]]],[[[108.83974,-7.295],[108.83929,-7.295],[108.83929,-7.29455],[108.83974,-7.29455],[108.83975,-7.29455],[108.83975,-7.295],[108.83974,-7.295]]],[[[108.84065,-7.2941],[108.84065,-7.29455],[108.84019,-7.29455],[108.84019,-7.2941],[108.83974,-7.2941],[108.83974,-7.29365],[108.8402,-7.29365],[108.8402,-7.2941],[108.84065,-7.2941]]],[[[108.83795,-7.29002],[108.83841,-7.29002],[108.83841,-7.29048],[108.83795,-7.29048],[108.83795,-7.29002]]],[[[108.84023,-7.28958],[108.83977,-7.28958],[108.83977,-7.28941],[108.83977,-7.28913],[108.84023,-7.28913],[108.84023,-7.28917],[108.84023,-7.28918],[108.84023,-7.28958]]],[[[108.83842,-7.28732],[108.83842,-7.28686],[108.83888,-7.28686],[108.83888,-7.28732],[108.83842,-7.28732]]],[[[108.83797,-7.28641],[108.83797,-7.28596],[108.83843,-7.28596],[108.83843,-7.28641],[108.83797,-7.28641]]],[[[108.83888,-7.28596],[108.83888,-7.28551],[108.83934,-7.28551],[108.83934,-7.28596],[108.83888,-7.28596]]],[[[108.83798,-7.28415],[108.83844,-7.28415],[108.83844,-7.2846],[108.83889,-7.2846],[108.83889,-7.28506],[108.83844,-7.28506],[108.83843,-7.28506],[108.83798,-7.28506],[108.83798,-7.2846],[108.83798,-7.28415]]],[[[108.83934,-7.28416],[108.83934,-7.2837],[108.8398,-7.2837],[108.8398,-7.28416],[108.83934,-7.28416]]],[[[108.83987,-7.2706],[108.83987,-7.27106],[108.84031,-7.27106],[108.84031,-7.27151],[108.83985,-7.27151],[108.83985,-7.27106],[108.83941,-7.27106],[108.83941,-7.2706],[108.83987,-7.2706]]],[[[108.83961,-7.26545],[108.83962,-7.26545],[108.83979,-7.26545],[108.83979,-7.26546],[108.83961,-7.26546],[108.83961,-7.26545]]],[[[108.83946,-7.25976],[108.83982,-7.25976],[108.83982,-7.25985],[108.83991,-7.25985],[108.83991,-7.26021],[108.83946,-7.26021],[108.83945,-7.26021],[108.83909,-7.26021],[108.83909,-7.26003],[108.83928,-7.26003],[108.83928,-7.25976],[108.83945,-7.25976],[108.83946,-7.25976]]],[[[108.8381,-7.2593],[108.83856,-7.2593],[108.83856,-7.25976],[108.8381,-7.25976],[108.8381,-7.2593]]],[[[108.8391,-7.25931],[108.839,-7.25931],[108.839,-7.25885],[108.83911,-7.25885],[108.83911,-7.25894],[108.83928,-7.25894],[108.83928,-7.25895],[108.8391,-7.25895],[108.8391,-7.25931]]],[[[108.83857,-7.25795],[108.8382,-7.25795],[108.8382,-7.25786],[108.8382,-7.25785],[108.83821,-7.25785],[108.83821,-7.25786],[108.83857,-7.25786],[108.83857,-7.25795]]],[[[108.84019,-7.25751],[108.84019,-7.2575],[108.84038,-7.2575],[108.84038,-7.25751],[108.84019,-7.25751]]],[[[108.83857,-7.2575],[108.83856,-7.2575],[108.83838,-7.2575],[108.8382,-7.2575],[108.8382,-7.25749],[108.83856,-7.25749],[108.83856,-7.25713],[108.83857,-7.25713],[108.83875,-7.25713],[108.83875,-7.25714],[108.83875,-7.25732],[108.83893,-7.25732],[108.83902,-7.25732],[108.83902,-7.2575],[108.83857,-7.2575]]],[[[108.83984,-7.25714],[108.83983,-7.25714],[108.83965,-7.25714],[108.83948,-7.25714],[108.83947,-7.25714],[108.83947,-7.25705],[108.83948,-7.25705],[108.83984,-7.25705],[108.83984,-7.25714]]],[[[108.84158,-7.37233],[108.84153,-7.37227],[108.84164,-7.37227],[108.84164,-7.37246],[108.84158,-7.37233]]],[[[108.84118,-7.37182],[108.84118,-7.37136],[108.84073,-7.37136],[108.84073,-7.37091],[108.84119,-7.37091],[108.84119,-7.37136],[108.84164,-7.37136],[108.84164,-7.37182],[108.84118,-7.37182]]],[[[108.84164,-7.37046],[108.84119,-7.37046],[108.84119,-7.37001],[108.84164,-7.37001],[108.84165,-7.37001],[108.84165,-7.37046],[108.84164,-7.37046]]],[[[108.84165,-7.36956],[108.84119,-7.36956],[108.84119,-7.3695],[108.84124,-7.36942],[108.84124,-7.36922],[108.8412,-7.36911],[108.8412,-7.36911],[108.84119,-7.36908],[108.84119,-7.36865],[108.84165,-7.36865],[108.84211,-7.36865],[108.84211,-7.36911],[108.84165,-7.36911],[108.84165,-7.36956]]],[[[108.84076,-7.36594],[108.84076,-7.36549],[108.84122,-7.36549],[108.84122,-7.36594],[108.84076,-7.36594]]],[[[108.84257,-7.36504],[108.84258,-7.36504],[108.84258,-7.3655],[108.84257,-7.3655],[108.84212,-7.3655],[108.84212,-7.36504],[108.84167,-7.36504],[108.84167,-7.36459],[108.84212,-7.36459],[108.84213,-7.36459],[108.84213,-7.36504],[108.84257,-7.36504]]],[[[108.84078,-7.36277],[108.84078,-7.36278],[108.84078,-7.36323],[108.84077,-7.36323],[108.84032,-7.36323],[108.84032,-7.36278],[108.84032,-7.36277],[108.84032,-7.36232],[108.84078,-7.36232],[108.84078,-7.36277]]],[[[108.84123,-7.36142],[108.84078,-7.36142],[108.84078,-7.36097],[108.84123,-7.36097],[108.84123,-7.36052],[108.84169,-7.36052],[108.84169,-7.36097],[108.84169,-7.36142],[108.84169,-7.36143],[108.84123,-7.36143],[108.84123,-7.36142]]],[[[108.8417,-7.35916],[108.8417,-7.35962],[108.84125,-7.35962],[108.84125,-7.36007],[108.84079,-7.36007],[108.84079,-7.35961],[108.84124,-7.35961],[108.84124,-7.35916],[108.8417,-7.35916]]],[[[108.84171,-7.35582],[108.84172,-7.35582],[108.84172,-7.356],[108.84171,-7.356],[108.84171,-7.35582]]],[[[108.84118,-7.35491],[108.84118,-7.35474],[108.84126,-7.35474],[108.84127,-7.35474],[108.84136,-7.35474],[108.84136,-7.35492],[108.84127,-7.35492],[108.84126,-7.35492],[108.84117,-7.35492],[108.84117,-7.3551],[108.84099,-7.3551],[108.84099,-7.35491],[108.84118,-7.35491]]],[[[108.84226,-7.35474],[108.84226,-7.35492],[108.84217,-7.35492],[108.84208,-7.35492],[108.84208,-7.35474],[108.84209,-7.35474],[108.84217,-7.35474],[108.84226,-7.35474]]],[[[108.84063,-7.35437],[108.84063,-7.35455],[108.84045,-7.35455],[108.84045,-7.35437],[108.84063,-7.35437]]],[[[108.84131,-7.34561],[108.84131,-7.34516],[108.84177,-7.34516],[108.84177,-7.34561],[108.84222,-7.34561],[108.84222,-7.34607],[108.84177,-7.34607],[108.84177,-7.34652],[108.84131,-7.34652],[108.84131,-7.34606],[108.84176,-7.34606],[108.84176,-7.34561],[108.84131,-7.34561]]],[[[108.84132,-7.34245],[108.84132,-7.342],[108.84178,-7.342],[108.84178,-7.34245],[108.84132,-7.34245]]],[[[108.84178,-7.34155],[108.84178,-7.3411],[108.84178,-7.34109],[108.84224,-7.34109],[108.84224,-7.3411],[108.84269,-7.3411],[108.84269,-7.34137],[108.8425,-7.34137],[108.84224,-7.34137],[108.84223,-7.34137],[108.84214,-7.34137],[108.84214,-7.34155],[108.84214,-7.34173],[108.84224,-7.34173],[108.84224,-7.342],[108.84178,-7.342],[108.84178,-7.34155]]],[[[108.84056,-7.31353],[108.84056,-7.31308],[108.84102,-7.31308],[108.84102,-7.31353],[108.84056,-7.31353]]],[[[108.84149,-7.30766],[108.84149,-7.30811],[108.84104,-7.30811],[108.84104,-7.30856],[108.84058,-7.30856],[108.84058,-7.30811],[108.84103,-7.30811],[108.84103,-7.30766],[108.84149,-7.30766]]],[[[108.84063,-7.29862],[108.84063,-7.29817],[108.84018,-7.29817],[108.84018,-7.29771],[108.84064,-7.29771],[108.84064,-7.29817],[108.84109,-7.29817],[108.84109,-7.29862],[108.84063,-7.29862]]],[[[108.8411,-7.29501],[108.8411,-7.29546],[108.84149,-7.29546],[108.84155,-7.29546],[108.84155,-7.29591],[108.84155,-7.29636],[108.84155,-7.29637],[108.8411,-7.29637],[108.8411,-7.29653],[108.8411,-7.29681],[108.8411,-7.29682],[108.84109,-7.29682],[108.84064,-7.29682],[108.84064,-7.29681],[108.84019,-7.29681],[108.84019,-7.29636],[108.84019,-7.29591],[108.84064,-7.29591],[108.84064,-7.29546],[108.84064,-7.29501],[108.84064,-7.295],[108.8411,-7.295],[108.8411,-7.29501]],[[108.84109,-7.29591],[108.841,-7.29591],[108.84065,-7.29591],[108.84065,-7.29636],[108.84102,-7.29636],[108.84109,-7.29636],[108.84109,-7.29591]]],[[[108.84156,-7.29365],[108.84202,-7.29365],[108.84202,-7.29366],[108.84246,-7.29366],[108.84247,-7.29366],[108.84292,-7.29366],[108.84292,-7.29411],[108.84336,-7.29411],[108.84337,-7.29411],[108.84382,-7.29411],[108.84382,-7.29367],[108.84382,-7.29366],[108.84382,-7.29321],[108.84383,-7.29321],[108.84383,-7.29278],[108.84383,-7.29276],[108.84428,-7.29276],[108.84428,-7.29231],[108.84383,-7.29231],[108.84383,-7.29186],[108.84383,-7.29141],[108.84338,-7.29141],[108.84338,-7.29185],[108.84338,-7.29186],[108.84338,-7.29231],[108.84293,-7.29231],[108.84293,-7.29186],[108.84293,-7.29185],[108.84293,-7.2914],[108.84338,-7.2914],[108.84338,-7.29096],[108.84338,-7.29095],[108.84293,-7.29095],[108.84248,-7.29095],[108.84248,-7.2905],[108.84293,-7.2905],[108.84338,-7.2905],[108.84338,-7.29005],[108.84384,-7.29005],[108.84384,-7.2905],[108.84428,-7.2905],[108.84429,-7.2905],[108.84474,-7.2905],[108.84474,-7.29051],[108.84519,-7.29051],[108.84519,-7.29006],[108.84565,-7.29006],[108.8461,-7.29006],[108.84611,-7.29006],[108.84656,-7.29006],[108.84656,-7.29052],[108.8461,-7.29052],[108.8461,-7.29096],[108.8461,-7.29097],[108.84565,-7.29097],[108.84565,-7.29141],[108.84565,-7.29142],[108.84519,-7.29142],[108.84519,-7.29141],[108.84474,-7.29141],[108.84474,-7.29186],[108.84473,-7.29186],[108.84473,-7.29231],[108.84473,-7.29276],[108.84473,-7.29277],[108.84518,-7.29277],[108.84519,-7.29277],[108.84519,-7.29322],[108.84519,-7.29367],[108.84519,-7.29412],[108.84563,-7.29412],[108.84564,-7.29412],[108.84564,-7.29458],[108.84608,-7.29458],[108.84609,-7.29458],[108.84653,-7.29458],[108.84654,-7.29458],[108.84698,-7.29458],[108.84699,-7.29458],[108.84699,-7.29504],[108.84698,-7.29504],[108.84653,-7.29504],[108.84653,-7.29503],[108.84609,-7.29503],[108.84608,-7.29503],[108.84563,-7.29503],[108.84563,-7.29548],[108.84608,-7.29548],[108.84608,-7.29594],[108.84562,-7.29594],[108.84562,-7.29593],[108.84517,-7.29593],[108.84517,-7.29548],[108.84472,-7.29548],[108.84472,-7.29504],[108.84472,-7.29503],[108.84472,-7.29502],[108.84472,-7.29458],[108.84472,-7.29457],[108.84428,-7.29457],[108.84428,-7.295],[108.84428,-7.29502],[108.84382,-7.29502],[108.84337,-7.29502],[108.84336,-7.29502],[108.84292,-7.29502],[108.84291,-7.29502],[108.84291,-7.29547],[108.84336,-7.29547],[108.84336,-7.29592],[108.84291,-7.29592],[108.8429,-7.29592],[108.84246,-7.29592],[108.84245,-7.29592],[108.842,-7.29592],[108.842,-7.29547],[108.842,-7.29546],[108.84155,-7.29546],[108.84155,-7.29543],[108.84155,-7.29501],[108.842,-7.29501],[108.842,-7.29456],[108.84201,-7.29456],[108.84201,-7.29411],[108.84156,-7.29411],[108.84156,-7.29366],[108.84156,-7.29365]],[[108.84427,-7.29412],[108.84382,-7.29412],[108.84382,-7.29457],[108.84427,-7.29457],[108.84427,-7.29412]]],[[[108.84203,-7.29183],[108.84203,-7.29185],[108.84157,-7.29185],[108.84157,-7.29145],[108.84157,-7.29144],[108.84157,-7.2914],[108.84203,-7.2914],[108.84203,-7.29183]]],[[[108.84025,-7.28326],[108.84025,-7.28281],[108.84025,-7.2828],[108.84071,-7.2828],[108.84071,-7.28281],[108.84071,-7.28326],[108.84025,-7.28326]]],[[[108.84253,-7.28055],[108.84253,-7.28056],[108.84253,-7.28101],[108.84207,-7.28101],[108.84207,-7.28056],[108.84162,-7.28056],[108.84162,-7.28055],[108.84162,-7.2801],[108.84208,-7.2801],[108.84208,-7.28055],[108.84253,-7.28055]]],[[[108.84254,-7.2792],[108.84286,-7.2792],[108.84298,-7.2792],[108.84299,-7.2792],[108.8431,-7.2792],[108.84344,-7.2792],[108.84344,-7.27913],[108.84344,-7.27875],[108.84389,-7.27875],[108.8439,-7.27875],[108.8439,-7.27921],[108.84389,-7.27921],[108.84376,-7.27921],[108.84348,-7.27921],[108.84344,-7.27921],[108.84344,-7.27966],[108.84299,-7.27966],[108.84298,-7.27966],[108.84253,-7.27966],[108.84253,-7.27932],[108.84253,-7.27928],[108.84253,-7.2792],[108.8421,-7.2792],[108.84208,-7.2792],[108.84208,-7.27918],[108.84208,-7.27875],[108.84254,-7.27875],[108.84254,-7.2792]]],[[[108.84118,-7.27875],[108.84118,-7.27829],[108.84164,-7.27829],[108.84164,-7.27875],[108.84118,-7.27875]]],[[[108.84074,-7.27558],[108.84074,-7.27513],[108.84119,-7.27513],[108.84165,-7.27513],[108.84165,-7.27558],[108.84119,-7.27558],[108.84074,-7.27558]]],[[[108.84167,-7.27061],[108.84122,-7.27061],[108.84122,-7.27016],[108.84167,-7.27016],[108.84168,-7.27016],[108.84168,-7.27061],[108.84167,-7.27061]]],[[[108.84089,-7.26257],[108.8409,-7.26257],[108.8409,-7.26275],[108.84089,-7.26275],[108.84089,-7.26257]]],[[[108.84126,-7.26185],[108.84126,-7.26189],[108.84126,-7.26193],[108.84126,-7.26203],[108.84125,-7.26203],[108.84125,-7.26193],[108.84125,-7.26158],[108.84125,-7.26157],[108.84126,-7.26157],[108.84155,-7.26157],[108.84169,-7.26157],[108.84171,-7.26158],[108.84171,-7.26167],[108.84144,-7.26167],[108.84144,-7.26185],[108.84126,-7.26185]]],[[[108.84145,-7.26022],[108.84163,-7.26022],[108.84172,-7.26022],[108.84172,-7.26067],[108.84126,-7.26067],[108.84126,-7.26058],[108.84127,-7.26058],[108.84127,-7.2604],[108.84145,-7.2604],[108.84145,-7.26022]]],[[[108.84129,-7.25615],[108.84129,-7.25661],[108.84083,-7.25661],[108.84083,-7.2566],[108.84092,-7.2566],[108.84092,-7.25624],[108.84083,-7.25624],[108.84083,-7.25615],[108.84129,-7.25615]]],[[[108.84174,-7.2548],[108.84174,-7.25435],[108.8422,-7.25435],[108.8422,-7.2548],[108.84174,-7.2548]]],[[[108.84344,-7.37318],[108.84344,-7.37336],[108.84345,-7.37336],[108.8438,-7.37336],[108.8438,-7.37318],[108.84389,-7.37318],[108.8439,-7.37318],[108.84398,-7.37318],[108.84398,-7.37282],[108.84399,-7.37282],[108.84399,-7.373],[108.84416,-7.373],[108.84434,-7.373],[108.84435,-7.373],[108.84453,-7.373],[108.84453,-7.37301],[108.84452,-7.37301],[108.84452,-7.37319],[108.84435,-7.37319],[108.84435,-7.37364],[108.84434,-7.37364],[108.84389,-7.37364],[108.84389,-7.37363],[108.84345,-7.37363],[108.84344,-7.37363],[108.84344,-7.37408],[108.84343,-7.37408],[108.84343,-7.37372],[108.84325,-7.37372],[108.84308,-7.37372],[108.84308,-7.37363],[108.84308,-7.37354],[108.84326,-7.37354],[108.84326,-7.37318],[108.84335,-7.37318],[108.84344,-7.37318]]],[[[108.843,-7.37227],[108.84344,-7.37227],[108.84344,-7.37183],[108.84344,-7.37182],[108.8439,-7.37182],[108.8439,-7.37183],[108.8439,-7.37192],[108.84381,-7.37192],[108.84345,-7.37192],[108.84345,-7.37227],[108.84345,-7.37228],[108.84345,-7.37246],[108.84344,-7.37246],[108.84344,-7.37264],[108.84326,-7.37264],[108.843,-7.37264],[108.84299,-7.37264],[108.8429,-7.37264],[108.8429,-7.37272],[108.8429,-7.37273],[108.8429,-7.37318],[108.84272,-7.37318],[108.84272,-7.37363],[108.84272,-7.37392],[108.84271,-7.37392],[108.84271,-7.3739],[108.84265,-7.3739],[108.84254,-7.37386],[108.84254,-7.37387],[108.8425,-7.37385],[108.84226,-7.37363],[108.84226,-7.37362],[108.84253,-7.37362],[108.84253,-7.37318],[108.84254,-7.37318],[108.84254,-7.37273],[108.84254,-7.37272],[108.84254,-7.37227],[108.84299,-7.37227],[108.843,-7.37227]]],[[[108.84346,-7.36956],[108.84346,-7.37002],[108.84391,-7.37002],[108.84391,-7.37047],[108.84391,-7.37092],[108.84345,-7.37092],[108.84345,-7.37137],[108.84299,-7.37137],[108.84299,-7.37092],[108.84254,-7.37092],[108.84254,-7.37047],[108.84254,-7.37046],[108.84254,-7.37001],[108.843,-7.37001],[108.843,-7.36956],[108.84346,-7.36956]],[[108.84345,-7.37047],[108.84345,-7.37002],[108.843,-7.37002],[108.843,-7.37046],[108.843,-7.37047],[108.843,-7.37092],[108.84345,-7.37092],[108.84345,-7.37047]]],[[[108.84301,-7.36776],[108.84301,-7.3673],[108.84347,-7.3673],[108.84347,-7.36776],[108.84301,-7.36776]]],[[[108.8444,-7.36071],[108.84458,-7.36071],[108.84458,-7.36072],[108.84486,-7.36072],[108.84495,-7.36072],[108.84531,-7.36072],[108.84531,-7.36054],[108.84567,-7.36054],[108.84567,-7.36042],[108.84567,-7.36036],[108.84568,-7.36036],[108.84568,-7.36018],[108.84576,-7.36018],[108.84585,-7.36018],[108.84585,-7.36009],[108.84585,-7.36],[108.84604,-7.36],[108.84604,-7.35964],[108.84577,-7.35964],[108.84576,-7.35964],[108.84568,-7.35964],[108.84568,-7.35963],[108.84576,-7.35963],[108.84576,-7.35919],[108.84577,-7.35919],[108.84577,-7.35873],[108.84623,-7.35873],[108.84623,-7.35919],[108.84668,-7.35919],[108.84668,-7.35964],[108.84622,-7.35964],[108.84622,-7.36009],[108.84667,-7.36009],[108.84667,-7.36054],[108.84712,-7.36054],[108.84712,-7.3601],[108.84757,-7.3601],[108.84757,-7.35965],[108.84803,-7.35965],[108.84848,-7.35965],[108.84848,-7.3592],[108.84894,-7.3592],[108.84894,-7.35965],[108.84939,-7.35965],[108.84939,-7.36011],[108.84894,-7.36011],[108.84894,-7.36056],[108.84893,-7.36056],[108.84893,-7.36101],[108.84938,-7.36101],[108.84938,-7.36056],[108.84984,-7.36056],[108.84984,-7.3608],[108.84984,-7.36101],[108.85029,-7.36101],[108.85029,-7.36147],[108.84983,-7.36147],[108.84965,-7.36146],[108.84983,-7.36146],[108.84984,-7.36146],[108.84984,-7.3611],[108.84983,-7.3611],[108.84949,-7.3611],[108.84947,-7.3611],[108.84947,-7.36111],[108.84947,-7.36128],[108.84938,-7.36128],[108.84911,-7.36128],[108.84911,-7.36146],[108.84911,-7.36164],[108.84929,-7.36164],[108.84929,-7.36182],[108.84937,-7.36182],[108.84938,-7.36182],[108.84947,-7.36182],[108.84947,-7.36192],[108.84938,-7.36192],[108.84938,-7.36237],[108.84892,-7.36237],[108.84892,-7.36191],[108.84847,-7.36191],[108.84847,-7.36236],[108.84847,-7.36281],[108.84892,-7.36281],[108.84892,-7.36327],[108.84847,-7.36327],[108.84846,-7.36327],[108.84846,-7.36281],[108.84802,-7.36281],[108.84801,-7.36281],[108.84757,-7.36281],[108.84756,-7.36281],[108.84711,-7.36281],[108.84711,-7.36236],[108.84711,-7.36235],[108.84711,-7.36191],[108.84711,-7.3619],[108.84667,-7.3619],[108.84667,-7.36235],[108.84667,-7.3628],[108.84666,-7.3628],[108.84621,-7.3628],[108.84621,-7.36325],[108.84666,-7.36325],[108.84666,-7.36326],[108.84711,-7.36326],[108.84756,-7.36326],[108.84757,-7.36326],[108.84757,-7.36371],[108.84756,-7.36371],[108.84756,-7.36416],[108.8471,-7.36416],[108.8471,-7.36371],[108.84666,-7.36371],[108.84665,-7.36371],[108.8462,-7.36371],[108.8462,-7.36325],[108.84575,-7.36325],[108.84575,-7.3628],[108.8453,-7.3628],[108.8453,-7.36235],[108.8453,-7.36189],[108.84486,-7.36189],[108.84486,-7.36234],[108.8444,-7.36234],[108.8444,-7.36189],[108.84395,-7.36189],[108.84395,-7.36144],[108.8444,-7.36144],[108.8444,-7.36099],[108.8444,-7.36071]],[[108.84847,-7.36055],[108.84848,-7.36055],[108.84848,-7.3601],[108.84803,-7.3601],[108.84758,-7.3601],[108.84758,-7.36055],[108.84802,-7.36055],[108.84803,-7.36055],[108.84847,-7.36055]],[[108.84748,-7.36145],[108.84747,-7.36145],[108.8473,-7.36145],[108.8473,-7.36181],[108.84747,-7.36181],[108.84748,-7.36181],[108.84748,-7.3619],[108.84748,-7.36191],[108.84748,-7.36199],[108.84757,-7.36199],[108.84757,-7.36235],[108.84757,-7.36236],[108.84801,-7.36236],[108.84801,-7.362],[108.84801,-7.36199],[108.84802,-7.36199],[108.84802,-7.36191],[108.84802,-7.36146],[108.84802,-7.36145],[108.84802,-7.36128],[108.84784,-7.36128],[108.84757,-7.36128],[108.84756,-7.36128],[108.84748,-7.36128],[108.84748,-7.36145]],[[108.84531,-7.36189],[108.84576,-7.36189],[108.84576,-7.36145],[108.84531,-7.36145],[108.84531,-7.36189]],[[108.84663,-7.361],[108.84622,-7.361],[108.84622,-7.36144],[108.84622,-7.36145],[108.84622,-7.3619],[108.84666,-7.3619],[108.84666,-7.36145],[108.84666,-7.36102],[108.84666,-7.36101],[108.84666,-7.361],[108.84663,-7.361]],[[108.84849,-7.35965],[108.84849,-7.3601],[108.84893,-7.3601],[108.84893,-7.35965],[108.84849,-7.35965]]],[[[108.84259,-7.36188],[108.84259,-7.36143],[108.84305,-7.36143],[108.84305,-7.36188],[108.84259,-7.36188]]],[[[108.84441,-7.35981],[108.84441,-7.35999],[108.84459,-7.35999],[108.84459,-7.36008],[108.84459,-7.36009],[108.84441,-7.36009],[108.84441,-7.36035],[108.84441,-7.36036],[108.84423,-7.36036],[108.84423,-7.36053],[108.84422,-7.36053],[108.84395,-7.36053],[108.84395,-7.36008],[108.84396,-7.36008],[108.84396,-7.35963],[108.84351,-7.35963],[108.84351,-7.36008],[108.84351,-7.36053],[108.84351,-7.36098],[108.84305,-7.36098],[108.84305,-7.36053],[108.84305,-7.36008],[108.84305,-7.35963],[108.84305,-7.35962],[108.84305,-7.35918],[108.84305,-7.35917],[108.84305,-7.3589],[108.84306,-7.3589],[108.84315,-7.3589],[108.84315,-7.35908],[108.84332,-7.35908],[108.84333,-7.35908],[108.84351,-7.35908],[108.84351,-7.35909],[108.84333,-7.35909],[108.84333,-7.35917],[108.84333,-7.35918],[108.84333,-7.35944],[108.84351,-7.35944],[108.84387,-7.35944],[108.84387,-7.35945],[108.84396,-7.35945],[108.84405,-7.35945],[108.84423,-7.35945],[108.84423,-7.35963],[108.84423,-7.35981],[108.84441,-7.35981]]],[[[108.84214,-7.36053],[108.84214,-7.36007],[108.8426,-7.36007],[108.8426,-7.36053],[108.84214,-7.36053]]],[[[108.84215,-7.35962],[108.84215,-7.35917],[108.84261,-7.35917],[108.84261,-7.35962],[108.84215,-7.35962]]],[[[108.84315,-7.35818],[108.84315,-7.35814],[108.84315,-7.35813],[108.84315,-7.35782],[108.84334,-7.35782],[108.84334,-7.35746],[108.84352,-7.35746],[108.84352,-7.35782],[108.84397,-7.35782],[108.84397,-7.35827],[108.84442,-7.35827],[108.84442,-7.35873],[108.84441,-7.35873],[108.84424,-7.35873],[108.84405,-7.35873],[108.84405,-7.35872],[108.84405,-7.35855],[108.84396,-7.35855],[108.84387,-7.35855],[108.84387,-7.35854],[108.84387,-7.35836],[108.84369,-7.35836],[108.84369,-7.35827],[108.84369,-7.35818],[108.84351,-7.35818],[108.84333,-7.35818],[108.84318,-7.35818],[108.84317,-7.35818],[108.84315,-7.35818]]],[[[108.84292,-7.35763],[108.84297,-7.35763],[108.84297,-7.35764],[108.84292,-7.35764],[108.84279,-7.35764],[108.84279,-7.35763],[108.84292,-7.35763]]],[[[108.84261,-7.35724],[108.84261,-7.35691],[108.84244,-7.35691],[108.84244,-7.35646],[108.84244,-7.35637],[108.84261,-7.35637],[108.84262,-7.35637],[108.84262,-7.35619],[108.8428,-7.35619],[108.84307,-7.35619],[108.84307,-7.35646],[108.84351,-7.35646],[108.84352,-7.35646],[108.84352,-7.35619],[108.84353,-7.35619],[108.84353,-7.35601],[108.84371,-7.35601],[108.84371,-7.35619],[108.84397,-7.35619],[108.84398,-7.35619],[108.84407,-7.35619],[108.84407,-7.35602],[108.84407,-7.35601],[108.84425,-7.35601],[108.84425,-7.35566],[108.84407,-7.35566],[108.84407,-7.35565],[108.84425,-7.35565],[108.84425,-7.35556],[108.84443,-7.35556],[108.84488,-7.35556],[108.84488,-7.35512],[108.84443,-7.35512],[108.84443,-7.35511],[108.84443,-7.35466],[108.84489,-7.35466],[108.84489,-7.35511],[108.84534,-7.35511],[108.84534,-7.35512],[108.84534,-7.35557],[108.84534,-7.35602],[108.84489,-7.35602],[108.84488,-7.35602],[108.84488,-7.35641],[108.84488,-7.35647],[108.84475,-7.35647],[108.84443,-7.35647],[108.84442,-7.35647],[108.84398,-7.35647],[108.84397,-7.35647],[108.84397,-7.35676],[108.84397,-7.35692],[108.84442,-7.35692],[108.84442,-7.35737],[108.84396,-7.35737],[108.84396,-7.35692],[108.84353,-7.35692],[108.84352,-7.35692],[108.84352,-7.3571],[108.84334,-7.3571],[108.84315,-7.3571],[108.84315,-7.35705],[108.84315,-7.35692],[108.84315,-7.35691],[108.84307,-7.35691],[108.84306,-7.35691],[108.84279,-7.35691],[108.84279,-7.35709],[108.84279,-7.3571],[108.84262,-7.3571],[108.84262,-7.35724],[108.84262,-7.35725],[108.84262,-7.35727],[108.84261,-7.35727],[108.84261,-7.35725],[108.84261,-7.35724]]],[[[108.84398,-7.35529],[108.84389,-7.35529],[108.84388,-7.35529],[108.84371,-7.35529],[108.84353,-7.35529],[108.84352,-7.35529],[108.84335,-7.35529],[108.84335,-7.35556],[108.84335,-7.35565],[108.84334,-7.35565],[108.84316,-7.35565],[108.84316,-7.35556],[108.84316,-7.35529],[108.84334,-7.35529],[108.84334,-7.35511],[108.84352,-7.35511],[108.84353,-7.35511],[108.84398,-7.35511],[108.84398,-7.35529]]],[[[108.84244,-7.35528],[108.84244,-7.35529],[108.84226,-7.35528],[108.84226,-7.3551],[108.84244,-7.3551],[108.84244,-7.35528]]],[[[108.84354,-7.35195],[108.84354,-7.35149],[108.844,-7.35149],[108.844,-7.35195],[108.84354,-7.35195]]],[[[108.84266,-7.34697],[108.84266,-7.34652],[108.84266,-7.34607],[108.84312,-7.34607],[108.84312,-7.34652],[108.84312,-7.34697],[108.84267,-7.34697],[108.84267,-7.34742],[108.84221,-7.34742],[108.84221,-7.34697],[108.84266,-7.34697]]],[[[108.84402,-7.34562],[108.84403,-7.34562],[108.84403,-7.34607],[108.84403,-7.34608],[108.84402,-7.34608],[108.84357,-7.34608],[108.84357,-7.34607],[108.84357,-7.34562],[108.84402,-7.34562]]],[[[108.84222,-7.34426],[108.84222,-7.34381],[108.84268,-7.34381],[108.84268,-7.34426],[108.84222,-7.34426]]],[[[108.84376,-7.34382],[108.84358,-7.34382],[108.84358,-7.34336],[108.84361,-7.34336],[108.84377,-7.34336],[108.84377,-7.34355],[108.84376,-7.34355],[108.84376,-7.34382]]],[[[108.84403,-7.34291],[108.84404,-7.34291],[108.84449,-7.34291],[108.84449,-7.34246],[108.84404,-7.34246],[108.84404,-7.3421],[108.84414,-7.3421],[108.84414,-7.34201],[108.8445,-7.34201],[108.8445,-7.34246],[108.84494,-7.34246],[108.84495,-7.34246],[108.8454,-7.34246],[108.8454,-7.34201],[108.84586,-7.34201],[108.84586,-7.34247],[108.8454,-7.34247],[108.8454,-7.34292],[108.8454,-7.34337],[108.8454,-7.34382],[108.84539,-7.34382],[108.84539,-7.34427],[108.84494,-7.34427],[108.84494,-7.34472],[108.84448,-7.34472],[108.84448,-7.34427],[108.84403,-7.34427],[108.84403,-7.34409],[108.84413,-7.34409],[108.84449,-7.34409],[108.84449,-7.34427],[108.84493,-7.34427],[108.84493,-7.34382],[108.84449,-7.34382],[108.84449,-7.34355],[108.84448,-7.34355],[108.84431,-7.34355],[108.8443,-7.34355],[108.84413,-7.34355],[108.84413,-7.34337],[108.84413,-7.34336],[108.84449,-7.34336],[108.84449,-7.34301],[108.84431,-7.34301],[108.84431,-7.343],[108.84413,-7.343],[108.84404,-7.343],[108.84403,-7.343],[108.84395,-7.343],[108.84395,-7.34291],[108.84403,-7.34291]]],[[[108.84322,-7.34264],[108.84313,-7.34264],[108.84313,-7.34246],[108.84323,-7.34246],[108.84323,-7.34264],[108.84322,-7.34264]]],[[[108.84341,-7.34156],[108.84314,-7.34156],[108.84314,-7.342],[108.84314,-7.34201],[108.84268,-7.34201],[108.84268,-7.342],[108.84268,-7.34191],[108.84269,-7.34191],[108.84269,-7.34173],[108.84287,-7.34173],[108.84287,-7.34155],[108.84305,-7.34155],[108.84314,-7.34155],[108.84314,-7.34137],[108.84323,-7.34137],[108.84323,-7.34155],[108.84341,-7.34155],[108.84341,-7.34156]]],[[[108.84377,-7.34111],[108.8436,-7.34111],[108.8436,-7.34119],[108.84359,-7.34119],[108.84359,-7.34111],[108.84359,-7.3411],[108.84359,-7.34101],[108.8436,-7.34101],[108.84377,-7.34101],[108.84378,-7.34101],[108.84378,-7.3411],[108.84378,-7.34111],[108.84377,-7.34111]]],[[[108.84405,-7.34065],[108.84405,-7.34029],[108.84414,-7.34029],[108.84414,-7.3402],[108.84414,-7.33975],[108.84406,-7.33975],[108.84405,-7.33975],[108.84405,-7.3393],[108.84406,-7.3393],[108.84451,-7.3393],[108.84451,-7.33975],[108.84451,-7.3402],[108.84496,-7.3402],[108.84496,-7.34048],[108.84486,-7.34048],[108.84451,-7.34048],[108.8445,-7.34048],[108.8445,-7.34065],[108.8445,-7.34066],[108.84432,-7.34066],[108.84432,-7.34083],[108.84432,-7.34084],[108.84405,-7.34084],[108.84378,-7.34084],[108.84378,-7.34083],[108.84378,-7.34065],[108.84405,-7.34065]]],[[[108.84287,-7.34065],[108.84288,-7.34065],[108.84288,-7.34083],[108.84287,-7.34083],[108.84287,-7.34065]]],[[[108.84224,-7.34064],[108.84233,-7.34064],[108.84233,-7.34065],[108.84224,-7.34065],[108.84224,-7.34064]]],[[[108.84234,-7.33992],[108.84234,-7.33974],[108.84252,-7.33974],[108.84252,-7.33992],[108.84252,-7.33993],[108.84251,-7.33993],[108.84251,-7.33992],[108.84234,-7.33992]]],[[[108.84316,-7.33975],[108.84315,-7.33975],[108.84306,-7.33975],[108.84306,-7.33993],[108.84305,-7.33993],[108.84288,-7.33993],[108.84288,-7.33975],[108.84288,-7.33974],[108.84288,-7.33957],[108.8427,-7.33957],[108.8427,-7.33956],[108.8427,-7.33929],[108.84315,-7.33929],[108.84315,-7.33884],[108.8436,-7.33884],[108.84361,-7.33884],[108.84361,-7.33929],[108.84361,-7.3393],[108.84361,-7.33939],[108.8436,-7.33939],[108.84324,-7.33939],[108.84324,-7.33975],[108.84316,-7.33975]]],[[[108.8438,-7.29909],[108.8438,-7.29864],[108.8438,-7.29863],[108.84425,-7.29863],[108.84425,-7.29864],[108.84425,-7.29909],[108.8438,-7.29909]]],[[[108.84245,-7.29682],[108.84244,-7.29682],[108.84244,-7.29637],[108.84245,-7.29637],[108.8429,-7.29637],[108.8429,-7.29682],[108.84245,-7.29682]]],[[[108.84297,-7.28192],[108.84297,-7.28191],[108.84297,-7.28146],[108.84343,-7.28146],[108.84343,-7.28191],[108.84343,-7.28192],[108.84343,-7.28237],[108.84297,-7.28237],[108.84297,-7.28282],[108.84297,-7.28327],[108.84252,-7.28327],[108.84251,-7.28327],[108.84206,-7.28327],[108.84206,-7.28282],[108.84206,-7.28281],[108.84206,-7.28236],[108.84251,-7.28236],[108.84252,-7.28236],[108.84297,-7.28236],[108.84297,-7.28192]]],[[[108.8439,-7.27785],[108.84434,-7.27785],[108.84435,-7.27785],[108.8448,-7.27785],[108.8448,-7.27786],[108.8448,-7.27813],[108.84462,-7.27813],[108.84462,-7.27831],[108.84435,-7.27831],[108.84434,-7.27831],[108.84408,-7.27831],[108.84408,-7.27794],[108.8439,-7.27794],[108.84389,-7.27794],[108.84389,-7.27785],[108.8439,-7.27785]]],[[[108.84464,-7.27433],[108.84482,-7.27433],[108.84482,-7.27469],[108.84482,-7.2747],[108.84436,-7.2747],[108.84436,-7.27469],[108.84391,-7.27469],[108.84391,-7.27424],[108.8441,-7.27424],[108.8441,-7.27451],[108.84436,-7.27451],[108.84437,-7.27451],[108.84464,-7.27451],[108.84464,-7.27433]]],[[[108.84301,-7.27469],[108.84301,-7.27423],[108.84347,-7.27423],[108.84347,-7.27469],[108.84301,-7.27469]]],[[[108.84348,-7.27108],[108.84347,-7.27108],[108.84347,-7.27062],[108.84348,-7.27062],[108.84393,-7.27062],[108.84393,-7.27108],[108.84348,-7.27108]]],[[[108.84258,-7.27017],[108.84257,-7.27017],[108.84257,-7.26971],[108.84258,-7.26971],[108.84303,-7.26971],[108.84303,-7.27017],[108.84258,-7.27017]]],[[[108.84259,-7.26746],[108.84259,-7.267],[108.84305,-7.267],[108.84305,-7.26746],[108.84259,-7.26746]]],[[[108.84324,-7.26294],[108.84351,-7.26294],[108.84351,-7.26276],[108.84361,-7.26276],[108.84379,-7.26276],[108.84397,-7.26276],[108.84397,-7.26294],[108.84352,-7.26294],[108.84352,-7.26339],[108.84397,-7.26339],[108.84397,-7.26385],[108.84351,-7.26385],[108.84306,-7.26385],[108.84305,-7.26385],[108.84305,-7.26384],[108.84305,-7.26339],[108.84261,-7.26339],[108.8426,-7.26339],[108.8426,-7.26312],[108.84261,-7.26312],[108.8427,-7.26312],[108.8427,-7.2633],[108.84306,-7.2633],[108.84306,-7.26294],[108.84324,-7.26294]]],[[[108.84343,-7.26041],[108.84326,-7.26041],[108.84308,-7.26041],[108.84308,-7.26023],[108.84353,-7.26023],[108.84353,-7.25978],[108.84398,-7.25978],[108.84399,-7.25978],[108.84444,-7.25978],[108.84489,-7.25978],[108.8449,-7.25978],[108.8449,-7.26024],[108.84489,-7.26024],[108.84444,-7.26024],[108.84399,-7.26024],[108.84399,-7.26068],[108.84444,-7.26068],[108.84444,-7.26069],[108.84444,-7.26114],[108.84443,-7.26114],[108.84443,-7.2615],[108.84416,-7.2615],[108.84398,-7.2615],[108.84398,-7.26132],[108.84397,-7.26132],[108.84397,-7.26114],[108.84398,-7.26114],[108.84398,-7.26069],[108.84353,-7.26069],[108.84353,-7.26077],[108.84343,-7.26077],[108.84343,-7.26068],[108.84343,-7.26041]]],[[[108.84235,-7.26113],[108.84217,-7.26113],[108.84217,-7.26095],[108.84235,-7.26095],[108.84235,-7.26113]]],[[[108.84263,-7.26068],[108.84263,-7.26077],[108.84253,-7.26077],[108.84253,-7.26068],[108.84254,-7.26068],[108.84263,-7.26068]]],[[[108.84444,-7.25888],[108.84399,-7.25888],[108.84399,-7.25843],[108.84444,-7.25843],[108.84445,-7.25843],[108.84445,-7.25888],[108.84444,-7.25888]]],[[[108.84354,-7.25752],[108.84309,-7.25752],[108.84272,-7.25752],[108.84271,-7.25752],[108.84264,-7.25752],[108.84264,-7.25797],[108.84218,-7.25797],[108.84218,-7.25751],[108.84264,-7.25751],[108.84264,-7.25743],[108.84264,-7.25706],[108.84309,-7.25706],[108.84309,-7.25707],[108.84354,-7.25707],[108.84354,-7.25752]]],[[[108.84309,-7.25662],[108.84309,-7.25616],[108.84355,-7.25616],[108.84355,-7.25662],[108.84309,-7.25662]]],[[[108.84614,-7.37537],[108.84614,-7.37536],[108.84614,-7.375],[108.84615,-7.375],[108.8466,-7.375],[108.8466,-7.37545],[108.84638,-7.37545],[108.84628,-7.37545],[108.84624,-7.37544],[108.84615,-7.37537],[108.84614,-7.37537]]],[[[108.84796,-7.3741],[108.84796,-7.37456],[108.84751,-7.37456],[108.84751,-7.37501],[108.84705,-7.37501],[108.84705,-7.37455],[108.8475,-7.37455],[108.8475,-7.3741],[108.84796,-7.3741]]],[[[108.84507,-7.37355],[108.84507,-7.37319],[108.84525,-7.37319],[108.84525,-7.37364],[108.84561,-7.37364],[108.84561,-7.37373],[108.84569,-7.37373],[108.8457,-7.37373],[108.84597,-7.37373],[108.84615,-7.37373],[108.84615,-7.37374],[108.84615,-7.3741],[108.84633,-7.3741],[108.84651,-7.3741],[108.8466,-7.3741],[108.8466,-7.37455],[108.84615,-7.37455],[108.84614,-7.37455],[108.84614,-7.3741],[108.8457,-7.3741],[108.84569,-7.3741],[108.84525,-7.3741],[108.84524,-7.3741],[108.84524,-7.37409],[108.84524,-7.37364],[108.8448,-7.37364],[108.84479,-7.37364],[108.84479,-7.37355],[108.8448,-7.37355],[108.84507,-7.37355]]],[[[108.84723,-7.37392],[108.84724,-7.37392],[108.84724,-7.3741],[108.84723,-7.3741],[108.84723,-7.37392]]],[[[108.84688,-7.37356],[108.84688,-7.37338],[108.84706,-7.37338],[108.84706,-7.37365],[108.84706,-7.37374],[108.84705,-7.37374],[108.84705,-7.37365],[108.84661,-7.37365],[108.8466,-7.37365],[108.84633,-7.37365],[108.84633,-7.37355],[108.84651,-7.37355],[108.84651,-7.37356],[108.8466,-7.37356],[108.84661,-7.37356],[108.84688,-7.37356]]],[[[108.84751,-7.37374],[108.84742,-7.37374],[108.84742,-7.37365],[108.84751,-7.37365],[108.84751,-7.37374]]],[[[108.84751,-7.37338],[108.84778,-7.37338],[108.84778,-7.3732],[108.84796,-7.3732],[108.84797,-7.3732],[108.84797,-7.37284],[108.84796,-7.37284],[108.84796,-7.37275],[108.84842,-7.37275],[108.84842,-7.3732],[108.84887,-7.3732],[108.84887,-7.37321],[108.84869,-7.37321],[108.84869,-7.37357],[108.84887,-7.37357],[108.84887,-7.37366],[108.84842,-7.37366],[108.84841,-7.37366],[108.84796,-7.37366],[108.84796,-7.37365],[108.84751,-7.37365],[108.84751,-7.37338]]],[[[108.84488,-7.37319],[108.84488,-7.37318],[108.84489,-7.37318],[108.84489,-7.37319],[108.84488,-7.37319]]],[[[108.84525,-7.37301],[108.84526,-7.37301],[108.84543,-7.37301],[108.84561,-7.37301],[108.84561,-7.37319],[108.84525,-7.37319],[108.84525,-7.37301]]],[[[108.84707,-7.37248],[108.84707,-7.37247],[108.84725,-7.37247],[108.84743,-7.37247],[108.84743,-7.37248],[108.84752,-7.37248],[108.84752,-7.37266],[108.84743,-7.37266],[108.84742,-7.37266],[108.84724,-7.37266],[108.84724,-7.37248],[108.84707,-7.37248]]],[[[108.84598,-7.37211],[108.84616,-7.37211],[108.84616,-7.37184],[108.84616,-7.37175],[108.84617,-7.37175],[108.84634,-7.37175],[108.84634,-7.37139],[108.84617,-7.37139],[108.84616,-7.37139],[108.84598,-7.37139],[108.84598,-7.37157],[108.8458,-7.37157],[108.8458,-7.37138],[108.84616,-7.37138],[108.84616,-7.37093],[108.84572,-7.37093],[108.84572,-7.37138],[108.84562,-7.37138],[108.84526,-7.37138],[108.84526,-7.37174],[108.84544,-7.37174],[108.84544,-7.37183],[108.84544,-7.37184],[108.84544,-7.37192],[108.84562,-7.37192],[108.84562,-7.37193],[108.84544,-7.37193],[108.84544,-7.37228],[108.84544,-7.37229],[108.84544,-7.37247],[108.84543,-7.37247],[108.84525,-7.37247],[108.84508,-7.37247],[108.84507,-7.37247],[108.84507,-7.37229],[108.84489,-7.37229],[108.84489,-7.37228],[108.8448,-7.37228],[108.8448,-7.37183],[108.8448,-7.37138],[108.84435,-7.37138],[108.84435,-7.37093],[108.8448,-7.37093],[108.84481,-7.37093],[108.84526,-7.37093],[108.84571,-7.37093],[108.84571,-7.37048],[108.84526,-7.37048],[108.84526,-7.37003],[108.84572,-7.37003],[108.84572,-7.37048],[108.84617,-7.37048],[108.84617,-7.37003],[108.84663,-7.37003],[108.84663,-7.37048],[108.84663,-7.37049],[108.84617,-7.37049],[108.84617,-7.37093],[108.84662,-7.37093],[108.84662,-7.37094],[108.84707,-7.37094],[108.84708,-7.37094],[108.84752,-7.37094],[108.84753,-7.37094],[108.84798,-7.37094],[108.84843,-7.37094],[108.84844,-7.37094],[108.84888,-7.37094],[108.84889,-7.37094],[108.84889,-7.37095],[108.84889,-7.3714],[108.84933,-7.3714],[108.84934,-7.3714],[108.84978,-7.3714],[108.84979,-7.3714],[108.85024,-7.3714],[108.85024,-7.37168],[108.85024,-7.37179],[108.85024,-7.37186],[108.84979,-7.37186],[108.84979,-7.37231],[108.84978,-7.37231],[108.84966,-7.37231],[108.84957,-7.37231],[108.84933,-7.37231],[108.84933,-7.37186],[108.84933,-7.37185],[108.84888,-7.37185],[108.84888,-7.3714],[108.84844,-7.3714],[108.84843,-7.3714],[108.84798,-7.3714],[108.84798,-7.37185],[108.84797,-7.37185],[108.84797,-7.3714],[108.84761,-7.3714],[108.84761,-7.37175],[108.84761,-7.37176],[108.84752,-7.37176],[108.84752,-7.37175],[108.84752,-7.3714],[108.84752,-7.37139],[108.84708,-7.37139],[108.84707,-7.37139],[108.84707,-7.37175],[108.84671,-7.37175],[108.84671,-7.37184],[108.84671,-7.37229],[108.8467,-7.37229],[108.84662,-7.37229],[108.84661,-7.37229],[108.84652,-7.37229],[108.84652,-7.37247],[108.84634,-7.37247],[108.84634,-7.37265],[108.84633,-7.37265],[108.84616,-7.37265],[108.84616,-7.37247],[108.84615,-7.37247],[108.8458,-7.37247],[108.8458,-7.37229],[108.84598,-7.37229],[108.84598,-7.37211]]],[[[108.84437,-7.36867],[108.84437,-7.36822],[108.84437,-7.36821],[108.84483,-7.36821],[108.84483,-7.36822],[108.84483,-7.36867],[108.84482,-7.36867],[108.84482,-7.36912],[108.84436,-7.36912],[108.84436,-7.36867],[108.84437,-7.36867]]],[[[108.84708,-7.36823],[108.84708,-7.36778],[108.84754,-7.36778],[108.84754,-7.36823],[108.84708,-7.36823]]],[[[108.84618,-7.36777],[108.84618,-7.36732],[108.84664,-7.36732],[108.84664,-7.36777],[108.84618,-7.36777]]],[[[108.84755,-7.36597],[108.84755,-7.36642],[108.848,-7.36642],[108.848,-7.36688],[108.84754,-7.36688],[108.84754,-7.36642],[108.84709,-7.36642],[108.84709,-7.36597],[108.84755,-7.36597]]],[[[108.84532,-7.35918],[108.84532,-7.35928],[108.84513,-7.35928],[108.84513,-7.35945],[108.84495,-7.35945],[108.84486,-7.35945],[108.84477,-7.35945],[108.84477,-7.35918],[108.84486,-7.35918],[108.84532,-7.35918]]],[[[108.84713,-7.35919],[108.84713,-7.35874],[108.84759,-7.35874],[108.84759,-7.35919],[108.84713,-7.35919]]],[[[108.84533,-7.35783],[108.84533,-7.35828],[108.84532,-7.35828],[108.84532,-7.35873],[108.84486,-7.35873],[108.84486,-7.35828],[108.84487,-7.35828],[108.84487,-7.35783],[108.84533,-7.35783]]],[[[108.84533,-7.35693],[108.84533,-7.35647],[108.84579,-7.35647],[108.84579,-7.35693],[108.84533,-7.35693]]],[[[108.84715,-7.35603],[108.84714,-7.35603],[108.84714,-7.35558],[108.84715,-7.35558],[108.8476,-7.35558],[108.8476,-7.35603],[108.84715,-7.35603]]],[[[108.84714,-7.35422],[108.84715,-7.35422],[108.8476,-7.35422],[108.8476,-7.35377],[108.84806,-7.35377],[108.84806,-7.35333],[108.84806,-7.35332],[108.84806,-7.35287],[108.84852,-7.35287],[108.84852,-7.35332],[108.84852,-7.35333],[108.84852,-7.35378],[108.84878,-7.35378],[108.84878,-7.35387],[108.8486,-7.35387],[108.8486,-7.35405],[108.84851,-7.35405],[108.84851,-7.35378],[108.84806,-7.35378],[108.84806,-7.35423],[108.84842,-7.35423],[108.84842,-7.35441],[108.8485,-7.35441],[108.84851,-7.35441],[108.8486,-7.35441],[108.84878,-7.35441],[108.84896,-7.35441],[108.84914,-7.35441],[108.84914,-7.35423],[108.84915,-7.35423],[108.84915,-7.35441],[108.84932,-7.35441],[108.84941,-7.35441],[108.84942,-7.35441],[108.8495,-7.35441],[108.84951,-7.35441],[108.84951,-7.35468],[108.84951,-7.35469],[108.84951,-7.35478],[108.84986,-7.35478],[108.84987,-7.35478],[108.84987,-7.35469],[108.85032,-7.35469],[108.85032,-7.35424],[108.85005,-7.35424],[108.85005,-7.35388],[108.84987,-7.35388],[108.84987,-7.35379],[108.84987,-7.35378],[108.84987,-7.35369],[108.84969,-7.35369],[108.84951,-7.35369],[108.84951,-7.35351],[108.84969,-7.35351],[108.84969,-7.35333],[108.84969,-7.35315],[108.84951,-7.35315],[108.84951,-7.35297],[108.84952,-7.35297],[108.84952,-7.35288],[108.84988,-7.35288],[108.84988,-7.35333],[108.85033,-7.35333],[108.85033,-7.35378],[108.85033,-7.35379],[108.85033,-7.35424],[108.85078,-7.35424],[108.85078,-7.35469],[108.85123,-7.35469],[108.85123,-7.35515],[108.85122,-7.35515],[108.85122,-7.3556],[108.85167,-7.3556],[108.85167,-7.35605],[108.85212,-7.35605],[108.85212,-7.3565],[108.85257,-7.3565],[108.85257,-7.35651],[108.85257,-7.35696],[108.85212,-7.35696],[108.85212,-7.35741],[108.85167,-7.35741],[108.85166,-7.35741],[108.85121,-7.35741],[108.85121,-7.35696],[108.85121,-7.35695],[108.85076,-7.35695],[108.8503,-7.35695],[108.8503,-7.3565],[108.84986,-7.3565],[108.84986,-7.35695],[108.84985,-7.35695],[108.84985,-7.3574],[108.8494,-7.3574],[108.8494,-7.35695],[108.8494,-7.35694],[108.8494,-7.35649],[108.8494,-7.35604],[108.84895,-7.35604],[108.8485,-7.35604],[108.84849,-7.35604],[108.84849,-7.35558],[108.8485,-7.35558],[108.8485,-7.35514],[108.8485,-7.35513],[108.8485,-7.35468],[108.84805,-7.35468],[108.84805,-7.35423],[108.8476,-7.35423],[108.8476,-7.35468],[108.84715,-7.35468],[108.84714,-7.35468],[108.84714,-7.35422]],[[108.85032,-7.35514],[108.85076,-7.35514],[108.85077,-7.35514],[108.85077,-7.35469],[108.85032,-7.35469],[108.85032,-7.35514]],[[108.85166,-7.3565],[108.85166,-7.35605],[108.85122,-7.35605],[108.85122,-7.3565],[108.85166,-7.3565]],[[108.85167,-7.35695],[108.85211,-7.35695],[108.85211,-7.35651],[108.85167,-7.35651],[108.85167,-7.35695]],[[108.85121,-7.3556],[108.85077,-7.3556],[108.85077,-7.35605],[108.85121,-7.35605],[108.85121,-7.3556]],[[108.84941,-7.35469],[108.84896,-7.35469],[108.84896,-7.35513],[108.84941,-7.35513],[108.84941,-7.35469]]],[[[108.84489,-7.35331],[108.84489,-7.35286],[108.84444,-7.35286],[108.84444,-7.3524],[108.8449,-7.3524],[108.8449,-7.35286],[108.84535,-7.35286],[108.84535,-7.35331],[108.84489,-7.35331]]],[[[108.84672,-7.35115],[108.8468,-7.35115],[108.84699,-7.35115],[108.84699,-7.35151],[108.84672,-7.35151],[108.84671,-7.35151],[108.84626,-7.35151],[108.84626,-7.35106],[108.84663,-7.35106],[108.84663,-7.35115],[108.84671,-7.35115],[108.84672,-7.35115]]],[[[108.84808,-7.3508],[108.8479,-7.3508],[108.8479,-7.35097],[108.84789,-7.35097],[108.84789,-7.35079],[108.84771,-7.35079],[108.84762,-7.35079],[108.84762,-7.35061],[108.84808,-7.35061],[108.84808,-7.35079],[108.84808,-7.3508]]],[[[108.84681,-7.35042],[108.84699,-7.35042],[108.84699,-7.35043],[108.8468,-7.35043],[108.8468,-7.35061],[108.8468,-7.35079],[108.84671,-7.35079],[108.84671,-7.35061],[108.84672,-7.35061],[108.84672,-7.35042],[108.84681,-7.35042]]],[[[108.84581,-7.3506],[108.84581,-7.35015],[108.84627,-7.35015],[108.84627,-7.3506],[108.84581,-7.3506]]],[[[108.84753,-7.35007],[108.84763,-7.35007],[108.84763,-7.35016],[108.84753,-7.35016],[108.84753,-7.35007]]],[[[108.84763,-7.34953],[108.84754,-7.34953],[108.84754,-7.34935],[108.84736,-7.34935],[108.84736,-7.34934],[108.84754,-7.34934],[108.84754,-7.34926],[108.84754,-7.34925],[108.84754,-7.34916],[108.84763,-7.34916],[108.84763,-7.34925],[108.84763,-7.34926],[108.84763,-7.34953]]],[[[108.84627,-7.34916],[108.84627,-7.34925],[108.84582,-7.34925],[108.84582,-7.34916],[108.84591,-7.34916],[108.84627,-7.34916]]],[[[108.84673,-7.34834],[108.84673,-7.34844],[108.84664,-7.34844],[108.84646,-7.34844],[108.84627,-7.34844],[108.84627,-7.34834],[108.84673,-7.34834]]],[[[108.84629,-7.34564],[108.84629,-7.34518],[108.84675,-7.34518],[108.84675,-7.34564],[108.84629,-7.34564]]],[[[108.84674,-7.34474],[108.84674,-7.34428],[108.8472,-7.34428],[108.8472,-7.34474],[108.84674,-7.34474]]],[[[108.84584,-7.34473],[108.84584,-7.34428],[108.8463,-7.34428],[108.8463,-7.34473],[108.84584,-7.34473]]],[[[108.84584,-7.34383],[108.84584,-7.34337],[108.8463,-7.34337],[108.8463,-7.34383],[108.84584,-7.34383]]],[[[108.84486,-7.34156],[108.84486,-7.3412],[108.84496,-7.3412],[108.84496,-7.34156],[108.84496,-7.34201],[108.8445,-7.34201],[108.8445,-7.34156],[108.84486,-7.34156]]],[[[108.84721,-7.34112],[108.84721,-7.34067],[108.84767,-7.34067],[108.84767,-7.34112],[108.84721,-7.34112]]],[[[108.84504,-7.34102],[108.84505,-7.34102],[108.84523,-7.34102],[108.84523,-7.34066],[108.84541,-7.34066],[108.84541,-7.34111],[108.84505,-7.34111],[108.84504,-7.34111],[108.84504,-7.34102]]],[[[108.84541,-7.34021],[108.8454,-7.34021],[108.8454,-7.33976],[108.84541,-7.33976],[108.84586,-7.33976],[108.84586,-7.34021],[108.84541,-7.34021]]],[[[108.84586,-7.33931],[108.84586,-7.33885],[108.84632,-7.33885],[108.84632,-7.33931],[108.84586,-7.33931]]],[[[108.84508,-7.31446],[108.84508,-7.314],[108.84554,-7.314],[108.84554,-7.31446],[108.84508,-7.31446]]],[[[108.84691,-7.3113],[108.84691,-7.31175],[108.84736,-7.31175],[108.84736,-7.3122],[108.84736,-7.31221],[108.84736,-7.31266],[108.84735,-7.31266],[108.84735,-7.31311],[108.84689,-7.31311],[108.84689,-7.31266],[108.8469,-7.31266],[108.8469,-7.31221],[108.8469,-7.3122],[108.8469,-7.31175],[108.84645,-7.31175],[108.84645,-7.3113],[108.84691,-7.3113]]],[[[108.84599,-7.31311],[108.84599,-7.31265],[108.84645,-7.31265],[108.84645,-7.31311],[108.84599,-7.31311]]],[[[108.84645,-7.31085],[108.84645,-7.3104],[108.84645,-7.31039],[108.84691,-7.31039],[108.84691,-7.3104],[108.84691,-7.31085],[108.84645,-7.31085]]],[[[108.84555,-7.31084],[108.84555,-7.31039],[108.84601,-7.31039],[108.84601,-7.31084],[108.84555,-7.31084]]],[[[108.84557,-7.30768],[108.84557,-7.30723],[108.84602,-7.30723],[108.84602,-7.30768],[108.84557,-7.30768]]],[[[108.84513,-7.30496],[108.84513,-7.30542],[108.84557,-7.30542],[108.84557,-7.30497],[108.84603,-7.30497],[108.84603,-7.30542],[108.84558,-7.30542],[108.84558,-7.30587],[108.84603,-7.30587],[108.84603,-7.30633],[108.84557,-7.30633],[108.84557,-7.30587],[108.84512,-7.30587],[108.84467,-7.30587],[108.84466,-7.30587],[108.84466,-7.30542],[108.84467,-7.30542],[108.84467,-7.30496],[108.84513,-7.30496]]],[[[108.84785,-7.30453],[108.84739,-7.30453],[108.84739,-7.30408],[108.84739,-7.30407],[108.84739,-7.30362],[108.84785,-7.30362],[108.84785,-7.30407],[108.84785,-7.30408],[108.84785,-7.30453]]],[[[108.8465,-7.30046],[108.8465,-7.3],[108.84696,-7.3],[108.84696,-7.30046],[108.8465,-7.30046]]],[[[108.84741,-7.29911],[108.84741,-7.29865],[108.84787,-7.29865],[108.84787,-7.29911],[108.84741,-7.29911]]],[[[108.84607,-7.29684],[108.84607,-7.29639],[108.84653,-7.29639],[108.84653,-7.29684],[108.84607,-7.29684]]],[[[108.84698,-7.29413],[108.84698,-7.29368],[108.84699,-7.29368],[108.84744,-7.29368],[108.84744,-7.29413],[108.84699,-7.29413],[108.84698,-7.29413]]],[[[108.84791,-7.29134],[108.84781,-7.29134],[108.84745,-7.29134],[108.84745,-7.29097],[108.84791,-7.29097],[108.84791,-7.29134]]],[[[108.84747,-7.2879],[108.84729,-7.2879],[108.84729,-7.28826],[108.84702,-7.28826],[108.84701,-7.28826],[108.84701,-7.28781],[108.84702,-7.28781],[108.84747,-7.28781],[108.84747,-7.2879]]],[[[108.84753,-7.27696],[108.84753,-7.27723],[108.84753,-7.27724],[108.84753,-7.27742],[108.84752,-7.27742],[108.84752,-7.27723],[108.84752,-7.27706],[108.84744,-7.27706],[108.84734,-7.27706],[108.84716,-7.27706],[108.84707,-7.27706],[108.84707,-7.27696],[108.84739,-7.27696],[108.84753,-7.27696]]],[[[108.84625,-7.27723],[108.84616,-7.27723],[108.84616,-7.27696],[108.84662,-7.27696],[108.84662,-7.27741],[108.84625,-7.27741],[108.84625,-7.27723]]],[[[108.84753,-7.27651],[108.84753,-7.27652],[108.84717,-7.27652],[108.84707,-7.27652],[108.84707,-7.27651],[108.84707,-7.2763],[108.84707,-7.27606],[108.84753,-7.27606],[108.84753,-7.27651]]],[[[108.84483,-7.27379],[108.84483,-7.27424],[108.84482,-7.27424],[108.84482,-7.27379],[108.84483,-7.27379]]],[[[108.84756,-7.26883],[108.84711,-7.26883],[108.84711,-7.26838],[108.84756,-7.26838],[108.84757,-7.26838],[108.84757,-7.26883],[108.84756,-7.26883]]],[[[108.84577,-7.26386],[108.84577,-7.2634],[108.84623,-7.2634],[108.84623,-7.26386],[108.84577,-7.26386]]],[[[108.84759,-7.26296],[108.84759,-7.26341],[108.84714,-7.26341],[108.84713,-7.26341],[108.84668,-7.26341],[108.84668,-7.26296],[108.84713,-7.26296],[108.84714,-7.26296],[108.84759,-7.26296]]],[[[108.84488,-7.26186],[108.8447,-7.26186],[108.84452,-7.26186],[108.84452,-7.26159],[108.84488,-7.26159],[108.84488,-7.26186]]],[[[108.84624,-7.26114],[108.84625,-7.26114],[108.84625,-7.26115],[108.84625,-7.2616],[108.84624,-7.2616],[108.84579,-7.2616],[108.84579,-7.26115],[108.84579,-7.26114],[108.84624,-7.26114]]],[[[108.84488,-7.26114],[108.84488,-7.26069],[108.84534,-7.26069],[108.84534,-7.26114],[108.84488,-7.26114]]],[[[108.84625,-7.25979],[108.84625,-7.26024],[108.8467,-7.26024],[108.8467,-7.2607],[108.84624,-7.2607],[108.84624,-7.26024],[108.84579,-7.26024],[108.84579,-7.25979],[108.84625,-7.25979]]],[[[108.84535,-7.25888],[108.84535,-7.25934],[108.84534,-7.25934],[108.84489,-7.25934],[108.84489,-7.25888],[108.84489,-7.25843],[108.84535,-7.25843],[108.84535,-7.25888]]],[[[108.84625,-7.25844],[108.84625,-7.25799],[108.84625,-7.25798],[108.84671,-7.25798],[108.84671,-7.25799],[108.84671,-7.25844],[108.84625,-7.25844]]],[[[108.84444,-7.25798],[108.84444,-7.25752],[108.8449,-7.25752],[108.8449,-7.25798],[108.84444,-7.25798]]],[[[108.84762,-7.25619],[108.84762,-7.25573],[108.84808,-7.25573],[108.84808,-7.25619],[108.84762,-7.25619]]],[[[108.84626,-7.25618],[108.84626,-7.25573],[108.84672,-7.25573],[108.84672,-7.25618],[108.84626,-7.25618]]],[[[108.84445,-7.25617],[108.844,-7.25617],[108.844,-7.25571],[108.84446,-7.25571],[108.84446,-7.25572],[108.84491,-7.25572],[108.84491,-7.25617],[108.84446,-7.25617],[108.84445,-7.25617]]],[[[108.84627,-7.25482],[108.84647,-7.25482],[108.84673,-7.25482],[108.84673,-7.25528],[108.84627,-7.25528],[108.84627,-7.25494],[108.84627,-7.25482]]],[[[108.84762,-7.23792],[108.84771,-7.23797],[108.84771,-7.23811],[108.84725,-7.23811],[108.84725,-7.23797],[108.84762,-7.23792]]],[[[108.84635,-7.23753],[108.8464,-7.23763],[108.84645,-7.23766],[108.84635,-7.23766],[108.84635,-7.23753]]],[[[108.85067,-7.37548],[108.85067,-7.37502],[108.85113,-7.37502],[108.85113,-7.37548],[108.85067,-7.37548]]],[[[108.84978,-7.37321],[108.84966,-7.37321],[108.84959,-7.37321],[108.84956,-7.37321],[108.84942,-7.37321],[108.84932,-7.37321],[108.84932,-7.37276],[108.84956,-7.37276],[108.84966,-7.37276],[108.84978,-7.37276],[108.85023,-7.37276],[108.85024,-7.37276],[108.85068,-7.37276],[108.85069,-7.37276],[108.85114,-7.37276],[108.85114,-7.37321],[108.85114,-7.37322],[108.85158,-7.37322],[108.85158,-7.37277],[108.85158,-7.37232],[108.85114,-7.37232],[108.85113,-7.37232],[108.85113,-7.37231],[108.85069,-7.37231],[108.85068,-7.37231],[108.85068,-7.37188],[108.85068,-7.37186],[108.85068,-7.37177],[108.85068,-7.37141],[108.85069,-7.37141],[108.85113,-7.37141],[108.85114,-7.37141],[108.85159,-7.37141],[108.85159,-7.37096],[108.85204,-7.37096],[108.85205,-7.37096],[108.85205,-7.37051],[108.85205,-7.37006],[108.85214,-7.37006],[108.85224,-7.37006],[108.85233,-7.37006],[108.85233,-7.37015],[108.8525,-7.37015],[108.8525,-7.37033],[108.85251,-7.37033],[108.85269,-7.37033],[108.85287,-7.37033],[108.85287,-7.37051],[108.85287,-7.37052],[108.85268,-7.37052],[108.85251,-7.37052],[108.8525,-7.37052],[108.85232,-7.37052],[108.85232,-7.37055],[108.85232,-7.37065],[108.85232,-7.37096],[108.85232,-7.37097],[108.85232,-7.37123],[108.8525,-7.37123],[108.8525,-7.37124],[108.85286,-7.37124],[108.85286,-7.37106],[108.85286,-7.37105],[108.85287,-7.37105],[108.85296,-7.37105],[108.85296,-7.37106],[108.85296,-7.37142],[108.8525,-7.37142],[108.85205,-7.37142],[108.85205,-7.37176],[108.85205,-7.37187],[108.85204,-7.37187],[108.85204,-7.37214],[108.85177,-7.37214],[108.85177,-7.37232],[108.85159,-7.37232],[108.85159,-7.37277],[108.85159,-7.37286],[108.85177,-7.37286],[108.85177,-7.37322],[108.85204,-7.37322],[108.85204,-7.37367],[108.85249,-7.37367],[108.85249,-7.37413],[108.85204,-7.37413],[108.85203,-7.37413],[108.85203,-7.37367],[108.85159,-7.37367],[108.85158,-7.37367],[108.85114,-7.37367],[108.85113,-7.37367],[108.85069,-7.37367],[108.85068,-7.37367],[108.85023,-7.37367],[108.85023,-7.37322],[108.85023,-7.37321],[108.84978,-7.37321]],[[108.85195,-7.37171],[108.85198,-7.3718],[108.85199,-7.3718],[108.85205,-7.37176],[108.85195,-7.37171]]],[[[108.85213,-7.37232],[108.85249,-7.37232],[108.85249,-7.37277],[108.85213,-7.37277],[108.85213,-7.37232]]],[[[108.85114,-7.37051],[108.85114,-7.37006],[108.85114,-7.37005],[108.8516,-7.37005],[108.8516,-7.37006],[108.8516,-7.37051],[108.85114,-7.37051]]],[[[108.85071,-7.36824],[108.85071,-7.36825],[108.85025,-7.36825],[108.85025,-7.36824],[108.85025,-7.36779],[108.85025,-7.36734],[108.85071,-7.36734],[108.85071,-7.36761],[108.85071,-7.36762],[108.85053,-7.36762],[108.85053,-7.36779],[108.85053,-7.36815],[108.8507,-7.36815],[108.85071,-7.36815],[108.85071,-7.36816],[108.85071,-7.36824]]],[[[108.84934,-7.36824],[108.84934,-7.36779],[108.8498,-7.36779],[108.8498,-7.36824],[108.84934,-7.36824]]],[[[108.85143,-7.36762],[108.85116,-7.36762],[108.85116,-7.36734],[108.85162,-7.36734],[108.85162,-7.3678],[108.85143,-7.3678],[108.85143,-7.36762]]],[[[108.84935,-7.36689],[108.84935,-7.36643],[108.84981,-7.36643],[108.84981,-7.36689],[108.84935,-7.36689]]],[[[108.85026,-7.36553],[108.85026,-7.36526],[108.85027,-7.36526],[108.85035,-7.36526],[108.85035,-7.36508],[108.85036,-7.36508],[108.85036,-7.36544],[108.85053,-7.36544],[108.85054,-7.36544],[108.85054,-7.36553],[108.85054,-7.36554],[108.85053,-7.36554],[108.85027,-7.36554],[108.85026,-7.36554],[108.85026,-7.36553]]],[[[108.85072,-7.36527],[108.85072,-7.36526],[108.8509,-7.36526],[108.8509,-7.36527],[108.85072,-7.36527]]],[[[108.8509,-7.36509],[108.8509,-7.36508],[108.85117,-7.36508],[108.85117,-7.3649],[108.85144,-7.3649],[108.85144,-7.36491],[108.85126,-7.36491],[108.85126,-7.36508],[108.85126,-7.36509],[108.85117,-7.36509],[108.8509,-7.36509]]],[[[108.85163,-7.36491],[108.85163,-7.36509],[108.85162,-7.36509],[108.85162,-7.36491],[108.85163,-7.36491]]],[[[108.84981,-7.3649],[108.84982,-7.3649],[108.84982,-7.36508],[108.84981,-7.36508],[108.84981,-7.3649]]],[[[108.84963,-7.36472],[108.84945,-7.36472],[108.84945,-7.36508],[108.84936,-7.36508],[108.84936,-7.36463],[108.84936,-7.36462],[108.84936,-7.36417],[108.84937,-7.36417],[108.84963,-7.36417],[108.84963,-7.36435],[108.84963,-7.36436],[108.84946,-7.36436],[108.84946,-7.36462],[108.84946,-7.36463],[108.84946,-7.36471],[108.84963,-7.36471],[108.84963,-7.36472]]],[[[108.85072,-7.36418],[108.85072,-7.36436],[108.85055,-7.36436],[108.85055,-7.36418],[108.85072,-7.36418]]],[[[108.85036,-7.36327],[108.85037,-7.36327],[108.85037,-7.36345],[108.85055,-7.36345],[108.85055,-7.36346],[108.85072,-7.36346],[108.85073,-7.36346],[108.85073,-7.36364],[108.85073,-7.36373],[108.85027,-7.36373],[108.85027,-7.36417],[108.85027,-7.36418],[108.85018,-7.36418],[108.85,-7.36418],[108.85,-7.36417],[108.85,-7.364],[108.84982,-7.364],[108.84981,-7.364],[108.84981,-7.36399],[108.84981,-7.36372],[108.84982,-7.36372],[108.85027,-7.36372],[108.85027,-7.36327],[108.85036,-7.36327]]],[[[108.85164,-7.36373],[108.85145,-7.36373],[108.85145,-7.36364],[108.85164,-7.36364],[108.85164,-7.36373]]],[[[108.84982,-7.36282],[108.85001,-7.36282],[108.85001,-7.36327],[108.84982,-7.36327],[108.84982,-7.36282]]],[[[108.85028,-7.36192],[108.85028,-7.36237],[108.85001,-7.36237],[108.85001,-7.36192],[108.85028,-7.36192]]],[[[108.85165,-7.36057],[108.8512,-7.36057],[108.8512,-7.36012],[108.8512,-7.36011],[108.85165,-7.36011],[108.85165,-7.35979],[108.85165,-7.35967],[108.85197,-7.35967],[108.8521,-7.35967],[108.8521,-7.36012],[108.85255,-7.36012],[108.85255,-7.35967],[108.85255,-7.35937],[108.85255,-7.35922],[108.85268,-7.35922],[108.85301,-7.35922],[108.85301,-7.35967],[108.85301,-7.36012],[108.85301,-7.36057],[108.85301,-7.36058],[108.85346,-7.36058],[108.85346,-7.36103],[108.85301,-7.36103],[108.853,-7.36103],[108.85256,-7.36103],[108.85256,-7.36148],[108.85255,-7.36148],[108.85255,-7.36193],[108.85209,-7.36193],[108.85209,-7.36148],[108.85209,-7.36147],[108.8521,-7.36147],[108.8521,-7.36102],[108.85165,-7.36102],[108.85165,-7.36057]],[[108.85255,-7.36102],[108.85255,-7.36058],[108.85255,-7.36057],[108.8521,-7.36057],[108.8521,-7.36102],[108.85255,-7.36102]]],[[[108.85029,-7.35966],[108.85029,-7.35921],[108.84985,-7.35921],[108.84985,-7.35875],[108.8503,-7.35875],[108.8503,-7.35921],[108.85075,-7.35921],[108.85075,-7.35966],[108.85029,-7.35966]]],[[[108.85301,-7.35922],[108.85301,-7.35877],[108.85347,-7.35877],[108.85347,-7.35922],[108.85301,-7.35922]]],[[[108.84894,-7.3592],[108.84894,-7.35875],[108.8494,-7.35875],[108.8494,-7.3592],[108.84894,-7.3592]]],[[[108.85165,-7.35831],[108.85165,-7.35786],[108.85211,-7.35786],[108.85211,-7.35831],[108.85165,-7.35831]]],[[[108.85076,-7.3574],[108.85076,-7.35785],[108.85075,-7.35785],[108.85075,-7.35831],[108.8503,-7.35831],[108.8503,-7.35785],[108.84985,-7.35785],[108.84985,-7.3574],[108.8503,-7.3574],[108.85076,-7.3574]]],[[[108.84804,-7.35784],[108.84804,-7.35739],[108.8485,-7.35739],[108.8485,-7.35784],[108.84804,-7.35784]]],[[[108.85347,-7.35651],[108.85393,-7.35651],[108.85393,-7.35606],[108.85439,-7.35606],[108.85439,-7.35651],[108.85439,-7.35652],[108.85439,-7.35697],[108.85393,-7.35697],[108.85347,-7.35697],[108.85347,-7.35651]]],[[[108.84804,-7.35649],[108.84805,-7.35649],[108.84849,-7.35649],[108.8485,-7.35649],[108.84895,-7.35649],[108.84895,-7.35694],[108.8485,-7.35694],[108.84849,-7.35694],[108.84805,-7.35694],[108.84804,-7.35694],[108.84804,-7.35649]]],[[[108.85349,-7.35516],[108.85348,-7.35516],[108.85348,-7.3547],[108.85349,-7.3547],[108.85394,-7.3547],[108.85394,-7.35516],[108.85349,-7.35516]]],[[[108.84969,-7.35405],[108.84969,-7.35406],[108.84968,-7.35406],[108.84951,-7.35405],[108.84969,-7.35405]]],[[[108.84914,-7.35369],[108.84896,-7.35369],[108.84896,-7.35333],[108.84915,-7.35333],[108.84915,-7.35369],[108.84915,-7.35378],[108.84915,-7.35387],[108.84914,-7.35387],[108.84914,-7.35378],[108.84914,-7.35369]]],[[[108.85033,-7.35243],[108.85078,-7.35243],[108.85079,-7.35243],[108.85079,-7.35288],[108.85078,-7.35288],[108.85078,-7.35289],[108.85033,-7.35289],[108.85033,-7.35288],[108.85033,-7.35243]]],[[[108.84988,-7.35153],[108.84988,-7.35107],[108.85033,-7.35107],[108.85033,-7.35153],[108.84988,-7.35153]]],[[[108.84853,-7.35107],[108.84853,-7.35062],[108.84853,-7.35061],[108.84898,-7.35061],[108.84898,-7.35062],[108.84898,-7.35107],[108.84853,-7.35107]]],[[[108.85018,-7.34972],[108.84988,-7.34972],[108.84988,-7.34927],[108.85034,-7.34927],[108.85034,-7.34942],[108.85034,-7.34972],[108.85018,-7.34972]]],[[[108.85274,-7.31946],[108.85275,-7.31946],[108.8532,-7.31946],[108.8532,-7.31991],[108.8532,-7.31992],[108.85275,-7.31992],[108.85274,-7.31992],[108.85274,-7.31991],[108.85274,-7.31946]]],[[[108.84916,-7.31266],[108.84916,-7.31312],[108.84871,-7.31312],[108.8487,-7.31312],[108.84825,-7.31312],[108.84825,-7.31266],[108.8487,-7.31266],[108.84871,-7.31266],[108.84916,-7.31266]]],[[[108.84872,-7.31086],[108.84827,-7.31086],[108.84827,-7.3104],[108.84872,-7.3104],[108.84873,-7.3104],[108.84873,-7.31086],[108.84872,-7.31086]]],[[[108.85416,-7.31043],[108.8537,-7.31043],[108.85324,-7.31043],[108.85324,-7.30998],[108.85324,-7.30997],[108.8537,-7.30997],[108.8537,-7.30953],[108.8537,-7.30952],[108.85416,-7.30952],[108.85416,-7.30953],[108.85416,-7.30998],[108.85416,-7.31043]]],[[[108.84964,-7.3077],[108.84964,-7.30815],[108.85009,-7.30815],[108.85009,-7.3077],[108.85055,-7.3077],[108.85055,-7.30815],[108.85055,-7.30816],[108.85009,-7.30816],[108.85009,-7.3086],[108.85054,-7.3086],[108.85054,-7.30861],[108.85054,-7.30906],[108.85098,-7.30906],[108.85099,-7.30906],[108.85144,-7.30906],[108.85144,-7.30951],[108.85144,-7.30952],[108.85144,-7.30997],[108.85098,-7.30997],[108.85098,-7.30996],[108.85053,-7.30996],[108.85053,-7.30951],[108.85008,-7.30951],[108.85008,-7.30906],[108.85008,-7.30861],[108.84963,-7.30861],[108.84963,-7.3086],[108.84918,-7.3086],[108.84918,-7.30815],[108.84918,-7.3077],[108.84964,-7.3077]]],[[[108.85371,-7.30862],[108.85371,-7.30907],[108.85326,-7.30907],[108.85326,-7.30952],[108.8528,-7.30952],[108.8528,-7.30907],[108.85235,-7.30907],[108.85235,-7.30862],[108.85235,-7.30861],[108.8528,-7.30861],[108.8528,-7.30817],[108.85326,-7.30817],[108.85326,-7.30862],[108.85371,-7.30862]]],[[[108.84919,-7.30725],[108.84919,-7.30679],[108.84965,-7.30679],[108.84965,-7.30725],[108.84919,-7.30725]]],[[[108.85236,-7.30455],[108.85236,-7.3041],[108.85282,-7.3041],[108.85282,-7.30455],[108.85236,-7.30455]]],[[[108.84875,-7.30453],[108.8483,-7.30453],[108.8483,-7.30408],[108.8483,-7.30363],[108.84875,-7.30363],[108.84876,-7.30363],[108.8492,-7.30363],[108.84921,-7.30363],[108.84921,-7.30408],[108.8492,-7.30408],[108.84876,-7.30408],[108.84876,-7.30453],[108.84875,-7.30453]]],[[[108.85373,-7.30365],[108.85418,-7.30365],[108.85419,-7.30365],[108.85464,-7.30365],[108.85464,-7.30411],[108.85509,-7.30411],[108.85509,-7.30456],[108.85464,-7.30456],[108.85463,-7.30456],[108.85463,-7.30501],[108.85417,-7.30501],[108.85417,-7.30456],[108.85418,-7.30456],[108.85418,-7.30411],[108.85373,-7.30411],[108.85373,-7.30365]]],[[[108.85328,-7.30275],[108.85328,-7.3023],[108.85328,-7.30229],[108.85374,-7.30229],[108.85374,-7.30185],[108.85374,-7.30184],[108.85419,-7.30184],[108.8542,-7.30184],[108.8542,-7.30185],[108.8542,-7.3023],[108.85419,-7.3023],[108.85374,-7.3023],[108.85374,-7.30275],[108.85328,-7.30275]]],[[[108.84967,-7.30002],[108.84967,-7.29957],[108.85013,-7.29957],[108.85013,-7.30002],[108.84967,-7.30002]]],[[[108.85284,-7.29958],[108.85284,-7.29913],[108.85284,-7.29868],[108.8533,-7.29868],[108.8533,-7.29913],[108.8533,-7.29958],[108.85284,-7.29958]]],[[[108.84969,-7.29776],[108.84968,-7.29776],[108.84968,-7.29731],[108.84969,-7.29731],[108.85014,-7.29731],[108.85014,-7.29776],[108.84969,-7.29776]]],[[[108.84879,-7.29776],[108.84833,-7.29776],[108.84833,-7.29775],[108.84833,-7.2973],[108.84879,-7.2973],[108.84879,-7.29775],[108.84879,-7.29776]]],[[[108.85195,-7.29732],[108.85195,-7.29687],[108.85241,-7.29687],[108.85241,-7.29732],[108.85195,-7.29732]]],[[[108.85014,-7.29731],[108.85014,-7.29686],[108.85059,-7.29686],[108.85059,-7.29731],[108.85014,-7.29731]]],[[[108.85376,-7.29643],[108.85376,-7.29597],[108.85422,-7.29597],[108.85422,-7.29643],[108.85376,-7.29643]]],[[[108.85195,-7.29642],[108.85195,-7.29596],[108.85241,-7.29596],[108.85241,-7.29642],[108.85195,-7.29642]]],[[[108.85286,-7.29552],[108.85286,-7.29506],[108.85332,-7.29506],[108.85332,-7.29552],[108.85286,-7.29552]]],[[[108.85106,-7.29415],[108.85106,-7.2937],[108.85152,-7.2937],[108.85152,-7.29415],[108.85106,-7.29415]]],[[[108.85332,-7.2935],[108.85332,-7.2934],[108.85332,-7.29326],[108.85333,-7.29326],[108.85378,-7.29326],[108.85378,-7.29347],[108.85378,-7.29356],[108.85378,-7.29371],[108.85333,-7.29371],[108.85332,-7.29371],[108.85332,-7.2935]]],[[[108.85288,-7.291],[108.85288,-7.29055],[108.85288,-7.29009],[108.85334,-7.29009],[108.85334,-7.29055],[108.85334,-7.291],[108.85288,-7.291]]],[[[108.85272,-7.28811],[108.85272,-7.28793],[108.85254,-7.28793],[108.85254,-7.28792],[108.85272,-7.28792],[108.8529,-7.28792],[108.85291,-7.28792],[108.85308,-7.28792],[108.85308,-7.28784],[108.85308,-7.28783],[108.85308,-7.28774],[108.85309,-7.28774],[108.85309,-7.28739],[108.85309,-7.28738],[108.85291,-7.28738],[108.8529,-7.28738],[108.8529,-7.2872],[108.85272,-7.2872],[108.85254,-7.2872],[108.85245,-7.2872],[108.85245,-7.28693],[108.85245,-7.28648],[108.85291,-7.28648],[108.85291,-7.28693],[108.85336,-7.28693],[108.85336,-7.28738],[108.85336,-7.28739],[108.85336,-7.28783],[108.85336,-7.28784],[108.85381,-7.28784],[108.85381,-7.28802],[108.85381,-7.28811],[108.85381,-7.28829],[108.85381,-7.28874],[108.85381,-7.28919],[108.85381,-7.2892],[108.85335,-7.2892],[108.85335,-7.28965],[108.85289,-7.28965],[108.85289,-7.28938],[108.85289,-7.28929],[108.85289,-7.28919],[108.85313,-7.28919],[108.85323,-7.28919],[108.85335,-7.28919],[108.85335,-7.28895],[108.85335,-7.28874],[108.85334,-7.28874],[108.8529,-7.28874],[108.8529,-7.28829],[108.8529,-7.28811],[108.85272,-7.28811]]],[[[108.84891,-7.28863],[108.84892,-7.28863],[108.84892,-7.28872],[108.84891,-7.28872],[108.84891,-7.28863]]],[[[108.85076,-7.28873],[108.85084,-7.28828],[108.85109,-7.28828],[108.85109,-7.28873],[108.85076,-7.28873]]],[[[108.85253,-7.28828],[108.85253,-7.28829],[108.85245,-7.28829],[108.85245,-7.28828],[108.85253,-7.28828]]],[[[108.84928,-7.28791],[108.8491,-7.28791],[108.8491,-7.28782],[108.84928,-7.28782],[108.84928,-7.28791]]],[[[108.85336,-7.28467],[108.85382,-7.28467],[108.85382,-7.28468],[108.85382,-7.28513],[108.85426,-7.28513],[108.85427,-7.28513],[108.85427,-7.28468],[108.85427,-7.28423],[108.85427,-7.28377],[108.85473,-7.28377],[108.85473,-7.28423],[108.85518,-7.28423],[108.85518,-7.28378],[108.85518,-7.28356],[108.85518,-7.28333],[108.85518,-7.28288],[108.85564,-7.28288],[108.85564,-7.28243],[108.85564,-7.28197],[108.85609,-7.28197],[108.85609,-7.28153],[108.85609,-7.28152],[108.85609,-7.28108],[108.85609,-7.28107],[108.85565,-7.28107],[108.85564,-7.28107],[108.85547,-7.28107],[108.85547,-7.28089],[108.85564,-7.28089],[108.85565,-7.28089],[108.85583,-7.28089],[108.85583,-7.28071],[108.85609,-7.28071],[108.8561,-7.28071],[108.85619,-7.28071],[108.85619,-7.28062],[108.85655,-7.28062],[108.85655,-7.28017],[108.857,-7.28017],[108.85701,-7.28017],[108.85701,-7.27972],[108.85656,-7.27972],[108.85637,-7.27972],[108.85637,-7.27959],[108.85637,-7.2795],[108.85637,-7.27945],[108.8562,-7.27945],[108.8561,-7.27945],[108.8561,-7.27927],[108.85602,-7.27927],[108.85602,-7.27908],[108.85602,-7.27881],[108.85611,-7.27881],[108.85611,-7.27837],[108.85611,-7.27836],[108.8562,-7.27836],[108.85656,-7.27836],[108.85656,-7.27818],[108.85657,-7.27818],[108.85693,-7.27818],[108.85693,-7.27791],[108.85702,-7.27791],[108.85702,-7.27758],[108.85702,-7.27754],[108.85702,-7.27746],[108.85747,-7.27746],[108.85747,-7.27702],[108.85747,-7.27701],[108.85747,-7.27656],[108.85748,-7.27656],[108.85792,-7.27656],[108.85793,-7.27656],[108.85838,-7.27656],[108.85838,-7.27702],[108.85793,-7.27702],[108.85793,-7.27747],[108.85813,-7.27747],[108.85793,-7.27751],[108.85792,-7.27751],[108.85792,-7.27747],[108.85748,-7.27747],[108.85748,-7.27754],[108.85748,-7.27792],[108.85784,-7.27792],[108.85784,-7.27801],[108.85765,-7.27801],[108.85747,-7.27801],[108.85747,-7.27792],[108.85702,-7.27792],[108.85702,-7.27837],[108.8571,-7.27837],[108.8571,-7.27873],[108.85729,-7.27873],[108.85729,-7.27882],[108.85729,-7.27891],[108.8571,-7.27891],[108.8571,-7.27909],[108.85702,-7.27909],[108.85701,-7.27909],[108.85692,-7.27909],[108.85692,-7.27927],[108.85692,-7.27945],[108.85701,-7.27945],[108.85702,-7.27945],[108.8571,-7.27945],[108.8571,-7.27948],[108.8571,-7.27957],[108.8571,-7.27963],[108.85729,-7.27963],[108.85746,-7.27963],[108.85747,-7.27963],[108.85765,-7.27963],[108.85765,-7.27956],[108.85765,-7.27947],[108.85765,-7.27928],[108.85765,-7.27927],[108.85765,-7.27909],[108.85747,-7.27909],[108.85747,-7.27891],[108.85764,-7.27891],[108.85765,-7.27891],[108.85792,-7.27891],[108.85793,-7.27891],[108.85801,-7.27891],[108.85801,-7.27883],[108.85801,-7.27882],[108.85801,-7.27855],[108.85793,-7.27855],[108.85792,-7.27855],[108.85783,-7.27855],[108.85783,-7.27837],[108.85792,-7.27837],[108.85793,-7.27837],[108.85801,-7.27837],[108.85801,-7.27819],[108.85802,-7.27819],[108.8582,-7.27819],[108.8582,-7.27792],[108.8582,-7.27783],[108.85793,-7.27783],[108.85792,-7.27783],[108.85792,-7.27755],[108.85838,-7.27765],[108.85838,-7.27792],[108.85883,-7.27792],[108.85883,-7.27837],[108.85883,-7.27838],[108.85883,-7.27882],[108.85883,-7.27883],[108.85928,-7.27883],[108.85928,-7.27928],[108.85973,-7.27928],[108.85973,-7.27883],[108.86018,-7.27883],[108.86018,-7.27838],[108.86036,-7.27838],[108.86036,-7.27884],[108.86018,-7.27884],[108.86018,-7.27928],[108.86018,-7.27929],[108.85973,-7.27929],[108.85973,-7.27941],[108.85973,-7.2795],[108.85973,-7.27973],[108.86018,-7.27973],[108.86018,-7.27974],[108.86018,-7.2799],[108.86018,-7.28019],[108.86018,-7.2804],[108.86018,-7.28064],[108.86013,-7.28064],[108.86004,-7.28064],[108.85973,-7.28064],[108.85973,-7.28109],[108.85927,-7.28109],[108.85927,-7.28154],[108.85882,-7.28154],[108.85881,-7.28154],[108.85836,-7.28154],[108.85791,-7.28154],[108.85791,-7.28199],[108.85745,-7.28199],[108.85745,-7.28243],[108.8579,-7.28243],[108.8579,-7.28244],[108.8579,-7.28289],[108.85745,-7.28289],[108.85744,-7.28289],[108.857,-7.28289],[108.85699,-7.28289],[108.85655,-7.28289],[108.85655,-7.28333],[108.85654,-7.28333],[108.8561,-7.28333],[108.85609,-7.28333],[108.85564,-7.28333],[108.85564,-7.28375],[108.85564,-7.28378],[108.85571,-7.28378],[108.85609,-7.28378],[108.85609,-7.28393],[108.85609,-7.28394],[108.85609,-7.28423],[108.85609,-7.28424],[108.85654,-7.28424],[108.85654,-7.28469],[108.85609,-7.28469],[108.85608,-7.28469],[108.85564,-7.28469],[108.85563,-7.28469],[108.85563,-7.28513],[108.85563,-7.28514],[108.85563,-7.28559],[108.85518,-7.28559],[108.85517,-7.28559],[108.8549,-7.28559],[108.8549,-7.28558],[108.85508,-7.28558],[108.85508,-7.28514],[108.85508,-7.28513],[108.85508,-7.28504],[108.85509,-7.28504],[108.85517,-7.28504],[108.85518,-7.28504],[108.85527,-7.28504],[108.85527,-7.28469],[108.85527,-7.28468],[108.85527,-7.2845],[108.85518,-7.2845],[108.85491,-7.2845],[108.85491,-7.28468],[108.85491,-7.28486],[108.85491,-7.28487],[108.85473,-7.28487],[108.85472,-7.28487],[108.85472,-7.28513],[108.85472,-7.2854],[108.85472,-7.28541],[108.85454,-7.28541],[108.85454,-7.28558],[108.85454,-7.28559],[108.85436,-7.28559],[108.85436,-7.28577],[108.85427,-7.28577],[108.85426,-7.28577],[108.85417,-7.28577],[108.85417,-7.28603],[108.85417,-7.28604],[108.85417,-7.28612],[108.85427,-7.28612],[108.85427,-7.28649],[108.85472,-7.28649],[108.85472,-7.28694],[108.85426,-7.28694],[108.85381,-7.28694],[108.8538,-7.28694],[108.8538,-7.28648],[108.85336,-7.28648],[108.85335,-7.28648],[108.85335,-7.28603],[108.85336,-7.28603],[108.85381,-7.28603],[108.85381,-7.28558],[108.85381,-7.28513],[108.85336,-7.28513],[108.85336,-7.28468],[108.85336,-7.28467]],[[108.85657,-7.27837],[108.85657,-7.27881],[108.85657,-7.27882],[108.85701,-7.27882],[108.85702,-7.27882],[108.85702,-7.27837],[108.85657,-7.27837]],[[108.85883,-7.27928],[108.85882,-7.27928],[108.85838,-7.27928],[108.85838,-7.27945],[108.85838,-7.27954],[108.85838,-7.27973],[108.85792,-7.27973],[108.85792,-7.28018],[108.85792,-7.28063],[108.85836,-7.28063],[108.85837,-7.28063],[108.85881,-7.28063],[108.85882,-7.28063],[108.85882,-7.28018],[108.85927,-7.28018],[108.85927,-7.27973],[108.85928,-7.27973],[108.85928,-7.27952],[108.85928,-7.27942],[108.85928,-7.27928],[108.85883,-7.27928]],[[108.857,-7.28153],[108.857,-7.28144],[108.85727,-7.28144],[108.85727,-7.28108],[108.85728,-7.28108],[108.85745,-7.28108],[108.85746,-7.28108],[108.85746,-7.28063],[108.85746,-7.28036],[108.8571,-7.28036],[108.8571,-7.28054],[108.85701,-7.28054],[108.857,-7.28054],[108.85691,-7.28054],[108.85691,-7.28062],[108.85691,-7.28063],[108.85691,-7.28072],[108.85674,-7.28072],[108.85674,-7.2809],[108.85673,-7.2809],[108.85673,-7.28108],[108.85655,-7.28108],[108.85619,-7.28108],[108.85619,-7.28143],[108.85637,-7.28143],[108.85637,-7.28144],[108.85619,-7.28144],[108.85619,-7.28152],[108.85619,-7.28153],[108.85619,-7.2818],[108.85654,-7.2818],[108.85655,-7.2818],[108.85655,-7.28162],[108.85692,-7.28162],[108.85692,-7.28153],[108.857,-7.28153]],[[108.857,-7.28198],[108.85745,-7.28198],[108.85745,-7.28154],[108.85745,-7.28153],[108.857,-7.28153],[108.857,-7.28198]],[[108.85655,-7.28198],[108.85654,-7.28198],[108.85636,-7.28198],[108.85636,-7.28234],[108.85636,-7.28243],[108.85636,-7.28252],[108.85618,-7.28252],[108.85618,-7.28288],[108.8561,-7.28288],[108.85609,-7.28288],[108.856,-7.28288],[108.856,-7.28324],[108.85609,-7.28324],[108.8561,-7.28324],[108.85636,-7.28324],[108.85636,-7.28306],[108.85654,-7.28306],[108.85654,-7.28289],[108.85654,-7.28288],[108.85655,-7.28288],[108.85672,-7.28288],[108.85672,-7.2827],[108.85673,-7.2827],[108.8569,-7.2827],[108.85691,-7.2827],[108.85699,-7.2827],[108.857,-7.2827],[108.85727,-7.2827],[108.85727,-7.28244],[108.85727,-7.28243],[108.85727,-7.28235],[108.85709,-7.28235],[108.85709,-7.28234],[108.857,-7.28234],[108.85699,-7.28234],[108.85691,-7.28234],[108.85691,-7.28198],[108.85691,-7.2818],[108.85655,-7.2818],[108.85655,-7.28198]],[[108.858,-7.28072],[108.858,-7.28108],[108.858,-7.28126],[108.85818,-7.28126],[108.85836,-7.28126],[108.85836,-7.28145],[108.85872,-7.28145],[108.85872,-7.28109],[108.85872,-7.28108],[108.85872,-7.28091],[108.85854,-7.28091],[108.85837,-7.2809],[108.85837,-7.28072],[108.85836,-7.28072],[108.858,-7.28072]]],[[[108.84929,-7.28628],[108.84947,-7.28628],[108.84947,-7.2861],[108.84965,-7.2861],[108.84965,-7.28601],[108.84974,-7.28601],[108.84974,-7.28647],[108.84928,-7.28647],[108.84928,-7.28646],[108.84929,-7.28646],[108.84929,-7.28628]]],[[[108.84857,-7.28447],[108.84857,-7.28465],[108.84839,-7.28465],[108.84839,-7.28447],[108.84857,-7.28447]]],[[[108.85248,-7.28151],[108.85248,-7.28196],[108.85248,-7.28241],[108.85248,-7.28273],[108.85248,-7.28278],[108.85226,-7.28269],[108.85202,-7.28264],[108.85202,-7.2826],[108.85202,-7.28241],[108.85157,-7.28241],[108.85157,-7.28196],[108.85157,-7.28195],[108.85202,-7.28195],[108.85202,-7.28151],[108.85248,-7.28151]]],[[[108.85021,-7.28195],[108.85021,-7.28238],[108.84975,-7.28229],[108.84975,-7.28195],[108.85021,-7.28195]]],[[[108.85293,-7.28196],[108.85293,-7.28151],[108.85339,-7.28151],[108.85339,-7.28196],[108.85293,-7.28196]]],[[[108.85159,-7.27925],[108.85158,-7.27925],[108.85113,-7.27925],[108.85113,-7.27924],[108.85068,-7.27924],[108.85068,-7.27879],[108.85023,-7.27879],[108.85023,-7.27834],[108.85023,-7.27833],[108.85068,-7.27833],[108.85069,-7.27833],[108.85069,-7.27834],[108.85069,-7.27879],[108.85113,-7.27879],[108.85114,-7.27879],[108.85158,-7.27879],[108.85159,-7.27879],[108.85203,-7.27879],[108.85203,-7.27834],[108.85204,-7.27834],[108.85248,-7.27834],[108.85249,-7.27834],[108.85294,-7.27834],[108.85294,-7.27835],[108.8534,-7.27835],[108.8534,-7.27873],[108.8534,-7.2788],[108.85331,-7.2788],[108.85294,-7.2788],[108.85249,-7.2788],[108.85249,-7.27925],[108.85274,-7.27925],[108.85286,-7.27925],[108.85294,-7.27925],[108.85294,-7.2797],[108.85249,-7.2797],[108.85249,-7.28015],[108.85203,-7.28015],[108.85203,-7.27991],[108.85203,-7.27981],[108.85203,-7.2797],[108.85217,-7.2797],[108.8523,-7.2797],[108.85248,-7.2797],[108.85248,-7.27955],[108.85248,-7.27945],[108.85248,-7.27925],[108.85204,-7.27925],[108.85203,-7.27925],[108.85159,-7.27925]]],[[[108.85475,-7.27835],[108.85475,-7.27843],[108.85475,-7.27881],[108.85475,-7.2789],[108.85494,-7.2789],[108.8552,-7.2789],[108.85521,-7.2789],[108.85529,-7.2789],[108.8553,-7.2789],[108.8553,-7.27908],[108.85548,-7.27908],[108.85548,-7.27926],[108.85548,-7.27944],[108.85565,-7.27944],[108.85566,-7.27944],[108.85566,-7.27952],[108.85566,-7.27961],[108.85566,-7.27963],[108.85547,-7.27963],[108.85547,-7.27971],[108.85547,-7.27972],[108.85547,-7.28016],[108.85547,-7.28017],[108.85547,-7.28035],[108.85529,-7.28035],[108.8552,-7.28035],[108.85519,-7.28035],[108.85475,-7.28035],[108.85475,-7.28053],[108.85474,-7.28053],[108.85474,-7.28016],[108.8543,-7.28016],[108.85429,-7.28016],[108.85429,-7.28052],[108.8542,-7.28052],[108.8542,-7.28061],[108.85384,-7.28061],[108.85384,-7.28016],[108.85384,-7.27971],[108.85402,-7.27971],[108.85402,-7.2798],[108.85429,-7.2798],[108.8543,-7.2798],[108.85439,-7.2798],[108.85439,-7.27998],[108.85475,-7.27998],[108.85475,-7.28016],[108.85519,-7.28016],[108.8552,-7.28016],[108.8552,-7.27972],[108.8552,-7.27971],[108.85493,-7.27971],[108.85493,-7.27963],[108.85493,-7.27954],[108.85493,-7.27926],[108.85493,-7.27908],[108.85475,-7.27908],[108.85461,-7.27908],[108.85451,-7.27908],[108.85439,-7.27908],[108.85439,-7.27926],[108.85429,-7.27926],[108.85429,-7.27881],[108.85384,-7.27881],[108.85384,-7.27849],[108.85384,-7.2784],[108.85384,-7.27835],[108.85391,-7.27835],[108.85404,-7.27835],[108.8543,-7.27835],[108.85468,-7.27835],[108.85475,-7.27835]]],[[[108.85294,-7.27744],[108.8534,-7.27744],[108.8534,-7.2779],[108.85294,-7.2779],[108.85294,-7.27744]]],[[[108.85159,-7.27744],[108.85159,-7.27699],[108.85205,-7.27699],[108.85205,-7.27744],[108.85159,-7.27744]]],[[[108.84797,-7.27742],[108.84797,-7.27697],[108.84843,-7.27697],[108.84843,-7.27742],[108.84797,-7.27742]]],[[[108.84843,-7.27607],[108.84798,-7.27607],[108.84798,-7.27561],[108.84843,-7.27561],[108.84844,-7.27561],[108.84844,-7.27607],[108.84843,-7.27607]]],[[[108.84979,-7.27472],[108.84979,-7.27427],[108.85025,-7.27427],[108.85025,-7.27472],[108.84979,-7.27472]]],[[[108.84798,-7.27426],[108.84798,-7.27381],[108.84844,-7.27381],[108.84844,-7.27426],[108.84798,-7.27426]]],[[[108.84844,-7.27326],[108.84863,-7.27327],[108.84863,-7.27336],[108.84844,-7.27336],[108.84844,-7.27326]]],[[[108.84935,-7.27336],[108.84899,-7.27336],[108.84899,-7.27291],[108.84935,-7.27291],[108.84981,-7.27291],[108.84981,-7.27336],[108.84935,-7.27336]]],[[[108.8489,-7.27291],[108.84881,-7.27291],[108.84881,-7.2729],[108.8489,-7.2729],[108.8489,-7.27291]]],[[[108.85071,-7.27292],[108.85071,-7.27246],[108.85117,-7.27246],[108.85117,-7.27292],[108.85071,-7.27292]]],[[[108.84981,-7.27201],[108.85008,-7.27201],[108.85008,-7.27246],[108.84981,-7.27246],[108.84981,-7.27201]]],[[[108.84898,-7.25574],[108.84898,-7.25529],[108.84943,-7.25529],[108.84943,-7.25574],[108.84898,-7.25574]]],[[[108.84853,-7.25529],[108.84853,-7.25483],[108.84898,-7.25483],[108.84898,-7.25529],[108.84853,-7.25529]]],[[[108.85161,-7.25439],[108.85171,-7.25439],[108.85171,-7.25485],[108.85161,-7.25485],[108.85161,-7.25484],[108.85161,-7.25439]]],[[[108.8508,-7.25394],[108.8508,-7.25375],[108.8508,-7.25374],[108.8508,-7.25349],[108.85126,-7.25349],[108.85126,-7.25394],[108.85125,-7.25394],[108.85124,-7.25394],[108.85107,-7.25394],[108.85089,-7.25394],[108.8508,-7.25394]]],[[[108.84944,-7.25394],[108.84944,-7.25348],[108.8499,-7.25348],[108.8499,-7.25394],[108.84944,-7.25394]]],[[[108.85848,-7.36927],[108.85848,-7.36928],[108.85867,-7.36928],[108.85867,-7.36946],[108.85884,-7.36946],[108.85884,-7.36948],[108.85865,-7.36946],[108.85839,-7.36945],[108.85839,-7.36928],[108.85839,-7.36927],[108.85848,-7.36927]]],[[[108.8584,-7.36874],[108.8583,-7.36874],[108.8583,-7.36891],[108.8583,-7.36892],[108.85813,-7.36892],[108.85813,-7.36919],[108.85812,-7.36919],[108.85812,-7.36873],[108.85831,-7.36873],[108.8584,-7.36873],[108.8584,-7.36874]]],[[[108.85903,-7.36892],[108.85885,-7.36892],[108.85885,-7.36874],[108.8593,-7.36874],[108.8593,-7.36838],[108.85939,-7.36838],[108.85939,-7.36874],[108.85975,-7.36874],[108.85975,-7.36856],[108.85976,-7.36856],[108.85994,-7.36856],[108.85994,-7.36829],[108.85994,-7.36784],[108.85994,-7.36766],[108.85976,-7.36766],[108.85975,-7.36766],[108.85958,-7.36766],[108.85958,-7.36748],[108.8594,-7.36748],[108.8594,-7.36747],[108.85958,-7.36747],[108.85958,-7.36739],[108.85958,-7.36738],[108.85958,-7.36711],[108.85931,-7.36711],[108.85922,-7.36711],[108.85922,-7.36729],[108.85886,-7.36729],[108.85886,-7.36738],[108.85886,-7.36747],[108.85885,-7.36747],[108.85868,-7.36747],[108.85868,-7.36783],[108.85885,-7.36783],[108.85886,-7.36783],[108.85903,-7.36783],[108.85903,-7.36784],[108.85903,-7.36829],[108.85885,-7.36829],[108.85885,-7.36828],[108.8584,-7.36828],[108.8584,-7.36783],[108.85807,-7.36783],[108.85797,-7.36783],[108.85795,-7.36783],[108.85749,-7.36783],[108.85749,-7.36737],[108.85783,-7.36737],[108.85792,-7.36737],[108.85795,-7.36737],[108.85795,-7.36693],[108.85795,-7.36692],[108.85795,-7.36647],[108.85841,-7.36647],[108.85841,-7.36625],[108.85841,-7.36602],[108.85886,-7.36602],[108.85886,-7.36557],[108.85932,-7.36557],[108.85932,-7.36558],[108.85976,-7.36558],[108.85976,-7.36513],[108.85977,-7.36513],[108.85977,-7.36468],[108.85977,-7.36467],[108.85932,-7.36467],[108.85932,-7.36422],[108.85977,-7.36422],[108.85978,-7.36422],[108.86022,-7.36422],[108.86023,-7.36422],[108.86023,-7.36377],[108.85978,-7.36377],[108.85959,-7.36377],[108.85952,-7.36377],[108.85949,-7.36377],[108.85932,-7.36377],[108.85932,-7.36352],[108.85932,-7.36332],[108.85978,-7.36332],[108.85978,-7.36287],[108.8596,-7.36287],[108.8596,-7.36277],[108.85978,-7.36277],[108.85978,-7.36242],[108.85979,-7.36242],[108.86023,-7.36242],[108.86024,-7.36242],[108.86069,-7.36242],[108.86069,-7.36206],[108.86051,-7.36206],[108.86051,-7.36197],[108.86051,-7.36188],[108.86033,-7.36188],[108.86033,-7.3617],[108.86025,-7.3617],[108.86024,-7.3617],[108.85997,-7.3617],[108.85997,-7.36187],[108.85996,-7.36187],[108.85979,-7.36187],[108.85961,-7.36187],[108.85961,-7.3617],[108.85961,-7.36169],[108.85959,-7.36169],[108.85943,-7.36169],[108.85943,-7.36167],[108.85943,-7.36158],[108.85943,-7.36151],[108.85979,-7.36151],[108.85983,-7.36151],[108.85993,-7.36151],[108.86024,-7.36151],[108.86025,-7.36151],[108.86069,-7.36151],[108.8607,-7.36151],[108.8607,-7.36152],[108.86089,-7.36152],[108.86114,-7.36152],[108.86114,-7.36149],[108.86114,-7.36107],[108.86115,-7.36107],[108.8616,-7.36107],[108.8616,-7.36152],[108.86204,-7.36152],[108.86205,-7.36152],[108.86214,-7.36152],[108.86214,-7.36176],[108.86214,-7.36186],[108.86214,-7.36197],[108.86214,-7.36198],[108.86214,-7.36206],[108.86232,-7.36206],[108.86232,-7.36207],[108.86214,-7.36207],[108.86214,-7.36243],[108.86232,-7.36243],[108.86249,-7.36243],[108.8625,-7.36243],[108.8625,-7.36275],[108.8625,-7.36279],[108.86286,-7.36279],[108.86286,-7.36243],[108.86294,-7.36243],[108.86295,-7.36243],[108.86304,-7.36243],[108.86304,-7.36216],[108.86304,-7.36211],[108.86304,-7.36207],[108.86307,-7.36207],[108.8631,-7.36207],[108.86323,-7.36207],[108.86323,-7.36198],[108.86323,-7.36171],[108.86311,-7.36171],[108.86306,-7.36171],[108.86305,-7.36171],[108.86305,-7.36165],[108.86305,-7.36155],[108.86305,-7.36153],[108.86305,-7.36135],[108.863,-7.36135],[108.86299,-7.36135],[108.86296,-7.36135],[108.86295,-7.36135],[108.86292,-7.36135],[108.86287,-7.36135],[108.86287,-7.36116],[108.86287,-7.36108],[108.86287,-7.36107],[108.86287,-7.36099],[108.86286,-7.36099],[108.86282,-7.36099],[108.86251,-7.36099],[108.86251,-7.36107],[108.86251,-7.36108],[108.86251,-7.36116],[108.8625,-7.36116],[108.8625,-7.36108],[108.8625,-7.36107],[108.8625,-7.36062],[108.86275,-7.36062],[108.86276,-7.36062],[108.86277,-7.36062],[108.86282,-7.36062],[108.86296,-7.36062],[108.86296,-7.36107],[108.86341,-7.36107],[108.86341,-7.36108],[108.86386,-7.36108],[108.86386,-7.36153],[108.86396,-7.36153],[108.86396,-7.36171],[108.86395,-7.36171],[108.86386,-7.36171],[108.86377,-7.36171],[108.86377,-7.36198],[108.86377,-7.36207],[108.86385,-7.36207],[108.86386,-7.36207],[108.86395,-7.36207],[108.86395,-7.36225],[108.86413,-7.36225],[108.86431,-7.36225],[108.86449,-7.36225],[108.86449,-7.36199],[108.86449,-7.36198],[108.86449,-7.36189],[108.86467,-7.36189],[108.86467,-7.36171],[108.86468,-7.36171],[108.86476,-7.36171],[108.86477,-7.36171],[108.86486,-7.36171],[108.86486,-7.36154],[108.86521,-7.36154],[108.86522,-7.36154],[108.86522,-7.36136],[108.8654,-7.36136],[108.8654,-7.36154],[108.8654,-7.36172],[108.86522,-7.36172],[108.86521,-7.36172],[108.86521,-7.36199],[108.86521,-7.36208],[108.86522,-7.36208],[108.86558,-7.36208],[108.86558,-7.36199],[108.86558,-7.3619],[108.86567,-7.3619],[108.86576,-7.3619],[108.86576,-7.36172],[108.86594,-7.36172],[108.86594,-7.36154],[108.86612,-7.36154],[108.86612,-7.36118],[108.86613,-7.36118],[108.86613,-7.36136],[108.86649,-7.36136],[108.86649,-7.36154],[108.86649,-7.36172],[108.86658,-7.36172],[108.86658,-7.362],[108.86613,-7.362],[108.86613,-7.36245],[108.86567,-7.36245],[108.86567,-7.36244],[108.86522,-7.36244],[108.86521,-7.36244],[108.86477,-7.36244],[108.86476,-7.36244],[108.86431,-7.36244],[108.86386,-7.36244],[108.86386,-7.36289],[108.8634,-7.36289],[108.86295,-7.36289],[108.86295,-7.36333],[108.8634,-7.36333],[108.8634,-7.36379],[108.8634,-7.36424],[108.86295,-7.36424],[108.86295,-7.36469],[108.86295,-7.36514],[108.86339,-7.36514],[108.8634,-7.36514],[108.86385,-7.36514],[108.86385,-7.36469],[108.8643,-7.36469],[108.8643,-7.3647],[108.86475,-7.3647],[108.86475,-7.36425],[108.86521,-7.36425],[108.86521,-7.3647],[108.8652,-7.3647],[108.8652,-7.36515],[108.86565,-7.36515],[108.86611,-7.36515],[108.86611,-7.36516],[108.86656,-7.36516],[108.86656,-7.36561],[108.86611,-7.36561],[108.8661,-7.36561],[108.8661,-7.36606],[108.86655,-7.36606],[108.86656,-7.36606],[108.86656,-7.36624],[108.86655,-7.36624],[108.86655,-7.36625],[108.86647,-7.36625],[108.86647,-7.36642],[108.86646,-7.36642],[108.86628,-7.36642],[108.86628,-7.36651],[108.86628,-7.3666],[108.86628,-7.36661],[108.8661,-7.36661],[108.8661,-7.36696],[108.86628,-7.36696],[108.86655,-7.36696],[108.86656,-7.36696],[108.86664,-7.36696],[108.86664,-7.36678],[108.86683,-7.36678],[108.86683,-7.3666],[108.867,-7.3666],[108.867,-7.36652],[108.867,-7.36651],[108.867,-7.36606],[108.86746,-7.36606],[108.86746,-7.36652],[108.86701,-7.36652],[108.86701,-7.36697],[108.86745,-7.36697],[108.86746,-7.36697],[108.8679,-7.36697],[108.86791,-7.36697],[108.86836,-7.36697],[108.86836,-7.36652],[108.86881,-7.36652],[108.86882,-7.36652],[108.86927,-7.36652],[108.86927,-7.36653],[108.86927,-7.36698],[108.86882,-7.36698],[108.86881,-7.36698],[108.86836,-7.36698],[108.86836,-7.36742],[108.86836,-7.36743],[108.86881,-7.36743],[108.86881,-7.36788],[108.86925,-7.36788],[108.86926,-7.36788],[108.86971,-7.36788],[108.86971,-7.36834],[108.87016,-7.36834],[108.87016,-7.36879],[108.86971,-7.36879],[108.8697,-7.36879],[108.8697,-7.36834],[108.86926,-7.36834],[108.86925,-7.36834],[108.86925,-7.36833],[108.86881,-7.36833],[108.8688,-7.36833],[108.86836,-7.36833],[108.86835,-7.36833],[108.8679,-7.36833],[108.8679,-7.36788],[108.8679,-7.36743],[108.8679,-7.36742],[108.86746,-7.36742],[108.86746,-7.36787],[108.86745,-7.36787],[108.86701,-7.36787],[108.867,-7.36787],[108.86655,-7.36787],[108.86655,-7.36832],[108.86655,-7.36877],[108.86655,-7.36922],[108.867,-7.36922],[108.867,-7.36923],[108.86745,-7.36923],[108.86745,-7.36968],[108.86745,-7.37013],[108.86699,-7.37013],[108.86699,-7.37058],[108.86684,-7.37058],[108.86683,-7.37053],[108.86679,-7.37043],[108.86667,-7.37034],[108.86653,-7.37032],[108.86653,-7.37013],[108.86608,-7.37013],[108.86608,-7.36968],[108.86608,-7.36967],[108.86608,-7.36922],[108.86564,-7.36922],[108.86563,-7.36922],[108.86519,-7.36922],[108.86518,-7.36922],[108.86473,-7.36922],[108.86449,-7.36922],[108.86442,-7.36918],[108.86427,-7.3691],[108.86427,-7.36876],[108.86428,-7.36876],[108.86428,-7.3684],[108.86446,-7.3684],[108.86446,-7.36858],[108.86464,-7.36858],[108.86473,-7.36858],[108.86474,-7.36858],[108.86482,-7.36858],[108.86483,-7.36858],[108.86501,-7.36858],[108.86518,-7.36858],[108.86519,-7.36858],[108.86519,-7.36858],[108.86537,-7.36859],[108.86537,-7.36877],[108.86555,-7.36877],[108.86555,-7.36895],[108.86563,-7.36895],[108.86564,-7.36895],[108.86591,-7.36895],[108.86591,-7.36877],[108.86591,-7.36859],[108.86573,-7.36859],[108.86573,-7.36832],[108.86573,-7.36787],[108.86573,-7.36786],[108.86609,-7.36786],[108.86609,-7.36742],[108.86564,-7.36742],[108.86564,-7.36741],[108.8652,-7.36741],[108.8652,-7.3675],[108.86519,-7.3675],[108.86519,-7.36741],[108.86519,-7.36732],[108.86483,-7.36732],[108.86483,-7.36741],[108.86483,-7.36768],[108.86474,-7.36768],[108.86447,-7.36768],[108.86447,-7.36786],[108.86447,-7.36804],[108.86429,-7.36804],[108.86428,-7.36804],[108.86428,-7.36831],[108.86383,-7.36831],[108.86383,-7.36786],[108.86338,-7.36786],[108.86338,-7.36741],[108.86338,-7.3674],[108.86293,-7.3674],[108.86248,-7.3674],[108.86247,-7.3674],[108.86202,-7.3674],[108.86202,-7.36694],[108.86157,-7.36694],[108.86112,-7.36694],[108.86112,-7.36739],[108.86067,-7.36739],[108.86067,-7.36784],[108.86111,-7.36784],[108.86112,-7.36784],[108.86112,-7.36789],[108.86111,-7.36789],[108.86104,-7.36789],[108.86086,-7.3679],[108.86075,-7.36791],[108.86066,-7.36793],[108.86066,-7.36784],[108.8605,-7.36784],[108.86021,-7.36784],[108.86021,-7.36829],[108.86061,-7.36829],[108.86062,-7.36829],[108.86063,-7.36835],[108.86063,-7.3684],[108.86067,-7.36852],[108.86067,-7.36853],[108.86072,-7.36868],[108.86073,-7.36874],[108.86073,-7.36874],[108.86083,-7.3692],[108.86085,-7.36929],[108.86085,-7.3693],[108.86085,-7.36957],[108.86083,-7.36965],[108.86066,-7.36965],[108.86066,-7.3692],[108.86021,-7.3692],[108.85976,-7.3692],[108.85976,-7.36928],[108.85975,-7.36928],[108.85975,-7.3692],[108.85975,-7.36919],[108.85975,-7.3691],[108.85957,-7.3691],[108.85939,-7.3691],[108.85931,-7.3691],[108.8593,-7.3691],[108.85921,-7.3691],[108.8592,-7.3691],[108.85903,-7.3691],[108.85903,-7.36892]],[[108.86069,-7.36287],[108.86114,-7.36287],[108.8616,-7.36287],[108.8616,-7.36323],[108.8616,-7.36324],[108.8616,-7.36333],[108.86204,-7.36333],[108.86204,-7.36308],[108.86204,-7.36288],[108.86204,-7.36243],[108.8616,-7.36243],[108.86159,-7.36243],[108.86159,-7.36242],[108.86115,-7.36242],[108.86114,-7.36242],[108.8607,-7.36242],[108.86069,-7.36242],[108.86069,-7.36287]],[[108.86565,-7.36606],[108.86565,-7.36642],[108.86556,-7.36642],[108.86556,-7.36606],[108.8652,-7.36606],[108.8652,-7.36624],[108.86519,-7.36624],[108.86502,-7.36624],[108.86475,-7.36624],[108.86474,-7.36624],[108.86466,-7.36624],[108.86466,-7.3665],[108.86466,-7.36651],[108.86466,-7.36659],[108.86475,-7.36659],[108.86475,-7.36696],[108.86501,-7.36696],[108.86502,-7.36696],[108.86519,-7.36696],[108.8652,-7.36696],[108.86538,-7.36696],[108.86538,-7.36678],[108.86565,-7.36678],[108.86574,-7.36678],[108.86574,-7.36651],[108.8661,-7.36651],[108.8661,-7.36606],[108.86565,-7.36606]],[[108.86159,-7.36197],[108.86159,-7.36171],[108.86159,-7.36161],[108.86159,-7.36152],[108.86126,-7.36152],[108.86115,-7.36152],[108.86115,-7.36159],[108.86115,-7.36197],[108.86159,-7.36197]],[[108.86429,-7.36651],[108.86429,-7.3665],[108.86384,-7.3665],[108.86384,-7.36695],[108.86428,-7.36695],[108.86429,-7.36695],[108.86429,-7.36651]],[[108.86203,-7.36468],[108.86204,-7.36468],[108.86204,-7.36424],[108.86204,-7.36423],[108.86159,-7.36423],[108.86159,-7.36468],[108.86203,-7.36468]],[[108.86021,-7.36738],[108.86021,-7.36696],[108.86021,-7.36694],[108.8602,-7.36694],[108.85976,-7.36694],[108.85976,-7.36738],[108.86021,-7.36738]],[[108.86247,-7.36694],[108.86247,-7.3665],[108.86203,-7.3665],[108.86203,-7.36694],[108.86247,-7.36694]],[[108.86114,-7.36333],[108.86068,-7.36333],[108.86068,-7.36332],[108.86024,-7.36332],[108.86024,-7.3635],[108.86024,-7.36377],[108.86069,-7.36377],[108.86069,-7.36423],[108.86113,-7.36423],[108.86113,-7.36378],[108.86159,-7.36378],[108.86159,-7.36333],[108.86128,-7.36333],[108.86114,-7.36333]],[[108.86294,-7.36378],[108.86294,-7.36333],[108.8625,-7.36333],[108.8625,-7.36378],[108.86294,-7.36378]],[[108.86295,-7.36124],[108.86295,-7.36124],[108.86289,-7.36108],[108.86295,-7.36124]]],[[[108.8566,-7.36466],[108.85615,-7.36466],[108.85615,-7.36421],[108.85615,-7.3642],[108.85615,-7.36375],[108.85616,-7.36375],[108.8566,-7.36375],[108.8566,-7.3633],[108.85661,-7.3633],[108.85661,-7.36285],[108.85706,-7.36285],[108.85706,-7.3624],[108.85662,-7.3624],[108.85661,-7.3624],[108.85617,-7.3624],[108.85616,-7.3624],[108.85616,-7.36285],[108.85571,-7.36285],[108.85571,-7.3633],[108.85526,-7.3633],[108.85525,-7.3633],[108.85525,-7.36285],[108.85526,-7.36285],[108.8557,-7.36285],[108.8557,-7.3624],[108.85571,-7.3624],[108.85571,-7.36195],[108.85571,-7.36194],[108.85526,-7.36194],[108.85526,-7.36149],[108.85481,-7.36149],[108.85436,-7.36149],[108.85435,-7.36149],[108.85435,-7.36104],[108.85435,-7.36103],[108.85435,-7.36058],[108.85436,-7.36058],[108.85436,-7.36013],[108.85391,-7.36013],[108.85391,-7.35968],[108.85391,-7.35923],[108.85391,-7.35922],[108.85391,-7.35877],[108.85437,-7.35877],[108.85437,-7.35833],[108.85437,-7.35832],[108.85437,-7.35787],[108.85483,-7.35787],[108.85483,-7.35742],[108.85529,-7.35742],[108.85529,-7.35788],[108.85483,-7.35788],[108.85483,-7.35832],[108.85483,-7.35833],[108.85483,-7.35878],[108.85528,-7.35878],[108.85528,-7.35923],[108.85572,-7.35923],[108.85573,-7.35923],[108.85618,-7.35923],[108.85618,-7.35924],[108.85664,-7.35924],[108.85664,-7.35969],[108.85663,-7.35969],[108.85663,-7.36014],[108.85663,-7.36059],[108.85663,-7.36104],[108.85663,-7.36105],[108.85662,-7.36105],[108.85662,-7.36149],[108.85662,-7.3615],[108.85708,-7.3615],[108.85708,-7.36195],[108.85707,-7.36195],[108.85707,-7.3624],[108.85752,-7.3624],[108.85752,-7.36285],[108.85752,-7.36286],[108.85755,-7.36286],[108.85763,-7.36286],[108.85797,-7.36286],[108.85797,-7.36331],[108.85842,-7.36331],[108.85842,-7.36376],[108.85842,-7.36421],[108.85842,-7.36422],[108.85842,-7.36457],[108.85842,-7.36458],[108.85842,-7.36467],[108.8583,-7.36467],[108.85796,-7.36467],[108.85796,-7.36511],[108.85796,-7.36512],[108.85841,-7.36512],[108.85841,-7.36557],[108.85796,-7.36557],[108.85793,-7.36557],[108.85792,-7.36557],[108.85787,-7.36557],[108.85751,-7.36557],[108.85725,-7.36557],[108.85706,-7.36557],[108.85705,-7.36557],[108.85701,-7.36557],[108.85693,-7.36557],[108.85685,-7.36557],[108.8566,-7.36557],[108.8566,-7.36556],[108.8566,-7.36511],[108.8566,-7.36466]],[[108.85572,-7.36104],[108.85616,-7.36104],[108.85617,-7.36104],[108.85617,-7.36059],[108.85617,-7.36014],[108.85573,-7.36014],[108.85572,-7.36014],[108.85572,-7.36059],[108.85572,-7.36104]],[[108.85437,-7.35922],[108.85437,-7.35923],[108.85482,-7.35923],[108.85482,-7.35878],[108.85437,-7.35878],[108.85437,-7.35922]],[[108.85482,-7.35968],[108.85482,-7.36013],[108.85482,-7.36058],[108.85526,-7.36058],[108.85526,-7.36014],[108.85526,-7.36013],[108.85527,-7.36013],[108.85527,-7.35969],[108.85527,-7.35968],[108.85527,-7.35923],[108.85482,-7.35923],[108.85482,-7.35968]]],[[[108.85525,-7.3642],[108.8548,-7.3642],[108.8548,-7.36375],[108.85525,-7.36375],[108.85526,-7.36375],[108.85526,-7.3642],[108.85525,-7.3642]]],[[[108.8548,-7.36284],[108.85481,-7.36284],[108.85481,-7.36329],[108.85481,-7.3633],[108.8548,-7.3633],[108.85435,-7.3633],[108.85435,-7.36329],[108.85435,-7.36284],[108.8548,-7.36284]]],[[[108.85906,-7.36241],[108.85924,-7.36241],[108.85924,-7.36259],[108.85906,-7.36259],[108.85906,-7.36273],[108.85906,-7.36285],[108.85906,-7.36286],[108.85906,-7.36287],[108.85905,-7.36287],[108.8589,-7.36287],[108.85887,-7.36287],[108.85887,-7.36286],[108.85887,-7.36283],[108.85887,-7.36255],[108.85887,-7.36241],[108.85906,-7.36241]]],[[[108.85888,-7.36196],[108.85906,-7.36196],[108.85906,-7.36205],[108.85888,-7.36205],[108.85888,-7.36196]]],[[[108.85665,-7.35472],[108.85665,-7.35427],[108.85711,-7.35427],[108.85711,-7.35472],[108.85665,-7.35472]]],[[[108.85441,-7.35065],[108.85441,-7.35064],[108.85441,-7.35019],[108.85487,-7.35019],[108.85487,-7.35064],[108.85487,-7.35065],[108.85441,-7.35065]]],[[[108.85857,-7.33395],[108.85811,-7.33395],[108.85811,-7.33367],[108.85811,-7.33349],[108.85829,-7.33349],[108.85848,-7.33349],[108.85857,-7.33349],[108.85857,-7.33395]]],[[[108.85631,-7.33258],[108.85631,-7.33213],[108.85677,-7.33213],[108.85677,-7.33258],[108.85631,-7.33258]]],[[[108.8554,-7.33213],[108.8554,-7.33167],[108.85586,-7.33167],[108.85586,-7.33213],[108.8554,-7.33213]]],[[[108.85776,-7.33168],[108.85776,-7.33187],[108.85775,-7.33187],[108.85767,-7.33187],[108.85767,-7.33186],[108.85767,-7.33168],[108.85776,-7.33168]]],[[[108.85556,-7.33041],[108.85541,-7.33041],[108.85541,-7.33032],[108.8556,-7.33032],[108.85569,-7.33032],[108.85587,-7.33032],[108.85587,-7.33077],[108.85559,-7.33077],[108.85559,-7.33055],[108.85559,-7.33041],[108.85556,-7.33041]]],[[[108.85871,-7.32355],[108.85871,-7.32356],[108.85861,-7.32356],[108.85861,-7.32355],[108.85871,-7.32355]]],[[[108.85861,-7.32319],[108.85861,-7.3231],[108.8588,-7.3231],[108.85889,-7.3231],[108.85889,-7.3232],[108.85888,-7.3232],[108.85888,-7.32319],[108.85887,-7.32319],[108.85861,-7.32319]]],[[[108.85772,-7.32039],[108.85772,-7.32012],[108.85773,-7.32012],[108.85781,-7.32012],[108.85781,-7.3203],[108.85791,-7.3203],[108.85817,-7.3203],[108.85817,-7.31994],[108.85817,-7.31976],[108.8579,-7.31976],[108.85782,-7.31976],[108.85782,-7.31958],[108.85773,-7.31958],[108.85772,-7.31958],[108.8576,-7.31958],[108.85751,-7.31958],[108.85746,-7.31958],[108.85746,-7.31994],[108.85745,-7.31994],[108.85727,-7.31994],[108.85727,-7.31948],[108.85749,-7.31948],[108.85758,-7.31948],[108.85772,-7.31948],[108.85773,-7.31948],[108.85818,-7.31948],[108.85818,-7.31994],[108.85818,-7.32039],[108.85835,-7.32039],[108.85836,-7.32039],[108.85836,-7.32066],[108.85854,-7.32066],[108.85863,-7.32066],[108.85863,-7.32084],[108.85908,-7.32084],[108.85908,-7.3213],[108.85862,-7.3213],[108.85862,-7.32084],[108.85819,-7.32084],[108.85817,-7.32084],[108.85817,-7.32081],[108.85817,-7.32039],[108.85795,-7.32039],[108.85785,-7.32039],[108.85772,-7.32039]]],[[[108.85909,-7.31952],[108.85909,-7.31958],[108.85908,-7.31958],[108.85908,-7.31976],[108.8589,-7.31976],[108.85863,-7.31976],[108.85863,-7.31949],[108.85906,-7.31949],[108.85908,-7.31949],[108.85909,-7.31949],[108.85909,-7.31952]]],[[[108.85821,-7.31271],[108.85821,-7.31226],[108.85867,-7.31226],[108.85867,-7.31271],[108.85821,-7.31271]]],[[[108.85821,-7.31045],[108.85822,-7.31045],[108.85867,-7.31045],[108.85867,-7.3109],[108.85867,-7.31091],[108.85822,-7.31091],[108.85821,-7.31091],[108.85821,-7.3109],[108.85821,-7.31045]]],[[[108.85823,-7.30865],[108.85823,-7.30864],[108.85778,-7.30864],[108.85778,-7.30819],[108.85823,-7.30819],[108.85824,-7.30819],[108.85869,-7.30819],[108.85869,-7.30864],[108.85869,-7.30865],[108.85869,-7.3091],[108.85914,-7.3091],[108.85914,-7.30955],[108.85913,-7.30955],[108.85913,-7.31],[108.85867,-7.31],[108.85867,-7.30955],[108.85823,-7.30955],[108.85822,-7.30955],[108.85777,-7.30955],[108.85777,-7.30909],[108.85822,-7.30909],[108.85823,-7.30909],[108.85823,-7.30865]]],[[[108.85461,-7.30953],[108.85506,-7.30953],[108.85507,-7.30953],[108.85507,-7.30998],[108.85506,-7.30998],[108.85506,-7.30999],[108.85461,-7.30999],[108.85461,-7.30998],[108.85461,-7.30953]]],[[[108.85687,-7.30819],[108.85687,-7.30773],[108.85733,-7.30773],[108.85733,-7.30819],[108.85687,-7.30819]]],[[[108.85597,-7.30818],[108.85597,-7.30773],[108.85643,-7.30773],[108.85643,-7.30818],[108.85597,-7.30818]]],[[[108.85461,-7.30773],[108.85461,-7.30772],[108.85461,-7.30727],[108.85506,-7.30727],[108.85506,-7.30682],[108.85552,-7.30682],[108.85552,-7.30727],[108.85552,-7.30728],[108.85507,-7.30728],[108.85507,-7.30772],[108.85507,-7.30773],[108.85461,-7.30773]]],[[[108.85597,-7.30728],[108.85597,-7.30683],[108.85643,-7.30683],[108.85643,-7.30728],[108.85597,-7.30728]]],[[[108.85915,-7.30548],[108.85915,-7.30503],[108.8596,-7.30503],[108.8596,-7.30549],[108.85915,-7.30549],[108.85915,-7.30594],[108.8587,-7.30594],[108.8587,-7.30638],[108.8587,-7.30639],[108.85915,-7.30639],[108.85915,-7.30684],[108.8596,-7.30684],[108.8596,-7.30639],[108.85999,-7.30639],[108.85997,-7.30647],[108.86003,-7.30649],[108.86005,-7.30639],[108.8605,-7.30639],[108.8605,-7.30685],[108.86005,-7.30685],[108.86005,-7.3073],[108.8596,-7.3073],[108.85957,-7.3073],[108.85947,-7.3073],[108.85914,-7.3073],[108.85914,-7.30729],[108.85914,-7.30684],[108.8587,-7.30684],[108.85869,-7.30684],[108.85824,-7.30684],[108.85824,-7.30639],[108.85824,-7.30638],[108.85824,-7.30593],[108.8587,-7.30593],[108.8587,-7.30548],[108.85915,-7.30548]]],[[[108.85733,-7.30683],[108.85733,-7.30638],[108.85779,-7.30638],[108.85779,-7.30683],[108.85733,-7.30683]]],[[[108.85643,-7.30593],[108.85643,-7.30547],[108.85689,-7.30547],[108.85689,-7.30593],[108.85643,-7.30593]]],[[[108.85734,-7.30493],[108.85734,-7.30475],[108.85735,-7.30475],[108.85735,-7.30503],[108.85716,-7.30503],[108.85716,-7.30493],[108.85734,-7.30493]]],[[[108.85825,-7.30503],[108.85825,-7.30458],[108.8587,-7.30458],[108.8587,-7.30503],[108.85825,-7.30503]]],[[[108.85779,-7.30367],[108.8578,-7.30367],[108.8578,-7.30322],[108.8578,-7.30277],[108.85825,-7.30277],[108.85826,-7.30277],[108.85871,-7.30277],[108.85871,-7.30322],[108.85871,-7.30368],[108.85825,-7.30368],[108.85825,-7.30412],[108.85825,-7.30413],[108.85825,-7.30458],[108.8578,-7.30458],[108.85779,-7.30458],[108.85771,-7.30458],[108.85771,-7.30457],[108.85771,-7.30412],[108.85771,-7.30403],[108.85771,-7.30367],[108.85779,-7.30367]]],[[[108.85645,-7.30276],[108.85644,-7.30276],[108.85644,-7.30231],[108.85645,-7.30231],[108.8569,-7.30231],[108.8569,-7.30276],[108.85645,-7.30276]]],[[[108.85873,-7.29961],[108.85827,-7.29961],[108.85827,-7.29916],[108.85873,-7.29916],[108.85918,-7.29916],[108.85919,-7.29916],[108.85919,-7.29961],[108.85919,-7.30006],[108.85918,-7.30006],[108.85873,-7.30006],[108.85873,-7.29961]]],[[[108.85919,-7.2978],[108.85929,-7.2978],[108.85964,-7.2978],[108.85964,-7.29826],[108.85919,-7.29826],[108.85918,-7.29826],[108.85917,-7.29826],[108.85917,-7.29822],[108.85915,-7.29826],[108.85873,-7.29826],[108.85873,-7.2978],[108.85918,-7.2978],[108.85919,-7.2978]],[[108.85929,-7.29785],[108.85929,-7.29785],[108.85929,-7.29786],[108.85929,-7.29785]]],[[[108.85466,-7.29824],[108.85466,-7.29778],[108.85512,-7.29778],[108.85512,-7.29824],[108.85466,-7.29824]]],[[[108.85877,-7.28922],[108.85877,-7.28877],[108.85923,-7.28877],[108.85923,-7.28922],[108.85877,-7.28922]]],[[[108.85789,-7.28741],[108.85743,-7.28741],[108.85743,-7.28696],[108.85743,-7.28695],[108.85743,-7.2865],[108.85789,-7.2865],[108.85789,-7.28695],[108.85789,-7.28696],[108.85789,-7.28741]]],[[[108.85607,-7.2874],[108.85607,-7.28695],[108.85653,-7.28695],[108.85653,-7.2874],[108.85607,-7.2874]]],[[[108.85454,-7.28595],[108.85472,-7.28595],[108.85472,-7.28604],[108.85454,-7.28604],[108.85454,-7.28595]]],[[[108.85607,-7.28605],[108.85607,-7.28604],[108.85607,-7.28559],[108.85653,-7.28559],[108.85653,-7.28604],[108.85653,-7.28605],[108.85607,-7.28605]]],[[[108.85475,-7.28107],[108.85474,-7.28107],[108.85429,-7.28107],[108.85429,-7.28088],[108.85438,-7.28088],[108.85465,-7.28088],[108.85474,-7.28088],[108.85475,-7.28088],[108.85475,-7.28089],[108.85475,-7.28107]]],[[[108.85475,-7.27806],[108.85475,-7.2779],[108.85479,-7.2779],[108.85487,-7.2779],[108.85521,-7.2779],[108.85521,-7.27818],[108.85512,-7.27818],[108.85481,-7.27818],[108.85475,-7.27818],[108.85475,-7.27806]]],[[[108.85638,-7.278],[108.85611,-7.278],[108.85611,-7.27791],[108.85639,-7.27791],[108.85639,-7.278],[108.85638,-7.278]]],[[[108.85566,-7.27746],[108.85566,-7.27701],[108.85566,-7.277],[108.85612,-7.277],[108.85612,-7.27701],[108.85612,-7.27746],[108.85566,-7.27746]]],[[[108.85838,-7.27612],[108.85838,-7.27566],[108.85884,-7.27566],[108.85884,-7.27612],[108.85838,-7.27612]]],[[[108.85749,-7.27385],[108.85749,-7.2734],[108.85795,-7.2734],[108.85795,-7.27385],[108.85749,-7.27385]]],[[[108.86011,-7.36971],[108.86011,-7.3697],[108.86011,-7.36964],[108.86021,-7.36964],[108.86021,-7.36972],[108.86011,-7.36971]]],[[[108.8617,-7.36798],[108.86156,-7.36795],[108.86156,-7.36794],[108.86156,-7.36785],[108.86202,-7.36785],[108.86202,-7.36809],[108.8617,-7.36798]]],[[[108.85886,-7.36512],[108.85886,-7.36467],[108.85932,-7.36467],[108.85932,-7.36512],[108.85886,-7.36512]]],[[[108.85961,-7.36224],[108.8596,-7.36224],[108.8596,-7.36223],[108.8596,-7.36205],[108.85961,-7.36205],[108.85961,-7.36223],[108.85961,-7.36224]]],[[[108.86024,-7.35971],[108.86024,-7.35925],[108.8607,-7.35925],[108.8607,-7.35971],[108.86024,-7.35971]]],[[[108.86342,-7.35918],[108.86343,-7.35918],[108.86343,-7.35927],[108.86342,-7.35927],[108.86342,-7.35918]]],[[[108.86181,-7.35836],[108.86191,-7.35836],[108.86207,-7.35836],[108.86207,-7.35881],[108.86164,-7.35881],[108.86161,-7.35881],[108.86161,-7.35869],[108.86161,-7.35836],[108.86181,-7.35836]]],[[[108.85935,-7.35789],[108.85935,-7.35834],[108.85935,-7.35835],[108.85935,-7.3588],[108.85889,-7.3588],[108.85889,-7.35835],[108.85889,-7.35834],[108.85889,-7.35789],[108.85935,-7.35789]]],[[[108.86117,-7.35501],[108.86118,-7.35501],[108.86127,-7.35501],[108.86145,-7.35501],[108.86163,-7.35501],[108.86163,-7.35519],[108.86163,-7.3552],[108.86118,-7.3552],[108.86117,-7.3552],[108.86117,-7.35519],[108.86117,-7.35501]]],[[[108.86346,-7.35114],[108.86301,-7.35114],[108.86301,-7.35068],[108.86346,-7.35068],[108.86347,-7.35068],[108.86347,-7.35114],[108.86346,-7.35114]]],[[[108.86393,-7.34707],[108.86393,-7.34752],[108.86393,-7.34753],[108.86438,-7.34753],[108.86438,-7.34798],[108.86438,-7.34843],[108.86392,-7.34843],[108.86392,-7.34798],[108.86347,-7.34798],[108.86347,-7.34753],[108.86347,-7.34752],[108.86347,-7.34707],[108.86393,-7.34707]]],[[[108.86394,-7.34527],[108.86349,-7.34527],[108.86349,-7.34481],[108.86381,-7.34481],[108.86395,-7.34497],[108.86395,-7.34527],[108.86394,-7.34527]]],[[[108.86123,-7.34337],[108.86123,-7.343],[108.86123,-7.34299],[108.86151,-7.34299],[108.86151,-7.343],[108.86151,-7.34309],[108.86169,-7.34309],[108.86169,-7.34345],[108.86153,-7.34345],[108.86123,-7.34345],[108.86123,-7.34338],[108.86123,-7.34337]]],[[[108.86116,-7.33893],[108.8608,-7.33893],[108.8608,-7.33848],[108.8608,-7.33847],[108.86116,-7.33847],[108.86116,-7.33848],[108.86116,-7.33875],[108.86116,-7.33893]]],[[[108.86126,-7.33803],[108.8608,-7.33803],[108.8608,-7.33802],[108.86035,-7.33802],[108.86035,-7.33757],[108.8608,-7.33757],[108.86081,-7.33757],[108.86102,-7.33757],[108.86113,-7.33757],[108.86126,-7.33757],[108.86126,-7.33781],[108.86126,-7.338],[108.86126,-7.33802],[108.86126,-7.33803]]],[[[108.86082,-7.33666],[108.86082,-7.33667],[108.86082,-7.33698],[108.86082,-7.33701],[108.86082,-7.33712],[108.86077,-7.33712],[108.86036,-7.33712],[108.86036,-7.33667],[108.86036,-7.33666],[108.86079,-7.33666],[108.86082,-7.33666]]],[[[108.86218,-7.33549],[108.86218,-7.33559],[108.86218,-7.33577],[108.86217,-7.33577],[108.86172,-7.33577],[108.86172,-7.33549],[108.86172,-7.3354],[108.86172,-7.33532],[108.86217,-7.33532],[108.86218,-7.33532],[108.86218,-7.33549]]],[[[108.86312,-7.33578],[108.86308,-7.33578],[108.86307,-7.33578],[108.86307,-7.33577],[108.86307,-7.33567],[108.86307,-7.33532],[108.86308,-7.33532],[108.86337,-7.33532],[108.86353,-7.33532],[108.86353,-7.33578],[108.8634,-7.33578],[108.86312,-7.33578]]],[[[108.86082,-7.33524],[108.86082,-7.33486],[108.86127,-7.33486],[108.86128,-7.33486],[108.86128,-7.33529],[108.86128,-7.33531],[108.86127,-7.33531],[108.86082,-7.33531],[108.86082,-7.33526],[108.86082,-7.33524]]],[[[108.86372,-7.3337],[108.86354,-7.3337],[108.86354,-7.33352],[108.864,-7.33352],[108.864,-7.33397],[108.86372,-7.33397],[108.86372,-7.3337]]],[[[108.86082,-7.33396],[108.86082,-7.33351],[108.86082,-7.3335],[108.86128,-7.3335],[108.86128,-7.33351],[108.86128,-7.33396],[108.86082,-7.33396]]],[[[108.85908,-7.3203],[108.85909,-7.3203],[108.85909,-7.32039],[108.85908,-7.32039],[108.85908,-7.3203]]],[[[108.86364,-7.31319],[108.86364,-7.31274],[108.86364,-7.31273],[108.8641,-7.31273],[108.8641,-7.31274],[108.8641,-7.31319],[108.86364,-7.31319]]],[[[108.86229,-7.31137],[108.86229,-7.31161],[108.86229,-7.31165],[108.86229,-7.31167],[108.86229,-7.31182],[108.86229,-7.31183],[108.86183,-7.31183],[108.86183,-7.31182],[108.86183,-7.31175],[108.86183,-7.31173],[108.86183,-7.31167],[108.86183,-7.31137],[108.86229,-7.31137]],[[108.86199,-7.31171],[108.86201,-7.31171],[108.86199,-7.31171],[108.86199,-7.31171]]],[[[108.86185,-7.30912],[108.86185,-7.30911],[108.86185,-7.30866],[108.8623,-7.30866],[108.86231,-7.30866],[108.86231,-7.30911],[108.86231,-7.30912],[108.86231,-7.30957],[108.8623,-7.30957],[108.86185,-7.30957],[108.86185,-7.30912]]],[[[108.85933,-7.3082],[108.85945,-7.3082],[108.85959,-7.3082],[108.86005,-7.3082],[108.86005,-7.30855],[108.86005,-7.30864],[108.86005,-7.30865],[108.86002,-7.30865],[108.85983,-7.30865],[108.85959,-7.30865],[108.85913,-7.30865],[108.85913,-7.3082],[108.85933,-7.3082]]],[[[108.86095,-7.3073],[108.86095,-7.30685],[108.8614,-7.30685],[108.86141,-7.30685],[108.86185,-7.30685],[108.86186,-7.30685],[108.86231,-7.30685],[108.86231,-7.30686],[108.86276,-7.30686],[108.86276,-7.30731],[108.86322,-7.30731],[108.86322,-7.30776],[108.86367,-7.30776],[108.86367,-7.30777],[108.86411,-7.30777],[108.86412,-7.30777],[108.86457,-7.30777],[108.86457,-7.30804],[108.86439,-7.30804],[108.86439,-7.30822],[108.86438,-7.30822],[108.86412,-7.30822],[108.86411,-7.30822],[108.86367,-7.30822],[108.86366,-7.30822],[108.86321,-7.30822],[108.86275,-7.30822],[108.86275,-7.30776],[108.86231,-7.30776],[108.86231,-7.30821],[108.86185,-7.30821],[108.86185,-7.30776],[108.86185,-7.30731],[108.86141,-7.30731],[108.86141,-7.30775],[108.86141,-7.30776],[108.8614,-7.30776],[108.86096,-7.30776],[108.86096,-7.30808],[108.86096,-7.30813],[108.86096,-7.30821],[108.86095,-7.30821],[108.86084,-7.30821],[108.86066,-7.30821],[108.8605,-7.30821],[108.8605,-7.30775],[108.86005,-7.30775],[108.86005,-7.3073],[108.8605,-7.3073],[108.86095,-7.3073]]],[[[108.86276,-7.30686],[108.86276,-7.30641],[108.86322,-7.30641],[108.86322,-7.30686],[108.86276,-7.30686]]],[[[108.85915,-7.30639],[108.85915,-7.30594],[108.8596,-7.30594],[108.8596,-7.30639],[108.85915,-7.30639]]],[[[108.86232,-7.3046],[108.86232,-7.30414],[108.86278,-7.30414],[108.86278,-7.3046],[108.86232,-7.3046]]],[[[108.8596,-7.30459],[108.8596,-7.30413],[108.86006,-7.30413],[108.86006,-7.30459],[108.8596,-7.30459]]],[[[108.86279,-7.30144],[108.86278,-7.30144],[108.86278,-7.30098],[108.86279,-7.30098],[108.86324,-7.30098],[108.86324,-7.30144],[108.86279,-7.30144]]],[[[108.86009,-7.29916],[108.86022,-7.29916],[108.86042,-7.29916],[108.86045,-7.29916],[108.86045,-7.29871],[108.86054,-7.29871],[108.86054,-7.29917],[108.86043,-7.29917],[108.86023,-7.29917],[108.86008,-7.29917],[108.86008,-7.29916],[108.86009,-7.29916]]],[[[108.86281,-7.29873],[108.8628,-7.29873],[108.86235,-7.29873],[108.86235,-7.29827],[108.8628,-7.29827],[108.86281,-7.29827],[108.86326,-7.29827],[108.86326,-7.29873],[108.86281,-7.29873]]],[[[108.86286,-7.28608],[108.86286,-7.28562],[108.86302,-7.28562],[108.86332,-7.28562],[108.86332,-7.28589],[108.86332,-7.28608],[108.86286,-7.28608]]],[[[108.86108,-7.28471],[108.86106,-7.28471],[108.86106,-7.28467],[108.86107,-7.28468],[108.86107,-7.28469],[108.86108,-7.28469],[108.86108,-7.2847],[108.86108,-7.28471]]],[[[108.86062,-7.28335],[108.86062,-7.2838],[108.86106,-7.2838],[108.86106,-7.28336],[108.86146,-7.28336],[108.86152,-7.28336],[108.86152,-7.28381],[108.86152,-7.28426],[108.86156,-7.28426],[108.86197,-7.28426],[108.86197,-7.28472],[108.86164,-7.28472],[108.86154,-7.28472],[108.86151,-7.28472],[108.86151,-7.28471],[108.86128,-7.28471],[108.86118,-7.28471],[108.86106,-7.28465],[108.86106,-7.2846],[108.86106,-7.28459],[108.86106,-7.28426],[108.86061,-7.28426],[108.86061,-7.28381],[108.86016,-7.28381],[108.86016,-7.28335],[108.86062,-7.28335]]],[[[108.86377,-7.28473],[108.86377,-7.28427],[108.86423,-7.28427],[108.86423,-7.28473],[108.86377,-7.28473]]],[[[108.85925,-7.28335],[108.85925,-7.2829],[108.85925,-7.28289],[108.85971,-7.28289],[108.85971,-7.2829],[108.85971,-7.28335],[108.85925,-7.28335]]],[[[108.86063,-7.28155],[108.86044,-7.28155],[108.86033,-7.28155],[108.86017,-7.28155],[108.86017,-7.28136],[108.86017,-7.28122],[108.86017,-7.28109],[108.86063,-7.28109],[108.86063,-7.28155]]],[[[108.86243,-7.2802],[108.86243,-7.27975],[108.86289,-7.27975],[108.86289,-7.2802],[108.86243,-7.2802]]],[[[108.86244,-7.2793],[108.86244,-7.27884],[108.8629,-7.27884],[108.8629,-7.2793],[108.86244,-7.2793]]],[[[108.86072,-7.27884],[108.86109,-7.27884],[108.86109,-7.27929],[108.86091,-7.27929],[108.86091,-7.27893],[108.86072,-7.27893],[108.86072,-7.27884]]],[[[108.85928,-7.27883],[108.85928,-7.27838],[108.85973,-7.27838],[108.85973,-7.27883],[108.85928,-7.27883]]],[[[108.86109,-7.27838],[108.86109,-7.27839],[108.86091,-7.27839],[108.86091,-7.27838],[108.86109,-7.27838]]],[[[108.86245,-7.2784],[108.86245,-7.27794],[108.86291,-7.27794],[108.86291,-7.2784],[108.86245,-7.2784]]],[[[108.86073,-7.27802],[108.86063,-7.27802],[108.86063,-7.27793],[108.86073,-7.27793],[108.86073,-7.27802]]],[[[108.86154,-7.27703],[108.862,-7.27703],[108.86246,-7.27703],[108.86246,-7.27704],[108.8629,-7.27704],[108.86291,-7.27704],[108.86308,-7.27704],[108.86309,-7.27704],[108.86309,-7.27713],[108.86308,-7.27713],[108.86291,-7.27713],[108.8629,-7.27713],[108.86273,-7.27713],[108.86273,-7.27749],[108.86246,-7.27749],[108.86245,-7.27749],[108.86245,-7.27794],[108.862,-7.27794],[108.862,-7.27749],[108.862,-7.27731],[108.86164,-7.27731],[108.86164,-7.2773],[108.86154,-7.2773],[108.86154,-7.27703]]],[[[108.86399,-7.27731],[108.86399,-7.2775],[108.86381,-7.2775],[108.86381,-7.27749],[108.86381,-7.27731],[108.86399,-7.27731]]],[[[108.86426,-7.27659],[108.86427,-7.27659],[108.86455,-7.27659],[108.86472,-7.27659],[108.86472,-7.27665],[108.86472,-7.27705],[108.86436,-7.27705],[108.86435,-7.27705],[108.86435,-7.27684],[108.86435,-7.27678],[108.86428,-7.27678],[108.86427,-7.27678],[108.86426,-7.27678],[108.86417,-7.27678],[108.86381,-7.27678],[108.86381,-7.27659],[108.86426,-7.27659]]],[[[108.85929,-7.27612],[108.85929,-7.27567],[108.85975,-7.27567],[108.85975,-7.27612],[108.85929,-7.27612]]],[[[108.86969,-7.37421],[108.86968,-7.37421],[108.86952,-7.37421],[108.86923,-7.37402],[108.86923,-7.37376],[108.86968,-7.37376],[108.86969,-7.37376],[108.87014,-7.37376],[108.87014,-7.37421],[108.86969,-7.37421]]],[[[108.86833,-7.3733],[108.86833,-7.37285],[108.86879,-7.37285],[108.86879,-7.3733],[108.86833,-7.3733]]],[[[108.86925,-7.37149],[108.86925,-7.3715],[108.86925,-7.37195],[108.8697,-7.37195],[108.8697,-7.3724],[108.86925,-7.3724],[108.86924,-7.3724],[108.86879,-7.3724],[108.86833,-7.3724],[108.86833,-7.37194],[108.86879,-7.37194],[108.86879,-7.3715],[108.86879,-7.37149],[108.86925,-7.37149]]],[[[108.86698,-7.37103],[108.86744,-7.37103],[108.86744,-7.37149],[108.86744,-7.37193],[108.86736,-7.37175],[108.8672,-7.37149],[108.86718,-7.37145],[108.86698,-7.37107],[108.86698,-7.37103]]],[[[108.86881,-7.36924],[108.8688,-7.36924],[108.8688,-7.36878],[108.86881,-7.36878],[108.86926,-7.36878],[108.86926,-7.36924],[108.86881,-7.36924]]],[[[108.86565,-7.36787],[108.86555,-7.36787],[108.86555,-7.36786],[108.86565,-7.36786],[108.86565,-7.36787]]],[[[108.86836,-7.36607],[108.86836,-7.36562],[108.86882,-7.36562],[108.86882,-7.36607],[108.86836,-7.36607]]],[[[108.86746,-7.36562],[108.867,-7.36562],[108.867,-7.36561],[108.867,-7.36516],[108.86746,-7.36516],[108.86746,-7.36561],[108.86746,-7.36562]]],[[[108.86385,-7.36379],[108.86385,-7.36334],[108.8643,-7.36334],[108.8643,-7.36379],[108.86385,-7.36379]]],[[[108.86749,-7.36191],[108.86775,-7.36191],[108.86775,-7.36155],[108.86776,-7.36155],[108.86776,-7.36119],[108.86794,-7.36119],[108.86794,-7.36155],[108.86794,-7.362],[108.86839,-7.362],[108.86839,-7.36245],[108.86839,-7.36246],[108.86884,-7.36246],[108.86884,-7.36291],[108.86884,-7.36336],[108.86839,-7.36336],[108.86838,-7.36336],[108.86793,-7.36336],[108.86793,-7.36291],[108.86748,-7.36291],[108.86748,-7.36245],[108.86748,-7.362],[108.86739,-7.362],[108.86739,-7.36191],[108.86748,-7.36191],[108.86749,-7.36191]]],[[[108.8654,-7.361],[108.86523,-7.361],[108.86522,-7.361],[108.86522,-7.36109],[108.86504,-7.36109],[108.86504,-7.36099],[108.86522,-7.36099],[108.86523,-7.36099],[108.8654,-7.36099],[108.8654,-7.361]]],[[[108.86559,-7.36082],[108.86558,-7.36082],[108.86558,-7.36064],[108.86541,-7.36064],[108.86541,-7.36063],[108.86568,-7.36063],[108.86568,-7.36045],[108.86568,-7.36019],[108.86568,-7.36018],[108.86568,-7.35974],[108.86568,-7.35973],[108.86568,-7.35928],[108.86613,-7.35928],[108.86614,-7.35928],[108.86614,-7.35973],[108.86614,-7.35974],[108.86614,-7.36016],[108.86614,-7.36018],[108.86614,-7.36019],[108.86658,-7.36019],[108.86658,-7.35974],[108.86704,-7.35974],[108.86704,-7.35992],[108.86703,-7.35992],[108.86667,-7.35992],[108.86667,-7.36019],[108.86667,-7.36028],[108.86667,-7.36064],[108.86659,-7.36064],[108.86659,-7.36082],[108.86658,-7.36082],[108.86649,-7.36082],[108.86631,-7.36082],[108.86631,-7.36064],[108.86614,-7.36064],[108.86613,-7.36064],[108.86595,-7.36064],[108.86568,-7.36064],[108.86559,-7.36064],[108.86559,-7.36082]]],[[[108.86523,-7.36045],[108.86522,-7.36045],[108.86486,-7.36045],[108.86486,-7.36055],[108.86486,-7.36063],[108.86477,-7.36063],[108.86477,-7.36053],[108.86477,-7.36052],[108.86477,-7.36018],[108.86432,-7.36018],[108.86432,-7.35973],[108.86478,-7.35973],[108.86478,-7.36018],[108.86523,-7.36018],[108.86523,-7.36045]]],[[[108.86386,-7.36018],[108.86432,-7.36018],[108.86432,-7.3604],[108.86432,-7.36063],[108.86386,-7.36063],[108.86386,-7.36027],[108.86386,-7.36018]]],[[[108.86432,-7.35864],[108.86433,-7.35864],[108.86433,-7.35882],[108.86432,-7.35882],[108.86432,-7.35864]]],[[[108.86433,-7.35792],[108.86433,-7.35828],[108.86388,-7.35828],[108.86388,-7.35792],[108.86433,-7.35792]]],[[[108.86435,-7.35431],[108.86435,-7.35385],[108.86481,-7.35385],[108.86481,-7.35431],[108.86435,-7.35431]]],[[[108.86391,-7.34979],[108.86391,-7.34933],[108.86437,-7.34933],[108.86437,-7.34979],[108.86391,-7.34979]]],[[[108.8653,-7.34618],[108.8653,-7.34663],[108.86494,-7.34663],[108.86484,-7.34663],[108.86484,-7.34638],[108.86484,-7.34618],[108.86484,-7.34617],[108.8653,-7.34617],[108.8653,-7.34618]]],[[[108.8653,-7.34573],[108.86529,-7.34573],[108.86529,-7.34527],[108.8653,-7.34527],[108.86575,-7.34527],[108.86575,-7.34573],[108.8653,-7.34573]]],[[[108.86578,-7.3385],[108.86578,-7.33805],[108.86624,-7.33805],[108.86624,-7.3385],[108.86578,-7.3385]]],[[[108.86668,-7.33805],[108.86668,-7.3376],[108.86714,-7.3376],[108.86714,-7.33805],[108.86668,-7.33805]]],[[[108.86854,-7.32993],[108.86899,-7.32993],[108.86899,-7.32948],[108.86899,-7.32903],[108.86899,-7.32889],[108.86899,-7.32858],[108.86899,-7.32857],[108.86899,-7.32812],[108.869,-7.32812],[108.86945,-7.32812],[108.86945,-7.32853],[108.86945,-7.32857],[108.86945,-7.32858],[108.86945,-7.32867],[108.86925,-7.32867],[108.86917,-7.32867],[108.86917,-7.32874],[108.86917,-7.32903],[108.86917,-7.32921],[108.86936,-7.32921],[108.86936,-7.32948],[108.86936,-7.32975],[108.86944,-7.32975],[108.86945,-7.32975],[108.86972,-7.32975],[108.86972,-7.32948],[108.86972,-7.32939],[108.8699,-7.32939],[108.8699,-7.32903],[108.8699,-7.32867],[108.8699,-7.32858],[108.8699,-7.32849],[108.8699,-7.32813],[108.87036,-7.32813],[108.87036,-7.32858],[108.8708,-7.32858],[108.87081,-7.32858],[108.87126,-7.32858],[108.87126,-7.32813],[108.87171,-7.32813],[108.87172,-7.32813],[108.87215,-7.32813],[108.87217,-7.32813],[108.87217,-7.32814],[108.87217,-7.32859],[108.87206,-7.32859],[108.87172,-7.32859],[108.87171,-7.32859],[108.87126,-7.32859],[108.87126,-7.32904],[108.87171,-7.32904],[108.87171,-7.32934],[108.87171,-7.32935],[108.87171,-7.32949],[108.87159,-7.32949],[108.87125,-7.32949],[108.87125,-7.32904],[108.8708,-7.32904],[108.8708,-7.32948],[108.8708,-7.32949],[108.8708,-7.32994],[108.87036,-7.32994],[108.87035,-7.32994],[108.87035,-7.33038],[108.87035,-7.33039],[108.87035,-7.33084],[108.86989,-7.33084],[108.86989,-7.33039],[108.86944,-7.33039],[108.86944,-7.33083],[108.86944,-7.33084],[108.86944,-7.33128],[108.86944,-7.33129],[108.86944,-7.33174],[108.86899,-7.33174],[108.86898,-7.33174],[108.86853,-7.33174],[108.86853,-7.33173],[108.86808,-7.33173],[108.86807,-7.33173],[108.86763,-7.33173],[108.86762,-7.33173],[108.86762,-7.33218],[108.86716,-7.33218],[108.86716,-7.33173],[108.86717,-7.33173],[108.86717,-7.33128],[108.86762,-7.33128],[108.86763,-7.33128],[108.86807,-7.33128],[108.86808,-7.33128],[108.86853,-7.33128],[108.86853,-7.33083],[108.86853,-7.33038],[108.86854,-7.33038],[108.86854,-7.32993]],[[108.86944,-7.33038],[108.86944,-7.32993],[108.869,-7.32993],[108.869,-7.33038],[108.86944,-7.33038]]],[[[108.86764,-7.32992],[108.86764,-7.33037],[108.86809,-7.33037],[108.86809,-7.33038],[108.86809,-7.33083],[108.86763,-7.33083],[108.86763,-7.33038],[108.86718,-7.33038],[108.86718,-7.32992],[108.86718,-7.32947],[108.86764,-7.32947],[108.86764,-7.32992]]],[[[108.86869,-7.31619],[108.86869,-7.31637],[108.86905,-7.31637],[108.86905,-7.31592],[108.86906,-7.31592],[108.86906,-7.31637],[108.86906,-7.31638],[108.8686,-7.31638],[108.8686,-7.31637],[108.8686,-7.31619],[108.86869,-7.31619]]],[[[108.86943,-7.31475],[108.86942,-7.31475],[108.86924,-7.31475],[108.86924,-7.31502],[108.86924,-7.31511],[108.86951,-7.31511],[108.86952,-7.31511],[108.86952,-7.31547],[108.86996,-7.31547],[108.86997,-7.31547],[108.86997,-7.31593],[108.86996,-7.31593],[108.86951,-7.31593],[108.86951,-7.31547],[108.86906,-7.31547],[108.86906,-7.31502],[108.86906,-7.31457],[108.86906,-7.31439],[108.86907,-7.31439],[108.86924,-7.31439],[108.86924,-7.31457],[108.86942,-7.31457],[108.86943,-7.31457],[108.86943,-7.31475]]],[[[108.86861,-7.3142],[108.8687,-7.3142],[108.8687,-7.31457],[108.86861,-7.31457],[108.86861,-7.3142]]],[[[108.865,-7.31365],[108.86454,-7.31365],[108.86454,-7.31364],[108.86454,-7.31319],[108.865,-7.31319],[108.865,-7.31364],[108.865,-7.31365]]],[[[108.86997,-7.31276],[108.86998,-7.31276],[108.87043,-7.31276],[108.87043,-7.31277],[108.87043,-7.31322],[108.8707,-7.31322],[108.8707,-7.31331],[108.8707,-7.31367],[108.8707,-7.31385],[108.87052,-7.31385],[108.87052,-7.31403],[108.87052,-7.31404],[108.87051,-7.31404],[108.87051,-7.31403],[108.87051,-7.31385],[108.87042,-7.31385],[108.87042,-7.31367],[108.87052,-7.31367],[108.87052,-7.31331],[108.87042,-7.31331],[108.87042,-7.31322],[108.86998,-7.31322],[108.86997,-7.31322],[108.86952,-7.31322],[108.86925,-7.31322],[108.86925,-7.31321],[108.86925,-7.31312],[108.86907,-7.31312],[108.86907,-7.31294],[108.86906,-7.31294],[108.86906,-7.31276],[108.86871,-7.31276],[108.86862,-7.31276],[108.86862,-7.31231],[108.86908,-7.31231],[108.86908,-7.31276],[108.86952,-7.31276],[108.86997,-7.31276]]],[[[108.86545,-7.31275],[108.86545,-7.31229],[108.86591,-7.31229],[108.86636,-7.31229],[108.86636,-7.31184],[108.86681,-7.31184],[108.86681,-7.3114],[108.86681,-7.31139],[108.86681,-7.31095],[108.86681,-7.31094],[108.86636,-7.31094],[108.86636,-7.31049],[108.86636,-7.31004],[108.86591,-7.31004],[108.86591,-7.30984],[108.86591,-7.30958],[108.86637,-7.30958],[108.86637,-7.31002],[108.86637,-7.31004],[108.86643,-7.31004],[108.86644,-7.31004],[108.86645,-7.31004],[108.86682,-7.31004],[108.86727,-7.31004],[108.86727,-7.30959],[108.86682,-7.30959],[108.86682,-7.30914],[108.86637,-7.30914],[108.86637,-7.30868],[108.86626,-7.30868],[108.86593,-7.30868],[108.86593,-7.30913],[108.86547,-7.30913],[108.86547,-7.30868],[108.86502,-7.30868],[108.86502,-7.30912],[108.86502,-7.30913],[108.86502,-7.30958],[108.86501,-7.30958],[108.86501,-7.31003],[108.86461,-7.31003],[108.86456,-7.31003],[108.86455,-7.31003],[108.86455,-7.30999],[108.86455,-7.30958],[108.86411,-7.30958],[108.8641,-7.30958],[108.8641,-7.30912],[108.86411,-7.30912],[108.86411,-7.30876],[108.86421,-7.30876],[108.86456,-7.30876],[108.86457,-7.30876],[108.86457,-7.30868],[108.86457,-7.30867],[108.86457,-7.3084],[108.86475,-7.3084],[108.86475,-7.30858],[108.86493,-7.30858],[108.86502,-7.30858],[108.86511,-7.30858],[108.86547,-7.30858],[108.86547,-7.30841],[108.86548,-7.30841],[108.86565,-7.30841],[108.86565,-7.30823],[108.86566,-7.30823],[108.86584,-7.30823],[108.86592,-7.30823],[108.86593,-7.30823],[108.8662,-7.30823],[108.86628,-7.30823],[108.86637,-7.30823],[108.86638,-7.30823],[108.86656,-7.30823],[108.86656,-7.30778],[108.86656,-7.30769],[108.86638,-7.30769],[108.86638,-7.30767],[108.86638,-7.30751],[108.86639,-7.30751],[108.86653,-7.30751],[108.86656,-7.30751],[108.86656,-7.30748],[108.86656,-7.30733],[108.86674,-7.30733],[108.86674,-7.30688],[108.86674,-7.30687],[108.86684,-7.30687],[108.86684,-7.30688],[108.86684,-7.30728],[108.86684,-7.30729],[108.86684,-7.30733],[108.86684,-7.30778],[108.86684,-7.30823],[108.86683,-7.30823],[108.86683,-7.30868],[108.86728,-7.30868],[108.86728,-7.30824],[108.86728,-7.30823],[108.86774,-7.30823],[108.86774,-7.30824],[108.86774,-7.30869],[108.86729,-7.30869],[108.86729,-7.30914],[108.86773,-7.30914],[108.86773,-7.30959],[108.86773,-7.31004],[108.86728,-7.31004],[108.86728,-7.31049],[108.86727,-7.31049],[108.86727,-7.31094],[108.86772,-7.31094],[108.86772,-7.3105],[108.86817,-7.3105],[108.86818,-7.3105],[108.86863,-7.3105],[108.86909,-7.3105],[108.86909,-7.31095],[108.86863,-7.31095],[108.86818,-7.31095],[108.86818,-7.3114],[108.86862,-7.3114],[108.86863,-7.3114],[108.86908,-7.3114],[108.86908,-7.31186],[108.86863,-7.31186],[108.86862,-7.31186],[108.86817,-7.31186],[108.86817,-7.31185],[108.86817,-7.3114],[108.86772,-7.3114],[108.86772,-7.31185],[108.86772,-7.3123],[108.86817,-7.3123],[108.86817,-7.31258],[108.86817,-7.31276],[108.86771,-7.31276],[108.86771,-7.3123],[108.86727,-7.3123],[108.86726,-7.3123],[108.86681,-7.3123],[108.86636,-7.3123],[108.86636,-7.31275],[108.86591,-7.31275],[108.86545,-7.31275]]],[[[108.86566,-7.30769],[108.86547,-7.30769],[108.86547,-7.30732],[108.86593,-7.30732],[108.8662,-7.30732],[108.8662,-7.30733],[108.86593,-7.30733],[108.86584,-7.30733],[108.86584,-7.30769],[108.86566,-7.30769]]],[[[108.86775,-7.30688],[108.86775,-7.30733],[108.86774,-7.30733],[108.86729,-7.30733],[108.86729,-7.30688],[108.86729,-7.30643],[108.86774,-7.30643],[108.86775,-7.30643],[108.86775,-7.30688]]],[[[108.86503,-7.30687],[108.86503,-7.30642],[108.86549,-7.30642],[108.86549,-7.30687],[108.86503,-7.30687]]],[[[108.86864,-7.30644],[108.86864,-7.30598],[108.8691,-7.30598],[108.8691,-7.30644],[108.86864,-7.30644]]],[[[108.86594,-7.30506],[108.86594,-7.30507],[108.86639,-7.30507],[108.86639,-7.30552],[108.86684,-7.30552],[108.86684,-7.30597],[108.86639,-7.30597],[108.86639,-7.30642],[108.86594,-7.30642],[108.86594,-7.30597],[108.86594,-7.30552],[108.86549,-7.30552],[108.86549,-7.30506],[108.86594,-7.30506]]],[[[108.86504,-7.30597],[108.86476,-7.30597],[108.86476,-7.30596],[108.86476,-7.30587],[108.86494,-7.30587],[108.86504,-7.30587],[108.86504,-7.30596],[108.86504,-7.30597]]],[[[108.86413,-7.30551],[108.8644,-7.30551],[108.8644,-7.30596],[108.86413,-7.30596],[108.86413,-7.30551]]],[[[108.86775,-7.30462],[108.86775,-7.30507],[108.86775,-7.30553],[108.86729,-7.30553],[108.86729,-7.30507],[108.86729,-7.30462],[108.86684,-7.30462],[108.86684,-7.30417],[108.8673,-7.30417],[108.86769,-7.30417],[108.86775,-7.30417],[108.86776,-7.30417],[108.8682,-7.30417],[108.86821,-7.30417],[108.86865,-7.30417],[108.86866,-7.30417],[108.86866,-7.30373],[108.86866,-7.30372],[108.86866,-7.30327],[108.86866,-7.30295],[108.86866,-7.30282],[108.86912,-7.30282],[108.86912,-7.30285],[108.86912,-7.30327],[108.86957,-7.30327],[108.86957,-7.30282],[108.87003,-7.30282],[108.87003,-7.30327],[108.87003,-7.30328],[108.87003,-7.30373],[108.87002,-7.30373],[108.87002,-7.30418],[108.86957,-7.30418],[108.86956,-7.30418],[108.86912,-7.30418],[108.86911,-7.30418],[108.86911,-7.30463],[108.86911,-7.30508],[108.86956,-7.30508],[108.86956,-7.30463],[108.87002,-7.30463],[108.87002,-7.30509],[108.86956,-7.30509],[108.86956,-7.30553],[108.86956,-7.30554],[108.8691,-7.30554],[108.8691,-7.30553],[108.86865,-7.30553],[108.86865,-7.30508],[108.86832,-7.30508],[108.8682,-7.30508],[108.8682,-7.30491],[108.8682,-7.30463],[108.8682,-7.30462],[108.86794,-7.30462],[108.86776,-7.30462],[108.86775,-7.30462]]],[[[108.86504,-7.30506],[108.86504,-7.30515],[108.86476,-7.30515],[108.86476,-7.30533],[108.86458,-7.30533],[108.86458,-7.30506],[108.86504,-7.30506]]],[[[108.86459,-7.3019],[108.86459,-7.30145],[108.86459,-7.30144],[108.86505,-7.30144],[108.86505,-7.30145],[108.86505,-7.3019],[108.86459,-7.3019]]],[[[108.86919,-7.28837],[108.86919,-7.28791],[108.86964,-7.28791],[108.86964,-7.28837],[108.86919,-7.28837]]],[[[108.86829,-7.28745],[108.86829,-7.28727],[108.86847,-7.28727],[108.86847,-7.287],[108.86874,-7.287],[108.86874,-7.28746],[108.86829,-7.28746],[108.86829,-7.28791],[108.86783,-7.28791],[108.86783,-7.28745],[108.86829,-7.28745]]],[[[108.8692,-7.28565],[108.8692,-7.2852],[108.86965,-7.2852],[108.86966,-7.2852],[108.8701,-7.2852],[108.8701,-7.28475],[108.87011,-7.28475],[108.87011,-7.2843],[108.87011,-7.28385],[108.86966,-7.28385],[108.86966,-7.2834],[108.87012,-7.2834],[108.87012,-7.28385],[108.87056,-7.28385],[108.87057,-7.28385],[108.87057,-7.2834],[108.87057,-7.28295],[108.87012,-7.28295],[108.87012,-7.2825],[108.86967,-7.2825],[108.86967,-7.28249],[108.86922,-7.28249],[108.86922,-7.28294],[108.86876,-7.28294],[108.86876,-7.28249],[108.86876,-7.28204],[108.86922,-7.28204],[108.86922,-7.28159],[108.86967,-7.28159],[108.86968,-7.28159],[108.87012,-7.28159],[108.87012,-7.28114],[108.87057,-7.28114],[108.87057,-7.28069],[108.87012,-7.28069],[108.87012,-7.28024],[108.86967,-7.28024],[108.86967,-7.27978],[108.87013,-7.27978],[108.87013,-7.28024],[108.87058,-7.28024],[108.87058,-7.28069],[108.87103,-7.28069],[108.87149,-7.28069],[108.87149,-7.28115],[108.87103,-7.28115],[108.87103,-7.28159],[108.87103,-7.2816],[108.87103,-7.28204],[108.87103,-7.28205],[108.87103,-7.2825],[108.87102,-7.2825],[108.87058,-7.2825],[108.87058,-7.28295],[108.87102,-7.28295],[108.87103,-7.28295],[108.87103,-7.2834],[108.87148,-7.2834],[108.87148,-7.28386],[108.87103,-7.28386],[108.87102,-7.28386],[108.87102,-7.28431],[108.87057,-7.28431],[108.87057,-7.28476],[108.87056,-7.28476],[108.87056,-7.28521],[108.87056,-7.28566],[108.87011,-7.28566],[108.87011,-7.28611],[108.86965,-7.28611],[108.86965,-7.28656],[108.8701,-7.28656],[108.8701,-7.28701],[108.8701,-7.28747],[108.86964,-7.28747],[108.86964,-7.28701],[108.86919,-7.28701],[108.86919,-7.28656],[108.86874,-7.28656],[108.86874,-7.2861],[108.86919,-7.2861],[108.86919,-7.28565],[108.8692,-7.28565]]],[[[108.86739,-7.28655],[108.86756,-7.28655],[108.86756,-7.28691],[108.86775,-7.28691],[108.86775,-7.287],[108.86739,-7.287],[108.86739,-7.28655]]],[[[108.86811,-7.28637],[108.86784,-7.28637],[108.86784,-7.2861],[108.86829,-7.2861],[108.86829,-7.28655],[108.86811,-7.28655],[108.86811,-7.28637]]],[[[108.86695,-7.28293],[108.86649,-7.28293],[108.86649,-7.28257],[108.8665,-7.28257],[108.8665,-7.28275],[108.86668,-7.28275],[108.86695,-7.28275],[108.86695,-7.28293]]],[[[108.86785,-7.28294],[108.86785,-7.28248],[108.86831,-7.28248],[108.86831,-7.28294],[108.86785,-7.28294]]],[[[108.86668,-7.28221],[108.8665,-7.28221],[108.86614,-7.28221],[108.86614,-7.28248],[108.86604,-7.28248],[108.86604,-7.28202],[108.8665,-7.28202],[108.86696,-7.28202],[108.86696,-7.28203],[108.86704,-7.28203],[108.86705,-7.28203],[108.86705,-7.28221],[108.86696,-7.28221],[108.86695,-7.28221],[108.86686,-7.28221],[108.86686,-7.28239],[108.86668,-7.28239],[108.86668,-7.28221]]],[[[108.86424,-7.28247],[108.86423,-7.28247],[108.86423,-7.28201],[108.86424,-7.28201],[108.86469,-7.28201],[108.86469,-7.28247],[108.86424,-7.28247]]],[[[108.86832,-7.28204],[108.86786,-7.28204],[108.86786,-7.28203],[108.86786,-7.28158],[108.86832,-7.28158],[108.86832,-7.28203],[108.86832,-7.28204]]],[[[108.86697,-7.27706],[108.86697,-7.27661],[108.86743,-7.27661],[108.86743,-7.27706],[108.86697,-7.27706]]],[[[108.86517,-7.27705],[108.86516,-7.27705],[108.86516,-7.2766],[108.86517,-7.2766],[108.86562,-7.2766],[108.86562,-7.27705],[108.86517,-7.27705]]],[[[108.86608,-7.27585],[108.86608,-7.27615],[108.86608,-7.2766],[108.86562,-7.2766],[108.86562,-7.27642],[108.86562,-7.2763],[108.86562,-7.27615],[108.86562,-7.2757],[108.86608,-7.2757],[108.86608,-7.27585]]],[[[108.87144,-7.37511],[108.87118,-7.37506],[108.87104,-7.375],[108.87103,-7.375],[108.87103,-7.375],[108.87064,-7.37486],[108.87059,-7.37484],[108.87059,-7.37484],[108.87025,-7.37466],[108.87058,-7.37466],[108.87058,-7.37421],[108.87059,-7.37421],[108.87059,-7.37376],[108.87104,-7.37376],[108.87104,-7.37332],[108.87104,-7.37331],[108.87104,-7.37286],[108.8715,-7.37286],[108.8715,-7.37241],[108.8715,-7.37196],[108.87196,-7.37196],[108.87241,-7.37196],[108.87286,-7.37196],[108.87286,-7.37197],[108.87331,-7.37197],[108.87331,-7.37152],[108.87286,-7.37152],[108.87286,-7.37106],[108.87331,-7.37106],[108.87332,-7.37106],[108.87332,-7.37061],[108.87343,-7.37061],[108.87377,-7.37061],[108.87377,-7.37016],[108.87422,-7.37016],[108.87423,-7.37016],[108.87468,-7.37016],[108.87468,-7.36972],[108.87468,-7.36971],[108.87468,-7.36926],[108.87424,-7.36926],[108.87424,-7.36971],[108.87378,-7.36971],[108.87378,-7.36926],[108.87423,-7.36926],[108.87423,-7.36881],[108.87424,-7.36881],[108.87424,-7.36836],[108.87469,-7.36836],[108.8747,-7.36836],[108.87514,-7.36836],[108.87514,-7.36791],[108.87559,-7.36791],[108.8756,-7.36791],[108.87587,-7.36791],[108.87587,-7.36809],[108.87605,-7.36809],[108.87605,-7.3681],[108.87586,-7.3681],[108.87586,-7.36836],[108.87586,-7.36837],[108.87586,-7.36864],[108.87604,-7.36864],[108.87605,-7.36864],[108.87623,-7.36864],[108.87623,-7.36846],[108.87641,-7.36846],[108.87641,-7.36837],[108.87641,-7.36792],[108.87641,-7.36791],[108.87641,-7.36774],[108.87605,-7.36774],[108.87605,-7.36746],[108.87651,-7.36746],[108.87651,-7.36792],[108.8765,-7.36792],[108.8765,-7.36837],[108.87695,-7.36837],[108.87695,-7.36882],[108.87695,-7.36927],[108.87695,-7.36973],[108.8765,-7.36973],[108.8765,-7.37017],[108.8765,-7.37018],[108.87694,-7.37018],[108.87695,-7.37018],[108.87739,-7.37018],[108.8774,-7.37018],[108.87785,-7.37018],[108.87785,-7.37045],[108.87785,-7.37046],[108.87767,-7.37046],[108.87767,-7.37063],[108.87767,-7.37086],[108.87766,-7.37086],[108.87739,-7.37075],[108.87739,-7.37063],[108.8771,-7.37063],[108.87707,-7.37062],[108.87694,-7.37057],[108.87694,-7.37057],[108.87649,-7.37038],[108.87639,-7.37034],[108.87604,-7.37029],[108.87604,-7.37018],[108.87604,-7.37017],[108.87559,-7.37017],[108.87559,-7.37025],[108.87549,-7.37025],[108.87549,-7.37017],[108.87549,-7.37008],[108.87559,-7.37008],[108.87568,-7.37008],[108.87568,-7.36972],[108.8756,-7.36972],[108.87559,-7.36972],[108.8755,-7.36972],[108.87532,-7.36972],[108.87532,-7.36936],[108.87514,-7.36936],[108.87496,-7.36936],[108.87496,-7.36971],[108.87496,-7.36972],[108.87496,-7.37008],[108.87513,-7.37008],[108.87513,-7.37017],[108.87513,-7.37026],[108.87514,-7.37026],[108.87546,-7.37026],[108.8753,-7.37032],[108.87514,-7.37053],[108.87514,-7.37053],[108.87513,-7.37054],[108.87514,-7.37062],[108.87514,-7.37065],[108.87514,-7.37074],[108.87529,-7.37107],[108.8753,-7.3711],[108.87558,-7.37151],[108.87559,-7.37152],[108.87559,-7.37153],[108.87598,-7.37198],[108.87603,-7.37204],[108.87603,-7.37243],[108.87558,-7.37243],[108.87558,-7.37288],[108.87603,-7.37288],[108.87603,-7.37291],[108.87594,-7.37307],[108.87567,-7.37328],[108.87563,-7.37329],[108.87562,-7.37329],[108.87562,-7.37328],[108.87562,-7.37327],[108.87563,-7.37326],[108.87563,-7.37325],[108.87564,-7.37324],[108.87575,-7.37315],[108.87562,-7.3732],[108.87561,-7.3732],[108.8756,-7.3732],[108.87557,-7.3732],[108.87544,-7.37321],[108.87543,-7.37321],[108.87542,-7.37321],[108.87512,-7.37312],[108.87512,-7.37313],[108.87472,-7.37302],[108.87471,-7.37301],[108.87466,-7.37299],[108.87466,-7.37288],[108.87447,-7.37288],[108.87437,-7.37282],[108.87421,-7.37277],[108.87421,-7.37277],[108.874,-7.37269],[108.87376,-7.37266],[108.87356,-7.37267],[108.87354,-7.37268],[108.87351,-7.37265],[108.8735,-7.37267],[108.8735,-7.37269],[108.87337,-7.37274],[108.87331,-7.37279],[108.87322,-7.37287],[108.87313,-7.373],[108.87303,-7.3732],[108.87297,-7.37332],[108.87293,-7.37342],[108.87286,-7.37363],[108.87286,-7.37364],[108.87281,-7.37377],[108.87269,-7.37411],[108.87264,-7.37423],[108.87264,-7.37423],[108.87256,-7.37441],[108.87247,-7.37464],[108.87247,-7.37465],[108.87242,-7.37468],[108.87242,-7.37468],[108.8724,-7.37469],[108.87243,-7.37473],[108.8724,-7.37477],[108.8724,-7.37478],[108.87233,-7.37489],[108.87223,-7.375],[108.87214,-7.37504],[108.87203,-7.37509],[108.87195,-7.3751],[108.87195,-7.3751],[108.87171,-7.37512],[108.87149,-7.37511],[108.87144,-7.37511]],[[108.87478,-7.36881],[108.87478,-7.36899],[108.87478,-7.369],[108.87477,-7.369],[108.87477,-7.36926],[108.87477,-7.36927],[108.87477,-7.36935],[108.87496,-7.36935],[108.87514,-7.36935],[108.87532,-7.36935],[108.87532,-7.36927],[108.87532,-7.36882],[108.87532,-7.36881],[108.87532,-7.36863],[108.87515,-7.36863],[108.87514,-7.36863],[108.87478,-7.36863],[108.87478,-7.36881]],[[108.87511,-7.37288],[108.87512,-7.37288],[108.87512,-7.37243],[108.87467,-7.37243],[108.87467,-7.37288],[108.87511,-7.37288]],[[108.87467,-7.37198],[108.87467,-7.37197],[108.87422,-7.37197],[108.87422,-7.37242],[108.87467,-7.37242],[108.87467,-7.37198]],[[108.87378,-7.37062],[108.87378,-7.37107],[108.87422,-7.37107],[108.87422,-7.37062],[108.87378,-7.37062]]],[[[108.87151,-7.37151],[108.8715,-7.37151],[108.8715,-7.37106],[108.87151,-7.37106],[108.87196,-7.37106],[108.87196,-7.37151],[108.87151,-7.37151]]],[[[108.87371,-7.36881],[108.87333,-7.36881],[108.87333,-7.36835],[108.87379,-7.36835],[108.87379,-7.36859],[108.87379,-7.36881],[108.87372,-7.36881],[108.87371,-7.36881]]],[[[108.87062,-7.36789],[108.87062,-7.36744],[108.87108,-7.36744],[108.87108,-7.36789],[108.87062,-7.36789]]],[[[108.8708,-7.33039],[108.8708,-7.33012],[108.8708,-7.32994],[108.87116,-7.32994],[108.87125,-7.32994],[108.87125,-7.33039],[108.8708,-7.33039]]],[[[108.87488,-7.32841],[108.87488,-7.3284],[108.87488,-7.32815],[108.87533,-7.32815],[108.87534,-7.32815],[108.87534,-7.3286],[108.87579,-7.3286],[108.87579,-7.32816],[108.87579,-7.32815],[108.87579,-7.3277],[108.87624,-7.3277],[108.87624,-7.32726],[108.87624,-7.32725],[108.8758,-7.32725],[108.87579,-7.32725],[108.87579,-7.3268],[108.87594,-7.3268],[108.87624,-7.3268],[108.87624,-7.32635],[108.8761,-7.32635],[108.8758,-7.32635],[108.87579,-7.32635],[108.87534,-7.32635],[108.87489,-7.32635],[108.87488,-7.32635],[108.87488,-7.32634],[108.87444,-7.32634],[108.87443,-7.32634],[108.87399,-7.32634],[108.87398,-7.32634],[108.87398,-7.32589],[108.87354,-7.32589],[108.87354,-7.32634],[108.87309,-7.32634],[108.87309,-7.32679],[108.87354,-7.32679],[108.87354,-7.32724],[108.87308,-7.32724],[108.87308,-7.32679],[108.87263,-7.32679],[108.87263,-7.32633],[108.87217,-7.32633],[108.87217,-7.32588],[108.87263,-7.32588],[108.87308,-7.32588],[108.87308,-7.32543],[108.87264,-7.32543],[108.87263,-7.32543],[108.87219,-7.32543],[108.87218,-7.32543],[108.87173,-7.32543],[108.87173,-7.32497],[108.87218,-7.32497],[108.87218,-7.32452],[108.87263,-7.32452],[108.87264,-7.32452],[108.87309,-7.32452],[108.87309,-7.32453],[108.87353,-7.32453],[108.87354,-7.32453],[108.87354,-7.32408],[108.87399,-7.32408],[108.874,-7.32408],[108.87444,-7.32408],[108.87445,-7.32408],[108.87445,-7.32363],[108.8749,-7.32363],[108.8749,-7.32318],[108.87535,-7.32318],[108.87536,-7.32318],[108.87581,-7.32318],[108.87627,-7.32318],[108.87627,-7.32364],[108.87671,-7.32364],[108.87672,-7.32364],[108.87716,-7.32364],[108.87717,-7.32364],[108.87717,-7.32319],[108.87762,-7.32319],[108.87762,-7.32274],[108.87762,-7.32229],[108.87762,-7.32184],[108.87807,-7.32184],[108.87808,-7.32184],[108.87852,-7.32184],[108.87853,-7.32184],[108.87898,-7.32184],[108.87898,-7.32139],[108.87898,-7.32094],[108.87854,-7.32094],[108.87853,-7.32094],[108.87809,-7.32094],[108.87808,-7.32094],[108.87808,-7.32139],[108.87762,-7.32139],[108.87762,-7.32093],[108.87763,-7.32093],[108.87763,-7.32048],[108.87718,-7.32048],[108.87718,-7.32003],[108.87718,-7.31958],[108.87764,-7.31958],[108.87764,-7.32003],[108.87808,-7.32003],[108.87809,-7.32003],[108.87809,-7.31958],[108.87854,-7.31958],[108.87854,-7.31913],[108.87809,-7.31913],[108.87809,-7.31868],[108.87809,-7.31823],[108.87765,-7.31823],[108.87765,-7.31867],[108.87765,-7.31868],[108.87719,-7.31868],[108.87719,-7.31867],[108.87719,-7.31822],[108.87719,-7.31777],[108.87674,-7.31777],[108.87674,-7.31732],[108.87629,-7.31732],[108.87629,-7.31731],[108.87584,-7.31731],[108.87584,-7.31776],[108.87556,-7.31776],[108.87556,-7.31767],[108.87556,-7.31731],[108.87557,-7.31731],[108.87557,-7.31695],[108.87538,-7.31695],[108.87538,-7.31686],[108.87584,-7.31686],[108.87584,-7.31641],[108.87539,-7.31641],[108.87539,-7.31596],[108.87494,-7.31596],[108.87494,-7.3164],[108.87449,-7.3164],[108.87448,-7.3164],[108.87403,-7.3164],[108.87403,-7.31595],[108.87448,-7.31595],[108.87449,-7.31595],[108.87449,-7.3155],[108.87494,-7.3155],[108.87494,-7.31505],[108.87449,-7.31505],[108.87449,-7.31459],[108.87495,-7.31459],[108.87495,-7.31505],[108.87539,-7.31505],[108.8754,-7.31505],[108.87585,-7.31505],[108.87585,-7.3155],[108.8763,-7.3155],[108.87631,-7.3155],[108.87631,-7.31596],[108.8763,-7.31596],[108.8763,-7.31641],[108.8763,-7.31686],[108.87674,-7.31686],[108.87675,-7.31686],[108.8772,-7.31686],[108.8772,-7.31731],[108.8772,-7.31732],[108.8772,-7.31777],[108.87764,-7.31777],[108.87765,-7.31777],[108.8781,-7.31777],[108.8781,-7.31732],[108.87856,-7.31732],[108.87856,-7.31777],[108.87856,-7.31778],[108.879,-7.31778],[108.87901,-7.31778],[108.87945,-7.31778],[108.87945,-7.31733],[108.87946,-7.31733],[108.87991,-7.31733],[108.87991,-7.31778],[108.87991,-7.31823],[108.87991,-7.31869],[108.87946,-7.31869],[108.87946,-7.31913],[108.87991,-7.31913],[108.87991,-7.31914],[108.87991,-7.31959],[108.88035,-7.31959],[108.88036,-7.31959],[108.88081,-7.31959],[108.88081,-7.32004],[108.88081,-7.32005],[108.88035,-7.32005],[108.88035,-7.32004],[108.8799,-7.32004],[108.8799,-7.32049],[108.87944,-7.32049],[108.87944,-7.32004],[108.879,-7.32004],[108.87899,-7.32004],[108.87899,-7.32049],[108.87899,-7.32094],[108.87944,-7.32094],[108.8799,-7.32094],[108.8799,-7.3214],[108.87944,-7.3214],[108.87944,-7.32184],[108.87944,-7.32185],[108.87944,-7.3223],[108.87898,-7.3223],[108.87898,-7.32274],[108.87898,-7.32275],[108.87943,-7.32275],[108.87943,-7.3232],[108.87988,-7.3232],[108.87988,-7.32275],[108.87988,-7.3223],[108.87988,-7.32185],[108.88034,-7.32185],[108.88079,-7.32185],[108.8808,-7.32185],[108.88124,-7.32185],[108.88125,-7.32185],[108.88125,-7.32141],[108.88125,-7.3214],[108.88125,-7.32095],[108.8817,-7.32095],[108.8817,-7.3205],[108.88125,-7.3205],[108.88125,-7.32005],[108.88171,-7.32005],[108.88216,-7.32005],[108.88216,-7.3205],[108.88261,-7.3205],[108.88261,-7.32095],[108.88261,-7.32096],[108.88261,-7.32141],[108.88216,-7.32141],[108.88216,-7.32186],[108.88261,-7.32186],[108.88261,-7.32231],[108.88216,-7.32231],[108.88215,-7.32231],[108.8817,-7.32231],[108.8817,-7.32276],[108.88125,-7.32276],[108.88124,-7.32276],[108.88124,-7.32321],[108.88112,-7.32321],[108.88078,-7.32321],[108.88078,-7.32294],[108.88078,-7.32276],[108.88034,-7.32276],[108.88034,-7.32305],[108.88034,-7.32321],[108.88006,-7.32321],[108.87988,-7.32321],[108.87988,-7.3233],[108.87988,-7.32331],[108.87988,-7.32365],[108.88033,-7.32365],[108.88033,-7.32366],[108.88078,-7.32366],[108.88124,-7.32366],[108.88124,-7.32411],[108.88148,-7.32411],[108.88169,-7.32411],[108.88169,-7.32416],[108.88169,-7.32417],[108.88169,-7.32457],[108.88123,-7.32457],[108.88123,-7.32411],[108.88078,-7.32411],[108.88033,-7.32411],[108.88032,-7.32411],[108.87988,-7.32411],[108.87987,-7.32411],[108.87987,-7.32366],[108.87943,-7.32366],[108.87943,-7.3241],[108.87943,-7.32411],[108.87898,-7.32411],[108.87897,-7.32411],[108.87897,-7.3241],[108.87852,-7.3241],[108.87852,-7.32371],[108.87852,-7.32365],[108.87808,-7.32365],[108.87808,-7.32386],[108.87808,-7.3241],[108.87807,-7.3241],[108.87762,-7.3241],[108.87737,-7.3241],[108.87717,-7.3241],[108.87717,-7.32418],[108.87717,-7.32455],[108.87671,-7.32455],[108.87671,-7.32454],[108.8765,-7.32454],[108.87626,-7.32454],[108.87626,-7.32493],[108.87626,-7.32494],[108.87626,-7.32499],[108.87671,-7.32499],[108.87671,-7.325],[108.87716,-7.325],[108.87716,-7.32545],[108.87671,-7.32545],[108.87671,-7.3259],[108.87715,-7.3259],[108.87716,-7.3259],[108.8776,-7.3259],[108.87761,-7.3259],[108.87806,-7.3259],[108.87806,-7.32636],[108.87806,-7.32681],[108.87851,-7.32681],[108.87851,-7.32726],[108.87851,-7.32771],[108.87851,-7.32772],[108.87805,-7.32772],[108.87805,-7.32771],[108.8776,-7.32771],[108.8776,-7.32816],[108.8776,-7.32862],[108.87714,-7.32862],[108.87714,-7.32906],[108.87714,-7.32951],[108.87714,-7.32952],[108.87714,-7.32997],[108.87669,-7.32997],[108.87668,-7.32997],[108.87623,-7.32997],[108.87623,-7.32996],[108.87578,-7.32996],[108.87532,-7.32996],[108.87532,-7.32951],[108.87533,-7.32951],[108.87533,-7.32906],[108.87488,-7.32906],[108.87488,-7.3286],[108.87488,-7.32841]],[[108.87945,-7.31823],[108.87901,-7.31823],[108.87901,-7.31868],[108.87945,-7.31868],[108.87945,-7.31823]],[[108.87669,-7.32906],[108.87624,-7.32906],[108.87624,-7.32951],[108.87668,-7.32951],[108.87669,-7.32951],[108.87669,-7.32906]],[[108.87669,-7.32816],[108.87714,-7.32816],[108.87714,-7.32771],[108.8767,-7.32771],[108.87669,-7.32771],[108.87669,-7.32816]],[[108.87535,-7.32454],[108.87535,-7.32409],[108.8749,-7.32409],[108.8749,-7.32453],[108.8749,-7.32454],[108.87534,-7.32454],[108.87535,-7.32454]],[[108.87852,-7.32275],[108.87808,-7.32275],[108.87808,-7.32319],[108.87852,-7.32319],[108.87852,-7.32275]]],[[[108.87306,-7.32905],[108.87306,-7.32859],[108.87352,-7.32859],[108.87352,-7.32905],[108.87306,-7.32905]]],[[[108.87264,-7.32362],[108.87264,-7.32317],[108.8731,-7.32317],[108.8731,-7.32362],[108.87264,-7.32362]]],[[[108.87355,-7.32182],[108.87355,-7.32137],[108.87401,-7.32137],[108.87401,-7.32182],[108.87355,-7.32182]]],[[[108.87221,-7.32001],[108.87175,-7.32001],[108.87175,-7.32],[108.87175,-7.31955],[108.87221,-7.31955],[108.87221,-7.32],[108.87221,-7.32001]]],[[[108.87447,-7.31866],[108.87447,-7.31821],[108.87493,-7.31821],[108.87493,-7.31866],[108.87447,-7.31866]]],[[[108.87402,-7.31802],[108.87429,-7.31802],[108.87429,-7.31821],[108.87402,-7.31821],[108.87402,-7.31802]]],[[[108.8734,-7.31676],[108.8734,-7.3164],[108.87322,-7.3164],[108.87312,-7.3164],[108.87312,-7.31639],[108.87312,-7.31594],[108.87358,-7.31594],[108.87358,-7.31639],[108.87358,-7.3164],[108.87358,-7.31676],[108.8734,-7.31676]]],[[[108.87087,-7.31593],[108.87086,-7.31593],[108.87086,-7.31548],[108.87086,-7.31503],[108.87087,-7.31503],[108.87088,-7.31503],[108.87088,-7.31512],[108.87124,-7.31512],[108.87124,-7.31503],[108.87132,-7.31503],[108.87132,-7.31548],[108.87132,-7.31593],[108.87087,-7.31593]]],[[[108.86996,-7.31475],[108.87015,-7.31475],[108.87015,-7.31457],[108.87042,-7.31457],[108.87042,-7.31503],[108.86996,-7.31503],[108.86996,-7.31475]]],[[[108.87124,-7.3144],[108.87124,-7.31422],[108.87124,-7.31421],[108.87133,-7.31421],[108.87133,-7.31422],[108.87133,-7.3144],[108.87124,-7.3144]]],[[[108.87314,-7.31368],[108.87314,-7.31323],[108.8736,-7.31323],[108.8736,-7.31368],[108.8736,-7.31369],[108.8736,-7.31414],[108.87314,-7.31414],[108.87268,-7.31414],[108.87268,-7.31413],[108.87223,-7.31413],[108.87223,-7.31368],[108.87214,-7.31368],[108.87214,-7.31332],[108.87196,-7.31332],[108.87196,-7.31323],[108.87224,-7.31323],[108.87224,-7.31368],[108.87268,-7.31368],[108.87269,-7.31368],[108.87314,-7.31368]]],[[[108.87541,-7.31144],[108.87587,-7.31144],[108.87587,-7.31189],[108.87586,-7.31189],[108.87586,-7.31234],[108.87541,-7.31234],[108.87541,-7.31279],[108.87541,-7.31324],[108.8754,-7.31324],[108.87495,-7.31324],[108.87495,-7.31279],[108.87495,-7.31234],[108.8754,-7.31234],[108.8754,-7.31189],[108.87541,-7.31189],[108.87541,-7.31144]]],[[[108.87405,-7.31279],[108.87405,-7.31233],[108.8745,-7.31233],[108.8745,-7.31279],[108.87405,-7.31279]]],[[[108.87405,-7.31188],[108.87405,-7.31143],[108.8745,-7.31143],[108.87451,-7.31143],[108.87496,-7.31143],[108.87496,-7.31188],[108.87496,-7.31189],[108.8745,-7.31189],[108.8745,-7.31188],[108.87405,-7.31188]]],[[[108.87315,-7.31188],[108.87315,-7.31143],[108.87315,-7.31142],[108.8736,-7.31142],[108.8736,-7.31143],[108.8736,-7.31188],[108.87315,-7.31188]]],[[[108.87315,-7.31098],[108.87315,-7.31097],[108.87315,-7.31052],[108.87361,-7.31052],[108.87361,-7.31097],[108.87361,-7.31098],[108.87315,-7.31098]]],[[[108.8709,-7.30916],[108.87089,-7.30916],[108.87089,-7.3087],[108.8709,-7.3087],[108.87135,-7.3087],[108.87135,-7.30916],[108.8709,-7.30916]]],[[[108.87543,-7.30692],[108.87498,-7.30692],[108.87498,-7.30646],[108.87543,-7.30646],[108.87544,-7.30646],[108.87544,-7.30692],[108.87543,-7.30692]]],[[[108.87227,-7.306],[108.87227,-7.30555],[108.87183,-7.30555],[108.87183,-7.306],[108.87137,-7.306],[108.87091,-7.306],[108.87091,-7.30599],[108.87046,-7.30599],[108.87046,-7.30554],[108.87091,-7.30554],[108.87092,-7.30554],[108.87137,-7.30554],[108.87137,-7.30509],[108.87182,-7.30509],[108.87183,-7.30509],[108.87228,-7.30509],[108.87228,-7.30555],[108.87272,-7.30555],[108.87273,-7.30555],[108.87273,-7.3051],[108.87318,-7.3051],[108.87318,-7.30555],[108.87318,-7.306],[108.87273,-7.306],[108.87273,-7.30645],[108.87227,-7.30645],[108.87227,-7.306]]],[[[108.87,-7.30644],[108.87,-7.30599],[108.87046,-7.30599],[108.87046,-7.30644],[108.87,-7.30644]]],[[[108.87138,-7.30419],[108.87138,-7.30374],[108.87183,-7.30374],[108.87183,-7.30419],[108.87138,-7.30419]]],[[[108.87363,-7.30375],[108.87363,-7.3033],[108.87363,-7.30329],[108.87409,-7.30329],[108.87409,-7.3033],[108.87409,-7.30375],[108.87363,-7.30375]]],[[[108.87183,-7.30374],[108.87183,-7.30329],[108.87228,-7.30329],[108.87228,-7.30374],[108.87183,-7.30374]]],[[[108.87184,-7.30211],[108.8722,-7.30211],[108.8722,-7.30193],[108.87229,-7.30193],[108.87238,-7.30193],[108.87238,-7.30157],[108.87229,-7.30157],[108.87229,-7.30148],[108.87275,-7.30148],[108.87275,-7.30193],[108.8731,-7.30193],[108.8731,-7.30194],[108.8732,-7.30194],[108.8732,-7.30239],[108.87319,-7.30239],[108.87319,-7.30266],[108.87311,-7.30266],[108.87311,-7.30239],[108.87311,-7.3023],[108.87292,-7.3023],[108.87274,-7.3023],[108.87274,-7.30194],[108.87229,-7.30194],[108.87229,-7.30238],[108.87256,-7.30238],[108.87256,-7.30284],[108.87256,-7.30302],[108.87273,-7.30302],[108.87274,-7.30302],[108.87292,-7.30302],[108.87319,-7.30302],[108.87319,-7.30329],[108.87274,-7.30329],[108.87273,-7.30329],[108.87228,-7.30329],[108.87228,-7.30284],[108.87228,-7.30239],[108.87183,-7.30239],[108.87183,-7.30238],[108.87183,-7.30211],[108.87184,-7.30211]]],[[[108.87473,-7.30266],[108.87473,-7.3024],[108.87473,-7.30239],[108.87473,-7.3023],[108.87474,-7.3023],[108.875,-7.3023],[108.87501,-7.3023],[108.8751,-7.3023],[108.8751,-7.30213],[108.87546,-7.30213],[108.87546,-7.3024],[108.87501,-7.3024],[108.87501,-7.30285],[108.87455,-7.30285],[108.87455,-7.30267],[108.87455,-7.30266],[108.87473,-7.30266]]],[[[108.87048,-7.30147],[108.87048,-7.30102],[108.87048,-7.30057],[108.87048,-7.30012],[108.87094,-7.30012],[108.87094,-7.29967],[108.87139,-7.29967],[108.8714,-7.29967],[108.8714,-7.29922],[108.87185,-7.29922],[108.87186,-7.29922],[108.8723,-7.29922],[108.87231,-7.29922],[108.87276,-7.29922],[108.87276,-7.29967],[108.87276,-7.29968],[108.87276,-7.30013],[108.8723,-7.30013],[108.87184,-7.30013],[108.87184,-7.30012],[108.8714,-7.30012],[108.8714,-7.30057],[108.87184,-7.30057],[108.87185,-7.30057],[108.8723,-7.30057],[108.8723,-7.30058],[108.8723,-7.30103],[108.87185,-7.30103],[108.87184,-7.30103],[108.87139,-7.30103],[108.87139,-7.30057],[108.87094,-7.30057],[108.87094,-7.30102],[108.87094,-7.30147],[108.87094,-7.30148],[108.87093,-7.30148],[108.87093,-7.30193],[108.87048,-7.30193],[108.87048,-7.30238],[108.87003,-7.30238],[108.87002,-7.30238],[108.87002,-7.30192],[108.87003,-7.30192],[108.87048,-7.30192],[108.87048,-7.30148],[108.87048,-7.30147]]],[[[108.87473,-7.30195],[108.87473,-7.30194],[108.87492,-7.30194],[108.87492,-7.30195],[108.87491,-7.30195],[108.87473,-7.30195]]],[[[108.87474,-7.30032],[108.87493,-7.30032],[108.87493,-7.3005],[108.87501,-7.3005],[108.87502,-7.3005],[108.8751,-7.3005],[108.87537,-7.3005],[108.87546,-7.3005],[108.87547,-7.3005],[108.87547,-7.30059],[108.87547,-7.3006],[108.87547,-7.30068],[108.87583,-7.30068],[108.87583,-7.3006],[108.87583,-7.30059],[108.87583,-7.30014],[108.87583,-7.29978],[108.87565,-7.29978],[108.87547,-7.29978],[108.87547,-7.29969],[108.87547,-7.2996],[108.87546,-7.2996],[108.87511,-7.2996],[108.87511,-7.29969],[108.87511,-7.29978],[108.8751,-7.29978],[108.8751,-7.29996],[108.87502,-7.29996],[108.87501,-7.29996],[108.87492,-7.29996],[108.87492,-7.29978],[108.87475,-7.29978],[108.87457,-7.29978],[108.87456,-7.29978],[108.87438,-7.29978],[108.87438,-7.29977],[108.8742,-7.29977],[108.87412,-7.29977],[108.87411,-7.29977],[108.87402,-7.29977],[108.87384,-7.29977],[108.87366,-7.29977],[108.87365,-7.29977],[108.87365,-7.29968],[108.87365,-7.29959],[108.87329,-7.29959],[108.87329,-7.29968],[108.87329,-7.29995],[108.87348,-7.29995],[108.87348,-7.30013],[108.8732,-7.30013],[108.8732,-7.29968],[108.87321,-7.29968],[108.87321,-7.29923],[108.87321,-7.29878],[108.87321,-7.29877],[108.87366,-7.29877],[108.87367,-7.29877],[108.87367,-7.29878],[108.87367,-7.29923],[108.87367,-7.29968],[108.87411,-7.29968],[108.87412,-7.29968],[108.87456,-7.29968],[108.87457,-7.29968],[108.87501,-7.29968],[108.87501,-7.29924],[108.87501,-7.29923],[108.87501,-7.29878],[108.87502,-7.29878],[108.87546,-7.29878],[108.87547,-7.29878],[108.87592,-7.29878],[108.87592,-7.29834],[108.87547,-7.29834],[108.87547,-7.29788],[108.87593,-7.29788],[108.87593,-7.29834],[108.87637,-7.29834],[108.87638,-7.29834],[108.87638,-7.29789],[108.87638,-7.29744],[108.87638,-7.29743],[108.87593,-7.29743],[108.87593,-7.29698],[108.87625,-7.29698],[108.87638,-7.29698],[108.87639,-7.29698],[108.87639,-7.29653],[108.87639,-7.29608],[108.87639,-7.29563],[108.87676,-7.29563],[108.87685,-7.29563],[108.87685,-7.29608],[108.87685,-7.29653],[108.8773,-7.29653],[108.8773,-7.29699],[108.87685,-7.29699],[108.87684,-7.29699],[108.87684,-7.29739],[108.87684,-7.29743],[108.87684,-7.29744],[108.87692,-7.29744],[108.87729,-7.29744],[108.87729,-7.29757],[108.87729,-7.29789],[108.87684,-7.29789],[108.87684,-7.29834],[108.87683,-7.29834],[108.87683,-7.29879],[108.87683,-7.29924],[108.87638,-7.29924],[108.87637,-7.29924],[108.87637,-7.29969],[108.87683,-7.29969],[108.87683,-7.30015],[108.87682,-7.30015],[108.87682,-7.3006],[108.87637,-7.3006],[108.87636,-7.3006],[108.87592,-7.3006],[108.87592,-7.30105],[108.87547,-7.30105],[108.87547,-7.30149],[108.87547,-7.3015],[108.87547,-7.30195],[108.87546,-7.30195],[108.87546,-7.30177],[108.87528,-7.30177],[108.87501,-7.30177],[108.87501,-7.3015],[108.87501,-7.30149],[108.87456,-7.30149],[108.87456,-7.30158],[108.87455,-7.30158],[108.87437,-7.30158],[108.87437,-7.30149],[108.87455,-7.30149],[108.87455,-7.30104],[108.8741,-7.30104],[108.8741,-7.30059],[108.87456,-7.30059],[108.87456,-7.30032],[108.87474,-7.30032]]],[[[108.87384,-7.30149],[108.87384,-7.30158],[108.87383,-7.30158],[108.87365,-7.30158],[108.87346,-7.30158],[108.87319,-7.30158],[108.87319,-7.30149],[108.87319,-7.30148],[108.87365,-7.30148],[108.87365,-7.30149],[108.87383,-7.30149],[108.87384,-7.30149]]],[[[108.87275,-7.30103],[108.87275,-7.30058],[108.87321,-7.30058],[108.87321,-7.30103],[108.87275,-7.30103]]],[[[108.8705,-7.29967],[108.87004,-7.29967],[108.87004,-7.29966],[108.87004,-7.29921],[108.8705,-7.29921],[108.8705,-7.29966],[108.8705,-7.29967]]],[[[108.87049,-7.29831],[108.87095,-7.29831],[108.87095,-7.29786],[108.87141,-7.29786],[108.87141,-7.29831],[108.87186,-7.29831],[108.87186,-7.29877],[108.87141,-7.29877],[108.8714,-7.29877],[108.87095,-7.29877],[108.87095,-7.29876],[108.87049,-7.29876],[108.87049,-7.29831]]],[[[108.87459,-7.29471],[108.87459,-7.29426],[108.87505,-7.29426],[108.87505,-7.29472],[108.87504,-7.29472],[108.87504,-7.29517],[108.87458,-7.29517],[108.87458,-7.29472],[108.87458,-7.29471],[108.87459,-7.29471]]],[[[108.87187,-7.2947],[108.87187,-7.29425],[108.87233,-7.29425],[108.87233,-7.2947],[108.87187,-7.2947]]],[[[108.87349,-7.2938],[108.87369,-7.2938],[108.87369,-7.29381],[108.87369,-7.29426],[108.87323,-7.29426],[108.87323,-7.29394],[108.87323,-7.29381],[108.87323,-7.2938],[108.87349,-7.2938]]],[[[108.8737,-7.29336],[108.87324,-7.29336],[108.87324,-7.29335],[108.87324,-7.2929],[108.8737,-7.2929],[108.8737,-7.29335],[108.8737,-7.29336]]],[[[108.87414,-7.29336],[108.87414,-7.2929],[108.8746,-7.2929],[108.8746,-7.29336],[108.87414,-7.29336]]],[[[108.87461,-7.28884],[108.87416,-7.28884],[108.87416,-7.28839],[108.87461,-7.28839],[108.87462,-7.28839],[108.87462,-7.28794],[108.87508,-7.28794],[108.87508,-7.28839],[108.87507,-7.28839],[108.87507,-7.28884],[108.87462,-7.28884],[108.87461,-7.28884]]],[[[108.87235,-7.28883],[108.87235,-7.28838],[108.87281,-7.28838],[108.87281,-7.28883],[108.87235,-7.28883]]],[[[108.87145,-7.28838],[108.87099,-7.28838],[108.87099,-7.28837],[108.87099,-7.28792],[108.87145,-7.28792],[108.87145,-7.28837],[108.87145,-7.28838]]],[[[108.87418,-7.28613],[108.87463,-7.28613],[108.87463,-7.28658],[108.87445,-7.28658],[108.87445,-7.28676],[108.87444,-7.28676],[108.87426,-7.28676],[108.87426,-7.28703],[108.87418,-7.28703],[108.87417,-7.28703],[108.87372,-7.28703],[108.87326,-7.28703],[108.87326,-7.28658],[108.87326,-7.28657],[108.87372,-7.28657],[108.87372,-7.28613],[108.87417,-7.28613],[108.87418,-7.28613]]],[[[108.87236,-7.28703],[108.87236,-7.28657],[108.87282,-7.28657],[108.87282,-7.28703],[108.87236,-7.28703]]],[[[108.87499,-7.28604],[108.87508,-7.28604],[108.87508,-7.28613],[108.87499,-7.28613],[108.87499,-7.28604]]],[[[108.87554,-7.28514],[108.87572,-7.28514],[108.87572,-7.28523],[108.87554,-7.28523],[108.87554,-7.28568],[108.87536,-7.28568],[108.87517,-7.28568],[108.87517,-7.2855],[108.87508,-7.2855],[108.87499,-7.2855],[108.87463,-7.2855],[108.87463,-7.28523],[108.87418,-7.28523],[108.87418,-7.28477],[108.87463,-7.28477],[108.87509,-7.28477],[108.87509,-7.28478],[108.87553,-7.28478],[108.87554,-7.28478],[108.87554,-7.28514]]],[[[108.87419,-7.28387],[108.87419,-7.28432],[108.87373,-7.28432],[108.87373,-7.28387],[108.87373,-7.28342],[108.87373,-7.28341],[108.87419,-7.28341],[108.87419,-7.28342],[108.87464,-7.28342],[108.87464,-7.28387],[108.87419,-7.28387]]],[[[108.87465,-7.28297],[108.87419,-7.28297],[108.87419,-7.28252],[108.87419,-7.28251],[108.87419,-7.28206],[108.87465,-7.28206],[108.87465,-7.28251],[108.87465,-7.28252],[108.87465,-7.28297]]],[[[108.87148,-7.2825],[108.87147,-7.2825],[108.87147,-7.28205],[108.87148,-7.28205],[108.87193,-7.28205],[108.87193,-7.2825],[108.87148,-7.2825]]],[[[108.87285,-7.28006],[108.87285,-7.28025],[108.87239,-7.28025],[108.87239,-7.28007],[108.87239,-7.28006],[108.87285,-7.28006]]],[[[108.87058,-7.27979],[108.87058,-7.27933],[108.87104,-7.27933],[108.87104,-7.27979],[108.87058,-7.27979]]],[[[108.87194,-7.27934],[108.87213,-7.27934],[108.87213,-7.2797],[108.87194,-7.2797],[108.87194,-7.27934]]],[[[108.87013,-7.27888],[108.87013,-7.27843],[108.87059,-7.27843],[108.87059,-7.27888],[108.87013,-7.27888]]],[[[108.87394,-7.2779],[108.87395,-7.2779],[108.87412,-7.2779],[108.87412,-7.27772],[108.87413,-7.27772],[108.87413,-7.27791],[108.87412,-7.27791],[108.87395,-7.27791],[108.87394,-7.27791],[108.87394,-7.2779]]],[[[108.87376,-7.27773],[108.87358,-7.27773],[108.87358,-7.27799],[108.87331,-7.27799],[108.87331,-7.27754],[108.87358,-7.27754],[108.87358,-7.27772],[108.87376,-7.27772],[108.87376,-7.27773]]],[[[108.87421,-7.27755],[108.87413,-7.27755],[108.87413,-7.27754],[108.87421,-7.27754],[108.87421,-7.27755]]],[[[108.87839,-7.37109],[108.87875,-7.37109],[108.87875,-7.37131],[108.87839,-7.37116],[108.87838,-7.37116],[108.87838,-7.37109],[108.87839,-7.37109]]],[[[108.87802,-7.37101],[108.87799,-7.371],[108.87802,-7.371],[108.87802,-7.37101]]],[[[108.87803,-7.37063],[108.8783,-7.37063],[108.8783,-7.37064],[108.87812,-7.37064],[108.87803,-7.37064],[108.87803,-7.37063]]],[[[108.87921,-7.37028],[108.87894,-7.37028],[108.87893,-7.37028],[108.87893,-7.37019],[108.87894,-7.37019],[108.87921,-7.37019],[108.87921,-7.37028]]],[[[108.87622,-7.33222],[108.87622,-7.33267],[108.87622,-7.33313],[108.87576,-7.33313],[108.87576,-7.33267],[108.87576,-7.33222],[108.87622,-7.33222]]],[[[108.87577,-7.33087],[108.87577,-7.33041],[108.87623,-7.33041],[108.87623,-7.33087],[108.87577,-7.33087]]],[[[108.87849,-7.33043],[108.87849,-7.32997],[108.87894,-7.32997],[108.87894,-7.32953],[108.87894,-7.32952],[108.8794,-7.32952],[108.8794,-7.32953],[108.8794,-7.32998],[108.87895,-7.32998],[108.87895,-7.33043],[108.87894,-7.33043],[108.87849,-7.33043]]],[[[108.87804,-7.32907],[108.87804,-7.32862],[108.8785,-7.32862],[108.8785,-7.32907],[108.87804,-7.32907]]],[[[108.87627,-7.32183],[108.87627,-7.32138],[108.87672,-7.32138],[108.87672,-7.32183],[108.87627,-7.32183]]],[[[108.87628,-7.31912],[108.87628,-7.31867],[108.87674,-7.31867],[108.87674,-7.31912],[108.87628,-7.31912]]],[[[108.87537,-7.31912],[108.87537,-7.31866],[108.87583,-7.31866],[108.87583,-7.31912],[108.87537,-7.31912]]],[[[108.87856,-7.31597],[108.87856,-7.31642],[108.87811,-7.31642],[108.87811,-7.31687],[108.87765,-7.31687],[108.87765,-7.31642],[108.87765,-7.31596],[108.87811,-7.31596],[108.87811,-7.31597],[108.87856,-7.31597]]],[[[108.8772,-7.31596],[108.87675,-7.31596],[108.87675,-7.31551],[108.8772,-7.31551],[108.87721,-7.31551],[108.87721,-7.31596],[108.8772,-7.31596]]],[[[108.87856,-7.31552],[108.87856,-7.31507],[108.87856,-7.31506],[108.87902,-7.31506],[108.87902,-7.31507],[108.87902,-7.31552],[108.87856,-7.31552]]],[[[108.87721,-7.31506],[108.8772,-7.31506],[108.8772,-7.31461],[108.87721,-7.31461],[108.87766,-7.31461],[108.87766,-7.31506],[108.87721,-7.31506]]],[[[108.87766,-7.31461],[108.87766,-7.31416],[108.87812,-7.31416],[108.87812,-7.31461],[108.87766,-7.31461]]],[[[108.87721,-7.3137],[108.87676,-7.3137],[108.87676,-7.31415],[108.8763,-7.31415],[108.8763,-7.3137],[108.87675,-7.3137],[108.87675,-7.31325],[108.87676,-7.31325],[108.87676,-7.3128],[108.87722,-7.3128],[108.87722,-7.31325],[108.87767,-7.31325],[108.87767,-7.3137],[108.87767,-7.31371],[108.87721,-7.31371],[108.87721,-7.3137]]],[[[108.87767,-7.31235],[108.87767,-7.3119],[108.87813,-7.3119],[108.87813,-7.31235],[108.87767,-7.31235]]],[[[108.87542,-7.30963],[108.87542,-7.30918],[108.87588,-7.30918],[108.87588,-7.30963],[108.87542,-7.30963]]],[[[108.87769,-7.30874],[108.87768,-7.30874],[108.87768,-7.30828],[108.87769,-7.30828],[108.87814,-7.30828],[108.87814,-7.30874],[108.87769,-7.30874]]],[[[108.87679,-7.30693],[108.87679,-7.30647],[108.87725,-7.30647],[108.87725,-7.30693],[108.87679,-7.30693]]],[[[108.87906,-7.30603],[108.87906,-7.30558],[108.87952,-7.30558],[108.87952,-7.30603],[108.87906,-7.30603]]],[[[108.87591,-7.3033],[108.87591,-7.30376],[108.87545,-7.30376],[108.87499,-7.30376],[108.87499,-7.30375],[108.87499,-7.3033],[108.87545,-7.3033],[108.87591,-7.3033]]],[[[108.87907,-7.30287],[108.87952,-7.30287],[108.87952,-7.30332],[108.87907,-7.30332],[108.87907,-7.30287]]],[[[108.87773,-7.29925],[108.87773,-7.2997],[108.87773,-7.30015],[108.87727,-7.30015],[108.87727,-7.2997],[108.87727,-7.29925],[108.87773,-7.29925]]],[[[108.88001,-7.297],[108.87955,-7.297],[108.87955,-7.29655],[108.8791,-7.29655],[108.8791,-7.29654],[108.87865,-7.29654],[108.87865,-7.29609],[108.8791,-7.29609],[108.87911,-7.29609],[108.87946,-7.29609],[108.87947,-7.29609],[108.87947,-7.29636],[108.87956,-7.29636],[108.87956,-7.29654],[108.88001,-7.29654],[108.88001,-7.29655],[108.88001,-7.297]]],[[[108.87865,-7.29564],[108.87865,-7.29519],[108.87911,-7.29519],[108.87911,-7.29564],[108.87865,-7.29564]]],[[[108.87867,-7.29248],[108.87867,-7.29247],[108.87867,-7.29238],[108.87876,-7.29238],[108.87912,-7.29238],[108.87912,-7.29203],[108.87912,-7.29202],[108.87912,-7.29157],[108.87913,-7.29157],[108.87958,-7.29157],[108.87958,-7.29202],[108.87958,-7.29203],[108.87958,-7.29221],[108.87949,-7.29221],[108.87949,-7.29239],[108.87948,-7.29239],[108.87948,-7.29248],[108.87913,-7.29248],[108.87913,-7.29293],[108.87948,-7.29293],[108.87957,-7.29293],[108.87958,-7.29293],[108.87966,-7.29293],[108.87966,-7.29338],[108.87966,-7.29339],[108.87957,-7.29339],[108.87957,-7.29383],[108.87957,-7.29384],[108.87957,-7.29429],[108.87911,-7.29429],[108.87911,-7.29384],[108.87911,-7.29383],[108.87911,-7.29338],[108.87912,-7.29338],[108.87912,-7.29293],[108.87867,-7.29293],[108.87867,-7.29248]]],[[[108.87732,-7.29202],[108.87732,-7.29247],[108.87686,-7.29247],[108.87686,-7.29292],[108.87641,-7.29292],[108.8764,-7.29292],[108.87595,-7.29292],[108.87595,-7.29246],[108.87595,-7.29201],[108.87641,-7.29201],[108.87641,-7.29246],[108.87686,-7.29246],[108.87686,-7.29202],[108.87686,-7.29201],[108.87732,-7.29201],[108.87732,-7.29202]]],[[[108.87777,-7.29157],[108.87822,-7.29157],[108.87823,-7.29157],[108.8784,-7.29157],[108.87841,-7.29157],[108.87841,-7.29166],[108.87841,-7.29184],[108.8784,-7.29184],[108.87823,-7.29184],[108.87822,-7.29184],[108.87822,-7.29202],[108.87777,-7.29202],[108.87777,-7.29157]]],[[[108.87778,-7.29112],[108.87732,-7.29112],[108.87732,-7.29111],[108.87732,-7.29066],[108.87778,-7.29066],[108.87778,-7.29111],[108.87778,-7.29112]]],[[[108.87551,-7.29111],[108.87505,-7.29111],[108.87505,-7.2911],[108.87505,-7.29065],[108.87551,-7.29065],[108.87551,-7.2911],[108.87551,-7.29111]]],[[[108.87868,-7.29067],[108.87823,-7.29067],[108.87823,-7.29021],[108.87868,-7.29021],[108.87869,-7.29021],[108.87869,-7.29067],[108.87868,-7.29067]]],[[[108.87823,-7.28931],[108.87778,-7.28931],[108.87778,-7.28886],[108.87823,-7.28886],[108.87824,-7.28886],[108.87824,-7.28931],[108.87823,-7.28931]]],[[[108.87778,-7.2875],[108.87778,-7.28705],[108.87824,-7.28705],[108.87824,-7.2875],[108.87778,-7.2875]]],[[[108.87869,-7.2866],[108.87824,-7.2866],[108.87824,-7.28615],[108.87824,-7.2857],[108.8787,-7.2857],[108.8787,-7.28615],[108.87915,-7.28615],[108.87915,-7.2866],[108.8787,-7.2866],[108.87869,-7.2866]]],[[[108.87643,-7.28641],[108.87644,-7.28641],[108.87644,-7.28614],[108.87689,-7.28614],[108.87689,-7.28659],[108.87643,-7.28659],[108.87643,-7.28641]]],[[[108.87598,-7.28569],[108.87598,-7.28568],[108.87626,-7.28568],[108.87626,-7.28569],[108.87608,-7.28569],[108.87608,-7.28587],[108.87598,-7.28587],[108.87598,-7.28569]]],[[[108.87735,-7.28569],[108.87689,-7.28569],[108.87662,-7.28569],[108.87662,-7.28551],[108.87643,-7.28551],[108.87643,-7.28532],[108.87662,-7.28532],[108.87662,-7.28524],[108.87662,-7.28523],[108.87689,-7.28523],[108.87689,-7.28479],[108.87735,-7.28479],[108.87735,-7.28524],[108.87735,-7.28569]]],[[[108.87645,-7.2846],[108.87645,-7.28478],[108.87626,-7.28478],[108.87626,-7.2846],[108.87645,-7.2846]]],[[[108.87872,-7.28389],[108.87872,-7.28434],[108.87917,-7.28434],[108.87917,-7.2848],[108.87871,-7.2848],[108.87871,-7.28434],[108.87826,-7.28434],[108.87826,-7.28389],[108.87872,-7.28389]]],[[[108.87735,-7.28434],[108.87735,-7.28388],[108.87781,-7.28388],[108.87781,-7.28434],[108.87735,-7.28434]]],[[[108.87917,-7.28299],[108.87934,-7.28299],[108.87934,-7.28335],[108.87917,-7.28335],[108.87917,-7.28344],[108.87916,-7.28344],[108.87871,-7.28344],[108.87871,-7.28299],[108.87916,-7.28299],[108.87917,-7.28299]]],[[[108.87645,-7.28343],[108.87645,-7.28298],[108.87691,-7.28298],[108.87691,-7.28343],[108.87645,-7.28343]]],[[[108.87827,-7.28208],[108.87872,-7.28208],[108.87872,-7.28253],[108.87872,-7.28254],[108.87827,-7.28254],[108.87826,-7.28254],[108.87826,-7.28253],[108.87826,-7.28208],[108.87827,-7.28208]]],[[[108.87782,-7.28162],[108.87782,-7.28208],[108.87736,-7.28208],[108.87736,-7.2819],[108.87736,-7.28162],[108.87782,-7.28162]]],[[[108.8751,-7.28116],[108.87556,-7.28116],[108.87556,-7.28117],[108.87555,-7.28117],[108.87555,-7.28162],[108.8751,-7.28162],[108.8751,-7.28116]]],[[[108.87755,-7.28081],[108.87782,-7.28081],[108.87782,-7.28118],[108.87755,-7.28118],[108.87755,-7.28081]]],[[[108.87827,-7.28027],[108.87828,-7.28027],[108.87872,-7.28027],[108.87872,-7.27983],[108.87828,-7.27983],[108.87828,-7.27955],[108.87827,-7.27955],[108.87827,-7.27937],[108.87828,-7.27937],[108.87828,-7.27892],[108.87828,-7.27847],[108.87783,-7.27847],[108.87783,-7.27801],[108.87829,-7.27801],[108.87829,-7.27847],[108.87873,-7.27847],[108.87873,-7.27802],[108.87919,-7.27802],[108.87964,-7.27802],[108.87965,-7.27802],[108.8801,-7.27802],[108.8801,-7.27848],[108.87965,-7.27848],[108.87965,-7.27892],[108.87965,-7.27893],[108.87964,-7.27893],[108.87964,-7.27937],[108.87964,-7.27938],[108.88009,-7.27938],[108.88054,-7.27938],[108.88055,-7.27938],[108.88099,-7.27938],[108.88099,-7.27893],[108.88054,-7.27893],[108.88054,-7.27848],[108.881,-7.27848],[108.881,-7.27803],[108.88145,-7.27803],[108.88146,-7.27803],[108.8819,-7.27803],[108.88191,-7.27803],[108.88191,-7.27848],[108.8819,-7.27848],[108.88146,-7.27848],[108.88146,-7.27893],[108.88145,-7.27893],[108.88145,-7.27938],[108.88145,-7.27939],[108.88145,-7.27983],[108.88145,-7.27984],[108.88145,-7.28029],[108.88189,-7.28029],[108.88189,-7.27984],[108.88235,-7.27984],[108.88235,-7.27939],[108.8828,-7.27939],[108.88281,-7.27939],[108.88281,-7.27984],[108.88325,-7.27984],[108.88325,-7.27939],[108.88326,-7.27939],[108.8837,-7.27939],[108.8837,-7.27894],[108.88371,-7.27894],[108.88416,-7.27894],[108.88416,-7.2794],[108.88461,-7.2794],[108.88461,-7.27895],[108.88507,-7.27895],[108.88507,-7.2794],[108.88507,-7.27985],[108.88552,-7.27985],[108.88552,-7.28031],[108.88596,-7.28031],[108.88597,-7.28031],[108.88642,-7.28031],[108.88642,-7.28076],[108.88642,-7.28122],[108.88641,-7.28122],[108.88641,-7.28167],[108.88596,-7.28167],[108.88596,-7.28211],[108.88596,-7.28212],[108.88596,-7.28257],[108.88551,-7.28257],[108.88551,-7.28302],[108.88506,-7.28302],[108.88505,-7.28302],[108.8846,-7.28302],[108.88415,-7.28302],[108.88415,-7.28346],[108.88415,-7.28392],[108.88369,-7.28392],[108.88369,-7.28346],[108.88324,-7.28346],[108.88324,-7.28391],[108.88296,-7.28391],[108.88278,-7.28391],[108.88278,-7.28346],[108.88234,-7.28346],[108.88233,-7.28346],[108.88233,-7.28391],[108.88187,-7.28391],[108.88187,-7.28345],[108.88142,-7.28345],[108.88142,-7.283],[108.88188,-7.283],[108.88188,-7.28282],[108.88189,-7.28282],[108.88189,-7.28255],[108.88189,-7.2821],[108.88233,-7.2821],[108.88234,-7.2821],[108.88234,-7.28165],[108.88207,-7.28165],[108.88207,-7.28156],[108.88189,-7.28156],[108.88171,-7.28156],[108.88171,-7.28164],[108.88171,-7.28165],[108.88171,-7.28174],[108.88153,-7.28174],[108.88153,-7.28165],[108.88153,-7.28164],[108.88153,-7.28155],[108.88143,-7.28155],[108.88143,-7.28119],[108.88116,-7.28119],[108.88099,-7.28119],[108.88098,-7.28119],[108.88071,-7.28119],[108.88062,-7.28119],[108.88062,-7.28101],[108.88054,-7.28101],[108.88053,-7.28101],[108.88026,-7.28101],[108.88026,-7.28119],[108.88026,-7.28137],[108.88008,-7.28137],[108.88008,-7.28155],[108.88007,-7.28155],[108.88007,-7.28119],[108.87963,-7.28119],[108.87963,-7.28155],[108.87953,-7.28155],[108.87953,-7.28164],[108.87917,-7.28164],[108.87917,-7.28118],[108.87962,-7.28118],[108.87962,-7.28073],[108.88008,-7.28073],[108.88008,-7.28029],[108.88008,-7.28028],[108.87964,-7.28028],[108.87963,-7.28028],[108.87918,-7.28028],[108.87918,-7.28073],[108.87873,-7.28073],[108.87872,-7.28073],[108.87828,-7.28073],[108.87827,-7.28073],[108.87791,-7.28073],[108.87791,-7.28045],[108.87782,-7.28045],[108.87782,-7.28027],[108.87792,-7.28027],[108.87827,-7.28027]],[[108.88235,-7.28029],[108.8828,-7.28029],[108.8828,-7.27984],[108.88235,-7.27984],[108.88235,-7.28029]],[[108.87918,-7.27892],[108.87874,-7.27892],[108.87874,-7.27937],[108.87918,-7.27937],[108.87918,-7.27892]],[[108.88596,-7.28121],[108.88551,-7.28121],[108.88551,-7.28166],[108.88596,-7.28166],[108.88596,-7.28122],[108.88596,-7.28121]],[[108.8819,-7.28029],[108.8819,-7.28074],[108.88234,-7.28074],[108.88234,-7.28029],[108.8819,-7.28029]],[[108.88505,-7.28212],[108.88505,-7.28211],[108.88461,-7.28211],[108.88461,-7.28256],[108.88505,-7.28256],[108.88505,-7.28212]],[[108.88054,-7.28029],[108.88054,-7.28073],[108.88054,-7.28074],[108.88098,-7.28074],[108.88099,-7.28074],[108.88144,-7.28074],[108.88144,-7.28029],[108.881,-7.28029],[108.88099,-7.28029],[108.88054,-7.28029]]],[[[108.87556,-7.28044],[108.87556,-7.28062],[108.87556,-7.28063],[108.87538,-7.28063],[108.87538,-7.28071],[108.87511,-7.28071],[108.87511,-7.28026],[108.8752,-7.28026],[108.8752,-7.28044],[108.87556,-7.28044]]],[[[108.87783,-7.27937],[108.87783,-7.27955],[108.87774,-7.27955],[108.87755,-7.27955],[108.87737,-7.27955],[108.87737,-7.27937],[108.87783,-7.27937]]],[[[108.88056,-7.3702],[108.88056,-7.36974],[108.88102,-7.36974],[108.88102,-7.3702],[108.88056,-7.3702]]],[[[108.87921,-7.36906],[108.87921,-7.36883],[108.87949,-7.36883],[108.87949,-7.36898],[108.87949,-7.36901],[108.87951,-7.36901],[108.87966,-7.36901],[108.87967,-7.36901],[108.87967,-7.36902],[108.87967,-7.36929],[108.87966,-7.36929],[108.87956,-7.36929],[108.87921,-7.36929],[108.87921,-7.36923],[108.87921,-7.36906]]],[[[108.88193,-7.3693],[108.88193,-7.36885],[108.88239,-7.36885],[108.88239,-7.3693],[108.88193,-7.3693]]],[[[108.88003,-7.36866],[108.88003,-7.36865],[108.88012,-7.36865],[108.88012,-7.36866],[108.88003,-7.36866]]],[[[108.87966,-7.36838],[108.87985,-7.36838],[108.87985,-7.36848],[108.87966,-7.36848],[108.87966,-7.36838]]],[[[108.88469,-7.35892],[108.88515,-7.35892],[108.88515,-7.35937],[108.88469,-7.35937],[108.88469,-7.35892]]],[[[108.88515,-7.35757],[108.88515,-7.35711],[108.8856,-7.35711],[108.88561,-7.35711],[108.88561,-7.35757],[108.8856,-7.35757],[108.88515,-7.35757]]],[[[108.88289,-7.35711],[108.88289,-7.35692],[108.88307,-7.35692],[108.88317,-7.35692],[108.88317,-7.3571],[108.88334,-7.3571],[108.88335,-7.3571],[108.88353,-7.3571],[108.88353,-7.35674],[108.88371,-7.35674],[108.88371,-7.35711],[108.88335,-7.35711],[108.88334,-7.35711],[108.88289,-7.35711]]],[[[108.88371,-7.3562],[108.88371,-7.35602],[108.88353,-7.35602],[108.88353,-7.35584],[108.88335,-7.35584],[108.88298,-7.35584],[108.88298,-7.3562],[108.8829,-7.3562],[108.8829,-7.35575],[108.88244,-7.35575],[108.88244,-7.35529],[108.88245,-7.35529],[108.88245,-7.35547],[108.88262,-7.35547],[108.88262,-7.35548],[108.88281,-7.35548],[108.88281,-7.35566],[108.8829,-7.35566],[108.88335,-7.35566],[108.88335,-7.3553],[108.88371,-7.3553],[108.8838,-7.3553],[108.8838,-7.35485],[108.88425,-7.35485],[108.88425,-7.3544],[108.88426,-7.3544],[108.88426,-7.35395],[108.88471,-7.35395],[108.88472,-7.35395],[108.88517,-7.35395],[108.88517,-7.3544],[108.88535,-7.3544],[108.88535,-7.35477],[108.88553,-7.35477],[108.88562,-7.35477],[108.88562,-7.35486],[108.88571,-7.35486],[108.88571,-7.35513],[108.88589,-7.35513],[108.88589,-7.35531],[108.88561,-7.35531],[108.88561,-7.35486],[108.88516,-7.35486],[108.88516,-7.3553],[108.88516,-7.35531],[108.88516,-7.35576],[108.88552,-7.35576],[108.88552,-7.35603],[108.88561,-7.35603],[108.88561,-7.35621],[108.88516,-7.35621],[108.88516,-7.35666],[108.88471,-7.35666],[108.8847,-7.35666],[108.88426,-7.35666],[108.88426,-7.35711],[108.88425,-7.35711],[108.88407,-7.35711],[108.88407,-7.35666],[108.88407,-7.35639],[108.88389,-7.35639],[108.88389,-7.35621],[108.88381,-7.35621],[108.8838,-7.35621],[108.88371,-7.35621],[108.88371,-7.3562]],[[108.88515,-7.35576],[108.88471,-7.35576],[108.88471,-7.35621],[108.88515,-7.35621],[108.88515,-7.35576]],[[108.88471,-7.35485],[108.88516,-7.35485],[108.88516,-7.3544],[108.88472,-7.3544],[108.88471,-7.3544],[108.88471,-7.35485]]],[[[108.88018,-7.35574],[108.88018,-7.35528],[108.88064,-7.35528],[108.88064,-7.35574],[108.88018,-7.35574]]],[[[108.88335,-7.35494],[108.88317,-7.35494],[108.88299,-7.35494],[108.88299,-7.35485],[108.88299,-7.35484],[108.88335,-7.35484],[108.88335,-7.35485],[108.88335,-7.35494]]],[[[108.88571,-7.35422],[108.88571,-7.35423],[108.88562,-7.35423],[108.88562,-7.35422],[108.88571,-7.35422]]],[[[108.882,-7.35349],[108.882,-7.35303],[108.88246,-7.35303],[108.88246,-7.35349],[108.882,-7.35349]]],[[[108.88201,-7.35122],[108.88201,-7.35123],[108.88247,-7.35123],[108.88247,-7.35168],[108.88201,-7.35168],[108.88201,-7.35213],[108.88155,-7.35213],[108.88155,-7.35168],[108.88155,-7.35122],[108.88201,-7.35122]]],[[[108.88518,-7.35079],[108.88518,-7.35034],[108.88555,-7.35034],[108.88555,-7.35079],[108.88536,-7.35079],[108.88536,-7.35115],[108.88563,-7.35115],[108.88564,-7.35115],[108.88572,-7.35115],[108.88572,-7.35097],[108.88573,-7.35097],[108.88608,-7.35097],[108.88609,-7.35097],[108.88645,-7.35097],[108.88645,-7.3508],[108.88645,-7.35079],[108.88654,-7.35079],[108.88654,-7.3508],[108.88654,-7.35124],[108.88654,-7.35125],[108.88654,-7.3517],[108.88699,-7.3517],[108.88699,-7.35215],[108.88744,-7.35215],[108.88744,-7.3517],[108.88789,-7.3517],[108.88789,-7.35125],[108.88835,-7.35125],[108.88835,-7.35126],[108.8888,-7.35126],[108.8888,-7.35171],[108.8888,-7.35216],[108.88834,-7.35216],[108.88834,-7.35171],[108.88789,-7.35171],[108.88789,-7.35216],[108.88744,-7.35216],[108.88744,-7.35261],[108.88699,-7.35261],[108.88654,-7.35261],[108.88654,-7.35305],[108.88654,-7.35306],[108.88653,-7.35306],[108.88653,-7.3535],[108.88653,-7.35351],[108.88643,-7.35351],[108.88643,-7.3535],[108.88643,-7.35332],[108.88644,-7.35332],[108.88644,-7.35306],[108.88644,-7.35305],[108.88644,-7.35297],[108.88608,-7.35297],[108.88608,-7.35305],[108.88608,-7.35314],[108.88607,-7.35314],[108.88607,-7.35305],[108.88562,-7.35305],[108.88562,-7.3526],[108.88608,-7.3526],[108.88608,-7.35215],[108.88563,-7.35215],[108.88563,-7.3517],[108.88518,-7.3517],[108.88518,-7.35169],[108.88518,-7.35124],[108.88518,-7.35079]],[[108.88609,-7.3517],[108.88609,-7.35215],[108.88653,-7.35215],[108.88653,-7.3517],[108.88609,-7.3517]]],[[[108.88023,-7.34625],[108.88023,-7.3458],[108.88068,-7.3458],[108.88068,-7.34625],[108.88023,-7.34625]]],[[[108.88256,-7.3309],[108.88256,-7.33044],[108.88302,-7.33044],[108.88302,-7.3309],[108.88256,-7.3309]]],[[[108.87985,-7.32863],[108.87985,-7.32817],[108.88031,-7.32817],[108.88031,-7.32863],[108.87985,-7.32863]]],[[[108.88214,-7.32389],[108.88214,-7.32367],[108.88219,-7.32367],[108.8826,-7.32367],[108.8826,-7.32412],[108.88214,-7.32412],[108.88214,-7.32389]]],[[[108.88441,-7.32277],[108.88396,-7.32277],[108.88396,-7.32232],[108.88441,-7.32232],[108.88442,-7.32232],[108.88442,-7.32277],[108.88441,-7.32277]]],[[[108.88351,-7.32141],[108.88352,-7.32141],[108.88352,-7.32186],[108.88352,-7.32187],[108.88351,-7.32187],[108.88306,-7.32187],[108.88306,-7.32186],[108.88306,-7.32141],[108.88351,-7.32141]]],[[[108.88406,-7.32133],[108.88406,-7.32142],[108.88396,-7.32142],[108.88396,-7.32132],[108.88406,-7.32132],[108.88406,-7.32133]]],[[[108.88406,-7.32096],[108.88406,-7.32097],[108.88396,-7.32097],[108.88396,-7.32096],[108.88406,-7.32096]]],[[[108.88034,-7.32095],[108.88034,-7.3205],[108.88034,-7.32049],[108.8808,-7.32049],[108.8808,-7.3205],[108.8808,-7.32095],[108.88034,-7.32095]]],[[[108.88126,-7.3196],[108.88126,-7.31914],[108.88171,-7.31914],[108.88171,-7.31869],[108.88217,-7.31869],[108.88217,-7.31915],[108.88171,-7.31915],[108.88171,-7.3196],[108.88126,-7.3196]]],[[[108.88036,-7.31824],[108.88036,-7.31778],[108.88081,-7.31778],[108.88081,-7.31824],[108.88036,-7.31824]]],[[[108.88489,-7.31781],[108.88489,-7.31735],[108.88535,-7.31735],[108.88535,-7.31781],[108.88489,-7.31781]]],[[[108.88263,-7.31689],[108.88263,-7.31644],[108.88309,-7.31644],[108.88309,-7.31689],[108.88263,-7.31689]]],[[[108.87991,-7.31598],[108.87946,-7.31598],[108.87946,-7.31552],[108.87991,-7.31552],[108.87992,-7.31552],[108.88037,-7.31552],[108.88083,-7.31552],[108.88083,-7.31553],[108.88127,-7.31553],[108.88128,-7.31553],[108.88172,-7.31553],[108.88173,-7.31553],[108.88173,-7.31508],[108.88219,-7.31508],[108.88219,-7.31553],[108.88264,-7.31553],[108.88264,-7.31599],[108.88218,-7.31599],[108.88173,-7.31599],[108.88173,-7.31643],[108.88218,-7.31643],[108.88218,-7.31689],[108.88173,-7.31689],[108.88172,-7.31689],[108.88127,-7.31689],[108.88081,-7.31689],[108.88081,-7.31688],[108.88081,-7.31643],[108.88127,-7.31643],[108.88127,-7.31598],[108.88083,-7.31598],[108.88082,-7.31598],[108.88037,-7.31598],[108.88037,-7.31643],[108.87991,-7.31643],[108.87991,-7.31598]]],[[[108.88445,-7.3151],[108.88445,-7.31554],[108.88399,-7.31554],[108.88399,-7.31509],[108.88399,-7.31464],[108.884,-7.31464],[108.88444,-7.31464],[108.88445,-7.31464],[108.8849,-7.31464],[108.8849,-7.31509],[108.8849,-7.3151],[108.88445,-7.3151]]],[[[108.88354,-7.31554],[108.88309,-7.31554],[108.88309,-7.31509],[108.88309,-7.31463],[108.88354,-7.31463],[108.88355,-7.31463],[108.88355,-7.31509],[108.88355,-7.31554],[108.88354,-7.31554]]],[[[108.88037,-7.31508],[108.88037,-7.31462],[108.88083,-7.31462],[108.88083,-7.31508],[108.88037,-7.31508]]],[[[108.88491,-7.31284],[108.88445,-7.31284],[108.88445,-7.31238],[108.88491,-7.31238],[108.88537,-7.31238],[108.88537,-7.31284],[108.88491,-7.31284]]],[[[108.88537,-7.31103],[108.88537,-7.31148],[108.88582,-7.31148],[108.88582,-7.31194],[108.88536,-7.31194],[108.88536,-7.31148],[108.88491,-7.31148],[108.88491,-7.31103],[108.88537,-7.31103]]],[[[108.88401,-7.31102],[108.88447,-7.31102],[108.88447,-7.31148],[108.88447,-7.31193],[108.88401,-7.31193],[108.88401,-7.31148],[108.88401,-7.31102]]],[[[108.8831,-7.31193],[108.8831,-7.31147],[108.88356,-7.31147],[108.88356,-7.31193],[108.8831,-7.31193]]],[[[108.88492,-7.31058],[108.88492,-7.31012],[108.88538,-7.31012],[108.88538,-7.31058],[108.88492,-7.31058]]],[[[108.88311,-7.31057],[108.88311,-7.31012],[108.88357,-7.31012],[108.88357,-7.31057],[108.88311,-7.31057]]],[[[108.88402,-7.31012],[108.88402,-7.30967],[108.88448,-7.30967],[108.88448,-7.31012],[108.88402,-7.31012]]],[[[108.88039,-7.31011],[108.88039,-7.30965],[108.88085,-7.30965],[108.88085,-7.31011],[108.88039,-7.31011]]],[[[108.87949,-7.3101],[108.87949,-7.30965],[108.87995,-7.30965],[108.87995,-7.3101],[108.87949,-7.3101]]],[[[108.88493,-7.30922],[108.88493,-7.30877],[108.88538,-7.30877],[108.88538,-7.30922],[108.88493,-7.30922]]],[[[108.88493,-7.30787],[108.88538,-7.30787],[108.88584,-7.30787],[108.88584,-7.30832],[108.88538,-7.30832],[108.88493,-7.30832],[108.88493,-7.30787]]],[[[108.88585,-7.30651],[108.8863,-7.30651],[108.8863,-7.30652],[108.8863,-7.30697],[108.88585,-7.30697],[108.88584,-7.30697],[108.88539,-7.30697],[108.88539,-7.30651],[108.88584,-7.30651],[108.88585,-7.30651]]],[[[108.88448,-7.30651],[108.88448,-7.30606],[108.88494,-7.30606],[108.88494,-7.30651],[108.88448,-7.30651]]],[[[108.88539,-7.30579],[108.88558,-7.30579],[108.88576,-7.30579],[108.88585,-7.30579],[108.88585,-7.30606],[108.88539,-7.30606],[108.88539,-7.30579]]],[[[108.88539,-7.30516],[108.88585,-7.30516],[108.88585,-7.30543],[108.88576,-7.30543],[108.88575,-7.30543],[108.88539,-7.30543],[108.88539,-7.30516]]],[[[108.8845,-7.30425],[108.8845,-7.3038],[108.88496,-7.3038],[108.88496,-7.30425],[108.8845,-7.30425]]],[[[108.88047,-7.29601],[108.88047,-7.2961],[108.88038,-7.2961],[108.88038,-7.29601],[108.88038,-7.296],[108.88047,-7.296],[108.88047,-7.29601]]],[[[108.88001,-7.29583],[108.88001,-7.29582],[108.88001,-7.29564],[108.8802,-7.29564],[108.8802,-7.29565],[108.88002,-7.29565],[108.88002,-7.29582],[108.88002,-7.29583],[108.88001,-7.29583]]],[[[108.88409,-7.29521],[108.88409,-7.29566],[108.88363,-7.29566],[108.88363,-7.29521],[108.88364,-7.29521],[108.88364,-7.29476],[108.88409,-7.29476],[108.88409,-7.29521]]],[[[108.88092,-7.29565],[108.88092,-7.29529],[108.88091,-7.29529],[108.88056,-7.29529],[108.88056,-7.29547],[108.88046,-7.29547],[108.88046,-7.29528],[108.88056,-7.29528],[108.88091,-7.29528],[108.88092,-7.29528],[108.88092,-7.2952],[108.88137,-7.2952],[108.88137,-7.29565],[108.88092,-7.29565]]],[[[108.88273,-7.29521],[108.88273,-7.29475],[108.88319,-7.29475],[108.88319,-7.29521],[108.88273,-7.29521]]],[[[108.88183,-7.29475],[108.88183,-7.2943],[108.88183,-7.29421],[108.88183,-7.2942],[108.88201,-7.2942],[108.88201,-7.29421],[108.88219,-7.29421],[108.88219,-7.2943],[108.88219,-7.29475],[108.88183,-7.29475]]],[[[108.88074,-7.29456],[108.88074,-7.29438],[108.88047,-7.29438],[108.88047,-7.29429],[108.88093,-7.29429],[108.88093,-7.29474],[108.88093,-7.29475],[108.88092,-7.29475],[108.88092,-7.29474],[108.88092,-7.29457],[108.88074,-7.29456]]],[[[108.8802,-7.29293],[108.88021,-7.29293],[108.88049,-7.29293],[108.88049,-7.29294],[108.88003,-7.29294],[108.88003,-7.29293],[108.8802,-7.29293]]],[[[108.88184,-7.29159],[108.88229,-7.29159],[108.88229,-7.29204],[108.88229,-7.29249],[108.88274,-7.29249],[108.88274,-7.29295],[108.88229,-7.29295],[108.88229,-7.29294],[108.88184,-7.29294],[108.88184,-7.29249],[108.88184,-7.29204],[108.88139,-7.29204],[108.88139,-7.29158],[108.88184,-7.29158],[108.88184,-7.29159]]],[[[108.88049,-7.29221],[108.88039,-7.29221],[108.88003,-7.29221],[108.88003,-7.29203],[108.88049,-7.29203],[108.88049,-7.29221]]],[[[108.87958,-7.29113],[108.87958,-7.29067],[108.88004,-7.29067],[108.88004,-7.29113],[108.87958,-7.29113]]],[[[108.88184,-7.28978],[108.88185,-7.28978],[108.8823,-7.28978],[108.8823,-7.29023],[108.88275,-7.29023],[108.88321,-7.29023],[108.88321,-7.29024],[108.88321,-7.29069],[108.88275,-7.29069],[108.8823,-7.29069],[108.88229,-7.29069],[108.88184,-7.29069],[108.88184,-7.29023],[108.88139,-7.29023],[108.88139,-7.28978],[108.88184,-7.28978]]],[[[108.8823,-7.28978],[108.8823,-7.28933],[108.8823,-7.28888],[108.88276,-7.28888],[108.88276,-7.28933],[108.88276,-7.28978],[108.8823,-7.28978]]],[[[108.88322,-7.28708],[108.88322,-7.28707],[108.88367,-7.28707],[108.88368,-7.28707],[108.88368,-7.28708],[108.88368,-7.28753],[108.88368,-7.28798],[108.88367,-7.28798],[108.88367,-7.28843],[108.88322,-7.28843],[108.88322,-7.28888],[108.88367,-7.28888],[108.88367,-7.28934],[108.88321,-7.28934],[108.88321,-7.28888],[108.88276,-7.28888],[108.88276,-7.28843],[108.88321,-7.28843],[108.88321,-7.28798],[108.88322,-7.28798],[108.88322,-7.28753],[108.88322,-7.28708]]],[[[108.8814,-7.28888],[108.8814,-7.28842],[108.88186,-7.28842],[108.88186,-7.28888],[108.8814,-7.28888]]],[[[108.88095,-7.28752],[108.88095,-7.28706],[108.88141,-7.28706],[108.88141,-7.28752],[108.88095,-7.28752]]],[[[108.8796,-7.28751],[108.8796,-7.28706],[108.88006,-7.28706],[108.88006,-7.28751],[108.8796,-7.28751]]],[[[108.88277,-7.28571],[108.88278,-7.28571],[108.88278,-7.28572],[108.88278,-7.28617],[108.88277,-7.28617],[108.88232,-7.28617],[108.88232,-7.28572],[108.88232,-7.28571],[108.88277,-7.28571]]],[[[108.87961,-7.28525],[108.87961,-7.2857],[108.87961,-7.28615],[108.87915,-7.28615],[108.87915,-7.2857],[108.87915,-7.28525],[108.87961,-7.28525]]],[[[108.88549,-7.28483],[108.88549,-7.28437],[108.88595,-7.28437],[108.88595,-7.28483],[108.88549,-7.28483]]],[[[108.88323,-7.28482],[108.88323,-7.28481],[108.88332,-7.28481],[108.88332,-7.28436],[108.88369,-7.28436],[108.88369,-7.28437],[108.88414,-7.28437],[108.88414,-7.28482],[108.88369,-7.28482],[108.88368,-7.28482],[108.88323,-7.28482]]],[[[108.88459,-7.28392],[108.88459,-7.28347],[108.88505,-7.28347],[108.88505,-7.28392],[108.88459,-7.28392]]],[[[108.88007,-7.28353],[108.88025,-7.28353],[108.88025,-7.28344],[108.88052,-7.28344],[108.88052,-7.2839],[108.88025,-7.2839],[108.88025,-7.28372],[108.88007,-7.28372],[108.88007,-7.28354],[108.88007,-7.28353]]],[[[108.8808,-7.28263],[108.88098,-7.28263],[108.88098,-7.28264],[108.8808,-7.28264],[108.8808,-7.28263]]],[[[108.88507,-7.2785],[108.88507,-7.27828],[108.88553,-7.27817],[108.88553,-7.2785],[108.88507,-7.2785]]],[[[108.88281,-7.27849],[108.8828,-7.27849],[108.8828,-7.27804],[108.88281,-7.27804],[108.88326,-7.27804],[108.88326,-7.27849],[108.88281,-7.27849]]],[[[108.8819,-7.27758],[108.8819,-7.27713],[108.88236,-7.27713],[108.88236,-7.27758],[108.8819,-7.27758]]],[[[108.87965,-7.27757],[108.87965,-7.27712],[108.8801,-7.27712],[108.8801,-7.27757],[108.87965,-7.27757]]],[[[108.88327,-7.27714],[108.88281,-7.27714],[108.88281,-7.27713],[108.88281,-7.27668],[108.88327,-7.27668],[108.88327,-7.27713],[108.88327,-7.27714]]],[[[108.88741,-7.36074],[108.8874,-7.36074],[108.88695,-7.36074],[108.88695,-7.36028],[108.8874,-7.36028],[108.8874,-7.35984],[108.88695,-7.35984],[108.88695,-7.35938],[108.88695,-7.35893],[108.8874,-7.35893],[108.88741,-7.35893],[108.88785,-7.35893],[108.88785,-7.35848],[108.88786,-7.35848],[108.88786,-7.35803],[108.88741,-7.35803],[108.88696,-7.35803],[108.88695,-7.35803],[108.88695,-7.35758],[108.88651,-7.35758],[108.8865,-7.35758],[108.8865,-7.35757],[108.8865,-7.35712],[108.88651,-7.35712],[108.88651,-7.35667],[108.88642,-7.35667],[108.88642,-7.35658],[108.88651,-7.35658],[108.88678,-7.35658],[108.88678,-7.35622],[108.88679,-7.35622],[108.88679,-7.3564],[108.88696,-7.3564],[108.88697,-7.3564],[108.88715,-7.3564],[108.88715,-7.35622],[108.88741,-7.35622],[108.88742,-7.35622],[108.88751,-7.35622],[108.88751,-7.35586],[108.88742,-7.35586],[108.88733,-7.35586],[108.88733,-7.35577],[108.88733,-7.35568],[108.88734,-7.35568],[108.88742,-7.35568],[108.88743,-7.35568],[108.88752,-7.35568],[108.88752,-7.3555],[108.88769,-7.3555],[108.88769,-7.35532],[108.88787,-7.35532],[108.88788,-7.35532],[108.88788,-7.35496],[108.88769,-7.35496],[108.88769,-7.35495],[108.8877,-7.35495],[108.8877,-7.35487],[108.8877,-7.35478],[108.88788,-7.35478],[108.88788,-7.35442],[108.88751,-7.35442],[108.88751,-7.3546],[108.88743,-7.3546],[108.88734,-7.3546],[108.88734,-7.35478],[108.88716,-7.35478],[108.88716,-7.35486],[108.88716,-7.35487],[108.88716,-7.35496],[108.88715,-7.35496],[108.88697,-7.35496],[108.88697,-7.35487],[108.88697,-7.35486],[108.88697,-7.35441],[108.88653,-7.35441],[108.88652,-7.35441],[108.88643,-7.35441],[108.88643,-7.35423],[108.88652,-7.35423],[108.88653,-7.35423],[108.88679,-7.35423],[108.88679,-7.35405],[108.8868,-7.35405],[108.8868,-7.35396],[108.8868,-7.35369],[108.88662,-7.35369],[108.88662,-7.35351],[108.88698,-7.35351],[108.88698,-7.35396],[108.88698,-7.35441],[108.88743,-7.35441],[108.88788,-7.35441],[108.88788,-7.35396],[108.88834,-7.35396],[108.88834,-7.35352],[108.88834,-7.35351],[108.88879,-7.35351],[108.88879,-7.35352],[108.88879,-7.35397],[108.88892,-7.35397],[108.88883,-7.35415],[108.88879,-7.35442],[108.88879,-7.35446],[108.88877,-7.3546],[108.88879,-7.35477],[108.88879,-7.35487],[108.8888,-7.35487],[108.88881,-7.35496],[108.88888,-7.35531],[108.88889,-7.35533],[108.88879,-7.35533],[108.88879,-7.35578],[108.88902,-7.35578],[108.88915,-7.35623],[108.88919,-7.35638],[108.88923,-7.35658],[108.88923,-7.35668],[108.88878,-7.35668],[108.88878,-7.35713],[108.88878,-7.35758],[108.88832,-7.35758],[108.88832,-7.35803],[108.88832,-7.35848],[108.88877,-7.35848],[108.88877,-7.35849],[108.88911,-7.35849],[108.88912,-7.35849],[108.88905,-7.35867],[108.88886,-7.35894],[108.88877,-7.35894],[108.88876,-7.35894],[108.88831,-7.35894],[108.88831,-7.35939],[108.88831,-7.3598],[108.88831,-7.35981],[108.88829,-7.35984],[108.88786,-7.35984],[108.88786,-7.36029],[108.8881,-7.36029],[108.88813,-7.36045],[108.88831,-7.36059],[108.88831,-7.36074],[108.88831,-7.36119],[108.88876,-7.36119],[108.88876,-7.3612],[108.88876,-7.36165],[108.8883,-7.36165],[108.8883,-7.3612],[108.88821,-7.3612],[108.88821,-7.36119],[108.88821,-7.36093],[108.88785,-7.36093],[108.88785,-7.36074],[108.88741,-7.36074]]],[[[108.88605,-7.35658],[108.88606,-7.35658],[108.88606,-7.35667],[108.88605,-7.35667],[108.88605,-7.35658]]],[[[108.88607,-7.35531],[108.88625,-7.35531],[108.88625,-7.35549],[108.88643,-7.35549],[108.88651,-7.35549],[108.88652,-7.35549],[108.88661,-7.35549],[108.88661,-7.3555],[108.88652,-7.3555],[108.88651,-7.3555],[108.88625,-7.3555],[108.88625,-7.35576],[108.88625,-7.35577],[108.88625,-7.35586],[108.88624,-7.35586],[108.88624,-7.35577],[108.88624,-7.35576],[108.88624,-7.35568],[108.88606,-7.35568],[108.88606,-7.35567],[108.88606,-7.35531],[108.88607,-7.35531]]],[[[108.88698,-7.35351],[108.88698,-7.35306],[108.88744,-7.35306],[108.88744,-7.35351],[108.88698,-7.35351]]],[[[108.89016,-7.35126],[108.89016,-7.35172],[108.88971,-7.35172],[108.88971,-7.35217],[108.88925,-7.35217],[108.88925,-7.35171],[108.8897,-7.35171],[108.8897,-7.35126],[108.88925,-7.35126],[108.88925,-7.35081],[108.88971,-7.35081],[108.88971,-7.35126],[108.89016,-7.35126]]],[[[108.89152,-7.35082],[108.89152,-7.35037],[108.89197,-7.35037],[108.89198,-7.3504],[108.89198,-7.35041],[108.89198,-7.35082],[108.89152,-7.35082]]],[[[108.88789,-7.3508],[108.88789,-7.35035],[108.88835,-7.35035],[108.88835,-7.3508],[108.88789,-7.3508]]],[[[108.8879,-7.3499],[108.8879,-7.34945],[108.88836,-7.34945],[108.88836,-7.3499],[108.8879,-7.3499]]],[[[108.88654,-7.34944],[108.887,-7.34944],[108.887,-7.34971],[108.88682,-7.34971],[108.88654,-7.34971],[108.88654,-7.34944]]],[[[108.89017,-7.34855],[108.89062,-7.34855],[108.89063,-7.34855],[108.89063,-7.34856],[108.89107,-7.34856],[108.89107,-7.34811],[108.89063,-7.34811],[108.89062,-7.34811],[108.89062,-7.34765],[108.89063,-7.34765],[108.89107,-7.34765],[108.89108,-7.34765],[108.89108,-7.3472],[108.8913,-7.3472],[108.89139,-7.34765],[108.89139,-7.34765],[108.89141,-7.34778],[108.89147,-7.34811],[108.8915,-7.34826],[108.89153,-7.34842],[108.89153,-7.34856],[108.89156,-7.34856],[108.89161,-7.34879],[108.89168,-7.34901],[108.89153,-7.34901],[108.89152,-7.34901],[108.89108,-7.34901],[108.89108,-7.34946],[108.89107,-7.34946],[108.89063,-7.34946],[108.89062,-7.34946],[108.89017,-7.34946],[108.88971,-7.34946],[108.88971,-7.349],[108.89017,-7.349],[108.89017,-7.34855]]],[[[108.89018,-7.3472],[108.89017,-7.3472],[108.89017,-7.34675],[108.89018,-7.34675],[108.89063,-7.34675],[108.89063,-7.3472],[108.89018,-7.3472]]],[[[108.89064,-7.34584],[108.89064,-7.3463],[108.89084,-7.3463],[108.89084,-7.34646],[108.89087,-7.34665],[108.89094,-7.34675],[108.89063,-7.34675],[108.89063,-7.3463],[108.89018,-7.3463],[108.88972,-7.3463],[108.88972,-7.34629],[108.88972,-7.34584],[108.89018,-7.34584],[108.89064,-7.34584]]],[[[108.88928,-7.34584],[108.88882,-7.34584],[108.88882,-7.34539],[108.88882,-7.34538],[108.88928,-7.34538],[108.88928,-7.34494],[108.88928,-7.34493],[108.88928,-7.34448],[108.88974,-7.34448],[108.88974,-7.34493],[108.88974,-7.34494],[108.88974,-7.34539],[108.88928,-7.34539],[108.88928,-7.34584]]],[[[108.89052,-7.34494],[108.89064,-7.34528],[108.89064,-7.34539],[108.89018,-7.34539],[108.89018,-7.34494],[108.89052,-7.34494]]],[[[108.88837,-7.34493],[108.88837,-7.34448],[108.88883,-7.34448],[108.88883,-7.34493],[108.88837,-7.34493]]],[[[108.88974,-7.34404],[108.88974,-7.34358],[108.8902,-7.34358],[108.8902,-7.34404],[108.88974,-7.34404]]],[[[108.88838,-7.34403],[108.88838,-7.34358],[108.88838,-7.34357],[108.88884,-7.34357],[108.88884,-7.34358],[108.88884,-7.34403],[108.88838,-7.34403]]],[[[108.88838,-7.34313],[108.88838,-7.34267],[108.88884,-7.34267],[108.88884,-7.34313],[108.88838,-7.34313]]],[[[108.88765,-7.31962],[108.88765,-7.31963],[108.88762,-7.3197],[108.88759,-7.31972],[108.88759,-7.31963],[108.88759,-7.31962],[108.88765,-7.31962]]],[[[108.88578,-7.31962],[108.88578,-7.31917],[108.88578,-7.31916],[108.88624,-7.31916],[108.88624,-7.31917],[108.88624,-7.31962],[108.88578,-7.31962]]],[[[108.89348,-7.3192],[108.89348,-7.31875],[108.89394,-7.31875],[108.89394,-7.3192],[108.89348,-7.3192]]],[[[108.88987,-7.31647],[108.88987,-7.31602],[108.89033,-7.31602],[108.89033,-7.31629],[108.89033,-7.3163],[108.89005,-7.3163],[108.89005,-7.31647],[108.89005,-7.31648],[108.89005,-7.31693],[108.88987,-7.31693],[108.88987,-7.31648],[108.88987,-7.31647]]],[[[108.89168,-7.31468],[108.89168,-7.31467],[108.89168,-7.31422],[108.89169,-7.31422],[108.89214,-7.31422],[108.89214,-7.31467],[108.89214,-7.31468],[108.89214,-7.31513],[108.89169,-7.31513],[108.89168,-7.31513],[108.89168,-7.31468]]],[[[108.89532,-7.31325],[108.89568,-7.31325],[108.89568,-7.31288],[108.89577,-7.31288],[108.89577,-7.31334],[108.89532,-7.31334],[108.89531,-7.31334],[108.89531,-7.31306],[108.89532,-7.31306],[108.89532,-7.31325]]],[[[108.88808,-7.31194],[108.88809,-7.31194],[108.88809,-7.31195],[108.88809,-7.3124],[108.88808,-7.3124],[108.88763,-7.3124],[108.88763,-7.31195],[108.88763,-7.31194],[108.88808,-7.31194]]],[[[108.88582,-7.31239],[108.88582,-7.31194],[108.88627,-7.31194],[108.88627,-7.31149],[108.88673,-7.31149],[108.88673,-7.31194],[108.88628,-7.31194],[108.88628,-7.31239],[108.88582,-7.31239]]],[[[108.90799,-7.31204],[108.90799,-7.31159],[108.90845,-7.31159],[108.90845,-7.31204],[108.90799,-7.31204]]],[[[108.88763,-7.31104],[108.88808,-7.31104],[108.88809,-7.31104],[108.88809,-7.31149],[108.88809,-7.3115],[108.88808,-7.3115],[108.88763,-7.3115],[108.88763,-7.31149],[108.88763,-7.31104]]],[[[108.88989,-7.31105],[108.88989,-7.3106],[108.89035,-7.3106],[108.89035,-7.31105],[108.88989,-7.31105]]],[[[108.88582,-7.31058],[108.88628,-7.31058],[108.88673,-7.31058],[108.88673,-7.31104],[108.88628,-7.31104],[108.88582,-7.31104],[108.88582,-7.31058]]],[[[108.89126,-7.31016],[108.89126,-7.3097],[108.89172,-7.3097],[108.89172,-7.31016],[108.89126,-7.31016]]],[[[108.88808,-7.31014],[108.88808,-7.30969],[108.88854,-7.30969],[108.88854,-7.31014],[108.88808,-7.31014]]],[[[108.88809,-7.30878],[108.88809,-7.30851],[108.88828,-7.30851],[108.88855,-7.30851],[108.88855,-7.30879],[108.889,-7.30879],[108.889,-7.30924],[108.88945,-7.30924],[108.88945,-7.30969],[108.88899,-7.30969],[108.88899,-7.30924],[108.88854,-7.30924],[108.88854,-7.30879],[108.8881,-7.30879],[108.8881,-7.30924],[108.88764,-7.30924],[108.88764,-7.30878],[108.88809,-7.30878]]],[[[108.89307,-7.30881],[108.89307,-7.30836],[108.89353,-7.30836],[108.89353,-7.30881],[108.89307,-7.30881]]],[[[108.88901,-7.30797],[108.88901,-7.30834],[108.88864,-7.30834],[108.88864,-7.30797],[108.88883,-7.30797],[108.88901,-7.30797]]],[[[108.88919,-7.30761],[108.88947,-7.30761],[108.88947,-7.30789],[108.88919,-7.30789],[108.88919,-7.30761]]],[[[108.88973,-7.30744],[108.88955,-7.30744],[108.88955,-7.30743],[108.88955,-7.30725],[108.88956,-7.30725],[108.88973,-7.30725],[108.88973,-7.30726],[108.88973,-7.30744]]],[[[108.89036,-7.30744],[108.89036,-7.30699],[108.89036,-7.30654],[108.89037,-7.30654],[108.89082,-7.30654],[108.89082,-7.30699],[108.89127,-7.30699],[108.89127,-7.30744],[108.89082,-7.30744],[108.89081,-7.30744],[108.89037,-7.30744],[108.89036,-7.30744]]],[[[108.88766,-7.3067],[108.88766,-7.30697],[108.88766,-7.30698],[108.8872,-7.30698],[108.8872,-7.30697],[108.8872,-7.30652],[108.88757,-7.30652],[108.88757,-7.3067],[108.88766,-7.3067]]],[[[108.88901,-7.30518],[108.88901,-7.30517],[108.88901,-7.30472],[108.88902,-7.30472],[108.88946,-7.30472],[108.88947,-7.30472],[108.88947,-7.30427],[108.88993,-7.30427],[108.88993,-7.30473],[108.88992,-7.30473],[108.88992,-7.30518],[108.88992,-7.30563],[108.88947,-7.30563],[108.88947,-7.30608],[108.88992,-7.30608],[108.88992,-7.30635],[108.88991,-7.30635],[108.88974,-7.30635],[108.88974,-7.30617],[108.88947,-7.30617],[108.88946,-7.30617],[108.88946,-7.30608],[108.88902,-7.30608],[108.88901,-7.30608],[108.88901,-7.30563],[108.88901,-7.30518]]],[[[108.88775,-7.30544],[108.88775,-7.30562],[108.88766,-7.30562],[108.88766,-7.30544],[108.88775,-7.30544]]],[[[108.89173,-7.30519],[108.89173,-7.30564],[108.89127,-7.30564],[108.89127,-7.30518],[108.89173,-7.30518],[108.89173,-7.30474],[108.89173,-7.30473],[108.89219,-7.30473],[108.89219,-7.30474],[108.89219,-7.30519],[108.89173,-7.30519]]],[[[108.89037,-7.30563],[108.89037,-7.30518],[108.89083,-7.30518],[108.89083,-7.30563],[108.89037,-7.30563]]],[[[108.88675,-7.30562],[108.88675,-7.30516],[108.88721,-7.30516],[108.88721,-7.30562],[108.88675,-7.30562]]],[[[108.88812,-7.30544],[108.88811,-7.30544],[108.88811,-7.30526],[108.88793,-7.30526],[108.88793,-7.30517],[108.88811,-7.30517],[108.88811,-7.30472],[108.88812,-7.30472],[108.88857,-7.30472],[108.88857,-7.30517],[108.88812,-7.30517],[108.88812,-7.30544]]],[[[108.88857,-7.30382],[108.88812,-7.30382],[108.88811,-7.30382],[108.88766,-7.30382],[108.88766,-7.30381],[108.88766,-7.30336],[108.88811,-7.30336],[108.88812,-7.30336],[108.88857,-7.30336],[108.88857,-7.30291],[108.88903,-7.30291],[108.88903,-7.30337],[108.88857,-7.30337],[108.88857,-7.30382]]],[[[108.89235,-7.29046],[108.89271,-7.29046],[108.89271,-7.29073],[108.89271,-7.29118],[108.89316,-7.29118],[108.89316,-7.29164],[108.8927,-7.29164],[108.8927,-7.29119],[108.89225,-7.29119],[108.89225,-7.29118],[108.89234,-7.29118],[108.89234,-7.29073],[108.89234,-7.29064],[108.89235,-7.29064],[108.89235,-7.29046]]],[[[108.89134,-7.29118],[108.89134,-7.29082],[108.89144,-7.29082],[108.89144,-7.29118],[108.89135,-7.29118],[108.89135,-7.29163],[108.89089,-7.29163],[108.89043,-7.29163],[108.89043,-7.29117],[108.89089,-7.29117],[108.89089,-7.29118],[108.89134,-7.29118]]],[[[108.89452,-7.29029],[108.89452,-7.29074],[108.89406,-7.29074],[108.89406,-7.29029],[108.89407,-7.29029],[108.89407,-7.28984],[108.89452,-7.28984],[108.89452,-7.29029]]],[[[108.89089,-7.29027],[108.89135,-7.29027],[108.89135,-7.29028],[108.89126,-7.29028],[108.89126,-7.29073],[108.89089,-7.29073],[108.89089,-7.29027]]],[[[108.89199,-7.29028],[108.89199,-7.29046],[108.89198,-7.29046],[108.89198,-7.29028],[108.89199,-7.29028]]],[[[108.89361,-7.28893],[108.89317,-7.28893],[108.89316,-7.28893],[108.89316,-7.28848],[108.89316,-7.28803],[108.89272,-7.28803],[108.89271,-7.28803],[108.89271,-7.28802],[108.89271,-7.28757],[108.89272,-7.28757],[108.89316,-7.28757],[108.89317,-7.28757],[108.89362,-7.28757],[108.89362,-7.28802],[108.89362,-7.28803],[108.89362,-7.28848],[108.89362,-7.28893],[108.89407,-7.28893],[108.89407,-7.28902],[108.89407,-7.28903],[108.89398,-7.28903],[108.89398,-7.28938],[108.89362,-7.28938],[108.89362,-7.28983],[108.89317,-7.28983],[108.89317,-7.29028],[108.89271,-7.29028],[108.89271,-7.2901],[108.89289,-7.2901],[108.89289,-7.28983],[108.89316,-7.28983],[108.89316,-7.28938],[108.89361,-7.28938],[108.89361,-7.28893]]],[[[108.89633,-7.28939],[108.89673,-7.28939],[108.89633,-7.28985],[108.89633,-7.28939]]],[[[108.89497,-7.28957],[108.89506,-7.28957],[108.89506,-7.28939],[108.89543,-7.28939],[108.89543,-7.28984],[108.89497,-7.28984],[108.89497,-7.28957]]],[[[108.89634,-7.28804],[108.89634,-7.28759],[108.89679,-7.28759],[108.89679,-7.28714],[108.89725,-7.28714],[108.8977,-7.28714],[108.89771,-7.28714],[108.89816,-7.28714],[108.89816,-7.2876],[108.8977,-7.2876],[108.8977,-7.28804],[108.8977,-7.28805],[108.89815,-7.28805],[108.89815,-7.28808],[108.89774,-7.28825],[108.8977,-7.2883],[108.8977,-7.2883],[108.89753,-7.28849],[108.89753,-7.28849],[108.89724,-7.28882],[108.89713,-7.28895],[108.89712,-7.28895],[108.89678,-7.28934],[108.89678,-7.28895],[108.89678,-7.28894],[108.89678,-7.28849],[108.89724,-7.28849],[108.89724,-7.28805],[108.89724,-7.28804],[108.89724,-7.28759],[108.8968,-7.28759],[108.8968,-7.28804],[108.89634,-7.28804]]],[[[108.89542,-7.28894],[108.89542,-7.28849],[108.89588,-7.28849],[108.89634,-7.28849],[108.89634,-7.28894],[108.89588,-7.28894],[108.89542,-7.28894]]],[[[108.89498,-7.28803],[108.89498,-7.28848],[108.89498,-7.28849],[108.89498,-7.28894],[108.89489,-7.28894],[108.89489,-7.28885],[108.89471,-7.28885],[108.8947,-7.28885],[108.89452,-7.28885],[108.89452,-7.28884],[108.89452,-7.28849],[108.89452,-7.28848],[108.89407,-7.28848],[108.89407,-7.28803],[108.89452,-7.28803],[108.89452,-7.28758],[108.89498,-7.28758],[108.89498,-7.28803]]],[[[108.88819,-7.288],[108.88819,-7.28755],[108.88865,-7.28755],[108.88865,-7.288],[108.88819,-7.288]]],[[[108.89091,-7.28756],[108.89091,-7.28711],[108.89091,-7.28666],[108.89091,-7.28621],[108.89047,-7.28621],[108.89046,-7.28621],[108.89001,-7.28621],[108.89001,-7.2862],[108.89001,-7.28575],[108.89046,-7.28575],[108.89047,-7.28575],[108.89091,-7.28575],[108.89091,-7.2853],[108.89092,-7.2853],[108.89092,-7.28485],[108.89137,-7.28485],[108.89138,-7.28485],[108.89183,-7.28485],[108.89183,-7.28486],[108.89228,-7.28486],[108.89273,-7.28486],[108.89273,-7.28441],[108.89228,-7.28441],[108.89228,-7.28395],[108.89274,-7.28395],[108.89274,-7.28441],[108.89318,-7.28441],[108.89319,-7.28441],[108.89364,-7.28441],[108.89364,-7.28486],[108.89319,-7.28486],[108.89319,-7.28531],[108.89274,-7.28531],[108.89273,-7.28531],[108.89273,-7.28576],[108.89228,-7.28576],[108.89227,-7.28576],[108.89183,-7.28576],[108.89182,-7.28576],[108.89182,-7.28621],[108.89137,-7.28621],[108.89137,-7.28666],[108.89182,-7.28666],[108.89182,-7.28712],[108.89137,-7.28712],[108.89137,-7.28756],[108.89136,-7.28756],[108.89091,-7.28756]]],[[[108.89362,-7.28713],[108.89362,-7.28667],[108.89408,-7.28667],[108.89408,-7.28713],[108.89362,-7.28713]]],[[[108.89272,-7.28712],[108.89272,-7.28667],[108.89227,-7.28667],[108.89227,-7.28621],[108.89272,-7.28621],[108.89273,-7.28621],[108.89318,-7.28621],[108.89318,-7.28667],[108.89318,-7.28712],[108.89272,-7.28712]]],[[[108.89001,-7.28711],[108.88956,-7.28711],[108.88956,-7.28665],[108.89001,-7.28665],[108.89002,-7.28665],[108.89002,-7.28711],[108.89001,-7.28711]]],[[[108.88912,-7.28484],[108.88912,-7.28529],[108.88912,-7.2853],[108.88911,-7.2853],[108.88866,-7.2853],[108.88866,-7.28574],[108.88866,-7.28575],[108.88866,-7.2862],[108.8882,-7.2862],[108.8882,-7.28575],[108.8882,-7.28574],[108.8882,-7.28529],[108.88866,-7.28529],[108.88866,-7.28484],[108.88911,-7.28484],[108.88912,-7.28484]]],[[[108.88684,-7.28619],[108.88684,-7.28574],[108.8873,-7.28574],[108.8873,-7.28619],[108.88684,-7.28619]]],[[[108.89001,-7.2853],[108.89001,-7.28485],[108.89047,-7.28485],[108.89047,-7.2853],[108.89001,-7.2853]]],[[[108.88731,-7.28483],[108.88731,-7.28484],[108.88706,-7.28484],[108.88685,-7.28484],[108.88685,-7.28483],[108.88685,-7.28438],[108.88731,-7.28438],[108.88731,-7.28459],[108.88731,-7.2846],[108.88731,-7.28483]]],[[[108.89455,-7.28396],[108.89455,-7.28356],[108.89462,-7.28351],[108.895,-7.28351],[108.89501,-7.28351],[108.89517,-7.28351],[108.89542,-7.28397],[108.89501,-7.28397],[108.89501,-7.28442],[108.895,-7.28442],[108.895,-7.28487],[108.89454,-7.28487],[108.89454,-7.28442],[108.89409,-7.28442],[108.89409,-7.28441],[108.89364,-7.28441],[108.89364,-7.28396],[108.89409,-7.28396],[108.8941,-7.28396],[108.89455,-7.28396]]],[[[108.89545,-7.28402],[108.89557,-7.28425],[108.89565,-7.28442],[108.89545,-7.28442],[108.89545,-7.28402]]],[[[108.89002,-7.28349],[108.89002,-7.28304],[108.89048,-7.28304],[108.89048,-7.28349],[108.89002,-7.28349]]],[[[108.88641,-7.28302],[108.88641,-7.28347],[108.88641,-7.28348],[108.88595,-7.28348],[108.88595,-7.28347],[108.88595,-7.28302],[108.88596,-7.28302],[108.88596,-7.28257],[108.88641,-7.28257],[108.88641,-7.28302]]],[[[108.89048,-7.28259],[108.89094,-7.28259],[108.89094,-7.28304],[108.89048,-7.28304],[108.89048,-7.28259]]],[[[108.8941,-7.28156],[108.89411,-7.28156],[108.89418,-7.28171],[108.8941,-7.28171],[108.8941,-7.28156]]],[[[108.89365,-7.28091],[108.89365,-7.2808],[108.89366,-7.2808],[108.89366,-7.28081],[108.89368,-7.28083],[108.89371,-7.28088],[108.89392,-7.28125],[108.89365,-7.28125],[108.89365,-7.28091]]],[[[108.89005,-7.27988],[108.89005,-7.28033],[108.89004,-7.28033],[108.89004,-7.28078],[108.88958,-7.28078],[108.88958,-7.28033],[108.88959,-7.28033],[108.88959,-7.27988],[108.88959,-7.27987],[108.88959,-7.27942],[108.89005,-7.27942],[108.89005,-7.27987],[108.89005,-7.27988]]],[[[108.88687,-7.28077],[108.88687,-7.28031],[108.88733,-7.28031],[108.88733,-7.28077],[108.88687,-7.28077]]],[[[108.8932,-7.27989],[108.89328,-7.27989],[108.89343,-7.28035],[108.8932,-7.28035],[108.8932,-7.27989]]],[[[108.88687,-7.27941],[108.88687,-7.27896],[108.88688,-7.27896],[108.88688,-7.27851],[108.88734,-7.27851],[108.88734,-7.27896],[108.88733,-7.27896],[108.88733,-7.27941],[108.88687,-7.27941]]],[[[108.88597,-7.27941],[108.88597,-7.27896],[108.88597,-7.27895],[108.88643,-7.27895],[108.88643,-7.27896],[108.88643,-7.27941],[108.88597,-7.27941]]],[[[108.88869,-7.27897],[108.88824,-7.27897],[108.88824,-7.27851],[108.88869,-7.27851],[108.8887,-7.27851],[108.8887,-7.27897],[108.88869,-7.27897]]],[[[108.89322,-7.27763],[108.8934,-7.27763],[108.89335,-7.27809],[108.89322,-7.27809],[108.89322,-7.27763]]],[[[108.88824,-7.27716],[108.88825,-7.27716],[108.88825,-7.27761],[108.88825,-7.27806],[108.88824,-7.27806],[108.88779,-7.27806],[108.88779,-7.27761],[108.88779,-7.27716],[108.88824,-7.27716]]],[[[108.89141,-7.27672],[108.89141,-7.27627],[108.89141,-7.276],[108.8915,-7.276],[108.8915,-7.27627],[108.8915,-7.27636],[108.89169,-7.27636],[108.89169,-7.27654],[108.89186,-7.27654],[108.89187,-7.27654],[108.89205,-7.27654],[108.89205,-7.27627],[108.89232,-7.27627],[108.89232,-7.27672],[108.89232,-7.27673],[108.89232,-7.27717],[108.89232,-7.27718],[108.89277,-7.27718],[108.89277,-7.27745],[108.89259,-7.27745],[108.89259,-7.27763],[108.89232,-7.27763],[108.89231,-7.27763],[108.89186,-7.27763],[108.89186,-7.27718],[108.89186,-7.27717],[108.89186,-7.27673],[108.89186,-7.27672],[108.89141,-7.27672]]],[[[108.88915,-7.27762],[108.88914,-7.27762],[108.88914,-7.27716],[108.88915,-7.27716],[108.8896,-7.27716],[108.8896,-7.27762],[108.88915,-7.27762]]],[[[108.88734,-7.2767],[108.88689,-7.2767],[108.88689,-7.27625],[108.88734,-7.27625],[108.88735,-7.27625],[108.88735,-7.2767],[108.88734,-7.2767]]],[[[108.89006,-7.27581],[108.8896,-7.27581],[108.8896,-7.27536],[108.88961,-7.27536],[108.88961,-7.27522],[108.88991,-7.27531],[108.88992,-7.27532],[108.89004,-7.27536],[108.89003,-7.27536],[108.89006,-7.27537],[108.89052,-7.27554],[108.89052,-7.27581],[108.89006,-7.27581]]],[[[108.88753,-7.27508],[108.88771,-7.27508],[108.8878,-7.27508],[108.8878,-7.27535],[108.88753,-7.27535],[108.88752,-7.27535],[108.88752,-7.27526],[108.88753,-7.27526],[108.88753,-7.27525],[108.88753,-7.27508]]],[[[108.88892,-7.27503],[108.88916,-7.27509],[108.88916,-7.27535],[108.88916,-7.27536],[108.8887,-7.27536],[108.8887,-7.27535],[108.8887,-7.27502],[108.88886,-7.27503],[108.88892,-7.27503]]]]}}]}