{"type":"FeatureCollection","district":"KAMPUNG LAUT","features":[{"type":"Feature","properties":{"d":"KAMPUNG LAUT","net":"FWA-IndoorOutdoor"},"geometry":{"type":"MultiPolygon","coordinates":[[[[108.79936,-7.67978],[108.79936,-7.68018],[108.79935,-7.68018],[108.79898,-7.68018],[108.7989,-7.68005],[108.7989,-7.67992],[108.799,-7.6799],[108.79916,-7.67983],[108.79936,-7.67978]]],[[[108.7998,-7.67966],[108.79981,-7.67965],[108.79981,-7.67973],[108.79958,-7.67973],[108.79962,-7.67972],[108.7998,-7.67966]]],[[[108.83117,-7.6582],[108.83071,-7.6582],[108.83071,-7.65775],[108.83117,-7.65775],[108.83117,-7.6582]]],[[[108.83349,-7.64737],[108.83303,-7.64737],[108.83303,-7.64692],[108.83349,-7.64692],[108.83349,-7.64737]]],[[[108.85025,-7.64565],[108.84979,-7.64565],[108.84979,-7.64519],[108.85025,-7.64519],[108.85025,-7.64565]]],[[[108.84935,-7.64384],[108.84935,-7.64383],[108.84981,-7.64383],[108.84981,-7.64384],[108.84981,-7.64429],[108.84935,-7.64429],[108.84935,-7.64384]]],[[[108.84393,-7.64155],[108.84348,-7.64155],[108.84347,-7.64155],[108.84347,-7.6411],[108.84347,-7.64109],[108.84348,-7.64109],[108.84393,-7.64109],[108.84393,-7.6411],[108.84393,-7.64155]]],[[[108.85163,-7.63978],[108.85118,-7.63978],[108.85118,-7.63933],[108.85164,-7.63933],[108.85164,-7.63978],[108.85208,-7.63978],[108.85209,-7.63978],[108.85254,-7.63978],[108.85254,-7.64024],[108.85209,-7.64024],[108.85209,-7.6406],[108.85209,-7.64069],[108.85204,-7.64069],[108.85163,-7.64069],[108.85163,-7.64068],[108.85117,-7.64068],[108.85117,-7.64023],[108.85145,-7.64023],[108.85161,-7.64023],[108.85163,-7.64023],[108.85163,-7.63978]]],[[[108.84847,-7.63886],[108.84847,-7.63931],[108.84801,-7.63931],[108.84801,-7.63886],[108.84846,-7.63886],[108.84846,-7.63841],[108.84847,-7.63841],[108.84892,-7.63841],[108.84892,-7.63886],[108.84847,-7.63886]]],[[[108.85119,-7.63888],[108.85073,-7.63888],[108.85073,-7.63887],[108.85073,-7.63842],[108.85119,-7.63842],[108.85165,-7.63842],[108.85165,-7.63888],[108.85119,-7.63888]]],[[[108.85074,-7.63706],[108.85074,-7.63661],[108.8512,-7.63661],[108.8512,-7.63707],[108.85075,-7.63707],[108.85075,-7.63752],[108.85074,-7.63752],[108.85074,-7.63797],[108.85029,-7.63797],[108.85029,-7.63842],[108.84983,-7.63842],[108.84983,-7.63796],[108.85028,-7.63796],[108.85028,-7.63752],[108.85028,-7.63751],[108.85029,-7.63751],[108.85029,-7.63706],[108.85074,-7.63706]]],[[[108.83852,-7.63732],[108.83852,-7.63746],[108.83823,-7.63746],[108.83806,-7.63746],[108.83806,-7.637],[108.83852,-7.637],[108.83852,-7.63732]]],[[[108.8512,-7.63588],[108.8512,-7.63616],[108.85076,-7.63616],[108.8512,-7.63588]]],[[[108.84899,-7.62621],[108.84853,-7.62621],[108.84853,-7.62576],[108.84899,-7.62576],[108.84899,-7.62621]]],[[[108.84717,-7.62621],[108.84717,-7.62575],[108.84718,-7.62575],[108.84763,-7.62575],[108.84763,-7.62621],[108.84718,-7.62621],[108.84717,-7.62621]]],[[[108.84932,-7.62531],[108.84899,-7.62531],[108.84899,-7.62513],[108.84899,-7.62503],[108.84899,-7.62486],[108.84945,-7.62486],[108.84945,-7.62527],[108.84945,-7.62531],[108.84932,-7.62531]]],[[[108.84847,-7.62486],[108.84808,-7.62486],[108.84808,-7.6244],[108.84841,-7.6244],[108.8485,-7.6244],[108.84854,-7.6244],[108.84854,-7.62479],[108.84854,-7.62486],[108.84847,-7.62486]]],[[[108.84538,-7.62439],[108.84538,-7.62484],[108.84537,-7.62484],[108.84492,-7.62484],[108.84446,-7.62484],[108.84446,-7.62438],[108.84492,-7.62438],[108.84492,-7.62439],[108.84537,-7.62439],[108.84538,-7.62439]]],[[[108.84854,-7.62396],[108.84854,-7.62395],[108.84854,-7.6235],[108.849,-7.6235],[108.849,-7.62395],[108.849,-7.62396],[108.84854,-7.62396]]],[[[108.84628,-7.62349],[108.84583,-7.62349],[108.84582,-7.62349],[108.84582,-7.62304],[108.84582,-7.62303],[108.84583,-7.62303],[108.84628,-7.62303],[108.84628,-7.62304],[108.84628,-7.62349]]],[[[108.82455,-7.62293],[108.82455,-7.62248],[108.825,-7.62248],[108.82501,-7.62248],[108.82501,-7.62293],[108.825,-7.62293],[108.82455,-7.62293]]],[[[108.84675,-7.62124],[108.84675,-7.62123],[108.84675,-7.62078],[108.84721,-7.62078],[108.84721,-7.62123],[108.84721,-7.62124],[108.84675,-7.62124]]],[[[108.83453,-7.61982],[108.83408,-7.61982],[108.83408,-7.61936],[108.83453,-7.61936],[108.83453,-7.61982]]],[[[108.84676,-7.61852],[108.84631,-7.61852],[108.84631,-7.61807],[108.84676,-7.61807],[108.84676,-7.61852]]],[[[108.84814,-7.61627],[108.84768,-7.61627],[108.84768,-7.61582],[108.84814,-7.61582],[108.84814,-7.61627]]],[[[108.84588,-7.614],[108.84588,-7.61445],[108.84543,-7.61445],[108.84542,-7.61445],[108.84497,-7.61445],[108.84497,-7.614],[108.84497,-7.61399],[108.84543,-7.61399],[108.84543,-7.614],[108.84588,-7.614]]],[[[108.84544,-7.61264],[108.84498,-7.61264],[108.84498,-7.61219],[108.84544,-7.61219],[108.84544,-7.61264]]],[[[108.85022,-7.60679],[108.85044,-7.60679],[108.85044,-7.60724],[108.85044,-7.60725],[108.84999,-7.60725],[108.84999,-7.60769],[108.84999,-7.6077],[108.84953,-7.6077],[108.84953,-7.60769],[108.84953,-7.60731],[108.84962,-7.60724],[108.84998,-7.60724],[108.84998,-7.60697],[108.85022,-7.60679]]],[[[108.8296,-7.6076],[108.8296,-7.60714],[108.82961,-7.60714],[108.83006,-7.60714],[108.83006,-7.6076],[108.82961,-7.6076],[108.8296,-7.6076]]],[[[108.85388,-7.64251],[108.85388,-7.6425],[108.85388,-7.64205],[108.85434,-7.64205],[108.85434,-7.6425],[108.85434,-7.64251],[108.85388,-7.64251]]],[[[108.85299,-7.64159],[108.85253,-7.64159],[108.85253,-7.64114],[108.85299,-7.64114],[108.85299,-7.64159]]],[[[108.853,-7.63843],[108.853,-7.63798],[108.85345,-7.63798],[108.85346,-7.63798],[108.85346,-7.63843],[108.85345,-7.63843],[108.853,-7.63843]]],[[[108.8521,-7.63752],[108.85165,-7.63752],[108.85165,-7.63707],[108.8521,-7.63707],[108.8521,-7.63752]]],[[[108.85165,-7.63662],[108.85165,-7.63617],[108.8521,-7.63617],[108.85255,-7.63617],[108.85256,-7.63617],[108.853,-7.63617],[108.85301,-7.63617],[108.85301,-7.63572],[108.85256,-7.63572],[108.85256,-7.63527],[108.85256,-7.63524],[108.85256,-7.63482],[108.85256,-7.63481],[108.85302,-7.63481],[108.85302,-7.63437],[108.85347,-7.63437],[108.85348,-7.63437],[108.85392,-7.63437],[108.85393,-7.63437],[108.85393,-7.63392],[108.85348,-7.63392],[108.85348,-7.63347],[108.85348,-7.63346],[108.85348,-7.63302],[108.85348,-7.63301],[108.85348,-7.63256],[108.85348,-7.63211],[108.85348,-7.63166],[108.85349,-7.63166],[108.85393,-7.63166],[108.85393,-7.63121],[108.85394,-7.63121],[108.85439,-7.63121],[108.85439,-7.63076],[108.85394,-7.63076],[108.85394,-7.6303],[108.8544,-7.6303],[108.8544,-7.62986],[108.8544,-7.62985],[108.8544,-7.6294],[108.85485,-7.6294],[108.85486,-7.6294],[108.85486,-7.62896],[108.85486,-7.62895],[108.85441,-7.62895],[108.85441,-7.6285],[108.85441,-7.62805],[108.85486,-7.62805],[108.85486,-7.6276],[108.85487,-7.6276],[108.85487,-7.62715],[108.85532,-7.62715],[108.85532,-7.6267],[108.85577,-7.6267],[108.85577,-7.62715],[108.85577,-7.6276],[108.85622,-7.6276],[108.85622,-7.62806],[108.85577,-7.62806],[108.85577,-7.6285],[108.85577,-7.62851],[108.85577,-7.62896],[108.85622,-7.62896],[108.85622,-7.62941],[108.85622,-7.62986],[108.85667,-7.62986],[108.85667,-7.62987],[108.85712,-7.62987],[108.85757,-7.62987],[108.85758,-7.62987],[108.85802,-7.62987],[108.85803,-7.62987],[108.85848,-7.62987],[108.85848,-7.63032],[108.85848,-7.63033],[108.85848,-7.63078],[108.85847,-7.63078],[108.85802,-7.63078],[108.85802,-7.63033],[108.85758,-7.63033],[108.85758,-7.63077],[108.85757,-7.63077],[108.85712,-7.63077],[108.85666,-7.63077],[108.85666,-7.63032],[108.85622,-7.63032],[108.85621,-7.63032],[108.85621,-7.63077],[108.85576,-7.63077],[108.85576,-7.63121],[108.85576,-7.63122],[108.85621,-7.63122],[108.85621,-7.63167],[108.85576,-7.63167],[108.85575,-7.63167],[108.85575,-7.63212],[108.85575,-7.63257],[108.85575,-7.63302],[108.85574,-7.63302],[108.85574,-7.63347],[108.85574,-7.63348],[108.85574,-7.63393],[108.85529,-7.63393],[108.85529,-7.63437],[108.85529,-7.63438],[108.85529,-7.63483],[108.85484,-7.63483],[108.85483,-7.63483],[108.85483,-7.63528],[108.85438,-7.63528],[108.85438,-7.63573],[108.85392,-7.63573],[108.85392,-7.63618],[108.85347,-7.63618],[108.85346,-7.63618],[108.85346,-7.63663],[108.85301,-7.63663],[108.85301,-7.63708],[108.85255,-7.63708],[108.85255,-7.63663],[108.85255,-7.63662],[108.8521,-7.63662],[108.85165,-7.63662]],[[108.85439,-7.63166],[108.85484,-7.63166],[108.85484,-7.63121],[108.85439,-7.63121],[108.85439,-7.63166]],[[108.85532,-7.62941],[108.85531,-7.62941],[108.85531,-7.62986],[108.85576,-7.62986],[108.85576,-7.62941],[108.85576,-7.62896],[108.85532,-7.62896],[108.85532,-7.62941]],[[108.85485,-7.63076],[108.85485,-7.63121],[108.8553,-7.63121],[108.8553,-7.63077],[108.8553,-7.63076],[108.85485,-7.63076]]],[[[108.85217,-7.62216],[108.85217,-7.62171],[108.85263,-7.62171],[108.85263,-7.62216],[108.85263,-7.62217],[108.85217,-7.62217],[108.85217,-7.62216]]],[[[108.854,-7.61946],[108.85355,-7.61946],[108.85355,-7.61901],[108.854,-7.61901],[108.854,-7.61946]]],[[[108.85224,-7.60906],[108.85224,-7.60861],[108.8527,-7.60861],[108.8527,-7.60906],[108.85315,-7.60906],[108.85315,-7.60907],[108.8536,-7.60907],[108.8536,-7.60952],[108.8536,-7.60997],[108.85314,-7.60997],[108.85314,-7.60952],[108.85269,-7.60952],[108.85269,-7.60906],[108.85224,-7.60906]]],[[[108.8548,-7.63935],[108.8548,-7.63889],[108.85481,-7.63889],[108.85526,-7.63889],[108.85526,-7.63935],[108.85481,-7.63935],[108.8548,-7.63935]]],[[[108.85534,-7.62415],[108.85534,-7.62444],[108.85525,-7.62444],[108.85534,-7.62415]]],[[[108.8549,-7.62037],[108.85445,-7.62037],[108.85445,-7.61992],[108.8549,-7.61992],[108.8549,-7.62037]]],[[[108.85494,-7.61224],[108.85494,-7.61179],[108.85494,-7.61133],[108.8554,-7.61133],[108.8554,-7.61179],[108.8554,-7.61224],[108.85494,-7.61224]]],[[[108.85755,-7.63484],[108.85709,-7.63484],[108.85709,-7.63439],[108.85755,-7.63439],[108.85755,-7.63484]]],[[[108.85666,-7.63258],[108.8562,-7.63258],[108.8562,-7.63212],[108.85666,-7.63212],[108.85666,-7.63258]]],[[[108.85757,-7.62942],[108.85713,-7.62942],[108.85712,-7.62942],[108.85667,-7.62942],[108.85667,-7.62896],[108.85712,-7.62896],[108.85713,-7.62896],[108.85757,-7.62896],[108.85758,-7.62896],[108.85758,-7.62897],[108.85758,-7.62942],[108.85757,-7.62942]]],[[[108.85713,-7.62851],[108.85667,-7.62851],[108.85667,-7.62806],[108.85713,-7.62806],[108.85713,-7.62851]]],[[[108.85804,-7.62716],[108.85804,-7.62671],[108.8585,-7.62671],[108.8585,-7.62716],[108.85849,-7.62716],[108.85849,-7.62762],[108.85894,-7.62762],[108.85894,-7.62807],[108.85848,-7.62807],[108.85848,-7.62762],[108.85804,-7.62762],[108.85804,-7.62807],[108.85758,-7.62807],[108.85758,-7.62761],[108.85758,-7.62716],[108.85803,-7.62716],[108.85804,-7.62716]]],[[[108.85578,-7.62579],[108.85578,-7.62535],[108.85578,-7.62534],[108.85578,-7.62489],[108.85578,-7.62444],[108.85624,-7.62444],[108.85624,-7.62489],[108.85669,-7.62489],[108.85669,-7.6249],[108.85714,-7.6249],[108.85715,-7.6249],[108.8576,-7.6249],[108.8576,-7.62535],[108.85715,-7.62535],[108.85714,-7.62535],[108.85669,-7.62535],[108.85669,-7.6258],[108.85669,-7.62625],[108.85714,-7.62625],[108.85714,-7.62671],[108.85668,-7.62671],[108.85668,-7.62625],[108.85623,-7.62625],[108.85578,-7.62625],[108.85577,-7.62625],[108.85532,-7.62625],[108.85532,-7.62579],[108.85578,-7.62579]]],[[[108.85624,-7.62354],[108.8567,-7.62354],[108.8567,-7.62399],[108.85715,-7.62399],[108.85715,-7.62445],[108.85669,-7.62445],[108.85669,-7.62399],[108.85624,-7.62399],[108.85624,-7.62354]]],[[[108.85767,-7.60951],[108.85767,-7.60954],[108.8576,-7.60954],[108.85767,-7.60951]]],[[[108.85926,-7.65338],[108.85926,-7.65337],[108.85926,-7.65292],[108.85972,-7.65292],[108.85972,-7.65337],[108.85972,-7.65338],[108.85926,-7.65338]]],[[[108.86019,-7.64931],[108.85973,-7.64931],[108.85973,-7.64886],[108.86019,-7.64886],[108.86019,-7.64931]]],[[[108.85889,-7.63982],[108.85843,-7.63982],[108.85843,-7.63936],[108.85888,-7.63936],[108.85888,-7.63891],[108.85934,-7.63891],[108.85934,-7.63937],[108.85889,-7.63937],[108.85889,-7.63982]]],[[[108.86115,-7.63892],[108.8607,-7.63892],[108.86069,-7.63892],[108.86069,-7.63847],[108.86069,-7.63802],[108.8607,-7.63802],[108.86115,-7.63802],[108.86115,-7.63847],[108.86115,-7.63892]]],[[[108.86569,-7.63669],[108.86523,-7.63669],[108.86523,-7.63623],[108.86569,-7.63623],[108.86569,-7.63669]]],[[[108.86615,-7.63488],[108.86661,-7.63488],[108.86661,-7.63534],[108.86615,-7.63534],[108.86569,-7.63534],[108.86569,-7.63533],[108.86569,-7.63488],[108.86615,-7.63488]]],[[[108.86389,-7.63352],[108.86435,-7.63352],[108.86435,-7.63397],[108.86434,-7.63397],[108.86434,-7.63442],[108.86388,-7.63442],[108.86388,-7.63397],[108.86389,-7.63397],[108.86389,-7.63352]]],[[[108.86305,-7.63351],[108.86298,-7.63351],[108.86298,-7.63345],[108.86298,-7.63306],[108.86344,-7.63306],[108.86344,-7.63311],[108.86344,-7.63322],[108.86344,-7.63351],[108.86305,-7.63351]]],[[[108.86526,-7.63262],[108.86526,-7.63217],[108.86571,-7.63217],[108.86572,-7.63217],[108.86616,-7.63217],[108.86617,-7.63217],[108.86662,-7.63217],[108.86662,-7.63263],[108.86616,-7.63263],[108.86616,-7.63262],[108.86572,-7.63262],[108.86571,-7.63262],[108.86526,-7.63262]]],[[[108.86254,-7.63261],[108.86208,-7.63261],[108.86208,-7.63215],[108.86254,-7.63215],[108.86254,-7.63261]]],[[[108.86117,-7.6326],[108.86117,-7.63215],[108.86118,-7.63215],[108.86163,-7.63215],[108.86163,-7.6326],[108.86118,-7.6326],[108.86117,-7.6326]]],[[[108.86164,-7.6317],[108.86118,-7.6317],[108.86118,-7.63124],[108.86164,-7.63124],[108.86164,-7.6317]]],[[[108.86029,-7.63079],[108.85983,-7.63079],[108.85983,-7.63033],[108.86029,-7.63033],[108.86029,-7.63079]]],[[[108.85892,-7.63078],[108.85892,-7.63033],[108.85893,-7.63033],[108.85938,-7.63033],[108.85938,-7.63078],[108.85893,-7.63078],[108.85892,-7.63078]]],[[[108.85939,-7.62943],[108.85893,-7.62943],[108.85893,-7.62897],[108.85939,-7.62897],[108.85939,-7.62943]]],[[[108.86076,-7.62537],[108.86031,-7.62537],[108.86031,-7.62491],[108.86076,-7.62491],[108.86076,-7.62537]]],[[[108.85896,-7.62446],[108.85896,-7.62491],[108.8585,-7.62491],[108.8585,-7.62445],[108.85895,-7.62445],[108.85895,-7.624],[108.85896,-7.624],[108.85941,-7.624],[108.85941,-7.62446],[108.85896,-7.62446]]],[[[108.8599,-7.61678],[108.85944,-7.61678],[108.85944,-7.61633],[108.8599,-7.61633],[108.8599,-7.61678]]],[[[108.86625,-7.61591],[108.86579,-7.61591],[108.86579,-7.61545],[108.86625,-7.61545],[108.86625,-7.61591]]],[[[108.85901,-7.61497],[108.85855,-7.61497],[108.85855,-7.61451],[108.85901,-7.61451],[108.85901,-7.61497]]],[[[108.8581,-7.61316],[108.85856,-7.61316],[108.85902,-7.61316],[108.85902,-7.61361],[108.85856,-7.61361],[108.8581,-7.61361],[108.8581,-7.61316]]],[[[108.86127,-7.61318],[108.86127,-7.61317],[108.86127,-7.61272],[108.86173,-7.61272],[108.86173,-7.61317],[108.86173,-7.61318],[108.86127,-7.61318]]],[[[108.86582,-7.61094],[108.86536,-7.61094],[108.86536,-7.61048],[108.86582,-7.61048],[108.86582,-7.61094]]],[[[108.86491,-7.61093],[108.86446,-7.61093],[108.86446,-7.61048],[108.86491,-7.61048],[108.86491,-7.61093]]],[[[108.86311,-7.61092],[108.86265,-7.61092],[108.86265,-7.61047],[108.86311,-7.61047],[108.86311,-7.61092]]],[[[108.86537,-7.61003],[108.86491,-7.61003],[108.86491,-7.60958],[108.86537,-7.60958],[108.86537,-7.61003]]],[[[108.86457,-7.6088],[108.86492,-7.60879],[108.86495,-7.60878],[108.86499,-7.60867],[108.86537,-7.60867],[108.86537,-7.60822],[108.86583,-7.60822],[108.86583,-7.60812],[108.86589,-7.60813],[108.86629,-7.60781],[108.86633,-7.60777],[108.86634,-7.60777],[108.86674,-7.60745],[108.86674,-7.60777],[108.86674,-7.60778],[108.86674,-7.60823],[108.86629,-7.60823],[108.86628,-7.60823],[108.86583,-7.60823],[108.86583,-7.60868],[108.86538,-7.60868],[108.86538,-7.60913],[108.86582,-7.60913],[108.86583,-7.60913],[108.86628,-7.60913],[108.86628,-7.60958],[108.86583,-7.60958],[108.86582,-7.60958],[108.86537,-7.60958],[108.86537,-7.60913],[108.86492,-7.60913],[108.86492,-7.60912],[108.86446,-7.60912],[108.86446,-7.60878],[108.86457,-7.6088]]],[[[108.86401,-7.60957],[108.86356,-7.60957],[108.86356,-7.60912],[108.86401,-7.60912],[108.86401,-7.60957]]],[[[108.95274,-7.70805],[108.95274,-7.70804],[108.9532,-7.70804],[108.9532,-7.70805],[108.9532,-7.7085],[108.95274,-7.7085],[108.95274,-7.70805]]],[[[108.95629,-7.6796],[108.95651,-7.67968],[108.95651,-7.68005],[108.95605,-7.68005],[108.95605,-7.6796],[108.95629,-7.6796]]],[[[108.91559,-7.67669],[108.91566,-7.67663],[108.91576,-7.6766],[108.91576,-7.67669],[108.91559,-7.67669]]],[[[108.88905,-7.67611],[108.88859,-7.67611],[108.88859,-7.67566],[108.88905,-7.67566],[108.88905,-7.67611]]],[[[108.9031,-7.67302],[108.90264,-7.67302],[108.90264,-7.67256],[108.9031,-7.67256],[108.9031,-7.67302]]],[[[108.9449,-7.66998],[108.94492,-7.66971],[108.94492,-7.6696],[108.94524,-7.6696],[108.94524,-7.67006],[108.94489,-7.67006],[108.9449,-7.66998]]],[[[108.94206,-7.67004],[108.94178,-7.67004],[108.94191,-7.66959],[108.94206,-7.66959],[108.94206,-7.67004]]],[[[108.94932,-7.66738],[108.94937,-7.66736],[108.94978,-7.66736],[108.94978,-7.66737],[108.94978,-7.66782],[108.94932,-7.66782],[108.94932,-7.66738]]],[[[108.9475,-7.66781],[108.94705,-7.66781],[108.94705,-7.66735],[108.94751,-7.66735],[108.94751,-7.66736],[108.94757,-7.66736],[108.9476,-7.66737],[108.94788,-7.66747],[108.94796,-7.66748],[108.94796,-7.66781],[108.94751,-7.66781],[108.9475,-7.66781]]],[[[108.89291,-7.66551],[108.8929,-7.66566],[108.8929,-7.66574],[108.89272,-7.66574],[108.89271,-7.66574],[108.89271,-7.66528],[108.89272,-7.66528],[108.89283,-7.66528],[108.89284,-7.6653],[108.89288,-7.66538],[108.8929,-7.66545],[108.89291,-7.66551]]],[[[108.86671,-7.64943],[108.86671,-7.64934],[108.86699,-7.64934],[108.86699,-7.6498],[108.86653,-7.6498],[108.86653,-7.64943],[108.86671,-7.64943]]],[[[108.86841,-7.63535],[108.86886,-7.63535],[108.86887,-7.63535],[108.86932,-7.63535],[108.86932,-7.6358],[108.86887,-7.6358],[108.86886,-7.6358],[108.86841,-7.6358],[108.86841,-7.63535]]],[[[108.86751,-7.63489],[108.86797,-7.63489],[108.86797,-7.63534],[108.86751,-7.63534],[108.86705,-7.63534],[108.86705,-7.63489],[108.86751,-7.63489]]],[[[108.88973,-7.63003],[108.88972,-7.63003],[108.88927,-7.63003],[108.88927,-7.62958],[108.88927,-7.62957],[108.88972,-7.62957],[108.88973,-7.62957],[108.88973,-7.62958],[108.88973,-7.63003]]],[[[108.88974,-7.62777],[108.88928,-7.62777],[108.88928,-7.62732],[108.88974,-7.62732],[108.88974,-7.62777]]],[[[108.88953,-7.62173],[108.88951,-7.62181],[108.88949,-7.6219],[108.88931,-7.6219],[108.8893,-7.6219],[108.8893,-7.62144],[108.88931,-7.62144],[108.88964,-7.62144],[108.88965,-7.62144],[108.88966,-7.62144],[108.88966,-7.62146],[108.88953,-7.62173]]],[[[108.88976,-7.62099],[108.88984,-7.62099],[108.88984,-7.621],[108.88976,-7.62119],[108.88976,-7.62099]]],[[[108.87259,-7.61549],[108.87213,-7.61549],[108.87213,-7.61503],[108.87259,-7.61503],[108.87259,-7.61549]]],[[[108.86807,-7.61366],[108.86807,-7.61411],[108.86806,-7.61411],[108.86761,-7.61411],[108.86761,-7.61366],[108.86761,-7.61365],[108.86761,-7.6132],[108.86807,-7.6132],[108.86807,-7.61365],[108.86807,-7.61366]]],[[[108.88031,-7.6101],[108.88071,-7.6101],[108.88076,-7.61012],[108.88077,-7.61013],[108.88077,-7.61056],[108.88031,-7.61056],[108.88031,-7.6101]]],[[[108.87035,-7.61005],[108.8699,-7.61005],[108.8699,-7.6096],[108.87035,-7.6096],[108.87035,-7.61005]]],[[[108.86809,-7.60959],[108.86763,-7.60959],[108.86763,-7.60914],[108.86809,-7.60914],[108.86809,-7.60959]]],[[[108.869,-7.60914],[108.86854,-7.60914],[108.86854,-7.60869],[108.869,-7.60869],[108.869,-7.60914]]],[[[108.87037,-7.60734],[108.86991,-7.60734],[108.86991,-7.60689],[108.87037,-7.60689],[108.87037,-7.60734]]],[[[108.86855,-7.60733],[108.86855,-7.60734],[108.8681,-7.60734],[108.86809,-7.60734],[108.86809,-7.60733],[108.86809,-7.60723],[108.86846,-7.60688],[108.86855,-7.60688],[108.86855,-7.60733]]],[[[108.87173,-7.60509],[108.87174,-7.60509],[108.87174,-7.60554],[108.87174,-7.60599],[108.87174,-7.606],[108.87173,-7.606],[108.87173,-7.60644],[108.87173,-7.60645],[108.87173,-7.6069],[108.87127,-7.6069],[108.87127,-7.60645],[108.87127,-7.60644],[108.87127,-7.60599],[108.87128,-7.60599],[108.87128,-7.60554],[108.87128,-7.60509],[108.87173,-7.60509]]],[[[108.87148,-7.60464],[108.87161,-7.60455],[108.87173,-7.60442],[108.87174,-7.60442],[108.87174,-7.60464],[108.87173,-7.60464],[108.87148,-7.60464]]],[[[108.87672,-7.60376],[108.87627,-7.60376],[108.87627,-7.60331],[108.87672,-7.60331],[108.87672,-7.60376]]]]}},{"type":"Feature","properties":{"d":"KAMPUNG LAUT","net":"FWA-Outdoor"},"geometry":{"type":"MultiPolygon","coordinates":[[[[108.82016,-7.68525],[108.8197,-7.68525],[108.8197,-7.68494],[108.81992,-7.68499],[108.82016,-7.68499],[108.82016,-7.68525]]],[[[108.81205,-7.68341],[108.81201,-7.68341],[108.81201,-7.68339],[108.81205,-7.68341]]],[[[108.8102,-7.68294],[108.8102,-7.68285],[108.8103,-7.68287],[108.81053,-7.68294],[108.81054,-7.68295],[108.81021,-7.68295],[108.8102,-7.68295],[108.8102,-7.68294]]],[[[108.80896,-7.68249],[108.80885,-7.68249],[108.80884,-7.68249],[108.80884,-7.68245],[108.80896,-7.68249]]],[[[108.80625,-7.68201],[108.80625,-7.68201],[108.80625,-7.68201],[108.80614,-7.68197],[108.80568,-7.68179],[108.80568,-7.68157],[108.80523,-7.68157],[108.80523,-7.68156],[108.8051,-7.68156],[108.80506,-7.68155],[108.80497,-7.68156],[108.80478,-7.68156],[108.80478,-7.68111],[108.80433,-7.68111],[108.80387,-7.68111],[108.80387,-7.6811],[108.8035,-7.6811],[108.80342,-7.68105],[108.80342,-7.68065],[108.80298,-7.68065],[108.80297,-7.68065],[108.80252,-7.68065],[108.80252,-7.68031],[108.80259,-7.68034],[108.80297,-7.68049],[108.80297,-7.68048],[108.80298,-7.68049],[108.80343,-7.68062],[108.80344,-7.68062],[108.80352,-7.68065],[108.80351,-7.68065],[108.80372,-7.68072],[108.80388,-7.68078],[108.80388,-7.68078],[108.80398,-7.68082],[108.80422,-7.68091],[108.80433,-7.68095],[108.80444,-7.68099],[108.80479,-7.6811],[108.80479,-7.68111],[108.8048,-7.68111],[108.80519,-7.68123],[108.80524,-7.68124],[108.80524,-7.68124],[108.80569,-7.68139],[108.80569,-7.68139],[108.80577,-7.68142],[108.80603,-7.68154],[108.80607,-7.68156],[108.80609,-7.68156],[108.80609,-7.68157],[108.80611,-7.6816],[108.8061,-7.68157],[108.80614,-7.68159],[108.80629,-7.68165],[108.80651,-7.68174],[108.80659,-7.68177],[108.80659,-7.68176],[108.80676,-7.68182],[108.80696,-7.68188],[108.80704,-7.68191],[108.80704,-7.6819],[108.80712,-7.68193],[108.80732,-7.68203],[108.80704,-7.68203],[108.80704,-7.68202],[108.8066,-7.68202],[108.80659,-7.68202],[108.80653,-7.68202],[108.80629,-7.68202],[108.80628,-7.68202],[108.80625,-7.68201]]],[[[108.80226,-7.68019],[108.80216,-7.68019],[108.80218,-7.68012],[108.80226,-7.68019]]],[[[108.7998,-7.68018],[108.79971,-7.68018],[108.79935,-7.68018],[108.79935,-7.67979],[108.79936,-7.67978],[108.79958,-7.67973],[108.79959,-7.67973],[108.7998,-7.67973],[108.79981,-7.67973],[108.79981,-7.68018],[108.7998,-7.68018]]],[[[108.81208,-7.6697],[108.81208,-7.6694],[108.81254,-7.6694],[108.81254,-7.66985],[108.81235,-7.66985],[108.81224,-7.66979],[108.81212,-7.66972],[108.81208,-7.6697]]],[[[108.81254,-7.66895],[108.813,-7.66895],[108.813,-7.6694],[108.81254,-7.6694],[108.81254,-7.66895]]],[[[108.81119,-7.66849],[108.81119,-7.66894],[108.81073,-7.66894],[108.81073,-7.66849],[108.81119,-7.66849]]],[[[108.81391,-7.6667],[108.81436,-7.6667],[108.81437,-7.6667],[108.81482,-7.6667],[108.81482,-7.66707],[108.81463,-7.66707],[108.81463,-7.66715],[108.81463,-7.66716],[108.81436,-7.66716],[108.81436,-7.6676],[108.81436,-7.66806],[108.8139,-7.66806],[108.8139,-7.66805],[108.81345,-7.66805],[108.81345,-7.6676],[108.8139,-7.6676],[108.8139,-7.66715],[108.81391,-7.66715],[108.81391,-7.6667]]],[[[108.81717,-7.66671],[108.81753,-7.66671],[108.81753,-7.66635],[108.81754,-7.66635],[108.81754,-7.66672],[108.81708,-7.66672],[108.81708,-7.66626],[108.81717,-7.66626],[108.81717,-7.66671]]],[[[108.81609,-7.6658],[108.81609,-7.66535],[108.81618,-7.66535],[108.81619,-7.66535],[108.81619,-7.6658],[108.81619,-7.66581],[108.81619,-7.66626],[108.81618,-7.66626],[108.81609,-7.66626],[108.81609,-7.66599],[108.81573,-7.66599],[108.81573,-7.66581],[108.81573,-7.6658],[108.81609,-7.6658]]],[[[108.81844,-7.66582],[108.81844,-7.66618],[108.81826,-7.66618],[108.81808,-7.66618],[108.81808,-7.666],[108.81799,-7.666],[108.81798,-7.666],[108.81798,-7.66582],[108.81799,-7.66582],[108.81844,-7.66582]]],[[[108.82388,-7.66494],[108.82388,-7.66449],[108.82434,-7.66449],[108.82434,-7.66404],[108.82434,-7.66359],[108.82479,-7.66359],[108.8248,-7.66359],[108.82525,-7.66359],[108.82525,-7.66404],[108.82525,-7.66405],[108.8248,-7.66405],[108.8248,-7.66449],[108.82525,-7.66449],[108.82525,-7.6645],[108.82525,-7.66495],[108.82479,-7.66495],[108.82479,-7.6654],[108.82479,-7.66585],[108.82433,-7.66585],[108.82388,-7.66585],[108.82387,-7.66585],[108.82387,-7.66539],[108.82388,-7.66539],[108.82433,-7.66539],[108.82433,-7.66494],[108.82388,-7.66494]],[[108.82479,-7.66494],[108.82479,-7.6645],[108.82434,-7.6645],[108.82434,-7.66494],[108.82479,-7.66494]]],[[[108.81438,-7.66489],[108.81438,-7.66444],[108.81465,-7.66444],[108.81465,-7.66453],[108.81483,-7.66453],[108.81484,-7.66453],[108.81484,-7.6649],[108.81483,-7.6649],[108.81483,-7.66535],[108.81528,-7.66535],[108.81528,-7.66562],[108.81501,-7.66562],[108.81501,-7.66572],[108.815,-7.66572],[108.81482,-7.66572],[108.81482,-7.66535],[108.81437,-7.66535],[108.81437,-7.66489],[108.81438,-7.66489]]],[[[108.80441,-7.66529],[108.80441,-7.66532],[108.8044,-7.66529],[108.80441,-7.66529]]],[[[108.81845,-7.66446],[108.81891,-7.66446],[108.81891,-7.66492],[108.81845,-7.66492],[108.81845,-7.66446]]],[[[108.81438,-7.66363],[108.81438,-7.66354],[108.81483,-7.66354],[108.81484,-7.66354],[108.81484,-7.66399],[108.81483,-7.66399],[108.81483,-7.66363],[108.81465,-7.66363],[108.81438,-7.66363]]],[[[108.82571,-7.66314],[108.82525,-7.66314],[108.82525,-7.66269],[108.82526,-7.66269],[108.82526,-7.66224],[108.82571,-7.66224],[108.82571,-7.66269],[108.82571,-7.66314]]],[[[108.82616,-7.66224],[108.82616,-7.66179],[108.82616,-7.66134],[108.82662,-7.66134],[108.82662,-7.66179],[108.82662,-7.66224],[108.82662,-7.66225],[108.82616,-7.66225],[108.82616,-7.66224]]],[[[108.80393,-7.66078],[108.80393,-7.66077],[108.80398,-7.66048],[108.80398,-7.66047],[108.80399,-7.66047],[108.80399,-7.66048],[108.80399,-7.66077],[108.80399,-7.66078],[108.80393,-7.66078]]],[[[108.80444,-7.65987],[108.80444,-7.66032],[108.80444,-7.66033],[108.80401,-7.66033],[108.80401,-7.66032],[108.8041,-7.65987],[108.80444,-7.65987]]],[[[108.82799,-7.65999],[108.82799,-7.65954],[108.82799,-7.65909],[108.82845,-7.65909],[108.82845,-7.65954],[108.82845,-7.65999],[108.82845,-7.66],[108.82799,-7.66],[108.82799,-7.65999]]],[[[108.80444,-7.65867],[108.80444,-7.65897],[108.8043,-7.65897],[108.80444,-7.65867]]],[[[108.81486,-7.65857],[108.81486,-7.65902],[108.8144,-7.65902],[108.8144,-7.65857],[108.81486,-7.65857]]],[[[108.82391,-7.65862],[108.82391,-7.65817],[108.82391,-7.65816],[108.82437,-7.65816],[108.82437,-7.65817],[108.82483,-7.65817],[108.82483,-7.65862],[108.82437,-7.65862],[108.82391,-7.65862]]],[[[108.82755,-7.65773],[108.82755,-7.65818],[108.82709,-7.65818],[108.82709,-7.65773],[108.82755,-7.65773]]],[[[108.80472,-7.65807],[108.8049,-7.65768],[108.8049,-7.65807],[108.80472,-7.65807]]],[[[108.82256,-7.65725],[108.82256,-7.65771],[108.82211,-7.65771],[108.8221,-7.65771],[108.8221,-7.65725],[108.82211,-7.65725],[108.82256,-7.65725]]],[[[108.82619,-7.65682],[108.82619,-7.65727],[108.82573,-7.65727],[108.82573,-7.65682],[108.82619,-7.65682]]],[[[108.82483,-7.65636],[108.82529,-7.65636],[108.82529,-7.65682],[108.82483,-7.65682],[108.82483,-7.65636]]],[[[108.81623,-7.65587],[108.81623,-7.65632],[108.81577,-7.65632],[108.81577,-7.65587],[108.81577,-7.65586],[108.81623,-7.65586],[108.81623,-7.65587]]],[[[108.81443,-7.65495],[108.81443,-7.65541],[108.81442,-7.65541],[108.81442,-7.65586],[108.81397,-7.65586],[108.81397,-7.65631],[108.81351,-7.65631],[108.81351,-7.65585],[108.81396,-7.65585],[108.81396,-7.6554],[108.81397,-7.6554],[108.81397,-7.65495],[108.81443,-7.65495]]],[[[108.81261,-7.65585],[108.81262,-7.65585],[108.81262,-7.6563],[108.81261,-7.6563],[108.81216,-7.6563],[108.81216,-7.65585],[108.81261,-7.65585]]],[[[108.82394,-7.65545],[108.82394,-7.65591],[108.82348,-7.65591],[108.82348,-7.65545],[108.82394,-7.65545]]],[[[108.80628,-7.65356],[108.80628,-7.65401],[108.80614,-7.65401],[108.80624,-7.65356],[108.80628,-7.65356]]],[[[108.80628,-7.65356],[108.80628,-7.65338],[108.80635,-7.65311],[108.80674,-7.65311],[108.80674,-7.65356],[108.80628,-7.65356]]],[[[108.80675,-7.65221],[108.80663,-7.65221],[108.80663,-7.6522],[108.80675,-7.652],[108.80675,-7.6522],[108.80675,-7.65221]]],[[[108.81025,-7.64861],[108.81039,-7.64849],[108.81039,-7.64861],[108.81084,-7.64861],[108.81084,-7.64906],[108.81038,-7.64906],[108.81038,-7.64861],[108.81025,-7.64861]]],[[[108.82941,-7.64825],[108.82941,-7.6487],[108.82941,-7.64871],[108.82895,-7.64871],[108.82895,-7.6487],[108.82895,-7.64825],[108.82941,-7.64825]]],[[[108.82578,-7.64643],[108.82624,-7.64643],[108.82624,-7.64688],[108.82578,-7.64688],[108.82578,-7.64643]]],[[[108.8249,-7.64416],[108.8249,-7.64371],[108.82536,-7.64371],[108.82536,-7.64417],[108.8249,-7.64417],[108.8249,-7.64462],[108.82444,-7.64462],[108.82444,-7.64416],[108.8249,-7.64416]]],[[[108.82807,-7.64147],[108.82853,-7.64147],[108.82853,-7.64192],[108.82807,-7.64192],[108.82807,-7.64147]]],[[[108.8291,-7.63651],[108.8291,-7.6365],[108.8291,-7.63605],[108.82947,-7.63605],[108.82947,-7.63651],[108.82992,-7.63651],[108.82992,-7.63696],[108.82991,-7.63696],[108.82991,-7.63741],[108.82945,-7.63741],[108.82945,-7.63696],[108.829,-7.63696],[108.829,-7.63659],[108.8291,-7.63659],[108.8291,-7.63651]]],[[[108.82856,-7.63605],[108.82856,-7.63623],[108.82874,-7.63623],[108.82874,-7.6365],[108.82874,-7.63651],[108.82855,-7.63651],[108.82855,-7.6365],[108.82855,-7.63605],[108.82856,-7.63605]]],[[[108.82892,-7.63605],[108.82892,-7.63569],[108.82874,-7.63569],[108.82856,-7.63569],[108.8282,-7.63569],[108.8282,-7.63605],[108.8281,-7.63605],[108.8281,-7.6356],[108.82856,-7.6356],[108.82902,-7.6356],[108.82902,-7.63605],[108.82892,-7.63605]]],[[[108.8272,-7.63559],[108.8272,-7.63604],[108.82674,-7.63604],[108.82674,-7.63559],[108.8272,-7.63559]]],[[[108.82449,-7.63558],[108.82449,-7.63603],[108.82404,-7.63603],[108.82403,-7.63603],[108.82358,-7.63603],[108.82358,-7.63557],[108.82404,-7.63557],[108.82404,-7.63558],[108.82449,-7.63558]]],[[[108.82314,-7.63512],[108.82268,-7.63512],[108.82268,-7.63467],[108.82313,-7.63467],[108.82313,-7.63494],[108.82314,-7.63494],[108.82314,-7.63512]]],[[[108.82539,-7.63459],[108.82549,-7.63459],[108.82567,-7.63459],[108.82567,-7.63468],[108.82539,-7.63468],[108.82539,-7.63459]]],[[[108.82532,-7.63151],[108.82532,-7.63152],[108.82542,-7.63152],[108.82542,-7.63197],[108.82496,-7.63197],[108.82496,-7.63152],[108.82496,-7.63151],[108.82532,-7.63151]]],[[[108.82315,-7.63105],[108.82315,-7.63151],[108.82269,-7.63151],[108.82269,-7.63105],[108.82315,-7.63105]]],[[[108.82814,-7.62882],[108.82814,-7.62927],[108.82768,-7.62927],[108.82768,-7.62882],[108.82814,-7.62882]]],[[[108.82317,-7.62564],[108.82317,-7.62563],[108.82317,-7.62518],[108.82363,-7.62518],[108.82363,-7.62563],[108.82363,-7.62564],[108.82363,-7.62609],[108.82317,-7.62609],[108.82317,-7.62564]]],[[[108.82907,-7.62521],[108.82907,-7.62566],[108.82861,-7.62566],[108.82861,-7.62521],[108.82907,-7.62521]]],[[[108.82816,-7.62475],[108.82816,-7.62521],[108.82771,-7.62521],[108.8277,-7.62521],[108.8277,-7.62475],[108.82771,-7.62475],[108.82816,-7.62475]]],[[[108.82635,-7.62429],[108.82662,-7.62429],[108.82662,-7.62448],[108.82675,-7.62448],[108.82675,-7.62471],[108.8268,-7.62471],[108.82681,-7.62471],[108.82681,-7.62475],[108.8268,-7.62475],[108.82635,-7.62475],[108.82635,-7.62429]]],[[[108.82753,-7.62394],[108.82753,-7.62385],[108.82754,-7.62385],[108.82772,-7.62385],[108.82772,-7.6243],[108.82771,-7.6243],[108.82771,-7.62394],[108.82754,-7.62394],[108.82753,-7.62394]]],[[[108.82365,-7.62383],[108.82364,-7.62383],[108.82319,-7.62383],[108.82273,-7.62383],[108.82273,-7.62337],[108.82274,-7.62337],[108.82274,-7.62292],[108.82228,-7.62292],[108.82228,-7.62247],[108.82274,-7.62247],[108.82274,-7.62202],[108.82274,-7.62156],[108.82229,-7.62156],[108.82229,-7.62111],[108.8223,-7.62111],[108.8223,-7.62066],[108.82275,-7.62066],[108.8232,-7.62066],[108.8232,-7.62111],[108.8232,-7.62112],[108.8232,-7.62156],[108.8232,-7.62157],[108.8232,-7.62202],[108.8232,-7.62247],[108.8232,-7.62292],[108.82365,-7.62292],[108.82365,-7.62337],[108.82365,-7.62338],[108.8241,-7.62338],[108.8241,-7.62383],[108.82455,-7.62383],[108.82455,-7.62428],[108.82409,-7.62428],[108.82409,-7.62383],[108.82365,-7.62383]]],[[[108.82455,-7.62293],[108.82456,-7.62293],[108.82456,-7.62338],[108.82455,-7.62338],[108.8241,-7.62338],[108.8241,-7.62293],[108.82455,-7.62293]]],[[[108.8214,-7.61885],[108.8214,-7.6193],[108.82122,-7.6193],[108.82115,-7.61885],[108.82115,-7.61884],[108.8214,-7.61884],[108.8214,-7.61885]]],[[[108.82116,-7.61749],[108.82141,-7.61749],[108.82141,-7.61794],[108.82112,-7.61794],[108.82116,-7.61749]]],[[[108.82459,-7.6166],[108.82459,-7.61706],[108.82458,-7.61706],[108.82413,-7.61706],[108.82413,-7.6166],[108.82458,-7.6166],[108.82459,-7.6166]]],[[[108.82187,-7.61704],[108.82141,-7.61704],[108.82123,-7.61704],[108.82127,-7.61682],[108.82136,-7.61659],[108.82141,-7.61659],[108.82187,-7.61659],[108.82187,-7.61704]]],[[[108.8264,-7.61571],[108.8264,-7.61616],[108.82594,-7.61616],[108.82594,-7.61571],[108.8264,-7.61571]]],[[[108.82369,-7.61569],[108.82369,-7.61615],[108.82368,-7.61615],[108.82323,-7.61615],[108.82323,-7.61569],[108.82368,-7.61569],[108.82369,-7.61569]]],[[[108.82233,-7.61569],[108.82233,-7.61614],[108.82187,-7.61614],[108.82187,-7.61569],[108.82233,-7.61569]]],[[[108.82506,-7.61209],[108.82506,-7.61164],[108.82552,-7.61164],[108.82552,-7.61209],[108.82551,-7.61209],[108.82551,-7.61254],[108.82505,-7.61254],[108.82505,-7.61209],[108.82506,-7.61209]]],[[[108.82916,-7.60578],[108.82916,-7.60624],[108.8287,-7.60624],[108.8287,-7.60578],[108.82916,-7.60578]]],[[[108.82935,-7.65819],[108.8298,-7.65819],[108.8298,-7.65865],[108.82935,-7.65865],[108.82934,-7.65865],[108.82934,-7.65819],[108.82935,-7.65819]]],[[[108.83071,-7.6582],[108.83025,-7.6582],[108.83025,-7.65775],[108.83025,-7.65774],[108.83071,-7.65774],[108.83071,-7.6573],[108.83071,-7.65684],[108.83117,-7.65684],[108.83117,-7.6573],[108.83117,-7.65775],[108.83071,-7.65775],[108.83071,-7.6582]]],[[[108.83208,-7.65685],[108.83163,-7.65685],[108.83163,-7.6564],[108.83163,-7.65595],[108.83163,-7.65594],[108.83208,-7.65594],[108.83209,-7.65594],[108.83209,-7.65595],[108.83209,-7.6564],[108.83209,-7.65685],[108.83208,-7.65685]]],[[[108.83208,-7.65504],[108.83254,-7.65504],[108.83254,-7.6555],[108.83208,-7.6555],[108.83208,-7.65504]]],[[[108.83371,-7.65487],[108.83372,-7.65487],[108.8339,-7.65487],[108.8339,-7.65505],[108.83371,-7.65505],[108.83371,-7.65487]]],[[[108.83347,-7.65451],[108.83344,-7.65451],[108.83344,-7.65415],[108.83357,-7.65415],[108.8339,-7.65415],[108.8339,-7.65433],[108.83354,-7.65433],[108.83354,-7.65451],[108.83347,-7.65451]]],[[[108.83708,-7.65326],[108.83708,-7.65371],[108.83707,-7.65371],[108.83662,-7.65371],[108.83662,-7.65326],[108.83707,-7.65326],[108.83708,-7.65326]]],[[[108.83301,-7.65234],[108.83301,-7.65279],[108.83255,-7.65279],[108.83255,-7.65234],[108.83255,-7.65233],[108.83301,-7.65233],[108.83301,-7.65234]]],[[[108.83799,-7.65128],[108.83799,-7.65101],[108.83845,-7.65101],[108.83845,-7.65146],[108.83845,-7.65191],[108.83799,-7.65191],[108.83799,-7.65164],[108.83808,-7.65164],[108.83808,-7.65146],[108.83808,-7.65128],[108.83799,-7.65128]]],[[[108.83301,-7.65143],[108.83347,-7.65143],[108.83347,-7.65189],[108.83301,-7.65189],[108.83301,-7.65143]]],[[[108.83708,-7.65145],[108.83736,-7.65145],[108.83736,-7.65146],[108.83735,-7.65146],[108.83708,-7.65146],[108.83708,-7.65145]]],[[[108.83845,-7.64965],[108.83891,-7.64965],[108.83891,-7.65011],[108.83936,-7.65011],[108.83936,-7.65056],[108.83936,-7.65101],[108.8389,-7.65101],[108.8389,-7.65056],[108.83845,-7.65056],[108.83845,-7.65011],[108.83845,-7.64965]]],[[[108.83301,-7.65098],[108.83301,-7.65053],[108.83301,-7.65008],[108.83301,-7.64963],[108.83302,-7.64963],[108.83346,-7.64963],[108.83347,-7.64963],[108.83347,-7.64918],[108.83393,-7.64918],[108.83393,-7.64963],[108.83392,-7.64963],[108.83392,-7.65008],[108.83347,-7.65008],[108.83347,-7.65053],[108.83347,-7.65098],[108.83347,-7.65099],[108.83301,-7.65099],[108.83301,-7.65098]]],[[[108.83619,-7.65009],[108.83619,-7.65055],[108.83573,-7.65055],[108.83573,-7.65009],[108.83619,-7.65009]]],[[[108.83483,-7.65009],[108.83528,-7.65009],[108.83528,-7.65054],[108.83483,-7.65054],[108.83482,-7.65054],[108.83437,-7.65054],[108.83437,-7.65009],[108.83437,-7.64963],[108.83483,-7.64963],[108.83483,-7.65009]]],[[[108.83347,-7.64827],[108.83393,-7.64827],[108.83393,-7.64873],[108.83347,-7.64873],[108.83347,-7.64827]]],[[[108.83973,-7.64831],[108.83973,-7.64785],[108.83955,-7.64785],[108.83955,-7.64767],[108.83936,-7.64767],[108.83936,-7.6474],[108.83982,-7.6474],[108.83982,-7.64785],[108.83982,-7.64831],[108.83973,-7.64831]]],[[[108.8371,-7.64739],[108.83756,-7.64739],[108.83756,-7.64784],[108.8371,-7.64784],[108.8371,-7.64739]]],[[[108.83393,-7.64782],[108.83348,-7.64782],[108.83348,-7.64737],[108.83348,-7.64692],[108.83394,-7.64692],[108.83394,-7.64647],[108.83427,-7.64647],[108.8344,-7.64647],[108.8344,-7.64692],[108.8344,-7.64737],[108.8344,-7.64738],[108.83439,-7.64738],[108.83439,-7.64779],[108.83439,-7.64783],[108.83393,-7.64783],[108.83393,-7.64782]]],[[[108.83485,-7.64647],[108.8353,-7.64647],[108.83531,-7.64647],[108.83531,-7.64648],[108.83575,-7.64648],[108.83576,-7.64648],[108.8362,-7.64648],[108.83621,-7.64648],[108.83665,-7.64648],[108.83666,-7.64648],[108.8371,-7.64648],[108.83711,-7.64648],[108.83711,-7.64603],[108.83756,-7.64603],[108.83757,-7.64603],[108.83802,-7.64603],[108.83802,-7.64559],[108.83847,-7.64559],[108.83847,-7.64514],[108.83893,-7.64514],[108.83893,-7.64469],[108.83938,-7.64469],[108.83939,-7.64469],[108.83984,-7.64469],[108.83984,-7.64424],[108.84011,-7.64424],[108.84011,-7.64442],[108.84029,-7.64442],[108.84029,-7.64469],[108.84065,-7.64469],[108.84066,-7.64469],[108.84066,-7.64479],[108.84065,-7.64479],[108.84047,-7.64479],[108.84029,-7.64479],[108.84011,-7.64479],[108.84011,-7.64514],[108.84011,-7.64515],[108.8401,-7.64515],[108.83993,-7.64515],[108.83993,-7.64514],[108.83993,-7.64496],[108.83984,-7.64496],[108.83974,-7.64496],[108.83956,-7.64496],[108.83939,-7.64496],[108.83938,-7.64496],[108.8392,-7.64496],[108.8392,-7.64514],[108.8392,-7.6455],[108.83901,-7.6455],[108.83901,-7.64559],[108.83901,-7.64568],[108.83892,-7.64568],[108.83892,-7.64559],[108.83848,-7.64559],[108.83848,-7.64604],[108.83866,-7.64604],[108.83866,-7.64622],[108.83865,-7.64622],[108.83847,-7.64622],[108.83811,-7.64622],[108.83811,-7.64649],[108.83802,-7.64649],[108.83801,-7.64649],[108.83757,-7.64649],[108.83756,-7.64649],[108.83756,-7.64694],[108.83711,-7.64694],[108.8371,-7.64694],[108.83665,-7.64694],[108.83665,-7.64693],[108.83621,-7.64693],[108.8362,-7.64693],[108.83576,-7.64693],[108.83575,-7.64693],[108.83531,-7.64693],[108.8353,-7.64693],[108.83485,-7.64693],[108.83485,-7.64647]]],[[[108.83893,-7.64649],[108.83883,-7.64649],[108.83883,-7.6464],[108.83893,-7.6464],[108.83893,-7.64649]]],[[[108.83938,-7.64604],[108.8392,-7.64604],[108.8392,-7.64586],[108.83938,-7.64586],[108.83938,-7.64604]]],[[[108.83437,-7.64511],[108.8344,-7.64511],[108.8344,-7.64512],[108.83485,-7.64512],[108.83485,-7.64557],[108.83485,-7.64602],[108.8344,-7.64602],[108.83426,-7.64602],[108.83394,-7.64602],[108.83394,-7.64557],[108.83395,-7.64557],[108.83395,-7.64511],[108.83437,-7.64511]]],[[[108.83974,-7.6455],[108.83974,-7.64559],[108.83974,-7.6456],[108.83938,-7.6456],[108.83938,-7.64559],[108.83938,-7.6455],[108.83939,-7.6455],[108.83974,-7.6455]]],[[[108.83804,-7.64287],[108.83804,-7.64288],[108.83758,-7.64288],[108.83758,-7.64287],[108.83758,-7.64242],[108.83804,-7.64242],[108.83804,-7.64287]]],[[[108.83668,-7.64106],[108.83714,-7.64106],[108.83714,-7.64151],[108.83714,-7.64152],[108.83668,-7.64152],[108.83668,-7.64151],[108.83668,-7.64106]]],[[[108.83624,-7.64015],[108.83624,-7.64016],[108.83622,-7.64016],[108.83621,-7.64016],[108.83579,-7.64016],[108.83578,-7.64016],[108.83578,-7.64015],[108.83578,-7.6397],[108.83579,-7.6397],[108.83624,-7.6397],[108.83624,-7.64013],[108.83624,-7.64015]]],[[[108.83444,-7.63879],[108.83444,-7.63924],[108.83443,-7.63924],[108.83398,-7.63924],[108.83398,-7.63879],[108.83443,-7.63879],[108.83444,-7.63879]]],[[[108.83307,-7.63878],[108.83308,-7.63878],[108.83353,-7.63878],[108.83353,-7.63924],[108.83308,-7.63924],[108.83307,-7.63924],[108.83262,-7.63924],[108.83262,-7.63878],[108.83307,-7.63878]]],[[[108.83127,-7.63787],[108.83127,-7.63832],[108.83081,-7.63832],[108.83081,-7.63787],[108.83127,-7.63787]]],[[[108.83443,-7.63744],[108.83489,-7.63744],[108.83489,-7.63789],[108.83443,-7.63789],[108.83443,-7.63744]]],[[[108.83399,-7.63698],[108.83399,-7.63743],[108.83353,-7.63743],[108.83353,-7.63698],[108.83399,-7.63698]]],[[[108.83672,-7.63519],[108.83672,-7.63564],[108.83626,-7.63564],[108.83626,-7.63519],[108.83672,-7.63519]]],[[[108.83763,-7.63203],[108.83809,-7.63203],[108.83809,-7.63248],[108.83763,-7.63248],[108.83763,-7.63203]]],[[[108.839,-7.62978],[108.83901,-7.62978],[108.83901,-7.63023],[108.839,-7.63023],[108.83856,-7.63023],[108.83856,-7.63068],[108.83855,-7.63068],[108.8381,-7.63068],[108.8381,-7.63023],[108.83765,-7.63023],[108.83765,-7.63022],[108.83765,-7.62977],[108.8381,-7.62977],[108.8381,-7.63022],[108.83855,-7.63022],[108.83855,-7.62978],[108.839,-7.62978]]],[[[108.83946,-7.62888],[108.83946,-7.62843],[108.83946,-7.62842],[108.83946,-7.62797],[108.83992,-7.62797],[108.83992,-7.62842],[108.83992,-7.62843],[108.83992,-7.62888],[108.84037,-7.62888],[108.84037,-7.62933],[108.84082,-7.62933],[108.84082,-7.62979],[108.84036,-7.62979],[108.84036,-7.62933],[108.83992,-7.62933],[108.83991,-7.62933],[108.83991,-7.62978],[108.83945,-7.62978],[108.83945,-7.62933],[108.83946,-7.62933],[108.83946,-7.62888]]],[[[108.83993,-7.62707],[108.83993,-7.62752],[108.83947,-7.62752],[108.83947,-7.62707],[108.83993,-7.62707]]],[[[108.83494,-7.62705],[108.83494,-7.6266],[108.83494,-7.62659],[108.83495,-7.62659],[108.8354,-7.62659],[108.8354,-7.6266],[108.8354,-7.62705],[108.83495,-7.62705],[108.83494,-7.62705]]],[[[108.8327,-7.62432],[108.8327,-7.62478],[108.83269,-7.62478],[108.83224,-7.62478],[108.83224,-7.62432],[108.83269,-7.62432],[108.8327,-7.62432]]],[[[108.83225,-7.62306],[108.83261,-7.62306],[108.83261,-7.62297],[108.8327,-7.62297],[108.8327,-7.62342],[108.83225,-7.62342],[108.83224,-7.62342],[108.83224,-7.62324],[108.83225,-7.62324],[108.83225,-7.62306]]],[[[108.83452,-7.62117],[108.83498,-7.62117],[108.83498,-7.62163],[108.83452,-7.62163],[108.83452,-7.62117]]],[[[108.83679,-7.61938],[108.83634,-7.61938],[108.83634,-7.61892],[108.83634,-7.61847],[108.8359,-7.61847],[108.83589,-7.61847],[108.83589,-7.61892],[108.83543,-7.61892],[108.83543,-7.61847],[108.83544,-7.61847],[108.83544,-7.61801],[108.8359,-7.61801],[108.8359,-7.61802],[108.83635,-7.61802],[108.83635,-7.61847],[108.8368,-7.61847],[108.8368,-7.61892],[108.83725,-7.61892],[108.83725,-7.61938],[108.8368,-7.61938],[108.83679,-7.61938]]],[[[108.83815,-7.61848],[108.83816,-7.61848],[108.83816,-7.61803],[108.83861,-7.61803],[108.83861,-7.61758],[108.83906,-7.61758],[108.83907,-7.61758],[108.83952,-7.61758],[108.83952,-7.61803],[108.83907,-7.61803],[108.83907,-7.61848],[108.83862,-7.61848],[108.83861,-7.61848],[108.83861,-7.61893],[108.83816,-7.61893],[108.83815,-7.61893],[108.8377,-7.61893],[108.8377,-7.61848],[108.83815,-7.61848]]],[[[108.83998,-7.61577],[108.83998,-7.61578],[108.83998,-7.61623],[108.84043,-7.61623],[108.84088,-7.61623],[108.84088,-7.61578],[108.84043,-7.61578],[108.84043,-7.61533],[108.84089,-7.61533],[108.84089,-7.61488],[108.84134,-7.61488],[108.84135,-7.61488],[108.8418,-7.61488],[108.8418,-7.61533],[108.8418,-7.61534],[108.8418,-7.61579],[108.84224,-7.61579],[108.84225,-7.61579],[108.8427,-7.61579],[108.8427,-7.61534],[108.84315,-7.61534],[108.84316,-7.61534],[108.8436,-7.61534],[108.8436,-7.61496],[108.8436,-7.61489],[108.84361,-7.61489],[108.84366,-7.61489],[108.84406,-7.61489],[108.84406,-7.61445],[108.84406,-7.61444],[108.84406,-7.61399],[108.84452,-7.61399],[108.84452,-7.61354],[108.84498,-7.61354],[108.84498,-7.61399],[108.84498,-7.614],[108.84452,-7.614],[108.84452,-7.61444],[108.84452,-7.61445],[108.84452,-7.6149],[108.84406,-7.6149],[108.84406,-7.6152],[108.84406,-7.61531],[108.84406,-7.61534],[108.84406,-7.61535],[108.84406,-7.6158],[108.84361,-7.6158],[108.84361,-7.61624],[108.84361,-7.61625],[108.84405,-7.61625],[108.84406,-7.61625],[108.84451,-7.61625],[108.84451,-7.6167],[108.84496,-7.6167],[108.84496,-7.61671],[108.84541,-7.61671],[108.84541,-7.61716],[108.84585,-7.61716],[108.84586,-7.61716],[108.84631,-7.61716],[108.84631,-7.61761],[108.84631,-7.61762],[108.84631,-7.61807],[108.84631,-7.61852],[108.84586,-7.61852],[108.84585,-7.61852],[108.8454,-7.61852],[108.8454,-7.61807],[108.8454,-7.61806],[108.84495,-7.61806],[108.84495,-7.61761],[108.8445,-7.61761],[108.8445,-7.61716],[108.8445,-7.61715],[108.8445,-7.6167],[108.84406,-7.6167],[108.84405,-7.6167],[108.84361,-7.6167],[108.8436,-7.6167],[108.84315,-7.6167],[108.84315,-7.61625],[108.8427,-7.61625],[108.8427,-7.61624],[108.84225,-7.61624],[108.84224,-7.61624],[108.84179,-7.61624],[108.84179,-7.61579],[108.84134,-7.61579],[108.84134,-7.61623],[108.84134,-7.61624],[108.84134,-7.61669],[108.84089,-7.61669],[108.84088,-7.61669],[108.84043,-7.61669],[108.84043,-7.61713],[108.84043,-7.61714],[108.84043,-7.61759],[108.83997,-7.61759],[108.83997,-7.61714],[108.83997,-7.61713],[108.83997,-7.61668],[108.83997,-7.61623],[108.83952,-7.61623],[108.83952,-7.61578],[108.83952,-7.61577],[108.83998,-7.61577]]],[[[108.83862,-7.61577],[108.83862,-7.61622],[108.83817,-7.61622],[108.83816,-7.61622],[108.83816,-7.61577],[108.83817,-7.61577],[108.83862,-7.61577]]],[[[108.83727,-7.61576],[108.83727,-7.61622],[108.83726,-7.61622],[108.83681,-7.61622],[108.83681,-7.61576],[108.83726,-7.61576],[108.83727,-7.61576]]],[[[108.83365,-7.61575],[108.83364,-7.61575],[108.83319,-7.61575],[108.83319,-7.61565],[108.83355,-7.61565],[108.83364,-7.61565],[108.83365,-7.61565],[108.83391,-7.61565],[108.83391,-7.6153],[108.83374,-7.6153],[108.83374,-7.61529],[108.8341,-7.61529],[108.8341,-7.61575],[108.83365,-7.61575]]],[[[108.83301,-7.61529],[108.83274,-7.61529],[108.83274,-7.61484],[108.8332,-7.61484],[108.8332,-7.61493],[108.83301,-7.61493],[108.83301,-7.61529]]],[[[108.83547,-7.6144],[108.83547,-7.61485],[108.83546,-7.61485],[108.83501,-7.61485],[108.83501,-7.6144],[108.83546,-7.6144],[108.83547,-7.6144]]],[[[108.83366,-7.61304],[108.83366,-7.61276],[108.83375,-7.61276],[108.83393,-7.61276],[108.83411,-7.61276],[108.83447,-7.61276],[108.83447,-7.61259],[108.83456,-7.61259],[108.83456,-7.61304],[108.83411,-7.61304],[108.83366,-7.61304]]],[[[108.83411,-7.61213],[108.83411,-7.61222],[108.83393,-7.61222],[108.83366,-7.61222],[108.83366,-7.61213],[108.83411,-7.61213]]],[[[108.83096,-7.6094],[108.83096,-7.60941],[108.83096,-7.60986],[108.8305,-7.60986],[108.8305,-7.60941],[108.8305,-7.6094],[108.83096,-7.6094]]],[[[108.82961,-7.60804],[108.82961,-7.6085],[108.8296,-7.6085],[108.82915,-7.6085],[108.82915,-7.60804],[108.8296,-7.60804],[108.82961,-7.60804]]],[[[108.83323,-7.60761],[108.83323,-7.60806],[108.83278,-7.60806],[108.83277,-7.60806],[108.83232,-7.60806],[108.83232,-7.60761],[108.83277,-7.60761],[108.83278,-7.60761],[108.83323,-7.60761]]],[[[108.83549,-7.60763],[108.83549,-7.60762],[108.83549,-7.60717],[108.8355,-7.60717],[108.83595,-7.60717],[108.83595,-7.60762],[108.83595,-7.60763],[108.8355,-7.60763],[108.83549,-7.60763]]],[[[108.83505,-7.60626],[108.83505,-7.60672],[108.83459,-7.60672],[108.83459,-7.60626],[108.83505,-7.60626]]],[[[108.82942,-7.60262],[108.82941,-7.60262],[108.82963,-7.60219],[108.82964,-7.60219],[108.82964,-7.60262],[108.82942,-7.60262]]],[[[108.83055,-7.60032],[108.83055,-7.60037],[108.83045,-7.60037],[108.83046,-7.60035],[108.83055,-7.60032]]],[[[108.83055,-7.60022],[108.83055,-7.60023],[108.83055,-7.60028],[108.83047,-7.60032],[108.8305,-7.60026],[108.83055,-7.60022]]],[[[108.84116,-7.65148],[108.84116,-7.65147],[108.84161,-7.65147],[108.84161,-7.65148],[108.84207,-7.65148],[108.84207,-7.65193],[108.84161,-7.65193],[108.84116,-7.65193],[108.84116,-7.65148]]],[[[108.84343,-7.65013],[108.84343,-7.65058],[108.84297,-7.65058],[108.84297,-7.65013],[108.84343,-7.65013]]],[[[108.84118,-7.64831],[108.84118,-7.64876],[108.84072,-7.64876],[108.84072,-7.64831],[108.84118,-7.64831]]],[[[108.84616,-7.64698],[108.84662,-7.64698],[108.84662,-7.64744],[108.84616,-7.64744],[108.84616,-7.64698]]],[[[108.84119,-7.64696],[108.84119,-7.64741],[108.84073,-7.64741],[108.84073,-7.64696],[108.84073,-7.64695],[108.84119,-7.64695],[108.84119,-7.64696]]],[[[108.84011,-7.6456],[108.8401,-7.6456],[108.8401,-7.6455],[108.84011,-7.6455],[108.84011,-7.6456]]],[[[108.84074,-7.64515],[108.84074,-7.6456],[108.84047,-7.6456],[108.84047,-7.64551],[108.84065,-7.64551],[108.84065,-7.64515],[108.84074,-7.64515]]],[[[108.84119,-7.64515],[108.84083,-7.64515],[108.84083,-7.64497],[108.84102,-7.64497],[108.84102,-7.6447],[108.84119,-7.6447],[108.84119,-7.64515]]],[[[108.84192,-7.64371],[108.84193,-7.64371],[108.84211,-7.64371],[108.84211,-7.6438],[108.84192,-7.6438],[108.84192,-7.64371]]],[[[108.84075,-7.64334],[108.84075,-7.64289],[108.84102,-7.64289],[108.84102,-7.64316],[108.8412,-7.64316],[108.84121,-7.64316],[108.84139,-7.64316],[108.84156,-7.64316],[108.84156,-7.64317],[108.84138,-7.64317],[108.84138,-7.64334],[108.84138,-7.64335],[108.8412,-7.64335],[108.8412,-7.6437],[108.84138,-7.6437],[108.84138,-7.6438],[108.8412,-7.6438],[108.84084,-7.6438],[108.84084,-7.64379],[108.84084,-7.64334],[108.84075,-7.64334]]],[[[108.8403,-7.64379],[108.84029,-7.64379],[108.84029,-7.64334],[108.84048,-7.64334],[108.84048,-7.6437],[108.8403,-7.6437],[108.8403,-7.64379]]],[[[108.84393,-7.6429],[108.84393,-7.64336],[108.84347,-7.64336],[108.84347,-7.6429],[108.84393,-7.6429]]],[[[108.84211,-7.64281],[108.84211,-7.64245],[108.84211,-7.64244],[108.84166,-7.64244],[108.84166,-7.64199],[108.84166,-7.64154],[108.84121,-7.64154],[108.84121,-7.64108],[108.84167,-7.64108],[108.84167,-7.64154],[108.84212,-7.64154],[108.84212,-7.64109],[108.84257,-7.64109],[108.84257,-7.64064],[108.84257,-7.64019],[108.84258,-7.64019],[108.84302,-7.64019],[108.84303,-7.64019],[108.84347,-7.64019],[108.84348,-7.64019],[108.84348,-7.63974],[108.84393,-7.63974],[108.84393,-7.63929],[108.84394,-7.63929],[108.84394,-7.63884],[108.84439,-7.63884],[108.8444,-7.63884],[108.84484,-7.63884],[108.84485,-7.63884],[108.8453,-7.63884],[108.84575,-7.63884],[108.84575,-7.6384],[108.84621,-7.6384],[108.84621,-7.63885],[108.84576,-7.63885],[108.84576,-7.6393],[108.8453,-7.6393],[108.84485,-7.6393],[108.84485,-7.63975],[108.8453,-7.63975],[108.8453,-7.6402],[108.84484,-7.6402],[108.84484,-7.64065],[108.84439,-7.64065],[108.84438,-7.64065],[108.84438,-7.6411],[108.84483,-7.6411],[108.84483,-7.64155],[108.84438,-7.64155],[108.84437,-7.64155],[108.84437,-7.6411],[108.84393,-7.6411],[108.84392,-7.6411],[108.84392,-7.64065],[108.84348,-7.64065],[108.84348,-7.64109],[108.84348,-7.6411],[108.84303,-7.6411],[108.84303,-7.64154],[108.84348,-7.64154],[108.84348,-7.64155],[108.84348,-7.642],[108.84302,-7.642],[108.84302,-7.64245],[108.84302,-7.6429],[108.84257,-7.6429],[108.84257,-7.64335],[108.84229,-7.64335],[108.84229,-7.64317],[108.84247,-7.64317],[108.84247,-7.6429],[108.84247,-7.64281],[108.84229,-7.64281],[108.84211,-7.64281]],[[108.84212,-7.64199],[108.84256,-7.64199],[108.84257,-7.64199],[108.84302,-7.64199],[108.84302,-7.64155],[108.84257,-7.64155],[108.84257,-7.64154],[108.84212,-7.64154],[108.84212,-7.64199]],[[108.84484,-7.63975],[108.84439,-7.63975],[108.84439,-7.64019],[108.84439,-7.6402],[108.84484,-7.6402],[108.84484,-7.63975]],[[108.84256,-7.64281],[108.84257,-7.64281],[108.84283,-7.64281],[108.84283,-7.64263],[108.84301,-7.64263],[108.84301,-7.64245],[108.84301,-7.64227],[108.84284,-7.64227],[108.84284,-7.64209],[108.84266,-7.64209],[108.84257,-7.64209],[108.84256,-7.64209],[108.8423,-7.64209],[108.8423,-7.64244],[108.84248,-7.64244],[108.84256,-7.64244],[108.84257,-7.64244],[108.84265,-7.64244],[108.84265,-7.64245],[108.84257,-7.64245],[108.84256,-7.64245],[108.8423,-7.64245],[108.8423,-7.6428],[108.84247,-7.6428],[108.84247,-7.64281],[108.84256,-7.64281]]],[[[108.84192,-7.64289],[108.84193,-7.64289],[108.84193,-7.64299],[108.84192,-7.64299],[108.84192,-7.64289]]],[[[108.8412,-7.64244],[108.84166,-7.64244],[108.84166,-7.64262],[108.84157,-7.64262],[108.8412,-7.64262],[108.8412,-7.64244]]],[[[108.84049,-7.64081],[108.84067,-7.64081],[108.84067,-7.64063],[108.84077,-7.64063],[108.84077,-7.64108],[108.84031,-7.64108],[108.84031,-7.64099],[108.84049,-7.64099],[108.84049,-7.64081]]],[[[108.84031,-7.64062],[108.84031,-7.64063],[108.83995,-7.64063],[108.83995,-7.64099],[108.83994,-7.64099],[108.83985,-7.64099],[108.83985,-7.64063],[108.83985,-7.64062],[108.84031,-7.64062]]],[[[108.84711,-7.63976],[108.84666,-7.63976],[108.84666,-7.63931],[108.84666,-7.6393],[108.84666,-7.63885],[108.84711,-7.63885],[108.84711,-7.6384],[108.84756,-7.6384],[108.84756,-7.63795],[108.84801,-7.63795],[108.84802,-7.63795],[108.84816,-7.63795],[108.84817,-7.63795],[108.84847,-7.63795],[108.84847,-7.63796],[108.84892,-7.63796],[108.84893,-7.63796],[108.84938,-7.63796],[108.84938,-7.63841],[108.84938,-7.63852],[108.84938,-7.63863],[108.84938,-7.63887],[108.84892,-7.63887],[108.84892,-7.63841],[108.84847,-7.63841],[108.84802,-7.63841],[108.84802,-7.63886],[108.84757,-7.63886],[108.84756,-7.63886],[108.84712,-7.63886],[108.84712,-7.6393],[108.84712,-7.63931],[108.84712,-7.63976],[108.84711,-7.63976]]],[[[108.84395,-7.63748],[108.84395,-7.63793],[108.84395,-7.63794],[108.84349,-7.63794],[108.84349,-7.63793],[108.84349,-7.63748],[108.84395,-7.63748]]],[[[108.84711,-7.63705],[108.84757,-7.63705],[108.84757,-7.6375],[108.84711,-7.6375],[108.84711,-7.63705]]],[[[108.84806,-7.63073],[108.84806,-7.63118],[108.8476,-7.63118],[108.8476,-7.63073],[108.8476,-7.63072],[108.84806,-7.63072],[108.84806,-7.63073]]],[[[108.84126,-7.63024],[108.84126,-7.62979],[108.84172,-7.62979],[108.84172,-7.63024],[108.84127,-7.63024],[108.84127,-7.63069],[108.84081,-7.63069],[108.84036,-7.63069],[108.84035,-7.63069],[108.84035,-7.63024],[108.84036,-7.63024],[108.84081,-7.63024],[108.84126,-7.63024]]],[[[108.84218,-7.62934],[108.84218,-7.62979],[108.84172,-7.62979],[108.84172,-7.62934],[108.84218,-7.62934]]],[[[108.84219,-7.62753],[108.84219,-7.62798],[108.84219,-7.62799],[108.84264,-7.62799],[108.84264,-7.62844],[108.84219,-7.62844],[108.84218,-7.62844],[108.84173,-7.62844],[108.84173,-7.62799],[108.84173,-7.62798],[108.84173,-7.62753],[108.84219,-7.62753]]],[[[108.84536,-7.62755],[108.84536,-7.628],[108.8449,-7.628],[108.8449,-7.62755],[108.84536,-7.62755]]],[[[108.84083,-7.62753],[108.84083,-7.62798],[108.84037,-7.62798],[108.84037,-7.62753],[108.84083,-7.62753]]],[[[108.84718,-7.6262],[108.84718,-7.62666],[108.84672,-7.62666],[108.84672,-7.6262],[108.84718,-7.6262]]],[[[108.84537,-7.62349],[108.84537,-7.62348],[108.84538,-7.62348],[108.84583,-7.62348],[108.84583,-7.62349],[108.84583,-7.62394],[108.84538,-7.62394],[108.84537,-7.62394],[108.84537,-7.62349]]],[[[108.84495,-7.61941],[108.84495,-7.61987],[108.84449,-7.61987],[108.84449,-7.61941],[108.84495,-7.61941]]],[[[108.84721,-7.61898],[108.84676,-7.61898],[108.84676,-7.61943],[108.8463,-7.61943],[108.8463,-7.61897],[108.84676,-7.61897],[108.84676,-7.61852],[108.84676,-7.61807],[108.84721,-7.61807],[108.84767,-7.61807],[108.84767,-7.61853],[108.84811,-7.61853],[108.84811,-7.61808],[108.84857,-7.61808],[108.84857,-7.61763],[108.84903,-7.61763],[108.84903,-7.61808],[108.84903,-7.61853],[108.84947,-7.61853],[108.84948,-7.61853],[108.84948,-7.61808],[108.84994,-7.61808],[108.84994,-7.61854],[108.85038,-7.61854],[108.85038,-7.61809],[108.85039,-7.61809],[108.85039,-7.61768],[108.85039,-7.61764],[108.85039,-7.61758],[108.85039,-7.61719],[108.85039,-7.61718],[108.85039,-7.61673],[108.85084,-7.61673],[108.85085,-7.61673],[108.8513,-7.61673],[108.8513,-7.61674],[108.8513,-7.61719],[108.85085,-7.61719],[108.85085,-7.61764],[108.85085,-7.61777],[108.85085,-7.61787],[108.85085,-7.61809],[108.85121,-7.61809],[108.8513,-7.61809],[108.8513,-7.61815],[108.8513,-7.61854],[108.85129,-7.61854],[108.85129,-7.61899],[108.85129,-7.619],[108.85174,-7.619],[108.85219,-7.619],[108.85219,-7.61855],[108.85265,-7.61855],[108.85273,-7.61855],[108.85298,-7.61855],[108.8531,-7.61855],[108.8531,-7.6181],[108.8531,-7.61765],[108.85356,-7.61765],[108.85356,-7.61782],[108.85345,-7.6181],[108.85327,-7.61856],[108.85327,-7.61856],[108.85322,-7.61868],[108.85324,-7.61871],[108.8533,-7.61855],[108.8533,-7.61855],[108.85349,-7.6181],[108.85356,-7.61794],[108.85356,-7.61809],[108.85356,-7.6181],[108.85401,-7.6181],[108.85401,-7.61856],[108.854,-7.61856],[108.854,-7.61901],[108.85445,-7.61901],[108.8549,-7.61901],[108.85491,-7.61901],[108.85536,-7.61901],[108.85536,-7.61947],[108.8558,-7.61947],[108.85581,-7.61947],[108.85581,-7.61902],[108.85581,-7.61857],[108.85627,-7.61857],[108.85627,-7.61812],[108.85672,-7.61812],[108.85673,-7.61812],[108.85717,-7.61812],[108.85718,-7.61812],[108.85763,-7.61812],[108.85763,-7.61768],[108.85763,-7.61767],[108.85763,-7.61722],[108.85763,-7.61677],[108.85764,-7.61677],[108.85808,-7.61677],[108.85809,-7.61677],[108.85854,-7.61677],[108.85899,-7.61677],[108.85899,-7.61633],[108.85899,-7.61632],[108.85854,-7.61632],[108.85854,-7.61587],[108.85899,-7.61587],[108.859,-7.61587],[108.859,-7.61542],[108.85855,-7.61542],[108.85855,-7.61497],[108.859,-7.61497],[108.85901,-7.61497],[108.85945,-7.61497],[108.85946,-7.61497],[108.85946,-7.61452],[108.85991,-7.61452],[108.85992,-7.61452],[108.86036,-7.61452],[108.86037,-7.61452],[108.86037,-7.61407],[108.86082,-7.61407],[108.86083,-7.61407],[108.86127,-7.61407],[108.86128,-7.61407],[108.86128,-7.61408],[108.86172,-7.61408],[108.86172,-7.61363],[108.86172,-7.61318],[108.86172,-7.61317],[108.86173,-7.61317],[108.86218,-7.61317],[108.86218,-7.61318],[108.86263,-7.61318],[108.86263,-7.61273],[108.86263,-7.61228],[108.86263,-7.61227],[108.86309,-7.61227],[108.86309,-7.61183],[108.86309,-7.61137],[108.86355,-7.61137],[108.86355,-7.61093],[108.86355,-7.61092],[108.86401,-7.61092],[108.86401,-7.61048],[108.86401,-7.61047],[108.86446,-7.61047],[108.86446,-7.61003],[108.86401,-7.61003],[108.86401,-7.61002],[108.86356,-7.61002],[108.86311,-7.61002],[108.86311,-7.60957],[108.86356,-7.60957],[108.86401,-7.60957],[108.86446,-7.60957],[108.86446,-7.60912],[108.86492,-7.60912],[108.86492,-7.60957],[108.86492,-7.60958],[108.86492,-7.61003],[108.86491,-7.61003],[108.86491,-7.61048],[108.86446,-7.61048],[108.86446,-7.61093],[108.86491,-7.61093],[108.86491,-7.61138],[108.86491,-7.61183],[108.86491,-7.61184],[108.86446,-7.61184],[108.86446,-7.61228],[108.86446,-7.61274],[108.8649,-7.61274],[108.8649,-7.61229],[108.86536,-7.61229],[108.86536,-7.61184],[108.86536,-7.61139],[108.86536,-7.61138],[108.86581,-7.61138],[108.86581,-7.61094],[108.86581,-7.61048],[108.86627,-7.61048],[108.86627,-7.61094],[108.86627,-7.61139],[108.86627,-7.61184],[108.86672,-7.61184],[108.86672,-7.61185],[108.86672,-7.61203],[108.86653,-7.61203],[108.86653,-7.61221],[108.86635,-7.61221],[108.86635,-7.61229],[108.86635,-7.6123],[108.86635,-7.61256],[108.86653,-7.61256],[108.86653,-7.61257],[108.86671,-7.61257],[108.86672,-7.61257],[108.86708,-7.61257],[108.86708,-7.61239],[108.86717,-7.61239],[108.86717,-7.61275],[108.86762,-7.61275],[108.86762,-7.6132],[108.86762,-7.61365],[108.86762,-7.61366],[108.86761,-7.61366],[108.86716,-7.61366],[108.86716,-7.61365],[108.86716,-7.6132],[108.86716,-7.61275],[108.86672,-7.61275],[108.86672,-7.6132],[108.86671,-7.6132],[108.86627,-7.6132],[108.86626,-7.6132],[108.86626,-7.61365],[108.86626,-7.6141],[108.86671,-7.6141],[108.86671,-7.61455],[108.86626,-7.61455],[108.86625,-7.61455],[108.8658,-7.61455],[108.8658,-7.6141],[108.86535,-7.6141],[108.86535,-7.61455],[108.8649,-7.61455],[108.86489,-7.61455],[108.86444,-7.61455],[108.86444,-7.61499],[108.86444,-7.615],[108.86398,-7.615],[108.86398,-7.61544],[108.86398,-7.61545],[108.86398,-7.61589],[108.86398,-7.6159],[108.86443,-7.6159],[108.86443,-7.61635],[108.86443,-7.6168],[108.86443,-7.61725],[108.86398,-7.61725],[108.86397,-7.61725],[108.86352,-7.61725],[108.86352,-7.6168],[108.86308,-7.6168],[108.86307,-7.6168],[108.86262,-7.6168],[108.86262,-7.61679],[108.86216,-7.61679],[108.86216,-7.61634],[108.86172,-7.61634],[108.86171,-7.61634],[108.86127,-7.61634],[108.86126,-7.61634],[108.86126,-7.61679],[108.86081,-7.61679],[108.86081,-7.61723],[108.86081,-7.61724],[108.86081,-7.61769],[108.8608,-7.61769],[108.8608,-7.61814],[108.8608,-7.61859],[108.86035,-7.61859],[108.86034,-7.61859],[108.85989,-7.61859],[108.85989,-7.61904],[108.85944,-7.61904],[108.85944,-7.61949],[108.85989,-7.61949],[108.86034,-7.61949],[108.86034,-7.61994],[108.86034,-7.61995],[108.85989,-7.61995],[108.85989,-7.61994],[108.85944,-7.61994],[108.85944,-7.62039],[108.85989,-7.62039],[108.85989,-7.62085],[108.85943,-7.62085],[108.85943,-7.62084],[108.85897,-7.62084],[108.85897,-7.62039],[108.85853,-7.62039],[108.85853,-7.62084],[108.85852,-7.62084],[108.85852,-7.62129],[108.85852,-7.62174],[108.85852,-7.62219],[108.85897,-7.62219],[108.85897,-7.6222],[108.85897,-7.62265],[108.85852,-7.62265],[108.85851,-7.62265],[108.85851,-7.6231],[108.85806,-7.6231],[108.85805,-7.6231],[108.85805,-7.62264],[108.85806,-7.62264],[108.85815,-7.62264],[108.85815,-7.62246],[108.85833,-7.62246],[108.85833,-7.6222],[108.85833,-7.62219],[108.85833,-7.6221],[108.85815,-7.6221],[108.85806,-7.6221],[108.85798,-7.6221],[108.85798,-7.62174],[108.85793,-7.62174],[108.85779,-7.62174],[108.85779,-7.62156],[108.85761,-7.62156],[108.85743,-7.62156],[108.85743,-7.62174],[108.85743,-7.6221],[108.8576,-7.6221],[108.85761,-7.6221],[108.85761,-7.62219],[108.85761,-7.62228],[108.85761,-7.62264],[108.85761,-7.62309],[108.85761,-7.62354],[108.85761,-7.62355],[108.85805,-7.62355],[108.85806,-7.62355],[108.85806,-7.624],[108.85805,-7.624],[108.85761,-7.624],[108.8576,-7.624],[108.85716,-7.624],[108.85715,-7.624],[108.8567,-7.624],[108.8567,-7.62444],[108.85715,-7.62444],[108.85715,-7.62445],[108.85715,-7.6249],[108.8567,-7.6249],[108.85669,-7.6249],[108.85624,-7.6249],[108.85624,-7.62445],[108.85624,-7.62444],[108.85579,-7.62444],[108.85533,-7.62444],[108.85533,-7.62418],[108.85539,-7.62399],[108.85579,-7.62399],[108.85624,-7.62399],[108.85625,-7.62399],[108.8567,-7.62399],[108.8567,-7.62354],[108.85625,-7.62354],[108.85624,-7.62354],[108.85579,-7.62354],[108.85579,-7.62309],[108.85579,-7.62308],[108.8558,-7.62308],[108.8558,-7.62263],[108.85625,-7.62263],[108.85625,-7.62219],[108.85625,-7.62218],[108.85581,-7.62218],[108.8558,-7.62218],[108.85535,-7.62218],[108.85535,-7.62173],[108.8549,-7.62173],[108.8549,-7.62127],[108.85445,-7.62127],[108.85445,-7.62082],[108.854,-7.62082],[108.854,-7.62127],[108.85354,-7.62127],[108.85354,-7.62082],[108.85309,-7.62082],[108.85309,-7.62126],[108.85309,-7.62172],[108.85354,-7.62172],[108.85354,-7.62217],[108.85342,-7.62217],[108.85317,-7.6221],[108.85316,-7.6221],[108.85316,-7.62209],[108.85308,-7.62204],[108.85308,-7.62172],[108.85281,-7.62172],[108.85263,-7.62172],[108.85263,-7.62171],[108.85218,-7.62171],[108.85218,-7.62126],[108.85263,-7.62126],[108.85263,-7.62081],[108.85298,-7.62081],[108.85309,-7.62081],[108.85309,-7.62036],[108.85309,-7.62025],[108.85309,-7.61991],[108.85309,-7.61946],[108.85265,-7.61946],[108.85264,-7.61946],[108.85219,-7.61946],[108.85219,-7.61945],[108.85174,-7.61945],[108.85129,-7.61945],[108.85128,-7.61945],[108.85084,-7.61945],[108.85083,-7.61945],[108.85083,-7.6199],[108.85037,-7.6199],[108.85037,-7.61944],[108.84993,-7.61944],[108.84992,-7.61944],[108.84947,-7.61944],[108.84947,-7.61899],[108.84903,-7.61899],[108.84902,-7.61899],[108.84902,-7.61944],[108.84857,-7.61944],[108.84856,-7.61944],[108.84811,-7.61944],[108.84811,-7.61943],[108.84811,-7.61898],[108.84766,-7.61898],[108.84766,-7.61853],[108.84721,-7.61853],[108.84721,-7.61898]],[[108.85355,-7.6181],[108.85355,-7.61812],[108.85356,-7.6181],[108.85355,-7.6181]],[[108.85355,-7.61901],[108.85355,-7.61946],[108.854,-7.61946],[108.854,-7.61901],[108.85355,-7.61901]],[[108.85627,-7.61902],[108.85671,-7.61902],[108.85672,-7.61902],[108.85672,-7.61857],[108.85627,-7.61857],[108.85627,-7.61902]],[[108.85535,-7.62127],[108.85535,-7.62083],[108.85535,-7.62082],[108.8549,-7.62082],[108.8549,-7.62127],[108.85535,-7.62127]],[[108.85945,-7.61677],[108.85945,-7.61678],[108.85989,-7.61678],[108.8599,-7.61678],[108.86035,-7.61678],[108.86035,-7.61633],[108.85991,-7.61633],[108.8599,-7.61633],[108.85945,-7.61633],[108.85945,-7.61677]],[[108.85716,-7.62128],[108.85716,-7.62084],[108.85716,-7.62083],[108.85671,-7.62083],[108.85671,-7.62128],[108.85715,-7.62128],[108.85716,-7.62128]],[[108.85445,-7.61992],[108.85445,-7.62036],[108.85445,-7.62037],[108.8549,-7.62037],[108.8549,-7.61992],[108.85445,-7.61992]],[[108.85581,-7.62064],[108.85617,-7.62064],[108.85617,-7.62046],[108.85625,-7.62046],[108.85626,-7.62046],[108.85635,-7.62046],[108.85635,-7.62038],[108.85635,-7.61993],[108.85626,-7.61993],[108.85599,-7.61993],[108.85599,-7.62011],[108.85598,-7.62011],[108.85581,-7.62011],[108.8558,-7.62011],[108.85562,-7.62011],[108.85562,-7.62037],[108.85562,-7.62046],[108.8558,-7.62046],[108.85581,-7.62046],[108.85581,-7.62064]],[[108.854,-7.62037],[108.85355,-7.62037],[108.85355,-7.62081],[108.854,-7.62081],[108.854,-7.62037]],[[108.85854,-7.61813],[108.85854,-7.61858],[108.85899,-7.61858],[108.85899,-7.61813],[108.85899,-7.61768],[108.85854,-7.61768],[108.85854,-7.61813]],[[108.85853,-7.61948],[108.85853,-7.61903],[108.85809,-7.61903],[108.85808,-7.61903],[108.85808,-7.61948],[108.85853,-7.61948]],[[108.86489,-7.61364],[108.86445,-7.61364],[108.86445,-7.61409],[108.86489,-7.61409],[108.86489,-7.61364]],[[108.86397,-7.61617],[108.8638,-7.61617],[108.86353,-7.61617],[108.86352,-7.61617],[108.86344,-7.61617],[108.86344,-7.61634],[108.86344,-7.61635],[108.86344,-7.61652],[108.86352,-7.61652],[108.86353,-7.61652],[108.86361,-7.61653],[108.86361,-7.6168],[108.86361,-7.61689],[108.86379,-7.61689],[108.8638,-7.61689],[108.86397,-7.61689],[108.86398,-7.61689],[108.86416,-7.61689],[108.86416,-7.6168],[108.86416,-7.61635],[108.86398,-7.61635],[108.86398,-7.61617],[108.86397,-7.61617]],[[108.86262,-7.61408],[108.86263,-7.61408],[108.86308,-7.61408],[108.86308,-7.61364],[108.86308,-7.61363],[108.86264,-7.61363],[108.86263,-7.61363],[108.86218,-7.61363],[108.86218,-7.61408],[108.86218,-7.61453],[108.86262,-7.61453],[108.86262,-7.61408]],[[108.86128,-7.61498],[108.86172,-7.61498],[108.86173,-7.61498],[108.86173,-7.61543],[108.86217,-7.61543],[108.86217,-7.61499],[108.86217,-7.61498],[108.86217,-7.61453],[108.86173,-7.61453],[108.86172,-7.61453],[108.86128,-7.61453],[108.86128,-7.61498]],[[108.86036,-7.61633],[108.8608,-7.61633],[108.86081,-7.61633],[108.86081,-7.61588],[108.86126,-7.61588],[108.86126,-7.61543],[108.86127,-7.61543],[108.86127,-7.61498],[108.86082,-7.61498],[108.86082,-7.61543],[108.86037,-7.61543],[108.86036,-7.61543],[108.86036,-7.61588],[108.86036,-7.61633]],[[108.86307,-7.61589],[108.86307,-7.61544],[108.86263,-7.61544],[108.86263,-7.61589],[108.86307,-7.61589]],[[108.864,-7.61183],[108.864,-7.61138],[108.86355,-7.61138],[108.86355,-7.61183],[108.864,-7.61183]]],[[[108.84404,-7.61896],[108.84404,-7.61941],[108.84358,-7.61941],[108.84358,-7.61896],[108.84404,-7.61896]]],[[[108.84541,-7.61577],[108.84541,-7.61535],[108.84496,-7.61535],[108.84496,-7.6149],[108.84496,-7.61445],[108.84542,-7.61445],[108.84542,-7.6149],[108.84542,-7.61535],[108.84586,-7.61535],[108.84587,-7.61535],[108.84632,-7.61535],[108.84632,-7.61536],[108.84678,-7.61536],[108.84678,-7.61581],[108.84632,-7.61581],[108.84587,-7.61581],[108.84587,-7.61594],[108.84587,-7.61603],[108.84587,-7.61626],[108.84541,-7.61626],[108.84541,-7.61587],[108.84541,-7.61581],[108.84541,-7.6158],[108.84541,-7.61577]]],[[[108.85291,-7.6556],[108.85291,-7.65605],[108.85246,-7.65605],[108.85245,-7.65605],[108.85245,-7.6556],[108.85246,-7.6556],[108.85291,-7.6556]]],[[[108.85252,-7.64295],[108.85252,-7.6434],[108.85207,-7.6434],[108.85207,-7.64295],[108.85207,-7.64294],[108.85252,-7.64294],[108.85252,-7.64295]]],[[[108.84799,-7.64247],[108.84845,-7.64247],[108.84845,-7.64293],[108.84799,-7.64293],[108.84799,-7.64247]]],[[[108.85203,-7.64068],[108.85208,-7.64068],[108.85208,-7.64059],[108.85208,-7.64024],[108.85208,-7.64023],[108.85254,-7.64023],[108.85254,-7.64024],[108.85299,-7.64024],[108.85345,-7.64024],[108.85345,-7.64069],[108.85344,-7.64069],[108.85344,-7.64114],[108.85344,-7.64115],[108.85344,-7.64159],[108.85344,-7.6416],[108.85389,-7.6416],[108.85389,-7.64115],[108.85435,-7.64115],[108.85435,-7.6416],[108.8548,-7.6416],[108.8548,-7.64205],[108.85525,-7.64205],[108.85525,-7.64206],[108.8557,-7.64206],[108.85615,-7.64206],[108.85616,-7.64206],[108.8566,-7.64206],[108.8566,-7.64161],[108.85661,-7.64161],[108.85706,-7.64161],[108.85706,-7.64206],[108.85706,-7.64207],[108.85751,-7.64207],[108.85796,-7.64207],[108.85796,-7.64252],[108.85841,-7.64252],[108.85887,-7.64252],[108.85887,-7.64253],[108.85932,-7.64253],[108.85932,-7.6429],[108.85932,-7.64298],[108.85937,-7.64298],[108.85976,-7.64298],[108.85977,-7.64298],[108.86022,-7.64298],[108.86022,-7.64343],[108.86022,-7.64344],[108.86067,-7.64344],[108.86113,-7.64344],[108.86113,-7.64389],[108.86158,-7.64389],[108.86158,-7.6439],[108.86203,-7.6439],[108.86203,-7.64435],[108.86248,-7.64435],[108.86248,-7.6448],[108.86293,-7.6448],[108.86293,-7.64481],[108.86338,-7.64481],[108.86338,-7.64436],[108.86339,-7.64436],[108.86339,-7.64391],[108.86339,-7.6439],[108.86339,-7.64345],[108.86385,-7.64345],[108.86385,-7.64346],[108.8643,-7.64346],[108.8643,-7.64391],[108.8643,-7.64436],[108.86385,-7.64436],[108.86384,-7.64436],[108.86384,-7.64481],[108.86429,-7.64481],[108.86429,-7.64526],[108.86429,-7.64527],[108.86429,-7.64571],[108.86429,-7.64572],[108.86473,-7.64572],[108.86474,-7.64572],[108.86519,-7.64572],[108.86519,-7.64527],[108.86474,-7.64527],[108.86474,-7.64482],[108.86474,-7.64481],[108.8652,-7.64481],[108.8652,-7.64482],[108.86565,-7.64482],[108.86565,-7.64527],[108.86565,-7.64572],[108.8661,-7.64572],[108.8661,-7.64573],[108.86655,-7.64573],[108.86656,-7.64573],[108.86656,-7.64618],[108.867,-7.64618],[108.86701,-7.64618],[108.86745,-7.64618],[108.86745,-7.64573],[108.8679,-7.64573],[108.86791,-7.64573],[108.86836,-7.64573],[108.86836,-7.64574],[108.86881,-7.64574],[108.86926,-7.64574],[108.86927,-7.64574],[108.86972,-7.64574],[108.86972,-7.64619],[108.86972,-7.6462],[108.86926,-7.6462],[108.86926,-7.64619],[108.86881,-7.64619],[108.86836,-7.64619],[108.86836,-7.64664],[108.86791,-7.64664],[108.86791,-7.64709],[108.86791,-7.64754],[108.8679,-7.64754],[108.86745,-7.64754],[108.867,-7.64754],[108.86699,-7.64754],[108.86655,-7.64754],[108.86654,-7.64754],[108.86609,-7.64754],[108.86609,-7.64753],[108.86609,-7.64708],[108.86609,-7.64663],[108.86565,-7.64663],[108.86564,-7.64663],[108.86564,-7.64708],[108.86564,-7.64753],[108.86519,-7.64753],[108.86518,-7.64753],[108.86518,-7.64798],[108.86518,-7.64843],[108.86562,-7.64843],[108.86563,-7.64843],[108.86599,-7.64843],[108.86599,-7.64853],[108.86563,-7.64853],[108.86563,-7.64888],[108.86563,-7.64889],[108.86562,-7.64889],[108.86545,-7.64889],[108.86526,-7.64889],[108.86517,-7.64889],[108.86509,-7.64889],[108.86509,-7.64888],[108.86509,-7.64843],[108.86509,-7.64834],[108.86473,-7.64834],[108.86473,-7.64843],[108.86473,-7.6487],[108.86472,-7.6487],[108.86454,-7.6487],[108.86454,-7.64888],[108.86427,-7.64888],[108.86427,-7.64933],[108.86454,-7.64933],[108.86454,-7.64942],[108.86472,-7.64942],[108.86472,-7.64978],[108.86472,-7.64979],[108.86427,-7.64979],[108.86426,-7.64979],[108.86426,-7.64978],[108.86382,-7.64978],[108.86381,-7.64978],[108.86337,-7.64978],[108.86336,-7.64978],[108.86291,-7.64978],[108.86291,-7.65023],[108.86246,-7.65023],[108.86245,-7.65023],[108.862,-7.65023],[108.862,-7.64977],[108.86155,-7.64977],[108.8611,-7.64977],[108.8611,-7.65022],[108.86109,-7.65022],[108.86109,-7.65067],[108.86109,-7.65112],[108.86064,-7.65112],[108.86063,-7.65112],[108.86025,-7.65112],[108.86042,-7.65067],[108.86058,-7.65021],[108.86064,-7.65021],[108.86064,-7.65006],[108.86075,-7.64976],[108.86075,-7.64976],[108.86084,-7.64952],[108.86069,-7.64976],[108.86069,-7.64976],[108.86064,-7.64984],[108.86064,-7.64977],[108.86064,-7.64976],[108.86064,-7.64932],[108.86064,-7.64931],[108.86019,-7.64931],[108.86019,-7.64886],[108.86064,-7.64886],[108.86065,-7.64886],[108.8611,-7.64886],[108.86155,-7.64886],[108.86155,-7.64868],[108.86164,-7.64868],[108.86164,-7.64887],[108.86164,-7.64889],[108.86164,-7.64898],[108.86164,-7.64932],[108.86164,-7.64941],[108.862,-7.64941],[108.86201,-7.64941],[108.86218,-7.64941],[108.86219,-7.64941],[108.86245,-7.64941],[108.86246,-7.64941],[108.86255,-7.64941],[108.86255,-7.64932],[108.86255,-7.64923],[108.86273,-7.64923],[108.86291,-7.64923],[108.86292,-7.64923],[108.86309,-7.64923],[108.86309,-7.64905],[108.86327,-7.64905],[108.86327,-7.64888],[108.86327,-7.64887],[108.86327,-7.64869],[108.86292,-7.64869],[108.86291,-7.64869],[108.86291,-7.64842],[108.86291,-7.64815],[108.86264,-7.64815],[108.86255,-7.64815],[108.86255,-7.64797],[108.86247,-7.64797],[108.86246,-7.64797],[108.86237,-7.64797],[108.86232,-7.64797],[108.86219,-7.64797],[108.86219,-7.64796],[108.86219,-7.64779],[108.86202,-7.64779],[108.86201,-7.64779],[108.86183,-7.64779],[108.86183,-7.64796],[108.86183,-7.64832],[108.86201,-7.64832],[108.86219,-7.64833],[108.86201,-7.64833],[108.862,-7.64833],[108.86183,-7.64833],[108.86155,-7.64833],[108.86155,-7.64796],[108.86156,-7.64796],[108.86156,-7.64751],[108.86201,-7.64751],[108.86201,-7.64706],[108.86246,-7.64706],[108.86247,-7.64706],[108.86291,-7.64706],[108.86292,-7.64706],[108.86292,-7.64707],[108.86292,-7.64724],[108.8631,-7.64725],[108.8631,-7.64752],[108.8631,-7.64779],[108.86336,-7.64779],[108.86337,-7.64779],[108.86346,-7.64779],[108.86346,-7.64752],[108.86346,-7.64707],[108.86346,-7.64671],[108.86337,-7.64671],[108.86337,-7.6467],[108.86364,-7.6467],[108.86364,-7.64662],[108.86364,-7.64617],[108.86364,-7.64616],[108.86364,-7.64599],[108.86347,-7.64599],[108.86347,-7.64598],[108.86347,-7.6458],[108.86338,-7.6458],[108.86337,-7.6458],[108.86329,-7.6458],[108.86293,-7.6458],[108.86293,-7.64616],[108.86293,-7.64652],[108.8631,-7.64652],[108.8631,-7.64662],[108.86292,-7.64662],[108.86292,-7.64616],[108.86292,-7.64571],[108.86248,-7.64571],[108.86247,-7.64571],[108.86202,-7.64571],[108.86202,-7.64526],[108.86202,-7.64525],[108.86202,-7.6448],[108.86157,-7.6448],[108.86112,-7.6448],[108.86112,-7.64525],[108.86067,-7.64525],[108.86066,-7.64525],[108.86021,-7.64525],[108.86021,-7.64479],[108.86066,-7.64479],[108.86067,-7.64479],[108.86111,-7.64479],[108.86111,-7.64435],[108.86081,-7.64435],[108.86079,-7.64435],[108.86066,-7.64435],[108.86066,-7.64418],[108.86066,-7.64407],[108.86066,-7.64389],[108.86037,-7.64389],[108.86022,-7.64389],[108.86021,-7.64389],[108.86019,-7.64389],[108.85976,-7.64389],[108.85976,-7.64363],[108.85976,-7.64352],[108.85976,-7.64344],[108.85962,-7.64344],[108.85945,-7.64344],[108.85931,-7.64344],[108.85931,-7.64343],[108.85886,-7.64343],[108.85841,-7.64343],[108.85796,-7.64343],[108.85796,-7.64388],[108.85751,-7.64388],[108.8575,-7.64388],[108.85705,-7.64388],[108.85705,-7.64387],[108.8566,-7.64387],[108.8566,-7.64342],[108.85615,-7.64342],[108.85615,-7.64387],[108.85569,-7.64387],[108.85569,-7.64342],[108.85569,-7.64341],[108.85569,-7.64297],[108.85569,-7.64296],[108.85525,-7.64296],[108.85525,-7.64341],[108.85479,-7.64341],[108.85433,-7.64341],[108.85433,-7.64296],[108.85388,-7.64296],[108.85388,-7.6425],[108.85343,-7.6425],[108.85343,-7.64205],[108.85299,-7.64205],[108.85298,-7.64205],[108.85253,-7.64205],[108.85253,-7.64159],[108.85208,-7.64159],[108.85208,-7.64114],[108.85183,-7.64114],[108.85171,-7.64114],[108.85162,-7.64114],[108.85162,-7.64068],[108.85203,-7.64068]],[[108.85214,-7.64073],[108.85221,-7.64069],[108.8522,-7.64069],[108.85227,-7.64064],[108.85225,-7.64061],[108.85216,-7.64069],[108.85214,-7.64071],[108.85213,-7.64071],[108.85213,-7.64072],[108.85213,-7.64072],[108.85213,-7.64072],[108.85211,-7.64074],[108.85214,-7.64073]],[[108.85298,-7.64115],[108.85298,-7.64114],[108.85254,-7.64114],[108.85254,-7.64159],[108.85298,-7.64159],[108.85298,-7.64115]],[[108.85389,-7.6425],[108.85433,-7.6425],[108.85434,-7.6425],[108.85434,-7.64206],[108.85434,-7.64205],[108.85389,-7.64205],[108.85389,-7.6425]],[[108.85751,-7.64342],[108.85796,-7.64342],[108.85796,-7.64298],[108.85751,-7.64298],[108.85751,-7.64342]],[[108.85919,-7.64305],[108.85915,-7.64306],[108.85912,-7.64309],[108.85917,-7.64315],[108.85919,-7.64305]],[[108.86129,-7.64894],[108.86139,-7.64891],[108.86139,-7.64889],[108.86129,-7.64894]],[[108.86472,-7.64843],[108.86472,-7.64798],[108.86428,-7.64798],[108.86427,-7.64798],[108.86427,-7.64843],[108.86472,-7.64843]],[[108.86381,-7.64797],[108.86337,-7.64797],[108.86337,-7.64842],[108.86337,-7.64887],[108.86382,-7.64887],[108.86382,-7.64888],[108.86426,-7.64888],[108.86426,-7.64843],[108.86382,-7.64843],[108.86381,-7.64843],[108.86381,-7.64797]],[[108.86492,-7.64617],[108.86492,-7.64581],[108.86474,-7.64581],[108.86473,-7.64581],[108.86456,-7.64581],[108.86456,-7.64599],[108.86437,-7.64599],[108.86437,-7.64617],[108.86437,-7.64662],[108.86437,-7.64671],[108.86473,-7.64671],[108.86474,-7.64671],[108.86474,-7.64663],[108.86474,-7.64662],[108.86474,-7.64653],[108.86492,-7.64653],[108.86492,-7.64617]]],[[[108.85118,-7.63887],[108.85119,-7.63887],[108.85164,-7.63887],[108.85164,-7.63888],[108.85209,-7.63888],[108.85209,-7.63843],[108.85164,-7.63843],[108.85164,-7.63797],[108.8512,-7.63797],[108.85119,-7.63797],[108.85074,-7.63797],[108.85074,-7.63752],[108.85074,-7.63707],[108.85074,-7.63706],[108.8512,-7.63706],[108.8512,-7.63662],[108.85165,-7.63662],[108.85165,-7.63707],[108.85165,-7.63752],[108.85165,-7.63797],[108.8521,-7.63797],[108.8521,-7.63798],[108.85255,-7.63798],[108.85256,-7.63798],[108.85256,-7.63843],[108.853,-7.63843],[108.85301,-7.63843],[108.85301,-7.63888],[108.853,-7.63888],[108.85255,-7.63888],[108.85255,-7.63933],[108.8521,-7.63933],[108.85209,-7.63933],[108.85209,-7.63978],[108.85164,-7.63978],[108.85164,-7.64023],[108.85161,-7.64023],[108.85145,-7.64023],[108.85118,-7.64023],[108.85118,-7.64002],[108.85118,-7.6399],[108.85118,-7.63978],[108.85163,-7.63978],[108.85163,-7.63933],[108.85119,-7.63933],[108.85118,-7.63933],[108.85073,-7.63933],[108.85073,-7.63932],[108.85043,-7.63932],[108.85028,-7.63932],[108.85028,-7.63921],[108.85028,-7.63887],[108.85073,-7.63887],[108.85074,-7.63887],[108.85118,-7.63887]]],[[[108.85299,-7.63934],[108.85345,-7.63934],[108.85345,-7.63979],[108.85299,-7.63979],[108.85299,-7.63934]]],[[[108.85346,-7.63753],[108.85346,-7.63798],[108.853,-7.63798],[108.853,-7.63753],[108.85346,-7.63753]]],[[[108.84983,-7.63797],[108.84983,-7.63796],[108.84938,-7.63796],[108.84938,-7.63751],[108.84983,-7.63751],[108.84983,-7.63706],[108.85029,-7.63706],[108.85029,-7.63751],[108.85029,-7.63752],[108.85029,-7.63797],[108.84983,-7.63797]]],[[[108.8521,-7.63753],[108.8521,-7.63707],[108.8521,-7.63662],[108.85255,-7.63662],[108.85256,-7.63662],[108.85256,-7.63707],[108.85256,-7.63753],[108.85255,-7.63753],[108.8521,-7.63753]]],[[[108.84939,-7.63688],[108.84939,-7.63706],[108.84893,-7.63706],[108.84893,-7.63751],[108.84847,-7.63751],[108.84847,-7.63705],[108.84893,-7.63705],[108.84893,-7.63661],[108.84893,-7.6366],[108.84912,-7.6366],[108.84939,-7.63688]]],[[[108.8503,-7.63646],[108.8503,-7.63661],[108.85006,-7.63661],[108.8503,-7.63646]]],[[[108.85256,-7.63572],[108.85256,-7.63617],[108.8521,-7.63617],[108.8521,-7.63572],[108.85256,-7.63572]]],[[[108.85294,-7.63256],[108.85303,-7.63256],[108.85303,-7.63301],[108.85286,-7.63301],[108.85294,-7.63256]]],[[[108.85218,-7.62216],[108.85218,-7.62261],[108.85218,-7.62262],[108.85172,-7.62262],[108.85172,-7.62261],[108.85172,-7.62216],[108.85218,-7.62216]]],[[[108.8481,-7.62166],[108.8481,-7.62158],[108.8481,-7.62124],[108.84811,-7.62124],[108.84811,-7.62079],[108.84811,-7.62034],[108.84856,-7.62034],[108.84901,-7.62034],[108.84902,-7.62034],[108.84902,-7.62079],[108.84901,-7.62079],[108.84856,-7.62079],[108.84856,-7.62124],[108.84901,-7.62124],[108.84902,-7.62124],[108.84902,-7.6217],[108.84901,-7.6217],[108.84901,-7.62215],[108.84856,-7.62215],[108.84856,-7.6226],[108.8485,-7.6226],[108.84842,-7.6226],[108.8481,-7.6226],[108.8481,-7.62215],[108.8481,-7.62214],[108.8481,-7.62169],[108.8481,-7.62166]],[[108.84839,-7.62156],[108.84838,-7.62161],[108.84842,-7.62162],[108.8484,-7.62155],[108.84839,-7.62156]]],[[[108.85172,-7.62081],[108.85173,-7.62081],[108.85173,-7.62035],[108.85219,-7.62035],[108.85219,-7.62081],[108.85218,-7.62081],[108.85218,-7.62126],[108.85172,-7.62126],[108.85172,-7.62081]]],[[[108.85037,-7.62035],[108.85037,-7.6208],[108.84991,-7.6208],[108.84991,-7.62035],[108.84991,-7.62034],[108.85037,-7.62034],[108.85037,-7.62035]]],[[[108.85085,-7.61583],[108.85129,-7.61583],[108.8513,-7.61583],[108.8513,-7.61538],[108.8513,-7.61493],[108.85085,-7.61493],[108.85085,-7.61448],[108.85131,-7.61448],[108.85131,-7.61493],[108.85176,-7.61493],[108.85176,-7.61538],[108.85176,-7.61584],[108.85221,-7.61584],[108.85221,-7.61629],[108.85175,-7.61629],[108.8513,-7.61629],[108.85129,-7.61629],[108.85085,-7.61629],[108.85084,-7.61629],[108.85084,-7.61583],[108.85085,-7.61583]]],[[[108.8504,-7.61493],[108.85085,-7.61493],[108.85085,-7.61538],[108.8504,-7.61538],[108.85039,-7.61538],[108.85039,-7.61493],[108.8504,-7.61493]]],[[[108.85315,-7.60952],[108.85315,-7.60997],[108.85269,-7.60997],[108.85269,-7.60952],[108.85315,-7.60952]]],[[[108.85382,-7.65605],[108.85382,-7.65651],[108.85336,-7.65651],[108.85336,-7.65605],[108.85382,-7.65605]]],[[[108.85655,-7.65336],[108.85655,-7.65381],[108.85609,-7.65381],[108.85609,-7.65336],[108.85655,-7.65336]]],[[[108.85431,-7.64928],[108.85431,-7.64973],[108.85385,-7.64973],[108.85385,-7.64928],[108.85431,-7.64928]]],[[[108.85476,-7.64838],[108.85522,-7.64838],[108.85522,-7.64883],[108.85476,-7.64883],[108.85476,-7.64838]]],[[[108.85612,-7.64794],[108.85612,-7.64751],[108.85612,-7.64748],[108.85613,-7.64748],[108.85623,-7.64748],[108.85658,-7.64748],[108.85658,-7.64757],[108.85658,-7.64794],[108.85613,-7.64794],[108.85612,-7.64794]]],[[[108.85478,-7.64703],[108.85477,-7.64703],[108.85432,-7.64703],[108.85432,-7.64747],[108.85386,-7.64747],[108.85386,-7.64702],[108.85432,-7.64702],[108.85432,-7.64657],[108.85432,-7.64612],[108.85477,-7.64612],[108.85478,-7.64612],[108.85478,-7.64657],[108.85478,-7.64702],[108.85478,-7.64703]]],[[[108.8557,-7.64116],[108.85525,-7.64116],[108.85525,-7.6407],[108.85571,-7.6407],[108.85571,-7.64116],[108.85616,-7.64116],[108.85616,-7.64161],[108.8557,-7.64161],[108.8557,-7.64116]]],[[[108.85707,-7.64026],[108.85707,-7.64071],[108.85661,-7.64071],[108.85661,-7.64026],[108.85707,-7.64026]]],[[[108.85481,-7.6407],[108.8548,-7.6407],[108.85435,-7.6407],[108.85435,-7.64025],[108.8539,-7.64025],[108.8539,-7.63979],[108.85435,-7.63979],[108.85436,-7.63979],[108.85436,-7.64025],[108.8548,-7.64025],[108.85481,-7.64025],[108.85481,-7.6407]]],[[[108.85571,-7.6398],[108.85571,-7.64025],[108.85526,-7.64025],[108.85525,-7.64025],[108.85525,-7.6398],[108.85526,-7.6398],[108.85571,-7.6398]]],[[[108.85436,-7.63934],[108.85435,-7.63934],[108.85391,-7.63934],[108.8539,-7.63934],[108.85345,-7.63934],[108.85345,-7.63889],[108.8539,-7.63889],[108.85391,-7.63889],[108.85435,-7.63889],[108.85436,-7.63889],[108.85436,-7.63934]]],[[[108.8562,-7.63257],[108.8562,-7.63303],[108.85574,-7.63303],[108.85574,-7.63257],[108.8562,-7.63257]]],[[[108.85484,-7.63076],[108.8553,-7.63076],[108.8553,-7.63121],[108.8553,-7.63122],[108.85484,-7.63122],[108.85484,-7.63121],[108.85484,-7.63076]]],[[[108.8544,-7.63076],[108.8544,-7.63121],[108.85394,-7.63121],[108.85394,-7.63076],[108.8544,-7.63076]]],[[[108.85667,-7.62941],[108.85712,-7.62941],[108.85713,-7.62941],[108.85713,-7.62987],[108.85712,-7.62987],[108.85667,-7.62987],[108.85621,-7.62987],[108.85621,-7.62941],[108.85667,-7.62941]]],[[[108.85531,-7.62941],[108.85577,-7.62941],[108.85577,-7.62986],[108.85531,-7.62986],[108.85531,-7.62941]]],[[[108.85668,-7.62716],[108.85668,-7.62761],[108.85713,-7.62761],[108.85713,-7.62806],[108.85667,-7.62806],[108.85667,-7.62761],[108.85623,-7.62761],[108.85622,-7.62761],[108.85577,-7.62761],[108.85577,-7.6276],[108.85577,-7.62715],[108.85577,-7.6267],[108.85532,-7.6267],[108.85532,-7.62715],[108.85487,-7.62715],[108.85487,-7.6267],[108.85487,-7.62669],[108.85532,-7.62669],[108.85532,-7.62625],[108.85532,-7.62624],[108.85578,-7.62624],[108.85578,-7.62625],[108.85622,-7.62625],[108.85623,-7.62625],[108.85668,-7.62625],[108.85668,-7.6267],[108.85668,-7.62715],[108.85668,-7.62716]]],[[[108.85424,-7.62259],[108.85424,-7.62258],[108.85423,-7.62258],[108.85423,-7.62257],[108.85423,-7.62256],[108.85423,-7.62255],[108.85423,-7.62254],[108.85423,-7.62253],[108.85424,-7.62253],[108.85424,-7.62252],[108.85432,-7.62243],[108.8543,-7.62243],[108.85429,-7.62242],[108.85398,-7.62233],[108.85398,-7.62217],[108.85444,-7.62217],[108.8549,-7.62217],[108.8549,-7.62263],[108.85535,-7.62263],[108.85535,-7.62308],[108.85535,-7.62342],[108.85489,-7.62308],[108.85489,-7.62263],[108.85444,-7.62263],[108.85444,-7.62274],[108.8543,-7.62263],[108.85429,-7.62263],[108.85425,-7.62259],[108.85424,-7.62259]]],[[[108.85674,-7.61676],[108.85674,-7.61722],[108.85628,-7.61722],[108.85628,-7.61676],[108.85674,-7.61676]]],[[[108.85494,-7.61178],[108.85494,-7.61224],[108.85448,-7.61224],[108.85448,-7.61178],[108.85494,-7.61178]]],[[[108.85539,-7.61134],[108.85585,-7.61134],[108.85585,-7.61179],[108.85539,-7.61179],[108.85539,-7.61134]]],[[[108.85404,-7.61088],[108.85404,-7.61133],[108.85358,-7.61133],[108.85358,-7.61088],[108.85358,-7.61087],[108.85404,-7.61087],[108.85404,-7.61088]]],[[[108.85377,-7.61043],[108.85359,-7.61043],[108.85359,-7.60997],[108.85405,-7.60997],[108.85405,-7.61007],[108.85405,-7.61043],[108.85377,-7.61043]]],[[[108.85406,-7.60826],[108.85406,-7.60862],[108.8536,-7.60862],[108.8536,-7.60817],[108.8536,-7.60816],[108.85401,-7.60816],[108.85406,-7.60826]]],[[[108.85433,-7.6041],[108.85411,-7.6041],[108.85438,-7.60394],[108.85433,-7.6041]]],[[[108.85789,-7.65518],[108.85789,-7.65517],[108.85789,-7.65472],[108.85744,-7.65472],[108.85744,-7.65427],[108.85787,-7.65427],[108.8579,-7.65427],[108.8579,-7.65436],[108.8579,-7.65472],[108.85805,-7.65472],[108.85814,-7.65472],[108.85835,-7.65472],[108.85835,-7.65517],[108.85835,-7.65518],[108.85835,-7.65526],[108.85835,-7.6555],[108.85835,-7.65563],[108.8584,-7.65563],[108.8585,-7.65563],[108.8588,-7.65563],[108.8588,-7.65608],[108.8588,-7.6564],[108.8588,-7.65653],[108.85886,-7.65653],[108.85925,-7.65653],[108.85925,-7.65699],[108.85904,-7.65699],[108.85894,-7.65699],[108.8588,-7.65699],[108.85879,-7.65699],[108.85879,-7.65662],[108.85879,-7.65653],[108.85876,-7.65653],[108.85835,-7.65653],[108.85834,-7.65653],[108.85834,-7.65608],[108.85834,-7.65563],[108.8579,-7.65563],[108.85789,-7.65563],[108.85789,-7.65518]]],[[[108.8586,-7.6475],[108.85839,-7.6475],[108.85839,-7.64738],[108.85839,-7.64727],[108.85839,-7.64704],[108.85885,-7.64704],[108.85885,-7.6475],[108.85875,-7.6475],[108.8586,-7.6475]]],[[[108.85749,-7.64572],[108.85749,-7.64568],[108.85758,-7.64568],[108.85781,-7.64568],[108.85795,-7.64568],[108.85795,-7.64614],[108.85749,-7.64614],[108.85749,-7.64582],[108.85749,-7.64572]]],[[[108.85931,-7.64479],[108.85931,-7.64498],[108.85931,-7.64507],[108.85931,-7.64524],[108.85886,-7.64524],[108.85885,-7.64524],[108.85885,-7.64515],[108.85885,-7.64479],[108.85931,-7.64479]]],[[[108.85796,-7.64117],[108.85842,-7.64117],[108.85842,-7.64162],[108.85796,-7.64162],[108.85796,-7.64117]]],[[[108.85757,-7.63122],[108.85757,-7.63168],[108.85711,-7.63168],[108.85711,-7.63122],[108.85757,-7.63122]]],[[[108.85938,-7.62988],[108.85938,-7.63033],[108.85983,-7.63033],[108.85983,-7.63078],[108.86028,-7.63078],[108.86028,-7.63079],[108.86073,-7.63079],[108.86074,-7.63079],[108.86119,-7.63079],[108.86119,-7.63124],[108.86074,-7.63124],[108.86073,-7.63124],[108.86073,-7.63169],[108.86028,-7.63169],[108.86027,-7.63169],[108.86027,-7.63124],[108.85983,-7.63124],[108.85982,-7.63124],[108.85938,-7.63124],[108.85937,-7.63124],[108.85893,-7.63124],[108.85892,-7.63124],[108.85892,-7.63123],[108.85847,-7.63123],[108.85847,-7.63078],[108.85847,-7.63033],[108.85892,-7.63033],[108.85892,-7.62988],[108.85893,-7.62988],[108.85938,-7.62988]],[[108.85893,-7.63033],[108.85893,-7.63078],[108.85937,-7.63078],[108.85937,-7.63033],[108.85893,-7.63033]]],[[[108.85803,-7.63032],[108.85803,-7.63078],[108.85802,-7.63078],[108.85757,-7.63078],[108.85757,-7.63032],[108.85802,-7.63032],[108.85803,-7.63032]]],[[[108.85847,-7.62897],[108.85893,-7.62897],[108.85893,-7.62942],[108.85893,-7.62943],[108.85848,-7.62943],[108.85848,-7.62987],[108.85848,-7.62988],[108.85802,-7.62988],[108.85802,-7.62987],[108.85802,-7.62942],[108.85847,-7.62942],[108.85847,-7.62897]]],[[[108.85759,-7.62671],[108.85759,-7.62716],[108.85713,-7.62716],[108.85713,-7.62671],[108.85759,-7.62671]]],[[[108.85804,-7.62581],[108.8585,-7.62581],[108.8585,-7.62626],[108.85804,-7.62626],[108.85804,-7.62581]]],[[[108.85896,-7.624],[108.85896,-7.62446],[108.85851,-7.62446],[108.8585,-7.62446],[108.8585,-7.624],[108.85851,-7.624],[108.85896,-7.624]]],[[[108.85946,-7.61407],[108.85901,-7.61407],[108.85901,-7.61452],[108.85855,-7.61452],[108.85855,-7.61406],[108.85901,-7.61406],[108.85901,-7.61362],[108.85901,-7.61361],[108.85901,-7.61316],[108.85946,-7.61316],[108.85947,-7.61316],[108.85947,-7.61271],[108.85902,-7.61271],[108.85902,-7.61226],[108.85947,-7.61226],[108.85992,-7.61226],[108.85993,-7.61226],[108.86037,-7.61226],[108.86038,-7.61226],[108.86038,-7.61272],[108.86037,-7.61272],[108.85993,-7.61272],[108.85993,-7.61317],[108.85992,-7.61317],[108.85992,-7.61361],[108.85992,-7.61362],[108.85992,-7.61407],[108.85947,-7.61407],[108.85946,-7.61407]]],[[[108.86015,-7.65699],[108.86015,-7.65744],[108.8597,-7.65744],[108.85969,-7.65744],[108.85969,-7.65699],[108.8597,-7.65699],[108.86015,-7.65699]]],[[[108.86244,-7.65429],[108.86244,-7.65474],[108.86243,-7.65474],[108.86243,-7.65519],[108.86243,-7.6552],[108.86243,-7.65565],[108.86198,-7.65565],[108.86197,-7.65565],[108.86152,-7.65565],[108.86152,-7.65564],[108.86152,-7.65519],[108.86197,-7.65519],[108.86197,-7.65474],[108.86198,-7.65474],[108.86198,-7.65429],[108.86243,-7.65429],[108.86244,-7.65429]]],[[[108.86153,-7.65428],[108.86153,-7.65429],[108.86153,-7.65474],[108.86107,-7.65474],[108.86107,-7.65429],[108.86107,-7.65428],[108.86153,-7.65428]]],[[[108.86062,-7.65428],[108.86062,-7.65473],[108.86062,-7.65474],[108.86016,-7.65474],[108.86016,-7.65473],[108.86016,-7.65428],[108.86062,-7.65428]]],[[[108.85927,-7.65292],[108.85927,-7.65268],[108.8595,-7.65247],[108.85973,-7.65247],[108.85973,-7.65292],[108.85927,-7.65292]]],[[[108.86063,-7.65157],[108.86063,-7.65202],[108.86063,-7.65248],[108.86018,-7.65248],[108.86018,-7.65202],[108.86018,-7.65157],[108.86063,-7.65157]]],[[[108.8598,-7.65112],[108.85973,-7.65112],[108.85973,-7.65066],[108.8601,-7.65066],[108.8598,-7.65112]]],[[[108.86018,-7.65054],[108.86018,-7.65021],[108.86039,-7.65021],[108.86018,-7.65054]]],[[[108.86065,-7.64797],[108.86065,-7.64841],[108.86019,-7.64841],[108.86019,-7.64796],[108.86057,-7.64796],[108.86065,-7.64796],[108.86065,-7.64797]]],[[[108.86065,-7.64788],[108.86065,-7.64751],[108.86111,-7.64751],[108.86111,-7.64796],[108.86098,-7.64796],[108.86065,-7.64796],[108.86065,-7.64788]]],[[[108.86112,-7.64706],[108.86111,-7.64706],[108.86066,-7.64706],[108.86066,-7.6466],[108.86111,-7.6466],[108.86112,-7.6466],[108.86156,-7.6466],[108.86157,-7.6466],[108.86157,-7.64661],[108.86157,-7.64706],[108.86156,-7.64706],[108.86112,-7.64706]]],[[[108.85976,-7.6466],[108.85976,-7.64705],[108.8593,-7.64705],[108.8593,-7.6466],[108.85976,-7.6466]]],[[[108.86023,-7.64247],[108.86023,-7.64253],[108.86012,-7.64253],[108.85994,-7.64253],[108.85977,-7.64253],[108.85977,-7.64208],[108.86023,-7.64208],[108.86023,-7.64236],[108.86023,-7.64247]]],[[[108.85934,-7.63892],[108.85934,-7.63891],[108.85979,-7.63891],[108.8598,-7.63891],[108.8598,-7.63892],[108.8598,-7.63937],[108.85979,-7.63937],[108.85934,-7.63937],[108.85934,-7.63892]]],[[[108.86208,-7.6317],[108.86209,-7.6317],[108.86254,-7.6317],[108.86254,-7.63215],[108.86209,-7.63215],[108.86209,-7.6326],[108.86163,-7.6326],[108.86163,-7.63215],[108.86118,-7.63215],[108.86118,-7.6317],[108.86163,-7.6317],[108.86164,-7.6317],[108.86208,-7.6317]]],[[[108.86075,-7.62898],[108.86075,-7.62943],[108.86029,-7.62943],[108.86029,-7.62898],[108.86075,-7.62898]]],[[[108.86166,-7.62628],[108.86212,-7.62628],[108.86212,-7.62673],[108.86166,-7.62673],[108.86166,-7.62628]]],[[[108.86124,-7.61995],[108.86124,-7.6204],[108.86079,-7.6204],[108.86079,-7.61995],[108.86124,-7.61995]]],[[[108.86216,-7.61724],[108.86262,-7.61724],[108.86262,-7.6177],[108.86216,-7.6177],[108.86216,-7.61814],[108.86216,-7.61815],[108.86261,-7.61815],[108.86261,-7.6186],[108.86261,-7.61905],[108.86216,-7.61905],[108.86215,-7.61905],[108.8617,-7.61905],[108.8617,-7.6186],[108.86125,-7.6186],[108.86125,-7.61814],[108.8617,-7.61814],[108.8617,-7.61769],[108.86216,-7.61769],[108.86216,-7.61724]]],[[[108.8613,-7.6091],[108.8613,-7.60865],[108.86176,-7.60865],[108.86176,-7.60911],[108.8613,-7.60911],[108.8613,-7.60956],[108.86084,-7.60956],[108.86084,-7.6091],[108.8613,-7.6091]]],[[[108.8604,-7.6073],[108.8604,-7.60716],[108.86066,-7.60706],[108.86085,-7.60699],[108.86086,-7.60699],[108.86086,-7.607],[108.86086,-7.6073],[108.86085,-7.6073],[108.8604,-7.6073]]],[[[108.86291,-7.64887],[108.86273,-7.64887],[108.86273,-7.64869],[108.86291,-7.64869],[108.86291,-7.64887]]],[[[108.86432,-7.63984],[108.86432,-7.64029],[108.86432,-7.6403],[108.86431,-7.6403],[108.86431,-7.64074],[108.86431,-7.64075],[108.86431,-7.6412],[108.86431,-7.64165],[108.8643,-7.64165],[108.8643,-7.6421],[108.86385,-7.6421],[108.86385,-7.64165],[108.86385,-7.6412],[108.86385,-7.64075],[108.86385,-7.64074],[108.86385,-7.64029],[108.8634,-7.64029],[108.8634,-7.63984],[108.86386,-7.63984],[108.86432,-7.63984]]],[[[108.86388,-7.63532],[108.86388,-7.63577],[108.86388,-7.63578],[108.86343,-7.63578],[108.86343,-7.63577],[108.86343,-7.63532],[108.86388,-7.63532]]],[[[108.86254,-7.63261],[108.86254,-7.63215],[108.863,-7.63215],[108.863,-7.63261],[108.86344,-7.63261],[108.86345,-7.63261],[108.86389,-7.63261],[108.8639,-7.63261],[108.86435,-7.63261],[108.86435,-7.63299],[108.86435,-7.63306],[108.86435,-7.63307],[108.86435,-7.63308],[108.86435,-7.63352],[108.8639,-7.63352],[108.86389,-7.63352],[108.86344,-7.63352],[108.86344,-7.63322],[108.86344,-7.63311],[108.86344,-7.63306],[108.86299,-7.63306],[108.86253,-7.63306],[108.86253,-7.63261],[108.86254,-7.63261]]],[[[108.8626,-7.6195],[108.8626,-7.61996],[108.86214,-7.61996],[108.86214,-7.6195],[108.8626,-7.6195]]],[[[108.86219,-7.61047],[108.86265,-7.61047],[108.86265,-7.61092],[108.86219,-7.61092],[108.86219,-7.61047]]],[[[108.86311,-7.61002],[108.86311,-7.61047],[108.86265,-7.61047],[108.86265,-7.61002],[108.86311,-7.61002]]],[[[108.86426,-7.60867],[108.86401,-7.60867],[108.86401,-7.60841],[108.86416,-7.60859],[108.86426,-7.60867]]],[[[108.86472,-7.65114],[108.86472,-7.65159],[108.86426,-7.65159],[108.86426,-7.65114],[108.86472,-7.65114]]],[[[108.86743,-7.64935],[108.86789,-7.64935],[108.86789,-7.6498],[108.86743,-7.6498],[108.86743,-7.64935]]],[[[108.86562,-7.64943],[108.86545,-7.64943],[108.86545,-7.64934],[108.86545,-7.64925],[108.86562,-7.64925],[108.86563,-7.64925],[108.86563,-7.64934],[108.86562,-7.64934],[108.86562,-7.64943]]],[[[108.86508,-7.64934],[108.8649,-7.64934],[108.8649,-7.64924],[108.86508,-7.64924],[108.86508,-7.64934]]],[[[108.86689,-7.64871],[108.86654,-7.64871],[108.86654,-7.64853],[108.86672,-7.64853],[108.86672,-7.64844],[108.86672,-7.64817],[108.86654,-7.64817],[108.86653,-7.64817],[108.86636,-7.64817],[108.86636,-7.64835],[108.86635,-7.64835],[108.86635,-7.64817],[108.86608,-7.64817],[108.86608,-7.64799],[108.86608,-7.64798],[108.86654,-7.64798],[108.86654,-7.64799],[108.86699,-7.64799],[108.86699,-7.64844],[108.86699,-7.64889],[108.86699,-7.64934],[108.86671,-7.64934],[108.86671,-7.64925],[108.86689,-7.64925],[108.86689,-7.64889],[108.86689,-7.64871]]],[[[108.8652,-7.64256],[108.8652,-7.64211],[108.86521,-7.64211],[108.86521,-7.64166],[108.86521,-7.64165],[108.86567,-7.64165],[108.86567,-7.64166],[108.86567,-7.64211],[108.86566,-7.64211],[108.86566,-7.64256],[108.8652,-7.64256]]],[[[108.86794,-7.63941],[108.86794,-7.63986],[108.86749,-7.63986],[108.86748,-7.63986],[108.86748,-7.63941],[108.86749,-7.63941],[108.86794,-7.63941]]],[[[108.86614,-7.6394],[108.86613,-7.6394],[108.86568,-7.6394],[108.86568,-7.63895],[108.86568,-7.6385],[108.86568,-7.63849],[108.86613,-7.63849],[108.86614,-7.63849],[108.86614,-7.6385],[108.86614,-7.63895],[108.86658,-7.63895],[108.86659,-7.63895],[108.86659,-7.6394],[108.86658,-7.6394],[108.86614,-7.6394]]],[[[108.86478,-7.63894],[108.86478,-7.63939],[108.86432,-7.63939],[108.86432,-7.63894],[108.86478,-7.63894]]],[[[108.86524,-7.63759],[108.86524,-7.63804],[108.86523,-7.63804],[108.86478,-7.63804],[108.86478,-7.63759],[108.86523,-7.63759],[108.86524,-7.63759]]],[[[108.86795,-7.63715],[108.86795,-7.6376],[108.86749,-7.6376],[108.86749,-7.63715],[108.86795,-7.63715]]],[[[108.86478,-7.63623],[108.86524,-7.63623],[108.86524,-7.63668],[108.86524,-7.63669],[108.86478,-7.63669],[108.86478,-7.63668],[108.86478,-7.63623]]],[[[108.8657,-7.63488],[108.8657,-7.63533],[108.86524,-7.63533],[108.86524,-7.63488],[108.86479,-7.63488],[108.86479,-7.63442],[108.86434,-7.63442],[108.86434,-7.63397],[108.8648,-7.63397],[108.8648,-7.63442],[108.86525,-7.63442],[108.86525,-7.63443],[108.8657,-7.63443],[108.86615,-7.63443],[108.86616,-7.63443],[108.86661,-7.63443],[108.86661,-7.63488],[108.86706,-7.63488],[108.86706,-7.63489],[108.86706,-7.63534],[108.8666,-7.63534],[108.8666,-7.63489],[108.86615,-7.63489],[108.86615,-7.63488],[108.8657,-7.63488]]],[[[108.86526,-7.63217],[108.86526,-7.63262],[108.8648,-7.63262],[108.8648,-7.63217],[108.8648,-7.63216],[108.86526,-7.63216],[108.86526,-7.63217]]],[[[108.86616,-7.63172],[108.86617,-7.63172],[108.86661,-7.63172],[108.86661,-7.63127],[108.86662,-7.63127],[108.86707,-7.63127],[108.86752,-7.63127],[108.86752,-7.63082],[108.86798,-7.63082],[108.86798,-7.63128],[108.86753,-7.63128],[108.86753,-7.63173],[108.86752,-7.63173],[108.86752,-7.63197],[108.86752,-7.63209],[108.86752,-7.63218],[108.86741,-7.63218],[108.86727,-7.63218],[108.86707,-7.63218],[108.86706,-7.63218],[108.86662,-7.63218],[108.86661,-7.63218],[108.86661,-7.63217],[108.86617,-7.63217],[108.86616,-7.63217],[108.86616,-7.63172]]],[[[108.86578,-7.61726],[108.86578,-7.61771],[108.86533,-7.61771],[108.86533,-7.61726],[108.86578,-7.61726]]],[[[108.86624,-7.61681],[108.86624,-7.61726],[108.86578,-7.61726],[108.86578,-7.61681],[108.86624,-7.61681]]],[[[108.86715,-7.61591],[108.86715,-7.61636],[108.86669,-7.61636],[108.86669,-7.61591],[108.86715,-7.61591]]],[[[108.86625,-7.61591],[108.86625,-7.61636],[108.86579,-7.61636],[108.86579,-7.61591],[108.86579,-7.6159],[108.86625,-7.6159],[108.86625,-7.61591]]],[[[108.86806,-7.61411],[108.86806,-7.61366],[108.86806,-7.61321],[108.86807,-7.61321],[108.86852,-7.61321],[108.86852,-7.61366],[108.86852,-7.61411],[108.86807,-7.61411],[108.86807,-7.61456],[108.86807,-7.61501],[108.86806,-7.61501],[108.86761,-7.61501],[108.86761,-7.61456],[108.86761,-7.61411],[108.86806,-7.61411]]],[[[108.86583,-7.60812],[108.86583,-7.60822],[108.86583,-7.60823],[108.86537,-7.60823],[108.86537,-7.60822],[108.86537,-7.60807],[108.86583,-7.60812]]],[[[108.86674,-7.60778],[108.86674,-7.60745],[108.86689,-7.60733],[108.86715,-7.60712],[108.86719,-7.60716],[108.86738,-7.60733],[108.8672,-7.60733],[108.8672,-7.60778],[108.86719,-7.60778],[108.86674,-7.60778]]],[[[108.87237,-7.65751],[108.87237,-7.65705],[108.87238,-7.65705],[108.87283,-7.65705],[108.87329,-7.65705],[108.87329,-7.65706],[108.87373,-7.65706],[108.87374,-7.65706],[108.87419,-7.65706],[108.87419,-7.65751],[108.87374,-7.65751],[108.87373,-7.65751],[108.87329,-7.65751],[108.87328,-7.65751],[108.87283,-7.65751],[108.87238,-7.65751],[108.87237,-7.65751]]],[[[108.86877,-7.65433],[108.86877,-7.65432],[108.86877,-7.65387],[108.86922,-7.65387],[108.86923,-7.65387],[108.86923,-7.65432],[108.86923,-7.65433],[108.86922,-7.65433],[108.86877,-7.65433]]],[[[108.86969,-7.65072],[108.86969,-7.65026],[108.87015,-7.65026],[108.87061,-7.65026],[108.87061,-7.65072],[108.87061,-7.65117],[108.87015,-7.65117],[108.87015,-7.65072],[108.86969,-7.65072]]],[[[108.87196,-7.64982],[108.87242,-7.64982],[108.87242,-7.65027],[108.87242,-7.65028],[108.87196,-7.65028],[108.87196,-7.65027],[108.87196,-7.64982]]],[[[108.86834,-7.6498],[108.86834,-7.64935],[108.86879,-7.64935],[108.8688,-7.64935],[108.86925,-7.64935],[108.86925,-7.6498],[108.86925,-7.64981],[108.86925,-7.65026],[108.86879,-7.65026],[108.86879,-7.64981],[108.86834,-7.64981],[108.86834,-7.6498]]],[[[108.87606,-7.64577],[108.87606,-7.64623],[108.8756,-7.64623],[108.8756,-7.64577],[108.87606,-7.64577]]],[[[108.87017,-7.64575],[108.87062,-7.64575],[108.87062,-7.6453],[108.87108,-7.6453],[108.87153,-7.6453],[108.87154,-7.6453],[108.87198,-7.6453],[108.87199,-7.6453],[108.87244,-7.6453],[108.87244,-7.64485],[108.87289,-7.64485],[108.8729,-7.64485],[108.8729,-7.64531],[108.8729,-7.64576],[108.87289,-7.64576],[108.87244,-7.64576],[108.87244,-7.64621],[108.87199,-7.64621],[108.87198,-7.64621],[108.87153,-7.64621],[108.87153,-7.6462],[108.87107,-7.6462],[108.87107,-7.64575],[108.87063,-7.64575],[108.87063,-7.6462],[108.87017,-7.6462],[108.87017,-7.64575]]],[[[108.87424,-7.64531],[108.87425,-7.64531],[108.87425,-7.64487],[108.87425,-7.64486],[108.87425,-7.64441],[108.87471,-7.64441],[108.87471,-7.64486],[108.87516,-7.64486],[108.87516,-7.64442],[108.87516,-7.64441],[108.87562,-7.64441],[108.87562,-7.64442],[108.87562,-7.64487],[108.87606,-7.64487],[108.87606,-7.64442],[108.87607,-7.64442],[108.87607,-7.64397],[108.87652,-7.64397],[108.87653,-7.64397],[108.87698,-7.64397],[108.87698,-7.64442],[108.87743,-7.64442],[108.87743,-7.64488],[108.87743,-7.64533],[108.87697,-7.64533],[108.87652,-7.64533],[108.87651,-7.64533],[108.87606,-7.64533],[108.87606,-7.64532],[108.87561,-7.64532],[108.87516,-7.64532],[108.87516,-7.64577],[108.8747,-7.64577],[108.87425,-7.64577],[108.87424,-7.64577],[108.87379,-7.64577],[108.87379,-7.64576],[108.87334,-7.64576],[108.87334,-7.64531],[108.87379,-7.64531],[108.8738,-7.64531],[108.87424,-7.64531]],[[108.87698,-7.64461],[108.87697,-7.64461],[108.87688,-7.64461],[108.87688,-7.6446],[108.87688,-7.64442],[108.8767,-7.64442],[108.87653,-7.64442],[108.87652,-7.64442],[108.87634,-7.64442],[108.87634,-7.6446],[108.87615,-7.6446],[108.87615,-7.64487],[108.87615,-7.64496],[108.87634,-7.64496],[108.87651,-7.64496],[108.87652,-7.64496],[108.8767,-7.64496],[108.87688,-7.64496],[108.87697,-7.64496],[108.87724,-7.64496],[108.87724,-7.64488],[108.87724,-7.64461],[108.87706,-7.64461],[108.87698,-7.64461]]],[[[108.87155,-7.64078],[108.87155,-7.64033],[108.87201,-7.64033],[108.87201,-7.64078],[108.87246,-7.64078],[108.87246,-7.64079],[108.87292,-7.64079],[108.87292,-7.64124],[108.87246,-7.64124],[108.872,-7.64124],[108.872,-7.64079],[108.87156,-7.64079],[108.87156,-7.64123],[108.87156,-7.64124],[108.8711,-7.64124],[108.8711,-7.64123],[108.8711,-7.64078],[108.87155,-7.64078]]],[[[108.87293,-7.63943],[108.87292,-7.63943],[108.87248,-7.63943],[108.87247,-7.63943],[108.87202,-7.63943],[108.87202,-7.63898],[108.87247,-7.63898],[108.87247,-7.63853],[108.87292,-7.63853],[108.87293,-7.63853],[108.87293,-7.63898],[108.87293,-7.63943]]],[[[108.86932,-7.6358],[108.86932,-7.63535],[108.86977,-7.63535],[108.86977,-7.6358],[108.87022,-7.6358],[108.87022,-7.63581],[108.87067,-7.63581],[108.87113,-7.63581],[108.87113,-7.63626],[108.87113,-7.63671],[108.87157,-7.63671],[108.87158,-7.63671],[108.87158,-7.63672],[108.87158,-7.63717],[108.87157,-7.63717],[108.87112,-7.63717],[108.87112,-7.63672],[108.87112,-7.63671],[108.87067,-7.63671],[108.87022,-7.63671],[108.87022,-7.63626],[108.86977,-7.63626],[108.86931,-7.63626],[108.86931,-7.6358],[108.86932,-7.6358]]],[[[108.86932,-7.6367],[108.86932,-7.63716],[108.86886,-7.63716],[108.86886,-7.6367],[108.86932,-7.6367]]],[[[108.86796,-7.63535],[108.86796,-7.63489],[108.86841,-7.63489],[108.86842,-7.63489],[108.86887,-7.63489],[108.86887,-7.63535],[108.86842,-7.63535],[108.86841,-7.63535],[108.86796,-7.63535]]],[[[108.87483,-7.61821],[108.87484,-7.61821],[108.87529,-7.61821],[108.87529,-7.61776],[108.87574,-7.61776],[108.87575,-7.61776],[108.8762,-7.61776],[108.87666,-7.61776],[108.87666,-7.61822],[108.8762,-7.61822],[108.87575,-7.61822],[108.87575,-7.61866],[108.87575,-7.61867],[108.87574,-7.61867],[108.87574,-7.61912],[108.87529,-7.61912],[108.87529,-7.61957],[108.87483,-7.61957],[108.87483,-7.61912],[108.87483,-7.61911],[108.87437,-7.61911],[108.87437,-7.61866],[108.87438,-7.61866],[108.87438,-7.61821],[108.87483,-7.61821]]],[[[108.87258,-7.61549],[108.87304,-7.61549],[108.87304,-7.61594],[108.87258,-7.61594],[108.87258,-7.61549]]],[[[108.87169,-7.61277],[108.87215,-7.61277],[108.87215,-7.61323],[108.87169,-7.61323],[108.87169,-7.61277]]],[[[108.86898,-7.61231],[108.86898,-7.61186],[108.86853,-7.61186],[108.86853,-7.6123],[108.86807,-7.6123],[108.86807,-7.61203],[108.86817,-7.61203],[108.86817,-7.61185],[108.86817,-7.61167],[108.86835,-7.61167],[108.86853,-7.61167],[108.86889,-7.61167],[108.86889,-7.61185],[108.86898,-7.61185],[108.86899,-7.61185],[108.86907,-7.61185],[108.86907,-7.61186],[108.86925,-7.61186],[108.86925,-7.61204],[108.86943,-7.61204],[108.86944,-7.61204],[108.86944,-7.61231],[108.86898,-7.61231]]],[[[108.86889,-7.61149],[108.86889,-7.6114],[108.86898,-7.6114],[108.86898,-7.61095],[108.86944,-7.61095],[108.86989,-7.61095],[108.86989,-7.6105],[108.87035,-7.6105],[108.87035,-7.61006],[108.87035,-7.61005],[108.87035,-7.6096],[108.8708,-7.6096],[108.87125,-7.6096],[108.87125,-7.60916],[108.87125,-7.60915],[108.87171,-7.60915],[108.87171,-7.60871],[108.87216,-7.60871],[108.87216,-7.60826],[108.87262,-7.60826],[108.87307,-7.60826],[108.87308,-7.60826],[108.87353,-7.60826],[108.87353,-7.60781],[108.87398,-7.60781],[108.87399,-7.60781],[108.87443,-7.60781],[108.87444,-7.60781],[108.87457,-7.60781],[108.87488,-7.60781],[108.87488,-7.60737],[108.87488,-7.60731],[108.87488,-7.60724],[108.87488,-7.60691],[108.87444,-7.60691],[108.87443,-7.60691],[108.87443,-7.60646],[108.87444,-7.60646],[108.87489,-7.60646],[108.87489,-7.60691],[108.87534,-7.60691],[108.87534,-7.60647],[108.87534,-7.60646],[108.8758,-7.60646],[108.8758,-7.60647],[108.8758,-7.60688],[108.87579,-7.60692],[108.87534,-7.60692],[108.87534,-7.60716],[108.87534,-7.60721],[108.87534,-7.60737],[108.87525,-7.60737],[108.87525,-7.60773],[108.87507,-7.60773],[108.87507,-7.60782],[108.87507,-7.60809],[108.87533,-7.60809],[108.87534,-7.60809],[108.87543,-7.60809],[108.87579,-7.60809],[108.87579,-7.6081],[108.87561,-7.6081],[108.87561,-7.60827],[108.87561,-7.60845],[108.87579,-7.60845],[108.8758,-7.60845],[108.87597,-7.60845],[108.87615,-7.60845],[108.87615,-7.60846],[108.87624,-7.60846],[108.87624,-7.60873],[108.87579,-7.60873],[108.8754,-7.60873],[108.87534,-7.60873],[108.87533,-7.60873],[108.87533,-7.60865],[108.87533,-7.60827],[108.87499,-7.60827],[108.87489,-7.60827],[108.87489,-7.6083],[108.87489,-7.60872],[108.87444,-7.60872],[108.87443,-7.60872],[108.87399,-7.60872],[108.87398,-7.60872],[108.87398,-7.60917],[108.87353,-7.60917],[108.87352,-7.60917],[108.87307,-7.60917],[108.87307,-7.60916],[108.87262,-7.60916],[108.87262,-7.60898],[108.87271,-7.60898],[108.87271,-7.60871],[108.87271,-7.60862],[108.87262,-7.60862],[108.87235,-7.60862],[108.87235,-7.60871],[108.87217,-7.60871],[108.87217,-7.6088],[108.87198,-7.6088],[108.87198,-7.60898],[108.87181,-7.60898],[108.87181,-7.60916],[108.8718,-7.60916],[108.87171,-7.60916],[108.87171,-7.60961],[108.87171,-7.61006],[108.87216,-7.61006],[108.87216,-7.61051],[108.87216,-7.61052],[108.8717,-7.61052],[108.8717,-7.61051],[108.8717,-7.61006],[108.87126,-7.61006],[108.87125,-7.61006],[108.87125,-7.61051],[108.8708,-7.61051],[108.8708,-7.61096],[108.8708,-7.61141],[108.87035,-7.61141],[108.87034,-7.61141],[108.87016,-7.61141],[108.87016,-7.61114],[108.8699,-7.61114],[108.86989,-7.61114],[108.8698,-7.61114],[108.8698,-7.61132],[108.86962,-7.61132],[108.86962,-7.61096],[108.86944,-7.61096],[108.86926,-7.61096],[108.86926,-7.61132],[108.86907,-7.61132],[108.86907,-7.6114],[108.86907,-7.61141],[108.86907,-7.61149],[108.86907,-7.6115],[108.86899,-7.6115],[108.86898,-7.6115],[108.86889,-7.6115],[108.86889,-7.61149]]],[[[108.8717,-7.61097],[108.8717,-7.61096],[108.87215,-7.61096],[108.87215,-7.61097],[108.87261,-7.61097],[108.87261,-7.61142],[108.87215,-7.61142],[108.8717,-7.61142],[108.8717,-7.61097]]],[[[108.87533,-7.60963],[108.87579,-7.60963],[108.87579,-7.61008],[108.87624,-7.61008],[108.87624,-7.61053],[108.87624,-7.61054],[108.87578,-7.61054],[108.87578,-7.61053],[108.87533,-7.61053],[108.87533,-7.61008],[108.87533,-7.60963]]],[[[108.87443,-7.61007],[108.87443,-7.61053],[108.87397,-7.61053],[108.87397,-7.61007],[108.87443,-7.61007]]],[[[108.87262,-7.60961],[108.87216,-7.60961],[108.87216,-7.60934],[108.87253,-7.60934],[108.87253,-7.60916],[108.87262,-7.60916],[108.87262,-7.60961]]],[[[108.86855,-7.60914],[108.86855,-7.60959],[108.86809,-7.60959],[108.86809,-7.60914],[108.86855,-7.60914]]],[[[108.8699,-7.6087],[108.87035,-7.6087],[108.87035,-7.60915],[108.8699,-7.60915],[108.8699,-7.6087]]],[[[108.86809,-7.60824],[108.86854,-7.60824],[108.86855,-7.60824],[108.869,-7.60824],[108.869,-7.60869],[108.86855,-7.60869],[108.86854,-7.60869],[108.86809,-7.60869],[108.86809,-7.60824]]],[[[108.86901,-7.60688],[108.86901,-7.60734],[108.86855,-7.60734],[108.86855,-7.60688],[108.86901,-7.60688]]],[[[108.86901,-7.60642],[108.86901,-7.60643],[108.86899,-7.60643],[108.86901,-7.60642]]],[[[108.87036,-7.60599],[108.87082,-7.60599],[108.87082,-7.60644],[108.87036,-7.60644],[108.87036,-7.60599]]],[[[108.87309,-7.60555],[108.87309,-7.606],[108.87264,-7.606],[108.87263,-7.606],[108.87263,-7.60555],[108.87264,-7.60555],[108.87309,-7.60555]]],[[[108.87083,-7.60509],[108.87083,-7.60554],[108.87037,-7.60554],[108.87037,-7.60541],[108.87038,-7.6054],[108.87078,-7.60512],[108.87083,-7.60509]]],[[[108.88309,-7.68828],[108.88355,-7.68828],[108.88355,-7.68873],[108.88309,-7.68873],[108.88309,-7.68828]]],[[[108.88361,-7.67563],[108.88361,-7.67608],[108.88316,-7.67608],[108.8827,-7.67608],[108.8827,-7.67563],[108.88316,-7.67563],[108.88316,-7.67518],[108.88361,-7.67518],[108.88361,-7.67563]]],[[[108.88227,-7.67246],[108.88271,-7.67246],[108.88272,-7.67246],[108.88317,-7.67246],[108.88317,-7.67292],[108.88362,-7.67292],[108.88362,-7.67337],[108.88362,-7.67382],[108.88316,-7.67382],[108.88316,-7.67337],[108.88316,-7.67292],[108.88272,-7.67292],[108.88271,-7.67292],[108.88226,-7.67292],[108.88226,-7.67246],[108.88181,-7.67246],[108.88181,-7.67201],[108.88227,-7.67201],[108.88227,-7.67246]]],[[[108.88,-7.6729],[108.88045,-7.6729],[108.88046,-7.6729],[108.8809,-7.6729],[108.8809,-7.67246],[108.8809,-7.67245],[108.88091,-7.67245],[108.88136,-7.67245],[108.88136,-7.67246],[108.88181,-7.67246],[108.88181,-7.67291],[108.88136,-7.67291],[108.88135,-7.67291],[108.88091,-7.67291],[108.88091,-7.67336],[108.88046,-7.67336],[108.88045,-7.67336],[108.88,-7.67336],[108.88,-7.6729]]],[[[108.88046,-7.672],[108.88045,-7.672],[108.88045,-7.67155],[108.88046,-7.67155],[108.88046,-7.6711],[108.88092,-7.6711],[108.88092,-7.67155],[108.88091,-7.67155],[108.88091,-7.672],[108.88046,-7.672]]],[[[108.87865,-7.67113],[108.87865,-7.67109],[108.87874,-7.67109],[108.87874,-7.67117],[108.87874,-7.67154],[108.87865,-7.67154],[108.87865,-7.67113]]],[[[108.8837,-7.65891],[108.8837,-7.65937],[108.88415,-7.65937],[108.88415,-7.65982],[108.88369,-7.65982],[108.88369,-7.65937],[108.88324,-7.65937],[108.88324,-7.65891],[108.8837,-7.65891]]],[[[108.88281,-7.65485],[108.88281,-7.6553],[108.88235,-7.6553],[108.88235,-7.65484],[108.8828,-7.65484],[108.8828,-7.65439],[108.88235,-7.65439],[108.88235,-7.65394],[108.88281,-7.65394],[108.88281,-7.65439],[108.88326,-7.65439],[108.88326,-7.65485],[108.88281,-7.65485]]],[[[108.881,-7.65438],[108.881,-7.65483],[108.881,-7.65484],[108.88054,-7.65484],[108.88054,-7.65483],[108.88054,-7.65438],[108.881,-7.65438]]],[[[108.88328,-7.65168],[108.88328,-7.65123],[108.88374,-7.65123],[108.88374,-7.65169],[108.88328,-7.65169],[108.88328,-7.65213],[108.88328,-7.65214],[108.88373,-7.65214],[108.88373,-7.65259],[108.88418,-7.65259],[108.88418,-7.65304],[108.88418,-7.65349],[108.88418,-7.6535],[108.88417,-7.6535],[108.88417,-7.65395],[108.88371,-7.65395],[108.88371,-7.65349],[108.88326,-7.65349],[108.88326,-7.65304],[108.88281,-7.65304],[108.88281,-7.65259],[108.88236,-7.65259],[108.88236,-7.65258],[108.88236,-7.65213],[108.88282,-7.65213],[108.88282,-7.65168],[108.88328,-7.65168]]],[[[108.88145,-7.65303],[108.88145,-7.65258],[108.88191,-7.65258],[108.88191,-7.65303],[108.88191,-7.65348],[108.88145,-7.65348],[108.88145,-7.65303]]],[[[108.88011,-7.65167],[108.87965,-7.65167],[108.8792,-7.65167],[108.8792,-7.65121],[108.8792,-7.65076],[108.87966,-7.65076],[108.87966,-7.65121],[108.88011,-7.65121],[108.88011,-7.65167]]],[[[108.87966,-7.64986],[108.88012,-7.64986],[108.88012,-7.65031],[108.87966,-7.65031],[108.87966,-7.64986]]],[[[108.88059,-7.64715],[108.88059,-7.6476],[108.88058,-7.6476],[108.88013,-7.6476],[108.88013,-7.64715],[108.88058,-7.64715],[108.88059,-7.64715]]],[[[108.87968,-7.64669],[108.87968,-7.64715],[108.87922,-7.64715],[108.87922,-7.64669],[108.87968,-7.64669]]],[[[108.88149,-7.64535],[108.88195,-7.64535],[108.88195,-7.6458],[108.88195,-7.64626],[108.88149,-7.64626],[108.88149,-7.64625],[108.88104,-7.64625],[108.88103,-7.64625],[108.88058,-7.64625],[108.88058,-7.6458],[108.88103,-7.6458],[108.88104,-7.6458],[108.88149,-7.6458],[108.88149,-7.64535]]],[[[108.88304,-7.64491],[108.88304,-7.6449],[108.88304,-7.64446],[108.88304,-7.64445],[108.88286,-7.64445],[108.88249,-7.64445],[108.88249,-7.64463],[108.88241,-7.64463],[108.8824,-7.64463],[108.88231,-7.64463],[108.88195,-7.64463],[108.88195,-7.64445],[108.8824,-7.64445],[108.8824,-7.644],[108.88286,-7.644],[108.88332,-7.644],[108.88332,-7.64445],[108.88377,-7.64445],[108.88377,-7.64446],[108.88422,-7.64446],[108.88467,-7.64446],[108.88512,-7.64446],[108.88557,-7.64446],[108.88557,-7.64401],[108.88603,-7.64401],[108.88603,-7.64447],[108.88648,-7.64447],[108.88648,-7.64492],[108.88603,-7.64492],[108.88602,-7.64492],[108.88558,-7.64492],[108.88558,-7.64537],[108.88557,-7.64537],[108.88512,-7.64537],[108.88512,-7.64492],[108.88467,-7.64492],[108.88467,-7.64491],[108.88422,-7.64491],[108.88377,-7.64491],[108.88377,-7.64536],[108.88331,-7.64536],[108.88331,-7.64581],[108.88286,-7.64581],[108.88285,-7.64581],[108.88267,-7.64581],[108.88267,-7.64572],[108.88267,-7.64571],[108.88285,-7.64571],[108.88286,-7.64571],[108.88286,-7.64554],[108.88321,-7.64554],[108.88321,-7.64536],[108.88321,-7.645],[108.88304,-7.645],[108.88304,-7.64491]]],[[[108.87968,-7.64489],[108.87969,-7.64489],[108.87969,-7.64534],[108.88014,-7.64534],[108.88014,-7.64579],[108.88014,-7.6458],[108.87968,-7.6458],[108.87968,-7.64579],[108.87923,-7.64579],[108.87923,-7.64534],[108.87878,-7.64534],[108.87878,-7.64489],[108.87878,-7.64488],[108.87923,-7.64488],[108.87924,-7.64489],[108.87968,-7.64489]]],[[[108.88249,-7.64554],[108.8824,-7.64554],[108.8824,-7.64536],[108.8824,-7.64535],[108.88245,-7.64535],[108.88249,-7.64535],[108.88249,-7.64536],[108.88249,-7.64554]]],[[[108.88213,-7.64499],[108.88213,-7.64517],[108.88195,-7.64517],[108.88195,-7.64499],[108.88213,-7.64499]]],[[[108.87833,-7.64443],[108.87833,-7.64488],[108.87788,-7.64488],[108.87788,-7.64443],[108.87833,-7.64443]]],[[[108.87607,-7.64307],[108.87607,-7.64261],[108.87653,-7.64261],[108.87698,-7.64261],[108.87698,-7.64262],[108.87698,-7.64307],[108.87653,-7.64307],[108.87607,-7.64307]]],[[[108.88333,-7.64129],[108.88333,-7.64174],[108.88332,-7.64174],[108.88332,-7.6422],[108.88287,-7.6422],[108.88287,-7.64174],[108.88287,-7.64129],[108.88333,-7.64129]]],[[[108.87608,-7.64081],[108.87563,-7.64081],[108.87563,-7.6408],[108.87563,-7.64035],[108.87608,-7.64035],[108.87609,-7.64035],[108.87654,-7.64035],[108.87654,-7.64081],[108.87609,-7.64081],[108.87608,-7.64081]]],[[[108.88063,-7.63812],[108.88063,-7.63857],[108.88017,-7.63857],[108.88017,-7.63812],[108.88017,-7.63811],[108.88017,-7.63766],[108.88063,-7.63766],[108.88063,-7.63811],[108.88063,-7.63812]]],[[[108.88065,-7.63315],[108.8802,-7.63315],[108.88019,-7.63315],[108.87975,-7.63315],[108.87974,-7.63315],[108.87974,-7.63314],[108.87974,-7.63269],[108.87974,-7.63224],[108.87975,-7.63224],[108.8802,-7.63224],[108.8802,-7.63269],[108.88065,-7.63269],[108.88065,-7.63315]]],[[[108.88113,-7.62727],[108.88113,-7.62773],[108.88068,-7.62773],[108.88068,-7.62727],[108.88113,-7.62727]]],[[[108.88161,-7.62231],[108.88161,-7.62186],[108.88206,-7.62186],[108.88207,-7.62186],[108.88207,-7.62231],[108.88207,-7.62276],[108.88251,-7.62276],[108.88252,-7.62276],[108.88252,-7.62322],[108.88251,-7.62322],[108.88206,-7.62322],[108.88206,-7.62276],[108.88161,-7.62276],[108.88161,-7.62231]]],[[[108.87664,-7.61957],[108.87664,-7.62002],[108.87664,-7.62003],[108.87618,-7.62003],[108.87618,-7.62002],[108.87618,-7.61957],[108.87664,-7.61957]]],[[[108.88209,-7.61463],[108.88209,-7.61418],[108.8821,-7.61418],[108.8821,-7.61373],[108.88256,-7.61373],[108.88256,-7.61418],[108.88255,-7.61418],[108.88255,-7.61463],[108.8821,-7.61463],[108.88209,-7.61463]]],[[[108.88346,-7.61283],[108.88347,-7.61283],[108.88347,-7.61238],[108.88302,-7.61238],[108.88256,-7.61238],[108.88256,-7.61237],[108.88235,-7.61237],[108.88222,-7.61221],[108.88229,-7.61237],[108.88211,-7.61237],[108.88211,-7.6121],[108.88213,-7.6121],[108.88217,-7.6121],[108.88229,-7.6121],[108.88229,-7.61192],[108.88229,-7.61174],[108.8823,-7.61174],[108.8823,-7.61154],[108.88234,-7.61157],[108.88251,-7.61168],[108.88257,-7.61171],[108.88257,-7.61192],[108.88302,-7.61192],[108.88302,-7.6119],[108.88304,-7.6119],[108.88316,-7.61192],[108.88317,-7.61192],[108.88317,-7.61192],[108.88338,-7.61194],[108.88347,-7.61194],[108.88348,-7.61194],[108.88364,-7.61194],[108.88385,-7.61193],[108.88392,-7.61193],[108.88393,-7.61193],[108.88438,-7.61193],[108.88438,-7.61238],[108.88438,-7.61251],[108.88427,-7.61266],[108.88416,-7.61283],[108.88392,-7.61323],[108.88389,-7.61328],[108.88352,-7.61328],[108.88346,-7.61328],[108.88346,-7.61326],[108.88346,-7.61283]]],[[[108.88103,-7.61119],[108.88121,-7.61119],[108.88157,-7.61119],[108.88157,-7.61101],[108.88166,-7.61101],[108.88167,-7.61101],[108.88173,-7.61101],[108.88182,-7.61111],[108.8819,-7.61119],[108.8819,-7.6112],[108.88175,-7.6112],[108.88167,-7.6112],[108.88166,-7.6112],[108.88139,-7.6112],[108.88139,-7.61146],[108.88139,-7.61147],[108.88139,-7.61192],[108.88121,-7.61192],[108.88121,-7.61237],[108.88075,-7.61237],[108.88075,-7.61192],[108.88075,-7.61191],[108.88075,-7.61146],[108.88075,-7.61119],[108.88085,-7.61119],[108.88103,-7.61119]]],[[[108.88193,-7.61123],[108.88196,-7.61125],[108.8821,-7.61138],[108.882,-7.61138],[108.88193,-7.61138],[108.88193,-7.61123]]],[[[108.88122,-7.61044],[108.88122,-7.61056],[108.88122,-7.61065],[108.88121,-7.61065],[108.88121,-7.61083],[108.88103,-7.61083],[108.88103,-7.61065],[108.88076,-7.61065],[108.88076,-7.61056],[108.88076,-7.61012],[108.88097,-7.61026],[108.88114,-7.61037],[108.88122,-7.61044]]],[[[108.88031,-7.61055],[108.88031,-7.61056],[108.87985,-7.61056],[108.87985,-7.61055],[108.87985,-7.6101],[108.88031,-7.6101],[108.88031,-7.60992],[108.88049,-7.61],[108.88066,-7.61008],[108.88072,-7.6101],[108.88072,-7.61011],[108.88031,-7.61011],[108.88031,-7.61055]]],[[[108.8776,-7.60964],[108.87759,-7.60964],[108.87714,-7.60964],[108.87714,-7.60919],[108.87714,-7.60918],[108.87669,-7.60918],[108.87669,-7.60873],[108.87669,-7.60846],[108.8767,-7.60846],[108.8767,-7.60828],[108.87715,-7.60828],[108.87715,-7.60783],[108.87706,-7.60783],[108.87706,-7.60774],[108.87688,-7.60774],[108.8767,-7.60774],[108.8767,-7.60738],[108.8767,-7.60737],[108.87716,-7.60737],[108.87716,-7.60738],[108.87742,-7.60738],[108.87745,-7.60739],[108.87761,-7.60754],[108.87761,-7.60783],[108.87761,-7.60828],[108.87806,-7.60828],[108.87806,-7.60874],[108.87842,-7.60874],[108.87843,-7.60874],[108.87851,-7.60886],[108.87851,-7.60919],[108.87805,-7.60919],[108.87805,-7.60964],[108.8785,-7.60964],[108.87895,-7.60964],[108.87896,-7.60964],[108.87941,-7.60964],[108.87941,-7.60965],[108.87941,-7.6101],[108.87941,-7.61055],[108.87895,-7.61055],[108.87895,-7.6101],[108.8785,-7.6101],[108.8785,-7.61009],[108.87804,-7.61009],[108.87804,-7.60964],[108.8776,-7.60964]],[[108.87715,-7.60873],[108.8776,-7.60873],[108.8776,-7.60828],[108.87715,-7.60828],[108.87715,-7.60873]],[[108.87805,-7.60874],[108.8776,-7.60874],[108.8776,-7.60918],[108.8776,-7.60919],[108.87805,-7.60919],[108.87805,-7.60874]]],[[[108.87597,-7.60755],[108.87597,-7.60737],[108.87625,-7.60737],[108.87625,-7.60755],[108.87625,-7.60756],[108.87616,-7.60756],[108.87616,-7.60755],[108.87597,-7.60755]]],[[[108.87581,-7.60421],[108.87581,-7.60376],[108.87581,-7.6033],[108.87627,-7.6033],[108.87627,-7.60376],[108.87672,-7.60376],[108.87672,-7.604],[108.87666,-7.60421],[108.87627,-7.60421],[108.87627,-7.60466],[108.87581,-7.60466],[108.87581,-7.60421]]],[[[108.87738,-7.60196],[108.87718,-7.60196],[108.87718,-7.6015],[108.87752,-7.6015],[108.87738,-7.60196]]],[[[108.88942,-7.69192],[108.88942,-7.69238],[108.88896,-7.69238],[108.88896,-7.69192],[108.88942,-7.69192]]],[[[108.89214,-7.69013],[108.8926,-7.69013],[108.8926,-7.69058],[108.8926,-7.69059],[108.89214,-7.69059],[108.89214,-7.69058],[108.89214,-7.69013]]],[[[108.89351,-7.68923],[108.89351,-7.68878],[108.89397,-7.68878],[108.89397,-7.68924],[108.89351,-7.68924],[108.89351,-7.68969],[108.89305,-7.68969],[108.89305,-7.68923],[108.89351,-7.68923]]],[[[108.89534,-7.68608],[108.89533,-7.68608],[108.89533,-7.68653],[108.89487,-7.68653],[108.89487,-7.68608],[108.89488,-7.68608],[108.89488,-7.68563],[108.89443,-7.68563],[108.89443,-7.68517],[108.89489,-7.68517],[108.89489,-7.68563],[108.89534,-7.68563],[108.89534,-7.68608]]],[[[108.89535,-7.68427],[108.89535,-7.68472],[108.89535,-7.68473],[108.89489,-7.68473],[108.89489,-7.68472],[108.89489,-7.68427],[108.89535,-7.68427]]],[[[108.89038,-7.68108],[108.89038,-7.68154],[108.88992,-7.68154],[108.88992,-7.68108],[108.89038,-7.68108]]],[[[108.88704,-7.67953],[108.88704,-7.67926],[108.88721,-7.67926],[108.88722,-7.67926],[108.88767,-7.67926],[108.88767,-7.67971],[108.88767,-7.67972],[108.88812,-7.67972],[108.88812,-7.68017],[108.88767,-7.68017],[108.88767,-7.68062],[108.88766,-7.68062],[108.88722,-7.68062],[108.88721,-7.68062],[108.88676,-7.68062],[108.88676,-7.68017],[108.88676,-7.68016],[108.88676,-7.67972],[108.88676,-7.67971],[108.88685,-7.67971],[108.88685,-7.67953],[108.88704,-7.67953]],[[108.88758,-7.67936],[108.88722,-7.67936],[108.88722,-7.67954],[108.88721,-7.67954],[108.88703,-7.67954],[108.88703,-7.67971],[108.88703,-7.67972],[108.88703,-7.68007],[108.88721,-7.68007],[108.88722,-7.68007],[108.88722,-7.68008],[108.88758,-7.68008],[108.88758,-7.67972],[108.88758,-7.67971],[108.88758,-7.67936]]],[[[108.8886,-7.67611],[108.88814,-7.67611],[108.88768,-7.67611],[108.88768,-7.6761],[108.88768,-7.67565],[108.88814,-7.67565],[108.8886,-7.67565],[108.8886,-7.67611]]],[[[108.88588,-7.67474],[108.88588,-7.67519],[108.88542,-7.67519],[108.88542,-7.67474],[108.88588,-7.67474]]],[[[108.88634,-7.67338],[108.88634,-7.67384],[108.88588,-7.67384],[108.88588,-7.67338],[108.88634,-7.67338]]],[[[108.88817,-7.6706],[108.88817,-7.67068],[108.88771,-7.67068],[108.88771,-7.67052],[108.88771,-7.67023],[108.88817,-7.67023],[108.88817,-7.6706]]],[[[108.8841,-7.66795],[108.8841,-7.6684],[108.8841,-7.66841],[108.88364,-7.66841],[108.88364,-7.6684],[108.88364,-7.66795],[108.8841,-7.66795]]],[[[108.89452,-7.66665],[108.89452,-7.66634],[108.89457,-7.66638],[108.89466,-7.66641],[108.89473,-7.66643],[108.89478,-7.66646],[108.89481,-7.66649],[108.89484,-7.66654],[108.89486,-7.6666],[108.89487,-7.66665],[108.89487,-7.66666],[108.89489,-7.66671],[108.89492,-7.66674],[108.89498,-7.66677],[108.89498,-7.66678],[108.89498,-7.6671],[108.89452,-7.6671],[108.89452,-7.66665]]],[[[108.89044,-7.66663],[108.8909,-7.66663],[108.8909,-7.66708],[108.89044,-7.66708],[108.89044,-7.66663]]],[[[108.89272,-7.66573],[108.89272,-7.66619],[108.89226,-7.66619],[108.89226,-7.66573],[108.89272,-7.66573]]],[[[108.8891,-7.66436],[108.8891,-7.66481],[108.88955,-7.66481],[108.88955,-7.66482],[108.88955,-7.66527],[108.8891,-7.66527],[108.88909,-7.66527],[108.88864,-7.66527],[108.88864,-7.66482],[108.88864,-7.66481],[108.88864,-7.66436],[108.88865,-7.66436],[108.88865,-7.66391],[108.88911,-7.66391],[108.88911,-7.66436],[108.8891,-7.66436]]],[[[108.89226,-7.66463],[108.89227,-7.66463],[108.89228,-7.66463],[108.89237,-7.66465],[108.89242,-7.66469],[108.89243,-7.6648],[108.89244,-7.66483],[108.89227,-7.66483],[108.89226,-7.66483],[108.89226,-7.66463]]],[[[108.89136,-7.66437],[108.89182,-7.66437],[108.89182,-7.66483],[108.89136,-7.66483],[108.89136,-7.66437]]],[[[108.89195,-7.6639],[108.892,-7.66392],[108.892,-7.66393],[108.89182,-7.66393],[108.89182,-7.66347],[108.89195,-7.66347],[108.89197,-7.66348],[108.892,-7.66352],[108.89201,-7.66357],[108.89198,-7.66363],[108.89194,-7.66368],[108.89191,-7.66373],[108.89189,-7.66378],[108.8919,-7.66384],[108.89195,-7.6639]]],[[[108.88685,-7.66299],[108.88685,-7.66345],[108.88639,-7.66345],[108.88639,-7.66299],[108.88685,-7.66299]]],[[[108.88549,-7.66164],[108.88549,-7.66163],[108.88504,-7.66163],[108.88504,-7.66118],[108.88549,-7.66118],[108.8855,-7.66118],[108.88595,-7.66118],[108.88595,-7.66164],[108.8864,-7.66164],[108.8864,-7.66209],[108.88594,-7.66209],[108.88594,-7.66164],[108.88549,-7.66164]]],[[[108.88686,-7.66119],[108.88686,-7.66164],[108.8864,-7.66164],[108.8864,-7.66119],[108.88686,-7.66119]]],[[[108.88641,-7.66028],[108.88641,-7.66073],[108.88641,-7.66074],[108.88595,-7.66074],[108.88595,-7.66073],[108.88595,-7.66028],[108.88641,-7.66028]]],[[[108.88957,-7.65985],[108.89003,-7.65985],[108.89003,-7.6603],[108.88957,-7.6603],[108.88957,-7.65985]]],[[[108.8905,-7.65776],[108.8905,-7.6578],[108.89052,-7.65804],[108.89052,-7.65804],[108.89054,-7.65821],[108.89059,-7.6585],[108.8905,-7.6585],[108.89049,-7.6585],[108.89004,-7.6585],[108.89004,-7.65895],[108.88958,-7.65895],[108.88958,-7.65849],[108.89004,-7.65849],[108.89004,-7.65804],[108.89004,-7.65759],[108.89048,-7.65759],[108.8905,-7.65776]]],[[[108.88732,-7.65803],[108.88732,-7.65848],[108.88686,-7.65848],[108.88686,-7.65803],[108.88732,-7.65803]]],[[[108.88596,-7.65802],[108.88641,-7.65802],[108.88641,-7.65848],[108.88596,-7.65848],[108.88596,-7.65802]]],[[[108.88822,-7.65758],[108.88868,-7.65758],[108.88868,-7.65713],[108.88914,-7.65713],[108.88914,-7.65759],[108.88868,-7.65759],[108.88868,-7.65804],[108.88822,-7.65804],[108.88822,-7.65758]]],[[[108.88687,-7.65712],[108.88687,-7.65757],[108.88687,-7.65758],[108.88641,-7.65758],[108.88641,-7.65757],[108.88641,-7.65712],[108.88687,-7.65712]]],[[[108.88597,-7.65666],[108.88597,-7.65667],[108.88597,-7.65712],[108.88551,-7.65712],[108.88551,-7.65667],[108.88551,-7.65666],[108.88597,-7.65666]]],[[[108.88688,-7.65622],[108.88688,-7.65667],[108.88642,-7.65667],[108.88642,-7.65622],[108.88597,-7.65622],[108.88597,-7.65576],[108.88643,-7.65576],[108.88643,-7.65622],[108.88688,-7.65622]]],[[[108.89036,-7.65533],[108.89037,-7.65578],[108.89039,-7.65624],[108.89005,-7.65624],[108.89004,-7.65624],[108.89004,-7.65579],[108.89004,-7.65578],[108.89004,-7.65533],[108.89005,-7.65533],[108.89036,-7.65533]]],[[[108.88779,-7.65532],[108.88824,-7.65532],[108.88825,-7.65532],[108.88869,-7.65532],[108.8887,-7.65532],[108.8887,-7.65577],[108.8887,-7.65578],[108.88914,-7.65578],[108.88915,-7.65578],[108.88915,-7.65623],[108.88914,-7.65623],[108.8887,-7.65623],[108.88869,-7.65623],[108.88824,-7.65623],[108.88824,-7.65578],[108.88824,-7.65577],[108.88779,-7.65577],[108.88733,-7.65577],[108.88733,-7.65532],[108.88779,-7.65532]]],[[[108.88552,-7.65576],[108.88552,-7.65621],[108.88506,-7.65621],[108.88506,-7.65576],[108.88552,-7.65576]]],[[[108.88689,-7.65486],[108.88689,-7.65532],[108.88643,-7.65532],[108.88643,-7.65486],[108.88689,-7.65486]]],[[[108.88554,-7.6526],[108.88599,-7.6526],[108.88599,-7.65305],[108.88644,-7.65305],[108.88644,-7.6526],[108.88689,-7.6526],[108.88689,-7.65305],[108.88689,-7.65306],[108.88689,-7.65351],[108.88644,-7.65351],[108.88599,-7.65351],[108.88599,-7.65396],[108.88553,-7.65396],[108.88553,-7.6535],[108.88508,-7.6535],[108.88508,-7.65305],[108.88508,-7.6526],[108.88553,-7.6526],[108.88554,-7.6526]],[[108.88554,-7.65305],[108.88554,-7.6535],[108.88599,-7.6535],[108.88599,-7.65305],[108.88554,-7.65305]]],[[[108.88826,-7.65216],[108.88826,-7.65261],[108.88871,-7.65261],[108.88871,-7.65307],[108.8887,-7.65307],[108.8887,-7.65352],[108.88824,-7.65352],[108.88824,-7.65306],[108.88825,-7.65306],[108.88825,-7.65261],[108.8878,-7.65261],[108.8878,-7.65216],[108.88826,-7.65216]]],[[[108.88644,-7.6517],[108.88644,-7.65215],[108.88599,-7.65215],[108.88599,-7.6517],[108.88644,-7.6517]]],[[[108.88646,-7.64809],[108.88601,-7.64809],[108.88601,-7.64808],[108.88601,-7.64763],[108.88646,-7.64763],[108.88647,-7.64763],[108.88692,-7.64763],[108.88692,-7.64809],[108.88647,-7.64809],[108.88646,-7.64809]]],[[[108.88376,-7.64626],[108.88376,-7.64672],[108.8833,-7.64672],[108.8833,-7.64626],[108.88376,-7.64626]]],[[[108.88871,-7.64462],[108.88875,-7.64487],[108.88875,-7.64488],[108.88874,-7.64488],[108.8884,-7.64491],[108.88829,-7.64492],[108.88822,-7.64493],[108.88783,-7.64493],[108.88783,-7.64448],[108.88829,-7.64448],[108.88869,-7.64448],[108.88871,-7.64462]]],[[[108.88693,-7.64357],[108.88739,-7.64357],[108.88739,-7.64402],[108.88693,-7.64402],[108.88693,-7.64357]]],[[[108.88876,-7.64312],[108.88876,-7.64357],[108.88876,-7.64358],[108.88874,-7.64358],[108.8883,-7.64358],[108.8883,-7.64312],[108.88876,-7.64312]]],[[[108.88831,-7.64177],[108.88831,-7.64222],[108.88785,-7.64222],[108.88785,-7.64177],[108.88831,-7.64177]]],[[[108.88514,-7.6413],[108.88468,-7.6413],[108.88468,-7.64085],[108.88469,-7.64085],[108.88469,-7.6404],[108.88469,-7.63994],[108.88515,-7.63994],[108.88515,-7.6404],[108.88515,-7.64085],[108.88514,-7.64085],[108.88514,-7.6413]]],[[[108.89242,-7.63546],[108.89241,-7.63552],[108.89241,-7.63546],[108.89242,-7.63546]]],[[[108.88608,-7.63408],[108.88608,-7.63453],[108.88562,-7.63453],[108.88562,-7.63408],[108.88562,-7.63407],[108.88608,-7.63407],[108.88608,-7.63408]]],[[[108.88699,-7.63273],[108.88654,-7.63273],[108.88653,-7.63273],[108.88653,-7.63272],[108.88609,-7.63272],[108.88608,-7.63272],[108.88608,-7.63227],[108.88609,-7.63227],[108.88653,-7.63227],[108.88654,-7.63227],[108.88699,-7.63227],[108.88699,-7.63273]]],[[[108.88746,-7.62956],[108.88746,-7.63002],[108.887,-7.63002],[108.887,-7.62956],[108.88746,-7.62956]]],[[[108.88565,-7.62956],[108.88565,-7.63001],[108.88519,-7.63001],[108.88519,-7.62956],[108.88519,-7.62955],[108.88565,-7.62955],[108.88565,-7.62956]]],[[[108.89381,-7.6276],[108.89381,-7.62759],[108.89381,-7.62734],[108.89382,-7.62734],[108.8939,-7.62745],[108.89391,-7.62748],[108.89381,-7.6276]]],[[[108.88932,-7.61964],[108.88886,-7.61964],[108.88886,-7.61963],[108.88841,-7.61963],[108.88841,-7.61932],[108.88855,-7.6194],[108.88887,-7.61941],[108.88893,-7.61941],[108.88932,-7.61943],[108.88978,-7.61946],[108.88978,-7.61946],[108.88988,-7.61947],[108.88991,-7.61951],[108.88995,-7.61955],[108.88994,-7.61958],[108.88996,-7.61961],[108.88996,-7.61961],[108.88997,-7.61961],[108.88997,-7.61962],[108.88998,-7.61962],[108.89,-7.61964],[108.89002,-7.61966],[108.89003,-7.61971],[108.89001,-7.61995],[108.89001,-7.62009],[108.8898,-7.62009],[108.88977,-7.62009],[108.88977,-7.61999],[108.88977,-7.61964],[108.88932,-7.61964]]],[[[108.88841,-7.61963],[108.88841,-7.62008],[108.88795,-7.62008],[108.88795,-7.61963],[108.88841,-7.61963]]],[[[108.88751,-7.61962],[108.88751,-7.62008],[108.88705,-7.62008],[108.88705,-7.61962],[108.88751,-7.61962]]],[[[108.88813,-7.61827],[108.88813,-7.61828],[108.88797,-7.61828],[108.88797,-7.61827],[108.88797,-7.61795],[108.88808,-7.61812],[108.88813,-7.61827]]],[[[108.88698,-7.61737],[108.88684,-7.61737],[108.88684,-7.61736],[108.88688,-7.61736],[108.88698,-7.61736],[108.88698,-7.61737]]],[[[108.88481,-7.61645],[108.88481,-7.6169],[108.88435,-7.6169],[108.88435,-7.61645],[108.88481,-7.61645]]],[[[108.88436,-7.61464],[108.88436,-7.61419],[108.88437,-7.61419],[108.88437,-7.61415],[108.88443,-7.61419],[108.88442,-7.61419],[108.88475,-7.61444],[108.88482,-7.61448],[108.88482,-7.61464],[108.88436,-7.61464]]],[[[108.94001,-7.71935],[108.94001,-7.71928],[108.94033,-7.71928],[108.94009,-7.71934],[108.94005,-7.71935],[108.94002,-7.71935],[108.94001,-7.71935]]],[[[108.94454,-7.71894],[108.94408,-7.71899],[108.94408,-7.71885],[108.94454,-7.71885],[108.94454,-7.71894]]],[[[108.94907,-7.71797],[108.94953,-7.71797],[108.94953,-7.71842],[108.94907,-7.71842],[108.94907,-7.71797]]],[[[108.95972,-7.71643],[108.9597,-7.71644],[108.95969,-7.71644],[108.95968,-7.71645],[108.95966,-7.71646],[108.95964,-7.71647],[108.9596,-7.7165],[108.95958,-7.71651],[108.95957,-7.71652],[108.95956,-7.71653],[108.95954,-7.71654],[108.95952,-7.71656],[108.9595,-7.71657],[108.9595,-7.71621],[108.95987,-7.71621],[108.95987,-7.71635],[108.95986,-7.71635],[108.95984,-7.71637],[108.95983,-7.71637],[108.95982,-7.71638],[108.95981,-7.71638],[108.9598,-7.71639],[108.95973,-7.71642],[108.95972,-7.71643]]],[[[108.96095,-7.69769],[108.96095,-7.69814],[108.9605,-7.69814],[108.96049,-7.69814],[108.96049,-7.69769],[108.9605,-7.69769],[108.96095,-7.69769]]],[[[108.96005,-7.69498],[108.96051,-7.69498],[108.96051,-7.69543],[108.96005,-7.69543],[108.96005,-7.69498]]],[[[108.95734,-7.69451],[108.95734,-7.69496],[108.95689,-7.69496],[108.95689,-7.69451],[108.95734,-7.69451]]],[[[108.95871,-7.69361],[108.95916,-7.69361],[108.95916,-7.69362],[108.95962,-7.69362],[108.95962,-7.69407],[108.95961,-7.69407],[108.95961,-7.69452],[108.95915,-7.69452],[108.95915,-7.69407],[108.95871,-7.69407],[108.9587,-7.69407],[108.95825,-7.69407],[108.95825,-7.69361],[108.9587,-7.69361],[108.95871,-7.69361]]],[[[108.96093,-7.69227],[108.96097,-7.69227],[108.96091,-7.69272],[108.9609,-7.69272],[108.96087,-7.69272],[108.96052,-7.69272],[108.96052,-7.69227],[108.96093,-7.69227]]],[[[108.96052,-7.69137],[108.96052,-7.69136],[108.96053,-7.69136],[108.96098,-7.69136],[108.96098,-7.69137],[108.96098,-7.69182],[108.96053,-7.69182],[108.96052,-7.69182],[108.96052,-7.69137]]],[[[108.94016,-7.68991],[108.94016,-7.69036],[108.94015,-7.69036],[108.9397,-7.69036],[108.9397,-7.68991],[108.94015,-7.68991],[108.94016,-7.68991]]],[[[108.96054,-7.6882],[108.961,-7.6882],[108.961,-7.68866],[108.96054,-7.68866],[108.96054,-7.6882]]],[[[108.96011,-7.68594],[108.96011,-7.68639],[108.95965,-7.68639],[108.95965,-7.68594],[108.96011,-7.68594]]],[[[108.92252,-7.6844],[108.92252,-7.68486],[108.92206,-7.68486],[108.92206,-7.6844],[108.92252,-7.6844]]],[[[108.91799,-7.68348],[108.91845,-7.68348],[108.91845,-7.68393],[108.91799,-7.68393],[108.91799,-7.68348]]],[[[108.93113,-7.68309],[108.93113,-7.68354],[108.93067,-7.68354],[108.93067,-7.68309],[108.93113,-7.68309]]],[[[108.92117,-7.68304],[108.92117,-7.68349],[108.92117,-7.6835],[108.92071,-7.6835],[108.92071,-7.68349],[108.92071,-7.68304],[108.92117,-7.68304]]],[[[108.89626,-7.68338],[108.89625,-7.68338],[108.89625,-7.68337],[108.8958,-7.68337],[108.8958,-7.68292],[108.89625,-7.68292],[108.89626,-7.68292],[108.89671,-7.68292],[108.89671,-7.68338],[108.89626,-7.68338]]],[[[108.93838,-7.68268],[108.93838,-7.68267],[108.93883,-7.68267],[108.93884,-7.68267],[108.93884,-7.68268],[108.93884,-7.68313],[108.93883,-7.68313],[108.93838,-7.68313],[108.93838,-7.68268]]],[[[108.92298,-7.6817],[108.92344,-7.6817],[108.92344,-7.68215],[108.92298,-7.68215],[108.92298,-7.6817]]],[[[108.91846,-7.68167],[108.91846,-7.68213],[108.918,-7.68213],[108.918,-7.68167],[108.91846,-7.68167]]],[[[108.95741,-7.68141],[108.9574,-7.68141],[108.9574,-7.68096],[108.95741,-7.68096],[108.95745,-7.68096],[108.95752,-7.68096],[108.95755,-7.68118],[108.95755,-7.68118],[108.95756,-7.68129],[108.95764,-7.68141],[108.95761,-7.68141],[108.95741,-7.68141]]],[[[108.92072,-7.68078],[108.92072,-7.68123],[108.92027,-7.68123],[108.92026,-7.68123],[108.92026,-7.68078],[108.92027,-7.68078],[108.92072,-7.68078]]],[[[108.91665,-7.68076],[108.91665,-7.68121],[108.91619,-7.68121],[108.91619,-7.68076],[108.91665,-7.68076]]],[[[108.9565,-7.6805],[108.95606,-7.6805],[108.95606,-7.68095],[108.95605,-7.68095],[108.9556,-7.68095],[108.9556,-7.6805],[108.9556,-7.68005],[108.95605,-7.68005],[108.95606,-7.68005],[108.9565,-7.68005],[108.95651,-7.68005],[108.95651,-7.6805],[108.9565,-7.6805]]],[[[108.91212,-7.68074],[108.91167,-7.68074],[108.91167,-7.68062],[108.91178,-7.68056],[108.91195,-7.68044],[108.9121,-7.68029],[108.91211,-7.68029],[108.91212,-7.68029],[108.91213,-7.68029],[108.91213,-7.68074],[108.91212,-7.68074]]],[[[108.91077,-7.68028],[108.91086,-7.68044],[108.91102,-7.68066],[108.91112,-7.68071],[108.91122,-7.68073],[108.91122,-7.68074],[108.91076,-7.68074],[108.91076,-7.68028],[108.91077,-7.68028]]],[[[108.93204,-7.67994],[108.93204,-7.67993],[108.93204,-7.67948],[108.93205,-7.67948],[108.9325,-7.67948],[108.9325,-7.67993],[108.9325,-7.67994],[108.93205,-7.67994],[108.93204,-7.67994]]],[[[108.91582,-7.67943],[108.91584,-7.6794],[108.9162,-7.6794],[108.9162,-7.67986],[108.91574,-7.67986],[108.91574,-7.67952],[108.91574,-7.67951],[108.91582,-7.67943]]],[[[108.95563,-7.67936],[108.95606,-7.67951],[108.95606,-7.6796],[108.9556,-7.6796],[108.9556,-7.67935],[108.95561,-7.67935],[108.95563,-7.67936]]],[[[108.89719,-7.67886],[108.89719,-7.67931],[108.89673,-7.67931],[108.89673,-7.67886],[108.89719,-7.67886]]],[[[108.91982,-7.67852],[108.91996,-7.67852],[108.92004,-7.67876],[108.92015,-7.67897],[108.91982,-7.67897],[108.91982,-7.67852]]],[[[108.93205,-7.67858],[108.93205,-7.6783],[108.93211,-7.6783],[108.93221,-7.67831],[108.93251,-7.6783],[108.9326,-7.67829],[108.93297,-7.6783],[108.93297,-7.67858],[108.93251,-7.67858],[108.93205,-7.67858]]],[[[108.9298,-7.67811],[108.9298,-7.67857],[108.92979,-7.67857],[108.92934,-7.67857],[108.92934,-7.67811],[108.92979,-7.67811],[108.9298,-7.67811]]],[[[108.92662,-7.67765],[108.92708,-7.67765],[108.92708,-7.6781],[108.92662,-7.6781],[108.92662,-7.67765]]],[[[108.91981,-7.67807],[108.91937,-7.67807],[108.91937,-7.67761],[108.91966,-7.67761],[108.91981,-7.67807]]],[[[108.9157,-7.6776],[108.9157,-7.6776],[108.91552,-7.67716],[108.91552,-7.67714],[108.9155,-7.67696],[108.91551,-7.67686],[108.91553,-7.67678],[108.91558,-7.67669],[108.91559,-7.67669],[108.91576,-7.67669],[108.91576,-7.67714],[108.91576,-7.67759],[108.91621,-7.67759],[108.91621,-7.6776],[108.91621,-7.67805],[108.91588,-7.67805],[108.91578,-7.6778],[108.91576,-7.67774],[108.9157,-7.6776]]],[[[108.90901,-7.67757],[108.90896,-7.67757],[108.90896,-7.67756],[108.90896,-7.67748],[108.90898,-7.67749],[108.90901,-7.67756],[108.90901,-7.67757]]],[[[108.93795,-7.67729],[108.93795,-7.6777],[108.93768,-7.6777],[108.93787,-7.67739],[108.93795,-7.67729]]],[[[108.92752,-7.67765],[108.92708,-7.67765],[108.92708,-7.6772],[108.92737,-7.6772],[108.92752,-7.67765]]],[[[108.93659,-7.6768],[108.93659,-7.67679],[108.93659,-7.67639],[108.93663,-7.67679],[108.93667,-7.67725],[108.93659,-7.67725],[108.93659,-7.6768]]],[[[108.9307,-7.67686],[108.93057,-7.677],[108.93049,-7.67716],[108.93048,-7.67722],[108.93025,-7.67722],[108.93025,-7.67676],[108.9307,-7.67676],[108.93071,-7.67676],[108.93082,-7.67676],[108.93082,-7.67677],[108.9307,-7.67686]]],[[[108.92591,-7.67674],[108.92618,-7.67674],[108.92618,-7.67719],[108.92574,-7.67719],[108.92591,-7.67674]]],[[[108.91667,-7.6767],[108.91621,-7.6767],[108.91621,-7.67669],[108.91576,-7.67669],[108.91576,-7.67661],[108.91578,-7.6766],[108.91596,-7.67657],[108.91621,-7.67658],[108.91663,-7.67658],[108.91667,-7.67658],[108.91667,-7.6767]]],[[[108.90852,-7.6762],[108.90866,-7.6762],[108.90866,-7.67621],[108.90867,-7.67622],[108.90869,-7.67635],[108.90871,-7.67663],[108.90871,-7.67666],[108.90852,-7.67666],[108.90852,-7.67621],[108.90852,-7.6762]]],[[[108.92957,-7.67579],[108.92977,-7.67575],[108.9298,-7.67575],[108.92981,-7.67575],[108.92988,-7.67575],[108.93014,-7.6758],[108.93026,-7.67583],[108.9304,-7.67586],[108.93039,-7.67586],[108.93071,-7.67593],[108.93071,-7.67631],[108.93026,-7.67631],[108.93025,-7.67631],[108.9298,-7.67631],[108.9298,-7.67586],[108.92952,-7.67586],[108.92957,-7.67579]]],[[[108.91776,-7.67598],[108.91802,-7.67588],[108.91803,-7.67588],[108.91803,-7.67625],[108.91757,-7.67625],[108.91757,-7.67614],[108.91763,-7.67609],[108.91776,-7.67598]]],[[[108.90218,-7.67572],[108.90263,-7.67572],[108.90263,-7.67618],[108.90218,-7.67618],[108.90218,-7.67572]]],[[[108.93751,-7.67544],[108.93751,-7.67583],[108.93745,-7.67578],[108.93739,-7.67565],[108.93743,-7.6755],[108.93747,-7.67544],[108.93751,-7.67544]]],[[[108.95383,-7.67552],[108.95381,-7.67552],[108.95381,-7.67548],[108.95383,-7.67552]]],[[[108.93796,-7.67544],[108.93751,-7.67544],[108.93751,-7.67537],[108.93754,-7.67531],[108.93757,-7.67528],[108.93796,-7.67512],[108.93827,-7.67499],[108.93842,-7.67499],[108.93842,-7.67545],[108.93796,-7.67545],[108.93796,-7.67544]]],[[[108.95336,-7.67507],[108.9529,-7.67507],[108.9529,-7.67506],[108.9529,-7.67461],[108.95245,-7.67461],[108.95245,-7.67416],[108.95291,-7.67416],[108.95291,-7.67461],[108.95336,-7.67461],[108.95336,-7.67506],[108.95336,-7.67507]]],[[[108.90883,-7.6744],[108.90874,-7.67457],[108.90866,-7.67482],[108.90865,-7.67485],[108.90852,-7.67485],[108.90807,-7.67485],[108.90807,-7.6744],[108.90807,-7.67439],[108.90852,-7.67439],[108.90852,-7.6744],[108.90883,-7.6744]]],[[[108.90265,-7.67256],[108.90265,-7.67301],[108.9022,-7.67301],[108.90219,-7.67301],[108.90174,-7.67301],[108.90174,-7.67256],[108.90219,-7.67256],[108.9022,-7.67256],[108.90265,-7.67256]]],[[[108.94161,-7.6723],[108.9416,-7.6723],[108.94115,-7.6723],[108.94069,-7.6723],[108.94069,-7.67208],[108.94081,-7.67184],[108.94101,-7.67148],[108.94107,-7.67139],[108.94115,-7.67139],[108.94116,-7.67139],[108.94116,-7.67184],[108.9416,-7.67184],[108.94161,-7.67184],[108.94161,-7.6723]]],[[[108.95339,-7.671],[108.95339,-7.67145],[108.95338,-7.67145],[108.95293,-7.67145],[108.95293,-7.671],[108.95338,-7.671],[108.95339,-7.671]]],[[[108.94161,-7.67057],[108.94161,-7.67094],[108.9416,-7.67094],[108.94138,-7.67094],[108.94137,-7.67094],[108.9416,-7.67057],[108.94161,-7.67057]]],[[[108.94478,-7.67048],[108.94481,-7.67044],[108.94489,-7.67017],[108.94489,-7.67005],[108.94524,-7.67005],[108.94524,-7.67051],[108.94523,-7.67051],[108.94523,-7.67096],[108.94478,-7.67096],[108.94477,-7.67096],[108.94432,-7.67096],[108.94432,-7.6707],[108.9445,-7.6707],[108.94469,-7.67058],[108.94475,-7.6705],[108.94476,-7.6705],[108.94478,-7.6705],[108.94478,-7.67048]]],[[[108.94408,-7.6705],[108.94387,-7.6705],[108.94387,-7.67022],[108.94391,-7.67029],[108.94408,-7.6705]]],[[[108.94165,-7.67049],[108.94173,-7.6702],[108.94178,-7.67004],[108.94206,-7.67004],[108.94206,-7.67049],[108.94165,-7.67049]]],[[[108.95383,-7.6701],[108.95383,-7.66965],[108.95391,-7.66965],[108.95386,-7.6701],[108.95387,-7.6701],[108.95384,-7.67038],[108.95383,-7.67038],[108.95383,-7.6701]]],[[[108.94252,-7.66959],[108.94252,-7.67004],[108.94206,-7.67004],[108.94206,-7.66959],[108.94206,-7.66914],[108.94206,-7.66909],[108.94221,-7.66897],[108.94252,-7.66887],[108.94261,-7.66884],[108.94273,-7.66886],[108.94294,-7.66894],[108.94297,-7.66896],[108.94297,-7.66896],[108.94317,-7.66912],[108.94319,-7.66914],[108.94343,-7.66951],[108.94343,-7.66951],[108.94349,-7.6696],[108.9435,-7.66962],[108.94376,-7.67005],[108.94342,-7.67005],[108.94296,-7.67005],[108.94296,-7.66959],[108.94297,-7.66959],[108.94297,-7.66914],[108.94252,-7.66914],[108.94252,-7.66959]]],[[[108.94491,-7.66924],[108.94489,-7.66915],[108.94524,-7.66915],[108.94524,-7.6696],[108.94524,-7.66961],[108.94492,-7.66961],[108.94492,-7.6696],[108.94491,-7.66924]]],[[[108.90448,-7.66941],[108.90447,-7.66941],[108.90402,-7.66941],[108.90402,-7.66895],[108.90448,-7.66895],[108.90448,-7.66896],[108.90462,-7.66896],[108.90481,-7.66941],[108.90448,-7.66941]]],[[[108.94508,-7.66799],[108.94524,-7.66784],[108.94524,-7.66785],[108.94526,-7.66782],[108.94531,-7.6678],[108.94569,-7.6678],[108.94569,-7.66825],[108.94524,-7.66825],[108.94524,-7.6687],[108.94485,-7.6687],[108.94486,-7.66859],[108.94487,-7.66842],[108.94495,-7.66825],[108.94496,-7.66822],[108.94508,-7.66799]]],[[[108.94841,-7.66781],[108.94796,-7.66781],[108.94796,-7.66748],[108.9482,-7.66753],[108.94841,-7.66752],[108.94841,-7.66752],[108.94842,-7.66752],[108.94848,-7.66752],[108.9488,-7.66751],[108.94887,-7.66749],[108.94887,-7.66781],[108.94887,-7.66782],[108.94841,-7.66782],[108.94841,-7.66781]]],[[[108.95385,-7.66725],[108.95386,-7.66726],[108.95387,-7.66729],[108.95387,-7.66729],[108.95391,-7.66739],[108.9539,-7.66739],[108.95389,-7.66739],[108.95386,-7.66739],[108.95385,-7.66739],[108.95385,-7.66784],[108.9534,-7.66784],[108.95339,-7.66784],[108.95294,-7.66784],[108.95294,-7.66738],[108.95294,-7.66709],[108.95339,-7.66709],[108.9534,-7.66709],[108.95343,-7.66709],[108.95363,-7.66707],[108.95363,-7.66708],[108.95385,-7.66725]]],[[[108.94706,-7.66735],[108.94706,-7.66781],[108.9466,-7.66781],[108.9466,-7.6678],[108.94615,-7.6678],[108.94614,-7.6678],[108.94569,-7.6678],[108.94569,-7.6676],[108.94578,-7.66756],[108.94603,-7.66744],[108.94614,-7.6674],[108.94614,-7.6674],[108.94626,-7.66735],[108.9466,-7.66735],[108.94706,-7.66735]]]]}}]}