{"type":"FeatureCollection","district":"KARANGPUCUNG","features":[{"type":"Feature","properties":{"d":"KARANGPUCUNG","net":"FWA-IndoorOutdoor"},"geometry":{"type":"MultiPolygon","coordinates":[[[[108.83555,-7.4138],[108.83555,-7.41425],[108.83555,-7.41426],[108.83509,-7.41426],[108.83509,-7.41425],[108.83509,-7.4138],[108.83555,-7.4138]]],[[[108.83781,-7.41291],[108.83782,-7.41291],[108.83782,-7.41336],[108.83781,-7.41336],[108.83736,-7.41336],[108.83736,-7.41291],[108.83781,-7.41291]]],[[[108.8256,-7.4115],[108.82515,-7.4115],[108.82515,-7.41104],[108.8256,-7.41104],[108.82561,-7.41104],[108.82606,-7.41104],[108.82606,-7.4115],[108.82561,-7.4115],[108.8256,-7.4115]]],[[[108.8428,-7.41067],[108.8428,-7.41113],[108.84235,-7.41113],[108.84235,-7.41067],[108.8428,-7.41067]]],[[[108.82561,-7.41058],[108.82569,-7.4106],[108.82561,-7.4106],[108.82561,-7.41059],[108.82561,-7.41058]]],[[[108.82607,-7.4106],[108.82606,-7.4106],[108.82586,-7.4106],[108.82586,-7.41055],[108.82561,-7.41053],[108.82561,-7.41048],[108.82606,-7.41052],[108.82607,-7.41052],[108.82607,-7.41059],[108.82607,-7.4106]]],[[[108.82741,-7.4106],[108.82741,-7.41043],[108.82741,-7.41042],[108.82742,-7.41042],[108.82787,-7.41019],[108.82787,-7.41022],[108.82787,-7.4106],[108.82742,-7.4106],[108.82741,-7.4106]]],[[[108.83784,-7.40839],[108.83784,-7.40884],[108.83784,-7.40885],[108.83738,-7.40885],[108.83738,-7.40884],[108.83738,-7.40839],[108.83784,-7.40839]]],[[[108.84146,-7.40751],[108.84192,-7.40751],[108.84192,-7.40796],[108.84146,-7.40796],[108.84146,-7.40751]]],[[[108.84744,-7.40717],[108.84762,-7.40717],[108.84762,-7.40735],[108.8478,-7.40735],[108.8478,-7.40736],[108.8478,-7.40754],[108.84734,-7.40754],[108.84734,-7.40717],[108.84744,-7.40717]]],[[[108.84556,-7.40255],[108.84556,-7.40256],[108.84556,-7.40301],[108.8451,-7.40301],[108.8451,-7.40256],[108.8451,-7.40255],[108.84556,-7.40255]]],[[[108.8497,-7.38857],[108.8497,-7.38902],[108.84924,-7.38902],[108.84924,-7.38857],[108.8497,-7.38857]]],[[[108.84699,-7.38811],[108.84698,-7.38811],[108.84698,-7.38766],[108.84698,-7.38765],[108.84699,-7.38765],[108.84744,-7.38765],[108.84744,-7.38766],[108.8479,-7.38766],[108.8479,-7.38811],[108.84835,-7.38811],[108.84835,-7.38856],[108.84835,-7.38857],[108.84789,-7.38857],[108.84789,-7.38856],[108.84789,-7.38811],[108.84744,-7.38811],[108.84699,-7.38811]]],[[[108.85186,-7.38768],[108.85192,-7.38813],[108.85151,-7.38813],[108.85151,-7.38768],[108.85186,-7.38768]]],[[[108.85152,-7.38677],[108.85153,-7.38677],[108.85153,-7.38723],[108.85152,-7.38723],[108.85107,-7.38723],[108.85107,-7.38722],[108.85062,-7.38722],[108.85062,-7.38767],[108.85062,-7.38812],[108.85016,-7.38812],[108.84971,-7.38812],[108.8497,-7.38812],[108.84925,-7.38812],[108.84925,-7.38767],[108.8497,-7.38767],[108.84971,-7.38767],[108.85016,-7.38767],[108.85016,-7.38722],[108.85061,-7.38722],[108.85061,-7.38677],[108.85107,-7.38677],[108.85152,-7.38677]]],[[[108.85062,-7.38586],[108.85062,-7.38632],[108.85017,-7.38632],[108.85017,-7.38586],[108.85062,-7.38586]]],[[[108.85243,-7.38542],[108.85289,-7.38542],[108.85289,-7.38588],[108.85243,-7.38588],[108.85243,-7.38542]]],[[[108.85152,-7.38497],[108.85152,-7.38451],[108.85108,-7.38451],[108.85107,-7.38451],[108.85063,-7.38451],[108.85062,-7.38451],[108.85062,-7.38496],[108.85062,-7.38541],[108.85017,-7.38541],[108.85017,-7.38586],[108.84972,-7.38586],[108.84927,-7.38586],[108.84926,-7.38586],[108.84881,-7.38586],[108.84881,-7.38541],[108.84881,-7.3854],[108.84881,-7.38495],[108.84927,-7.38495],[108.84927,-7.3845],[108.84972,-7.3845],[108.84972,-7.38405],[108.84927,-7.38405],[108.84927,-7.3836],[108.84927,-7.38315],[108.84882,-7.38315],[108.84882,-7.3827],[108.84882,-7.38269],[108.84882,-7.38224],[108.84882,-7.38179],[108.84928,-7.38179],[108.84973,-7.38179],[108.84973,-7.38134],[108.84928,-7.38134],[108.84928,-7.38089],[108.84974,-7.38089],[108.84974,-7.38134],[108.85018,-7.38134],[108.85019,-7.38134],[108.85019,-7.3809],[108.85019,-7.38089],[108.85019,-7.38044],[108.85065,-7.38044],[108.85065,-7.38089],[108.85065,-7.3809],[108.85065,-7.38135],[108.85109,-7.38135],[108.8511,-7.38135],[108.85154,-7.38135],[108.85155,-7.38135],[108.852,-7.38135],[108.852,-7.3818],[108.852,-7.38181],[108.852,-7.38225],[108.852,-7.38226],[108.85245,-7.38226],[108.85245,-7.38271],[108.8529,-7.38271],[108.85336,-7.38271],[108.85336,-7.38317],[108.85335,-7.38317],[108.85335,-7.38299],[108.85298,-7.38299],[108.85298,-7.38317],[108.8529,-7.38317],[108.85245,-7.38317],[108.85245,-7.38361],[108.85245,-7.38362],[108.85199,-7.38362],[108.85199,-7.38361],[108.85154,-7.38361],[108.85154,-7.38406],[108.85153,-7.38406],[108.85153,-7.38451],[108.85198,-7.38451],[108.85198,-7.38452],[108.85244,-7.38452],[108.85244,-7.38497],[108.85198,-7.38497],[108.85198,-7.38542],[108.85198,-7.38587],[108.85153,-7.38587],[108.85152,-7.38587],[108.85107,-7.38587],[108.85107,-7.38542],[108.85152,-7.38542],[108.85152,-7.38497]],[[108.85018,-7.38405],[108.85018,-7.38406],[108.85062,-7.38406],[108.85062,-7.38361],[108.85017,-7.38361],[108.85017,-7.38315],[108.84973,-7.38315],[108.84973,-7.3836],[108.84972,-7.3836],[108.84972,-7.38405],[108.85018,-7.38405]],[[108.85109,-7.38226],[108.85109,-7.38225],[108.85064,-7.38225],[108.85064,-7.3827],[108.85019,-7.3827],[108.85018,-7.3827],[108.85018,-7.38315],[108.85063,-7.38315],[108.85108,-7.38315],[108.85108,-7.38271],[108.85108,-7.3827],[108.85109,-7.3827],[108.85109,-7.38226]],[[108.84928,-7.38269],[108.84928,-7.3827],[108.84928,-7.38315],[108.84972,-7.38315],[108.84972,-7.3827],[108.84973,-7.3827],[108.84973,-7.38225],[108.84928,-7.38225],[108.84928,-7.38269]]],[[[108.84654,-7.38539],[108.84655,-7.38539],[108.84655,-7.38494],[108.84701,-7.38494],[108.84701,-7.3854],[108.847,-7.3854],[108.847,-7.38585],[108.84654,-7.38585],[108.84654,-7.38539]]],[[[108.84655,-7.38404],[108.84701,-7.38404],[108.84701,-7.38449],[108.84655,-7.38449],[108.84655,-7.38404]]],[[[108.84792,-7.38314],[108.84837,-7.38314],[108.84837,-7.38359],[108.84837,-7.3836],[108.84792,-7.3836],[108.84791,-7.3836],[108.84791,-7.38359],[108.84746,-7.38359],[108.84746,-7.38314],[108.84746,-7.38269],[108.84747,-7.38269],[108.84792,-7.38269],[108.84792,-7.38314]]],[[[108.84656,-7.38313],[108.84656,-7.38359],[108.8461,-7.38359],[108.8461,-7.38313],[108.84656,-7.38313]]],[[[108.85335,-7.38203],[108.85335,-7.38181],[108.85381,-7.38181],[108.85381,-7.38226],[108.85381,-7.38227],[108.8538,-7.38227],[108.85335,-7.38227],[108.85335,-7.38203]]],[[[108.85291,-7.3809],[108.85291,-7.38091],[108.85291,-7.38136],[108.85291,-7.38181],[108.8528,-7.38181],[108.85245,-7.38181],[108.85245,-7.38136],[108.85245,-7.38126],[108.85245,-7.38091],[108.85245,-7.3809],[108.85245,-7.38045],[108.85246,-7.38045],[108.85291,-7.38045],[108.85291,-7.3809]]],[[[108.84883,-7.38089],[108.84883,-7.38134],[108.84837,-7.38134],[108.84837,-7.38089],[108.84837,-7.38088],[108.84883,-7.38088],[108.84883,-7.38089]]],[[[108.84793,-7.38088],[108.84793,-7.38133],[108.84747,-7.38133],[108.84747,-7.38088],[108.84793,-7.38088]]],[[[108.84657,-7.38042],[108.84703,-7.38042],[108.84703,-7.38088],[108.84657,-7.38088],[108.84657,-7.38042]]],[[[108.85201,-7.37954],[108.85201,-7.38],[108.85156,-7.38],[108.85155,-7.38],[108.85155,-7.37954],[108.85156,-7.37954],[108.85201,-7.37954]]],[[[108.84839,-7.37998],[108.84838,-7.37998],[108.84793,-7.37998],[108.84793,-7.37953],[108.84838,-7.37953],[108.84839,-7.37953],[108.84884,-7.37953],[108.84884,-7.37998],[108.84839,-7.37998]]],[[[108.85065,-7.37954],[108.8502,-7.37954],[108.8502,-7.37923],[108.8502,-7.37922],[108.8502,-7.37909],[108.85065,-7.37909],[108.85066,-7.37909],[108.85066,-7.37939],[108.85066,-7.37954],[108.85065,-7.37954]]],[[[108.8484,-7.37636],[108.8484,-7.37682],[108.84795,-7.37682],[108.84795,-7.37636],[108.8484,-7.37636]]],[[[108.84705,-7.37636],[108.84705,-7.37681],[108.84659,-7.37681],[108.84659,-7.37636],[108.84705,-7.37636]]],[[[108.83439,-7.37314],[108.83485,-7.37314],[108.83485,-7.37359],[108.83439,-7.37359],[108.83439,-7.37314]]],[[[108.83984,-7.36863],[108.84003,-7.36865],[108.83984,-7.36865],[108.83984,-7.36863]]],[[[108.83894,-7.36856],[108.83894,-7.36864],[108.83861,-7.36864],[108.83879,-7.36858],[108.83894,-7.36856]]],[[[108.86682,-7.4055],[108.86682,-7.40582],[108.86726,-7.40582],[108.86727,-7.40582],[108.86762,-7.40582],[108.86772,-7.40582],[108.86772,-7.40628],[108.86741,-7.40628],[108.86727,-7.40628],[108.86726,-7.40628],[108.86681,-7.40628],[108.86681,-7.40582],[108.86636,-7.40582],[108.86636,-7.40537],[108.86666,-7.40537],[108.86682,-7.40537],[108.86682,-7.4055]]],[[[108.86636,-7.40582],[108.86636,-7.40627],[108.86591,-7.40627],[108.86591,-7.40582],[108.86636,-7.40582]]],[[[108.86229,-7.4058],[108.86275,-7.4058],[108.86275,-7.40625],[108.86275,-7.40626],[108.86229,-7.40626],[108.86229,-7.40625],[108.86229,-7.4058]]],[[[108.86434,-7.40355],[108.86411,-7.40355],[108.86411,-7.40325],[108.86411,-7.4031],[108.86457,-7.4031],[108.86457,-7.40355],[108.86434,-7.40355]]],[[[108.85873,-7.39178],[108.85919,-7.39178],[108.85919,-7.39223],[108.85873,-7.39223],[108.85873,-7.39178]]],[[[108.85513,-7.38815],[108.85559,-7.38815],[108.85559,-7.3886],[108.85513,-7.3886],[108.85513,-7.38815]]],[[[108.86645,-7.38775],[108.86691,-7.38775],[108.86691,-7.3882],[108.86645,-7.3882],[108.86645,-7.38775]]],[[[108.86691,-7.38594],[108.86691,-7.38549],[108.86646,-7.38549],[108.86601,-7.38549],[108.866,-7.38549],[108.866,-7.38504],[108.86555,-7.38504],[108.86555,-7.38503],[108.8651,-7.38503],[108.8651,-7.38458],[108.86555,-7.38458],[108.86556,-7.38458],[108.86601,-7.38458],[108.86601,-7.38503],[108.86646,-7.38503],[108.86646,-7.38504],[108.86692,-7.38504],[108.86692,-7.38549],[108.86737,-7.38549],[108.86737,-7.38594],[108.86781,-7.38594],[108.86781,-7.3855],[108.86827,-7.3855],[108.86827,-7.38595],[108.86782,-7.38595],[108.86782,-7.3864],[108.86826,-7.3864],[108.86827,-7.3864],[108.86872,-7.3864],[108.86872,-7.38685],[108.86872,-7.38686],[108.86872,-7.38731],[108.86826,-7.38731],[108.86781,-7.38731],[108.8678,-7.38731],[108.8678,-7.3873],[108.8678,-7.38685],[108.86736,-7.38685],[108.86735,-7.38685],[108.86735,-7.3864],[108.86691,-7.3864],[108.86691,-7.38595],[108.86691,-7.38594]]],[[[108.85407,-7.38452],[108.85407,-7.38462],[108.85425,-7.38462],[108.85425,-7.38498],[108.85469,-7.38498],[108.8547,-7.38498],[108.85515,-7.38498],[108.85515,-7.38543],[108.8556,-7.38543],[108.8556,-7.38544],[108.8556,-7.38589],[108.85515,-7.38589],[108.85514,-7.38589],[108.85469,-7.38589],[108.85469,-7.38544],[108.85469,-7.38543],[108.85424,-7.38543],[108.85424,-7.38498],[108.85379,-7.38498],[108.85379,-7.38452],[108.85407,-7.38452]]],[[[108.86375,-7.38502],[108.86375,-7.38548],[108.86329,-7.38548],[108.86329,-7.38502],[108.86375,-7.38502]]],[[[108.8642,-7.38458],[108.8642,-7.38457],[108.86465,-7.38457],[108.86466,-7.38457],[108.86466,-7.38458],[108.86466,-7.38503],[108.86465,-7.38503],[108.8642,-7.38503],[108.8642,-7.38458]]],[[[108.86692,-7.38459],[108.86692,-7.38414],[108.86718,-7.38414],[108.86737,-7.38414],[108.86737,-7.38388],[108.86737,-7.38387],[108.86737,-7.38369],[108.86749,-7.38369],[108.86783,-7.38369],[108.86783,-7.38414],[108.86828,-7.38414],[108.86828,-7.38459],[108.86828,-7.38505],[108.86782,-7.38505],[108.86782,-7.38459],[108.86782,-7.38414],[108.86738,-7.38414],[108.86738,-7.38459],[108.86698,-7.38459],[108.86697,-7.38459],[108.86692,-7.38459]]],[[[108.85471,-7.38453],[108.85443,-7.38453],[108.85443,-7.38408],[108.85443,-7.38407],[108.85471,-7.38407],[108.85471,-7.38408],[108.85471,-7.38453]]],[[[108.86376,-7.38367],[108.86376,-7.38412],[108.86375,-7.38412],[108.8633,-7.38412],[108.8633,-7.38367],[108.86375,-7.38367],[108.86376,-7.38367]]],[[[108.86558,-7.38142],[108.86558,-7.38187],[108.86558,-7.38232],[108.86512,-7.38232],[108.86512,-7.38187],[108.86512,-7.38142],[108.86558,-7.38142]]],[[[108.85661,-7.38183],[108.85697,-7.38183],[108.85698,-7.38183],[108.85743,-7.38183],[108.85743,-7.38228],[108.85698,-7.38228],[108.85697,-7.38228],[108.85652,-7.38228],[108.85652,-7.3821],[108.85661,-7.3821],[108.85661,-7.38183]]],[[[108.86421,-7.38141],[108.86467,-7.38141],[108.86467,-7.38187],[108.86421,-7.38187],[108.86421,-7.38141]]],[[[108.86603,-7.38052],[108.86603,-7.38007],[108.86604,-7.38007],[108.86648,-7.38007],[108.86649,-7.38007],[108.86694,-7.38007],[108.86694,-7.38052],[108.86649,-7.38052],[108.86649,-7.38097],[108.86694,-7.38097],[108.86694,-7.38142],[108.86694,-7.38143],[108.86648,-7.38143],[108.86648,-7.38142],[108.86648,-7.38097],[108.86604,-7.38097],[108.86604,-7.38142],[108.86558,-7.38142],[108.86558,-7.38097],[108.86603,-7.38097],[108.86603,-7.38052]]],[[[108.85381,-7.38091],[108.85381,-7.38136],[108.85336,-7.38136],[108.85335,-7.38136],[108.85335,-7.38091],[108.85336,-7.38091],[108.85381,-7.38091]]],[[[108.86695,-7.37736],[108.86695,-7.37691],[108.86651,-7.37691],[108.86651,-7.37736],[108.86605,-7.37736],[108.86605,-7.3769],[108.8665,-7.3769],[108.8665,-7.37646],[108.8665,-7.37645],[108.86605,-7.37645],[108.86605,-7.376],[108.8665,-7.376],[108.86651,-7.376],[108.86651,-7.37555],[108.86606,-7.37555],[108.8656,-7.37555],[108.8656,-7.37509],[108.86561,-7.37509],[108.86561,-7.37464],[108.86516,-7.37464],[108.86471,-7.37464],[108.8647,-7.37464],[108.86426,-7.37464],[108.86425,-7.37464],[108.8638,-7.37464],[108.8638,-7.37418],[108.86425,-7.37418],[108.86425,-7.37373],[108.86426,-7.37373],[108.86426,-7.37328],[108.86426,-7.37283],[108.86426,-7.37238],[108.86426,-7.37193],[108.86426,-7.37192],[108.86472,-7.37192],[108.86472,-7.37193],[108.86516,-7.37193],[108.86516,-7.37148],[108.86517,-7.37148],[108.86517,-7.37103],[108.86517,-7.37102],[108.86563,-7.37102],[108.86563,-7.37103],[108.86607,-7.37103],[108.86607,-7.37058],[108.86562,-7.37058],[108.86562,-7.37012],[108.8658,-7.37012],[108.86581,-7.37014],[108.86595,-7.37022],[108.86608,-7.37026],[108.86611,-7.37026],[108.86644,-7.37031],[108.86654,-7.37032],[108.86654,-7.37058],[108.86684,-7.37058],[108.86688,-7.37072],[108.86696,-7.37102],[108.86697,-7.37103],[108.86699,-7.37108],[108.86699,-7.37149],[108.86698,-7.37149],[108.86698,-7.37194],[108.86743,-7.37194],[108.86743,-7.37191],[108.86745,-7.37194],[108.86744,-7.37194],[108.86758,-7.37227],[108.86764,-7.37239],[108.86785,-7.3728],[108.86788,-7.37284],[108.86788,-7.37285],[108.86743,-7.37285],[108.86743,-7.37329],[108.86788,-7.37329],[108.86788,-7.3733],[108.86826,-7.3733],[108.86827,-7.3733],[108.86832,-7.37335],[108.86833,-7.37335],[108.86878,-7.37374],[108.86878,-7.37375],[108.8688,-7.37375],[108.8691,-7.37393],[108.86923,-7.37402],[108.86923,-7.3742],[108.86923,-7.37421],[108.86952,-7.37421],[108.86968,-7.37432],[108.86974,-7.37435],[108.87011,-7.37459],[108.87014,-7.37461],[108.87014,-7.37461],[108.87025,-7.37466],[108.87025,-7.37467],[108.87013,-7.37467],[108.87013,-7.37511],[108.87013,-7.37512],[108.87013,-7.37556],[108.87013,-7.37557],[108.87058,-7.37557],[108.87058,-7.37602],[108.87058,-7.37647],[108.87013,-7.37647],[108.87013,-7.37692],[108.87057,-7.37692],[108.87058,-7.37692],[108.87058,-7.37737],[108.87058,-7.37738],[108.87102,-7.37738],[108.87102,-7.37693],[108.87102,-7.37647],[108.87103,-7.37647],[108.87148,-7.37647],[108.87148,-7.37693],[108.87193,-7.37693],[108.87193,-7.37738],[108.87193,-7.37783],[108.87193,-7.37784],[108.87148,-7.37784],[108.87148,-7.37828],[108.87148,-7.37873],[108.87148,-7.37874],[108.87148,-7.37919],[108.87148,-7.37964],[108.87102,-7.37964],[108.87102,-7.37919],[108.87102,-7.37874],[108.87102,-7.37873],[108.87057,-7.37873],[108.87012,-7.37873],[108.87011,-7.37873],[108.86966,-7.37873],[108.86966,-7.37828],[108.86966,-7.37782],[108.86922,-7.37782],[108.86922,-7.37827],[108.86876,-7.37827],[108.86876,-7.37782],[108.86832,-7.37782],[108.86831,-7.37782],[108.86786,-7.37782],[108.86741,-7.37782],[108.86741,-7.37826],[108.86786,-7.37826],[108.86786,-7.37827],[108.86831,-7.37827],[108.86831,-7.37872],[108.86875,-7.37872],[108.86876,-7.37872],[108.86921,-7.37872],[108.86921,-7.37917],[108.86921,-7.37918],[108.86921,-7.37963],[108.86876,-7.37963],[108.86875,-7.37963],[108.8683,-7.37963],[108.8683,-7.37918],[108.8683,-7.37917],[108.8683,-7.37872],[108.86786,-7.37872],[108.86785,-7.37872],[108.86785,-7.37917],[108.8674,-7.37917],[108.8674,-7.37962],[108.86694,-7.37962],[108.86694,-7.37917],[108.86694,-7.37872],[108.86649,-7.37872],[108.86649,-7.37871],[108.86649,-7.37826],[108.86694,-7.37826],[108.86695,-7.37826],[108.86695,-7.37781],[108.86695,-7.37736]],[[108.86922,-7.37737],[108.86922,-7.37692],[108.86877,-7.37692],[108.86832,-7.37692],[108.86832,-7.37736],[108.86832,-7.37737],[108.86877,-7.37737],[108.86877,-7.37782],[108.86922,-7.37782],[108.86922,-7.37737]],[[108.87147,-7.37738],[108.87103,-7.37738],[108.87103,-7.37783],[108.87147,-7.37783],[108.87147,-7.37738]]],[[[108.86336,-7.37192],[108.86382,-7.37192],[108.86382,-7.37237],[108.86336,-7.37237],[108.86336,-7.37192]]],[[[108.8611,-7.3701],[108.86156,-7.3701],[108.86156,-7.37056],[108.8611,-7.37056],[108.8611,-7.3701]]],[[[108.86777,-7.39544],[108.86777,-7.39543],[108.86822,-7.39543],[108.86823,-7.39543],[108.86823,-7.39544],[108.86823,-7.39589],[108.86822,-7.39589],[108.86777,-7.39589],[108.86777,-7.39544]]],[[[108.87054,-7.3846],[108.87054,-7.38416],[108.87054,-7.38415],[108.87054,-7.3837],[108.87009,-7.3837],[108.87009,-7.38325],[108.87054,-7.38325],[108.87055,-7.38325],[108.87099,-7.38325],[108.87099,-7.3828],[108.871,-7.3828],[108.871,-7.38235],[108.87055,-7.38235],[108.87055,-7.3828],[108.87009,-7.3828],[108.87009,-7.38235],[108.87009,-7.38234],[108.86964,-7.38234],[108.86964,-7.38189],[108.86964,-7.38144],[108.86919,-7.38144],[108.86919,-7.38098],[108.86965,-7.38098],[108.86965,-7.38099],[108.8701,-7.38099],[108.87011,-7.38099],[108.87055,-7.38099],[108.87055,-7.38054],[108.8701,-7.38054],[108.8701,-7.38009],[108.8701,-7.38008],[108.87011,-7.38008],[108.87011,-7.37964],[108.87011,-7.37963],[108.87011,-7.37918],[108.87057,-7.37918],[108.87057,-7.37963],[108.87057,-7.37964],[108.87057,-7.38009],[108.87102,-7.38009],[108.87102,-7.38054],[108.87101,-7.38054],[108.87101,-7.38099],[108.87147,-7.38099],[108.87147,-7.38145],[108.87191,-7.38145],[108.87191,-7.3819],[108.87146,-7.3819],[108.87146,-7.38235],[108.87191,-7.38235],[108.87191,-7.3828],[108.87236,-7.3828],[108.87236,-7.38281],[108.87281,-7.38281],[108.87281,-7.38326],[108.87326,-7.38326],[108.87326,-7.38289],[108.87372,-7.38301],[108.87372,-7.38326],[108.87372,-7.38327],[108.87326,-7.38327],[108.87326,-7.38371],[108.87371,-7.38371],[108.87371,-7.38372],[108.87416,-7.38372],[108.87416,-7.38327],[108.87462,-7.38327],[108.87508,-7.38327],[108.87508,-7.38372],[108.87507,-7.38372],[108.87507,-7.38417],[108.87507,-7.38418],[108.87461,-7.38418],[108.87461,-7.38417],[108.87417,-7.38417],[108.87416,-7.38417],[108.87416,-7.38462],[108.87371,-7.38462],[108.87371,-7.38507],[108.87371,-7.38552],[108.87415,-7.38552],[108.87415,-7.38507],[108.87461,-7.38507],[108.87461,-7.38463],[108.87461,-7.38462],[108.87507,-7.38462],[108.87507,-7.38463],[108.87552,-7.38463],[108.87552,-7.38508],[108.87552,-7.38553],[108.87507,-7.38553],[108.87506,-7.38553],[108.87461,-7.38553],[108.87461,-7.38598],[108.87417,-7.38598],[108.87415,-7.38598],[108.8737,-7.38598],[108.87369,-7.38598],[108.8733,-7.38598],[108.87325,-7.38598],[108.87324,-7.38598],[108.87324,-7.38552],[108.8728,-7.38552],[108.87279,-7.38552],[108.87279,-7.38507],[108.8728,-7.38507],[108.87325,-7.38507],[108.87325,-7.38462],[108.8737,-7.38462],[108.8737,-7.38417],[108.87326,-7.38417],[108.87325,-7.38417],[108.8728,-7.38417],[108.8728,-7.38462],[108.87235,-7.38462],[108.87235,-7.38506],[108.87235,-7.38507],[108.87235,-7.38552],[108.8719,-7.38552],[108.87189,-7.38552],[108.87144,-7.38552],[108.87144,-7.38551],[108.87099,-7.38551],[108.87099,-7.38506],[108.87099,-7.38461],[108.87055,-7.38461],[108.87055,-7.38506],[108.87054,-7.38506],[108.87009,-7.38506],[108.87009,-7.3846],[108.87054,-7.3846]],[[108.8701,-7.38144],[108.8701,-7.38189],[108.87055,-7.38189],[108.87055,-7.38145],[108.87055,-7.38144],[108.87011,-7.38144],[108.8701,-7.38144]],[[108.8719,-7.38416],[108.87234,-7.38416],[108.87235,-7.38416],[108.87235,-7.38371],[108.8719,-7.38371],[108.87145,-7.38371],[108.87144,-7.38371],[108.871,-7.38371],[108.871,-7.38415],[108.871,-7.38416],[108.87144,-7.38416],[108.87145,-7.38416],[108.87189,-7.38416],[108.8719,-7.38416]]],[[[108.86964,-7.38415],[108.86964,-7.3846],[108.86918,-7.3846],[108.86918,-7.38415],[108.86964,-7.38415]]],[[[108.86738,-7.38188],[108.86784,-7.38188],[108.86784,-7.38233],[108.86738,-7.38233],[108.86738,-7.38188]]],[[[108.86784,-7.38098],[108.86829,-7.38098],[108.86829,-7.38143],[108.86784,-7.38143],[108.86784,-7.38098]]],[[[108.86739,-7.38052],[108.86784,-7.38052],[108.86784,-7.38098],[108.86739,-7.38098],[108.86739,-7.38052]]],[[[108.87259,-7.42979],[108.87259,-7.43025],[108.87213,-7.43025],[108.87213,-7.42979],[108.87259,-7.42979]]],[[[108.87625,-7.42078],[108.87625,-7.42123],[108.87579,-7.42123],[108.87579,-7.42078],[108.87579,-7.42077],[108.87625,-7.42077],[108.87625,-7.42078]]],[[[108.87083,-7.41713],[108.87084,-7.41713],[108.87084,-7.41759],[108.87083,-7.41759],[108.87038,-7.41759],[108.87038,-7.41713],[108.87083,-7.41713]]],[[[108.87672,-7.41671],[108.87717,-7.41671],[108.87717,-7.41626],[108.87763,-7.41626],[108.87763,-7.41671],[108.87763,-7.41672],[108.87763,-7.41717],[108.87763,-7.41762],[108.87807,-7.41762],[108.87808,-7.41762],[108.87808,-7.41807],[108.87852,-7.41807],[108.87853,-7.41807],[108.87853,-7.41808],[108.87853,-7.41853],[108.87897,-7.41853],[108.87898,-7.41853],[108.87898,-7.41898],[108.87898,-7.41943],[108.87898,-7.41944],[108.87897,-7.41944],[108.87852,-7.41944],[108.87852,-7.41943],[108.87807,-7.41943],[108.87807,-7.41898],[108.87807,-7.41853],[108.87807,-7.41808],[108.87762,-7.41808],[108.87762,-7.41807],[108.87717,-7.41807],[108.87717,-7.41762],[108.87717,-7.41717],[108.87672,-7.41717],[108.87627,-7.41717],[108.87627,-7.41716],[108.87627,-7.41671],[108.87672,-7.41671]]],[[[108.87537,-7.41626],[108.87491,-7.41626],[108.87491,-7.41625],[108.87446,-7.41625],[108.87446,-7.4158],[108.87491,-7.4158],[108.87492,-7.4158],[108.87537,-7.4158],[108.87537,-7.41625],[108.87537,-7.41626]]],[[[108.87356,-7.41579],[108.87356,-7.41625],[108.8731,-7.41625],[108.8731,-7.41579],[108.87356,-7.41579]]],[[[108.87312,-7.41353],[108.87357,-7.41353],[108.87357,-7.41399],[108.87312,-7.41399],[108.87311,-7.41399],[108.87311,-7.41353],[108.87312,-7.41353]]],[[[108.87585,-7.40948],[108.87586,-7.40948],[108.87586,-7.40993],[108.87585,-7.40993],[108.8754,-7.40993],[108.8754,-7.40948],[108.87585,-7.40948]]],[[[108.87133,-7.4081],[108.87179,-7.4081],[108.87179,-7.40856],[108.87133,-7.40856],[108.87133,-7.4081]]],[[[108.87316,-7.4045],[108.87316,-7.40495],[108.8727,-7.40495],[108.8727,-7.4045],[108.8727,-7.40449],[108.87316,-7.40449],[108.87316,-7.4045]]],[[[108.87594,-7.39095],[108.87594,-7.39141],[108.87548,-7.39141],[108.87548,-7.39095],[108.87594,-7.39095]]],[[[108.87232,-7.39049],[108.87186,-7.39049],[108.87186,-7.39004],[108.87187,-7.39003],[108.87232,-7.39003],[108.87232,-7.39049]]],[[[108.87144,-7.38641],[108.87144,-7.38642],[108.87144,-7.38687],[108.87098,-7.38687],[108.87098,-7.38642],[108.87098,-7.38641],[108.87144,-7.38641]]],[[[108.87687,-7.38554],[108.87687,-7.38599],[108.87687,-7.38644],[108.87642,-7.38644],[108.87641,-7.38644],[108.87597,-7.38644],[108.87596,-7.38644],[108.87551,-7.38644],[108.87551,-7.38598],[108.87596,-7.38598],[108.87596,-7.38554],[108.87596,-7.38553],[108.87642,-7.38553],[108.87642,-7.38554],[108.87687,-7.38554]]],[[[108.87598,-7.38418],[108.87598,-7.38463],[108.87552,-7.38463],[108.87552,-7.38418],[108.87552,-7.38373],[108.87552,-7.38372],[108.87598,-7.38372],[108.87598,-7.38373],[108.87598,-7.38418]]],[[[108.87236,-7.381],[108.87282,-7.381],[108.87327,-7.381],[108.87328,-7.381],[108.87373,-7.381],[108.87373,-7.38055],[108.87418,-7.38055],[108.87418,-7.38101],[108.87373,-7.38101],[108.87373,-7.38146],[108.87328,-7.38146],[108.87327,-7.38146],[108.87282,-7.38146],[108.87282,-7.38145],[108.87236,-7.38145],[108.87236,-7.381]]],[[[108.87509,-7.38011],[108.87509,-7.38056],[108.87463,-7.38056],[108.87463,-7.38011],[108.87463,-7.37966],[108.87463,-7.37965],[108.87509,-7.37965],[108.87509,-7.37966],[108.87509,-7.38011]]],[[[108.87328,-7.37965],[108.87373,-7.37965],[108.87373,-7.3801],[108.87373,-7.38055],[108.87328,-7.38055],[108.87328,-7.3801],[108.87283,-7.3801],[108.87282,-7.3801],[108.87282,-7.37965],[108.87283,-7.37965],[108.87328,-7.37965]]],[[[108.87238,-7.37874],[108.87283,-7.37874],[108.87283,-7.37919],[108.87238,-7.37919],[108.87237,-7.37919],[108.87237,-7.37874],[108.87238,-7.37874]]],[[[108.87329,-7.37694],[108.87375,-7.37694],[108.87375,-7.37739],[108.87329,-7.37739],[108.87284,-7.37739],[108.87284,-7.37784],[108.87283,-7.37784],[108.87283,-7.37829],[108.87238,-7.37829],[108.87237,-7.37829],[108.87237,-7.37784],[108.87238,-7.37784],[108.87238,-7.37739],[108.87238,-7.37738],[108.87283,-7.37738],[108.87283,-7.37694],[108.87283,-7.37693],[108.87329,-7.37693],[108.87329,-7.37694]]],[[[108.87375,-7.37649],[108.87375,-7.37604],[108.87411,-7.37604],[108.87421,-7.3761],[108.87421,-7.37649],[108.87375,-7.37649]]],[[[108.87761,-7.41988],[108.87716,-7.41988],[108.87716,-7.41943],[108.87716,-7.41897],[108.87762,-7.41897],[108.87762,-7.41943],[108.87762,-7.41988],[108.87806,-7.41988],[108.87807,-7.41988],[108.87852,-7.41988],[108.87852,-7.42033],[108.87852,-7.42034],[108.87897,-7.42034],[108.87897,-7.42079],[108.87852,-7.42079],[108.87851,-7.42079],[108.87807,-7.42079],[108.87806,-7.42079],[108.87761,-7.42079],[108.87761,-7.42033],[108.87761,-7.41988]]],[[[108.87988,-7.41899],[108.88033,-7.41899],[108.88033,-7.41944],[108.87988,-7.41944],[108.87987,-7.41944],[108.87987,-7.41899],[108.87988,-7.41899]]],[[[108.88034,-7.41764],[108.88034,-7.41763],[108.87995,-7.41763],[108.87988,-7.41763],[108.87988,-7.41748],[108.87988,-7.41718],[108.87989,-7.41718],[108.87989,-7.41673],[108.87956,-7.41673],[108.87944,-7.41673],[108.87944,-7.41718],[108.87898,-7.41718],[108.87898,-7.41672],[108.87943,-7.41672],[108.87943,-7.41632],[108.87943,-7.41627],[108.87944,-7.41627],[108.87944,-7.41583],[108.87944,-7.41582],[108.8793,-7.41582],[108.87899,-7.41582],[108.87899,-7.41537],[108.87854,-7.41537],[108.87808,-7.41537],[108.87808,-7.41491],[108.87763,-7.41491],[108.87763,-7.41446],[108.87719,-7.41446],[108.87719,-7.41491],[108.87673,-7.41491],[108.87673,-7.41445],[108.87718,-7.41445],[108.87718,-7.414],[108.87764,-7.414],[108.87764,-7.41356],[108.87764,-7.41355],[108.8781,-7.41355],[108.8781,-7.41311],[108.87764,-7.41311],[108.87764,-7.4131],[108.87764,-7.41265],[108.87765,-7.41265],[108.87765,-7.4122],[108.8781,-7.4122],[108.87811,-7.4122],[108.87855,-7.4122],[108.87856,-7.4122],[108.879,-7.4122],[108.879,-7.41175],[108.87901,-7.41175],[108.87946,-7.41175],[108.87946,-7.41221],[108.87901,-7.41221],[108.87901,-7.41265],[108.87901,-7.41266],[108.87901,-7.41311],[108.87945,-7.41311],[108.87946,-7.41311],[108.8799,-7.41311],[108.8799,-7.41266],[108.87991,-7.41266],[108.8801,-7.41266],[108.88036,-7.41266],[108.88036,-7.41312],[108.88081,-7.41312],[108.88081,-7.41357],[108.88081,-7.41402],[108.88036,-7.41402],[108.87991,-7.41402],[108.87991,-7.41447],[108.8795,-7.41447],[108.87945,-7.41447],[108.87945,-7.4145],[108.87945,-7.41492],[108.87945,-7.41537],[108.87989,-7.41537],[108.8799,-7.41537],[108.8799,-7.41492],[108.88035,-7.41492],[108.88036,-7.41492],[108.8808,-7.41492],[108.88081,-7.41492],[108.88126,-7.41492],[108.88126,-7.41493],[108.88126,-7.41538],[108.88081,-7.41538],[108.88081,-7.41583],[108.88126,-7.41583],[108.88126,-7.41628],[108.8808,-7.41628],[108.8808,-7.41673],[108.88035,-7.41673],[108.88035,-7.41718],[108.88079,-7.41718],[108.8808,-7.41718],[108.88125,-7.41718],[108.88125,-7.41719],[108.8817,-7.41719],[108.88215,-7.41719],[108.88216,-7.41719],[108.88261,-7.41719],[108.88261,-7.41764],[108.88306,-7.41764],[108.88306,-7.41765],[108.88306,-7.4181],[108.8835,-7.4181],[108.88351,-7.4181],[108.88396,-7.4181],[108.88441,-7.4181],[108.88441,-7.41765],[108.88396,-7.41765],[108.88396,-7.4172],[108.88441,-7.4172],[108.88441,-7.41675],[108.88487,-7.41675],[108.88487,-7.4172],[108.88442,-7.4172],[108.88442,-7.41765],[108.88486,-7.41765],[108.88487,-7.41765],[108.88487,-7.41811],[108.88486,-7.41811],[108.88442,-7.41811],[108.88442,-7.41856],[108.88441,-7.41856],[108.88396,-7.41856],[108.8835,-7.41856],[108.8835,-7.41855],[108.88305,-7.41855],[108.88305,-7.4181],[108.88261,-7.4181],[108.8826,-7.4181],[108.88215,-7.4181],[108.88215,-7.41855],[108.88169,-7.41855],[108.88169,-7.41809],[108.88125,-7.41809],[108.88124,-7.41809],[108.88079,-7.41809],[108.88079,-7.41764],[108.88034,-7.41764]],[[108.88034,-7.41673],[108.88034,-7.41628],[108.88034,-7.41583],[108.8799,-7.41583],[108.8799,-7.41628],[108.87989,-7.41628],[108.87989,-7.41673],[108.88034,-7.41673]],[[108.87993,-7.41312],[108.87992,-7.41312],[108.87991,-7.41312],[108.87991,-7.41316],[108.87991,-7.41357],[108.88036,-7.41357],[108.88036,-7.41312],[108.87993,-7.41312]],[[108.879,-7.41311],[108.87856,-7.41311],[108.87856,-7.41356],[108.879,-7.41356],[108.879,-7.41311]],[[108.87968,-7.41401],[108.8799,-7.41401],[108.8799,-7.41357],[108.87979,-7.41357],[108.87945,-7.41357],[108.87945,-7.41356],[108.87901,-7.41356],[108.87901,-7.41401],[108.879,-7.41401],[108.879,-7.41446],[108.87945,-7.41446],[108.87945,-7.41401],[108.87968,-7.41401]],[[108.8781,-7.41446],[108.87809,-7.41446],[108.87809,-7.41491],[108.87854,-7.41491],[108.87899,-7.41491],[108.87899,-7.41447],[108.87854,-7.41447],[108.87854,-7.41446],[108.8781,-7.41446]]],[[[108.87943,-7.41763],[108.87943,-7.41808],[108.87898,-7.41808],[108.87897,-7.41808],[108.87897,-7.41763],[108.87898,-7.41763],[108.87943,-7.41763]]],[[[108.87899,-7.41582],[108.87899,-7.41627],[108.87853,-7.41627],[108.87853,-7.41582],[108.87899,-7.41582]]],[[[108.87672,-7.41536],[108.87718,-7.41536],[108.87718,-7.41581],[108.87672,-7.41581],[108.87672,-7.41536]]],[[[108.88173,-7.41222],[108.88172,-7.41222],[108.88172,-7.41267],[108.88126,-7.41267],[108.88126,-7.41222],[108.88081,-7.41222],[108.88081,-7.41215],[108.88127,-7.41216],[108.88173,-7.41217],[108.88173,-7.41222]]],[[[108.87991,-7.41221],[108.87991,-7.41176],[108.88027,-7.41176],[108.88033,-7.41197],[108.88034,-7.41196],[108.88034,-7.41195],[108.88035,-7.41195],[108.88035,-7.41194],[108.88036,-7.41194],[108.88037,-7.41194],[108.88037,-7.41221],[108.88029,-7.41221],[108.87991,-7.41221]]],[[[108.87811,-7.4113],[108.87856,-7.4113],[108.87856,-7.41175],[108.87811,-7.41175],[108.8781,-7.41175],[108.8781,-7.4113],[108.87811,-7.4113]]],[[[108.87721,-7.41084],[108.87721,-7.41129],[108.8772,-7.41129],[108.87675,-7.41129],[108.87675,-7.41084],[108.8772,-7.41084],[108.87721,-7.41084]]],[[[108.87857,-7.40994],[108.87857,-7.4104],[108.87811,-7.4104],[108.87811,-7.40994],[108.87857,-7.40994]]],[[[108.88048,-7.40995],[108.88037,-7.41033],[108.88037,-7.40995],[108.88048,-7.40995]]],[[[108.87994,-7.4086],[108.87993,-7.4086],[108.87993,-7.40905],[108.87947,-7.40905],[108.87947,-7.40859],[108.87948,-7.40859],[108.87948,-7.40814],[108.87903,-7.40814],[108.87903,-7.40769],[108.87949,-7.40769],[108.87949,-7.40814],[108.87994,-7.40814],[108.87994,-7.4086]]],[[[108.88182,-7.39099],[108.88182,-7.39054],[108.88182,-7.39053],[108.88182,-7.39008],[108.88228,-7.39008],[108.88228,-7.39053],[108.88228,-7.39054],[108.88228,-7.39099],[108.88273,-7.39099],[108.88273,-7.39144],[108.88273,-7.39189],[108.88273,-7.39234],[108.88227,-7.39234],[108.88181,-7.39234],[108.88181,-7.39189],[108.88136,-7.39189],[108.88136,-7.39143],[108.88182,-7.39143],[108.88182,-7.39144],[108.88227,-7.39144],[108.88227,-7.39099],[108.88182,-7.39099]]],[[[108.88092,-7.39188],[108.88046,-7.39188],[108.88001,-7.39188],[108.88,-7.39188],[108.88,-7.39143],[108.88001,-7.39143],[108.88001,-7.39098],[108.88046,-7.39098],[108.88047,-7.39098],[108.88092,-7.39098],[108.88092,-7.39143],[108.88092,-7.39188]]],[[[108.87959,-7.38646],[108.87959,-7.38691],[108.87913,-7.38691],[108.87913,-7.38646],[108.87913,-7.38645],[108.87913,-7.386],[108.87959,-7.386],[108.87959,-7.38645],[108.87959,-7.38646]]],[[[108.87823,-7.386],[108.87823,-7.38645],[108.87868,-7.38645],[108.87868,-7.3869],[108.87823,-7.3869],[108.87822,-7.3869],[108.87777,-7.3869],[108.87777,-7.38645],[108.87732,-7.38645],[108.87732,-7.38599],[108.87777,-7.38599],[108.87778,-7.38599],[108.87823,-7.38599],[108.87823,-7.386]]],[[[108.87868,-7.38509],[108.87869,-7.38509],[108.87869,-7.38555],[108.87868,-7.38555],[108.87823,-7.38555],[108.87823,-7.38509],[108.87868,-7.38509]]],[[[108.87778,-7.38464],[108.87779,-7.38464],[108.87779,-7.38509],[108.87778,-7.38509],[108.87733,-7.38509],[108.87733,-7.38464],[108.87778,-7.38464]]],[[[108.87688,-7.38463],[108.87688,-7.38509],[108.87642,-7.38509],[108.87642,-7.38463],[108.87688,-7.38463]]],[[[108.88979,-7.44683],[108.8897,-7.4468],[108.8897,-7.44659],[108.89016,-7.44659],[108.89016,-7.447],[108.88979,-7.44683]]],[[[108.88921,-7.44659],[108.88925,-7.44659],[108.88925,-7.44661],[108.88921,-7.44659]]],[[[108.89017,-7.44298],[108.89018,-7.44298],[108.89018,-7.44343],[108.89017,-7.44343],[108.88972,-7.44343],[108.88972,-7.44298],[108.89017,-7.44298]]],[[[108.8861,-7.44296],[108.88656,-7.44296],[108.88656,-7.44342],[108.8861,-7.44342],[108.8861,-7.44296]]],[[[108.89018,-7.44163],[108.89018,-7.44208],[108.88972,-7.44208],[108.88972,-7.44163],[108.88972,-7.44162],[108.89018,-7.44162],[108.89018,-7.44163]]],[[[108.88928,-7.44027],[108.88928,-7.44072],[108.88882,-7.44072],[108.88882,-7.44027],[108.88882,-7.44026],[108.88928,-7.44026],[108.88928,-7.44027]]],[[[108.88974,-7.43891],[108.88929,-7.43891],[108.88929,-7.43846],[108.88975,-7.43846],[108.88975,-7.43891],[108.8902,-7.43891],[108.8902,-7.43937],[108.89065,-7.43937],[108.89065,-7.43982],[108.8906,-7.43982],[108.89055,-7.43982],[108.89019,-7.43982],[108.89019,-7.43966],[108.89019,-7.43937],[108.88974,-7.43937],[108.88974,-7.43891]],[[108.89058,-7.43962],[108.89058,-7.43963],[108.89058,-7.43964],[108.89058,-7.43964],[108.89059,-7.43958],[108.89057,-7.43958],[108.89058,-7.43962]]],[[[108.88703,-7.43799],[108.88703,-7.438],[108.88748,-7.438],[108.88748,-7.43755],[108.88748,-7.4371],[108.88794,-7.4371],[108.88794,-7.43665],[108.88794,-7.43619],[108.8884,-7.43619],[108.8884,-7.43665],[108.88885,-7.43665],[108.88885,-7.4362],[108.88885,-7.43575],[108.88885,-7.4353],[108.88885,-7.43529],[108.88885,-7.43484],[108.88886,-7.43484],[108.88931,-7.43484],[108.88931,-7.43529],[108.88931,-7.4353],[108.88975,-7.4353],[108.88976,-7.4353],[108.89021,-7.4353],[108.89021,-7.43575],[108.89065,-7.43575],[108.89066,-7.43575],[108.89111,-7.43575],[108.89111,-7.43576],[108.89111,-7.43621],[108.89066,-7.43621],[108.89065,-7.43621],[108.89021,-7.43621],[108.89021,-7.43666],[108.88976,-7.43666],[108.88976,-7.4371],[108.88976,-7.43711],[108.8902,-7.43711],[108.89021,-7.43711],[108.89066,-7.43711],[108.89066,-7.43756],[108.89021,-7.43756],[108.8902,-7.43756],[108.88976,-7.43756],[108.88975,-7.43756],[108.8893,-7.43756],[108.88885,-7.43756],[108.88885,-7.43801],[108.88839,-7.43801],[108.88839,-7.43845],[108.88839,-7.43846],[108.88793,-7.43846],[108.88793,-7.4389],[108.88793,-7.43891],[108.88747,-7.43891],[108.88747,-7.4389],[108.88747,-7.43845],[108.88703,-7.43845],[108.88702,-7.43845],[108.88666,-7.43845],[108.88665,-7.438],[108.88665,-7.43799],[108.88703,-7.43799]],[[108.88931,-7.43575],[108.88931,-7.4362],[108.88975,-7.4362],[108.88975,-7.43575],[108.88931,-7.43575]]],[[[108.88795,-7.43575],[108.88795,-7.43574],[108.88795,-7.43529],[108.8884,-7.43529],[108.88841,-7.43529],[108.88841,-7.43574],[108.88841,-7.43575],[108.8884,-7.43575],[108.88795,-7.43575]]],[[[108.8857,-7.43178],[108.88538,-7.43167],[108.88525,-7.43178],[108.88525,-7.43166],[108.8857,-7.43166],[108.8857,-7.43178]]],[[[108.88751,-7.43077],[108.88797,-7.43077],[108.88797,-7.43122],[108.88797,-7.43123],[108.88751,-7.43123],[108.88751,-7.43122],[108.88751,-7.43077]]],[[[108.88888,-7.43078],[108.88888,-7.43123],[108.88842,-7.43123],[108.88842,-7.43078],[108.88842,-7.43077],[108.88888,-7.43077],[108.88888,-7.43078]]],[[[108.883,-7.4303],[108.883,-7.43075],[108.88254,-7.43075],[108.88254,-7.4303],[108.88254,-7.43029],[108.883,-7.43029],[108.883,-7.4303]]],[[[108.88843,-7.42806],[108.88844,-7.42806],[108.88889,-7.42806],[108.88889,-7.42852],[108.88889,-7.42897],[108.88843,-7.42897],[108.88843,-7.42852],[108.88843,-7.42806]]],[[[108.88935,-7.42716],[108.88935,-7.42717],[108.88889,-7.42717],[108.88889,-7.42716],[108.88889,-7.42671],[108.88889,-7.42626],[108.88899,-7.42626],[108.88899,-7.42635],[108.88935,-7.42635],[108.88935,-7.42671],[108.88935,-7.42716]]],[[[108.88256,-7.42623],[108.88256,-7.42668],[108.8821,-7.42668],[108.8821,-7.42623],[108.88256,-7.42623]]],[[[108.88439,-7.42172],[108.88485,-7.42172],[108.88485,-7.42217],[108.88439,-7.42217],[108.88439,-7.42172]]],[[[108.88394,-7.41991],[108.8835,-7.41991],[108.8835,-7.42036],[108.88304,-7.42036],[108.88304,-7.41991],[108.88349,-7.41991],[108.88349,-7.41946],[108.88395,-7.41946],[108.88395,-7.41991],[108.8844,-7.41991],[108.8844,-7.42036],[108.88394,-7.42036],[108.88394,-7.41991]]],[[[108.88711,-7.41947],[108.88712,-7.41947],[108.88734,-7.41947],[108.88745,-7.41947],[108.88757,-7.41947],[108.88757,-7.41964],[108.88757,-7.41966],[108.88748,-7.41966],[108.88721,-7.41966],[108.88721,-7.41993],[108.88712,-7.41993],[108.88711,-7.41993],[108.88711,-7.41947]]],[[[108.88262,-7.41313],[108.88308,-7.41313],[108.88308,-7.41358],[108.88262,-7.41358],[108.88262,-7.41313]]],[[[108.88851,-7.41261],[108.88851,-7.4127],[108.88805,-7.4127],[108.88805,-7.41225],[108.88833,-7.41225],[108.88833,-7.41261],[108.88851,-7.41261]]],[[[108.88761,-7.41225],[108.88715,-7.41225],[108.88715,-7.4118],[108.88715,-7.41179],[108.88715,-7.41134],[108.8876,-7.41134],[108.88761,-7.41134],[108.88806,-7.41134],[108.88806,-7.4118],[108.88761,-7.4118],[108.88761,-7.41225]]],[[[108.88685,-7.40095],[108.88721,-7.40095],[108.88721,-7.4014],[108.88716,-7.4014],[108.88685,-7.40095]]],[[[108.88902,-7.3996],[108.88948,-7.3996],[108.88948,-7.40006],[108.88902,-7.40006],[108.88902,-7.3996]]],[[[108.88678,-7.39598],[108.88678,-7.39643],[108.88678,-7.39688],[108.88632,-7.39688],[108.88632,-7.39643],[108.88632,-7.39598],[108.88678,-7.39598]]],[[[108.88589,-7.39416],[108.88589,-7.39462],[108.88543,-7.39462],[108.88543,-7.39416],[108.88589,-7.39416]]],[[[108.8895,-7.39328],[108.88996,-7.39328],[108.88996,-7.39373],[108.8895,-7.39373],[108.8895,-7.39328]]],[[[108.8886,-7.39282],[108.88906,-7.39282],[108.88906,-7.39328],[108.8886,-7.39328],[108.8886,-7.39282]]],[[[108.8868,-7.39146],[108.88725,-7.39146],[108.88725,-7.39191],[108.8868,-7.39191],[108.8868,-7.39236],[108.8868,-7.39281],[108.88725,-7.39281],[108.88725,-7.39282],[108.88725,-7.39327],[108.88679,-7.39327],[108.88679,-7.39282],[108.88634,-7.39282],[108.88634,-7.39281],[108.88634,-7.39236],[108.88634,-7.39191],[108.88635,-7.39191],[108.88679,-7.39191],[108.88679,-7.39146],[108.8868,-7.39146]]],[[[108.88364,-7.39157],[108.88364,-7.39172],[108.88364,-7.3919],[108.88318,-7.3919],[108.88318,-7.39144],[108.88342,-7.39144],[108.88353,-7.39144],[108.88364,-7.39144],[108.88364,-7.39157]]],[[[108.89043,-7.39012],[108.89043,-7.39057],[108.88997,-7.39057],[108.88997,-7.39012],[108.89043,-7.39012]]],[[[108.88544,-7.3901],[108.8859,-7.3901],[108.8859,-7.39055],[108.88544,-7.39055],[108.88544,-7.3901]]],[[[108.8859,-7.38875],[108.88587,-7.38875],[108.88572,-7.38875],[108.88545,-7.38875],[108.88545,-7.38874],[108.88545,-7.38854],[108.88545,-7.38844],[108.88545,-7.38829],[108.8859,-7.38829],[108.88591,-7.38829],[108.88636,-7.38829],[108.88636,-7.38874],[108.88636,-7.38875],[108.88636,-7.3892],[108.88636,-7.38946],[108.88636,-7.38957],[108.88636,-7.38965],[108.8859,-7.38965],[108.8859,-7.3892],[108.8859,-7.38888],[108.8859,-7.38877],[108.8859,-7.38875]]],[[[108.88364,-7.38919],[108.88374,-7.38919],[108.88409,-7.38919],[108.88455,-7.38919],[108.88455,-7.38964],[108.88409,-7.38964],[108.88364,-7.38964],[108.88364,-7.38949],[108.88364,-7.38921],[108.88364,-7.38919]]],[[[108.88727,-7.3883],[108.88718,-7.3883],[108.88705,-7.3883],[108.88681,-7.3883],[108.88681,-7.38808],[108.88681,-7.38796],[108.88681,-7.38785],[108.88681,-7.38784],[108.88727,-7.38784],[108.88727,-7.38785],[108.88727,-7.3883]]],[[[108.88863,-7.38785],[108.88908,-7.38785],[108.88908,-7.38831],[108.88863,-7.38831],[108.88863,-7.38785]]],[[[108.88275,-7.38737],[108.88275,-7.38783],[108.88229,-7.38783],[108.88229,-7.38737],[108.88275,-7.38737]]],[[[108.88571,-7.38694],[108.88592,-7.38651],[108.88592,-7.38694],[108.88571,-7.38694]]],[[[108.88999,-7.38605],[108.89045,-7.38605],[108.89045,-7.38651],[108.88999,-7.38651],[108.88999,-7.38605]]],[[[108.88909,-7.38515],[108.88909,-7.38514],[108.88909,-7.38469],[108.88955,-7.38469],[108.88955,-7.38514],[108.88955,-7.38515],[108.88955,-7.3856],[108.88909,-7.3856],[108.88909,-7.38515]]],[[[108.88864,-7.38469],[108.88864,-7.38514],[108.88818,-7.38514],[108.88818,-7.38469],[108.88864,-7.38469]]],[[[108.88956,-7.38198],[108.88957,-7.38198],[108.88957,-7.38244],[108.88956,-7.38244],[108.88911,-7.38244],[108.88911,-7.38198],[108.88956,-7.38198]]],[[[108.89107,-7.44434],[108.89153,-7.44434],[108.89153,-7.4448],[108.89107,-7.4448],[108.89107,-7.44434]]],[[[108.89108,-7.44299],[108.89153,-7.44299],[108.89153,-7.44344],[108.89108,-7.44344],[108.89107,-7.44344],[108.89107,-7.44299],[108.89108,-7.44299]]],[[[108.89244,-7.44254],[108.89244,-7.44299],[108.89198,-7.44299],[108.89198,-7.44254],[108.89244,-7.44254]]],[[[108.89065,-7.43847],[108.89111,-7.43847],[108.89111,-7.43892],[108.89065,-7.43892],[108.89065,-7.43847]]],[[[108.89202,-7.43666],[108.89202,-7.43712],[108.89156,-7.43712],[108.89156,-7.43666],[108.89202,-7.43666]]],[[[108.89247,-7.43576],[108.89291,-7.43576],[108.89293,-7.43576],[108.89293,-7.43596],[108.89293,-7.43622],[108.89338,-7.43622],[108.89338,-7.43667],[108.89292,-7.43667],[108.89278,-7.43651],[108.89276,-7.43667],[108.89246,-7.43667],[108.89246,-7.43622],[108.89247,-7.43622],[108.89247,-7.43576]]],[[[108.89383,-7.43532],[108.89429,-7.43532],[108.89429,-7.43577],[108.89383,-7.43577],[108.89383,-7.43532]]],[[[108.89339,-7.43486],[108.89339,-7.43532],[108.89314,-7.43532],[108.89306,-7.43532],[108.89293,-7.43532],[108.89293,-7.43531],[108.89247,-7.43531],[108.89247,-7.43486],[108.89293,-7.43486],[108.8932,-7.43486],[108.89329,-7.43486],[108.89339,-7.43486]]],[[[108.89203,-7.43486],[108.89203,-7.43531],[108.89157,-7.43531],[108.89157,-7.43486],[108.89203,-7.43486]]],[[[108.89385,-7.43396],[108.89384,-7.43396],[108.89359,-7.43396],[108.8935,-7.43396],[108.89339,-7.43396],[108.89339,-7.43351],[108.89364,-7.43351],[108.89373,-7.43351],[108.89384,-7.43351],[108.89385,-7.43351],[108.89385,-7.43396]]],[[[108.89249,-7.43305],[108.89249,-7.4335],[108.89249,-7.43351],[108.89203,-7.43351],[108.89203,-7.4335],[108.89203,-7.43305],[108.89249,-7.43305]]],[[[108.89205,-7.42898],[108.89205,-7.42944],[108.89159,-7.42944],[108.89159,-7.42898],[108.89205,-7.42898]]],[[[108.89024,-7.42898],[108.89069,-7.42898],[108.89069,-7.42943],[108.89024,-7.42943],[108.89024,-7.42898]]],[[[108.89069,-7.42853],[108.89024,-7.42853],[108.89024,-7.42808],[108.89024,-7.42807],[108.89024,-7.42762],[108.8907,-7.42762],[108.8907,-7.42807],[108.89115,-7.42807],[108.89115,-7.42853],[108.8907,-7.42853],[108.89069,-7.42853]]],[[[108.89191,-7.42004],[108.89174,-7.42004],[108.89174,-7.41995],[108.8921,-7.41995],[108.8921,-7.4204],[108.89191,-7.4204],[108.89191,-7.42004]]],[[[108.89256,-7.4186],[108.89255,-7.4186],[108.8921,-7.4186],[108.8921,-7.41834],[108.8921,-7.41814],[108.89232,-7.41814],[108.89255,-7.41814],[108.89256,-7.41814],[108.89301,-7.41814],[108.89301,-7.4186],[108.89256,-7.4186]]],[[[108.89256,-7.41724],[108.89283,-7.41724],[108.89301,-7.41724],[108.89301,-7.41679],[108.89301,-7.41634],[108.89347,-7.41634],[108.89347,-7.41679],[108.89347,-7.41724],[108.89347,-7.41725],[108.89301,-7.41725],[108.89301,-7.41769],[108.89269,-7.41769],[108.89256,-7.41769],[108.89255,-7.41769],[108.89255,-7.41724],[108.89256,-7.41724]]],[[[108.8912,-7.41588],[108.89166,-7.41588],[108.89166,-7.41633],[108.8912,-7.41633],[108.8912,-7.41588]]],[[[108.89257,-7.41498],[108.89257,-7.41543],[108.89211,-7.41543],[108.89211,-7.41498],[108.89257,-7.41498]]],[[[108.89349,-7.41363],[108.89349,-7.41408],[108.89303,-7.41408],[108.89303,-7.41363],[108.89349,-7.41363]]],[[[108.89123,-7.41317],[108.89123,-7.41362],[108.89122,-7.41362],[108.89122,-7.41407],[108.89077,-7.41407],[108.89076,-7.41407],[108.89031,-7.41407],[108.89031,-7.41362],[108.89031,-7.41361],[108.89077,-7.41361],[108.89077,-7.41317],[108.89077,-7.41316],[108.89123,-7.41316],[108.89123,-7.41317]]],[[[108.8944,-7.41183],[108.8944,-7.41228],[108.89394,-7.41228],[108.89394,-7.41183],[108.89394,-7.41182],[108.8944,-7.41182],[108.8944,-7.41183]]],[[[108.89305,-7.41047],[108.89259,-7.41047],[108.89259,-7.41091],[108.89259,-7.41092],[108.89214,-7.41092],[108.89213,-7.41092],[108.89213,-7.41091],[108.89213,-7.41046],[108.89214,-7.41046],[108.89259,-7.41046],[108.89259,-7.41001],[108.89305,-7.41001],[108.89305,-7.41046],[108.89305,-7.41047]]],[[[108.89306,-7.40775],[108.89352,-7.40775],[108.89352,-7.40821],[108.89306,-7.40821],[108.89306,-7.40775]]],[[[108.89079,-7.40729],[108.89125,-7.40729],[108.89125,-7.40775],[108.89079,-7.40775],[108.89079,-7.40729]]],[[[108.89398,-7.40459],[108.89398,-7.40505],[108.89352,-7.40505],[108.89352,-7.40459],[108.89398,-7.40459]]],[[[108.89308,-7.40143],[108.89354,-7.40143],[108.89354,-7.40188],[108.89354,-7.40233],[108.89399,-7.40233],[108.89399,-7.40234],[108.89399,-7.40279],[108.89353,-7.40279],[108.89353,-7.40234],[108.89308,-7.40234],[108.89308,-7.40188],[108.89308,-7.40143]]],[[[108.8949,-7.40234],[108.89444,-7.40234],[108.89444,-7.40189],[108.89399,-7.40189],[108.89399,-7.40143],[108.89445,-7.40143],[108.89445,-7.40189],[108.8949,-7.40189],[108.8949,-7.40234]]],[[[108.89264,-7.40097],[108.89264,-7.40143],[108.89218,-7.40143],[108.89218,-7.40097],[108.89264,-7.40097]]],[[[108.89356,-7.40008],[108.89355,-7.40008],[108.89355,-7.40053],[108.89309,-7.40053],[108.89309,-7.40007],[108.8931,-7.40007],[108.8931,-7.39962],[108.89355,-7.39962],[108.89356,-7.39962],[108.89356,-7.40008]]],[[[108.89355,-7.39782],[108.89401,-7.39782],[108.89401,-7.39827],[108.89355,-7.39827],[108.89355,-7.39782]]],[[[108.89311,-7.39646],[108.89357,-7.39646],[108.89357,-7.39691],[108.89311,-7.39691],[108.89311,-7.39646]]],[[[108.89131,-7.39419],[108.89131,-7.39464],[108.89085,-7.39464],[108.89085,-7.39455],[108.89085,-7.39419],[108.89108,-7.39419],[108.89131,-7.39419]]],[[[108.89313,-7.39194],[108.89314,-7.39194],[108.89314,-7.39239],[108.89313,-7.39239],[108.89268,-7.39239],[108.89268,-7.39194],[108.89313,-7.39194]]],[[[108.89407,-7.38576],[108.89407,-7.38567],[108.89407,-7.38562],[108.89452,-7.38562],[108.89452,-7.38563],[108.89452,-7.38571],[108.89452,-7.38607],[108.89407,-7.38607],[108.89407,-7.38576]]],[[[108.89408,-7.38336],[108.89408,-7.38381],[108.89362,-7.38381],[108.89362,-7.38336],[108.89408,-7.38336]]],[[[108.89465,-7.35896],[108.89465,-7.35942],[108.8942,-7.35942],[108.89419,-7.35942],[108.89419,-7.35896],[108.8942,-7.35896],[108.89465,-7.35896]]],[[[108.89331,-7.35517],[108.89313,-7.35517],[108.89313,-7.35534],[108.89313,-7.35535],[108.89312,-7.35535],[108.89312,-7.35552],[108.89312,-7.35553],[108.89285,-7.35553],[108.89276,-7.35553],[108.89276,-7.35579],[108.89276,-7.3558],[108.8924,-7.3558],[108.89239,-7.3558],[108.89239,-7.35579],[108.89239,-7.35534],[108.8924,-7.35534],[108.8924,-7.35489],[108.89285,-7.35489],[108.89286,-7.35489],[108.89331,-7.35489],[108.89331,-7.35516],[108.89331,-7.35517]]],[[[108.89332,-7.35399],[108.89332,-7.35444],[108.89286,-7.35444],[108.89286,-7.35399],[108.89332,-7.35399]]],[[[108.89423,-7.35309],[108.89423,-7.35354],[108.89423,-7.35399],[108.89377,-7.35399],[108.89377,-7.35354],[108.89377,-7.35309],[108.89423,-7.35309]]],[[[108.89196,-7.35263],[108.89242,-7.35263],[108.89242,-7.35308],[108.89196,-7.35308],[108.89196,-7.35263]]],[[[108.89423,-7.35128],[108.89423,-7.35083],[108.89469,-7.35083],[108.89469,-7.35129],[108.89513,-7.35129],[108.89513,-7.35084],[108.89513,-7.35038],[108.89559,-7.35038],[108.89559,-7.34993],[108.89605,-7.34993],[108.89605,-7.35039],[108.89559,-7.35039],[108.89559,-7.35084],[108.89559,-7.35129],[108.89559,-7.35174],[108.89514,-7.35174],[108.89513,-7.35174],[108.89513,-7.35219],[108.89468,-7.35219],[108.89468,-7.35174],[108.89423,-7.35174],[108.89423,-7.35129],[108.89423,-7.35128]]],[[[108.89379,-7.34767],[108.89425,-7.34767],[108.89425,-7.34812],[108.89425,-7.34857],[108.8947,-7.34857],[108.8947,-7.34902],[108.8947,-7.34903],[108.89515,-7.34903],[108.89515,-7.34948],[108.8947,-7.34948],[108.89469,-7.34948],[108.89469,-7.34993],[108.89469,-7.35038],[108.89423,-7.35038],[108.89423,-7.34993],[108.89423,-7.34948],[108.89424,-7.34948],[108.89424,-7.34903],[108.89379,-7.34903],[108.89379,-7.34902],[108.89379,-7.34857],[108.89379,-7.34812],[108.89379,-7.34767]]],[[[108.89188,-7.34992],[108.89188,-7.34991],[108.89198,-7.34991],[108.89198,-7.34992],[108.89198,-7.35037],[108.89197,-7.35037],[108.89195,-7.35021],[108.89188,-7.34992]]],[[[108.89156,-7.34856],[108.89152,-7.34839],[108.89152,-7.34811],[108.89153,-7.34811],[108.89198,-7.34811],[108.89198,-7.34766],[108.89243,-7.34766],[108.89244,-7.34766],[108.89244,-7.34721],[108.8929,-7.34721],[108.8929,-7.34766],[108.89289,-7.34766],[108.89289,-7.34811],[108.89289,-7.34812],[108.89289,-7.34856],[108.89289,-7.34857],[108.89289,-7.34902],[108.89288,-7.34902],[108.89288,-7.34947],[108.89243,-7.34947],[108.89242,-7.34947],[108.89242,-7.34902],[108.89198,-7.34902],[108.89197,-7.34902],[108.89197,-7.34856],[108.89156,-7.34856]],[[108.89198,-7.34856],[108.89243,-7.34856],[108.89243,-7.34812],[108.89243,-7.34811],[108.89198,-7.34811],[108.89198,-7.34856]]],[[[108.89109,-7.34675],[108.89153,-7.34675],[108.89153,-7.3463],[108.89199,-7.3463],[108.89199,-7.34675],[108.89199,-7.34676],[108.89199,-7.34721],[108.89154,-7.34721],[108.89153,-7.34721],[108.8913,-7.34721],[108.8913,-7.34719],[108.89124,-7.34699],[108.89108,-7.34686],[108.89108,-7.34685],[108.89106,-7.34684],[108.89096,-7.34678],[108.89094,-7.34675],[108.89108,-7.34675],[108.89109,-7.34675]]],[[[108.89154,-7.3454],[108.89154,-7.34495],[108.89154,-7.34494],[108.892,-7.34494],[108.892,-7.34495],[108.892,-7.3454],[108.892,-7.34585],[108.89154,-7.34585],[108.89154,-7.3454]]],[[[108.89245,-7.34495],[108.89291,-7.34495],[108.89291,-7.3454],[108.89245,-7.3454],[108.89245,-7.34495]]],[[[108.89291,-7.34359],[108.89291,-7.34405],[108.89246,-7.34405],[108.89246,-7.34359],[108.89291,-7.34359]]],[[[108.89291,-7.34269],[108.89291,-7.34224],[108.89337,-7.34224],[108.89337,-7.34269],[108.89382,-7.34269],[108.89382,-7.34225],[108.89382,-7.34224],[108.89428,-7.34224],[108.89428,-7.34225],[108.89472,-7.34225],[108.89473,-7.34225],[108.89518,-7.34225],[108.89518,-7.3427],[108.89563,-7.3427],[108.89563,-7.34316],[108.89517,-7.34316],[108.89517,-7.3427],[108.89473,-7.3427],[108.89472,-7.3427],[108.89428,-7.3427],[108.89427,-7.3427],[108.89427,-7.34315],[108.89427,-7.3436],[108.89382,-7.3436],[108.89381,-7.3436],[108.89336,-7.3436],[108.89336,-7.34315],[108.89336,-7.3427],[108.89291,-7.3427],[108.89291,-7.34269]]],[[[108.89428,-7.34044],[108.89473,-7.34044],[108.89473,-7.33999],[108.89519,-7.33999],[108.89519,-7.33954],[108.89564,-7.33954],[108.89565,-7.33954],[108.8961,-7.33954],[108.8961,-7.34],[108.89565,-7.34],[108.89565,-7.34045],[108.89564,-7.34045],[108.89519,-7.34045],[108.89519,-7.34044],[108.89474,-7.34044],[108.89474,-7.34089],[108.89474,-7.34135],[108.89473,-7.34135],[108.89473,-7.3418],[108.89428,-7.3418],[108.89427,-7.3418],[108.89382,-7.3418],[108.89382,-7.34179],[108.89337,-7.34179],[108.89337,-7.34134],[108.89382,-7.34134],[108.89383,-7.34134],[108.89427,-7.34134],[108.89428,-7.34134],[108.89428,-7.34089],[108.89428,-7.34044]]],[[[108.90115,-7.41999],[108.90115,-7.42044],[108.9007,-7.42044],[108.9007,-7.41999],[108.90115,-7.41999]]],[[[108.90025,-7.41773],[108.9007,-7.41773],[108.90071,-7.41773],[108.90116,-7.41773],[108.90116,-7.41818],[108.90116,-7.41819],[108.9007,-7.41819],[108.9007,-7.41863],[108.90025,-7.41863],[108.90025,-7.41908],[108.90025,-7.41954],[108.89979,-7.41954],[108.89979,-7.41908],[108.89934,-7.41908],[108.89934,-7.41863],[108.89979,-7.41863],[108.8998,-7.41863],[108.90024,-7.41863],[108.90024,-7.41818],[108.90025,-7.41818],[108.90025,-7.41773]]],[[[108.89571,-7.41906],[108.89617,-7.41906],[108.89617,-7.41952],[108.89571,-7.41952],[108.89571,-7.41906]]],[[[108.9007,-7.41863],[108.90115,-7.41863],[108.90115,-7.41909],[108.9007,-7.41909],[108.9007,-7.41863]]],[[[108.89935,-7.41772],[108.89935,-7.41818],[108.8989,-7.41818],[108.89889,-7.41818],[108.89889,-7.41772],[108.8989,-7.41772],[108.89935,-7.41772]]],[[[108.89801,-7.41455],[108.89801,-7.41456],[108.89801,-7.41501],[108.89755,-7.41501],[108.89755,-7.41456],[108.89755,-7.41455],[108.89755,-7.4141],[108.89801,-7.4141],[108.89801,-7.41455]]],[[[108.89711,-7.41365],[108.8971,-7.41365],[108.8971,-7.4141],[108.89664,-7.4141],[108.89664,-7.41364],[108.89665,-7.41364],[108.89665,-7.4132],[108.89665,-7.41319],[108.89665,-7.41274],[108.89711,-7.41274],[108.89711,-7.41319],[108.89711,-7.4132],[108.89711,-7.41365]]],[[[108.8962,-7.41319],[108.8962,-7.41364],[108.89574,-7.41364],[108.89574,-7.41319],[108.8962,-7.41319]]],[[[108.89666,-7.41184],[108.89712,-7.41184],[108.89712,-7.41229],[108.89666,-7.41229],[108.89666,-7.41184]]],[[[108.89802,-7.41049],[108.89848,-7.41049],[108.89848,-7.41094],[108.89802,-7.41094],[108.89802,-7.41049]]],[[[108.8944,-7.41002],[108.89486,-7.41002],[108.89486,-7.41047],[108.8944,-7.41047],[108.8944,-7.41002]]],[[[108.89938,-7.40959],[108.89893,-7.40959],[108.89893,-7.40914],[108.89848,-7.40914],[108.89848,-7.40868],[108.89893,-7.40868],[108.89893,-7.40823],[108.89849,-7.40823],[108.89849,-7.40778],[108.89895,-7.40778],[108.89895,-7.40823],[108.89939,-7.40823],[108.89939,-7.40778],[108.89985,-7.40778],[108.89985,-7.40733],[108.90031,-7.40733],[108.90031,-7.40779],[108.89985,-7.40779],[108.89985,-7.40824],[108.89985,-7.40869],[108.89985,-7.40914],[108.89984,-7.40914],[108.89984,-7.40959],[108.89939,-7.40959],[108.89938,-7.40959]],[[108.89939,-7.40869],[108.89894,-7.40869],[108.89894,-7.40914],[108.89938,-7.40914],[108.89939,-7.40914],[108.89939,-7.40869]]],[[[108.89622,-7.40913],[108.89577,-7.40913],[108.89577,-7.40912],[108.89577,-7.40867],[108.89622,-7.40867],[108.89623,-7.40867],[108.89623,-7.40912],[108.89623,-7.40913],[108.89622,-7.40913]]],[[[108.89532,-7.40867],[108.89532,-7.40912],[108.89486,-7.40912],[108.89486,-7.40867],[108.89532,-7.40867]]],[[[108.89668,-7.40777],[108.89668,-7.40822],[108.89623,-7.40822],[108.89622,-7.40822],[108.89622,-7.40777],[108.89623,-7.40777],[108.89668,-7.40777]]],[[[108.89533,-7.40776],[108.89533,-7.40822],[108.89532,-7.40822],[108.89487,-7.40822],[108.89487,-7.40776],[108.89532,-7.40776],[108.89533,-7.40776]]],[[[108.89758,-7.40687],[108.89759,-7.40687],[108.89804,-7.40687],[108.89804,-7.40642],[108.89759,-7.40642],[108.89759,-7.40597],[108.89759,-7.40552],[108.89714,-7.40552],[108.89714,-7.40506],[108.8976,-7.40506],[108.8976,-7.40552],[108.89805,-7.40552],[108.89805,-7.40597],[108.89805,-7.40642],[108.8985,-7.40642],[108.8985,-7.40687],[108.8985,-7.40688],[108.8985,-7.40733],[108.89804,-7.40733],[108.89804,-7.40778],[108.89758,-7.40778],[108.89758,-7.40733],[108.89758,-7.40732],[108.89714,-7.40732],[108.89713,-7.40732],[108.89668,-7.40732],[108.89668,-7.40687],[108.89713,-7.40687],[108.89714,-7.40687],[108.89758,-7.40687]]],[[[108.89895,-7.40598],[108.89895,-7.40597],[108.89895,-7.40552],[108.89941,-7.40552],[108.89941,-7.40597],[108.89941,-7.40598],[108.89941,-7.40643],[108.89895,-7.40643],[108.89895,-7.40598]]],[[[108.89624,-7.40596],[108.89624,-7.40641],[108.89578,-7.40641],[108.89578,-7.40596],[108.89624,-7.40596]]],[[[108.89805,-7.40507],[108.89851,-7.40507],[108.89851,-7.40552],[108.89805,-7.40552],[108.89805,-7.40507]]],[[[108.89488,-7.40505],[108.89488,-7.4055],[108.89442,-7.4055],[108.89442,-7.40505],[108.89488,-7.40505]]],[[[108.89444,-7.40279],[108.8949,-7.40279],[108.8949,-7.40324],[108.8949,-7.40325],[108.89444,-7.40325],[108.89444,-7.40324],[108.89444,-7.40279]]],[[[108.89582,-7.39873],[108.89627,-7.39873],[108.89627,-7.39919],[108.89581,-7.39919],[108.89581,-7.39873],[108.89536,-7.39873],[108.89536,-7.39828],[108.89582,-7.39828],[108.89582,-7.39873]]],[[[108.89445,-7.39873],[108.89445,-7.39872],[108.89446,-7.39872],[108.89491,-7.39872],[108.89491,-7.39873],[108.89491,-7.39918],[108.89446,-7.39918],[108.89445,-7.39918],[108.89445,-7.39873]]],[[[108.89763,-7.39829],[108.89763,-7.39874],[108.89718,-7.39874],[108.89717,-7.39874],[108.89672,-7.39874],[108.89672,-7.39828],[108.89718,-7.39828],[108.89718,-7.39829],[108.89763,-7.39829]]],[[[108.89718,-7.39738],[108.89764,-7.39738],[108.89764,-7.39784],[108.89718,-7.39784],[108.89718,-7.39738]]],[[[108.89719,-7.39648],[108.89719,-7.39693],[108.89673,-7.39693],[108.89673,-7.39648],[108.89719,-7.39648]]],[[[108.89764,-7.39603],[108.89764,-7.39648],[108.89719,-7.39648],[108.89719,-7.39603],[108.89764,-7.39603]]],[[[108.89537,-7.39602],[108.89583,-7.39602],[108.89583,-7.39647],[108.89537,-7.39647],[108.89537,-7.39602]]],[[[108.89674,-7.39467],[108.89719,-7.39467],[108.89719,-7.39512],[108.89674,-7.39512],[108.89674,-7.39467]]],[[[108.89584,-7.39421],[108.89629,-7.39421],[108.89629,-7.39467],[108.89584,-7.39467],[108.89584,-7.39421]]],[[[108.89811,-7.39287],[108.89811,-7.39332],[108.89765,-7.39332],[108.89765,-7.39287],[108.89811,-7.39287]]],[[[108.89497,-7.38562],[108.89532,-7.38562],[108.89543,-7.38562],[108.89543,-7.38563],[108.89543,-7.38608],[108.89497,-7.38608],[108.89497,-7.38566],[108.89497,-7.38563],[108.89497,-7.38562]]],[[[108.9012,-7.38294],[108.90132,-7.38294],[108.90132,-7.3834],[108.90086,-7.3834],[108.90086,-7.38302],[108.90086,-7.38294],[108.9012,-7.38294]]],[[[108.90044,-7.37887],[108.89999,-7.37887],[108.89953,-7.37887],[108.89953,-7.37842],[108.89999,-7.37842],[108.90044,-7.37842],[108.90044,-7.37887]]],[[[108.89866,-7.37118],[108.89912,-7.37118],[108.89912,-7.37164],[108.89866,-7.37164],[108.89866,-7.37118]]],[[[108.90049,-7.36758],[108.90095,-7.36758],[108.90095,-7.36803],[108.90049,-7.36803],[108.90049,-7.36758]]],[[[108.90097,-7.36035],[108.90143,-7.36035],[108.90143,-7.3608],[108.90143,-7.36081],[108.90097,-7.36081],[108.90097,-7.3608],[108.90097,-7.36035]]],[[[108.896,-7.35987],[108.896,-7.36033],[108.89555,-7.36033],[108.89555,-7.35987],[108.896,-7.35987]]],[[[108.89737,-7.35807],[108.89737,-7.35853],[108.89691,-7.35853],[108.89691,-7.35807],[108.89737,-7.35807]]],[[[108.89742,-7.34858],[108.89742,-7.34859],[108.89742,-7.34904],[108.89696,-7.34904],[108.89696,-7.34859],[108.89696,-7.34858],[108.89742,-7.34858]]],[[[108.89787,-7.34768],[108.89787,-7.34814],[108.89742,-7.34814],[108.89741,-7.34814],[108.89741,-7.34768],[108.89742,-7.34768],[108.89787,-7.34768]]],[[[108.89742,-7.34678],[108.89742,-7.34723],[108.89697,-7.34723],[108.89696,-7.34723],[108.89696,-7.34678],[108.89697,-7.34678],[108.89742,-7.34678]]],[[[108.89471,-7.34632],[108.89516,-7.34632],[108.89516,-7.34587],[108.89561,-7.34587],[108.89562,-7.34587],[108.89562,-7.34632],[108.89606,-7.34632],[108.89606,-7.34587],[108.89651,-7.34587],[108.89652,-7.34587],[108.89697,-7.34587],[108.89697,-7.34542],[108.89742,-7.34542],[108.89743,-7.34542],[108.89788,-7.34542],[108.89788,-7.34543],[108.89833,-7.34543],[108.89833,-7.34588],[108.89788,-7.34588],[108.89787,-7.34588],[108.89743,-7.34588],[108.89742,-7.34588],[108.89697,-7.34588],[108.89697,-7.34633],[108.89652,-7.34633],[108.89652,-7.34677],[108.89652,-7.34678],[108.89652,-7.34723],[108.89651,-7.34723],[108.89606,-7.34723],[108.89606,-7.34678],[108.89606,-7.34677],[108.89562,-7.34677],[108.89561,-7.34677],[108.89517,-7.34677],[108.89516,-7.34677],[108.89471,-7.34677],[108.89471,-7.34632]]],[[[108.90105,-7.34544],[108.9006,-7.34544],[108.90014,-7.34544],[108.90014,-7.34499],[108.9006,-7.34499],[108.90105,-7.34499],[108.90106,-7.34499],[108.9015,-7.34499],[108.90151,-7.34499],[108.90151,-7.34544],[108.90195,-7.34544],[108.90196,-7.34544],[108.90196,-7.3459],[108.90195,-7.3459],[108.9015,-7.3459],[108.9015,-7.34544],[108.90106,-7.34544],[108.90105,-7.34544]]],[[[108.89608,-7.34226],[108.89654,-7.34226],[108.89654,-7.34271],[108.89608,-7.34271],[108.89608,-7.34226]]],[[[108.89609,-7.3418],[108.89564,-7.3418],[108.89564,-7.34225],[108.89518,-7.34225],[108.89518,-7.3418],[108.89563,-7.3418],[108.89563,-7.34135],[108.89518,-7.34135],[108.89518,-7.3409],[108.89564,-7.3409],[108.89564,-7.34135],[108.89609,-7.34135],[108.89609,-7.3418]]],[[[108.8961,-7.33864],[108.89655,-7.33864],[108.89655,-7.3391],[108.8961,-7.3391],[108.89609,-7.3391],[108.89609,-7.33864],[108.8961,-7.33864]]],[[[108.90431,-7.42001],[108.90431,-7.41956],[108.90431,-7.41955],[108.90477,-7.41955],[108.90477,-7.41956],[108.90506,-7.41956],[108.90523,-7.41956],[108.90523,-7.41977],[108.90523,-7.41979],[108.90513,-7.41967],[108.90513,-7.41967],[108.9051,-7.4197],[108.9051,-7.41971],[108.90506,-7.41981],[108.90504,-7.41981],[108.90513,-7.42001],[108.90512,-7.42001],[108.90522,-7.42023],[108.90522,-7.42046],[108.90533,-7.42046],[108.90561,-7.42092],[108.90522,-7.42092],[108.90521,-7.42092],[108.90476,-7.42092],[108.90476,-7.42091],[108.90476,-7.42046],[108.90476,-7.42001],[108.90431,-7.42001]]],[[[108.9025,-7.42045],[108.9025,-7.4209],[108.90205,-7.4209],[108.90205,-7.42045],[108.9025,-7.42045]]],[[[108.90342,-7.41955],[108.90387,-7.41955],[108.90387,-7.42],[108.90387,-7.42001],[108.90341,-7.42001],[108.90341,-7.42],[108.90341,-7.41955],[108.90296,-7.41955],[108.90296,-7.4191],[108.90251,-7.4191],[108.90251,-7.41864],[108.90296,-7.41864],[108.90296,-7.41819],[108.90251,-7.41819],[108.90251,-7.41774],[108.90251,-7.41729],[108.90297,-7.41729],[108.90342,-7.41729],[108.90343,-7.41729],[108.90387,-7.41729],[108.90388,-7.41729],[108.90388,-7.41774],[108.90433,-7.41774],[108.90433,-7.41775],[108.90433,-7.4182],[108.90478,-7.4182],[108.90478,-7.41865],[108.90522,-7.41865],[108.90523,-7.41865],[108.90523,-7.41911],[108.90507,-7.41911],[108.90478,-7.41911],[108.90477,-7.41911],[108.90432,-7.41911],[108.90432,-7.4191],[108.90432,-7.41865],[108.90432,-7.4182],[108.90388,-7.4182],[108.90387,-7.4182],[108.90343,-7.4182],[108.90342,-7.4182],[108.90342,-7.41865],[108.90387,-7.41865],[108.90387,-7.4191],[108.90342,-7.4191],[108.90342,-7.41955]],[[108.90297,-7.4191],[108.90341,-7.4191],[108.90341,-7.41865],[108.90297,-7.41865],[108.90297,-7.4191]]],[[[108.90296,-7.41955],[108.90296,-7.42],[108.9025,-7.42],[108.9025,-7.41955],[108.90296,-7.41955]]],[[[108.9016,-7.42],[108.9016,-7.41954],[108.90115,-7.41954],[108.90115,-7.41909],[108.9016,-7.41909],[108.90206,-7.41909],[108.90206,-7.41954],[108.90205,-7.41954],[108.90205,-7.42],[108.9016,-7.42]]],[[[108.90613,-7.41866],[108.90658,-7.41866],[108.90659,-7.41866],[108.90704,-7.41866],[108.90749,-7.41866],[108.90749,-7.41821],[108.90794,-7.41821],[108.90794,-7.41777],[108.90749,-7.41777],[108.90749,-7.41776],[108.90704,-7.41776],[108.90704,-7.41731],[108.90659,-7.41731],[108.90659,-7.4169],[108.90659,-7.41689],[108.90659,-7.41686],[108.90614,-7.41686],[108.90614,-7.41685],[108.90569,-7.41685],[108.90568,-7.41685],[108.90568,-7.4164],[108.90524,-7.4164],[108.90524,-7.41685],[108.90479,-7.41685],[108.90478,-7.41685],[108.90433,-7.41685],[108.90433,-7.41639],[108.90433,-7.41594],[108.90434,-7.41594],[108.90478,-7.41594],[108.90478,-7.41549],[108.90479,-7.41549],[108.90479,-7.41504],[108.90524,-7.41504],[108.90524,-7.41459],[108.90479,-7.41459],[108.90479,-7.41414],[108.90479,-7.41413],[108.90479,-7.41368],[108.9048,-7.41368],[108.9048,-7.41332],[108.9048,-7.41323],[108.90472,-7.41323],[108.90435,-7.41323],[108.90435,-7.41278],[108.9039,-7.41278],[108.9039,-7.41323],[108.90344,-7.41323],[108.90344,-7.41277],[108.9039,-7.41277],[108.9039,-7.41232],[108.90436,-7.41232],[108.90436,-7.41278],[108.9048,-7.41278],[108.90481,-7.41278],[108.90485,-7.41278],[108.90525,-7.41278],[108.90526,-7.41278],[108.90571,-7.41278],[108.90616,-7.41278],[108.90616,-7.41234],[108.90571,-7.41234],[108.90571,-7.41233],[108.90571,-7.41188],[108.90617,-7.41188],[108.90617,-7.41233],[108.90662,-7.41233],[108.90662,-7.41189],[108.90662,-7.41188],[108.90662,-7.41143],[108.90707,-7.41143],[108.90707,-7.41188],[108.90707,-7.41189],[108.90752,-7.41189],[108.90797,-7.41189],[108.90843,-7.41189],[108.90843,-7.41234],[108.90843,-7.41235],[108.90797,-7.41235],[108.90797,-7.41234],[108.90752,-7.41234],[108.90707,-7.41234],[108.90662,-7.41234],[108.90662,-7.41279],[108.90707,-7.41279],[108.90752,-7.41279],[108.90797,-7.41279],[108.90842,-7.41279],[108.90843,-7.41279],[108.90843,-7.4128],[108.90843,-7.41325],[108.90843,-7.4137],[108.90887,-7.4137],[108.90887,-7.41325],[108.90887,-7.4128],[108.90933,-7.4128],[108.90933,-7.41325],[108.90977,-7.41325],[108.90977,-7.4128],[108.91023,-7.4128],[108.91023,-7.41326],[108.90978,-7.41326],[108.90978,-7.4137],[108.90978,-7.41371],[108.90978,-7.41416],[108.90978,-7.41461],[108.91022,-7.41461],[108.91023,-7.41461],[108.91023,-7.41506],[108.91067,-7.41506],[108.91068,-7.41506],[108.91068,-7.41552],[108.91068,-7.41597],[108.91068,-7.41642],[108.91112,-7.41642],[108.91112,-7.41597],[108.91157,-7.41597],[108.91157,-7.41552],[108.91113,-7.41552],[108.91112,-7.41552],[108.91112,-7.41507],[108.91112,-7.41462],[108.91068,-7.41462],[108.91067,-7.41462],[108.91067,-7.41416],[108.91068,-7.41416],[108.91113,-7.41416],[108.91113,-7.41462],[108.91158,-7.41462],[108.91158,-7.41507],[108.91158,-7.41552],[108.91202,-7.41552],[108.91203,-7.41552],[108.91248,-7.41552],[108.91248,-7.41553],[108.91248,-7.41598],[108.91293,-7.41598],[108.91339,-7.41598],[108.91339,-7.41643],[108.91339,-7.41644],[108.91339,-7.41689],[108.91338,-7.41689],[108.91338,-7.41734],[108.91293,-7.41734],[108.91293,-7.41779],[108.91293,-7.41824],[108.91293,-7.41869],[108.91338,-7.41869],[108.91383,-7.41869],[108.91383,-7.41915],[108.91383,-7.4196],[108.91338,-7.4196],[108.91337,-7.4196],[108.91292,-7.4196],[108.91292,-7.41915],[108.91292,-7.41914],[108.91247,-7.41914],[108.91247,-7.41869],[108.91202,-7.41869],[108.91202,-7.41914],[108.91202,-7.41959],[108.91156,-7.41959],[108.91156,-7.41914],[108.91156,-7.41869],[108.91156,-7.41868],[108.91202,-7.41868],[108.91202,-7.41824],[108.91247,-7.41824],[108.91247,-7.41779],[108.91247,-7.41733],[108.91203,-7.41733],[108.91202,-7.41733],[108.91158,-7.41733],[108.91157,-7.41733],[108.91112,-7.41733],[108.91112,-7.41688],[108.91067,-7.41688],[108.91067,-7.41642],[108.91022,-7.41642],[108.90977,-7.41642],[108.90977,-7.41687],[108.90931,-7.41687],[108.90931,-7.41732],[108.90976,-7.41732],[108.90976,-7.41777],[108.91021,-7.41777],[108.91021,-7.41732],[108.91067,-7.41732],[108.91067,-7.41778],[108.91111,-7.41778],[108.91112,-7.41778],[108.91157,-7.41778],[108.91157,-7.41823],[108.91112,-7.41823],[108.91111,-7.41823],[108.91066,-7.41823],[108.91066,-7.41778],[108.91021,-7.41778],[108.91021,-7.41822],[108.91021,-7.41823],[108.91021,-7.41868],[108.91021,-7.41913],[108.91065,-7.41913],[108.91066,-7.41913],[108.91111,-7.41913],[108.91111,-7.41959],[108.91066,-7.41959],[108.91065,-7.41959],[108.9102,-7.41959],[108.9102,-7.41958],[108.9102,-7.41913],[108.90976,-7.41913],[108.90975,-7.41913],[108.9093,-7.41913],[108.9093,-7.41958],[108.90975,-7.41958],[108.90975,-7.42003],[108.90929,-7.42003],[108.90929,-7.42048],[108.90884,-7.42048],[108.90884,-7.42093],[108.90839,-7.42093],[108.90839,-7.42048],[108.90839,-7.42003],[108.90794,-7.42003],[108.90794,-7.41957],[108.90749,-7.41957],[108.90704,-7.41957],[108.90658,-7.41957],[108.90658,-7.41912],[108.90658,-7.41911],[108.90613,-7.41911],[108.90613,-7.41866]],[[108.90929,-7.41958],[108.90885,-7.41958],[108.90884,-7.41958],[108.90884,-7.42003],[108.90929,-7.42003],[108.90929,-7.41958]],[[108.90615,-7.41369],[108.90571,-7.41369],[108.90571,-7.41414],[108.9057,-7.41414],[108.9057,-7.41459],[108.9057,-7.41489],[108.9057,-7.41504],[108.9058,-7.41504],[108.90615,-7.41504],[108.90615,-7.41541],[108.90615,-7.41549],[108.90615,-7.4155],[108.90624,-7.4155],[108.9066,-7.4155],[108.9066,-7.41505],[108.9066,-7.4146],[108.9066,-7.41414],[108.90615,-7.41414],[108.90615,-7.41369]],[[108.9066,-7.41584],[108.9066,-7.41595],[108.90615,-7.41595],[108.90614,-7.41595],[108.9057,-7.41595],[108.90569,-7.41595],[108.90569,-7.4164],[108.90614,-7.4164],[108.90659,-7.4164],[108.9066,-7.4164],[108.90702,-7.4164],[108.90705,-7.4164],[108.90705,-7.41637],[108.90705,-7.41622],[108.90705,-7.41596],[108.90705,-7.41595],[108.90705,-7.4155],[108.9066,-7.4155],[108.9066,-7.41584]],[[108.90523,-7.41595],[108.90479,-7.41595],[108.90479,-7.41639],[108.90523,-7.41639],[108.90523,-7.41595]],[[108.90526,-7.41369],[108.9057,-7.41369],[108.9057,-7.41324],[108.90526,-7.41324],[108.90526,-7.41369]],[[108.90977,-7.41506],[108.90977,-7.41461],[108.90933,-7.41461],[108.90933,-7.41506],[108.90977,-7.41506]],[[108.90887,-7.41596],[108.90887,-7.41641],[108.90841,-7.41641],[108.90796,-7.41641],[108.90796,-7.41686],[108.9084,-7.41686],[108.90841,-7.41686],[108.90885,-7.41686],[108.90886,-7.41686],[108.90931,-7.41686],[108.90931,-7.41642],[108.90976,-7.41642],[108.90976,-7.41597],[108.90931,-7.41597],[108.90931,-7.41596],[108.90887,-7.41596]],[[108.90842,-7.4137],[108.90797,-7.4137],[108.90752,-7.4137],[108.90752,-7.41415],[108.90796,-7.41415],[108.90797,-7.41415],[108.90842,-7.41415],[108.90842,-7.4137]],[[108.90975,-7.41867],[108.90975,-7.41823],[108.90975,-7.41822],[108.90975,-7.41777],[108.90931,-7.41777],[108.90931,-7.41822],[108.90931,-7.41867],[108.90975,-7.41867]],[[108.90839,-7.41912],[108.90839,-7.41867],[108.90795,-7.41867],[108.90794,-7.41867],[108.90794,-7.41912],[108.90839,-7.41912]],[[108.90796,-7.4155],[108.90796,-7.41506],[108.90796,-7.41505],[108.90751,-7.41505],[108.90751,-7.4155],[108.90796,-7.4155]],[[108.90841,-7.41596],[108.90841,-7.41551],[108.90796,-7.41551],[108.90796,-7.41596],[108.90841,-7.41596]],[[108.9075,-7.41686],[108.9075,-7.41641],[108.90705,-7.41641],[108.90705,-7.41685],[108.90705,-7.41686],[108.90749,-7.41686],[108.9075,-7.41686]],[[108.90751,-7.41596],[108.90751,-7.41641],[108.90795,-7.41641],[108.90795,-7.41596],[108.90751,-7.41596]],[[108.91113,-7.41643],[108.91113,-7.41688],[108.91157,-7.41688],[108.91157,-7.41643],[108.91113,-7.41643]],[[108.91292,-7.41733],[108.91292,-7.41688],[108.91293,-7.41688],[108.91293,-7.41644],[108.91293,-7.41643],[108.91248,-7.41643],[108.91247,-7.41643],[108.91247,-7.41598],[108.91203,-7.41598],[108.91202,-7.41598],[108.91158,-7.41598],[108.91158,-7.41643],[108.91203,-7.41643],[108.91203,-7.41688],[108.91248,-7.41688],[108.91248,-7.41733],[108.91292,-7.41733]]],[[[108.90524,-7.41752],[108.90524,-7.41775],[108.90524,-7.4182],[108.90478,-7.4182],[108.90478,-7.41775],[108.90478,-7.41763],[108.90478,-7.4173],[108.90512,-7.4173],[108.90524,-7.4173],[108.90524,-7.41752]]],[[[108.90343,-7.41639],[108.90343,-7.41684],[108.90297,-7.41684],[108.90297,-7.41639],[108.90343,-7.41639]]],[[[108.90388,-7.41549],[108.90388,-7.41504],[108.90388,-7.41503],[108.90389,-7.41503],[108.90434,-7.41503],[108.90434,-7.41504],[108.90434,-7.41549],[108.90389,-7.41549],[108.90388,-7.41549]]],[[[108.90299,-7.41458],[108.90299,-7.41503],[108.90298,-7.41503],[108.90253,-7.41503],[108.90253,-7.41458],[108.90298,-7.41458],[108.90299,-7.41458]]],[[[108.90388,-7.41458],[108.90388,-7.41413],[108.90389,-7.41413],[108.90389,-7.41368],[108.90435,-7.41368],[108.90435,-7.41413],[108.90434,-7.41413],[108.90434,-7.41458],[108.90434,-7.41459],[108.90389,-7.41459],[108.90388,-7.41459],[108.90388,-7.41458]]],[[[108.90209,-7.41412],[108.90209,-7.41457],[108.90208,-7.41457],[108.90163,-7.41457],[108.90163,-7.41412],[108.90208,-7.41412],[108.90209,-7.41412]]],[[[108.90298,-7.41413],[108.90253,-7.41413],[108.90253,-7.41367],[108.90298,-7.41367],[108.90299,-7.41367],[108.90344,-7.41367],[108.90344,-7.41413],[108.90299,-7.41413],[108.90298,-7.41413]]],[[[108.90208,-7.41232],[108.90208,-7.41231],[108.90254,-7.41231],[108.90254,-7.41187],[108.903,-7.41187],[108.903,-7.41232],[108.90254,-7.41232],[108.90254,-7.41277],[108.90209,-7.41277],[108.90209,-7.41322],[108.90163,-7.41322],[108.90163,-7.41277],[108.90163,-7.41276],[108.90208,-7.41276],[108.90208,-7.41232]]],[[[108.90436,-7.41187],[108.90391,-7.41187],[108.9039,-7.41187],[108.90345,-7.41187],[108.90345,-7.41142],[108.903,-7.41142],[108.903,-7.41096],[108.90346,-7.41096],[108.90346,-7.41142],[108.9039,-7.41142],[108.90391,-7.41142],[108.90436,-7.41142],[108.90436,-7.41187]]],[[[108.9021,-7.41141],[108.9021,-7.41186],[108.90164,-7.41186],[108.90164,-7.41141],[108.9021,-7.41141]]],[[[108.90663,-7.41007],[108.90663,-7.41008],[108.90663,-7.41053],[108.90617,-7.41053],[108.90617,-7.41008],[108.90617,-7.41007],[108.90663,-7.41007]]],[[[108.90165,-7.4096],[108.90211,-7.4096],[108.90211,-7.41006],[108.90165,-7.41006],[108.90165,-7.4096]]],[[[108.90527,-7.40949],[108.90527,-7.40962],[108.90482,-7.40962],[108.90481,-7.40962],[108.90481,-7.40917],[108.90481,-7.40916],[108.90482,-7.40916],[108.9051,-7.40916],[108.90511,-7.40916],[108.90527,-7.40916],[108.90527,-7.40917],[108.90527,-7.40949]]],[[[108.90527,-7.40781],[108.90533,-7.40781],[108.90573,-7.40781],[108.90573,-7.40736],[108.90619,-7.40736],[108.90619,-7.40782],[108.90663,-7.40782],[108.90664,-7.40782],[108.90709,-7.40782],[108.90709,-7.40827],[108.90709,-7.40872],[108.90663,-7.40872],[108.90663,-7.40827],[108.90618,-7.40827],[108.90618,-7.40782],[108.90573,-7.40782],[108.90573,-7.40827],[108.9054,-7.40827],[108.90527,-7.40827],[108.90527,-7.40781]]],[[[108.90437,-7.40736],[108.90483,-7.40736],[108.90483,-7.40781],[108.90437,-7.40781],[108.90437,-7.40736]]],[[[108.90256,-7.4078],[108.90211,-7.4078],[108.90211,-7.40734],[108.90256,-7.40734],[108.90256,-7.4069],[108.90257,-7.4069],[108.90302,-7.4069],[108.90302,-7.40735],[108.90257,-7.40735],[108.90257,-7.4078],[108.90256,-7.4078]]],[[[108.90529,-7.40646],[108.90499,-7.40646],[108.90483,-7.40646],[108.90483,-7.40627],[108.90483,-7.406],[108.90529,-7.406],[108.90529,-7.40646]]],[[[108.90257,-7.40554],[108.90212,-7.40554],[108.90212,-7.40509],[108.90258,-7.40509],[108.90258,-7.40554],[108.90303,-7.40554],[108.90303,-7.40599],[108.90257,-7.40599],[108.90257,-7.40554]]],[[[108.90304,-7.40419],[108.90258,-7.40419],[108.90258,-7.40449],[108.90258,-7.40464],[108.90212,-7.40464],[108.90212,-7.40457],[108.90212,-7.40418],[108.90258,-7.40418],[108.90258,-7.40373],[108.90304,-7.40373],[108.90304,-7.40419]]],[[[108.90395,-7.40057],[108.90395,-7.40058],[108.90395,-7.40103],[108.9035,-7.40103],[108.9035,-7.40058],[108.9035,-7.40057],[108.90395,-7.40057]]],[[[108.90704,-7.41776],[108.90704,-7.41821],[108.90659,-7.41821],[108.90658,-7.41821],[108.90658,-7.41776],[108.90659,-7.41776],[108.90704,-7.41776]]],[[[108.90933,-7.41189],[108.90933,-7.4119],[108.90978,-7.4119],[108.90979,-7.4119],[108.91024,-7.4119],[108.91024,-7.41235],[108.90979,-7.41235],[108.90978,-7.41235],[108.90933,-7.41235],[108.90887,-7.41235],[108.90887,-7.41189],[108.90933,-7.41189]]],[[[108.90797,-7.41144],[108.90752,-7.41144],[108.90752,-7.41099],[108.90752,-7.41098],[108.90798,-7.41098],[108.90798,-7.41099],[108.90843,-7.41099],[108.90843,-7.41144],[108.90798,-7.41144],[108.90797,-7.41144]]],[[[108.90888,-7.41054],[108.90934,-7.41054],[108.90934,-7.41099],[108.90888,-7.41099],[108.90888,-7.41054]]],[[[108.90708,-7.40918],[108.90754,-7.40918],[108.90754,-7.40963],[108.90798,-7.40963],[108.90798,-7.40918],[108.90844,-7.40918],[108.90844,-7.40873],[108.908,-7.40873],[108.90799,-7.40873],[108.90754,-7.40873],[108.90754,-7.40828],[108.90754,-7.40827],[108.908,-7.40827],[108.908,-7.40828],[108.90845,-7.40828],[108.90845,-7.40873],[108.9089,-7.40873],[108.9089,-7.40918],[108.9089,-7.40919],[108.9089,-7.40964],[108.90889,-7.40964],[108.90889,-7.41009],[108.90844,-7.41009],[108.90844,-7.41054],[108.90798,-7.41054],[108.90798,-7.41008],[108.90754,-7.41008],[108.90753,-7.41008],[108.90753,-7.41053],[108.90707,-7.41053],[108.90707,-7.41008],[108.90708,-7.41008],[108.90708,-7.40963],[108.90708,-7.40918]],[[108.90799,-7.40963],[108.90799,-7.41008],[108.90843,-7.41008],[108.90843,-7.40963],[108.90799,-7.40963]]],[[[108.908,-7.40737],[108.908,-7.40782],[108.908,-7.40783],[108.90754,-7.40783],[108.90754,-7.40782],[108.90754,-7.40737],[108.908,-7.40737]]],[[[108.90891,-7.40512],[108.90937,-7.40512],[108.90937,-7.40557],[108.90891,-7.40557],[108.90891,-7.40512]]],[[[108.90642,-7.35767],[108.90688,-7.35767],[108.90688,-7.35812],[108.90642,-7.35812],[108.90642,-7.35767]]],[[[108.91086,-7.43422],[108.91058,-7.43422],[108.91058,-7.43404],[108.91104,-7.43404],[108.91104,-7.43423],[108.91086,-7.43423],[108.91086,-7.43422]]],[[[108.91561,-7.42368],[108.91561,-7.42367],[108.91516,-7.42367],[108.91516,-7.42322],[108.91561,-7.42322],[108.91562,-7.42322],[108.91562,-7.42277],[108.91517,-7.42277],[108.91517,-7.42232],[108.91563,-7.42232],[108.91563,-7.42277],[108.91608,-7.42277],[108.91608,-7.42322],[108.91608,-7.42323],[108.91607,-7.42323],[108.91607,-7.42368],[108.91652,-7.42368],[108.91652,-7.42413],[108.91606,-7.42413],[108.91606,-7.42368],[108.91561,-7.42368]]],[[[108.91743,-7.42368],[108.91697,-7.42368],[108.91697,-7.42323],[108.91652,-7.42323],[108.91652,-7.42277],[108.91698,-7.42277],[108.91698,-7.42323],[108.91743,-7.42323],[108.91743,-7.42368]]],[[[108.91199,-7.4223],[108.912,-7.4223],[108.91245,-7.4223],[108.91291,-7.4223],[108.91291,-7.42276],[108.91245,-7.42276],[108.91217,-7.42276],[108.91199,-7.42264],[108.91199,-7.4223]]],[[[108.91154,-7.42199],[108.91155,-7.42198],[108.91155,-7.42203],[108.91154,-7.42199]]],[[[108.91109,-7.42139],[108.91155,-7.42139],[108.91155,-7.42185],[108.91155,-7.42192],[108.91147,-7.42185],[108.91141,-7.42179],[108.91137,-7.42172],[108.9114,-7.42178],[108.91135,-7.42174],[108.91132,-7.42171],[108.91109,-7.42151],[108.91109,-7.42143],[108.91109,-7.42139]]],[[[108.91699,-7.42142],[108.91699,-7.42187],[108.91743,-7.42187],[108.91744,-7.42187],[108.91744,-7.42233],[108.91743,-7.42233],[108.91698,-7.42233],[108.91698,-7.42187],[108.91653,-7.42187],[108.91653,-7.42142],[108.91698,-7.42142],[108.91699,-7.42142]]],[[[108.91382,-7.42005],[108.91428,-7.42005],[108.91428,-7.4205],[108.91428,-7.42051],[108.91382,-7.42051],[108.91382,-7.4205],[108.91382,-7.42005]]],[[[108.91518,-7.4187],[108.91564,-7.4187],[108.91564,-7.41916],[108.91518,-7.41916],[108.91518,-7.4187]]],[[[108.917,-7.4178],[108.917,-7.41781],[108.917,-7.41826],[108.91654,-7.41826],[108.91654,-7.41781],[108.91654,-7.4178],[108.917,-7.4178]]],[[[108.91383,-7.41779],[108.91428,-7.41779],[108.91428,-7.41825],[108.91383,-7.41825],[108.91383,-7.41779]]],[[[108.91429,-7.41599],[108.91429,-7.41554],[108.91429,-7.41553],[108.91429,-7.41508],[108.9143,-7.41508],[108.9143,-7.41463],[108.91476,-7.41463],[108.91476,-7.41509],[108.91475,-7.41509],[108.91475,-7.41553],[108.91475,-7.41554],[108.9152,-7.41554],[108.9152,-7.41599],[108.91565,-7.41599],[108.91611,-7.41599],[108.91611,-7.41645],[108.91656,-7.41645],[108.91656,-7.4169],[108.9161,-7.4169],[108.91565,-7.4169],[108.91564,-7.4169],[108.9152,-7.4169],[108.9152,-7.41735],[108.91474,-7.41735],[108.91428,-7.41735],[108.91428,-7.41734],[108.91428,-7.41689],[108.91429,-7.41689],[108.91429,-7.41644],[108.91429,-7.41599]]],[[[108.91339,-7.41508],[108.91339,-7.41553],[108.91293,-7.41553],[108.91293,-7.41508],[108.91339,-7.41508]]],[[[108.91566,-7.41373],[108.91567,-7.41373],[108.91567,-7.41419],[108.91566,-7.41419],[108.91521,-7.41419],[108.91521,-7.41418],[108.91476,-7.41418],[108.91476,-7.41373],[108.91476,-7.41328],[108.91521,-7.41328],[108.91522,-7.41328],[108.91522,-7.41373],[108.91566,-7.41373]]],[[[108.91657,-7.41328],[108.91657,-7.41329],[108.91657,-7.41374],[108.91611,-7.41374],[108.91611,-7.41329],[108.91611,-7.41328],[108.91657,-7.41328]]],[[[108.91296,-7.41237],[108.91296,-7.41282],[108.9125,-7.41282],[108.9125,-7.41236],[108.91295,-7.41236],[108.91295,-7.41191],[108.91341,-7.41191],[108.91341,-7.41237],[108.91296,-7.41237]]],[[[108.9107,-7.411],[108.9107,-7.41145],[108.91024,-7.41145],[108.91024,-7.411],[108.91069,-7.411],[108.91069,-7.41055],[108.91115,-7.41055],[108.91115,-7.411],[108.9107,-7.411]]],[[[108.91341,-7.41056],[108.91386,-7.41056],[108.91386,-7.41101],[108.91386,-7.41102],[108.91341,-7.41102],[108.91341,-7.41101],[108.91296,-7.41101],[108.91296,-7.41056],[108.91341,-7.41056]]],[[[108.91251,-7.41055],[108.91251,-7.41056],[108.91251,-7.41101],[108.91205,-7.41101],[108.91205,-7.41056],[108.91205,-7.41055],[108.91251,-7.41055]]],[[[108.91568,-7.41012],[108.91568,-7.41057],[108.91522,-7.41057],[108.91522,-7.41012],[108.91568,-7.41012]]],[[[108.91659,-7.40967],[108.91659,-7.41012],[108.91613,-7.41012],[108.91613,-7.40967],[108.91659,-7.40967]]],[[[108.91025,-7.41009],[108.91025,-7.4101],[108.90979,-7.4101],[108.90979,-7.41009],[108.90979,-7.40964],[108.90934,-7.40964],[108.90934,-7.40919],[108.9098,-7.40919],[108.9098,-7.40964],[108.91025,-7.40964],[108.91025,-7.41009]]],[[[108.91206,-7.4092],[108.91251,-7.4092],[108.91251,-7.40965],[108.91206,-7.40965],[108.91206,-7.4092]]],[[[108.9107,-7.40965],[108.9107,-7.40919],[108.91115,-7.40919],[108.91115,-7.40874],[108.91116,-7.40874],[108.91161,-7.40874],[108.91161,-7.4092],[108.91116,-7.4092],[108.91116,-7.40965],[108.9107,-7.40965]]],[[[108.91206,-7.4083],[108.91251,-7.4083],[108.91251,-7.40785],[108.91297,-7.40785],[108.91297,-7.4083],[108.91252,-7.4083],[108.91252,-7.40875],[108.91206,-7.40875],[108.91206,-7.4083]]],[[[108.91523,-7.40786],[108.91569,-7.40786],[108.91569,-7.40831],[108.91523,-7.40831],[108.91523,-7.40786]]],[[[108.91071,-7.40738],[108.91071,-7.40784],[108.91026,-7.40784],[108.91025,-7.40784],[108.91025,-7.40738],[108.91026,-7.40738],[108.91071,-7.40738]]],[[[108.91174,-7.38163],[108.91174,-7.38164],[108.91174,-7.38209],[108.91129,-7.38209],[108.91129,-7.38254],[108.91083,-7.38254],[108.91083,-7.38208],[108.91128,-7.38208],[108.91128,-7.38164],[108.91128,-7.38163],[108.91129,-7.38163],[108.91174,-7.38163]]],[[[108.91219,-7.38074],[108.91264,-7.38074],[108.91264,-7.38029],[108.9131,-7.38029],[108.9131,-7.38074],[108.91265,-7.38074],[108.91265,-7.38119],[108.91219,-7.38119],[108.91219,-7.38074]]],[[[108.91311,-7.37938],[108.91311,-7.37984],[108.91265,-7.37984],[108.91265,-7.37938],[108.91311,-7.37938]]],[[[108.92194,-7.42777],[108.92239,-7.42777],[108.92239,-7.42732],[108.92284,-7.42732],[108.92284,-7.42777],[108.92305,-7.42777],[108.92302,-7.42787],[108.923,-7.42792],[108.92294,-7.42809],[108.92284,-7.42823],[108.92284,-7.42822],[108.92284,-7.42795],[108.92284,-7.42778],[108.92239,-7.42778],[108.92239,-7.4281],[108.92239,-7.42822],[108.92193,-7.42822],[108.92193,-7.42821],[108.92193,-7.42777],[108.92148,-7.42777],[108.92148,-7.42732],[108.92194,-7.42732],[108.92194,-7.42777]]],[[[108.91876,-7.42778],[108.91876,-7.42776],[108.91876,-7.42775],[108.91899,-7.42775],[108.91912,-7.42775],[108.91922,-7.42775],[108.91922,-7.42776],[108.91922,-7.4278],[108.91922,-7.42821],[108.91876,-7.42821],[108.91876,-7.42778]]],[[[108.92467,-7.42772],[108.92465,-7.42771],[108.92465,-7.42771],[108.9246,-7.42768],[108.92449,-7.42761],[108.9242,-7.42744],[108.9242,-7.42744],[108.92402,-7.42733],[108.92375,-7.42717],[108.92375,-7.42717],[108.92368,-7.42712],[108.92329,-7.42719],[108.92329,-7.42688],[108.92329,-7.42687],[108.92284,-7.42687],[108.92239,-7.42687],[108.92239,-7.42642],[108.92194,-7.42642],[108.92194,-7.42687],[108.92149,-7.42687],[108.92103,-7.42687],[108.92103,-7.42686],[108.92103,-7.42641],[108.92059,-7.42641],[108.92058,-7.42641],[108.92014,-7.42641],[108.92013,-7.42641],[108.91968,-7.42641],[108.91968,-7.42686],[108.91922,-7.42686],[108.91922,-7.4264],[108.91968,-7.4264],[108.91968,-7.42595],[108.92013,-7.42595],[108.92013,-7.42551],[108.92013,-7.4255],[108.92013,-7.42505],[108.91969,-7.42505],[108.91968,-7.42505],[108.91923,-7.42505],[108.91923,-7.4246],[108.91923,-7.42459],[108.91923,-7.42414],[108.91969,-7.42414],[108.91969,-7.42459],[108.91969,-7.4246],[108.92013,-7.4246],[108.92013,-7.42415],[108.92014,-7.42415],[108.92059,-7.42415],[108.92059,-7.4246],[108.92014,-7.4246],[108.92014,-7.42505],[108.92059,-7.42505],[108.92059,-7.4255],[108.92104,-7.4255],[108.92104,-7.42551],[108.92104,-7.42596],[108.92149,-7.42596],[108.92194,-7.42596],[108.92194,-7.42551],[108.92149,-7.42551],[108.92149,-7.42506],[108.92104,-7.42506],[108.92104,-7.42461],[108.92104,-7.4246],[108.92104,-7.42415],[108.92149,-7.42415],[108.92149,-7.4237],[108.92195,-7.4237],[108.92241,-7.4237],[108.92241,-7.42416],[108.92286,-7.42416],[108.92286,-7.42461],[108.92331,-7.42461],[108.92331,-7.42507],[108.92375,-7.42507],[108.92376,-7.42507],[108.92421,-7.42507],[108.92421,-7.42552],[108.92421,-7.42597],[108.92421,-7.42642],[108.92465,-7.42642],[108.92465,-7.42598],[108.92511,-7.42598],[108.92511,-7.42643],[108.92556,-7.42643],[108.92556,-7.42688],[108.92601,-7.42688],[108.92601,-7.42733],[108.92601,-7.42734],[108.92601,-7.42738],[108.92571,-7.42776],[108.92567,-7.42779],[108.92568,-7.42779],[108.92555,-7.42787],[108.92542,-7.42796],[108.92509,-7.42795],[108.92506,-7.42795],[108.92486,-7.42783],[108.92479,-7.42779],[108.92478,-7.42779],[108.92467,-7.42772]],[[108.92194,-7.42506],[108.92194,-7.42461],[108.9215,-7.42461],[108.92149,-7.42461],[108.92149,-7.42506],[108.92194,-7.42506]],[[108.92284,-7.42506],[108.92285,-7.42506],[108.92285,-7.42461],[108.9224,-7.42461],[108.9224,-7.42506],[108.92284,-7.42506]]],[[[108.92674,-7.42644],[108.92671,-7.42647],[108.92666,-7.42654],[108.92646,-7.42679],[108.92646,-7.42644],[108.92601,-7.42644],[108.92601,-7.42598],[108.92647,-7.42598],[108.92647,-7.42644],[108.92674,-7.42644]]],[[[108.92241,-7.42235],[108.92242,-7.42235],[108.92287,-7.42235],[108.92287,-7.4228],[108.92332,-7.4228],[108.92332,-7.42326],[108.92286,-7.42326],[108.92286,-7.42281],[108.92241,-7.42281],[108.92241,-7.4228],[108.92196,-7.4228],[108.92196,-7.42235],[108.92241,-7.42235]]],[[[108.92196,-7.4228],[108.92196,-7.42325],[108.9215,-7.42325],[108.9215,-7.4228],[108.92196,-7.4228]]],[[[108.92015,-7.42144],[108.9206,-7.42144],[108.92061,-7.42144],[108.92106,-7.42144],[108.92106,-7.42189],[108.92061,-7.42189],[108.9206,-7.42189],[108.92015,-7.42189],[108.92015,-7.42234],[108.9206,-7.42234],[108.9206,-7.42279],[108.92105,-7.42279],[108.92105,-7.42325],[108.9206,-7.42325],[108.92059,-7.42325],[108.92014,-7.42325],[108.92014,-7.42279],[108.91969,-7.42279],[108.91969,-7.42234],[108.91969,-7.42189],[108.91969,-7.42143],[108.92015,-7.42143],[108.92015,-7.42144]]],[[[108.91834,-7.42188],[108.91879,-7.42188],[108.91879,-7.42233],[108.91834,-7.42233],[108.91833,-7.42233],[108.91833,-7.42188],[108.91834,-7.42188]]],[[[108.92196,-7.42099],[108.92242,-7.42099],[108.92242,-7.42145],[108.92196,-7.42145],[108.92196,-7.42099]]],[[[108.92152,-7.42099],[108.92152,-7.42144],[108.92106,-7.42144],[108.92106,-7.42099],[108.92152,-7.42099]]],[[[108.92016,-7.42008],[108.92016,-7.42053],[108.9197,-7.42053],[108.9197,-7.42008],[108.92016,-7.42008]]],[[[108.92018,-7.41556],[108.91972,-7.41556],[108.91972,-7.41511],[108.91927,-7.41511],[108.91927,-7.41466],[108.91927,-7.41465],[108.91973,-7.41465],[108.91973,-7.41466],[108.91973,-7.41511],[108.92018,-7.41511],[108.92018,-7.41556]]],[[[108.91702,-7.41509],[108.91702,-7.41555],[108.91701,-7.41555],[108.91656,-7.41555],[108.91656,-7.41509],[108.91701,-7.41509],[108.91702,-7.41509]]],[[[108.92652,-7.41423],[108.92652,-7.41424],[108.92652,-7.41469],[108.92606,-7.41469],[108.92606,-7.41424],[108.92606,-7.41423],[108.92652,-7.41423]]],[[[108.91838,-7.41374],[108.91838,-7.41375],[108.91838,-7.4142],[108.91801,-7.4142],[108.91792,-7.4142],[108.91792,-7.41375],[108.91792,-7.41374],[108.91838,-7.41374]]],[[[108.91795,-7.40968],[108.91795,-7.41013],[108.91749,-7.41013],[108.91749,-7.40968],[108.91795,-7.40968]]]]}},{"type":"Feature","properties":{"d":"KARANGPUCUNG","net":"FWA-Outdoor"},"geometry":{"type":"MultiPolygon","coordinates":[[[[108.83282,-7.41695],[108.83282,-7.4174],[108.83282,-7.41741],[108.83236,-7.41741],[108.83236,-7.4174],[108.83236,-7.41704],[108.83272,-7.41704],[108.83272,-7.41695],[108.83282,-7.41695]]],[[[108.83101,-7.41694],[108.83055,-7.41694],[108.83055,-7.41649],[108.83101,-7.41649],[108.83101,-7.41694]]],[[[108.84414,-7.41656],[108.84368,-7.41656],[108.84368,-7.4161],[108.84414,-7.4161],[108.84414,-7.41656]]],[[[108.83283,-7.41605],[108.83327,-7.41605],[108.83328,-7.41605],[108.83328,-7.4165],[108.83327,-7.4165],[108.83283,-7.4165],[108.83282,-7.4165],[108.83273,-7.4165],[108.83273,-7.41605],[108.83282,-7.41605],[108.83283,-7.41605]]],[[[108.82693,-7.41638],[108.82693,-7.41602],[108.82738,-7.41602],[108.82739,-7.41602],[108.82784,-7.41602],[108.82784,-7.41648],[108.82739,-7.41648],[108.82738,-7.41648],[108.82715,-7.41648],[108.82693,-7.41638]]],[[[108.82559,-7.41647],[108.82558,-7.41647],[108.82523,-7.41647],[108.82513,-7.41645],[108.82513,-7.41601],[108.82468,-7.41601],[108.82468,-7.41556],[108.82513,-7.41556],[108.82514,-7.41556],[108.82514,-7.41601],[108.82558,-7.41601],[108.82559,-7.41601],[108.82559,-7.41647]]],[[[108.84142,-7.41609],[108.84142,-7.41564],[108.84188,-7.41564],[108.84188,-7.41609],[108.84142,-7.41609]]],[[[108.83689,-7.41607],[108.83689,-7.41562],[108.83735,-7.41562],[108.83735,-7.41607],[108.83689,-7.41607]]],[[[108.83554,-7.41516],[108.83554,-7.41543],[108.83545,-7.41543],[108.83545,-7.41561],[108.83509,-7.41561],[108.83509,-7.41606],[108.83508,-7.41606],[108.83463,-7.41606],[108.83463,-7.41561],[108.83418,-7.41561],[108.83418,-7.41515],[108.83464,-7.41515],[108.83464,-7.41561],[108.83508,-7.41561],[108.83508,-7.41516],[108.83554,-7.41516]]],[[[108.83781,-7.41562],[108.83735,-7.41562],[108.83735,-7.41517],[108.83781,-7.41517],[108.83781,-7.41562]]],[[[108.83057,-7.41559],[108.83011,-7.41559],[108.83011,-7.41513],[108.83057,-7.41513],[108.83057,-7.41559]]],[[[108.82831,-7.41422],[108.82831,-7.41467],[108.82785,-7.41467],[108.82785,-7.41512],[108.8283,-7.41512],[108.8283,-7.41557],[108.8283,-7.41558],[108.82784,-7.41558],[108.82784,-7.41557],[108.82739,-7.41557],[108.82739,-7.41512],[108.82694,-7.41512],[108.82694,-7.41467],[108.82694,-7.41466],[108.82739,-7.41466],[108.82739,-7.41422],[108.82785,-7.41422],[108.82831,-7.41422]]],[[[108.84188,-7.41429],[108.84234,-7.41429],[108.84234,-7.41474],[108.84234,-7.41519],[108.84188,-7.41519],[108.84188,-7.41474],[108.84188,-7.41429]]],[[[108.83691,-7.41426],[108.83691,-7.41381],[108.83691,-7.41336],[108.83691,-7.41291],[108.83736,-7.41291],[108.83736,-7.41336],[108.83736,-7.41381],[108.83736,-7.41426],[108.83691,-7.41426]]],[[[108.83646,-7.41426],[108.836,-7.41426],[108.836,-7.41381],[108.83646,-7.41381],[108.83646,-7.41426]]],[[[108.84461,-7.41295],[108.84461,-7.4134],[108.8446,-7.4134],[108.84415,-7.4134],[108.84415,-7.41294],[108.8446,-7.41294],[108.8446,-7.41249],[108.8446,-7.41204],[108.84506,-7.41204],[108.84506,-7.41224],[108.84498,-7.41249],[108.84496,-7.41255],[108.84489,-7.41295],[108.84461,-7.41295]]],[[[108.84143,-7.41338],[108.84143,-7.41293],[108.84189,-7.41293],[108.84189,-7.41338],[108.84143,-7.41338]]],[[[108.83826,-7.41337],[108.83826,-7.41291],[108.83872,-7.41291],[108.83872,-7.41337],[108.83826,-7.41337]]],[[[108.83646,-7.41245],[108.83691,-7.41245],[108.83691,-7.41291],[108.83646,-7.41291],[108.83646,-7.41336],[108.836,-7.41336],[108.836,-7.4129],[108.83646,-7.4129],[108.83646,-7.41245]]],[[[108.82922,-7.41332],[108.82876,-7.41332],[108.82876,-7.41287],[108.82922,-7.41287],[108.82922,-7.41332]]],[[[108.84189,-7.41293],[108.84189,-7.41248],[108.84235,-7.41248],[108.84235,-7.41293],[108.84189,-7.41293]]],[[[108.83736,-7.41246],[108.83736,-7.41201],[108.83736,-7.412],[108.83782,-7.412],[108.83782,-7.41201],[108.83827,-7.41201],[108.83827,-7.41246],[108.83782,-7.41246],[108.83782,-7.41291],[108.83736,-7.41291],[108.83736,-7.41246]]],[[[108.83646,-7.412],[108.83646,-7.41245],[108.83601,-7.41245],[108.83556,-7.41245],[108.83556,-7.412],[108.83601,-7.412],[108.83646,-7.412]]],[[[108.83284,-7.41243],[108.83284,-7.41244],[108.83238,-7.41244],[108.83238,-7.41243],[108.83238,-7.41198],[108.83284,-7.41198],[108.83284,-7.41243]]],[[[108.84325,-7.41203],[108.8428,-7.41203],[108.8428,-7.41158],[108.84325,-7.41158],[108.84325,-7.41203]]],[[[108.84053,-7.41202],[108.84053,-7.41157],[108.84099,-7.41157],[108.84099,-7.41202],[108.84053,-7.41202]]],[[[108.83873,-7.41021],[108.83873,-7.4102],[108.83919,-7.4102],[108.83919,-7.40976],[108.83919,-7.40975],[108.83919,-7.40931],[108.83919,-7.4093],[108.83919,-7.40885],[108.83919,-7.4084],[108.8392,-7.4084],[108.83964,-7.4084],[108.83964,-7.40795],[108.83964,-7.4075],[108.83965,-7.4075],[108.83965,-7.40705],[108.8401,-7.40705],[108.8401,-7.4066],[108.83965,-7.4066],[108.83965,-7.40614],[108.8392,-7.40614],[108.8392,-7.40569],[108.83921,-7.40569],[108.83921,-7.40524],[108.83876,-7.40524],[108.83876,-7.40478],[108.83922,-7.40478],[108.83922,-7.40524],[108.83967,-7.40524],[108.83967,-7.40569],[108.84011,-7.40569],[108.84012,-7.40569],[108.84057,-7.40569],[108.84057,-7.40525],[108.84057,-7.40524],[108.84057,-7.40479],[108.84012,-7.40479],[108.84012,-7.40434],[108.84058,-7.40434],[108.84058,-7.40479],[108.84103,-7.40479],[108.84103,-7.40524],[108.84103,-7.40525],[108.84147,-7.40525],[108.84147,-7.4048],[108.84148,-7.4048],[108.84148,-7.40435],[108.84103,-7.40435],[108.84103,-7.40434],[108.84103,-7.40389],[108.84058,-7.40389],[108.84058,-7.40344],[108.84013,-7.40344],[108.83967,-7.40344],[108.83967,-7.40343],[108.83923,-7.40343],[108.83922,-7.40343],[108.83877,-7.40343],[108.83831,-7.40343],[108.83831,-7.40297],[108.83832,-7.40297],[108.83832,-7.40252],[108.83787,-7.40252],[108.83787,-7.40225],[108.83823,-7.40225],[108.83823,-7.40207],[108.83823,-7.40171],[108.83805,-7.40171],[108.83805,-7.40162],[108.83805,-7.40156],[108.83819,-7.40148],[108.83832,-7.40139],[108.83833,-7.40139],[108.83833,-7.40162],[108.83833,-7.40207],[108.83877,-7.40207],[108.83877,-7.40162],[108.83878,-7.40162],[108.83923,-7.40162],[108.83923,-7.40117],[108.83968,-7.40117],[108.84014,-7.40117],[108.84014,-7.40163],[108.83968,-7.40163],[108.83923,-7.40163],[108.83923,-7.40207],[108.83968,-7.40207],[108.83968,-7.40208],[108.84013,-7.40208],[108.84058,-7.40208],[108.84058,-7.40163],[108.84103,-7.40163],[108.84104,-7.40163],[108.84149,-7.40163],[108.84149,-7.40208],[108.84149,-7.40209],[108.84194,-7.40209],[108.8424,-7.40209],[108.8424,-7.40254],[108.84284,-7.40254],[108.84284,-7.40209],[108.8433,-7.40209],[108.8433,-7.40255],[108.84285,-7.40255],[108.84285,-7.403],[108.84329,-7.403],[108.8433,-7.403],[108.84374,-7.403],[108.84375,-7.403],[108.8442,-7.403],[108.84465,-7.403],[108.84465,-7.40255],[108.84511,-7.40255],[108.84511,-7.403],[108.84511,-7.40301],[108.84556,-7.40301],[108.84556,-7.40256],[108.84556,-7.40211],[108.84601,-7.40211],[108.84602,-7.40211],[108.84602,-7.40166],[108.84647,-7.40166],[108.84647,-7.40121],[108.84692,-7.40121],[108.84737,-7.40121],[108.84738,-7.40121],[108.84782,-7.40121],[108.84783,-7.40121],[108.84783,-7.40076],[108.84738,-7.40076],[108.84738,-7.40031],[108.84784,-7.40031],[108.84784,-7.40076],[108.84828,-7.40076],[108.84828,-7.40031],[108.84874,-7.40031],[108.84874,-7.39986],[108.8492,-7.39986],[108.8492,-7.40031],[108.8492,-7.40032],[108.84965,-7.40032],[108.84965,-7.40077],[108.84965,-7.40122],[108.84919,-7.40122],[108.84919,-7.40077],[108.84874,-7.40077],[108.84874,-7.40122],[108.84829,-7.40122],[108.84828,-7.40122],[108.84828,-7.40167],[108.84783,-7.40167],[108.84783,-7.40212],[108.84737,-7.40212],[108.84737,-7.40257],[108.84692,-7.40257],[108.84692,-7.40302],[108.84647,-7.40302],[108.84647,-7.40346],[108.84692,-7.40346],[108.84692,-7.40347],[108.84737,-7.40347],[108.84737,-7.40392],[108.84737,-7.40437],[108.84782,-7.40437],[108.84782,-7.40483],[108.84826,-7.40483],[108.84827,-7.40483],[108.84872,-7.40483],[108.84872,-7.40528],[108.84917,-7.40528],[108.84917,-7.40574],[108.84872,-7.40574],[108.84872,-7.40619],[108.84871,-7.40619],[108.84871,-7.40664],[108.84852,-7.40664],[108.84835,-7.40664],[108.84835,-7.40663],[108.84853,-7.40663],[108.84853,-7.40619],[108.84853,-7.40618],[108.84853,-7.40592],[108.84835,-7.40592],[108.84826,-7.40592],[108.84817,-7.40592],[108.84817,-7.40591],[108.84816,-7.40591],[108.84781,-7.40591],[108.8478,-7.40591],[108.8478,-7.40609],[108.84762,-7.40609],[108.84744,-7.40609],[108.84736,-7.40609],[108.84735,-7.40609],[108.84727,-7.40609],[108.84726,-7.40609],[108.84708,-7.40609],[108.84708,-7.40591],[108.84691,-7.40591],[108.8469,-7.40591],[108.84672,-7.40591],[108.84672,-7.40618],[108.84672,-7.40627],[108.84672,-7.40645],[108.84654,-7.40645],[108.84654,-7.40663],[108.84644,-7.40663],[108.84644,-7.40618],[108.84599,-7.40618],[108.84599,-7.40572],[108.84599,-7.40554],[108.84618,-7.40554],[108.84618,-7.40536],[108.84636,-7.40536],[108.84636,-7.40527],[108.84637,-7.40527],[108.84645,-7.40527],[108.84645,-7.40482],[108.84637,-7.40482],[108.84636,-7.40482],[108.84636,-7.40464],[108.84618,-7.40464],[108.84618,-7.40446],[108.84601,-7.40446],[108.846,-7.40446],[108.84564,-7.40446],[108.84564,-7.40482],[108.84582,-7.40482],[108.84582,-7.40518],[108.84582,-7.40527],[108.84555,-7.40527],[108.84555,-7.40572],[108.84555,-7.40617],[108.84509,-7.40617],[108.84509,-7.40572],[108.84464,-7.40572],[108.84463,-7.40572],[108.84419,-7.40572],[108.84418,-7.40572],[108.84418,-7.40571],[108.84418,-7.40535],[108.84419,-7.40535],[108.84419,-7.40526],[108.84419,-7.40499],[108.84418,-7.40499],[108.84418,-7.40481],[108.84419,-7.40481],[108.84419,-7.40436],[108.84402,-7.40436],[108.84401,-7.40436],[108.84401,-7.40409],[108.84374,-7.40409],[108.84374,-7.40391],[108.84374,-7.4039],[108.84329,-7.4039],[108.84284,-7.4039],[108.84283,-7.4039],[108.84239,-7.4039],[108.84239,-7.40435],[108.84283,-7.40435],[108.84284,-7.40435],[108.84284,-7.4048],[108.84328,-7.4048],[108.84328,-7.40435],[108.84365,-7.40435],[108.84365,-7.40463],[108.84365,-7.4048],[108.84365,-7.40481],[108.84364,-7.40481],[108.84329,-7.40481],[108.84329,-7.40499],[108.84328,-7.40499],[108.8431,-7.40499],[108.8431,-7.40525],[108.8431,-7.40526],[108.8431,-7.40535],[108.84328,-7.40535],[108.84329,-7.40535],[108.84346,-7.40535],[108.84346,-7.40553],[108.84364,-7.40553],[108.84365,-7.40553],[108.84374,-7.40553],[108.84374,-7.40571],[108.84374,-7.40616],[108.84374,-7.40661],[108.84374,-7.40662],[108.84374,-7.40707],[108.84373,-7.40707],[108.84364,-7.40707],[108.84364,-7.4068],[108.84346,-7.4068],[108.84346,-7.40679],[108.84346,-7.40662],[108.84346,-7.40661],[108.84346,-7.40643],[108.84364,-7.40643],[108.84364,-7.40616],[108.84364,-7.40607],[108.84346,-7.40607],[108.84329,-7.40607],[108.84328,-7.40607],[108.84292,-7.40607],[108.84292,-7.40616],[108.84292,-7.40625],[108.84283,-7.40625],[108.84283,-7.40616],[108.84283,-7.40571],[108.84238,-7.40571],[108.84238,-7.4057],[108.84193,-7.4057],[108.84148,-7.4057],[108.84148,-7.40615],[108.84147,-7.40615],[108.84147,-7.4066],[108.84192,-7.4066],[108.84192,-7.40706],[108.84146,-7.40706],[108.84146,-7.4066],[108.84102,-7.4066],[108.84102,-7.40705],[108.84101,-7.40705],[108.84101,-7.4075],[108.84101,-7.40751],[108.84056,-7.40751],[108.84056,-7.40796],[108.8401,-7.40796],[108.8401,-7.4084],[108.84055,-7.4084],[108.84055,-7.40886],[108.8401,-7.40886],[108.84009,-7.40886],[108.84009,-7.4084],[108.83965,-7.4084],[108.83965,-7.40885],[108.83965,-7.4093],[108.83965,-7.40931],[108.83965,-7.40975],[108.83965,-7.40976],[108.83965,-7.41021],[108.8401,-7.41021],[108.8401,-7.41066],[108.8401,-7.41112],[108.83964,-7.41112],[108.83964,-7.41156],[108.83964,-7.41157],[108.83918,-7.41157],[108.83918,-7.41201],[108.83873,-7.41201],[108.83872,-7.41201],[108.83827,-7.41201],[108.83827,-7.41156],[108.83872,-7.41156],[108.83873,-7.41156],[108.83873,-7.41111],[108.83918,-7.41111],[108.83918,-7.41066],[108.83873,-7.41066],[108.83873,-7.41021]],[[108.84556,-7.40346],[108.84601,-7.40346],[108.84601,-7.40301],[108.84556,-7.40301],[108.84556,-7.40346]],[[108.83922,-7.40298],[108.83923,-7.40298],[108.83931,-7.40298],[108.83931,-7.40262],[108.83923,-7.40262],[108.83922,-7.40262],[108.83913,-7.40262],[108.83895,-7.40262],[108.83895,-7.40253],[108.83895,-7.40252],[108.83895,-7.40244],[108.83878,-7.40244],[108.83877,-7.40244],[108.83877,-7.40243],[108.83877,-7.40225],[108.83841,-7.40225],[108.83841,-7.40252],[108.83841,-7.40279],[108.83859,-7.40279],[108.83877,-7.40279],[108.83877,-7.40297],[108.83877,-7.40298],[108.83877,-7.40316],[108.83913,-7.40316],[108.83913,-7.40298],[108.83922,-7.40298]],[[108.84148,-7.40389],[108.84193,-7.40389],[108.84193,-7.40345],[108.84193,-7.40344],[108.84193,-7.40299],[108.84148,-7.40299],[108.84148,-7.40254],[108.84104,-7.40254],[108.84103,-7.40254],[108.84103,-7.40298],[108.84103,-7.40299],[108.84103,-7.40344],[108.84148,-7.40344],[108.84148,-7.40389]],[[108.84194,-7.40299],[108.84239,-7.40299],[108.84239,-7.40254],[108.84194,-7.40254],[108.84194,-7.40299]],[[108.846,-7.40436],[108.846,-7.40392],[108.84555,-7.40392],[108.84555,-7.40391],[108.84511,-7.40391],[108.8451,-7.40391],[108.84465,-7.40391],[108.84465,-7.40436],[108.84509,-7.40436],[108.8451,-7.40436],[108.84555,-7.40436],[108.846,-7.40436]],[[108.8451,-7.40527],[108.84554,-7.40527],[108.84554,-7.40482],[108.8451,-7.40482],[108.8451,-7.40527]],[[108.84056,-7.40615],[108.84012,-7.40615],[108.84011,-7.40615],[108.84011,-7.4066],[108.84056,-7.4066],[108.84056,-7.40615]],[[108.84102,-7.4057],[108.84057,-7.4057],[108.84057,-7.40615],[108.84101,-7.40615],[108.84102,-7.40615],[108.84102,-7.4057]],[[108.84283,-7.40345],[108.84284,-7.40345],[108.84284,-7.403],[108.84239,-7.403],[108.84239,-7.40344],[108.84239,-7.40345],[108.84283,-7.40345]],[[108.84691,-7.40482],[108.84691,-7.40527],[108.84691,-7.40528],[108.84645,-7.40528],[108.84645,-7.40572],[108.84691,-7.40572],[108.84691,-7.40573],[108.84735,-7.40573],[108.84736,-7.40573],[108.8478,-7.40573],[108.84781,-7.40573],[108.84826,-7.40573],[108.84826,-7.40528],[108.84781,-7.40528],[108.84781,-7.40483],[108.84736,-7.40483],[108.84736,-7.40437],[108.84709,-7.40437],[108.84709,-7.40392],[108.84727,-7.40392],[108.84727,-7.40356],[108.84692,-7.40356],[108.84691,-7.40356],[108.84655,-7.40356],[108.84655,-7.40392],[108.84655,-7.4041],[108.84646,-7.4041],[108.84637,-7.4041],[108.84637,-7.40437],[108.84637,-7.40446],[108.84646,-7.40446],[108.84646,-7.40482],[108.84691,-7.40482]],[[108.84646,-7.40301],[108.84646,-7.40256],[108.84602,-7.40256],[108.84602,-7.40301],[108.84646,-7.40301]]],[[[108.83646,-7.41155],[108.83646,-7.4111],[108.83692,-7.4111],[108.83692,-7.41155],[108.83692,-7.412],[108.83646,-7.412],[108.83646,-7.41155]]],[[[108.82831,-7.41196],[108.82787,-7.41196],[108.82786,-7.41196],[108.82786,-7.41151],[108.82787,-7.41151],[108.82831,-7.41151],[108.82832,-7.41151],[108.82877,-7.41151],[108.82877,-7.41196],[108.82832,-7.41196],[108.82831,-7.41196]]],[[[108.84325,-7.41158],[108.84325,-7.41113],[108.84371,-7.41113],[108.84371,-7.41158],[108.84325,-7.41158]]],[[[108.8428,-7.41158],[108.84235,-7.41158],[108.84235,-7.41113],[108.8428,-7.41113],[108.8428,-7.41158]]],[[[108.83692,-7.4111],[108.83692,-7.41065],[108.83738,-7.41065],[108.83738,-7.4111],[108.83692,-7.4111]]],[[[108.83782,-7.41065],[108.83782,-7.4102],[108.83828,-7.4102],[108.83828,-7.41065],[108.83782,-7.41065]]],[[[108.82786,-7.41023],[108.82786,-7.41019],[108.82787,-7.41019],[108.82795,-7.41015],[108.82802,-7.41015],[108.82832,-7.41015],[108.82832,-7.41061],[108.82787,-7.41061],[108.82786,-7.41061],[108.82786,-7.41023]]],[[[108.84145,-7.41022],[108.841,-7.41022],[108.841,-7.40976],[108.84145,-7.40976],[108.84145,-7.41022]]],[[[108.83511,-7.41019],[108.83511,-7.40974],[108.83511,-7.40973],[108.83557,-7.40973],[108.83557,-7.40974],[108.83557,-7.41019],[108.83511,-7.41019]]],[[[108.83466,-7.40973],[108.83421,-7.40973],[108.8342,-7.40973],[108.8342,-7.40928],[108.83421,-7.40928],[108.83466,-7.40928],[108.83466,-7.40973]]],[[[108.83557,-7.40929],[108.83557,-7.40883],[108.83603,-7.40883],[108.83603,-7.40929],[108.83557,-7.40929]]],[[[108.84237,-7.40841],[108.84282,-7.40841],[108.84282,-7.40887],[108.84236,-7.40887],[108.84236,-7.40842],[108.84191,-7.40842],[108.84191,-7.40841],[108.84191,-7.40796],[108.84191,-7.40751],[108.84237,-7.40751],[108.84237,-7.40796],[108.84237,-7.40841]]],[[[108.83875,-7.40749],[108.83875,-7.40795],[108.83874,-7.40795],[108.8383,-7.40795],[108.8383,-7.40839],[108.8383,-7.4084],[108.8383,-7.40885],[108.83829,-7.40885],[108.83784,-7.40885],[108.83784,-7.4084],[108.83784,-7.40839],[108.83739,-7.40839],[108.83739,-7.40794],[108.83784,-7.40794],[108.83785,-7.40794],[108.83829,-7.40794],[108.83829,-7.40749],[108.83874,-7.40749],[108.83875,-7.40749]]],[[[108.83693,-7.40884],[108.83693,-7.40839],[108.83739,-7.40839],[108.83739,-7.40884],[108.83693,-7.40884]]],[[[108.83466,-7.40883],[108.83466,-7.40838],[108.83512,-7.40838],[108.83512,-7.40883],[108.83466,-7.40883]]],[[[108.83603,-7.40839],[108.83603,-7.40793],[108.83649,-7.40793],[108.83649,-7.40839],[108.83603,-7.40839]]],[[[108.84273,-7.40733],[108.84283,-7.40733],[108.84283,-7.40751],[108.84237,-7.40751],[108.84237,-7.40706],[108.84255,-7.40706],[108.84255,-7.40715],[108.84273,-7.40715],[108.84273,-7.40733]]],[[[108.83196,-7.40746],[108.8315,-7.40746],[108.8315,-7.40701],[108.83196,-7.40701],[108.83196,-7.40746]]],[[[108.83695,-7.40477],[108.8374,-7.40477],[108.8374,-7.40478],[108.8374,-7.40523],[108.83694,-7.40523],[108.83694,-7.40478],[108.83649,-7.40478],[108.83649,-7.40477],[108.83649,-7.40432],[108.83695,-7.40432],[108.83695,-7.40477]]],[[[108.83561,-7.40341],[108.83569,-7.40333],[108.83606,-7.40302],[108.83606,-7.40302],[108.83613,-7.40296],[108.83651,-7.40296],[108.83651,-7.40342],[108.83606,-7.40342],[108.83605,-7.40342],[108.83561,-7.40342],[108.83561,-7.40341]]],[[[108.83742,-7.40206],[108.83751,-7.40206],[108.83751,-7.40207],[108.83742,-7.40207],[108.83742,-7.40206]]],[[[108.83877,-7.40113],[108.83877,-7.40112],[108.83878,-7.40112],[108.83893,-7.40103],[108.83923,-7.40085],[108.83923,-7.40117],[108.83878,-7.40117],[108.83877,-7.40117],[108.8387,-7.40117],[108.83877,-7.40113]]],[[[108.83946,-7.40072],[108.83948,-7.40071],[108.83969,-7.40059],[108.83969,-7.40072],[108.83946,-7.40072]]],[[[108.84241,-7.40073],[108.84241,-7.40074],[108.84195,-7.40074],[108.84195,-7.40073],[108.84195,-7.40028],[108.84241,-7.40028],[108.84241,-7.40073]]],[[[108.84331,-7.40074],[108.84285,-7.40074],[108.84285,-7.40029],[108.84285,-7.40028],[108.84331,-7.40028],[108.84331,-7.40029],[108.84331,-7.40074]]],[[[108.84196,-7.39983],[108.8415,-7.39983],[108.8415,-7.39949],[108.84167,-7.39937],[108.84196,-7.39937],[108.84196,-7.39938],[108.84196,-7.39983]]],[[[108.84328,-7.39755],[108.84308,-7.39739],[108.84286,-7.39726],[108.84286,-7.39712],[108.84287,-7.39712],[108.84332,-7.39712],[108.84378,-7.39712],[108.84378,-7.39713],[108.84378,-7.39758],[108.84332,-7.39758],[108.84331,-7.39758],[108.84328,-7.39755]]],[[[108.84204,-7.38266],[108.84158,-7.38266],[108.84158,-7.38221],[108.84204,-7.38221],[108.84204,-7.38266]]],[[[108.84026,-7.37362],[108.84027,-7.37362],[108.84027,-7.37317],[108.84027,-7.37316],[108.84073,-7.37316],[108.84073,-7.37317],[108.84073,-7.37362],[108.84072,-7.37362],[108.84072,-7.37407],[108.84102,-7.37407],[108.84095,-7.37453],[108.84071,-7.37453],[108.84071,-7.37452],[108.84027,-7.37452],[108.84026,-7.37452],[108.83981,-7.37452],[108.83981,-7.37407],[108.84026,-7.37407],[108.84026,-7.37362]]],[[[108.84272,-7.37392],[108.84272,-7.37398],[108.84271,-7.37398],[108.84271,-7.37392],[108.84272,-7.37392]]],[[[108.84254,-7.37386],[108.84254,-7.37386],[108.84265,-7.3739],[108.84254,-7.3739],[108.84253,-7.3739],[108.84243,-7.37384],[108.84242,-7.37384],[108.84241,-7.37384],[108.84241,-7.37383],[108.8424,-7.37383],[108.84222,-7.37362],[108.84226,-7.37362],[108.8425,-7.37385],[108.84254,-7.37386]]],[[[108.84118,-7.37317],[108.84117,-7.37322],[108.84117,-7.37317],[108.84118,-7.37317]]],[[[108.84137,-7.37232],[108.84129,-7.37254],[108.84126,-7.37272],[108.84118,-7.37272],[108.84118,-7.37227],[108.84148,-7.37227],[108.84148,-7.37228],[108.84147,-7.37228],[108.84137,-7.37232]]],[[[108.84164,-7.37253],[108.84155,-7.37237],[108.84149,-7.37227],[108.84153,-7.37227],[108.84154,-7.37227],[108.84158,-7.37233],[108.84164,-7.37246],[108.84164,-7.37253]]],[[[108.83847,-7.37135],[108.83847,-7.3709],[108.83892,-7.3709],[108.83893,-7.3709],[108.83926,-7.3709],[108.83925,-7.37094],[108.8393,-7.37116],[108.83938,-7.37124],[108.83938,-7.37135],[108.83893,-7.37135],[108.83893,-7.3718],[108.83847,-7.3718],[108.83847,-7.37135]]],[[[108.83802,-7.3718],[108.83756,-7.3718],[108.83756,-7.37135],[108.83756,-7.37134],[108.83802,-7.37134],[108.83802,-7.37135],[108.83802,-7.3718]]],[[[108.8362,-7.37179],[108.8362,-7.37134],[108.83575,-7.37134],[108.83575,-7.37088],[108.83621,-7.37088],[108.83621,-7.37134],[108.83666,-7.37134],[108.83666,-7.37179],[108.8362,-7.37179]]],[[[108.83214,-7.36996],[108.8326,-7.36996],[108.8326,-7.37042],[108.83214,-7.37042],[108.83214,-7.37087],[108.83168,-7.37087],[108.83168,-7.37041],[108.83214,-7.37041],[108.83214,-7.36996]]],[[[108.83712,-7.36999],[108.83712,-7.36954],[108.83712,-7.36953],[108.83758,-7.36953],[108.83758,-7.36954],[108.83758,-7.36999],[108.83712,-7.36999]]],[[[108.83214,-7.36948],[108.83215,-7.36948],[108.83218,-7.36951],[108.83215,-7.36951],[108.83214,-7.36951],[108.83214,-7.36948]]],[[[108.83984,-7.36955],[108.83939,-7.36955],[108.83939,-7.36909],[108.83984,-7.36909],[108.83984,-7.36955]]],[[[108.8412,-7.3695],[108.84119,-7.3695],[108.84119,-7.36911],[108.84119,-7.3691],[108.84119,-7.36908],[108.8412,-7.36908],[108.8412,-7.3691],[108.84124,-7.36922],[108.84124,-7.36942],[108.8412,-7.3695]]],[[[108.83894,-7.36909],[108.83894,-7.36864],[108.83939,-7.36864],[108.83939,-7.36909],[108.83894,-7.36909]]],[[[108.84569,-7.4256],[108.84568,-7.42574],[108.84563,-7.42605],[108.84544,-7.42605],[108.84544,-7.4256],[108.84569,-7.4256]]],[[[108.84643,-7.40934],[108.84643,-7.40889],[108.84689,-7.40889],[108.84689,-7.40934],[108.84643,-7.40934]]],[[[108.84762,-7.40682],[108.84762,-7.40681],[108.8478,-7.40681],[108.8478,-7.40682],[108.84762,-7.40682]]],[[[108.84798,-7.40645],[108.84799,-7.40645],[108.84799,-7.40664],[108.84798,-7.40664],[108.84798,-7.40645]]],[[[108.84827,-7.40393],[108.84782,-7.40393],[108.84782,-7.40347],[108.84827,-7.40347],[108.84827,-7.40393]]],[[[108.85146,-7.40033],[108.85191,-7.40033],[108.85236,-7.40033],[108.85236,-7.40078],[108.85191,-7.40078],[108.85145,-7.40078],[108.85145,-7.40033],[108.85101,-7.40033],[108.851,-7.40033],[108.85056,-7.40033],[108.85056,-7.40077],[108.8501,-7.40077],[108.8501,-7.40032],[108.8501,-7.39987],[108.85055,-7.39987],[108.85055,-7.39942],[108.85101,-7.39942],[108.85101,-7.39987],[108.85146,-7.39987],[108.85146,-7.40033]]],[[[108.85056,-7.39897],[108.85055,-7.39897],[108.85055,-7.39852],[108.85011,-7.39852],[108.85011,-7.39896],[108.85011,-7.39897],[108.84965,-7.39897],[108.84965,-7.39896],[108.84965,-7.39851],[108.84965,-7.39806],[108.84965,-7.39761],[108.84966,-7.39761],[108.85011,-7.39761],[108.85011,-7.39806],[108.85055,-7.39806],[108.85055,-7.39779],[108.85056,-7.39779],[108.85057,-7.39779],[108.85092,-7.39779],[108.85101,-7.39779],[108.85111,-7.39779],[108.85146,-7.39779],[108.85147,-7.39779],[108.85147,-7.39762],[108.85147,-7.39761],[108.85165,-7.39761],[108.85165,-7.39762],[108.85183,-7.39762],[108.85191,-7.39762],[108.85192,-7.39762],[108.85201,-7.39762],[108.85202,-7.39762],[108.85219,-7.39762],[108.85219,-7.39798],[108.85219,-7.39807],[108.85192,-7.39807],[108.85192,-7.39816],[108.85165,-7.39816],[108.85165,-7.39852],[108.85164,-7.39852],[108.85147,-7.39852],[108.85146,-7.39852],[108.85128,-7.39852],[108.85128,-7.39888],[108.8511,-7.39888],[108.85101,-7.39888],[108.851,-7.39888],[108.85074,-7.39888],[108.85074,-7.39897],[108.85056,-7.39897]]],[[[108.85103,-7.39581],[108.85103,-7.39626],[108.85147,-7.39626],[108.85147,-7.39581],[108.85148,-7.39581],[108.85148,-7.39536],[108.85193,-7.39536],[108.85194,-7.39536],[108.85238,-7.39536],[108.85239,-7.39536],[108.85284,-7.39536],[108.85329,-7.39536],[108.8533,-7.39536],[108.8533,-7.39582],[108.85329,-7.39582],[108.85329,-7.39618],[108.85328,-7.39618],[108.85328,-7.39627],[108.85328,-7.39654],[108.85292,-7.39654],[108.85292,-7.39672],[108.85284,-7.39672],[108.85283,-7.39672],[108.85256,-7.39672],[108.85238,-7.39672],[108.8522,-7.39672],[108.8522,-7.39708],[108.85219,-7.39708],[108.85219,-7.39717],[108.85219,-7.39726],[108.85201,-7.39726],[108.85192,-7.39726],[108.85165,-7.39726],[108.85147,-7.39726],[108.85147,-7.39717],[108.85147,-7.39716],[108.85147,-7.39689],[108.85111,-7.39689],[108.85111,-7.39716],[108.85102,-7.39716],[108.85102,-7.39725],[108.85093,-7.39725],[108.85074,-7.39725],[108.85074,-7.39716],[108.85074,-7.39707],[108.85056,-7.39707],[108.85056,-7.39671],[108.85011,-7.39671],[108.85011,-7.39625],[108.85057,-7.39625],[108.85057,-7.39581],[108.85057,-7.3958],[108.85103,-7.3958],[108.85103,-7.39581]]],[[[108.84875,-7.3967],[108.84831,-7.3967],[108.84831,-7.39715],[108.8483,-7.39715],[108.84785,-7.39715],[108.84785,-7.3967],[108.84785,-7.39669],[108.8483,-7.39669],[108.8483,-7.39633],[108.84858,-7.39633],[108.84858,-7.39652],[108.84875,-7.39652],[108.84876,-7.39652],[108.84876,-7.3967],[108.84875,-7.3967]]],[[[108.8492,-7.39652],[108.84921,-7.39652],[108.84948,-7.39652],[108.84948,-7.39634],[108.84949,-7.39634],[108.84966,-7.39634],[108.84966,-7.3967],[108.84921,-7.3967],[108.8492,-7.3967],[108.84912,-7.3967],[108.84912,-7.39652],[108.8492,-7.39652]]],[[[108.8493,-7.39598],[108.84931,-7.39598],[108.84931,-7.39616],[108.8493,-7.39616],[108.8493,-7.39598]]],[[[108.84949,-7.3958],[108.84967,-7.3958],[108.84967,-7.39598],[108.84948,-7.39598],[108.84948,-7.3958],[108.84949,-7.3958]]],[[[108.84697,-7.39353],[108.84651,-7.39353],[108.84651,-7.39307],[108.84697,-7.39307],[108.84697,-7.39353]]],[[[108.84516,-7.39076],[108.84516,-7.3905],[108.8453,-7.39073],[108.8453,-7.39074],[108.8453,-7.39075],[108.8453,-7.39076],[108.84531,-7.39076],[108.84532,-7.39076],[108.84533,-7.39076],[108.84534,-7.39076],[108.84545,-7.39081],[108.84535,-7.39081],[108.84527,-7.39081],[108.84526,-7.39081],[108.84516,-7.39081],[108.84516,-7.39076]],[[108.84528,-7.39077],[108.84528,-7.39077],[108.84526,-7.39076],[108.84528,-7.39077]]],[[[108.84771,-7.38729],[108.84771,-7.38721],[108.84771,-7.3872],[108.84771,-7.38712],[108.84771,-7.38711],[108.84772,-7.38711],[108.84772,-7.38712],[108.84789,-7.38712],[108.8479,-7.38712],[108.84808,-7.38712],[108.84835,-7.38712],[108.84844,-7.38712],[108.84844,-7.38676],[108.84836,-7.38676],[108.84835,-7.38676],[108.84826,-7.38676],[108.84826,-7.3864],[108.84808,-7.3864],[108.84808,-7.38631],[108.84808,-7.3863],[108.84808,-7.38622],[108.84791,-7.38622],[108.84791,-7.38621],[108.84791,-7.38585],[108.84791,-7.38567],[108.8479,-7.38567],[108.84754,-7.38567],[108.84754,-7.38585],[108.84754,-7.38603],[108.84745,-7.38603],[108.84736,-7.38603],[108.84736,-7.38621],[108.847,-7.38621],[108.847,-7.3863],[108.847,-7.38639],[108.84699,-7.38639],[108.84699,-7.3863],[108.84655,-7.3863],[108.84654,-7.3863],[108.84609,-7.3863],[108.84563,-7.3863],[108.84563,-7.38629],[108.84563,-7.38584],[108.84564,-7.38584],[108.84564,-7.38539],[108.8461,-7.38539],[108.8461,-7.38584],[108.84655,-7.38584],[108.84655,-7.38585],[108.84699,-7.38585],[108.847,-7.38585],[108.847,-7.3854],[108.847,-7.38495],[108.847,-7.38494],[108.847,-7.38449],[108.84701,-7.38449],[108.84701,-7.38404],[108.84656,-7.38404],[108.84611,-7.38404],[108.84611,-7.38449],[108.84565,-7.38449],[108.84565,-7.38404],[108.84565,-7.38403],[108.84565,-7.38358],[108.84565,-7.38313],[108.84611,-7.38313],[108.84611,-7.38268],[108.84566,-7.38268],[108.84566,-7.38223],[108.84611,-7.38223],[108.84612,-7.38223],[108.84656,-7.38223],[108.84657,-7.38223],[108.84701,-7.38223],[108.84701,-7.38178],[108.84702,-7.38178],[108.84747,-7.38178],[108.84747,-7.38224],[108.84791,-7.38224],[108.84792,-7.38224],[108.84837,-7.38224],[108.84883,-7.38224],[108.84883,-7.38269],[108.84882,-7.38269],[108.84882,-7.38314],[108.84882,-7.38315],[108.84927,-7.38315],[108.84927,-7.3827],[108.84927,-7.38224],[108.84973,-7.38224],[108.84973,-7.3827],[108.84973,-7.38315],[108.85018,-7.38315],[108.85018,-7.3836],[108.85063,-7.3836],[108.85063,-7.38406],[108.85018,-7.38406],[108.85017,-7.38406],[108.84972,-7.38406],[108.84972,-7.3845],[108.84972,-7.38451],[108.84927,-7.38451],[108.84927,-7.38495],[108.84927,-7.38496],[108.84882,-7.38496],[108.84882,-7.3854],[108.84882,-7.38541],[108.84882,-7.38586],[108.84926,-7.38586],[108.84927,-7.38586],[108.84971,-7.38586],[108.84972,-7.38586],[108.85017,-7.38586],[108.85017,-7.38631],[108.85062,-7.38631],[108.85062,-7.38587],[108.85062,-7.38586],[108.85062,-7.38542],[108.85062,-7.38541],[108.85062,-7.38496],[108.85062,-7.38451],[108.85107,-7.38451],[108.85108,-7.38451],[108.85153,-7.38451],[108.85153,-7.38496],[108.85153,-7.38497],[108.85153,-7.38542],[108.85107,-7.38542],[108.85107,-7.38586],[108.85107,-7.38587],[108.85107,-7.38632],[108.85062,-7.38632],[108.85062,-7.38677],[108.85062,-7.38722],[108.85017,-7.38722],[108.85016,-7.38722],[108.85016,-7.38767],[108.84971,-7.38767],[108.8497,-7.38767],[108.84926,-7.38767],[108.84925,-7.38767],[108.8488,-7.38767],[108.8488,-7.38766],[108.84835,-7.38766],[108.8479,-7.38766],[108.84789,-7.38766],[108.84744,-7.38766],[108.84744,-7.38729],[108.84771,-7.38729]],[[108.84927,-7.3836],[108.84927,-7.38405],[108.84972,-7.38405],[108.84972,-7.3836],[108.84972,-7.38315],[108.84927,-7.38315],[108.84927,-7.3836]],[[108.84611,-7.38314],[108.84611,-7.38358],[108.84656,-7.38358],[108.84656,-7.38314],[108.84611,-7.38314]],[[108.84791,-7.38314],[108.84791,-7.38269],[108.84747,-7.38269],[108.84747,-7.38314],[108.84747,-7.38359],[108.84791,-7.38359],[108.84792,-7.38359],[108.84837,-7.38359],[108.84837,-7.38315],[108.84837,-7.38314],[108.84792,-7.38314],[108.84791,-7.38314]],[[108.84746,-7.38268],[108.84746,-7.38224],[108.84702,-7.38224],[108.84702,-7.38268],[108.84746,-7.38268]]],[[[108.84519,-7.38719],[108.84519,-7.38765],[108.84518,-7.38765],[108.84473,-7.38765],[108.84473,-7.38763],[108.84473,-7.38719],[108.84518,-7.38719],[108.84519,-7.38719]]],[[[108.847,-7.38693],[108.84736,-7.38693],[108.84744,-7.38693],[108.84745,-7.38693],[108.84754,-7.38693],[108.84754,-7.38694],[108.84745,-7.38694],[108.84744,-7.38694],[108.84718,-7.38694],[108.84718,-7.3872],[108.84718,-7.38721],[108.84699,-7.38721],[108.84699,-7.3872],[108.84699,-7.38693],[108.847,-7.38693]]],[[[108.84521,-7.38358],[108.84475,-7.38358],[108.84475,-7.38313],[108.84521,-7.38313],[108.84521,-7.38358]]],[[[108.85063,-7.38315],[108.85018,-7.38315],[108.85018,-7.3827],[108.85063,-7.3827],[108.85063,-7.38225],[108.85109,-7.38225],[108.85109,-7.3827],[108.85109,-7.38271],[108.85109,-7.38316],[108.85063,-7.38316],[108.85063,-7.38315]]],[[[108.84928,-7.38179],[108.84883,-7.38179],[108.84883,-7.38134],[108.84928,-7.38134],[108.84929,-7.38134],[108.84974,-7.38134],[108.84974,-7.38179],[108.84974,-7.3818],[108.84928,-7.3818],[108.84928,-7.38179]]],[[[108.84792,-7.38179],[108.84792,-7.38133],[108.84838,-7.38133],[108.84838,-7.38179],[108.84792,-7.38179]]],[[[108.84702,-7.38133],[108.84657,-7.38133],[108.84656,-7.38133],[108.84656,-7.38088],[108.84657,-7.38088],[108.84702,-7.38088],[108.84702,-7.38133]]],[[[108.84929,-7.38007],[108.84938,-7.38007],[108.84957,-7.38008],[108.84938,-7.38008],[108.84938,-7.38044],[108.84938,-7.38062],[108.84974,-7.38062],[108.84974,-7.38044],[108.84992,-7.38044],[108.84992,-7.38026],[108.84993,-7.38026],[108.84993,-7.37999],[108.84993,-7.37954],[108.84993,-7.37953],[108.85011,-7.37953],[108.85011,-7.3792],[108.85011,-7.37908],[108.8502,-7.37908],[108.8502,-7.37863],[108.85065,-7.37863],[108.85066,-7.37863],[108.85066,-7.37909],[108.85065,-7.37909],[108.85021,-7.37909],[108.85021,-7.37923],[108.85021,-7.37954],[108.8502,-7.37954],[108.8502,-7.37999],[108.85065,-7.37999],[108.85102,-7.37999],[108.8511,-7.37999],[108.85111,-7.37999],[108.85111,-7.38027],[108.85111,-7.38028],[108.85111,-7.38045],[108.8511,-7.38045],[108.85065,-7.38045],[108.85065,-7.38044],[108.8502,-7.38044],[108.8502,-7.38089],[108.84974,-7.38089],[108.84928,-7.38089],[108.84928,-7.38044],[108.84883,-7.38044],[108.84883,-7.37998],[108.84884,-7.37998],[108.84884,-7.38007],[108.84902,-7.38007],[108.84929,-7.38007]]],[[[108.84685,-7.38024],[108.84703,-7.38024],[108.84703,-7.38043],[108.84657,-7.38043],[108.84657,-7.37997],[108.84667,-7.37997],[108.84667,-7.38006],[108.84685,-7.38006],[108.84685,-7.38024]]],[[[108.84567,-7.38042],[108.84566,-7.38042],[108.84566,-7.37997],[108.84567,-7.37997],[108.84612,-7.37997],[108.84612,-7.38042],[108.84567,-7.38042]]],[[[108.84748,-7.3797],[108.84748,-7.37998],[108.84721,-7.37998],[108.84721,-7.37988],[108.84739,-7.37988],[108.84739,-7.3797],[108.8474,-7.3797],[108.84748,-7.3797]]],[[[108.84902,-7.37908],[108.84902,-7.37935],[108.84885,-7.37935],[108.84884,-7.37935],[108.84884,-7.37953],[108.84839,-7.37953],[108.84793,-7.37953],[108.84793,-7.37908],[108.84793,-7.37907],[108.84839,-7.37907],[108.84839,-7.37908],[108.84884,-7.37908],[108.84885,-7.37908],[108.84902,-7.37908]]],[[[108.8493,-7.37863],[108.84885,-7.37863],[108.84885,-7.37818],[108.84885,-7.37772],[108.8493,-7.37772],[108.8493,-7.37818],[108.84975,-7.37818],[108.84976,-7.37818],[108.84976,-7.37863],[108.84976,-7.37886],[108.84976,-7.37897],[108.84976,-7.379],[108.84975,-7.379],[108.84975,-7.37908],[108.84939,-7.37908],[108.84939,-7.37899],[108.8493,-7.37899],[108.8493,-7.37863]]],[[[108.85021,-7.37773],[108.8502,-7.37773],[108.84975,-7.37773],[108.84975,-7.37728],[108.8502,-7.37728],[108.85021,-7.37728],[108.85066,-7.37728],[108.85066,-7.37773],[108.85021,-7.37773]]],[[[108.84885,-7.37727],[108.8484,-7.37727],[108.8484,-7.37682],[108.84885,-7.37682],[108.84885,-7.37727]]],[[[108.84615,-7.37545],[108.84614,-7.37545],[108.84614,-7.37537],[108.84615,-7.37537],[108.84624,-7.37543],[108.84628,-7.37545],[108.84615,-7.37545]]],[[[108.85904,-7.40416],[108.85913,-7.40416],[108.85913,-7.40443],[108.85867,-7.40443],[108.85867,-7.40398],[108.85868,-7.40398],[108.85868,-7.40416],[108.85886,-7.40416],[108.85904,-7.40416]]],[[[108.85832,-7.40289],[108.85851,-7.40289],[108.85868,-7.40289],[108.85869,-7.40289],[108.85904,-7.40289],[108.85904,-7.40262],[108.85904,-7.40253],[108.85905,-7.40253],[108.85905,-7.40262],[108.85905,-7.40271],[108.85913,-7.40271],[108.85914,-7.40271],[108.85941,-7.40271],[108.85959,-7.40271],[108.85977,-7.40271],[108.85977,-7.40263],[108.85977,-7.40262],[108.85977,-7.40254],[108.85977,-7.40253],[108.85995,-7.40253],[108.85995,-7.40218],[108.85977,-7.40218],[108.85977,-7.40217],[108.8596,-7.40217],[108.85959,-7.40217],[108.85959,-7.40181],[108.85924,-7.40181],[108.85915,-7.40181],[108.85914,-7.40181],[108.85907,-7.40181],[108.85887,-7.40181],[108.85887,-7.40207],[108.85887,-7.40217],[108.85887,-7.40253],[108.85869,-7.40253],[108.85868,-7.40253],[108.85852,-7.40253],[108.8585,-7.40253],[108.8585,-7.40235],[108.85866,-7.40235],[108.85868,-7.40235],[108.85869,-7.40235],[108.85869,-7.40232],[108.85869,-7.40217],[108.85869,-7.40199],[108.85851,-7.40199],[108.85851,-7.40172],[108.85851,-7.40171],[108.85851,-7.40162],[108.85869,-7.40162],[108.85869,-7.40127],[108.85851,-7.40127],[108.85851,-7.40126],[108.85869,-7.40126],[108.8587,-7.40126],[108.85915,-7.40126],[108.85915,-7.40127],[108.85915,-7.40171],[108.85915,-7.40172],[108.85959,-7.40172],[108.8596,-7.40172],[108.8596,-7.40127],[108.86005,-7.40127],[108.86005,-7.40082],[108.8605,-7.40082],[108.86096,-7.40082],[108.86096,-7.40128],[108.8614,-7.40128],[108.8614,-7.40083],[108.86186,-7.40083],[108.86186,-7.40128],[108.86231,-7.40128],[108.86231,-7.40173],[108.86231,-7.40218],[108.86231,-7.40219],[108.86231,-7.40264],[108.86249,-7.40264],[108.86249,-7.40273],[108.86231,-7.40273],[108.86231,-7.40309],[108.86231,-7.40327],[108.86248,-7.40327],[108.86248,-7.40345],[108.86266,-7.40345],[108.86267,-7.40345],[108.86275,-7.40345],[108.86276,-7.40345],[108.86285,-7.40345],[108.86302,-7.40345],[108.86321,-7.40345],[108.86321,-7.40354],[108.86321,-7.40355],[108.86365,-7.40355],[108.86365,-7.4031],[108.86339,-7.4031],[108.86339,-7.40309],[108.86357,-7.40309],[108.86357,-7.40291],[108.86358,-7.40291],[108.86358,-7.40265],[108.86358,-7.40264],[108.86358,-7.40255],[108.86339,-7.40255],[108.86321,-7.40255],[108.86321,-7.40237],[108.86285,-7.40237],[108.86285,-7.40255],[108.86275,-7.40255],[108.86275,-7.40219],[108.86313,-7.40219],[108.86321,-7.40219],[108.86321,-7.40174],[108.86321,-7.40129],[108.86367,-7.40129],[108.86367,-7.40174],[108.86367,-7.40219],[108.86367,-7.4025],[108.86367,-7.40264],[108.86376,-7.40264],[108.86412,-7.40264],[108.86412,-7.40265],[108.86412,-7.4031],[108.86411,-7.4031],[108.86411,-7.40325],[108.86411,-7.40355],[108.86434,-7.40355],[108.86456,-7.40355],[108.86456,-7.40378],[108.86456,-7.404],[108.86456,-7.40445],[108.86456,-7.40446],[108.86456,-7.40491],[108.865,-7.40491],[108.86501,-7.40491],[108.86546,-7.40491],[108.86546,-7.40536],[108.86591,-7.40536],[108.86591,-7.40582],[108.86591,-7.40627],[108.86546,-7.40627],[108.86545,-7.40627],[108.86501,-7.40627],[108.865,-7.40627],[108.86455,-7.40627],[108.86455,-7.40626],[108.86411,-7.40626],[108.8641,-7.40626],[108.8641,-7.40671],[108.86365,-7.40671],[108.86364,-7.40671],[108.8632,-7.40671],[108.86319,-7.40671],[108.86319,-7.40716],[108.86273,-7.40716],[108.86273,-7.40671],[108.86274,-7.40671],[108.86274,-7.40626],[108.86274,-7.40625],[108.86274,-7.40581],[108.86274,-7.4058],[108.86229,-7.4058],[108.86229,-7.40535],[108.86185,-7.40535],[108.86184,-7.40535],[108.86184,-7.4058],[108.86138,-7.4058],[108.86138,-7.40534],[108.86103,-7.40534],[108.86103,-7.40525],[108.86121,-7.40525],[108.86121,-7.40507],[108.86139,-7.40507],[108.86139,-7.4049],[108.86139,-7.40489],[108.86139,-7.40471],[108.86121,-7.40471],[108.86094,-7.40471],[108.86085,-7.40471],[108.86085,-7.40489],[108.86067,-7.40489],[108.86067,-7.40534],[108.86067,-7.40543],[108.86094,-7.40543],[108.86094,-7.40579],[108.86093,-7.40579],[108.86093,-7.40625],[108.86047,-7.40625],[108.86047,-7.40579],[108.86048,-7.40579],[108.86048,-7.40534],[108.86048,-7.40489],[108.86048,-7.40444],[108.86049,-7.40444],[108.86049,-7.40399],[108.86004,-7.40399],[108.86004,-7.40398],[108.85958,-7.40398],[108.85958,-7.40362],[108.85959,-7.40362],[108.85959,-7.40353],[108.85959,-7.40308],[108.85959,-7.40272],[108.85923,-7.40272],[108.85923,-7.40308],[108.85922,-7.40308],[108.85914,-7.40308],[108.85913,-7.40308],[108.85904,-7.40308],[108.85904,-7.40352],[108.85904,-7.40353],[108.85904,-7.4038],[108.85868,-7.4038],[108.85868,-7.40353],[108.85868,-7.40352],[108.85868,-7.40308],[108.85868,-7.40307],[108.85823,-7.40307],[108.85823,-7.40291],[108.85823,-7.40289],[108.85825,-7.40289],[108.85832,-7.40289]],[[108.86005,-7.40163],[108.86005,-7.40164],[108.85996,-7.40164],[108.85996,-7.40172],[108.85996,-7.40217],[108.86004,-7.40217],[108.86005,-7.40217],[108.86013,-7.40217],[108.86013,-7.40218],[108.86005,-7.40218],[108.86004,-7.40218],[108.85996,-7.40218],[108.85996,-7.40254],[108.86004,-7.40254],[108.86005,-7.40254],[108.86013,-7.40254],[108.86013,-7.40263],[108.86013,-7.40272],[108.86032,-7.40272],[108.86032,-7.4029],[108.86049,-7.4029],[108.8605,-7.4029],[108.86067,-7.4029],[108.86067,-7.40308],[108.86086,-7.40308],[108.86086,-7.40326],[108.86095,-7.40326],[108.86103,-7.40326],[108.86103,-7.40353],[108.86103,-7.40354],[108.86103,-7.40381],[108.86095,-7.40381],[108.86094,-7.40381],[108.86067,-7.40381],[108.86067,-7.40398],[108.86067,-7.40399],[108.86067,-7.40435],[108.86085,-7.40435],[108.86094,-7.40435],[108.86095,-7.40435],[108.86121,-7.40435],[108.86121,-7.40417],[108.86139,-7.40417],[108.8614,-7.40417],[108.86175,-7.40417],[108.86175,-7.40399],[108.86185,-7.40399],[108.86194,-7.40399],[108.86194,-7.40363],[108.86186,-7.40363],[108.86185,-7.40363],[108.86176,-7.40363],[108.86176,-7.40354],[108.86176,-7.40309],[108.86158,-7.40309],[108.86158,-7.40308],[108.86158,-7.40291],[108.8614,-7.40291],[108.8614,-7.4029],[108.86158,-7.4029],[108.86158,-7.40264],[108.86158,-7.40263],[108.86158,-7.40254],[108.86141,-7.40254],[108.8614,-7.40254],[108.86122,-7.40254],[108.86122,-7.40236],[108.86104,-7.40236],[108.86095,-7.40236],[108.86095,-7.40218],[108.86104,-7.40218],[108.86104,-7.40173],[108.86104,-7.40164],[108.86095,-7.40164],[108.86095,-7.40128],[108.8605,-7.40128],[108.8605,-7.40127],[108.86005,-7.40127],[108.86005,-7.40163]],[[108.86392,-7.4049],[108.86411,-7.4049],[108.86411,-7.40491],[108.86392,-7.40491],[108.86392,-7.40527],[108.8641,-7.40527],[108.86411,-7.40527],[108.86429,-7.40527],[108.86429,-7.40509],[108.86447,-7.40509],[108.86447,-7.40491],[108.86447,-7.40455],[108.86429,-7.40455],[108.86411,-7.40455],[108.86411,-7.40446],[108.86411,-7.40445],[108.86411,-7.40436],[108.8641,-7.40436],[108.86375,-7.40436],[108.86375,-7.40445],[108.86375,-7.4049],[108.86392,-7.4049]],[[108.86356,-7.40562],[108.86356,-7.40536],[108.86356,-7.40535],[108.86356,-7.40508],[108.86338,-7.40508],[108.86321,-7.40508],[108.8632,-7.40508],[108.8632,-7.4049],[108.8632,-7.40472],[108.86321,-7.40472],[108.86339,-7.40472],[108.86339,-7.40445],[108.86339,-7.40436],[108.86321,-7.40436],[108.8632,-7.40436],[108.86284,-7.40436],[108.86284,-7.40445],[108.86284,-7.40454],[108.86276,-7.40454],[108.86275,-7.40454],[108.86266,-7.40454],[108.86266,-7.4049],[108.86266,-7.40526],[108.86266,-7.40535],[108.86266,-7.40562],[108.86274,-7.40562],[108.86275,-7.40562],[108.86302,-7.40562],[108.8632,-7.40562],[108.86356,-7.40562]],[[108.86005,-7.40308],[108.86005,-7.40353],[108.86049,-7.40353],[108.86049,-7.40308],[108.86005,-7.40308]],[[108.86185,-7.40128],[108.86141,-7.40128],[108.86141,-7.40173],[108.86185,-7.40173],[108.86185,-7.40128]],[[108.865,-7.40563],[108.86501,-7.40563],[108.86501,-7.40536],[108.86501,-7.40527],[108.865,-7.40527],[108.86465,-7.40527],[108.86465,-7.40536],[108.86465,-7.40545],[108.86456,-7.40545],[108.86455,-7.40545],[108.86447,-7.40545],[108.86447,-7.40563],[108.86428,-7.40563],[108.86428,-7.40581],[108.86428,-7.40599],[108.86447,-7.40599],[108.86455,-7.40599],[108.86456,-7.40599],[108.86483,-7.40599],[108.86483,-7.40581],[108.865,-7.40581],[108.865,-7.40563]]],[[[108.85797,-7.40217],[108.85797,-7.40262],[108.85778,-7.40262],[108.85778,-7.40307],[108.85732,-7.40307],[108.85732,-7.40261],[108.85687,-7.40261],[108.85687,-7.40216],[108.85733,-7.40216],[108.85733,-7.40261],[108.85778,-7.40261],[108.85778,-7.40216],[108.85797,-7.40216],[108.85815,-7.40216],[108.85815,-7.40217],[108.85797,-7.40217]]],[[[108.8567,-7.40081],[108.8567,-7.4008],[108.8567,-7.40071],[108.85689,-7.40071],[108.85689,-7.4008],[108.85734,-7.4008],[108.85734,-7.40081],[108.85734,-7.40126],[108.85742,-7.40126],[108.85742,-7.40162],[108.8576,-7.40162],[108.8576,-7.40171],[108.85734,-7.40171],[108.85733,-7.40171],[108.85688,-7.40171],[108.85688,-7.40126],[108.85643,-7.40126],[108.85643,-7.40107],[108.8567,-7.40107],[108.8567,-7.40081]]],[[[108.85825,-7.40036],[108.8587,-7.40036],[108.8587,-7.40081],[108.85825,-7.40081],[108.85825,-7.4009],[108.85815,-7.4009],[108.85779,-7.4009],[108.85779,-7.40081],[108.85824,-7.40081],[108.85824,-7.40036],[108.8578,-7.40036],[108.85779,-7.40036],[108.85734,-7.40036],[108.85734,-7.3999],[108.85779,-7.3999],[108.8578,-7.3999],[108.85825,-7.3999],[108.85825,-7.39991],[108.85825,-7.40036]]],[[[108.85598,-7.4008],[108.85598,-7.40053],[108.85616,-7.40053],[108.85616,-7.40071],[108.85634,-7.40071],[108.85634,-7.4008],[108.85598,-7.4008]]],[[[108.85191,-7.39942],[108.85191,-7.39897],[108.85183,-7.39897],[108.85183,-7.39888],[108.85192,-7.39888],[108.85192,-7.39897],[108.85236,-7.39897],[108.85236,-7.3987],[108.85237,-7.3987],[108.85255,-7.3987],[108.85255,-7.39871],[108.85282,-7.39871],[108.85282,-7.39898],[108.85309,-7.39898],[108.85309,-7.39925],[108.85291,-7.39925],[108.85291,-7.39943],[108.85291,-7.39961],[108.85309,-7.39961],[108.85326,-7.39961],[108.85327,-7.39961],[108.85345,-7.39961],[108.85345,-7.39943],[108.85364,-7.39943],[108.85364,-7.39898],[108.85364,-7.39889],[108.85327,-7.39889],[108.85327,-7.39853],[108.85291,-7.39853],[108.85291,-7.39835],[108.85282,-7.39835],[108.85274,-7.39835],[108.85273,-7.39835],[108.85273,-7.39834],[108.85274,-7.39834],[108.85282,-7.39834],[108.85291,-7.39834],[108.85291,-7.39816],[108.85292,-7.39816],[108.85292,-7.39835],[108.85328,-7.39835],[108.85328,-7.39853],[108.85372,-7.39853],[108.85372,-7.39808],[108.85346,-7.39808],[108.85346,-7.39799],[108.85364,-7.39799],[108.85364,-7.39781],[108.85373,-7.39781],[108.85382,-7.39781],[108.85382,-7.39808],[108.85382,-7.39817],[108.854,-7.39817],[108.85418,-7.39817],[108.85454,-7.39817],[108.85454,-7.39818],[108.85437,-7.39818],[108.85437,-7.39853],[108.85454,-7.39853],[108.85463,-7.39853],[108.85464,-7.39853],[108.85472,-7.39853],[108.85472,-7.39854],[108.85472,-7.3989],[108.85508,-7.3989],[108.85508,-7.39854],[108.85508,-7.39853],[108.85508,-7.39818],[108.8549,-7.39818],[108.8549,-7.39809],[108.8549,-7.39808],[108.8549,-7.39799],[108.85464,-7.39799],[108.85463,-7.39799],[108.85454,-7.39799],[108.85454,-7.39763],[108.85419,-7.39763],[108.85418,-7.39763],[108.85418,-7.39727],[108.85419,-7.39727],[108.85437,-7.39727],[108.85437,-7.39718],[108.85437,-7.39691],[108.85437,-7.39673],[108.85437,-7.39672],[108.85455,-7.39672],[108.85455,-7.39637],[108.85437,-7.39637],[108.8542,-7.39637],[108.85419,-7.39637],[108.85419,-7.39636],[108.85401,-7.39636],[108.85374,-7.39636],[108.85365,-7.39636],[108.85365,-7.39654],[108.85364,-7.39654],[108.85364,-7.39627],[108.85374,-7.39627],[108.85419,-7.39627],[108.85419,-7.39582],[108.85464,-7.39582],[108.85464,-7.39538],[108.85464,-7.39537],[108.85419,-7.39537],[108.85419,-7.39492],[108.85419,-7.39447],[108.85465,-7.39447],[108.85465,-7.39492],[108.8551,-7.39492],[108.8551,-7.39511],[108.8551,-7.39537],[108.8551,-7.39538],[108.8551,-7.39547],[108.85509,-7.39547],[108.85491,-7.39547],[108.85491,-7.39565],[108.85474,-7.39565],[108.85474,-7.39582],[108.85474,-7.39583],[108.85465,-7.39583],[108.85464,-7.39583],[108.85456,-7.39583],[108.85456,-7.39618],[108.85464,-7.39618],[108.85465,-7.39618],[108.85474,-7.39618],[108.85474,-7.39619],[108.85509,-7.39619],[108.8551,-7.39619],[108.8551,-7.39583],[108.85546,-7.39583],[108.85546,-7.39619],[108.85555,-7.39619],[108.85555,-7.39628],[108.85599,-7.39628],[108.856,-7.39628],[108.856,-7.39583],[108.85619,-7.39583],[108.85645,-7.39583],[108.85646,-7.39583],[108.85655,-7.39583],[108.85655,-7.39538],[108.85691,-7.39538],[108.85691,-7.39583],[108.85691,-7.39584],[108.85646,-7.39584],[108.85646,-7.3962],[108.85636,-7.3962],[108.85636,-7.39628],[108.85636,-7.39629],[108.85636,-7.39638],[108.85618,-7.39638],[108.85618,-7.39674],[108.856,-7.39674],[108.856,-7.39673],[108.85599,-7.39673],[108.85555,-7.39673],[108.85555,-7.39718],[108.85555,-7.39764],[108.85554,-7.39764],[108.85509,-7.39764],[108.85509,-7.39808],[108.85554,-7.39808],[108.85554,-7.39809],[108.85554,-7.39854],[108.85599,-7.39854],[108.85645,-7.39854],[108.85645,-7.39899],[108.85645,-7.399],[108.85599,-7.399],[108.85599,-7.39944],[108.85644,-7.39944],[108.85644,-7.39945],[108.8569,-7.39945],[108.8569,-7.3999],[108.85671,-7.3999],[108.85671,-7.39963],[108.85653,-7.39963],[108.85644,-7.39963],[108.85634,-7.39963],[108.85598,-7.39963],[108.85598,-7.39945],[108.85554,-7.39945],[108.85554,-7.39989],[108.85598,-7.39989],[108.85598,-7.3999],[108.85598,-7.39999],[108.8558,-7.39999],[108.8558,-7.40035],[108.85553,-7.40035],[108.85507,-7.40035],[108.85507,-7.40034],[108.85462,-7.40034],[108.85462,-7.39989],[108.85418,-7.39989],[108.85417,-7.39989],[108.85372,-7.39989],[108.85372,-7.40034],[108.85372,-7.40079],[108.85326,-7.40079],[108.85281,-7.40079],[108.85281,-7.40034],[108.85281,-7.40033],[108.85281,-7.39988],[108.85236,-7.39988],[108.85191,-7.39988],[108.85191,-7.39943],[108.85191,-7.39942]],[[108.85465,-7.39673],[108.85465,-7.39718],[108.85464,-7.39718],[108.85464,-7.39763],[108.85509,-7.39763],[108.85509,-7.39718],[108.85509,-7.39673],[108.85465,-7.39673]]],[[[108.85342,-7.39762],[108.85342,-7.39763],[108.85328,-7.39763],[108.85328,-7.39762],[108.85338,-7.39762],[108.85342,-7.39762]]],[[[108.85273,-7.39726],[108.85273,-7.39717],[108.85273,-7.39708],[108.85274,-7.39708],[108.85274,-7.39717],[108.85274,-7.39744],[108.85282,-7.39744],[108.85283,-7.39744],[108.85291,-7.39744],[108.85292,-7.39744],[108.85292,-7.39762],[108.85291,-7.39762],[108.85283,-7.39762],[108.85282,-7.39762],[108.85274,-7.39762],[108.85273,-7.39762],[108.85273,-7.39744],[108.85255,-7.39744],[108.85255,-7.39726],[108.85273,-7.39726]]],[[[108.85636,-7.39728],[108.85636,-7.39719],[108.85644,-7.39719],[108.85645,-7.39719],[108.8569,-7.39719],[108.8569,-7.39764],[108.85645,-7.39764],[108.85644,-7.39764],[108.856,-7.39764],[108.85599,-7.39764],[108.85599,-7.39728],[108.856,-7.39728],[108.85636,-7.39728]]],[[[108.85401,-7.39691],[108.85401,-7.39709],[108.854,-7.39709],[108.854,-7.39691],[108.85383,-7.39691],[108.85383,-7.3969],[108.85401,-7.3969],[108.85401,-7.39691]]],[[[108.85673,-7.39629],[108.85673,-7.39628],[108.8569,-7.39628],[108.8569,-7.39629],[108.8569,-7.39638],[108.85673,-7.39638],[108.85672,-7.39638],[108.85672,-7.39629],[108.85673,-7.39629]]],[[[108.85555,-7.39565],[108.85564,-7.39565],[108.85564,-7.39583],[108.85555,-7.39583],[108.85546,-7.39583],[108.85546,-7.39565],[108.85555,-7.39565]]],[[[108.85582,-7.39538],[108.85583,-7.39538],[108.856,-7.39538],[108.85601,-7.39538],[108.85619,-7.39538],[108.85619,-7.39547],[108.85618,-7.39547],[108.85601,-7.39547],[108.856,-7.39547],[108.85583,-7.39547],[108.85582,-7.39547],[108.85582,-7.39538]]],[[[108.85872,-7.39449],[108.85873,-7.39449],[108.85873,-7.39404],[108.85873,-7.39359],[108.85873,-7.39358],[108.85918,-7.39358],[108.85918,-7.39359],[108.85919,-7.39359],[108.85963,-7.39359],[108.85964,-7.39359],[108.85964,-7.39404],[108.86008,-7.39404],[108.86008,-7.39359],[108.86054,-7.39359],[108.86054,-7.39404],[108.86054,-7.39405],[108.86054,-7.3942],[108.86054,-7.3945],[108.86031,-7.3945],[108.86009,-7.3945],[108.86008,-7.3945],[108.85964,-7.3945],[108.85964,-7.39495],[108.85963,-7.39495],[108.85918,-7.39495],[108.85918,-7.39494],[108.85873,-7.39494],[108.85872,-7.39494],[108.85828,-7.39494],[108.85827,-7.39494],[108.85782,-7.39494],[108.85736,-7.39494],[108.85736,-7.39448],[108.85782,-7.39448],[108.85828,-7.39448],[108.85828,-7.39449],[108.85872,-7.39449]],[[108.85963,-7.39404],[108.85919,-7.39404],[108.85919,-7.39449],[108.85963,-7.39449],[108.85963,-7.39404]]],[[[108.85555,-7.39447],[108.85601,-7.39447],[108.85601,-7.39493],[108.85564,-7.39493],[108.85555,-7.39493],[108.85555,-7.39447]]],[[[108.85422,-7.39221],[108.85376,-7.39221],[108.85376,-7.39215],[108.85376,-7.3921],[108.85422,-7.392],[108.85422,-7.39205],[108.85422,-7.39221]]],[[[108.85874,-7.39118],[108.85874,-7.39119],[108.85874,-7.39123],[108.85874,-7.39133],[108.85828,-7.39133],[108.85828,-7.39125],[108.85828,-7.39123],[108.85828,-7.39119],[108.85828,-7.39087],[108.85874,-7.39087],[108.85874,-7.39118]]],[[[108.85515,-7.38679],[108.85469,-7.38679],[108.85469,-7.38634],[108.85515,-7.38634],[108.85515,-7.38679]]],[[[108.85787,-7.38499],[108.85787,-7.38545],[108.85786,-7.38545],[108.85741,-7.38545],[108.85741,-7.3859],[108.85696,-7.3859],[108.85696,-7.38553],[108.85714,-7.38553],[108.85714,-7.38544],[108.85741,-7.38544],[108.85741,-7.38499],[108.85786,-7.38499],[108.85787,-7.38499]]],[[[108.85588,-7.38553],[108.85606,-7.38553],[108.85606,-7.38589],[108.8556,-7.38589],[108.8556,-7.38544],[108.85569,-7.38544],[108.85569,-7.38553],[108.85587,-7.38553],[108.85588,-7.38553]]],[[[108.85831,-7.38545],[108.85831,-7.385],[108.85876,-7.385],[108.85877,-7.385],[108.85922,-7.385],[108.85922,-7.38545],[108.85922,-7.38546],[108.85876,-7.38546],[108.85876,-7.38545],[108.85831,-7.38545]]],[[[108.85333,-7.38543],[108.85333,-7.38498],[108.85333,-7.38497],[108.85379,-7.38497],[108.85379,-7.38498],[108.85379,-7.38543],[108.85333,-7.38543]]],[[[108.85741,-7.38454],[108.85741,-7.38499],[108.85714,-7.38499],[108.85714,-7.38481],[108.85714,-7.38463],[108.85715,-7.38463],[108.85733,-7.38463],[108.85733,-7.38454],[108.85741,-7.38454]]],[[[108.85569,-7.38463],[108.85569,-7.38499],[108.8556,-7.38499],[108.8556,-7.38453],[108.85606,-7.38453],[108.85606,-7.38463],[108.85605,-7.38463],[108.85569,-7.38463]]],[[[108.85831,-7.38455],[108.85831,-7.3841],[108.85831,-7.38409],[108.85842,-7.38409],[108.85859,-7.38409],[108.85859,-7.3841],[108.85842,-7.3841],[108.85842,-7.38446],[108.85841,-7.38446],[108.85841,-7.38455],[108.85831,-7.38455]]],[[[108.85243,-7.38452],[108.85198,-7.38452],[108.85198,-7.38407],[108.85153,-7.38407],[108.85153,-7.38361],[108.85198,-7.38361],[108.85199,-7.38361],[108.85244,-7.38361],[108.85244,-7.38316],[108.85289,-7.38316],[108.8529,-7.38316],[108.85298,-7.38316],[108.85298,-7.38317],[108.8529,-7.38317],[108.85289,-7.38317],[108.8528,-7.38317],[108.8528,-7.38335],[108.85263,-7.38335],[108.85263,-7.38361],[108.85263,-7.38362],[108.85263,-7.38371],[108.85262,-7.38371],[108.85244,-7.38371],[108.85244,-7.38406],[108.85244,-7.38407],[108.85262,-7.38407],[108.85262,-7.38425],[108.8528,-7.38425],[108.85289,-7.38425],[108.85316,-7.38425],[108.85316,-7.38407],[108.85317,-7.38407],[108.85334,-7.38407],[108.85335,-7.38407],[108.8537,-7.38407],[108.8537,-7.38371],[108.85371,-7.38371],[108.85371,-7.38362],[108.8538,-7.38362],[108.8538,-7.38353],[108.85389,-7.38353],[108.85389,-7.38317],[108.85381,-7.38317],[108.8538,-7.38317],[108.85335,-7.38317],[108.85335,-7.38272],[108.8529,-7.38272],[108.8529,-7.38271],[108.85245,-7.38271],[108.85245,-7.38226],[108.8529,-7.38226],[108.85291,-7.38226],[108.85336,-7.38226],[108.85336,-7.38272],[108.8538,-7.38272],[108.85381,-7.38272],[108.85425,-7.38272],[108.85425,-7.38236],[108.85425,-7.38227],[108.85425,-7.38182],[108.85425,-7.38136],[108.85426,-7.38136],[108.85426,-7.38091],[108.85381,-7.38091],[108.85381,-7.38046],[108.85427,-7.38046],[108.85427,-7.38091],[108.85471,-7.38091],[108.85471,-7.38046],[108.85517,-7.38046],[108.85517,-7.38091],[108.85517,-7.38092],[108.85517,-7.38137],[108.85517,-7.38155],[108.85498,-7.38155],[108.85498,-7.38182],[108.85471,-7.38182],[108.85471,-7.38227],[108.8548,-7.38227],[108.8548,-7.38235],[108.8548,-7.38245],[108.85493,-7.38245],[108.85516,-7.38245],[108.85516,-7.38272],[108.85534,-7.38272],[108.85534,-7.38282],[108.85552,-7.38282],[108.85552,-7.38283],[108.85552,-7.383],[108.85561,-7.383],[108.85561,-7.38318],[108.85516,-7.38318],[108.85516,-7.38363],[108.85471,-7.38363],[108.85471,-7.38408],[108.85443,-7.38408],[108.85443,-7.3839],[108.85426,-7.3839],[108.85425,-7.3839],[108.85388,-7.3839],[108.85388,-7.38407],[108.85388,-7.38408],[108.85388,-7.38443],[108.85407,-7.38443],[108.85407,-7.38444],[108.85407,-7.38453],[108.8538,-7.38453],[108.85379,-7.38453],[108.85334,-7.38453],[108.85334,-7.38452],[108.85289,-7.38452],[108.85244,-7.38452],[108.85243,-7.38452]]],[[[108.85606,-7.38297],[108.85606,-7.38296],[108.85606,-7.38273],[108.85651,-7.38273],[108.85652,-7.38273],[108.85696,-7.38273],[108.85697,-7.38273],[108.85742,-7.38273],[108.85742,-7.38228],[108.85788,-7.38228],[108.85788,-7.38183],[108.85834,-7.38183],[108.85834,-7.38229],[108.85833,-7.38229],[108.85833,-7.38274],[108.85788,-7.38274],[108.85788,-7.38319],[108.85769,-7.38319],[108.85751,-7.38319],[108.85751,-7.38301],[108.85742,-7.38301],[108.85715,-7.38301],[108.85715,-7.38319],[108.85697,-7.38319],[108.85696,-7.38319],[108.85657,-7.38319],[108.85652,-7.38319],[108.85652,-7.38363],[108.85696,-7.38363],[108.85696,-7.38409],[108.85651,-7.38409],[108.85651,-7.38364],[108.85606,-7.38364],[108.85606,-7.38363],[108.85561,-7.38363],[108.85561,-7.38318],[108.85606,-7.38318],[108.85606,-7.38297]]],[[[108.85878,-7.38356],[108.85877,-7.38356],[108.85877,-7.38319],[108.85878,-7.38319],[108.85878,-7.38274],[108.85924,-7.38274],[108.85924,-7.3832],[108.85968,-7.3832],[108.85969,-7.3832],[108.85993,-7.3832],[108.86014,-7.3832],[108.86014,-7.38365],[108.86058,-7.38365],[108.86059,-7.38365],[108.86077,-7.38365],[108.86077,-7.38411],[108.86059,-7.38411],[108.86058,-7.38411],[108.86058,-7.38429],[108.8604,-7.38429],[108.8604,-7.38411],[108.86022,-7.38411],[108.86013,-7.38411],[108.85986,-7.38411],[108.85986,-7.38446],[108.86004,-7.38446],[108.86004,-7.38455],[108.86004,-7.38456],[108.86004,-7.38465],[108.86013,-7.38465],[108.8604,-7.38465],[108.86058,-7.38465],[108.86059,-7.38465],[108.86076,-7.38465],[108.86076,-7.38456],[108.86076,-7.38447],[108.86077,-7.38447],[108.86077,-7.38456],[108.86077,-7.38465],[108.86095,-7.38465],[108.86104,-7.38465],[108.86104,-7.38501],[108.86059,-7.38501],[108.86058,-7.38501],[108.86013,-7.38501],[108.86013,-7.38546],[108.85967,-7.38546],[108.85967,-7.38501],[108.85967,-7.385],[108.85967,-7.38456],[108.85967,-7.38455],[108.85967,-7.3841],[108.85968,-7.3841],[108.85968,-7.38365],[108.85958,-7.38365],[108.85923,-7.38365],[108.85896,-7.38365],[108.85896,-7.38356],[108.85878,-7.38356]]],[[[108.85698,-7.38138],[108.85743,-7.38138],[108.85743,-7.38183],[108.85697,-7.38183],[108.85697,-7.38138],[108.85652,-7.38138],[108.85652,-7.38092],[108.8568,-7.38092],[108.8568,-7.38101],[108.85698,-7.38101],[108.85698,-7.38102],[108.85698,-7.38138]]],[[[108.85789,-7.38138],[108.85743,-7.38138],[108.85743,-7.38093],[108.85789,-7.38093],[108.85789,-7.38138]]],[[[108.85843,-7.38084],[108.85861,-7.38084],[108.85861,-7.38048],[108.85879,-7.38048],[108.85879,-7.38012],[108.85861,-7.38012],[108.85843,-7.38012],[108.85843,-7.38003],[108.85879,-7.38003],[108.85879,-7.37958],[108.8588,-7.37958],[108.85925,-7.37958],[108.85925,-7.38003],[108.8597,-7.38003],[108.8597,-7.38048],[108.8597,-7.38049],[108.8597,-7.38094],[108.85925,-7.38094],[108.85924,-7.38094],[108.8588,-7.38094],[108.85879,-7.38094],[108.85843,-7.38094],[108.85843,-7.38084]]],[[[108.85653,-7.38002],[108.85653,-7.38047],[108.85607,-7.38047],[108.85607,-7.38002],[108.85562,-7.38002],[108.85562,-7.37956],[108.85608,-7.37956],[108.85608,-7.37957],[108.85654,-7.37957],[108.85654,-7.38002],[108.85653,-7.38002]]],[[[108.85745,-7.37903],[108.85744,-7.37903],[108.85717,-7.37903],[108.85717,-7.37912],[108.85699,-7.37912],[108.85699,-7.37867],[108.85744,-7.37867],[108.85745,-7.37867],[108.85745,-7.37903]]],[[[108.85382,-7.37911],[108.85382,-7.37865],[108.85428,-7.37865],[108.85428,-7.37911],[108.85382,-7.37911]]],[[[108.85246,-7.3791],[108.85246,-7.37865],[108.85246,-7.37864],[108.85292,-7.37864],[108.85292,-7.37865],[108.85292,-7.3791],[108.85246,-7.3791]]],[[[108.85745,-7.37822],[108.85699,-7.37822],[108.85699,-7.37776],[108.85745,-7.37776],[108.85745,-7.37822]]],[[[108.85383,-7.37775],[108.85383,-7.3773],[108.85429,-7.3773],[108.85429,-7.37775],[108.85383,-7.37775]]],[[[108.85429,-7.37459],[108.85429,-7.37414],[108.85475,-7.37414],[108.85475,-7.37459],[108.85429,-7.37459]]],[[[108.85613,-7.37008],[108.85612,-7.37008],[108.85612,-7.36972],[108.85612,-7.3697],[108.85612,-7.36963],[108.85613,-7.36963],[108.85657,-7.36963],[108.85658,-7.36963],[108.85658,-7.36964],[108.85658,-7.36966],[108.85658,-7.37008],[108.85613,-7.37008]]],[[[108.85884,-7.36948],[108.85884,-7.36964],[108.85839,-7.36964],[108.85839,-7.36945],[108.85865,-7.36946],[108.85884,-7.36948]]],[[[108.86268,-7.42026],[108.86222,-7.42026],[108.86222,-7.41981],[108.86268,-7.41981],[108.86268,-7.42026]]],[[[108.8605,-7.40236],[108.8605,-7.40254],[108.86049,-7.40254],[108.86049,-7.40236],[108.8605,-7.40236]]],[[[108.85915,-7.39946],[108.8596,-7.39946],[108.85961,-7.39946],[108.86006,-7.39946],[108.86006,-7.39992],[108.8596,-7.39992],[108.8596,-7.39991],[108.85915,-7.39991],[108.85915,-7.39946]]],[[[108.86142,-7.39857],[108.86142,-7.39812],[108.86142,-7.39766],[108.86188,-7.39766],[108.86188,-7.39767],[108.86161,-7.39767],[108.86161,-7.39812],[108.86161,-7.39857],[108.86142,-7.39857]]],[[[108.86215,-7.39767],[108.86234,-7.39767],[108.86234,-7.39812],[108.86215,-7.39812],[108.86215,-7.39767]]],[[[108.86052,-7.39811],[108.86006,-7.39811],[108.86006,-7.39766],[108.86052,-7.39766],[108.86052,-7.39811]]],[[[108.86144,-7.39541],[108.86143,-7.39541],[108.86143,-7.39495],[108.86144,-7.39495],[108.86189,-7.39495],[108.86189,-7.39541],[108.86144,-7.39541]]],[[[108.86236,-7.39283],[108.8619,-7.39304],[108.8619,-7.39303],[108.86165,-7.39315],[108.86145,-7.39315],[108.86145,-7.39322],[108.86145,-7.39324],[108.86145,-7.3936],[108.86099,-7.3936],[108.86099,-7.39344],[108.86099,-7.39314],[108.86144,-7.39314],[108.86144,-7.39269],[108.86145,-7.39269],[108.86145,-7.39224],[108.8619,-7.39224],[108.86191,-7.39224],[108.86236,-7.39224],[108.86236,-7.3927],[108.86236,-7.39283]],[[108.86103,-7.39345],[108.86102,-7.39343],[108.86099,-7.39344],[108.86103,-7.39345]]],[[[108.8619,-7.39309],[108.86236,-7.39284],[108.86236,-7.39315],[108.86235,-7.39315],[108.86235,-7.3936],[108.86189,-7.3936],[108.86189,-7.39315],[108.8618,-7.39315],[108.8619,-7.39309]]],[[[108.86046,-7.39269],[108.86044,-7.39269],[108.86027,-7.39269],[108.86009,-7.39269],[108.86009,-7.39224],[108.86009,-7.39204],[108.86009,-7.39203],[108.86009,-7.39197],[108.86009,-7.39178],[108.86055,-7.39178],[108.86055,-7.39224],[108.86055,-7.39269],[108.86046,-7.39269]],[[108.86039,-7.39243],[108.86038,-7.39234],[108.86035,-7.39243],[108.86039,-7.39243]]],[[[108.85965,-7.39133],[108.85919,-7.39133],[108.85919,-7.39088],[108.85965,-7.39088],[108.85965,-7.39133]]],[[[108.86056,-7.38998],[108.86056,-7.39043],[108.86011,-7.39043],[108.8601,-7.39043],[108.85965,-7.39043],[108.85919,-7.39043],[108.85919,-7.38997],[108.85965,-7.38997],[108.86011,-7.38997],[108.86011,-7.38998],[108.86056,-7.38998]]],[[[108.86012,-7.38907],[108.86057,-7.38907],[108.86057,-7.38953],[108.86102,-7.38953],[108.86102,-7.38998],[108.86056,-7.38998],[108.86056,-7.38953],[108.86011,-7.38953],[108.86011,-7.38907],[108.85966,-7.38907],[108.85966,-7.38862],[108.86011,-7.38862],[108.86012,-7.38862],[108.86012,-7.38907]]],[[[108.86419,-7.38864],[108.86419,-7.38909],[108.86373,-7.38909],[108.86327,-7.38909],[108.86327,-7.38864],[108.86373,-7.38864],[108.86419,-7.38864]]],[[[108.86057,-7.38863],[108.86056,-7.38863],[108.86056,-7.38817],[108.86057,-7.38817],[108.86102,-7.38817],[108.86102,-7.38863],[108.86057,-7.38863]]],[[[108.86194,-7.38547],[108.86194,-7.38502],[108.86148,-7.38502],[108.86148,-7.38456],[108.86131,-7.38456],[108.86131,-7.38447],[108.86149,-7.38447],[108.86149,-7.38456],[108.86149,-7.38483],[108.86185,-7.38483],[108.86185,-7.38456],[108.86185,-7.38411],[108.86186,-7.38411],[108.86194,-7.38411],[108.86195,-7.38411],[108.86203,-7.38411],[108.86203,-7.38412],[108.86203,-7.38429],[108.86239,-7.38429],[108.86239,-7.38411],[108.8624,-7.38411],[108.86276,-7.38411],[108.86276,-7.38397],[108.86276,-7.38376],[108.86264,-7.38376],[108.86258,-7.38376],[108.86258,-7.38375],[108.86264,-7.38375],[108.86276,-7.38375],[108.86276,-7.38367],[108.86276,-7.38366],[108.86276,-7.38339],[108.86251,-7.38339],[108.8624,-7.38339],[108.86204,-7.38339],[108.86204,-7.38357],[108.86195,-7.38357],[108.86195,-7.38321],[108.8624,-7.38321],[108.86246,-7.38321],[108.86285,-7.38321],[108.8633,-7.38321],[108.8633,-7.38366],[108.8633,-7.38367],[108.8633,-7.38412],[108.8633,-7.38456],[108.8633,-7.38457],[108.86375,-7.38457],[108.86375,-7.3843],[108.86375,-7.38412],[108.86396,-7.38412],[108.8642,-7.38412],[108.86421,-7.38412],[108.86421,-7.38457],[108.86421,-7.38458],[108.8642,-7.38458],[108.86376,-7.38458],[108.86376,-7.38502],[108.8642,-7.38502],[108.86421,-7.38502],[108.86421,-7.38503],[108.86421,-7.38548],[108.8642,-7.38548],[108.86375,-7.38548],[108.86375,-7.38503],[108.8633,-7.38503],[108.8633,-7.38502],[108.86285,-7.38502],[108.86285,-7.38547],[108.86285,-7.38592],[108.86284,-7.38592],[108.86284,-7.38637],[108.86284,-7.38638],[108.86284,-7.38683],[108.86239,-7.38683],[108.86238,-7.38683],[108.86238,-7.38728],[108.86192,-7.38728],[108.86192,-7.38682],[108.86147,-7.38682],[108.86147,-7.38637],[108.86148,-7.38637],[108.86148,-7.38592],[108.86193,-7.38592],[108.86193,-7.38547],[108.86194,-7.38547]],[[108.86239,-7.38502],[108.86239,-7.38457],[108.86194,-7.38457],[108.86194,-7.38502],[108.86239,-7.38502]]],[[[108.85967,-7.38681],[108.85966,-7.38681],[108.85966,-7.38636],[108.85967,-7.38636],[108.86012,-7.38636],[108.86012,-7.38681],[108.85967,-7.38681]]],[[[108.86057,-7.38637],[108.86057,-7.38592],[108.86057,-7.38591],[108.86057,-7.38546],[108.86103,-7.38546],[108.86103,-7.38591],[108.86103,-7.38592],[108.86103,-7.38637],[108.86057,-7.38637]]],[[[108.86149,-7.38375],[108.86149,-7.38366],[108.8615,-7.38366],[108.86167,-7.38366],[108.86167,-7.38375],[108.8615,-7.38375],[108.86149,-7.38375]]],[[[108.8615,-7.38321],[108.8615,-7.38275],[108.86195,-7.38275],[108.86195,-7.38321],[108.8615,-7.38321]]],[[[108.86105,-7.38275],[108.86105,-7.3832],[108.8606,-7.3832],[108.86059,-7.3832],[108.86014,-7.3832],[108.86014,-7.38295],[108.86014,-7.38275],[108.8603,-7.38275],[108.86059,-7.38275],[108.8606,-7.38275],[108.86105,-7.38275]]],[[[108.86331,-7.38186],[108.86377,-7.38186],[108.86377,-7.38231],[108.86331,-7.38231],[108.86286,-7.38231],[108.86285,-7.38231],[108.86241,-7.38231],[108.8624,-7.38231],[108.8624,-7.38216],[108.8624,-7.38186],[108.86195,-7.38186],[108.86195,-7.3814],[108.86241,-7.3814],[108.86241,-7.38186],[108.86285,-7.38186],[108.86286,-7.38186],[108.86331,-7.38186]]],[[[108.86015,-7.38185],[108.85969,-7.38185],[108.85969,-7.38184],[108.85969,-7.38139],[108.86015,-7.38139],[108.86015,-7.38184],[108.86015,-7.38185]]],[[[108.86198,-7.37643],[108.86153,-7.37643],[108.86153,-7.37598],[108.86198,-7.37598],[108.86199,-7.37598],[108.86199,-7.37643],[108.86198,-7.37643]]],[[[108.86064,-7.37281],[108.86018,-7.37281],[108.86018,-7.37236],[108.86064,-7.37236],[108.86064,-7.37281]]],[[[108.86109,-7.37236],[108.86109,-7.37191],[108.86155,-7.37191],[108.86155,-7.37236],[108.86109,-7.37236]]],[[[108.86291,-7.37056],[108.86247,-7.37056],[108.86246,-7.37056],[108.86202,-7.37056],[108.86201,-7.37056],[108.86156,-7.37056],[108.86156,-7.3701],[108.86201,-7.3701],[108.86201,-7.36966],[108.86201,-7.36965],[108.86246,-7.36965],[108.86247,-7.36965],[108.86247,-7.36966],[108.86291,-7.36966],[108.86292,-7.36966],[108.86336,-7.36966],[108.86337,-7.36966],[108.86381,-7.36966],[108.86382,-7.36966],[108.86427,-7.36966],[108.86427,-7.37011],[108.86427,-7.37012],[108.86472,-7.37012],[108.86472,-7.37057],[108.86517,-7.37057],[108.86563,-7.37057],[108.86563,-7.37058],[108.86608,-7.37058],[108.86608,-7.37103],[108.86563,-7.37103],[108.86562,-7.37103],[108.86517,-7.37103],[108.86472,-7.37103],[108.86471,-7.37103],[108.86471,-7.37102],[108.86427,-7.37102],[108.86426,-7.37102],[108.86382,-7.37102],[108.86381,-7.37102],[108.86337,-7.37102],[108.86336,-7.37102],[108.86291,-7.37102],[108.86291,-7.37057],[108.86291,-7.37056]]],[[[108.86019,-7.371],[108.86019,-7.37055],[108.86065,-7.37055],[108.86065,-7.371],[108.86019,-7.371]]],[[[108.85975,-7.3701],[108.85956,-7.3701],[108.85956,-7.37],[108.85957,-7.37],[108.85957,-7.36982],[108.85975,-7.36982],[108.86011,-7.36982],[108.86011,-7.3697],[108.86021,-7.36972],[108.86021,-7.3701],[108.85975,-7.3701]]],[[[108.86063,-7.36835],[108.86061,-7.36829],[108.86066,-7.36829],[108.86066,-7.36793],[108.86075,-7.36791],[108.86086,-7.3679],[108.86104,-7.36789],[108.86111,-7.36789],[108.86112,-7.36789],[108.86112,-7.36829],[108.86112,-7.3683],[108.86112,-7.36874],[108.86112,-7.36875],[108.86112,-7.3692],[108.86112,-7.36965],[108.86111,-7.36965],[108.86083,-7.36965],[108.86085,-7.36957],[108.86085,-7.3693],[108.86083,-7.3692],[108.86073,-7.36875],[108.86071,-7.36868],[108.86067,-7.36852],[108.86066,-7.36852],[108.86063,-7.36841],[108.86063,-7.3684],[108.86063,-7.36835]]],[[[108.8617,-7.36798],[108.86202,-7.36809],[108.86202,-7.3683],[108.86156,-7.3683],[108.86156,-7.36794],[108.8617,-7.36798]]],[[[108.86898,-7.42617],[108.86898,-7.42571],[108.86944,-7.42571],[108.86944,-7.42617],[108.86898,-7.42617]]],[[[108.86719,-7.42254],[108.86719,-7.42299],[108.86674,-7.42299],[108.86673,-7.42299],[108.86628,-7.42299],[108.86628,-7.42254],[108.86673,-7.42254],[108.86674,-7.42254],[108.86719,-7.42254]]],[[[108.86814,-7.41306],[108.86814,-7.41261],[108.8686,-7.41261],[108.8686,-7.41306],[108.86814,-7.41306]]],[[[108.86816,-7.40945],[108.86816,-7.40944],[108.86816,-7.40899],[108.86771,-7.40899],[108.86771,-7.40854],[108.86726,-7.40854],[108.86726,-7.40899],[108.86681,-7.40899],[108.8668,-7.40899],[108.86635,-7.40899],[108.86635,-7.40898],[108.86635,-7.40853],[108.8668,-7.40853],[108.8668,-7.40808],[108.86636,-7.40808],[108.86636,-7.40783],[108.86636,-7.40763],[108.8666,-7.40763],[108.86681,-7.40763],[108.86681,-7.40747],[108.86681,-7.40718],[108.86698,-7.40718],[108.86726,-7.40718],[108.86771,-7.40718],[108.86771,-7.40673],[108.86726,-7.40673],[108.86726,-7.40658],[108.86726,-7.40628],[108.86741,-7.40628],[108.86771,-7.40628],[108.86772,-7.40628],[108.86772,-7.40583],[108.86818,-7.40583],[108.86818,-7.40628],[108.86817,-7.40628],[108.86817,-7.40673],[108.86817,-7.40718],[108.86862,-7.40718],[108.86862,-7.40719],[108.86907,-7.40719],[108.86952,-7.40719],[108.86953,-7.40719],[108.86997,-7.40719],[108.86998,-7.40719],[108.87043,-7.40719],[108.87043,-7.40764],[108.87043,-7.40765],[108.87088,-7.40765],[108.87088,-7.4081],[108.87133,-7.4081],[108.87133,-7.40765],[108.87133,-7.4072],[108.87179,-7.4072],[108.87179,-7.40675],[108.87134,-7.40675],[108.87134,-7.4063],[108.8718,-7.4063],[108.8718,-7.40675],[108.87225,-7.40675],[108.87225,-7.4072],[108.8727,-7.4072],[108.8727,-7.40765],[108.8727,-7.40766],[108.87315,-7.40766],[108.87315,-7.40811],[108.8736,-7.40811],[108.8736,-7.40857],[108.87404,-7.40857],[108.87405,-7.40857],[108.8745,-7.40857],[108.8745,-7.40812],[108.87495,-7.40812],[108.87495,-7.40857],[108.8754,-7.40857],[108.87541,-7.40857],[108.87541,-7.40902],[108.87541,-7.40903],[108.87541,-7.40948],[108.87541,-7.40993],[108.87585,-7.40993],[108.87586,-7.40993],[108.8763,-7.40993],[108.87631,-7.40993],[108.87675,-7.40993],[108.87676,-7.40993],[108.87676,-7.40994],[108.8772,-7.40994],[108.8772,-7.40949],[108.87721,-7.40949],[108.87766,-7.40949],[108.87766,-7.40994],[108.87811,-7.40994],[108.87811,-7.41039],[108.87856,-7.41039],[108.87856,-7.4104],[108.87902,-7.4104],[108.87902,-7.41085],[108.87901,-7.41085],[108.87901,-7.4113],[108.87901,-7.41175],[108.87901,-7.41221],[108.87946,-7.41221],[108.87946,-7.41266],[108.87901,-7.41266],[108.879,-7.41266],[108.879,-7.41221],[108.87856,-7.41221],[108.87855,-7.41221],[108.87855,-7.4122],[108.87811,-7.4122],[108.8781,-7.4122],[108.87766,-7.4122],[108.87765,-7.4122],[108.87765,-7.41265],[108.87765,-7.4131],[108.8781,-7.4131],[108.8781,-7.41356],[108.87765,-7.41356],[108.87765,-7.41401],[108.87719,-7.41401],[108.87719,-7.41446],[108.87764,-7.41446],[108.87764,-7.41491],[108.87809,-7.41491],[108.87809,-7.41536],[108.87854,-7.41536],[108.87854,-7.41537],[108.87899,-7.41537],[108.87899,-7.41582],[108.87929,-7.41582],[108.8793,-7.41582],[108.87944,-7.41582],[108.87944,-7.41627],[108.87944,-7.41635],[108.87944,-7.41673],[108.87899,-7.41673],[108.87899,-7.41718],[108.87898,-7.41718],[108.87898,-7.41762],[108.87898,-7.41763],[108.87898,-7.41808],[108.87942,-7.41808],[108.87943,-7.41808],[108.87943,-7.41763],[108.87988,-7.41763],[108.87989,-7.41763],[108.87995,-7.41763],[108.88034,-7.41763],[108.88034,-7.41808],[108.88034,-7.41809],[108.88034,-7.41824],[108.88034,-7.41854],[108.87988,-7.41854],[108.87943,-7.41854],[108.87943,-7.41898],[108.87943,-7.41899],[108.87943,-7.41943],[108.87943,-7.41944],[108.87943,-7.41989],[108.87987,-7.41989],[108.87988,-7.41989],[108.88032,-7.41989],[108.88033,-7.41989],[108.88078,-7.41989],[108.88078,-7.42035],[108.88033,-7.42035],[108.88032,-7.42035],[108.87987,-7.42035],[108.87987,-7.42034],[108.87943,-7.42034],[108.87943,-7.42079],[108.87988,-7.42079],[108.87988,-7.42125],[108.87942,-7.42125],[108.87942,-7.4217],[108.87896,-7.4217],[108.87896,-7.4216],[108.87923,-7.4216],[108.87923,-7.42124],[108.87942,-7.42124],[108.87942,-7.42079],[108.87897,-7.42079],[108.87897,-7.42034],[108.87852,-7.42034],[108.87852,-7.41989],[108.87852,-7.41988],[108.87807,-7.41988],[108.87806,-7.41988],[108.87761,-7.41988],[108.87761,-7.41943],[108.87762,-7.41943],[108.87762,-7.41898],[108.87716,-7.41898],[108.87716,-7.41852],[108.87671,-7.41852],[108.87671,-7.41807],[108.87626,-7.41807],[108.87626,-7.41761],[108.87672,-7.41761],[108.87672,-7.41762],[108.87717,-7.41762],[108.87718,-7.41762],[108.87718,-7.41807],[108.87762,-7.41807],[108.87763,-7.41807],[108.87807,-7.41807],[108.87807,-7.41763],[108.87807,-7.41762],[108.87762,-7.41762],[108.87762,-7.41717],[108.87762,-7.41672],[108.87762,-7.41627],[108.87717,-7.41627],[108.87717,-7.41581],[108.87717,-7.41536],[108.87673,-7.41536],[108.87672,-7.41536],[108.87628,-7.41536],[108.87627,-7.41536],[108.87582,-7.41536],[108.87582,-7.41535],[108.87537,-7.41535],[108.87537,-7.4158],[108.87492,-7.4158],[108.87447,-7.4158],[108.87446,-7.4158],[108.87401,-7.4158],[108.87401,-7.41535],[108.87356,-7.41535],[108.87356,-7.41534],[108.87312,-7.41534],[108.87311,-7.41534],[108.87266,-7.41534],[108.87266,-7.41489],[108.87311,-7.41489],[108.87311,-7.41444],[108.87311,-7.41399],[108.87311,-7.41398],[108.87356,-7.41398],[108.87356,-7.41354],[108.87312,-7.41354],[108.87311,-7.41354],[108.87311,-7.41353],[108.87311,-7.41308],[108.87267,-7.41308],[108.87267,-7.41353],[108.87267,-7.41398],[108.87221,-7.41398],[108.87221,-7.41353],[108.87221,-7.41308],[108.87266,-7.41308],[108.87266,-7.41263],[108.87222,-7.41263],[108.87221,-7.41263],[108.87221,-7.41217],[108.87222,-7.41217],[108.87266,-7.41217],[108.87266,-7.41172],[108.87222,-7.41172],[108.87221,-7.41172],[108.87177,-7.41172],[108.87177,-7.41217],[108.87177,-7.41262],[108.87177,-7.41307],[108.87177,-7.41308],[108.87176,-7.41308],[108.87131,-7.41308],[108.87131,-7.41307],[108.87086,-7.41307],[108.87086,-7.41262],[108.87086,-7.41217],[108.87041,-7.41217],[108.86995,-7.41217],[108.86995,-7.41171],[108.87041,-7.41171],[108.87086,-7.41171],[108.87086,-7.41127],[108.87086,-7.41126],[108.87086,-7.41081],[108.87042,-7.41081],[108.87042,-7.41126],[108.87041,-7.41126],[108.86996,-7.41126],[108.86996,-7.41081],[108.86951,-7.41081],[108.86951,-7.41036],[108.86951,-7.41035],[108.86951,-7.4099],[108.86907,-7.4099],[108.86907,-7.41035],[108.86906,-7.41035],[108.86861,-7.41035],[108.86815,-7.41035],[108.86815,-7.4099],[108.86815,-7.40989],[108.86816,-7.40989],[108.86816,-7.40945]],[[108.86771,-7.40763],[108.86771,-7.40808],[108.86771,-7.40809],[108.86816,-7.40809],[108.86861,-7.40809],[108.86861,-7.408],[108.86862,-7.408],[108.8688,-7.408],[108.86907,-7.408],[108.86907,-7.40809],[108.86951,-7.40809],[108.86952,-7.40809],[108.86952,-7.40765],[108.86952,-7.40764],[108.86916,-7.40764],[108.86907,-7.40764],[108.86898,-7.40764],[108.86898,-7.40746],[108.86862,-7.40746],[108.86861,-7.40746],[108.86826,-7.40746],[108.86826,-7.40764],[108.86816,-7.40764],[108.86816,-7.40718],[108.86771,-7.40718],[108.86771,-7.40763]],[[108.87178,-7.40811],[108.87133,-7.40811],[108.87133,-7.40855],[108.87178,-7.40855],[108.87178,-7.40856],[108.87223,-7.40856],[108.87223,-7.40811],[108.87179,-7.40811],[108.87178,-7.40811]],[[108.87676,-7.41084],[108.87676,-7.41129],[108.8772,-7.41129],[108.8772,-7.41084],[108.87676,-7.41084]],[[108.87855,-7.41175],[108.87855,-7.4113],[108.87855,-7.41085],[108.87811,-7.41085],[108.87811,-7.4113],[108.87811,-7.41175],[108.87855,-7.41175]],[[108.87854,-7.41582],[108.87854,-7.41627],[108.87898,-7.41627],[108.87898,-7.41582],[108.87854,-7.41582]],[[108.87808,-7.41898],[108.87808,-7.41943],[108.87852,-7.41943],[108.87897,-7.41943],[108.87897,-7.41899],[108.87897,-7.41898],[108.87897,-7.41853],[108.87852,-7.41853],[108.87852,-7.41808],[108.87808,-7.41808],[108.87808,-7.41852],[108.87808,-7.41853],[108.87808,-7.41898]],[[108.87448,-7.41201],[108.87439,-7.41201],[108.87439,-7.41218],[108.87439,-7.41219],[108.87421,-7.41219],[108.87421,-7.41254],[108.87439,-7.41254],[108.87439,-7.41255],[108.87421,-7.41255],[108.87421,-7.41263],[108.87421,-7.41264],[108.87421,-7.4129],[108.87447,-7.4129],[108.87448,-7.4129],[108.87457,-7.4129],[108.87457,-7.41273],[108.87492,-7.41273],[108.87493,-7.41273],[108.87493,-7.41264],[108.87493,-7.41255],[108.87511,-7.41255],[108.87511,-7.41219],[108.87494,-7.41219],[108.87493,-7.41219],[108.87475,-7.41219],[108.87475,-7.41218],[108.87493,-7.41218],[108.87494,-7.41218],[108.87494,-7.41183],[108.87493,-7.41183],[108.87458,-7.41183],[108.87458,-7.41201],[108.87457,-7.41201],[108.87448,-7.41201]],[[108.87268,-7.41127],[108.87312,-7.41127],[108.87312,-7.41082],[108.87268,-7.41082],[108.87268,-7.41127]],[[108.87313,-7.41173],[108.87312,-7.41173],[108.87312,-7.41218],[108.87357,-7.41218],[108.87357,-7.41173],[108.87357,-7.41128],[108.87313,-7.41128],[108.87313,-7.41173]],[[108.87357,-7.41263],[108.87357,-7.41308],[108.87402,-7.41308],[108.87402,-7.41264],[108.87402,-7.41263],[108.87357,-7.41263]],[[108.87359,-7.40901],[108.87359,-7.40857],[108.87314,-7.40857],[108.87314,-7.40901],[108.87359,-7.40901]],[[108.87269,-7.40856],[108.87314,-7.40856],[108.87314,-7.40811],[108.8727,-7.40811],[108.87269,-7.40811],[108.87269,-7.40856]],[[108.87673,-7.41446],[108.87673,-7.4149],[108.87673,-7.41491],[108.87718,-7.41491],[108.87718,-7.41446],[108.87673,-7.41446]],[[108.87721,-7.41039],[108.87765,-7.41039],[108.87765,-7.40994],[108.87721,-7.40994],[108.87721,-7.41039]]],[[[108.865,-7.40717],[108.865,-7.40672],[108.86546,-7.40672],[108.86546,-7.40717],[108.865,-7.40717]]],[[[108.86547,-7.40265],[108.86593,-7.40265],[108.86593,-7.40311],[108.86638,-7.40311],[108.86638,-7.40356],[108.86592,-7.40356],[108.86592,-7.40311],[108.86547,-7.40311],[108.86547,-7.40265]]],[[[108.86819,-7.40131],[108.86819,-7.40086],[108.86865,-7.40086],[108.86865,-7.40131],[108.86819,-7.40131]]],[[[108.86414,-7.39994],[108.86368,-7.39994],[108.86368,-7.39948],[108.86414,-7.39948],[108.86414,-7.39994]]],[[[108.86504,-7.3988],[108.86504,-7.39904],[108.86459,-7.39904],[108.86459,-7.39897],[108.86459,-7.39859],[108.86459,-7.39858],[108.86414,-7.39858],[108.86413,-7.39858],[108.86413,-7.39813],[108.86414,-7.39813],[108.86459,-7.39813],[108.86504,-7.39813],[108.86504,-7.39858],[108.86504,-7.39859],[108.86504,-7.3988]]],[[[108.86822,-7.39725],[108.86822,-7.39679],[108.86868,-7.39679],[108.86868,-7.39725],[108.86822,-7.39725]]],[[[108.86913,-7.39589],[108.86868,-7.39589],[108.86867,-7.39589],[108.86867,-7.39544],[108.86868,-7.39544],[108.86913,-7.39544],[108.86913,-7.39589]]],[[[108.86824,-7.39363],[108.86778,-7.39363],[108.86778,-7.39318],[108.86824,-7.39318],[108.86824,-7.39363]]],[[[108.86553,-7.39226],[108.86552,-7.39226],[108.86507,-7.39226],[108.86507,-7.39181],[108.86552,-7.39181],[108.86553,-7.39181],[108.86553,-7.39226]]],[[[108.86417,-7.39045],[108.86462,-7.39045],[108.86462,-7.39],[108.86463,-7.39],[108.86463,-7.38955],[108.86508,-7.38955],[108.86508,-7.3891],[108.86554,-7.3891],[108.86554,-7.38955],[108.86554,-7.39],[108.86509,-7.39],[108.86508,-7.39],[108.86508,-7.39045],[108.86553,-7.39045],[108.86599,-7.39045],[108.86599,-7.39046],[108.86643,-7.39046],[108.86644,-7.39046],[108.86689,-7.39046],[108.86689,-7.39001],[108.86645,-7.39001],[108.86644,-7.39001],[108.86599,-7.39001],[108.86599,-7.38956],[108.86599,-7.38955],[108.86599,-7.3891],[108.86644,-7.3891],[108.86644,-7.38865],[108.8669,-7.38865],[108.86735,-7.38865],[108.86735,-7.38821],[108.86735,-7.3882],[108.86735,-7.38776],[108.86735,-7.38775],[108.86735,-7.3873],[108.86736,-7.3873],[108.8678,-7.3873],[108.86781,-7.3873],[108.86826,-7.3873],[108.86871,-7.3873],[108.86871,-7.38686],[108.86916,-7.38686],[108.86917,-7.38686],[108.86962,-7.38686],[108.86962,-7.38641],[108.86962,-7.38596],[108.86963,-7.38596],[108.86963,-7.38563],[108.86963,-7.38551],[108.86928,-7.38551],[108.86918,-7.38551],[108.86918,-7.3855],[108.86873,-7.3855],[108.86873,-7.38595],[108.86872,-7.38595],[108.86872,-7.3864],[108.86827,-7.3864],[108.86826,-7.3864],[108.86781,-7.3864],[108.86781,-7.38595],[108.86826,-7.38595],[108.86827,-7.38595],[108.86827,-7.3855],[108.86827,-7.38547],[108.86827,-7.38505],[108.86827,-7.38459],[108.86873,-7.38459],[108.86873,-7.38415],[108.86828,-7.38415],[108.86828,-7.38414],[108.86783,-7.38414],[108.86783,-7.38369],[108.86828,-7.38369],[108.86828,-7.38324],[108.86828,-7.38279],[108.86784,-7.38279],[108.86784,-7.38324],[108.86738,-7.38324],[108.86693,-7.38324],[108.86693,-7.38346],[108.86693,-7.38368],[108.86668,-7.38368],[108.86647,-7.38368],[108.86647,-7.38394],[108.86647,-7.38413],[108.86692,-7.38413],[108.86692,-7.38459],[108.86692,-7.38504],[108.86646,-7.38504],[108.86646,-7.38459],[108.86601,-7.38459],[108.86601,-7.38433],[108.86601,-7.38413],[108.86556,-7.38413],[108.86556,-7.38368],[108.86556,-7.38323],[108.86556,-7.38277],[108.86557,-7.38277],[108.86557,-7.38233],[108.86557,-7.38232],[108.86557,-7.38187],[108.86602,-7.38187],[108.86603,-7.38187],[108.86648,-7.38187],[108.86694,-7.38187],[108.86694,-7.38188],[108.86739,-7.38188],[108.86739,-7.38233],[108.86783,-7.38233],[108.86784,-7.38233],[108.86784,-7.38188],[108.86829,-7.38188],[108.86829,-7.38143],[108.86874,-7.38143],[108.86874,-7.38098],[108.8683,-7.38098],[108.86829,-7.38098],[108.86784,-7.38098],[108.86784,-7.38053],[108.86829,-7.38053],[108.86829,-7.38008],[108.86874,-7.38008],[108.86875,-7.38008],[108.86875,-7.37963],[108.8692,-7.37963],[108.8692,-7.37918],[108.86921,-7.37918],[108.86921,-7.37873],[108.86876,-7.37873],[108.86876,-7.37872],[108.86876,-7.37827],[108.86921,-7.37827],[108.86921,-7.37782],[108.86876,-7.37782],[108.86876,-7.37737],[108.86831,-7.37737],[108.86831,-7.37691],[108.86877,-7.37691],[108.86877,-7.37692],[108.86922,-7.37692],[108.86922,-7.37737],[108.86922,-7.37782],[108.86967,-7.37782],[108.86967,-7.37827],[108.86967,-7.37828],[108.86967,-7.37872],[108.86967,-7.37873],[108.87011,-7.37873],[108.87012,-7.37873],[108.87057,-7.37873],[108.87102,-7.37873],[108.87103,-7.37873],[108.87103,-7.37919],[108.87102,-7.37919],[108.87102,-7.37963],[108.87102,-7.37964],[108.87147,-7.37964],[108.87147,-7.37919],[108.87192,-7.37919],[108.87193,-7.37919],[108.87237,-7.37919],[108.87238,-7.37919],[108.87282,-7.37919],[108.87283,-7.37919],[108.87328,-7.37919],[108.87328,-7.3792],[108.87373,-7.3792],[108.87373,-7.37965],[108.87328,-7.37965],[108.87283,-7.37965],[108.87283,-7.3801],[108.87328,-7.3801],[108.87328,-7.38055],[108.87328,-7.381],[108.87283,-7.381],[108.87282,-7.381],[108.87237,-7.381],[108.87237,-7.38145],[108.87281,-7.38145],[108.87282,-7.38145],[108.87327,-7.38145],[108.87327,-7.3819],[108.87327,-7.38191],[108.87327,-7.38221],[108.873,-7.38236],[108.87301,-7.38236],[108.87281,-7.38247],[108.87281,-7.38247],[108.87276,-7.3825],[108.87275,-7.3825],[108.87274,-7.3825],[108.87269,-7.3825],[108.87261,-7.3827],[108.87268,-7.38273],[108.87282,-7.38276],[108.87282,-7.38276],[108.87299,-7.38281],[108.87298,-7.38281],[108.87327,-7.38289],[108.87327,-7.38326],[108.87371,-7.38326],[108.87372,-7.38326],[108.87417,-7.38326],[108.87417,-7.38313],[108.87446,-7.38316],[108.87463,-7.38313],[108.87463,-7.38327],[108.87417,-7.38327],[108.87417,-7.38372],[108.87372,-7.38372],[108.87371,-7.38372],[108.87326,-7.38372],[108.87326,-7.38326],[108.87281,-7.38326],[108.87281,-7.38281],[108.87236,-7.38281],[108.8719,-7.38281],[108.8719,-7.38236],[108.8719,-7.38235],[108.87145,-7.38235],[108.87145,-7.3819],[108.8719,-7.3819],[108.87191,-7.3819],[108.87191,-7.38145],[108.87146,-7.38145],[108.87146,-7.381],[108.87101,-7.381],[108.87101,-7.38099],[108.87101,-7.38054],[108.87101,-7.38009],[108.87056,-7.38009],[108.87056,-7.37964],[108.87056,-7.37963],[108.87056,-7.37918],[108.87012,-7.37918],[108.87012,-7.37963],[108.87011,-7.37963],[108.87011,-7.38008],[108.87011,-7.38009],[108.87011,-7.38053],[108.87011,-7.38054],[108.87056,-7.38054],[108.87056,-7.38099],[108.87011,-7.38099],[108.8701,-7.38099],[108.86965,-7.38099],[108.8692,-7.38099],[108.8692,-7.38143],[108.8692,-7.38144],[108.86965,-7.38144],[108.86965,-7.38189],[108.86965,-7.38234],[108.8701,-7.38234],[108.8701,-7.38279],[108.8701,-7.3828],[108.87054,-7.3828],[108.87054,-7.38235],[108.871,-7.38235],[108.871,-7.3828],[108.871,-7.38325],[108.87055,-7.38325],[108.87054,-7.38325],[108.8701,-7.38325],[108.8701,-7.3837],[108.87054,-7.3837],[108.87055,-7.3837],[108.87055,-7.38415],[108.87055,-7.3846],[108.87099,-7.3846],[108.871,-7.3846],[108.871,-7.38461],[108.871,-7.38506],[108.871,-7.38551],[108.87144,-7.38551],[108.87145,-7.38551],[108.87189,-7.38551],[108.8719,-7.38551],[108.87234,-7.38551],[108.87234,-7.38507],[108.87234,-7.38461],[108.87235,-7.38461],[108.8728,-7.38461],[108.8728,-7.38416],[108.87326,-7.38416],[108.87326,-7.38417],[108.87371,-7.38417],[108.87371,-7.38462],[108.87326,-7.38462],[108.87326,-7.38507],[108.8728,-7.38507],[108.8728,-7.38552],[108.8728,-7.38597],[108.87324,-7.38597],[108.87325,-7.38597],[108.8733,-7.38597],[108.87331,-7.38597],[108.8737,-7.38597],[108.8737,-7.38643],[108.87325,-7.38643],[108.87324,-7.38643],[108.8728,-7.38643],[108.8728,-7.38687],[108.87325,-7.38687],[108.87325,-7.38688],[108.87369,-7.38688],[108.8737,-7.38688],[108.87414,-7.38688],[108.87415,-7.38688],[108.8746,-7.38688],[108.8746,-7.38707],[108.8746,-7.38733],[108.87505,-7.38733],[108.87505,-7.38779],[108.8746,-7.38779],[108.8746,-7.38824],[108.87415,-7.38824],[108.87414,-7.38824],[108.8739,-7.38824],[108.87389,-7.38824],[108.8737,-7.38824],[108.8737,-7.38869],[108.87324,-7.38869],[108.87324,-7.38824],[108.87324,-7.38823],[108.87279,-7.38823],[108.87279,-7.38868],[108.87279,-7.38913],[108.87278,-7.38913],[108.87278,-7.38958],[108.87278,-7.38959],[108.87323,-7.38959],[108.87323,-7.38976],[108.87323,-7.38977],[108.87323,-7.39004],[108.87278,-7.39004],[108.87277,-7.39004],[108.87232,-7.39004],[108.87232,-7.38969],[108.87232,-7.38968],[108.87232,-7.38959],[108.87232,-7.38958],[108.87187,-7.38958],[108.87187,-7.38913],[108.87142,-7.38913],[108.87142,-7.38868],[108.87097,-7.38868],[108.87097,-7.38912],[108.87097,-7.38913],[108.87051,-7.38913],[108.87051,-7.38912],[108.87006,-7.38912],[108.87006,-7.38867],[108.86962,-7.38867],[108.86961,-7.38867],[108.86961,-7.38912],[108.86916,-7.38912],[108.86871,-7.38912],[108.86871,-7.38956],[108.86871,-7.38957],[108.86871,-7.39002],[108.86871,-7.39047],[108.86825,-7.39047],[108.86825,-7.39002],[108.86825,-7.38957],[108.86825,-7.38956],[108.86781,-7.38956],[108.8678,-7.38956],[108.86735,-7.38956],[108.86735,-7.39001],[108.86735,-7.39046],[108.86735,-7.39091],[108.86735,-7.39092],[108.86689,-7.39092],[108.86689,-7.39091],[108.86663,-7.39091],[108.86644,-7.39091],[108.86644,-7.39098],[108.86644,-7.39136],[108.86598,-7.39136],[108.86598,-7.39093],[108.86598,-7.39091],[108.86584,-7.39091],[108.86553,-7.39091],[108.86508,-7.39091],[108.86508,-7.39136],[108.86462,-7.39136],[108.86462,-7.39181],[108.86417,-7.39181],[108.86417,-7.3918],[108.864,-7.3918],[108.86387,-7.3918],[108.86372,-7.3918],[108.86372,-7.39135],[108.86417,-7.39135],[108.86417,-7.3909],[108.86417,-7.39045]],[[108.86647,-7.38323],[108.86602,-7.38323],[108.86602,-7.38368],[108.86647,-7.38368],[108.86647,-7.38323]],[[108.87189,-7.38777],[108.87233,-7.38777],[108.87233,-7.38733],[108.87189,-7.38733],[108.87189,-7.38777]],[[108.86689,-7.38911],[108.86645,-7.38911],[108.86645,-7.38955],[108.86645,-7.38956],[108.86689,-7.38956],[108.86689,-7.38911]],[[108.86919,-7.38415],[108.86919,-7.3846],[108.86963,-7.3846],[108.86964,-7.3846],[108.86964,-7.38415],[108.86919,-7.38415]],[[108.87053,-7.38686],[108.87053,-7.38642],[108.87053,-7.38641],[108.87053,-7.38596],[108.87009,-7.38596],[108.87008,-7.38596],[108.87008,-7.38612],[108.87008,-7.38641],[108.87008,-7.38686],[108.87032,-7.38686],[108.87052,-7.38686],[108.87053,-7.38686]],[[108.87097,-7.38822],[108.87053,-7.38822],[108.87052,-7.38822],[108.87052,-7.38867],[108.87097,-7.38867],[108.87097,-7.38822]],[[108.87143,-7.38642],[108.87099,-7.38642],[108.87099,-7.38687],[108.87098,-7.38687],[108.87098,-7.38732],[108.87143,-7.38732],[108.87177,-7.38732],[108.87188,-7.38732],[108.87188,-7.38724],[108.87188,-7.38723],[108.87188,-7.38687],[108.87143,-7.38687],[108.87143,-7.38642]],[[108.87009,-7.38505],[108.87054,-7.38505],[108.87054,-7.38461],[108.87009,-7.38461],[108.87009,-7.38505]],[[108.87415,-7.38778],[108.87459,-7.38778],[108.87459,-7.38734],[108.87415,-7.38734],[108.87415,-7.38778]]],[[[108.86645,-7.3882],[108.866,-7.3882],[108.866,-7.38775],[108.86645,-7.38775],[108.86646,-7.38775],[108.86646,-7.3882],[108.86645,-7.3882]]],[[[108.86646,-7.38594],[108.86645,-7.38594],[108.86645,-7.38549],[108.86646,-7.38549],[108.86691,-7.38549],[108.86691,-7.38594],[108.86646,-7.38594]]],[[[108.8651,-7.38594],[108.86465,-7.38594],[108.86465,-7.38593],[108.86465,-7.38548],[108.86465,-7.38503],[108.86465,-7.38458],[108.86511,-7.38458],[108.86511,-7.38503],[108.86511,-7.38548],[108.86511,-7.38593],[108.86511,-7.38594],[108.8651,-7.38594]]],[[[108.86784,-7.38143],[108.86739,-7.38143],[108.86739,-7.38098],[108.86784,-7.38098],[108.86784,-7.38143]]],[[[108.86876,-7.37827],[108.86831,-7.37827],[108.8683,-7.37827],[108.86786,-7.37827],[108.86785,-7.37827],[108.8674,-7.37827],[108.8674,-7.37781],[108.86785,-7.37781],[108.86786,-7.37781],[108.86831,-7.37781],[108.86831,-7.37782],[108.86876,-7.37782],[108.86876,-7.37827]]],[[[108.86469,-7.37825],[108.86424,-7.37825],[108.86423,-7.37825],[108.86423,-7.3778],[108.86424,-7.3778],[108.86469,-7.3778],[108.86469,-7.37825]]],[[[108.86605,-7.37645],[108.86651,-7.37645],[108.86651,-7.3769],[108.86696,-7.3769],[108.86696,-7.37691],[108.86696,-7.37736],[108.8665,-7.37736],[108.8665,-7.37691],[108.86605,-7.37691],[108.86605,-7.3769],[108.86559,-7.3769],[108.86559,-7.37645],[108.86605,-7.37645]]],[[[108.86606,-7.376],[108.8656,-7.376],[108.8656,-7.37555],[108.86606,-7.37555],[108.86606,-7.376]]],[[[108.86379,-7.37509],[108.86379,-7.37508],[108.86425,-7.37508],[108.86425,-7.37464],[108.86425,-7.37463],[108.86471,-7.37463],[108.86471,-7.37464],[108.86471,-7.37509],[108.86425,-7.37509],[108.86425,-7.37554],[108.86379,-7.37554],[108.86379,-7.37509]]],[[[108.86426,-7.37418],[108.8638,-7.37418],[108.8638,-7.37373],[108.8638,-7.37328],[108.86426,-7.37328],[108.86426,-7.37373],[108.86426,-7.37418]]],[[[108.86718,-7.37145],[108.86721,-7.37149],[108.86737,-7.37174],[108.86744,-7.37193],[108.86744,-7.37194],[108.86698,-7.37194],[108.86698,-7.37149],[108.86698,-7.37107],[108.86718,-7.37145]]],[[[108.86684,-7.37058],[108.86653,-7.37058],[108.86653,-7.37032],[108.86667,-7.37034],[108.86679,-7.37043],[108.86683,-7.37053],[108.86685,-7.37058],[108.86684,-7.37058]]],[[[108.86518,-7.37012],[108.86472,-7.37012],[108.86472,-7.36967],[108.86518,-7.36967],[108.86518,-7.37012]]],[[[108.86427,-7.3691],[108.86442,-7.36918],[108.86449,-7.36922],[108.86427,-7.36922],[108.86427,-7.3691]]],[[[108.87214,-7.42979],[108.87168,-7.42979],[108.87168,-7.42934],[108.87214,-7.42934],[108.87214,-7.42979]]],[[[108.87144,-7.42374],[108.87143,-7.42374],[108.87125,-7.42374],[108.87125,-7.42373],[108.87144,-7.42373],[108.87144,-7.42374]]],[[[108.87162,-7.42355],[108.87162,-7.42356],[108.87144,-7.42356],[108.87144,-7.42355],[108.87162,-7.42355]]],[[[108.87171,-7.42319],[108.8718,-7.42319],[108.87181,-7.42319],[108.87181,-7.4232],[108.8718,-7.4232],[108.87171,-7.4232],[108.87171,-7.42319]]],[[[108.86945,-7.423],[108.8699,-7.423],[108.8699,-7.42319],[108.86981,-7.42319],[108.86981,-7.42301],[108.86945,-7.42301],[108.86945,-7.423]]],[[[108.87198,-7.42301],[108.87217,-7.42301],[108.87217,-7.42302],[108.87198,-7.42302],[108.87198,-7.42301]]],[[[108.87145,-7.42193],[108.87145,-7.42211],[108.87127,-7.42211],[108.87126,-7.42211],[108.87081,-7.42211],[108.87081,-7.42166],[108.87081,-7.42165],[108.87126,-7.42165],[108.87126,-7.42166],[108.87126,-7.42193],[108.87127,-7.42193],[108.87145,-7.42193]]],[[[108.87172,-7.42139],[108.87145,-7.42139],[108.87145,-7.42157],[108.87126,-7.42157],[108.87126,-7.42121],[108.87126,-7.4212],[108.87127,-7.4212],[108.87127,-7.42075],[108.87082,-7.42075],[108.87082,-7.4203],[108.87128,-7.4203],[108.87128,-7.42075],[108.87173,-7.42075],[108.87173,-7.42121],[108.87172,-7.42121],[108.87172,-7.42139]]],[[[108.87173,-7.41759],[108.87218,-7.41759],[108.87219,-7.41759],[108.87264,-7.41759],[108.87264,-7.4176],[108.87264,-7.41805],[108.87309,-7.41805],[108.87355,-7.41805],[108.87355,-7.41851],[108.87309,-7.41851],[108.87309,-7.4185],[108.87264,-7.4185],[108.87263,-7.4185],[108.87263,-7.41805],[108.87219,-7.41805],[108.87219,-7.4185],[108.87173,-7.4185],[108.87173,-7.41805],[108.87173,-7.41804],[108.87173,-7.41759]]],[[[108.87129,-7.41804],[108.87128,-7.41804],[108.87083,-7.41804],[108.87083,-7.41759],[108.87128,-7.41759],[108.87129,-7.41759],[108.87129,-7.41804]]],[[[108.87083,-7.41714],[108.87083,-7.41669],[108.87083,-7.41668],[108.87129,-7.41668],[108.87129,-7.41669],[108.87129,-7.41714],[108.87083,-7.41714]]],[[[108.87084,-7.41488],[108.8713,-7.41488],[108.8713,-7.41533],[108.8713,-7.41578],[108.87084,-7.41578],[108.87084,-7.41533],[108.87084,-7.41488]]],[[[108.87131,-7.41443],[108.87085,-7.41443],[108.87085,-7.41397],[108.87131,-7.41397],[108.87131,-7.41443]]],[[[108.87044,-7.40674],[108.86998,-7.40674],[108.86998,-7.40629],[108.87044,-7.40629],[108.87044,-7.40674]]],[[[108.87225,-7.40585],[108.8718,-7.40585],[108.87179,-7.40585],[108.87179,-7.40539],[108.8718,-7.40539],[108.87225,-7.40539],[108.87225,-7.40585]]],[[[108.86999,-7.40539],[108.86999,-7.40493],[108.87045,-7.40493],[108.87045,-7.40539],[108.86999,-7.40539]]],[[[108.86915,-7.39183],[108.86915,-7.39138],[108.86961,-7.39138],[108.86961,-7.39183],[108.86915,-7.39183]]],[[[108.87232,-7.39094],[108.87186,-7.39094],[108.87186,-7.39048],[108.87232,-7.39048],[108.87232,-7.39094]]],[[[108.86961,-7.38912],[108.87006,-7.38912],[108.87006,-7.38957],[108.87006,-7.39002],[108.87006,-7.39003],[108.86961,-7.39003],[108.86961,-7.39002],[108.86961,-7.38957],[108.86961,-7.38912]]],[[[108.8719,-7.38416],[108.87189,-7.38416],[108.87145,-7.38416],[108.87144,-7.38416],[108.87099,-7.38416],[108.87099,-7.3837],[108.87145,-7.3837],[108.87145,-7.38371],[108.87189,-7.38371],[108.8719,-7.38371],[108.87235,-7.38371],[108.87235,-7.38416],[108.8719,-7.38416]]],[[[108.87056,-7.38189],[108.8701,-7.38189],[108.8701,-7.38144],[108.87056,-7.38144],[108.87056,-7.38189]]],[[[108.87147,-7.37874],[108.87147,-7.37829],[108.87147,-7.37828],[108.87147,-7.37783],[108.87103,-7.37783],[108.87102,-7.37783],[108.87102,-7.37738],[108.87058,-7.37738],[108.87057,-7.37738],[108.87057,-7.37693],[108.87012,-7.37693],[108.87012,-7.37692],[108.87012,-7.37647],[108.87057,-7.37647],[108.87057,-7.37602],[108.87058,-7.37602],[108.87058,-7.37557],[108.87013,-7.37557],[108.87013,-7.37512],[108.87013,-7.37511],[108.87013,-7.37466],[108.87025,-7.37466],[108.87059,-7.37483],[108.87059,-7.37484],[108.87064,-7.37486],[108.87104,-7.375],[108.87118,-7.37506],[108.87144,-7.3751],[108.87149,-7.37511],[108.87171,-7.37512],[108.87194,-7.3751],[108.87194,-7.3751],[108.87203,-7.37509],[108.87214,-7.37504],[108.87223,-7.375],[108.87233,-7.37488],[108.87239,-7.37479],[108.87239,-7.37479],[108.87243,-7.37473],[108.87244,-7.37475],[108.87244,-7.37476],[108.87244,-7.37477],[108.87244,-7.37478],[108.87244,-7.37479],[108.87244,-7.3748],[108.87243,-7.3748],[108.87243,-7.37481],[108.87242,-7.37481],[108.8724,-7.37483],[108.87237,-7.37486],[108.8724,-7.37487],[108.8724,-7.37488],[108.87277,-7.37513],[108.87284,-7.37517],[108.87284,-7.37517],[108.8733,-7.37549],[108.8733,-7.37548],[108.87344,-7.37558],[108.87375,-7.37579],[108.87375,-7.37603],[108.87375,-7.37604],[108.87375,-7.37649],[108.8742,-7.37649],[108.8742,-7.37694],[108.87375,-7.37694],[108.87374,-7.37694],[108.8733,-7.37694],[108.87329,-7.37694],[108.87284,-7.37694],[108.87284,-7.37739],[108.87328,-7.37739],[108.87329,-7.37739],[108.87374,-7.37739],[108.87374,-7.37784],[108.87329,-7.37784],[108.87328,-7.37784],[108.87283,-7.37784],[108.87283,-7.37739],[108.87239,-7.37739],[108.87238,-7.37739],[108.87238,-7.37783],[108.87238,-7.37784],[108.87238,-7.37829],[108.87283,-7.37829],[108.87283,-7.37874],[108.87238,-7.37874],[108.87237,-7.37874],[108.87193,-7.37874],[108.87192,-7.37874],[108.87147,-7.37874]],[[108.87148,-7.37648],[108.87103,-7.37648],[108.87103,-7.37692],[108.87103,-7.37693],[108.87103,-7.37738],[108.87148,-7.37738],[108.87148,-7.37783],[108.87192,-7.37783],[108.87192,-7.37738],[108.87193,-7.37738],[108.87193,-7.37693],[108.87148,-7.37693],[108.87148,-7.37648]]],[[[108.86923,-7.37421],[108.86923,-7.37402],[108.86952,-7.37421],[108.86923,-7.37421]]],[[[108.87304,-7.43025],[108.87258,-7.43025],[108.87258,-7.4298],[108.87304,-7.4298],[108.87304,-7.43025]]],[[[108.87259,-7.42935],[108.87259,-7.42889],[108.87305,-7.42889],[108.87305,-7.42935],[108.87259,-7.42935]]],[[[108.8726,-7.42618],[108.87305,-7.42618],[108.87306,-7.42618],[108.87306,-7.42663],[108.87306,-7.42664],[108.87305,-7.42664],[108.8726,-7.42664],[108.8726,-7.42663],[108.8726,-7.42618]]],[[[108.87351,-7.42573],[108.87305,-7.42573],[108.87305,-7.42528],[108.87305,-7.42483],[108.87351,-7.42483],[108.87351,-7.42528],[108.87351,-7.42573]]],[[[108.87215,-7.42464],[108.87216,-7.42464],[108.87216,-7.42446],[108.87252,-7.42446],[108.87252,-7.42437],[108.87252,-7.4241],[108.87262,-7.4241],[108.87262,-7.42437],[108.87261,-7.42437],[108.87261,-7.42483],[108.87215,-7.42483],[108.87215,-7.42464]]],[[[108.87488,-7.42411],[108.87488,-7.42438],[108.87488,-7.42439],[108.87442,-7.42439],[108.87442,-7.42438],[108.87442,-7.42411],[108.87451,-7.42411],[108.8747,-7.42411],[108.87488,-7.42411]]],[[[108.8727,-7.42374],[108.87271,-7.42374],[108.87271,-7.42392],[108.8727,-7.42392],[108.8727,-7.42374]]],[[[108.87253,-7.4232],[108.87234,-7.4232],[108.87217,-7.4232],[108.87217,-7.42302],[108.87253,-7.42302],[108.87262,-7.42302],[108.87262,-7.4232],[108.87253,-7.4232]]],[[[108.87307,-7.42302],[108.87307,-7.42284],[108.87308,-7.42284],[108.87308,-7.42302],[108.87307,-7.42302]]],[[[108.87343,-7.42257],[108.87343,-7.4223],[108.87326,-7.4223],[108.87326,-7.42212],[108.87353,-7.42212],[108.87399,-7.42212],[108.87399,-7.42257],[108.87353,-7.42257],[108.87343,-7.42257]]],[[[108.87289,-7.42211],[108.87308,-7.42211],[108.87308,-7.42212],[108.8729,-7.42212],[108.8729,-7.4223],[108.87289,-7.4223],[108.87289,-7.42212],[108.87289,-7.42211]]],[[[108.87309,-7.4176],[108.87309,-7.41715],[108.87355,-7.41715],[108.87355,-7.4176],[108.87309,-7.4176]]],[[[108.87413,-7.39185],[108.87367,-7.39185],[108.87367,-7.3914],[108.87413,-7.3914],[108.87413,-7.39185]]],[[[108.87322,-7.39094],[108.87277,-7.39094],[108.87277,-7.39049],[108.87322,-7.39049],[108.87323,-7.39049],[108.87367,-7.39049],[108.87368,-7.39049],[108.87368,-7.39004],[108.87368,-7.38967],[108.87368,-7.38959],[108.87323,-7.38959],[108.87323,-7.38914],[108.87369,-7.38914],[108.87369,-7.38959],[108.87394,-7.38959],[108.87413,-7.38959],[108.87414,-7.38959],[108.87459,-7.38959],[108.87459,-7.39004],[108.87459,-7.39005],[108.87504,-7.39005],[108.87504,-7.3905],[108.87549,-7.3905],[108.87595,-7.3905],[108.87595,-7.39096],[108.8764,-7.39096],[108.8764,-7.39141],[108.87684,-7.39141],[108.87685,-7.39141],[108.87729,-7.39141],[108.8773,-7.39141],[108.8773,-7.39097],[108.8773,-7.39096],[108.8773,-7.39051],[108.87775,-7.39051],[108.87775,-7.39006],[108.8773,-7.39006],[108.87685,-7.39006],[108.8764,-7.39006],[108.8764,-7.38961],[108.8764,-7.3896],[108.87595,-7.3896],[108.87595,-7.38915],[108.87595,-7.3887],[108.87595,-7.38825],[108.87595,-7.38824],[108.8764,-7.38824],[108.8764,-7.3878],[108.87595,-7.3878],[108.87595,-7.38734],[108.8755,-7.38734],[108.8755,-7.38689],[108.8755,-7.38644],[108.87505,-7.38644],[108.87505,-7.38643],[108.87461,-7.38643],[108.8746,-7.38643],[108.87454,-7.38643],[108.87415,-7.38643],[108.87415,-7.38598],[108.87417,-7.38598],[108.8746,-7.38598],[108.87461,-7.38598],[108.87505,-7.38598],[108.87505,-7.38553],[108.87551,-7.38553],[108.87551,-7.38508],[108.87551,-7.38463],[108.87597,-7.38463],[108.87597,-7.38418],[108.87642,-7.38418],[108.87643,-7.38418],[108.87643,-7.38373],[108.87688,-7.38373],[108.87689,-7.38373],[108.87689,-7.38418],[108.87688,-7.38418],[108.87688,-7.38463],[108.87733,-7.38463],[108.87733,-7.38464],[108.87733,-7.38509],[108.87733,-7.38554],[108.87778,-7.38554],[108.87778,-7.38599],[108.87778,-7.386],[108.87732,-7.386],[108.87732,-7.38644],[108.87778,-7.38644],[108.87778,-7.38645],[108.87778,-7.3869],[108.87822,-7.3869],[108.87823,-7.3869],[108.87867,-7.3869],[108.87867,-7.38645],[108.87913,-7.38645],[108.87913,-7.3869],[108.87958,-7.3869],[108.87958,-7.38646],[108.87958,-7.38645],[108.87958,-7.38601],[108.87958,-7.386],[108.87913,-7.386],[108.87913,-7.38555],[108.87958,-7.38555],[108.87959,-7.38555],[108.88004,-7.38555],[108.88004,-7.386],[108.88004,-7.38601],[108.88048,-7.38601],[108.88048,-7.38556],[108.88049,-7.38556],[108.88051,-7.38556],[108.88094,-7.38589],[108.88094,-7.38601],[108.88049,-7.38601],[108.88049,-7.38646],[108.88094,-7.38646],[108.88094,-7.38691],[108.88094,-7.38737],[108.88049,-7.38737],[108.88048,-7.38737],[108.88048,-7.38736],[108.88004,-7.38736],[108.88004,-7.38781],[108.88049,-7.38781],[108.88049,-7.38782],[108.88048,-7.38782],[108.88048,-7.38818],[108.88049,-7.38818],[108.88049,-7.38827],[108.88048,-7.38827],[108.88048,-7.38872],[108.88066,-7.38872],[108.88084,-7.38872],[108.88084,-7.3889],[108.88093,-7.3889],[108.88093,-7.38917],[108.88138,-7.38917],[108.88138,-7.38873],[108.88138,-7.38872],[108.88138,-7.38827],[108.88103,-7.38827],[108.88102,-7.38827],[108.88102,-7.388],[108.88093,-7.388],[108.88093,-7.38782],[108.88139,-7.38782],[108.88139,-7.38827],[108.88184,-7.38827],[108.88184,-7.38782],[108.88229,-7.38782],[108.88229,-7.38827],[108.88229,-7.38828],[108.88229,-7.38872],[108.88229,-7.38873],[108.88274,-7.38873],[108.88319,-7.38873],[108.88319,-7.38918],[108.88364,-7.38918],[108.88364,-7.38946],[108.88364,-7.38963],[108.88364,-7.38964],[108.88409,-7.38964],[108.88454,-7.38964],[108.88455,-7.38964],[108.88455,-7.39009],[108.88499,-7.39009],[108.885,-7.39009],[108.885,-7.3901],[108.88545,-7.3901],[108.88545,-7.39055],[108.88589,-7.39055],[108.88589,-7.3901],[108.8859,-7.3901],[108.8859,-7.38965],[108.88635,-7.38965],[108.88635,-7.38957],[108.88635,-7.38947],[108.88635,-7.3892],[108.88636,-7.3892],[108.88636,-7.38875],[108.88636,-7.3883],[108.88591,-7.3883],[108.88591,-7.38829],[108.88546,-7.38829],[108.88546,-7.38784],[108.88546,-7.38739],[108.88591,-7.38739],[108.88591,-7.38731],[108.88591,-7.3872],[108.88591,-7.38694],[108.88592,-7.38694],[108.88592,-7.38652],[108.88593,-7.38649],[108.88638,-7.38649],[108.88638,-7.38694],[108.88682,-7.38694],[108.88683,-7.38694],[108.88727,-7.38694],[108.88727,-7.38649],[108.88727,-7.38604],[108.88728,-7.38604],[108.88773,-7.38604],[108.88773,-7.38649],[108.88818,-7.38649],[108.88818,-7.38604],[108.88863,-7.38604],[108.88863,-7.38559],[108.88909,-7.38559],[108.88909,-7.3856],[108.88954,-7.3856],[108.88954,-7.38515],[108.88954,-7.3847],[108.88909,-7.3847],[108.88909,-7.38424],[108.8891,-7.38424],[108.8891,-7.38379],[108.88955,-7.38379],[108.88955,-7.38334],[108.88956,-7.38334],[108.88956,-7.38289],[108.88956,-7.38244],[108.89001,-7.38244],[108.89002,-7.38244],[108.89002,-7.38289],[108.89046,-7.38289],[108.89046,-7.38244],[108.89046,-7.38199],[108.89046,-7.38154],[108.89046,-7.38109],[108.89001,-7.38109],[108.89001,-7.38108],[108.89001,-7.38063],[108.89018,-7.38063],[108.89019,-7.38063],[108.89046,-7.38063],[108.89047,-7.38063],[108.89047,-7.38018],[108.89092,-7.38018],[108.89093,-7.38018],[108.89138,-7.38018],[108.89138,-7.38019],[108.89156,-7.38019],[108.89156,-7.38046],[108.89174,-7.38046],[108.89183,-7.38046],[108.8921,-7.38046],[108.8921,-7.38028],[108.89211,-7.38028],[108.89228,-7.38028],[108.89229,-7.38028],[108.89264,-7.38028],[108.89264,-7.38019],[108.89264,-7.37992],[108.89247,-7.37992],[108.89247,-7.37974],[108.89247,-7.37929],[108.89265,-7.37929],[108.89265,-7.37938],[108.89274,-7.37938],[108.89275,-7.37938],[108.89301,-7.37938],[108.89301,-7.37929],[108.8932,-7.37929],[108.8932,-7.37974],[108.8932,-7.3802],[108.89319,-7.3802],[108.89319,-7.38065],[108.89274,-7.38065],[108.89274,-7.3811],[108.89228,-7.3811],[108.89228,-7.38109],[108.89183,-7.38109],[108.89182,-7.38109],[108.89138,-7.38109],[108.89138,-7.38119],[108.89138,-7.3812],[108.89138,-7.38154],[108.89183,-7.38154],[108.89183,-7.382],[108.89137,-7.382],[108.89137,-7.38154],[108.89092,-7.38154],[108.89092,-7.38199],[108.89092,-7.38244],[108.89092,-7.38289],[108.89092,-7.3829],[108.89091,-7.3829],[108.89047,-7.3829],[108.89047,-7.38334],[108.89046,-7.38334],[108.89002,-7.38334],[108.89001,-7.38334],[108.89001,-7.38379],[108.89001,-7.38424],[108.89001,-7.38425],[108.89001,-7.3847],[108.89045,-7.3847],[108.89046,-7.3847],[108.89091,-7.3847],[108.89091,-7.38515],[108.89091,-7.38561],[108.89136,-7.38561],[108.89136,-7.38606],[108.89181,-7.38606],[108.89181,-7.38618],[108.89181,-7.38621],[108.89181,-7.38624],[108.89181,-7.38651],[108.89143,-7.38651],[108.89137,-7.38651],[108.89136,-7.38651],[108.89135,-7.38651],[108.8909,-7.38651],[108.89089,-7.38651],[108.89045,-7.38651],[108.89045,-7.38696],[108.88999,-7.38696],[108.88999,-7.38741],[108.88953,-7.38741],[108.88953,-7.38696],[108.88908,-7.38696],[108.88908,-7.38695],[108.88863,-7.38695],[108.88863,-7.3874],[108.88863,-7.38785],[108.88863,-7.3883],[108.88863,-7.38831],[108.88863,-7.38842],[108.88863,-7.38851],[108.88863,-7.38875],[108.88863,-7.38876],[108.88908,-7.38876],[108.88908,-7.38921],[108.88953,-7.38921],[108.88998,-7.38921],[108.88998,-7.38922],[108.89043,-7.38922],[108.89043,-7.38877],[108.89043,-7.38831],[108.89089,-7.38831],[108.89089,-7.38877],[108.89089,-7.38922],[108.89089,-7.38967],[108.89133,-7.38967],[108.89134,-7.38967],[108.89179,-7.38967],[108.89179,-7.38968],[108.8917,-7.38968],[108.8917,-7.39004],[108.89179,-7.39004],[108.89179,-7.39013],[108.89188,-7.39013],[108.89188,-7.39022],[108.89223,-7.39022],[108.89224,-7.39022],[108.89224,-7.39013],[108.89269,-7.39013],[108.89269,-7.38968],[108.89269,-7.38923],[108.8929,-7.38923],[108.89315,-7.38923],[108.89315,-7.38958],[108.89315,-7.38968],[108.89315,-7.39013],[108.89316,-7.39013],[108.89359,-7.39013],[108.89359,-7.38969],[108.89359,-7.38968],[108.89405,-7.38968],[108.89405,-7.38924],[108.89405,-7.38923],[108.89405,-7.38879],[108.89405,-7.38878],[108.8936,-7.38878],[108.8936,-7.38833],[108.8936,-7.38788],[108.89406,-7.38788],[108.89406,-7.38743],[108.89451,-7.38743],[108.89452,-7.38743],[108.89496,-7.38743],[108.89497,-7.38743],[108.89497,-7.38698],[108.89542,-7.38698],[108.89542,-7.38653],[108.89587,-7.38653],[108.89587,-7.38698],[108.89623,-7.38698],[108.89624,-7.38698],[108.89624,-7.38699],[108.89623,-7.38699],[108.89587,-7.38699],[108.89587,-7.38743],[108.89587,-7.38744],[108.89587,-7.38753],[108.89551,-7.38753],[108.89551,-7.38771],[108.89542,-7.38771],[108.89514,-7.38771],[108.89514,-7.38789],[108.89497,-7.38789],[108.89497,-7.38834],[108.89451,-7.38834],[108.89451,-7.38878],[108.89496,-7.38878],[108.89496,-7.38879],[108.89541,-7.38879],[108.89541,-7.38834],[108.89587,-7.38834],[108.89587,-7.38807],[108.89587,-7.38789],[108.89587,-7.38771],[108.89605,-7.38771],[108.89605,-7.38789],[108.89605,-7.38825],[108.89623,-7.38825],[108.89632,-7.38825],[108.89659,-7.38825],[108.89659,-7.38807],[108.89677,-7.38807],[108.89677,-7.38789],[108.89678,-7.38789],[108.89678,-7.38834],[108.89678,-7.3888],[108.89722,-7.3888],[108.89723,-7.3888],[108.89723,-7.38925],[108.89722,-7.38925],[108.89677,-7.38925],[108.89677,-7.3888],[108.89632,-7.3888],[108.89632,-7.38925],[108.89587,-7.38925],[108.89587,-7.3897],[108.89541,-7.3897],[108.89541,-7.39014],[108.89586,-7.39014],[108.89586,-7.3906],[108.89541,-7.3906],[108.89541,-7.39105],[108.89495,-7.39105],[108.89449,-7.39105],[108.89449,-7.39059],[108.8945,-7.39059],[108.8945,-7.39014],[108.89405,-7.39014],[108.89404,-7.39014],[108.8936,-7.39014],[108.8936,-7.39059],[108.89314,-7.39059],[108.89314,-7.39104],[108.89358,-7.39104],[108.89359,-7.39104],[108.89404,-7.39104],[108.89404,-7.39149],[108.89449,-7.39149],[108.89449,-7.39195],[108.89404,-7.39195],[108.89404,-7.3924],[108.89359,-7.3924],[108.89358,-7.3924],[108.89358,-7.39195],[108.89358,-7.39194],[108.89358,-7.39149],[108.89314,-7.39149],[108.89314,-7.39194],[108.89313,-7.39194],[108.89269,-7.39194],[108.89269,-7.39239],[108.89313,-7.39239],[108.89314,-7.39239],[108.89314,-7.39284],[108.89359,-7.39284],[108.89359,-7.39285],[108.89403,-7.39285],[108.89404,-7.39285],[108.89448,-7.39285],[108.89449,-7.39285],[108.89494,-7.39285],[108.89494,-7.3933],[108.89494,-7.39331],[108.89494,-7.39375],[108.89494,-7.39376],[108.89538,-7.39376],[108.89538,-7.39331],[108.89538,-7.39286],[108.89539,-7.39286],[108.89584,-7.39286],[108.89629,-7.39286],[108.8963,-7.39286],[108.89674,-7.39286],[108.89675,-7.39286],[108.8972,-7.39286],[108.89765,-7.39286],[108.89765,-7.39242],[108.89765,-7.39241],[108.89811,-7.39241],[108.89811,-7.39242],[108.89811,-7.39287],[108.89856,-7.39287],[108.89902,-7.39287],[108.89902,-7.39314],[108.89892,-7.39314],[108.89856,-7.39314],[108.89856,-7.39332],[108.89856,-7.3935],[108.89855,-7.3935],[108.89838,-7.3935],[108.89838,-7.39377],[108.8981,-7.39377],[108.8981,-7.39332],[108.8981,-7.39287],[108.89766,-7.39287],[108.89766,-7.39332],[108.8972,-7.39332],[108.89675,-7.39332],[108.89675,-7.39376],[108.89675,-7.39377],[108.89675,-7.39422],[108.89629,-7.39422],[108.89584,-7.39422],[108.89584,-7.39421],[108.89539,-7.39421],[108.89538,-7.39421],[108.89494,-7.39421],[108.89493,-7.39421],[108.89449,-7.39421],[108.89448,-7.39421],[108.89404,-7.39421],[108.89403,-7.39421],[108.89358,-7.39421],[108.89358,-7.39465],[108.89403,-7.39465],[108.89403,-7.39466],[108.89448,-7.39466],[108.89448,-7.39511],[108.89403,-7.39511],[108.89402,-7.39511],[108.89358,-7.39511],[108.89357,-7.39511],[108.89312,-7.39511],[108.89312,-7.39556],[108.89266,-7.39556],[108.89266,-7.3951],[108.89312,-7.3951],[108.89312,-7.39465],[108.89312,-7.3942],[108.89312,-7.39375],[108.89268,-7.39375],[108.89268,-7.3942],[108.89222,-7.3942],[108.89176,-7.3942],[108.89176,-7.39419],[108.89131,-7.39419],[108.89131,-7.39374],[108.89131,-7.39329],[108.89087,-7.39329],[108.89086,-7.39329],[108.89079,-7.39329],[108.89041,-7.39329],[108.89041,-7.39373],[108.89041,-7.39374],[108.89041,-7.39418],[108.89041,-7.39419],[108.89086,-7.39419],[108.89086,-7.39455],[108.89086,-7.39464],[108.89086,-7.39509],[108.89131,-7.39509],[108.89131,-7.39554],[108.89131,-7.39555],[108.89175,-7.39555],[108.89176,-7.39555],[108.89221,-7.39555],[108.89221,-7.396],[108.89266,-7.396],[108.89266,-7.39645],[108.89266,-7.39646],[108.89311,-7.39646],[108.89311,-7.39691],[108.89311,-7.39736],[108.89355,-7.39736],[108.89356,-7.39736],[108.89356,-7.39691],[108.89402,-7.39691],[108.89402,-7.39737],[108.89401,-7.39737],[108.89401,-7.39782],[108.89356,-7.39782],[108.89356,-7.39827],[108.894,-7.39827],[108.89401,-7.39827],[108.89446,-7.39827],[108.89446,-7.39872],[108.89446,-7.39873],[108.89446,-7.39917],[108.89446,-7.39918],[108.89491,-7.39918],[108.89491,-7.39963],[108.89536,-7.39963],[108.89536,-7.39918],[108.89536,-7.39873],[108.89582,-7.39873],[108.89582,-7.39918],[108.89582,-7.39963],[108.89627,-7.39963],[108.89627,-7.39964],[108.89672,-7.39964],[108.89672,-7.4],[108.89653,-7.4],[108.89653,-7.40009],[108.89653,-7.40018],[108.89635,-7.40018],[108.89635,-7.40009],[108.89635,-7.4],[108.89627,-7.4],[108.89626,-7.4],[108.89618,-7.4],[108.89618,-7.39964],[108.89582,-7.39964],[108.89582,-7.4],[108.89581,-7.4],[108.89581,-7.39964],[108.89536,-7.39964],[108.89536,-7.40008],[108.89545,-7.40008],[108.89545,-7.40009],[108.89545,-7.40036],[108.89536,-7.40036],[108.89535,-7.40036],[108.89527,-7.40036],[108.89527,-7.40053],[108.89527,-7.40054],[108.89508,-7.40054],[108.89508,-7.40083],[108.89508,-7.40084],[108.89508,-7.4009],[108.89516,-7.4009],[108.89527,-7.4009],[108.89535,-7.4009],[108.89536,-7.4009],[108.89562,-7.4009],[108.8958,-7.4009],[108.89581,-7.4009],[108.89599,-7.4009],[108.89599,-7.40072],[108.89617,-7.40072],[108.89617,-7.40054],[108.89625,-7.40054],[108.89626,-7.40054],[108.89654,-7.40054],[108.89654,-7.40036],[108.89671,-7.40036],[108.89672,-7.40036],[108.8969,-7.40036],[108.8969,-7.40054],[108.89707,-7.40054],[108.89716,-7.40054],[108.89717,-7.40054],[108.89744,-7.40054],[108.89744,-7.40036],[108.89762,-7.40036],[108.89762,-7.40055],[108.89717,-7.40055],[108.89716,-7.40055],[108.89671,-7.40055],[108.89671,-7.40099],[108.89671,-7.401],[108.89671,-7.40144],[108.89671,-7.40145],[108.89671,-7.4019],[108.89635,-7.4019],[108.89634,-7.4019],[108.89634,-7.40145],[108.89626,-7.40145],[108.89625,-7.40145],[108.89617,-7.40145],[108.89581,-7.40145],[108.89581,-7.4015],[108.89581,-7.40151],[108.89581,-7.40162],[108.8958,-7.40162],[108.8958,-7.4018],[108.8958,-7.40181],[108.89562,-7.40181],[108.89562,-7.40189],[108.89562,-7.40199],[108.89562,-7.40234],[108.8958,-7.40234],[108.89581,-7.40234],[108.89583,-7.40234],[108.89598,-7.40234],[108.89598,-7.40216],[108.89599,-7.40216],[108.89599,-7.40198],[108.89626,-7.40198],[108.89626,-7.40235],[108.8967,-7.40235],[108.89671,-7.40235],[108.89716,-7.40235],[108.89761,-7.40235],[108.89761,-7.4028],[108.89761,-7.40281],[108.89806,-7.40281],[108.89806,-7.40326],[108.89806,-7.40371],[108.89806,-7.40394],[108.89806,-7.40416],[108.89851,-7.40416],[108.89851,-7.40417],[108.89864,-7.40417],[108.89896,-7.40417],[108.89941,-7.40417],[108.89941,-7.40452],[108.89941,-7.40453],[108.89941,-7.40462],[108.89896,-7.40462],[108.89851,-7.40462],[108.89851,-7.40507],[108.89896,-7.40507],[108.89896,-7.40552],[108.89896,-7.40597],[108.89896,-7.40598],[108.8985,-7.40598],[108.8985,-7.40642],[108.89895,-7.40642],[108.89895,-7.40643],[108.8994,-7.40643],[108.89941,-7.40643],[108.89986,-7.40643],[108.89986,-7.40688],[108.89986,-7.40733],[108.89986,-7.40734],[108.89985,-7.40734],[108.89985,-7.40779],[108.8994,-7.40779],[108.8994,-7.40824],[108.89894,-7.40824],[108.89894,-7.40869],[108.89939,-7.40869],[108.89939,-7.40914],[108.89894,-7.40914],[108.89894,-7.40959],[108.89938,-7.40959],[108.89939,-7.40959],[108.89983,-7.40959],[108.89984,-7.40959],[108.89984,-7.40914],[108.89984,-7.40869],[108.89984,-7.40824],[108.90029,-7.40824],[108.9003,-7.40824],[108.90075,-7.40824],[108.90075,-7.40779],[108.90075,-7.40734],[108.90121,-7.40734],[108.90166,-7.40734],[108.90166,-7.40689],[108.90121,-7.40689],[108.90121,-7.40644],[108.90121,-7.40599],[108.90167,-7.40599],[108.90167,-7.40644],[108.90212,-7.40644],[108.90212,-7.40689],[108.90212,-7.40734],[108.90212,-7.40735],[108.90212,-7.40779],[108.90212,-7.4078],[108.90256,-7.4078],[108.90256,-7.40735],[108.90257,-7.40735],[108.90301,-7.40735],[108.90301,-7.4069],[108.90257,-7.4069],[108.90256,-7.4069],[108.90256,-7.40644],[108.90257,-7.40644],[108.90257,-7.40599],[108.90302,-7.40599],[108.90303,-7.40599],[108.90348,-7.40599],[108.90348,-7.406],[108.90393,-7.406],[108.90393,-7.40645],[108.90438,-7.40645],[108.90484,-7.40645],[108.90484,-7.40691],[108.90483,-7.40691],[108.90483,-7.40736],[108.90528,-7.40736],[108.9053,-7.40736],[108.90574,-7.40736],[108.90574,-7.40781],[108.90618,-7.40781],[108.90618,-7.40737],[108.90618,-7.40736],[108.90618,-7.40691],[108.90664,-7.40691],[108.90664,-7.40736],[108.90664,-7.40737],[108.90709,-7.40737],[108.90709,-7.40692],[108.9071,-7.40692],[108.9071,-7.40647],[108.9071,-7.40646],[108.90755,-7.40646],[108.90756,-7.40646],[108.90756,-7.40647],[108.908,-7.40647],[108.90801,-7.40647],[108.90801,-7.40692],[108.90845,-7.40692],[108.90846,-7.40692],[108.9089,-7.40692],[108.90891,-7.40692],[108.90891,-7.40693],[108.90935,-7.40693],[108.90935,-7.40648],[108.90935,-7.40602],[108.90936,-7.40602],[108.90981,-7.40602],[108.90981,-7.40603],[108.91026,-7.40603],[108.91026,-7.40558],[108.91072,-7.40558],[108.91118,-7.40558],[108.91118,-7.40603],[108.91072,-7.40603],[108.91072,-7.40648],[108.91072,-7.40693],[108.91071,-7.40693],[108.91071,-7.40739],[108.91116,-7.40739],[108.91116,-7.40784],[108.91161,-7.40784],[108.91162,-7.40784],[108.91206,-7.40784],[108.91207,-7.40784],[108.91252,-7.40784],[108.91252,-7.4083],[108.91207,-7.4083],[108.91207,-7.40875],[108.91251,-7.40875],[108.91252,-7.40875],[108.91296,-7.40875],[108.91297,-7.40875],[108.91342,-7.40875],[108.91342,-7.4083],[108.91388,-7.4083],[108.91388,-7.40876],[108.91433,-7.40876],[108.91433,-7.40921],[108.91433,-7.40966],[108.91477,-7.40966],[108.91477,-7.40921],[108.91478,-7.40921],[108.91478,-7.40876],[108.91524,-7.40876],[108.91524,-7.40921],[108.91569,-7.40921],[108.91569,-7.40922],[108.91614,-7.40922],[108.91614,-7.40967],[108.91614,-7.41012],[108.91658,-7.41012],[108.91659,-7.41012],[108.91704,-7.41012],[108.91704,-7.41013],[108.91749,-7.41013],[108.91795,-7.41013],[108.91795,-7.41058],[108.91839,-7.41058],[108.9184,-7.41058],[108.91885,-7.41058],[108.91885,-7.41059],[108.91885,-7.41104],[108.91885,-7.41149],[108.91929,-7.41149],[108.9193,-7.41149],[108.91975,-7.41149],[108.91975,-7.41194],[108.91975,-7.41195],[108.9202,-7.41195],[108.9202,-7.4124],[108.91975,-7.4124],[108.91975,-7.41285],[108.92019,-7.41285],[108.9202,-7.41285],[108.92056,-7.41285],[108.92056,-7.41295],[108.92037,-7.41295],[108.92037,-7.4133],[108.92037,-7.41331],[108.92037,-7.41349],[108.92055,-7.41349],[108.92064,-7.41349],[108.92065,-7.41349],[108.92091,-7.41349],[108.92091,-7.41331],[108.92109,-7.41331],[108.92109,-7.41295],[108.92092,-7.41295],[108.92092,-7.41285],[108.9211,-7.41285],[108.9211,-7.41286],[108.92155,-7.41286],[108.92155,-7.41241],[108.922,-7.41241],[108.92201,-7.41241],[108.92237,-7.41241],[108.92237,-7.41259],[108.92236,-7.41259],[108.92201,-7.41259],[108.92201,-7.41277],[108.922,-7.41277],[108.922,-7.41286],[108.922,-7.41295],[108.92182,-7.41295],[108.92182,-7.41331],[108.92156,-7.41331],[108.92155,-7.41331],[108.9211,-7.41331],[108.9211,-7.41376],[108.92154,-7.41376],[108.92155,-7.41376],[108.922,-7.41376],[108.922,-7.41421],[108.922,-7.41422],[108.922,-7.4144],[108.92199,-7.4144],[108.92163,-7.4144],[108.92163,-7.41467],[108.92163,-7.41476],[108.92182,-7.41476],[108.92182,-7.41494],[108.92199,-7.41494],[108.922,-7.41494],[108.92235,-7.41494],[108.92235,-7.41476],[108.92236,-7.41476],[108.92236,-7.41494],[108.92244,-7.41494],[108.92245,-7.41494],[108.92272,-7.41494],[108.92272,-7.41512],[108.92245,-7.41512],[108.92245,-7.41557],[108.922,-7.41557],[108.92199,-7.41557],[108.92154,-7.41557],[108.92108,-7.41557],[108.92108,-7.41512],[108.92073,-7.41512],[108.92073,-7.41511],[108.92073,-7.41466],[108.92073,-7.41457],[108.92064,-7.41457],[108.92063,-7.41457],[108.92019,-7.41457],[108.92018,-7.41457],[108.92018,-7.41466],[108.92018,-7.41511],[108.91973,-7.41511],[108.91973,-7.41556],[108.91928,-7.41556],[108.91927,-7.41556],[108.91882,-7.41556],[108.91882,-7.41601],[108.91837,-7.41601],[108.91836,-7.41601],[108.91792,-7.41601],[108.91792,-7.41646],[108.91746,-7.41646],[108.91746,-7.41645],[108.91701,-7.41645],[108.91656,-7.41645],[108.91655,-7.41645],[108.9161,-7.41645],[108.9161,-7.416],[108.91565,-7.416],[108.91565,-7.41599],[108.9152,-7.41599],[108.9152,-7.41554],[108.91475,-7.41554],[108.91475,-7.41509],[108.91475,-7.41464],[108.91475,-7.41463],[108.91431,-7.41463],[108.9143,-7.41463],[108.9143,-7.41508],[108.9143,-7.41553],[108.9143,-7.41554],[108.9143,-7.41599],[108.91429,-7.41599],[108.91429,-7.41644],[108.91384,-7.41644],[108.91384,-7.41689],[108.91429,-7.41689],[108.91429,-7.41734],[108.91474,-7.41734],[108.91474,-7.4178],[108.91429,-7.4178],[108.91428,-7.4178],[108.91383,-7.4178],[108.91383,-7.41824],[108.91383,-7.4187],[108.91338,-7.4187],[108.91338,-7.41869],[108.91292,-7.41869],[108.91292,-7.41824],[108.91292,-7.41779],[108.91292,-7.41734],[108.91293,-7.41734],[108.91338,-7.41734],[108.91338,-7.41689],[108.91338,-7.41644],[108.91338,-7.41643],[108.91338,-7.41599],[108.91338,-7.41598],[108.91338,-7.41553],[108.91339,-7.41553],[108.91339,-7.41508],[108.91294,-7.41508],[108.91294,-7.41553],[108.91249,-7.41553],[108.91248,-7.41553],[108.91203,-7.41553],[108.91158,-7.41553],[108.91158,-7.41597],[108.91203,-7.41597],[108.91203,-7.41643],[108.91248,-7.41643],[108.91248,-7.41688],[108.91203,-7.41688],[108.91202,-7.41688],[108.91202,-7.41643],[108.91158,-7.41643],[108.91157,-7.41643],[108.91157,-7.41598],[108.91113,-7.41598],[108.91113,-7.41642],[108.91068,-7.41642],[108.91068,-7.41687],[108.91067,-7.41687],[108.91067,-7.41733],[108.91112,-7.41733],[108.91112,-7.41778],[108.91067,-7.41778],[108.91067,-7.41823],[108.91112,-7.41823],[108.91112,-7.41868],[108.91157,-7.41868],[108.91157,-7.41913],[108.91157,-7.41914],[108.91157,-7.41959],[108.91201,-7.41959],[108.91201,-7.41914],[108.91246,-7.41914],[108.91247,-7.41914],[108.91292,-7.41914],[108.91292,-7.41959],[108.91338,-7.41959],[108.91338,-7.4196],[108.91383,-7.4196],[108.91383,-7.42005],[108.91383,-7.4205],[108.91427,-7.4205],[108.91427,-7.42005],[108.91428,-7.42005],[108.91428,-7.4196],[108.91428,-7.41915],[108.91473,-7.41915],[108.91473,-7.4196],[108.91473,-7.42005],[108.91473,-7.42006],[108.91518,-7.42006],[108.91518,-7.41961],[108.91518,-7.41915],[108.91563,-7.41915],[108.91563,-7.41961],[108.91608,-7.41961],[108.91609,-7.41961],[108.91609,-7.42006],[108.91609,-7.42051],[108.91653,-7.42051],[108.91654,-7.42051],[108.91654,-7.42052],[108.91699,-7.42052],[108.91699,-7.42097],[108.91744,-7.42097],[108.91744,-7.42142],[108.91788,-7.42142],[108.91788,-7.42097],[108.91834,-7.42097],[108.91834,-7.42143],[108.91789,-7.42143],[108.91789,-7.42188],[108.91834,-7.42188],[108.91834,-7.42233],[108.91878,-7.42233],[108.91878,-7.42188],[108.91879,-7.42188],[108.91879,-7.42143],[108.91879,-7.42098],[108.91879,-7.42053],[108.91925,-7.42053],[108.91925,-7.42098],[108.9197,-7.42098],[108.92015,-7.42098],[108.92016,-7.42098],[108.92061,-7.42098],[108.92061,-7.42099],[108.92061,-7.42144],[108.92016,-7.42144],[108.92015,-7.42144],[108.9197,-7.42144],[108.9197,-7.42188],[108.9197,-7.42189],[108.9197,-7.42234],[108.9197,-7.42279],[108.92014,-7.42279],[108.92014,-7.42324],[108.9206,-7.42324],[108.9206,-7.42325],[108.92104,-7.42325],[108.92104,-7.4228],[108.92105,-7.4228],[108.92105,-7.42235],[108.92105,-7.42234],[108.9206,-7.42234],[108.9206,-7.42189],[108.92105,-7.42189],[108.92106,-7.42189],[108.92151,-7.42189],[108.92151,-7.42234],[108.92151,-7.42235],[108.92151,-7.4228],[108.9215,-7.4228],[108.9215,-7.42325],[108.92196,-7.42325],[108.92196,-7.4237],[108.9215,-7.4237],[108.9215,-7.42415],[108.92105,-7.42415],[108.92104,-7.42415],[108.92104,-7.4246],[108.92104,-7.42505],[108.92149,-7.42505],[108.92149,-7.42461],[108.92195,-7.42461],[108.92195,-7.42506],[108.92149,-7.42506],[108.92149,-7.42551],[108.92194,-7.42551],[108.92194,-7.42596],[108.92149,-7.42596],[108.92104,-7.42596],[108.92104,-7.42551],[108.92059,-7.42551],[108.92058,-7.42551],[108.92058,-7.42506],[108.92058,-7.42505],[108.92014,-7.42505],[108.92014,-7.4255],[108.91969,-7.4255],[108.91969,-7.42595],[108.91923,-7.42595],[108.91923,-7.4264],[108.91878,-7.4264],[108.91877,-7.4264],[108.91832,-7.4264],[108.91786,-7.4264],[108.91786,-7.42594],[108.91832,-7.42594],[108.91832,-7.42549],[108.91878,-7.42549],[108.91878,-7.4255],[108.91923,-7.4255],[108.91968,-7.4255],[108.91968,-7.42505],[108.92013,-7.42505],[108.92013,-7.4246],[108.91969,-7.4246],[108.91968,-7.4246],[108.91968,-7.42415],[108.91924,-7.42415],[108.91924,-7.42459],[108.91924,-7.4246],[108.91924,-7.42505],[108.91878,-7.42505],[108.91878,-7.4246],[108.91878,-7.42459],[108.91878,-7.42414],[108.91834,-7.42414],[108.91833,-7.42414],[108.91788,-7.42414],[108.91742,-7.42414],[108.91742,-7.42368],[108.91743,-7.42368],[108.91743,-7.42323],[108.91698,-7.42323],[108.91698,-7.42278],[108.91653,-7.42278],[108.91607,-7.42278],[108.91607,-7.42277],[108.91607,-7.42232],[108.91563,-7.42232],[108.91562,-7.42232],[108.91518,-7.42232],[108.91517,-7.42232],[108.91517,-7.42277],[108.91517,-7.42322],[108.91472,-7.42322],[108.91471,-7.42322],[108.91471,-7.42367],[108.91516,-7.42367],[108.91562,-7.42367],[108.91562,-7.42413],[108.91516,-7.42413],[108.91516,-7.42412],[108.91471,-7.42412],[108.9147,-7.42412],[108.91425,-7.42412],[108.91425,-7.42367],[108.91425,-7.42322],[108.91426,-7.42322],[108.91426,-7.42277],[108.91426,-7.42276],[108.91381,-7.42276],[108.91381,-7.42321],[108.91336,-7.42321],[108.91335,-7.42321],[108.91297,-7.42321],[108.9129,-7.42315],[108.91279,-7.42305],[108.91275,-7.42311],[108.91254,-7.423],[108.91245,-7.42295],[108.91245,-7.42295],[108.91216,-7.42275],[108.91245,-7.42275],[108.91245,-7.42276],[108.9129,-7.42276],[108.9129,-7.42231],[108.91245,-7.42231],[108.91245,-7.4223],[108.912,-7.4223],[108.91168,-7.4223],[108.91154,-7.42201],[108.91154,-7.42199],[108.91159,-7.42196],[108.91154,-7.42192],[108.91154,-7.42185],[108.91154,-7.4214],[108.9111,-7.4214],[108.9111,-7.42143],[108.9111,-7.42151],[108.91097,-7.42139],[108.91096,-7.42138],[108.91082,-7.4213],[108.9108,-7.42131],[108.91079,-7.42131],[108.91065,-7.42133],[108.91065,-7.42133],[108.9102,-7.42139],[108.9102,-7.42139],[108.91019,-7.42139],[108.90974,-7.42139],[108.90974,-7.42135],[108.90974,-7.42094],[108.90974,-7.42049],[108.90974,-7.42048],[108.90929,-7.42048],[108.90929,-7.42003],[108.90974,-7.42003],[108.90974,-7.41958],[108.90929,-7.41958],[108.90929,-7.41913],[108.90975,-7.41913],[108.9102,-7.41913],[108.9102,-7.41868],[108.9102,-7.41823],[108.91021,-7.41823],[108.91021,-7.41778],[108.90976,-7.41778],[108.90976,-7.41822],[108.90976,-7.41823],[108.90976,-7.41868],[108.9093,-7.41868],[108.9093,-7.41823],[108.9093,-7.41822],[108.9093,-7.41777],[108.90976,-7.41777],[108.90976,-7.41732],[108.90931,-7.41732],[108.90931,-7.41687],[108.90886,-7.41687],[108.9084,-7.41687],[108.9084,-7.41686],[108.90795,-7.41686],[108.90795,-7.41641],[108.9075,-7.41641],[108.9075,-7.41686],[108.90704,-7.41686],[108.90704,-7.41641],[108.90702,-7.41641],[108.90659,-7.41641],[108.90659,-7.4164],[108.90615,-7.4164],[108.90614,-7.4164],[108.90569,-7.4164],[108.90569,-7.41595],[108.90614,-7.41595],[108.90615,-7.41595],[108.90659,-7.41595],[108.90659,-7.41584],[108.90659,-7.41583],[108.90659,-7.4155],[108.90624,-7.4155],[108.90615,-7.4155],[108.90615,-7.41541],[108.90615,-7.41505],[108.9058,-7.41505],[108.90569,-7.41505],[108.90569,-7.41504],[108.90569,-7.41488],[108.90569,-7.41459],[108.9057,-7.41459],[108.9057,-7.41414],[108.9057,-7.41369],[108.90525,-7.41369],[108.90525,-7.41323],[108.90571,-7.41323],[108.90571,-7.41369],[108.90616,-7.41369],[108.90616,-7.41414],[108.90661,-7.41414],[108.90661,-7.41459],[108.90661,-7.4146],[108.90661,-7.41504],[108.90661,-7.41505],[108.90661,-7.4155],[108.90705,-7.4155],[108.90705,-7.41595],[108.90705,-7.41622],[108.90705,-7.41637],[108.90705,-7.4164],[108.9075,-7.4164],[108.9075,-7.41596],[108.9075,-7.41595],[108.90796,-7.41595],[108.90796,-7.41596],[108.90796,-7.41641],[108.9084,-7.41641],[108.90841,-7.41641],[108.90886,-7.41641],[108.90886,-7.41596],[108.90931,-7.41596],[108.90932,-7.41596],[108.90977,-7.41596],[108.90977,-7.41642],[108.90932,-7.41642],[108.90932,-7.41687],[108.90976,-7.41687],[108.90977,-7.41687],[108.91021,-7.41687],[108.91022,-7.41687],[108.91022,-7.41642],[108.91067,-7.41642],[108.91067,-7.41597],[108.91067,-7.41552],[108.91067,-7.41507],[108.91023,-7.41507],[108.91022,-7.41507],[108.91022,-7.41462],[108.91022,-7.41461],[108.90978,-7.41461],[108.90978,-7.41506],[108.90977,-7.41506],[108.90932,-7.41506],[108.90932,-7.41461],[108.90977,-7.41461],[108.90977,-7.41416],[108.90977,-7.41371],[108.90977,-7.41326],[108.90977,-7.41325],[108.91023,-7.41325],[108.91023,-7.41281],[108.91023,-7.4128],[108.91069,-7.4128],[108.91069,-7.41281],[108.91069,-7.41326],[108.91114,-7.41326],[108.91114,-7.41371],[108.91158,-7.41371],[108.91159,-7.41371],[108.91159,-7.41326],[108.91204,-7.41326],[108.91204,-7.41281],[108.9125,-7.41281],[108.9125,-7.41282],[108.91295,-7.41282],[108.91341,-7.41282],[108.91341,-7.41327],[108.91385,-7.41327],[108.91385,-7.41282],[108.91431,-7.41282],[108.91476,-7.41282],[108.91477,-7.41282],[108.91477,-7.41283],[108.91477,-7.41328],[108.91476,-7.41328],[108.91476,-7.41373],[108.91476,-7.41418],[108.91521,-7.41418],[108.91566,-7.41418],[108.91566,-7.41374],[108.91521,-7.41374],[108.91521,-7.41373],[108.91521,-7.41328],[108.91566,-7.41328],[108.91566,-7.41283],[108.91521,-7.41283],[108.91521,-7.41238],[108.91476,-7.41238],[108.91476,-7.41192],[108.91521,-7.41192],[108.91521,-7.41148],[108.91521,-7.41147],[108.91521,-7.41102],[108.91477,-7.41102],[108.91476,-7.41102],[108.91432,-7.41102],[108.91432,-7.41147],[108.91431,-7.41147],[108.91386,-7.41147],[108.91386,-7.41102],[108.91386,-7.41101],[108.91431,-7.41101],[108.91431,-7.41057],[108.91431,-7.41011],[108.91387,-7.41011],[108.91387,-7.41056],[108.91341,-7.41056],[108.91296,-7.41056],[108.91296,-7.41011],[108.91341,-7.41011],[108.91341,-7.40966],[108.91297,-7.40966],[108.91296,-7.40966],[108.91251,-7.40966],[108.91251,-7.4092],[108.91206,-7.4092],[108.91161,-7.4092],[108.91161,-7.40875],[108.91116,-7.40875],[108.91116,-7.40919],[108.91116,-7.4092],[108.91071,-7.4092],[108.91071,-7.40964],[108.91071,-7.40965],[108.91025,-7.40965],[108.91025,-7.40964],[108.9098,-7.40964],[108.9098,-7.40919],[108.90935,-7.40919],[108.90935,-7.40964],[108.90889,-7.40964],[108.90889,-7.40919],[108.90889,-7.40918],[108.90889,-7.40873],[108.90844,-7.40873],[108.90844,-7.40828],[108.908,-7.40828],[108.90799,-7.40828],[108.90755,-7.40828],[108.90754,-7.40828],[108.90754,-7.40872],[108.90754,-7.40873],[108.90754,-7.40918],[108.90709,-7.40918],[108.90708,-7.40918],[108.90708,-7.40963],[108.90708,-7.41008],[108.90662,-7.41008],[108.90662,-7.40963],[108.90662,-7.40917],[108.90617,-7.40917],[108.90617,-7.40872],[108.90618,-7.40872],[108.90618,-7.40827],[108.90573,-7.40827],[108.90573,-7.40872],[108.90573,-7.40917],[108.90527,-7.40917],[108.90527,-7.40872],[108.90512,-7.40872],[108.90482,-7.40872],[108.90482,-7.40916],[108.90482,-7.40917],[108.90482,-7.40961],[108.90482,-7.40962],[108.90482,-7.41007],[108.90527,-7.41007],[108.90527,-7.41052],[108.90482,-7.41052],[108.90482,-7.41097],[108.90482,-7.41142],[108.90515,-7.41142],[108.90526,-7.41142],[108.90526,-7.41108],[108.90526,-7.41098],[108.90526,-7.41097],[108.90529,-7.41097],[108.90572,-7.41097],[108.90572,-7.41098],[108.90617,-7.41098],[108.90617,-7.41143],[108.90662,-7.41143],[108.90662,-7.41188],[108.90662,-7.41189],[108.90662,-7.41234],[108.90707,-7.41234],[108.90752,-7.41234],[108.90797,-7.41234],[108.90842,-7.41234],[108.90843,-7.41234],[108.90843,-7.4128],[108.90842,-7.4128],[108.90797,-7.4128],[108.90752,-7.4128],[108.90752,-7.41279],[108.90707,-7.41279],[108.90661,-7.41279],[108.90661,-7.41234],[108.90617,-7.41234],[108.90617,-7.41279],[108.90571,-7.41279],[108.90571,-7.41278],[108.90526,-7.41278],[108.90525,-7.41278],[108.90485,-7.41278],[108.90481,-7.41278],[108.9048,-7.41278],[108.90435,-7.41278],[108.90435,-7.41323],[108.90472,-7.41323],[108.9048,-7.41323],[108.9048,-7.41332],[108.9048,-7.41368],[108.90435,-7.41368],[108.90434,-7.41368],[108.90389,-7.41368],[108.90389,-7.41323],[108.90389,-7.41278],[108.90345,-7.41278],[108.90345,-7.41323],[108.90344,-7.41323],[108.90344,-7.41368],[108.90298,-7.41368],[108.90298,-7.41322],[108.90254,-7.41322],[108.90253,-7.41322],[108.90209,-7.41322],[108.90209,-7.41367],[108.90253,-7.41367],[108.90254,-7.41367],[108.90254,-7.41412],[108.90254,-7.41413],[108.90254,-7.41458],[108.90253,-7.41458],[108.90208,-7.41458],[108.90208,-7.41413],[108.90208,-7.41412],[108.90163,-7.41412],[108.90154,-7.41412],[108.90154,-7.41376],[108.90127,-7.41376],[108.90118,-7.41376],[108.90118,-7.41375],[108.90118,-7.41367],[108.90118,-7.4134],[108.90082,-7.4134],[108.90082,-7.41358],[108.90073,-7.41358],[108.90045,-7.41358],[108.90045,-7.41366],[108.90045,-7.41393],[108.90064,-7.41393],[108.90064,-7.41394],[108.90063,-7.41394],[108.90063,-7.41411],[108.90063,-7.41412],[108.90063,-7.4143],[108.90072,-7.4143],[108.90073,-7.4143],[108.90081,-7.4143],[108.90081,-7.41448],[108.90117,-7.41448],[108.90117,-7.4143],[108.90118,-7.4143],[108.90118,-7.41457],[108.90163,-7.41457],[108.90163,-7.41502],[108.90163,-7.41548],[108.90117,-7.41548],[108.90117,-7.41592],[108.90117,-7.41593],[108.90117,-7.41599],[108.90117,-7.41638],[108.90072,-7.41638],[108.90071,-7.41638],[108.90071,-7.41682],[108.90071,-7.41683],[108.90071,-7.41728],[108.90071,-7.41773],[108.90025,-7.41773],[108.90025,-7.41818],[108.90025,-7.41863],[108.9007,-7.41863],[108.9007,-7.41818],[108.90116,-7.41818],[108.90116,-7.41864],[108.9016,-7.41864],[108.9016,-7.41819],[108.90206,-7.41819],[108.90252,-7.41819],[108.90252,-7.41864],[108.90251,-7.41864],[108.90251,-7.41909],[108.90296,-7.41909],[108.90296,-7.41865],[108.90296,-7.41864],[108.90342,-7.41864],[108.90342,-7.41865],[108.90342,-7.4191],[108.90386,-7.4191],[108.90387,-7.4191],[108.90387,-7.41865],[108.90387,-7.4182],[108.90433,-7.4182],[108.90433,-7.41865],[108.90433,-7.4191],[108.90477,-7.4191],[108.90478,-7.4191],[108.90507,-7.4191],[108.90508,-7.4191],[108.90523,-7.4191],[108.90523,-7.41866],[108.90569,-7.41866],[108.90569,-7.41911],[108.90568,-7.41911],[108.90568,-7.41956],[108.90568,-7.42001],[108.90542,-7.42001],[108.90541,-7.42001],[108.90522,-7.41978],[108.90522,-7.41977],[108.90522,-7.41976],[108.90522,-7.41956],[108.90506,-7.41956],[108.90478,-7.41956],[108.90477,-7.41956],[108.90432,-7.41956],[108.90386,-7.41956],[108.90386,-7.41955],[108.90341,-7.41955],[108.90341,-7.42],[108.90295,-7.42],[108.90295,-7.41955],[108.9025,-7.41955],[108.9025,-7.4191],[108.90205,-7.4191],[108.90205,-7.41909],[108.90205,-7.41864],[108.90161,-7.41864],[108.90161,-7.41909],[108.90115,-7.41909],[108.90115,-7.41864],[108.9007,-7.41864],[108.9007,-7.41909],[108.90025,-7.41909],[108.90024,-7.41909],[108.90024,-7.41863],[108.8998,-7.41863],[108.89979,-7.41863],[108.89935,-7.41863],[108.89934,-7.41863],[108.89889,-7.41863],[108.89889,-7.41817],[108.89934,-7.41817],[108.89934,-7.41773],[108.89934,-7.41772],[108.8989,-7.41772],[108.89889,-7.41772],[108.89845,-7.41772],[108.89844,-7.41772],[108.898,-7.41772],[108.89799,-7.41772],[108.89755,-7.41772],[108.89754,-7.41772],[108.89709,-7.41772],[108.89709,-7.41726],[108.89664,-7.41726],[108.89663,-7.41726],[108.89619,-7.41726],[108.89618,-7.41726],[108.89573,-7.41726],[108.89573,-7.41681],[108.89573,-7.4168],[108.89529,-7.4168],[108.89528,-7.4168],[108.89483,-7.4168],[108.89438,-7.4168],[108.89438,-7.41725],[108.89437,-7.41725],[108.89437,-7.4177],[108.89391,-7.4177],[108.89391,-7.41725],[108.89392,-7.41725],[108.89392,-7.4168],[108.89347,-7.4168],[108.89347,-7.41679],[108.89347,-7.41634],[108.89302,-7.41634],[108.89302,-7.41679],[108.89302,-7.41724],[108.89347,-7.41724],[108.89347,-7.4177],[108.89346,-7.4177],[108.89346,-7.41815],[108.89301,-7.41815],[108.893,-7.41815],[108.89256,-7.41815],[108.89255,-7.41815],[108.89255,-7.41814],[108.89232,-7.41814],[108.89211,-7.41814],[108.89211,-7.41833],[108.89211,-7.41859],[108.89256,-7.41859],[108.89256,-7.4186],[108.89301,-7.4186],[108.89301,-7.41905],[108.89256,-7.41905],[108.89255,-7.41905],[108.89211,-7.41905],[108.89211,-7.4195],[108.89255,-7.4195],[108.89256,-7.4195],[108.893,-7.4195],[108.89301,-7.4195],[108.89346,-7.4195],[108.89346,-7.41995],[108.89346,-7.41996],[108.893,-7.41996],[108.893,-7.41995],[108.89256,-7.41995],[108.89255,-7.41995],[108.89255,-7.4204],[108.8921,-7.4204],[108.8921,-7.42085],[108.89209,-7.42085],[108.89209,-7.42058],[108.89191,-7.42058],[108.89191,-7.4204],[108.89209,-7.4204],[108.89209,-7.41995],[108.8921,-7.41995],[108.8921,-7.4195],[108.89165,-7.4195],[108.89165,-7.41986],[108.89155,-7.41986],[108.8912,-7.41986],[108.89119,-7.41986],[108.89119,-7.41985],[108.8909,-7.41985],[108.89083,-7.41985],[108.89083,-7.41994],[108.89083,-7.41995],[108.89083,-7.4201],[108.89083,-7.42039],[108.89101,-7.42039],[108.89101,-7.4204],[108.89083,-7.4204],[108.89083,-7.42085],[108.89083,-7.42094],[108.891,-7.42094],[108.891,-7.4213],[108.89118,-7.4213],[108.89119,-7.4213],[108.89136,-7.4213],[108.89136,-7.42112],[108.89155,-7.42112],[108.89155,-7.42094],[108.89163,-7.42094],[108.89164,-7.42094],[108.89173,-7.42094],[108.89209,-7.42094],[108.89209,-7.4213],[108.89209,-7.42175],[108.89209,-7.42176],[108.89253,-7.42176],[108.89254,-7.42176],[108.89299,-7.42176],[108.89299,-7.42221],[108.89254,-7.42221],[108.89253,-7.42221],[108.89209,-7.42221],[108.89208,-7.42221],[108.89163,-7.42221],[108.89163,-7.42266],[108.89118,-7.42266],[108.89118,-7.42239],[108.89117,-7.42239],[108.891,-7.42239],[108.891,-7.42238],[108.89117,-7.42238],[108.89118,-7.42238],[108.89118,-7.42221],[108.89118,-7.4222],[108.89136,-7.4222],[108.89136,-7.42175],[108.89136,-7.42166],[108.89119,-7.42166],[108.89118,-7.42166],[108.89118,-7.42148],[108.89082,-7.42148],[108.89082,-7.42166],[108.89073,-7.42166],[108.89064,-7.42166],[108.89064,-7.42175],[108.89064,-7.42202],[108.89064,-7.4222],[108.89064,-7.42256],[108.89072,-7.42256],[108.89073,-7.42256],[108.89082,-7.42256],[108.89082,-7.42265],[108.89082,-7.42266],[108.89082,-7.42274],[108.89118,-7.42274],[108.89118,-7.42311],[108.89072,-7.42311],[108.89072,-7.42347],[108.89063,-7.42347],[108.89061,-7.42347],[108.89048,-7.42347],[108.89027,-7.42347],[108.89027,-7.42355],[108.89027,-7.42356],[108.89027,-7.42365],[108.89009,-7.42365],[108.89009,-7.424],[108.89009,-7.42401],[108.89026,-7.42401],[108.89027,-7.42401],[108.89027,-7.42437],[108.89063,-7.42437],[108.89063,-7.42419],[108.89072,-7.42419],[108.89081,-7.42419],[108.89081,-7.42401],[108.89081,-7.42383],[108.89081,-7.42382],[108.89081,-7.42369],[108.89081,-7.42356],[108.89117,-7.42356],[108.89118,-7.42356],[108.89162,-7.42356],[108.89163,-7.42356],[108.89163,-7.42401],[108.89162,-7.42401],[108.89118,-7.42401],[108.89118,-7.42408],[108.89118,-7.42421],[108.89118,-7.42446],[108.89117,-7.42446],[108.89072,-7.42446],[108.89072,-7.42491],[108.89072,-7.42536],[108.89117,-7.42536],[108.89117,-7.42582],[108.89117,-7.42627],[108.89071,-7.42627],[108.89071,-7.42672],[108.89026,-7.42672],[108.89025,-7.42672],[108.89025,-7.42717],[108.8907,-7.42717],[108.8907,-7.42762],[108.89025,-7.42762],[108.89025,-7.42807],[108.89025,-7.42852],[108.8907,-7.42852],[108.8907,-7.42898],[108.89024,-7.42898],[108.89024,-7.42943],[108.89069,-7.42943],[108.89069,-7.42988],[108.89114,-7.42988],[108.89141,-7.42988],[108.8915,-7.42988],[108.89159,-7.42988],[108.89159,-7.42989],[108.89205,-7.42989],[108.89205,-7.43034],[108.89204,-7.43034],[108.89204,-7.43079],[108.89162,-7.43079],[108.89159,-7.43079],[108.89159,-7.43124],[108.89159,-7.43169],[108.89164,-7.43169],[108.89204,-7.43169],[108.89204,-7.4317],[108.89217,-7.4317],[108.89249,-7.4317],[108.89249,-7.43171],[108.89249,-7.43215],[108.89204,-7.43215],[108.89204,-7.4326],[108.89159,-7.4326],[108.89159,-7.43305],[108.89204,-7.43305],[108.89204,-7.4335],[108.89204,-7.43396],[108.89203,-7.43396],[108.89203,-7.43441],[108.89158,-7.43441],[108.89158,-7.43486],[108.89112,-7.43486],[108.89112,-7.4353],[108.89112,-7.43531],[108.89112,-7.43576],[108.89066,-7.43576],[108.89066,-7.43531],[108.89066,-7.4353],[108.89021,-7.4353],[108.88976,-7.4353],[108.88975,-7.4353],[108.88931,-7.4353],[108.8893,-7.4353],[108.8893,-7.43485],[108.8893,-7.43484],[108.88931,-7.43484],[108.88976,-7.43484],[108.88976,-7.4344],[108.88931,-7.4344],[108.88931,-7.43439],[108.88886,-7.43439],[108.88885,-7.43439],[108.88885,-7.43394],[108.88886,-7.43394],[108.88886,-7.43349],[108.88886,-7.43304],[108.88841,-7.43304],[108.88841,-7.43258],[108.88886,-7.43258],[108.88886,-7.43213],[108.88887,-7.43213],[108.88887,-7.43168],[108.88887,-7.43123],[108.88887,-7.43078],[108.88888,-7.43078],[108.88888,-7.43033],[108.88843,-7.43033],[108.88843,-7.43077],[108.88843,-7.43078],[108.88843,-7.43123],[108.88797,-7.43123],[108.88797,-7.43078],[108.88797,-7.43077],[108.88797,-7.43032],[108.88752,-7.43032],[108.88752,-7.42987],[108.88797,-7.42987],[108.88797,-7.42942],[108.88843,-7.42942],[108.88843,-7.42897],[108.88889,-7.42897],[108.88889,-7.42942],[108.88933,-7.42942],[108.88933,-7.42897],[108.88933,-7.42852],[108.88933,-7.42807],[108.88889,-7.42807],[108.88888,-7.42807],[108.88888,-7.42762],[108.88888,-7.42761],[108.88888,-7.42716],[108.88889,-7.42716],[108.88934,-7.42716],[108.88934,-7.42672],[108.88934,-7.42671],[108.88934,-7.42635],[108.88935,-7.42635],[108.88935,-7.42626],[108.88935,-7.42617],[108.88953,-7.42617],[108.8898,-7.42617],[108.88981,-7.42617],[108.88989,-7.42617],[108.88989,-7.42599],[108.8899,-7.42599],[108.8899,-7.42581],[108.8899,-7.42563],[108.88981,-7.42563],[108.8898,-7.42563],[108.88972,-7.42563],[108.88971,-7.42563],[108.88971,-7.42545],[108.88935,-7.42545],[108.88935,-7.42536],[108.88891,-7.42536],[108.8889,-7.42536],[108.88845,-7.42536],[108.88845,-7.42535],[108.88799,-7.42535],[108.88799,-7.4249],[108.88755,-7.4249],[108.88755,-7.42535],[108.88718,-7.42535],[108.88709,-7.42535],[108.88709,-7.42567],[108.88709,-7.4258],[108.88707,-7.4258],[108.88706,-7.4258],[108.88663,-7.4258],[108.88663,-7.42535],[108.88619,-7.42535],[108.88619,-7.42579],[108.88618,-7.42579],[108.88573,-7.42579],[108.88573,-7.42543],[108.88574,-7.42543],[108.8861,-7.42543],[108.8861,-7.42534],[108.88618,-7.42534],[108.88618,-7.42489],[108.88574,-7.42489],[108.88573,-7.42489],[108.88528,-7.42489],[108.88528,-7.42444],[108.88528,-7.42443],[108.88574,-7.42443],[108.88574,-7.42444],[108.88619,-7.42444],[108.88619,-7.42489],[108.88663,-7.42489],[108.88664,-7.42489],[108.88709,-7.42489],[108.88729,-7.42489],[108.88754,-7.42489],[108.88754,-7.42454],[108.88754,-7.42445],[108.88754,-7.42444],[108.88773,-7.42444],[108.88773,-7.42445],[108.88773,-7.42461],[108.88773,-7.42472],[108.88791,-7.42472],[108.888,-7.42472],[108.88801,-7.42472],[108.88827,-7.42472],[108.88827,-7.42454],[108.88845,-7.42454],[108.88846,-7.42454],[108.88846,-7.42445],[108.88846,-7.42418],[108.88845,-7.42418],[108.88845,-7.424],[108.88864,-7.424],[108.88864,-7.42382],[108.88882,-7.42382],[108.88882,-7.42364],[108.88891,-7.42364],[108.88918,-7.42364],[108.88918,-7.42355],[108.88918,-7.4231],[108.88936,-7.4231],[108.88937,-7.4231],[108.88937,-7.42265],[108.88964,-7.42265],[108.88973,-7.42265],[108.88979,-7.42265],[108.88982,-7.42265],[108.88982,-7.4222],[108.88982,-7.42175],[108.88937,-7.42175],[108.88937,-7.42174],[108.88937,-7.42129],[108.88892,-7.42129],[108.88892,-7.42084],[108.88847,-7.42084],[108.88847,-7.42056],[108.88848,-7.42056],[108.88884,-7.42056],[108.88884,-7.42039],[108.88884,-7.42038],[108.88884,-7.41993],[108.88892,-7.41993],[108.88892,-7.41948],[108.88938,-7.41948],[108.88938,-7.41904],[108.88938,-7.41903],[108.88893,-7.41903],[108.88893,-7.41858],[108.88938,-7.41858],[108.88939,-7.41858],[108.88984,-7.41858],[108.88984,-7.41903],[108.89029,-7.41903],[108.89029,-7.41858],[108.89075,-7.41858],[108.89075,-7.41859],[108.89119,-7.41859],[108.8912,-7.41859],[108.89165,-7.41859],[108.89165,-7.41814],[108.8912,-7.41814],[108.8912,-7.41769],[108.89075,-7.41769],[108.89075,-7.41768],[108.8903,-7.41768],[108.88984,-7.41768],[108.88984,-7.41723],[108.88985,-7.41723],[108.88985,-7.41678],[108.88985,-7.41677],[108.88985,-7.41632],[108.8903,-7.41632],[108.89031,-7.41632],[108.89031,-7.41677],[108.89031,-7.41678],[108.89075,-7.41678],[108.89076,-7.41678],[108.8912,-7.41678],[108.89121,-7.41678],[108.89165,-7.41678],[108.89166,-7.41678],[108.89211,-7.41678],[108.89211,-7.41634],[108.89211,-7.41633],[108.89211,-7.41588],[108.89256,-7.41588],[108.89256,-7.41543],[108.89257,-7.41543],[108.89257,-7.41498],[108.89212,-7.41498],[108.89212,-7.41543],[108.89166,-7.41543],[108.89166,-7.41498],[108.89166,-7.41453],[108.89166,-7.41452],[108.89212,-7.41452],[108.89212,-7.41408],[108.89212,-7.41407],[108.89212,-7.41362],[108.89167,-7.41362],[108.89167,-7.41317],[108.89123,-7.41317],[108.89122,-7.41317],[108.89077,-7.41317],[108.89077,-7.41362],[108.89032,-7.41362],[108.89032,-7.41407],[108.88986,-7.41407],[108.88986,-7.41362],[108.88986,-7.41361],[108.88941,-7.41361],[108.88941,-7.41316],[108.88896,-7.41316],[108.88896,-7.41271],[108.88851,-7.41271],[108.88851,-7.4127],[108.88851,-7.41261],[108.88888,-7.41261],[108.88888,-7.41225],[108.88888,-7.41189],[108.88851,-7.41189],[108.88851,-7.41207],[108.88833,-7.41207],[108.88833,-7.41225],[108.88806,-7.41225],[108.88806,-7.4127],[108.88761,-7.4127],[108.8876,-7.4127],[108.88715,-7.4127],[108.88715,-7.41224],[108.8876,-7.41224],[108.8876,-7.4118],[108.8876,-7.41179],[108.88806,-7.41179],[108.88806,-7.41135],[108.88806,-7.41134],[108.88852,-7.41134],[108.88852,-7.41135],[108.88897,-7.41135],[108.88897,-7.4118],[108.88942,-7.4118],[108.88942,-7.41225],[108.88942,-7.41226],[108.88897,-7.41226],[108.88897,-7.4127],[108.88942,-7.4127],[108.88942,-7.41271],[108.88942,-7.41316],[108.88986,-7.41316],[108.88987,-7.41316],[108.89031,-7.41316],[108.89032,-7.41316],[108.89077,-7.41316],[108.89077,-7.4128],[108.89086,-7.4128],[108.89086,-7.41272],[108.89086,-7.41271],[108.89086,-7.41262],[108.89104,-7.41262],[108.89104,-7.41226],[108.89105,-7.41226],[108.89122,-7.41226],[108.89123,-7.41226],[108.89159,-7.41226],[108.89159,-7.41208],[108.89168,-7.41208],[108.89169,-7.41208],[108.89195,-7.41208],[108.89195,-7.41182],[108.89195,-7.41181],[108.89195,-7.41173],[108.89178,-7.41173],[108.89177,-7.41173],[108.89177,-7.41172],[108.89169,-7.41172],[108.89168,-7.41172],[108.89159,-7.41172],[108.89141,-7.41172],[108.89141,-7.41154],[108.89124,-7.41154],[108.89123,-7.41154],[108.89105,-7.41154],[108.89078,-7.41154],[108.89069,-7.41154],[108.89069,-7.41181],[108.89069,-7.4119],[108.89068,-7.4119],[108.89068,-7.41181],[108.89068,-7.41172],[108.89051,-7.41172],[108.89033,-7.41172],[108.89032,-7.41172],[108.89015,-7.41172],[108.89015,-7.41181],[108.88996,-7.41181],[108.88996,-7.41171],[108.89014,-7.41171],[108.89014,-7.41153],[108.89015,-7.41153],[108.89032,-7.41153],[108.89033,-7.41153],[108.89051,-7.41153],[108.89051,-7.41136],[108.89051,-7.411],[108.89033,-7.411],[108.89032,-7.411],[108.89032,-7.41099],[108.89015,-7.41099],[108.89015,-7.4109],[108.89015,-7.41081],[108.88997,-7.41081],[108.88988,-7.41081],[108.88988,-7.41045],[108.88988,-7.41],[108.88943,-7.41],[108.88943,-7.40955],[108.88907,-7.40955],[108.88907,-7.40954],[108.88898,-7.40954],[108.88898,-7.40909],[108.88943,-7.40909],[108.88944,-7.40909],[108.88944,-7.40954],[108.88988,-7.40954],[108.88989,-7.40954],[108.88989,-7.40955],[108.88988,-7.40955],[108.88979,-7.40955],[108.88979,-7.40991],[108.88988,-7.40991],[108.88989,-7.40991],[108.88997,-7.40991],[108.88997,-7.41],[108.88997,-7.41027],[108.89033,-7.41027],[108.89034,-7.41027],[108.89034,-7.41045],[108.89078,-7.41045],[108.89079,-7.41045],[108.89123,-7.41045],[108.89123,-7.41028],[108.89123,-7.41027],[108.89124,-7.41027],[108.89142,-7.41027],[108.89142,-7.41001],[108.89142,-7.41],[108.89168,-7.41],[108.89168,-7.40956],[108.89168,-7.40955],[108.89169,-7.40955],[108.89169,-7.4091],[108.89214,-7.4091],[108.89214,-7.40883],[108.89215,-7.40883],[108.89251,-7.40883],[108.89251,-7.40865],[108.89252,-7.40865],[108.8926,-7.40865],[108.8926,-7.40911],[108.89215,-7.40911],[108.89215,-7.40956],[108.89259,-7.40956],[108.8926,-7.40956],[108.89305,-7.40956],[108.89305,-7.41001],[108.8926,-7.41001],[108.89259,-7.41001],[108.89259,-7.41046],[108.89304,-7.41046],[108.89305,-7.41046],[108.89349,-7.41046],[108.89349,-7.41002],[108.89395,-7.41002],[108.89395,-7.41047],[108.8944,-7.41047],[108.89441,-7.41047],[108.89485,-7.41047],[108.89486,-7.41047],[108.89531,-7.41047],[108.89531,-7.41048],[108.89576,-7.41048],[108.89577,-7.41048],[108.89622,-7.41048],[108.89622,-7.41093],[108.89577,-7.41093],[108.89576,-7.41093],[108.89531,-7.41093],[108.89531,-7.41138],[108.89576,-7.41138],[108.89576,-7.41183],[108.89621,-7.41183],[108.89621,-7.41228],[108.89621,-7.41229],[108.89665,-7.41229],[108.89666,-7.41229],[108.89711,-7.41229],[108.89711,-7.41274],[108.89666,-7.41274],[108.89666,-7.41319],[108.8962,-7.41319],[108.89575,-7.41319],[108.89575,-7.41364],[108.89529,-7.41364],[108.89484,-7.41364],[108.89484,-7.41409],[108.89529,-7.41409],[108.89574,-7.41409],[108.89575,-7.41409],[108.89575,-7.41454],[108.89619,-7.41454],[108.8962,-7.41454],[108.8962,-7.41455],[108.89664,-7.41455],[108.89665,-7.41455],[108.89709,-7.41455],[108.8971,-7.41455],[108.8971,-7.4141],[108.8971,-7.41365],[108.8971,-7.4132],[108.8971,-7.41319],[108.89756,-7.41319],[108.89756,-7.4132],[108.89756,-7.41365],[108.89756,-7.4141],[108.89756,-7.41455],[108.89755,-7.41455],[108.89755,-7.415],[108.898,-7.415],[108.898,-7.41456],[108.898,-7.41455],[108.898,-7.41411],[108.898,-7.4141],[108.898,-7.41365],[108.89846,-7.41365],[108.89846,-7.4132],[108.89801,-7.4132],[108.89801,-7.41275],[108.89801,-7.4123],[108.89847,-7.4123],[108.89847,-7.41185],[108.89802,-7.41185],[108.89802,-7.41184],[108.89757,-7.41184],[108.89757,-7.41139],[108.89802,-7.41139],[108.89803,-7.41139],[108.89847,-7.41139],[108.89847,-7.41095],[108.89847,-7.41094],[108.89847,-7.41049],[108.89803,-7.41049],[108.89803,-7.41094],[108.89757,-7.41094],[108.89757,-7.41049],[108.89713,-7.41049],[108.89712,-7.41049],[108.89667,-7.41049],[108.89667,-7.41048],[108.89667,-7.41003],[108.89622,-7.41003],[108.89622,-7.40958],[108.89577,-7.40958],[108.89577,-7.40912],[108.89622,-7.40912],[108.89622,-7.40867],[108.89667,-7.40867],[108.89667,-7.40822],[108.89668,-7.40822],[108.89713,-7.40822],[108.89713,-7.40823],[108.89757,-7.40823],[108.89758,-7.40823],[108.89758,-7.40778],[108.89803,-7.40778],[108.89803,-7.40733],[108.89849,-7.40733],[108.89849,-7.40688],[108.89849,-7.40643],[108.89805,-7.40643],[108.89805,-7.40687],[108.89759,-7.40687],[108.89713,-7.40687],[108.89713,-7.40642],[108.89669,-7.40642],[108.89668,-7.40642],[108.89623,-7.40642],[108.89623,-7.40687],[108.89577,-7.40687],[108.89577,-7.40686],[108.89533,-7.40686],[108.89533,-7.40731],[108.89532,-7.40731],[108.89488,-7.40731],[108.89487,-7.40731],[108.89443,-7.40731],[108.89442,-7.40731],[108.89397,-7.40731],[108.89397,-7.40686],[108.89397,-7.40685],[108.89442,-7.40685],[108.89443,-7.40685],[108.89443,-7.40686],[108.89487,-7.40686],[108.89488,-7.40686],[108.89532,-7.40686],[108.89532,-7.40641],[108.89577,-7.40641],[108.89578,-7.40641],[108.89623,-7.40641],[108.89623,-7.40596],[108.89579,-7.40596],[108.89578,-7.40596],[108.89533,-7.40596],[108.89488,-7.40596],[108.89488,-7.40641],[108.89442,-7.40641],[108.89442,-7.40595],[108.89487,-7.40595],[108.89487,-7.4055],[108.89488,-7.4055],[108.89488,-7.40505],[108.89488,-7.4046],[108.89443,-7.4046],[108.89397,-7.4046],[108.89397,-7.40414],[108.89353,-7.40414],[108.89353,-7.40459],[108.89307,-7.40459],[108.89307,-7.40414],[108.89352,-7.40414],[108.89352,-7.40369],[108.89398,-7.40369],[108.89398,-7.40324],[108.89443,-7.40324],[108.89444,-7.40324],[108.89489,-7.40324],[108.89489,-7.4028],[108.89489,-7.40279],[108.89445,-7.40279],[108.89444,-7.40279],[108.89399,-7.40279],[108.89399,-7.40234],[108.89354,-7.40234],[108.89354,-7.40279],[108.89308,-7.40279],[108.89308,-7.40233],[108.89263,-7.40233],[108.89263,-7.40188],[108.89309,-7.40188],[108.89309,-7.40233],[108.89354,-7.40233],[108.89354,-7.40188],[108.89399,-7.40188],[108.894,-7.40188],[108.89444,-7.40188],[108.89444,-7.40144],[108.89445,-7.40144],[108.89445,-7.40099],[108.89445,-7.40098],[108.894,-7.40098],[108.894,-7.40053],[108.89355,-7.40053],[108.89355,-7.40008],[108.89355,-7.39963],[108.89355,-7.39962],[108.89311,-7.39962],[108.8931,-7.39962],[108.89265,-7.39962],[108.89265,-7.39917],[108.8922,-7.39917],[108.89174,-7.39917],[108.89174,-7.39871],[108.8922,-7.39871],[108.8922,-7.39827],[108.8922,-7.39826],[108.89175,-7.39826],[108.8913,-7.39826],[108.89129,-7.39826],[108.89085,-7.39826],[108.89084,-7.39826],[108.89039,-7.39826],[108.89039,-7.3978],[108.88994,-7.3978],[108.88948,-7.3978],[108.88948,-7.39735],[108.88903,-7.39735],[108.88903,-7.39689],[108.88904,-7.39689],[108.88904,-7.39667],[108.88904,-7.39665],[108.88904,-7.39644],[108.88904,-7.39599],[108.88904,-7.39554],[108.88859,-7.39554],[108.88859,-7.39553],[108.88815,-7.39553],[108.88814,-7.39553],[108.88769,-7.39553],[108.88769,-7.39508],[108.88769,-7.39463],[108.88724,-7.39463],[108.88724,-7.39418],[108.88724,-7.39417],[108.88724,-7.39372],[108.8868,-7.39372],[108.88679,-7.39372],[108.88679,-7.39417],[108.88679,-7.39462],[108.88679,-7.39507],[108.88633,-7.39507],[108.88633,-7.39462],[108.88633,-7.39417],[108.88633,-7.39372],[108.88589,-7.39372],[108.88589,-7.39417],[108.88543,-7.39417],[108.88543,-7.39462],[108.88588,-7.39462],[108.88588,-7.39507],[108.88548,-7.39507],[108.88543,-7.39507],[108.88543,-7.39515],[108.88543,-7.39552],[108.88497,-7.39552],[108.88497,-7.39506],[108.88537,-7.39506],[108.88542,-7.39506],[108.88542,-7.39498],[108.88542,-7.39462],[108.88519,-7.39462],[108.88508,-7.39462],[108.88497,-7.39462],[108.88497,-7.39444],[108.88497,-7.39428],[108.88497,-7.39416],[108.88497,-7.39371],[108.88498,-7.39371],[108.88498,-7.39326],[108.88498,-7.39281],[108.88498,-7.39236],[108.88453,-7.39236],[108.88453,-7.39235],[108.88425,-7.39235],[108.88414,-7.39235],[108.88409,-7.39235],[108.88408,-7.39235],[108.88408,-7.3928],[108.88408,-7.39325],[108.88438,-7.39325],[108.88447,-7.39325],[108.88453,-7.39325],[108.88453,-7.39359],[108.88453,-7.39371],[108.88453,-7.39376],[108.88453,-7.39416],[108.88407,-7.39416],[108.88407,-7.39371],[108.88362,-7.39371],[108.88362,-7.39415],[108.88362,-7.39416],[108.88316,-7.39416],[108.88316,-7.39415],[108.88316,-7.3937],[108.88272,-7.3937],[108.88271,-7.3937],[108.88226,-7.3937],[108.88181,-7.3937],[108.88181,-7.39415],[108.88136,-7.39415],[108.88135,-7.39415],[108.88091,-7.39415],[108.8809,-7.39415],[108.8809,-7.39414],[108.8809,-7.39369],[108.8809,-7.39324],[108.88046,-7.39324],[108.88045,-7.39324],[108.88045,-7.39279],[108.88045,-7.39278],[108.88046,-7.39278],[108.88091,-7.39278],[108.88091,-7.39279],[108.88136,-7.39279],[108.88136,-7.39234],[108.88091,-7.39234],[108.88091,-7.39188],[108.88137,-7.39188],[108.88137,-7.39189],[108.88182,-7.39189],[108.88182,-7.39234],[108.88226,-7.39234],[108.88227,-7.39234],[108.88272,-7.39234],[108.88317,-7.39234],[108.88317,-7.39189],[108.88272,-7.39189],[108.88272,-7.39144],[108.88273,-7.39144],[108.88273,-7.39099],[108.88228,-7.39099],[108.88228,-7.39144],[108.88182,-7.39144],[108.88182,-7.39098],[108.88138,-7.39098],[108.88137,-7.39098],[108.88137,-7.39143],[108.88091,-7.39143],[108.88091,-7.39098],[108.88046,-7.39098],[108.88046,-7.39053],[108.88047,-7.39053],[108.88047,-7.39008],[108.88047,-7.39007],[108.88002,-7.39007],[108.88002,-7.39052],[108.87957,-7.39052],[108.87956,-7.39052],[108.87911,-7.39052],[108.87911,-7.39007],[108.87956,-7.39007],[108.87957,-7.39007],[108.88001,-7.39007],[108.88001,-7.38962],[108.87956,-7.38962],[108.87956,-7.38917],[108.87957,-7.38917],[108.87957,-7.38872],[108.87912,-7.38872],[108.87912,-7.38916],[108.87866,-7.38916],[108.87866,-7.38871],[108.87822,-7.38871],[108.87822,-7.38916],[108.87821,-7.38916],[108.87821,-7.38961],[108.87821,-7.39006],[108.87821,-7.39051],[108.87821,-7.39052],[108.87821,-7.39097],[108.8782,-7.39097],[108.87775,-7.39097],[108.87775,-7.39141],[108.87775,-7.39142],[108.8782,-7.39142],[108.87821,-7.39142],[108.87865,-7.39142],[108.87865,-7.39097],[108.87911,-7.39097],[108.87911,-7.39142],[108.87955,-7.39142],[108.87955,-7.39097],[108.88001,-7.39097],[108.88001,-7.39143],[108.87956,-7.39143],[108.87956,-7.39188],[108.8791,-7.39188],[108.8791,-7.39142],[108.87866,-7.39142],[108.87866,-7.39187],[108.87866,-7.39232],[108.8791,-7.39232],[108.87911,-7.39232],[108.87911,-7.39233],[108.87955,-7.39233],[108.87956,-7.39233],[108.88001,-7.39233],[108.88001,-7.39278],[108.87956,-7.39278],[108.87956,-7.39323],[108.87955,-7.39323],[108.8791,-7.39323],[108.8791,-7.39278],[108.87866,-7.39278],[108.87865,-7.39278],[108.8782,-7.39278],[108.8782,-7.39233],[108.8782,-7.39232],[108.8782,-7.39187],[108.87775,-7.39187],[108.8773,-7.39187],[108.87729,-7.39187],[108.87684,-7.39187],[108.87684,-7.39186],[108.87639,-7.39186],[108.87593,-7.39186],[108.87593,-7.39141],[108.87594,-7.39141],[108.87594,-7.39096],[108.87549,-7.39096],[108.87549,-7.39141],[108.87503,-7.39141],[108.87503,-7.39095],[108.87458,-7.39095],[108.87458,-7.3905],[108.87414,-7.3905],[108.87413,-7.3905],[108.87413,-7.39095],[108.87368,-7.39095],[108.87367,-7.39095],[108.87322,-7.39095],[108.87322,-7.39094]],[[108.89269,-7.39036],[108.89269,-7.39037],[108.89269,-7.39058],[108.89314,-7.39058],[108.89314,-7.39015],[108.89314,-7.39013],[108.89269,-7.39013],[108.89269,-7.39036]],[[108.89587,-7.38879],[108.89632,-7.38879],[108.89632,-7.38834],[108.89587,-7.38834],[108.89587,-7.38879]],[[108.89495,-7.39014],[108.89495,-7.38969],[108.89451,-7.38969],[108.8945,-7.38969],[108.8945,-7.39014],[108.89495,-7.39014]],[[108.91518,-7.42051],[108.91518,-7.42096],[108.91563,-7.42096],[108.91563,-7.42051],[108.91563,-7.42006],[108.91518,-7.42006],[108.91518,-7.42051]],[[108.90572,-7.41143],[108.90572,-7.41188],[108.90572,-7.41233],[108.90616,-7.41233],[108.90616,-7.41188],[108.90617,-7.41188],[108.90617,-7.41143],[108.90572,-7.41143]],[[108.90435,-7.41233],[108.9039,-7.41233],[108.9039,-7.41278],[108.90435,-7.41278],[108.90435,-7.41233]],[[108.90341,-7.4191],[108.90296,-7.4191],[108.90296,-7.41955],[108.90341,-7.41955],[108.90341,-7.4191]],[[108.89214,-7.41046],[108.89214,-7.41091],[108.89259,-7.41091],[108.89259,-7.41046],[108.89214,-7.41046]],[[108.89214,-7.4101],[108.89215,-7.4101],[108.89251,-7.4101],[108.89251,-7.41001],[108.89251,-7.40974],[108.89232,-7.40974],[108.89214,-7.40974],[108.89178,-7.40974],[108.89178,-7.41001],[108.89178,-7.4101],[108.89169,-7.4101],[108.89168,-7.4101],[108.8916,-7.4101],[108.8916,-7.41046],[108.89168,-7.41046],[108.89169,-7.41046],[108.89214,-7.41046],[108.89214,-7.4101]],[[108.8935,-7.41047],[108.8935,-7.41092],[108.89394,-7.41092],[108.89395,-7.41092],[108.89395,-7.41047],[108.8935,-7.41047]],[[108.89045,-7.38605],[108.8909,-7.38605],[108.8909,-7.38561],[108.89045,-7.38561],[108.89045,-7.38605]],[[108.89,-7.38606],[108.89,-7.3865],[108.89044,-7.3865],[108.89044,-7.38606],[108.89,-7.38606]],[[108.88998,-7.38967],[108.88998,-7.39012],[108.88998,-7.39057],[108.88998,-7.39102],[108.88952,-7.39102],[108.88906,-7.39102],[108.88906,-7.39057],[108.88952,-7.39057],[108.88952,-7.39012],[108.88908,-7.39012],[108.88907,-7.39012],[108.88862,-7.39012],[108.88862,-7.39056],[108.88862,-7.39057],[108.88816,-7.39057],[108.88816,-7.39101],[108.88771,-7.39101],[108.8877,-7.39101],[108.88726,-7.39101],[108.88725,-7.39101],[108.88725,-7.39146],[108.8868,-7.39146],[108.8868,-7.39191],[108.88725,-7.39191],[108.88725,-7.39236],[108.8877,-7.39236],[108.8877,-7.39237],[108.8877,-7.39282],[108.88815,-7.39282],[108.88815,-7.39327],[108.88859,-7.39327],[108.8886,-7.39327],[108.88905,-7.39327],[108.88905,-7.39283],[108.88905,-7.39237],[108.88951,-7.39237],[108.88951,-7.39283],[108.88951,-7.39328],[108.88951,-7.39373],[108.88995,-7.39373],[108.88995,-7.39328],[108.89041,-7.39328],[108.89041,-7.39283],[108.89041,-7.39238],[108.89069,-7.39238],[108.89086,-7.39238],[108.89087,-7.39238],[108.89132,-7.39238],[108.89132,-7.39193],[108.89087,-7.39193],[108.89087,-7.39176],[108.89087,-7.39148],[108.89087,-7.39103],[108.89042,-7.39103],[108.89042,-7.39057],[108.89088,-7.39057],[108.89088,-7.39013],[108.89088,-7.39012],[108.89043,-7.39012],[108.89043,-7.38967],[108.88998,-7.38967]],[[108.88995,-7.396],[108.88995,-7.39644],[108.8904,-7.39644],[108.8904,-7.396],[108.88995,-7.396]],[[108.88318,-7.39189],[108.88363,-7.39189],[108.88363,-7.39171],[108.88363,-7.39156],[108.88363,-7.39145],[108.88354,-7.39145],[108.88342,-7.39145],[108.88318,-7.39145],[108.88318,-7.39189]],[[108.87686,-7.38599],[108.87687,-7.38599],[108.87687,-7.38554],[108.87642,-7.38554],[108.87597,-7.38554],[108.87597,-7.38599],[108.87551,-7.38599],[108.87551,-7.38644],[108.87596,-7.38644],[108.87641,-7.38644],[108.87642,-7.38644],[108.87686,-7.38644],[108.87686,-7.38599]],[[108.87643,-7.38508],[108.87687,-7.38508],[108.87687,-7.38464],[108.87643,-7.38464],[108.87643,-7.38508]],[[108.88136,-7.39324],[108.88136,-7.39369],[108.8818,-7.39369],[108.8818,-7.39324],[108.88136,-7.39324]],[[108.88183,-7.39053],[108.88183,-7.39098],[108.88228,-7.39098],[108.88228,-7.39054],[108.88228,-7.39053],[108.88228,-7.39009],[108.88228,-7.39008],[108.88183,-7.39008],[108.88183,-7.39053]],[[108.88002,-7.38871],[108.88002,-7.38827],[108.87958,-7.38827],[108.87958,-7.38871],[108.88002,-7.38871]],[[108.88003,-7.38736],[108.88003,-7.38691],[108.87959,-7.38691],[108.87959,-7.38736],[108.88003,-7.38736]],[[108.88637,-7.38785],[108.88637,-7.38829],[108.88682,-7.38829],[108.88682,-7.3883],[108.88705,-7.3883],[108.88718,-7.3883],[108.88726,-7.3883],[108.88727,-7.3883],[108.88727,-7.38785],[108.88682,-7.38785],[108.88669,-7.38785],[108.88656,-7.38785],[108.88637,-7.38785]],[[108.88679,-7.39191],[108.88635,-7.39191],[108.88635,-7.39236],[108.88635,-7.39281],[108.88634,-7.39281],[108.8859,-7.39281],[108.88589,-7.39281],[108.88589,-7.39326],[108.88634,-7.39326],[108.88679,-7.39326],[108.8868,-7.39326],[108.8868,-7.39327],[108.88724,-7.39327],[108.88724,-7.39282],[108.88724,-7.39237],[108.8868,-7.39237],[108.88679,-7.39237],[108.88679,-7.39236],[108.88679,-7.39191]],[[108.88544,-7.39145],[108.88544,-7.391],[108.885,-7.391],[108.885,-7.39145],[108.88544,-7.39145]],[[108.89029,-7.41949],[108.89074,-7.41949],[108.89074,-7.41904],[108.89029,-7.41904],[108.89029,-7.41949]],[[108.88984,-7.41949],[108.88983,-7.41949],[108.88938,-7.41949],[108.88938,-7.41993],[108.88938,-7.41994],[108.88938,-7.42039],[108.88983,-7.42039],[108.88983,-7.42084],[108.88983,-7.42129],[108.89027,-7.42129],[108.89027,-7.42084],[108.89028,-7.42084],[108.89028,-7.42039],[108.89028,-7.41994],[108.89028,-7.41949],[108.88984,-7.41949]],[[108.88977,-7.43349],[108.88932,-7.43349],[108.88932,-7.43394],[108.88976,-7.43394],[108.88977,-7.43394],[108.89022,-7.43394],[108.89022,-7.4335],[108.89022,-7.43349],[108.88977,-7.43349]],[[108.88936,-7.42445],[108.88946,-7.42445],[108.88981,-7.42445],[108.88981,-7.42401],[108.88981,-7.424],[108.88972,-7.424],[108.88937,-7.424],[108.88936,-7.424],[108.88891,-7.424],[108.88891,-7.42445],[108.88936,-7.42445]],[[108.88932,-7.43259],[108.88932,-7.43304],[108.88977,-7.43304],[108.88977,-7.43259],[108.88932,-7.43259]],[[108.89849,-7.40823],[108.89894,-7.40823],[108.89894,-7.40779],[108.89894,-7.40778],[108.89849,-7.40778],[108.89849,-7.40823]],[[108.89849,-7.40914],[108.89893,-7.40914],[108.89893,-7.40869],[108.89849,-7.40869],[108.89849,-7.40914]],[[108.89848,-7.41185],[108.89892,-7.41185],[108.89893,-7.41185],[108.89893,-7.4114],[108.89848,-7.4114],[108.89848,-7.41185]],[[108.89981,-7.41456],[108.89981,-7.41411],[108.89937,-7.41411],[108.89937,-7.41456],[108.89981,-7.41456]],[[108.899,-7.41556],[108.899,-7.41574],[108.89891,-7.41574],[108.8989,-7.41574],[108.89881,-7.41574],[108.89881,-7.41591],[108.89881,-7.41592],[108.89881,-7.41609],[108.8989,-7.41609],[108.899,-7.41609],[108.899,-7.41628],[108.89935,-7.41628],[108.89936,-7.41628],[108.89936,-7.4161],[108.89954,-7.4161],[108.89954,-7.41592],[108.89954,-7.41574],[108.89936,-7.41574],[108.89936,-7.41556],[108.89935,-7.41556],[108.899,-7.41556]],[[108.89394,-7.41227],[108.89394,-7.41228],[108.89394,-7.41273],[108.89439,-7.41273],[108.89439,-7.41228],[108.89484,-7.41228],[108.89485,-7.41228],[108.89529,-7.41228],[108.8953,-7.41228],[108.8953,-7.41183],[108.89485,-7.41183],[108.89485,-7.41138],[108.8944,-7.41138],[108.89395,-7.41138],[108.89395,-7.41183],[108.89394,-7.41183],[108.89394,-7.41227]],[[108.89349,-7.41273],[108.89349,-7.41318],[108.89304,-7.41318],[108.89304,-7.41363],[108.89304,-7.41408],[108.89348,-7.41408],[108.89348,-7.41363],[108.89394,-7.41363],[108.89394,-7.41408],[108.89439,-7.41408],[108.89439,-7.41364],[108.89439,-7.41363],[108.89439,-7.41319],[108.89439,-7.41318],[108.89394,-7.41318],[108.89394,-7.41273],[108.89349,-7.41273]],[[108.893,-7.41769],[108.89301,-7.41769],[108.89301,-7.41724],[108.89283,-7.41724],[108.89256,-7.41724],[108.89256,-7.41769],[108.89269,-7.41769],[108.893,-7.41769]],[[108.89121,-7.41724],[108.89121,-7.41769],[108.89165,-7.41769],[108.89165,-7.41724],[108.89121,-7.41724]],[[108.89258,-7.41362],[108.89258,-7.41318],[108.89258,-7.41317],[108.89214,-7.41317],[108.89213,-7.41317],[108.89213,-7.41362],[108.89258,-7.41362]],[[108.89169,-7.41227],[108.89168,-7.41227],[108.89168,-7.41272],[108.89213,-7.41272],[108.89213,-7.41227],[108.89169,-7.41227]],[[108.89304,-7.41182],[108.89304,-7.41227],[108.89349,-7.41227],[108.89349,-7.41183],[108.89349,-7.41182],[108.89304,-7.41182]],[[108.8922,-7.39645],[108.8922,-7.396],[108.89176,-7.396],[108.89176,-7.39645],[108.8922,-7.39645]],[[108.89519,-7.41635],[108.89519,-7.41644],[108.89528,-7.41644],[108.89529,-7.41644],[108.89537,-7.41644],[108.89537,-7.41662],[108.89573,-7.41662],[108.89573,-7.41644],[108.89574,-7.41644],[108.89592,-7.41644],[108.89592,-7.41635],[108.89592,-7.41608],[108.89574,-7.41608],[108.89573,-7.41608],[108.89556,-7.41608],[108.89556,-7.41626],[108.89555,-7.41626],[108.89555,-7.4159],[108.89538,-7.4159],[108.89529,-7.4159],[108.89528,-7.4159],[108.89501,-7.4159],[108.89501,-7.41626],[108.89519,-7.41626],[108.89519,-7.41635]],[[108.89535,-7.40253],[108.89508,-7.40253],[108.89508,-7.40279],[108.89508,-7.4028],[108.89508,-7.40288],[108.89534,-7.40288],[108.89535,-7.40288],[108.89543,-7.40288],[108.89543,-7.40289],[108.89543,-7.40307],[108.89535,-7.40307],[108.89534,-7.40307],[108.89525,-7.40307],[108.89525,-7.40324],[108.89525,-7.40325],[108.89525,-7.4037],[108.89525,-7.40379],[108.89507,-7.40379],[108.89507,-7.40397],[108.89489,-7.40397],[108.89488,-7.40397],[108.89488,-7.40415],[108.89488,-7.40433],[108.89489,-7.40433],[108.89507,-7.40433],[108.89507,-7.4046],[108.89507,-7.40469],[108.89533,-7.40469],[108.89534,-7.40469],[108.89543,-7.40469],[108.89543,-7.40461],[108.89543,-7.4046],[108.89543,-7.40451],[108.89561,-7.40451],[108.89561,-7.40415],[108.89561,-7.40397],[108.89562,-7.40397],[108.89579,-7.40397],[108.89579,-7.40415],[108.89615,-7.40415],[108.89615,-7.40379],[108.89598,-7.40379],[108.89598,-7.40374],[108.89598,-7.4037],[108.89598,-7.40361],[108.89625,-7.40361],[108.89634,-7.40361],[108.89634,-7.40325],[108.89626,-7.40325],[108.89625,-7.40325],[108.89615,-7.40325],[108.89598,-7.40325],[108.89598,-7.40307],[108.89616,-7.40307],[108.89616,-7.4028],[108.89616,-7.40271],[108.89581,-7.40271],[108.8958,-7.40271],[108.8958,-7.4027],[108.89581,-7.4027],[108.89598,-7.4027],[108.89598,-7.40235],[108.89583,-7.40235],[108.89581,-7.40235],[108.8958,-7.40235],[108.89544,-7.40235],[108.89544,-7.40253],[108.89535,-7.40253]],[[108.89715,-7.40507],[108.89715,-7.40551],[108.89759,-7.40551],[108.89759,-7.40507],[108.89715,-7.40507]],[[108.89445,-7.40234],[108.89489,-7.40234],[108.8949,-7.40234],[108.8949,-7.40189],[108.89445,-7.40189],[108.89445,-7.40234]],[[108.89623,-7.40913],[108.89623,-7.40958],[108.89667,-7.40958],[108.89667,-7.40913],[108.89623,-7.40913]],[[108.8976,-7.40597],[108.8976,-7.40642],[108.89804,-7.40642],[108.89804,-7.40597],[108.8985,-7.40597],[108.8985,-7.40552],[108.8985,-7.40507],[108.89806,-7.40507],[108.89805,-7.40507],[108.89805,-7.40552],[108.8976,-7.40552],[108.8976,-7.40597]],[[108.90436,-7.40871],[108.90392,-7.40871],[108.90392,-7.40916],[108.90436,-7.40916],[108.90436,-7.40871]],[[108.90346,-7.41187],[108.9039,-7.41187],[108.90435,-7.41187],[108.90435,-7.41142],[108.90391,-7.41142],[108.9039,-7.41142],[108.90346,-7.41142],[108.90346,-7.41187]],[[108.90165,-7.40915],[108.90165,-7.4087],[108.90165,-7.40825],[108.90121,-7.40825],[108.90121,-7.4087],[108.9012,-7.4087],[108.9012,-7.40915],[108.90165,-7.40915]],[[108.90165,-7.41005],[108.9021,-7.41005],[108.9021,-7.40961],[108.90165,-7.40961],[108.90165,-7.41005]],[[108.90164,-7.41141],[108.90164,-7.41186],[108.90208,-7.41186],[108.90209,-7.41186],[108.90209,-7.41141],[108.90164,-7.41141]],[[108.90163,-7.41322],[108.90208,-7.41322],[108.90208,-7.41277],[108.90253,-7.41277],[108.90254,-7.41277],[108.90254,-7.41232],[108.90209,-7.41232],[108.90208,-7.41232],[108.90164,-7.41232],[108.90164,-7.41276],[108.90164,-7.41277],[108.90163,-7.41277],[108.90163,-7.41321],[108.90163,-7.41322]],[[108.90299,-7.41232],[108.90299,-7.41187],[108.90255,-7.41187],[108.90254,-7.41187],[108.90254,-7.41232],[108.90299,-7.41232]],[[108.90073,-7.41231],[108.90118,-7.41231],[108.90118,-7.41186],[108.90074,-7.41186],[108.90073,-7.41186],[108.90073,-7.41231]],[[108.90345,-7.41142],[108.90345,-7.41097],[108.903,-7.41097],[108.903,-7.41141],[108.903,-7.41142],[108.90345,-7.41142]],[[108.90347,-7.40961],[108.90391,-7.40961],[108.90391,-7.40916],[108.90347,-7.40916],[108.90347,-7.40961]],[[108.90438,-7.40781],[108.90482,-7.40781],[108.90482,-7.40736],[108.90438,-7.40736],[108.90438,-7.40781]],[[108.90619,-7.40782],[108.90619,-7.40827],[108.90664,-7.40827],[108.90664,-7.40872],[108.90708,-7.40872],[108.90708,-7.40827],[108.90709,-7.40827],[108.90709,-7.40782],[108.90664,-7.40782],[108.90619,-7.40782]],[[108.90573,-7.40826],[108.90573,-7.40781],[108.90533,-7.40781],[108.90528,-7.40781],[108.90528,-7.40826],[108.9054,-7.40826],[108.90573,-7.40826]],[[108.908,-7.40738],[108.908,-7.40737],[108.90755,-7.40737],[108.90755,-7.40782],[108.90799,-7.40782],[108.908,-7.40782],[108.908,-7.40738]],[[108.91065,-7.41958],[108.91066,-7.41958],[108.91111,-7.41958],[108.91111,-7.41914],[108.91066,-7.41914],[108.91066,-7.41913],[108.91021,-7.41913],[108.91021,-7.41958],[108.91065,-7.41958]],[[108.91068,-7.41417],[108.91068,-7.41461],[108.91113,-7.41461],[108.91113,-7.41417],[108.91068,-7.41417]],[[108.91113,-7.41462],[108.91113,-7.41507],[108.91113,-7.41552],[108.91157,-7.41552],[108.91157,-7.41507],[108.91158,-7.41507],[108.91158,-7.41462],[108.91113,-7.41462]],[[108.91066,-7.41777],[108.91066,-7.41733],[108.91022,-7.41733],[108.91022,-7.41777],[108.91066,-7.41777]],[[108.91698,-7.42097],[108.91654,-7.42097],[108.91654,-7.42142],[108.91654,-7.42187],[108.91698,-7.42187],[108.91699,-7.42187],[108.91699,-7.42232],[108.91743,-7.42232],[108.91743,-7.42188],[108.91743,-7.42142],[108.91698,-7.42142],[108.91698,-7.42097]],[[108.91387,-7.40876],[108.91342,-7.40876],[108.91342,-7.4092],[108.91342,-7.40921],[108.91387,-7.40921],[108.91387,-7.40876]],[[108.91026,-7.40739],[108.91026,-7.40783],[108.91026,-7.40784],[108.9107,-7.40784],[108.9107,-7.40739],[108.91026,-7.40739]],[[108.91657,-7.4151],[108.91657,-7.41555],[108.91701,-7.41555],[108.91701,-7.4151],[108.91657,-7.4151]],[[108.91836,-7.4151],[108.91837,-7.4151],[108.91837,-7.41492],[108.91855,-7.41492],[108.91855,-7.41465],[108.91855,-7.41438],[108.91837,-7.41438],[108.9182,-7.41438],[108.91801,-7.41438],[108.91801,-7.4142],[108.91837,-7.4142],[108.91882,-7.4142],[108.91882,-7.41375],[108.91838,-7.41375],[108.91837,-7.41375],[108.91793,-7.41375],[108.91793,-7.4142],[108.91792,-7.4142],[108.91765,-7.4142],[108.91765,-7.41456],[108.91747,-7.41456],[108.91747,-7.41464],[108.91747,-7.41465],[108.91747,-7.4151],[108.91783,-7.4151],[108.91791,-7.4151],[108.91792,-7.4151],[108.91836,-7.4151]],[[108.91702,-7.416],[108.91746,-7.416],[108.91746,-7.41555],[108.91702,-7.41555],[108.91702,-7.416]],[[108.91803,-7.41077],[108.91803,-7.41095],[108.91802,-7.41095],[108.91802,-7.41103],[108.91802,-7.41104],[108.91802,-7.4113],[108.91821,-7.41131],[108.91821,-7.41149],[108.91838,-7.41149],[108.91839,-7.41149],[108.91839,-7.41185],[108.91875,-7.41185],[108.91875,-7.41149],[108.91875,-7.41131],[108.91875,-7.41104],[108.91875,-7.41077],[108.91857,-7.41077],[108.9184,-7.41077],[108.91839,-7.41077],[108.91803,-7.41077]],[[108.91586,-7.41112],[108.91586,-7.4113],[108.91567,-7.4113],[108.91549,-7.4113],[108.91549,-7.41147],[108.91549,-7.41148],[108.91549,-7.41166],[108.91549,-7.41193],[108.91522,-7.41193],[108.91522,-7.41238],[108.91567,-7.41238],[108.91567,-7.41283],[108.91611,-7.41283],[108.91611,-7.41238],[108.91612,-7.41238],[108.91612,-7.41193],[108.91604,-7.41193],[108.91604,-7.41184],[108.91612,-7.41184],[108.91613,-7.41184],[108.91621,-7.41184],[108.91621,-7.41166],[108.91639,-7.41166],[108.91639,-7.41148],[108.9164,-7.41148],[108.91657,-7.41148],[108.91658,-7.41148],[108.91676,-7.41148],[108.91676,-7.4113],[108.91703,-7.4113],[108.91712,-7.4113],[108.91712,-7.41103],[108.91712,-7.41094],[108.91713,-7.41094],[108.91713,-7.41058],[108.91704,-7.41058],[108.91703,-7.41058],[108.91659,-7.41058],[108.91659,-7.4104],[108.91658,-7.4104],[108.91622,-7.4104],[108.91622,-7.41057],[108.91622,-7.41058],[108.91613,-7.41058],[108.91612,-7.41058],[108.91586,-7.41058],[108.91586,-7.41075],[108.91567,-7.41075],[108.91567,-7.41057],[108.91567,-7.41012],[108.91523,-7.41012],[108.91523,-7.41057],[108.91522,-7.41057],[108.91522,-7.41102],[108.91567,-7.41102],[108.91567,-7.41111],[108.91603,-7.41111],[108.91603,-7.41112],[108.91586,-7.41112]],[[108.91639,-7.41193],[108.91639,-7.41202],[108.91657,-7.41202],[108.91658,-7.41202],[108.91676,-7.41202],[108.91676,-7.4122],[108.91693,-7.4122],[108.91693,-7.41238],[108.91693,-7.41239],[108.91693,-7.41256],[108.91702,-7.41256],[108.91703,-7.41256],[108.91729,-7.41256],[108.91729,-7.41239],[108.9173,-7.41239],[108.9173,-7.41275],[108.91712,-7.41275],[108.91712,-7.41284],[108.91712,-7.41311],[108.91729,-7.41311],[108.91729,-7.41329],[108.91747,-7.41329],[108.91765,-7.41329],[108.91765,-7.41293],[108.91766,-7.41293],[108.91766,-7.41329],[108.91766,-7.41347],[108.91783,-7.41347],[108.91783,-7.41365],[108.91792,-7.41365],[108.91793,-7.41365],[108.9182,-7.41365],[108.9182,-7.41348],[108.91837,-7.41348],[108.91838,-7.41348],[108.91856,-7.41348],[108.91856,-7.4133],[108.91856,-7.41329],[108.91856,-7.41312],[108.91838,-7.41312],[108.9182,-7.41312],[108.91802,-7.41311],[108.91838,-7.41311],[108.91838,-7.41285],[108.91838,-7.41284],[108.91838,-7.41275],[108.91839,-7.41275],[108.91839,-7.41239],[108.91839,-7.41221],[108.91838,-7.41221],[108.9182,-7.41221],[108.9182,-7.41203],[108.91803,-7.41203],[108.91803,-7.41194],[108.91803,-7.41149],[108.91803,-7.41131],[108.91794,-7.41131],[108.91793,-7.41131],[108.91767,-7.41131],[108.91767,-7.41148],[108.91767,-7.41149],[108.91767,-7.41167],[108.91749,-7.41167],[108.91748,-7.41167],[108.9173,-7.41167],[108.9173,-7.41166],[108.91712,-7.41166],[108.91703,-7.41166],[108.91694,-7.41166],[108.91675,-7.41166],[108.91658,-7.41166],[108.91657,-7.41166],[108.91639,-7.41166],[108.91639,-7.41193]],[[108.91612,-7.41374],[108.91656,-7.41374],[108.91656,-7.41329],[108.91612,-7.41329],[108.91612,-7.41373],[108.91612,-7.41374]],[[108.91702,-7.41329],[108.91702,-7.41284],[108.91657,-7.41284],[108.91657,-7.41329],[108.91701,-7.41329],[108.91702,-7.41329]],[[108.91612,-7.41419],[108.91612,-7.41464],[108.91656,-7.41464],[108.91656,-7.41419],[108.91612,-7.41419]],[[108.91972,-7.41511],[108.91972,-7.41466],[108.91973,-7.41466],[108.91973,-7.41421],[108.91928,-7.41421],[108.91928,-7.4142],[108.91883,-7.4142],[108.91883,-7.41465],[108.91928,-7.41465],[108.91928,-7.4151],[108.91928,-7.41511],[108.91972,-7.41511]],[[108.92019,-7.41376],[108.92019,-7.4142],[108.92019,-7.41421],[108.92063,-7.41421],[108.92064,-7.41421],[108.92064,-7.41376],[108.92019,-7.41376]],[[108.92154,-7.41466],[108.92154,-7.41422],[108.92154,-7.41421],[108.9211,-7.41421],[108.92109,-7.41421],[108.92109,-7.41466],[108.92154,-7.41466]],[[108.92058,-7.42415],[108.92014,-7.42415],[108.92014,-7.4246],[108.92058,-7.4246],[108.92058,-7.42415]],[[108.89177,-7.39239],[108.89132,-7.39239],[108.89132,-7.39283],[108.89132,-7.39284],[108.89177,-7.39284],[108.89177,-7.39239]],[[108.89178,-7.39193],[108.89223,-7.39193],[108.89223,-7.39194],[108.89268,-7.39194],[108.89268,-7.39149],[108.89223,-7.39149],[108.89223,-7.39103],[108.89268,-7.39103],[108.89268,-7.39058],[108.89224,-7.39058],[108.89223,-7.39058],[108.89179,-7.39058],[108.89179,-7.39103],[108.89178,-7.39103],[108.89133,-7.39103],[108.89133,-7.39148],[108.89133,-7.39193],[108.89177,-7.39193],[108.89178,-7.39193]],[[108.89268,-7.39285],[108.89268,-7.39284],[108.89223,-7.39284],[108.89223,-7.39329],[108.89267,-7.39329],[108.89268,-7.39329],[108.89268,-7.39285]],[[108.89177,-7.39058],[108.89178,-7.39058],[108.89178,-7.39057],[108.89177,-7.39058]],[[108.89585,-7.39295],[108.89585,-7.39331],[108.89602,-7.39331],[108.89602,-7.39367],[108.89629,-7.39367],[108.8963,-7.39367],[108.89638,-7.39367],[108.89638,-7.39331],[108.89657,-7.39331],[108.89657,-7.39295],[108.89639,-7.39295],[108.8963,-7.39295],[108.89629,-7.39295],[108.89621,-7.39295],[108.89585,-7.39295]],[[108.89542,-7.38879],[108.89542,-7.38924],[108.89586,-7.38924],[108.89586,-7.38879],[108.89542,-7.38879]]],[[[108.87507,-7.38417],[108.87507,-7.38463],[108.87462,-7.38463],[108.87461,-7.38463],[108.87461,-7.38508],[108.87416,-7.38508],[108.87416,-7.38553],[108.8737,-7.38553],[108.8737,-7.38507],[108.87415,-7.38507],[108.87415,-7.38462],[108.87416,-7.38462],[108.87416,-7.38417],[108.87461,-7.38417],[108.87462,-7.38417],[108.87507,-7.38417]]],[[[108.87374,-7.37875],[108.87328,-7.37875],[108.87328,-7.37829],[108.87374,-7.37829],[108.87374,-7.37875]]],[[[108.87465,-7.37695],[108.87465,-7.37649],[108.87466,-7.37649],[108.87488,-7.37695],[108.87465,-7.37695]]],[[[108.87322,-7.37287],[108.87331,-7.37278],[108.87331,-7.37279],[108.87337,-7.37273],[108.8735,-7.37269],[108.8735,-7.3727],[108.8735,-7.37271],[108.87349,-7.37271],[108.87349,-7.37272],[108.87349,-7.37273],[108.87348,-7.37273],[108.87348,-7.37274],[108.87337,-7.37287],[108.87331,-7.37296],[108.87331,-7.37295],[108.87322,-7.37307],[108.87308,-7.37332],[108.87289,-7.37369],[108.87288,-7.37369],[108.87288,-7.3737],[108.87286,-7.37375],[108.87286,-7.37374],[108.87284,-7.37377],[108.87285,-7.37377],[108.87265,-7.37423],[108.87265,-7.37423],[108.87248,-7.37463],[108.87248,-7.37464],[108.87247,-7.37464],[108.87256,-7.37441],[108.87264,-7.37423],[108.87263,-7.37423],[108.87263,-7.37422],[108.87269,-7.37411],[108.87281,-7.37377],[108.87286,-7.37364],[108.87286,-7.37363],[108.87293,-7.37342],[108.87297,-7.37332],[108.87303,-7.3732],[108.87312,-7.373],[108.87322,-7.37287]]],[[[108.87466,-7.37299],[108.87466,-7.37298],[108.87472,-7.37301],[108.87473,-7.37302],[108.87472,-7.37302],[108.87466,-7.373],[108.87466,-7.37299]]],[[[108.87357,-7.37271],[108.87354,-7.37268],[108.87356,-7.37267],[108.87376,-7.37266],[108.874,-7.37269],[108.87421,-7.37277],[108.87421,-7.37276],[108.87437,-7.37282],[108.87447,-7.37288],[108.87437,-7.37288],[108.87435,-7.37287],[108.87421,-7.37282],[108.87421,-7.37282],[108.87399,-7.37274],[108.87376,-7.37271],[108.87361,-7.37272],[108.8736,-7.37272],[108.87359,-7.37272],[108.87358,-7.37271],[108.87357,-7.37271]]],[[[108.87894,-7.42666],[108.87894,-7.42711],[108.87894,-7.42712],[108.87848,-7.42712],[108.87848,-7.42711],[108.87803,-7.42711],[108.87803,-7.42666],[108.87848,-7.42666],[108.87849,-7.42666],[108.87894,-7.42666]]],[[[108.87849,-7.42485],[108.87849,-7.42449],[108.87867,-7.42449],[108.87867,-7.4244],[108.87867,-7.42431],[108.87868,-7.42431],[108.87868,-7.4244],[108.87868,-7.42449],[108.87894,-7.42449],[108.87895,-7.42449],[108.87904,-7.42449],[108.87904,-7.42441],[108.87904,-7.4244],[108.87904,-7.42431],[108.87922,-7.42431],[108.87922,-7.42395],[108.8794,-7.42395],[108.8794,-7.42351],[108.8794,-7.4235],[108.8794,-7.42305],[108.87986,-7.42305],[108.87986,-7.4226],[108.87941,-7.4226],[108.87941,-7.42215],[108.87987,-7.42215],[108.87987,-7.4226],[108.88032,-7.4226],[108.88032,-7.42306],[108.87986,-7.42306],[108.87986,-7.4235],[108.88031,-7.4235],[108.88031,-7.42378],[108.88013,-7.42378],[108.88012,-7.42378],[108.87995,-7.42378],[108.87986,-7.42378],[108.87985,-7.42378],[108.87959,-7.42378],[108.87959,-7.42395],[108.87959,-7.42396],[108.87958,-7.42396],[108.87958,-7.42441],[108.8794,-7.42441],[108.8794,-7.42486],[108.8794,-7.42531],[108.87894,-7.42531],[108.87894,-7.42486],[108.8785,-7.42486],[108.8785,-7.42531],[108.87849,-7.42531],[108.87804,-7.42531],[108.87804,-7.42503],[108.87813,-7.42503],[108.87813,-7.42485],[108.87849,-7.42485]]],[[[108.87668,-7.42484],[108.87704,-7.42484],[108.87704,-7.42467],[108.87714,-7.42467],[108.87714,-7.42485],[108.87668,-7.42485],[108.87668,-7.42484]]],[[[108.87714,-7.42412],[108.87723,-7.42412],[108.87741,-7.42412],[108.87759,-7.42413],[108.87759,-7.4244],[108.87723,-7.4244],[108.87723,-7.42431],[108.87714,-7.42431],[108.87705,-7.42431],[108.87705,-7.42412],[108.87714,-7.42412]]],[[[108.8756,-7.42376],[108.8756,-7.42393],[108.8756,-7.42394],[108.8756,-7.4243],[108.8756,-7.42439],[108.87533,-7.42439],[108.87533,-7.42394],[108.87533,-7.42393],[108.87533,-7.42348],[108.87579,-7.42348],[108.87579,-7.42349],[108.87624,-7.42349],[108.87624,-7.42358],[108.87596,-7.42358],[108.87596,-7.42376],[108.87579,-7.42376],[108.87578,-7.42376],[108.8756,-7.42376]]],[[[108.87805,-7.42232],[108.87814,-7.42232],[108.87814,-7.42214],[108.87814,-7.42196],[108.87805,-7.42196],[108.87805,-7.42169],[108.87833,-7.42169],[108.87833,-7.42178],[108.87851,-7.42178],[108.87851,-7.42214],[108.87896,-7.42214],[108.87896,-7.42233],[108.87869,-7.42233],[108.87869,-7.42259],[108.87869,-7.4226],[108.87869,-7.42268],[108.87886,-7.42269],[108.87886,-7.42305],[108.87896,-7.42305],[108.87896,-7.4235],[108.87895,-7.4235],[108.87895,-7.42359],[108.87868,-7.42359],[108.8785,-7.42359],[108.87849,-7.42359],[108.87849,-7.4235],[108.8785,-7.4235],[108.8785,-7.42305],[108.87805,-7.42305],[108.87805,-7.42341],[108.87778,-7.42341],[108.87777,-7.42341],[108.87759,-7.42341],[108.87759,-7.42304],[108.8776,-7.42304],[108.87796,-7.42304],[108.87805,-7.42304],[108.87805,-7.4226],[108.87805,-7.42259],[108.87805,-7.42232]]],[[[108.87624,-7.42123],[108.8767,-7.42123],[108.8767,-7.42168],[108.8767,-7.42213],[108.8767,-7.42214],[108.87624,-7.42214],[108.87624,-7.42213],[108.87624,-7.42168],[108.87624,-7.42123]]],[[[108.87852,-7.42124],[108.87806,-7.42124],[108.87806,-7.42079],[108.87852,-7.42079],[108.87852,-7.42124]]],[[[108.87761,-7.42078],[108.87715,-7.42078],[108.87715,-7.42033],[108.87761,-7.42033],[108.87761,-7.42078]]],[[[108.87626,-7.42032],[108.87626,-7.42033],[108.8758,-7.42033],[108.8758,-7.42032],[108.8758,-7.41987],[108.87626,-7.41987],[108.87626,-7.42032]]],[[[108.879,-7.41446],[108.879,-7.41492],[108.87854,-7.41492],[108.87854,-7.41491],[108.87809,-7.41491],[108.87809,-7.41446],[108.87854,-7.41446],[108.87855,-7.41446],[108.879,-7.41446]]],[[[108.8763,-7.40813],[108.87676,-7.40813],[108.87722,-7.40813],[108.87722,-7.40858],[108.87676,-7.40858],[108.8763,-7.40858],[108.8763,-7.40813]]],[[[108.87812,-7.40769],[108.87812,-7.40723],[108.87858,-7.40723],[108.87858,-7.40769],[108.87812,-7.40769]]],[[[108.87676,-7.40723],[108.87676,-7.40677],[108.87722,-7.40677],[108.87722,-7.40723],[108.87676,-7.40723]]],[[[108.87678,-7.40451],[108.87679,-7.40451],[108.87724,-7.40451],[108.87724,-7.40497],[108.87768,-7.40497],[108.87769,-7.40497],[108.87814,-7.40497],[108.87814,-7.40542],[108.87814,-7.40543],[108.87814,-7.40587],[108.87814,-7.40588],[108.87814,-7.40633],[108.87768,-7.40633],[108.87768,-7.40588],[108.87768,-7.40587],[108.87768,-7.40543],[108.87768,-7.40542],[108.87723,-7.40542],[108.87723,-7.40497],[108.87679,-7.40497],[108.87678,-7.40497],[108.87633,-7.40497],[108.87633,-7.40451],[108.87678,-7.40451]]],[[[108.87542,-7.40541],[108.87542,-7.40496],[108.87588,-7.40496],[108.87588,-7.40541],[108.87542,-7.40541]]],[[[108.87823,-7.38419],[108.87823,-7.38414],[108.87834,-7.38419],[108.87824,-7.38419],[108.87823,-7.38419]]],[[[108.87562,-7.37329],[108.87567,-7.37328],[108.87594,-7.37307],[108.87603,-7.37291],[108.87603,-7.37334],[108.87565,-7.37334],[108.87563,-7.3733],[108.87563,-7.37329],[108.87562,-7.37329]]],[[[108.8783,-7.37199],[108.87875,-7.37199],[108.87875,-7.37244],[108.87875,-7.37245],[108.87875,-7.3729],[108.87829,-7.3729],[108.87829,-7.37245],[108.87829,-7.37244],[108.87784,-7.37244],[108.87784,-7.37199],[108.87829,-7.37199],[108.8783,-7.37199]]],[[[108.87603,-7.37204],[108.87598,-7.37198],[108.87559,-7.37153],[108.87604,-7.37153],[108.87604,-7.37198],[108.87603,-7.37198],[108.87603,-7.37204]]],[[[108.87694,-7.37199],[108.87648,-7.37199],[108.87648,-7.37198],[108.87648,-7.37153],[108.87694,-7.37153],[108.87694,-7.37198],[108.87694,-7.37199]]],[[[108.87799,-7.371],[108.87802,-7.37101],[108.87802,-7.37109],[108.87802,-7.37154],[108.87785,-7.37154],[108.87785,-7.37109],[108.87739,-7.37109],[108.87739,-7.37075],[108.87766,-7.37086],[108.87767,-7.37086],[108.87767,-7.37099],[108.87785,-7.37099],[108.87785,-7.371],[108.87799,-7.371]]],[[[108.87559,-7.37025],[108.87559,-7.37062],[108.87604,-7.37062],[108.87604,-7.37029],[108.87639,-7.37034],[108.8765,-7.37038],[108.8765,-7.37038],[108.87694,-7.37057],[108.87694,-7.37056],[108.87707,-7.37062],[108.8771,-7.37063],[108.87695,-7.37063],[108.87694,-7.37063],[108.8765,-7.37063],[108.87649,-7.37063],[108.87604,-7.37063],[108.87604,-7.37108],[108.87559,-7.37108],[108.87559,-7.37152],[108.87558,-7.37151],[108.8753,-7.3711],[108.87529,-7.37108],[108.87529,-7.37108],[108.87514,-7.37074],[108.87514,-7.37062],[108.87513,-7.37054],[108.8753,-7.37032],[108.87546,-7.37026],[108.87549,-7.37026],[108.87549,-7.37025],[108.87559,-7.37025]]],[[[108.88027,-7.43358],[108.88026,-7.43358],[108.87981,-7.43362],[108.87979,-7.43363],[108.87976,-7.43363],[108.87972,-7.43361],[108.87957,-7.43349],[108.87953,-7.43344],[108.87981,-7.43344],[108.88026,-7.43344],[108.88027,-7.43344],[108.88027,-7.43345],[108.88064,-7.43345],[108.88028,-7.43358],[108.88027,-7.43358]]],[[[108.88027,-7.433],[108.87981,-7.433],[108.87981,-7.43299],[108.87981,-7.43254],[108.88027,-7.43254],[108.88027,-7.43299],[108.88027,-7.433]]],[[[108.87891,-7.43208],[108.87891,-7.43209],[108.87846,-7.43209],[108.87846,-7.43208],[108.87846,-7.43163],[108.87891,-7.43163],[108.87891,-7.43208]]],[[[108.88028,-7.43029],[108.88028,-7.42983],[108.88074,-7.42983],[108.88074,-7.43029],[108.88028,-7.43029]]],[[[108.87984,-7.42892],[108.87984,-7.42938],[108.87983,-7.42938],[108.87983,-7.42983],[108.87937,-7.42983],[108.87937,-7.42938],[108.87938,-7.42938],[108.87938,-7.42892],[108.87984,-7.42892]]],[[[108.88028,-7.42893],[108.88028,-7.42848],[108.88074,-7.42848],[108.88074,-7.42893],[108.88028,-7.42893]]],[[[108.883,-7.42804],[108.883,-7.42759],[108.88346,-7.42759],[108.88346,-7.42804],[108.883,-7.42804]]],[[[108.87894,-7.42802],[108.87848,-7.42802],[108.87848,-7.42757],[108.87848,-7.42756],[108.87894,-7.42756],[108.87894,-7.42757],[108.87894,-7.42802]]],[[[108.88255,-7.42714],[108.88255,-7.42713],[108.88255,-7.42668],[108.88256,-7.42668],[108.88256,-7.42623],[108.88302,-7.42623],[108.88302,-7.42668],[108.88301,-7.42668],[108.88301,-7.42713],[108.88301,-7.42714],[108.88255,-7.42714]]],[[[108.8823,-7.42469],[108.88248,-7.42469],[108.88248,-7.42487],[108.88257,-7.42487],[108.88257,-7.42532],[108.88257,-7.42533],[108.88211,-7.42533],[108.88211,-7.42532],[108.88166,-7.42532],[108.88166,-7.42487],[108.88211,-7.42487],[108.88211,-7.42469],[108.8823,-7.42469]]],[[[108.88393,-7.42443],[108.88348,-7.42443],[108.8832,-7.42443],[108.8832,-7.42415],[108.88302,-7.42415],[108.88302,-7.42397],[108.88348,-7.42397],[108.88393,-7.42397],[108.88393,-7.42443]]],[[[108.88121,-7.42351],[108.88167,-7.42351],[108.88167,-7.42397],[108.88157,-7.42397],[108.88157,-7.42379],[108.88121,-7.42379],[108.88121,-7.42351]]],[[[108.88168,-7.4199],[108.88168,-7.41945],[108.88214,-7.41945],[108.88214,-7.4199],[108.88214,-7.42035],[108.88168,-7.42035],[108.88168,-7.4199]]],[[[108.88124,-7.41854],[108.88124,-7.41874],[108.88124,-7.41899],[108.88078,-7.41899],[108.88078,-7.41857],[108.88078,-7.41854],[108.88124,-7.41854]]],[[[108.88305,-7.4181],[108.88305,-7.41765],[108.88351,-7.41765],[108.88351,-7.4181],[108.88306,-7.4181],[108.88306,-7.41855],[108.8826,-7.41855],[108.88214,-7.41855],[108.88214,-7.41809],[108.8826,-7.41809],[108.8826,-7.4181],[108.88305,-7.4181]]],[[[108.88261,-7.41719],[108.88215,-7.41719],[108.88215,-7.41674],[108.88261,-7.41674],[108.88261,-7.41719]]],[[[108.88035,-7.41673],[108.88079,-7.41673],[108.88079,-7.41628],[108.88125,-7.41628],[108.88125,-7.41673],[108.88125,-7.41674],[108.88125,-7.41719],[108.88079,-7.41719],[108.88079,-7.41718],[108.88034,-7.41718],[108.88034,-7.41673],[108.87989,-7.41673],[108.87989,-7.41628],[108.87989,-7.41583],[108.87989,-7.41582],[108.88035,-7.41582],[108.88035,-7.41583],[108.88035,-7.41628],[108.88035,-7.41673]]],[[[108.88126,-7.41538],[108.88171,-7.41538],[108.88171,-7.41583],[108.88126,-7.41583],[108.88125,-7.41583],[108.8808,-7.41583],[108.8808,-7.41538],[108.88125,-7.41538],[108.88126,-7.41538]]],[[[108.88352,-7.41539],[108.88306,-7.41539],[108.88306,-7.41494],[108.88352,-7.41494],[108.88352,-7.41539]]],[[[108.88216,-7.41538],[108.88171,-7.41538],[108.88171,-7.41493],[108.88216,-7.41493],[108.88216,-7.41538]]],[[[108.88036,-7.41447],[108.88036,-7.41402],[108.88081,-7.41402],[108.88081,-7.41447],[108.88036,-7.41447]]],[[[108.87946,-7.41401],[108.87946,-7.41402],[108.879,-7.41402],[108.879,-7.41401],[108.879,-7.41356],[108.87946,-7.41356],[108.87946,-7.41401]]],[[[108.8801,-7.41266],[108.87991,-7.41266],[108.8799,-7.41266],[108.8799,-7.41221],[108.87991,-7.41221],[108.88029,-7.41221],[108.88036,-7.41221],[108.88036,-7.41266],[108.8801,-7.41266]]],[[[108.87992,-7.40995],[108.87992,-7.4095],[108.88038,-7.4095],[108.88038,-7.40995],[108.88038,-7.4103],[108.88035,-7.41041],[108.88035,-7.41041],[108.88021,-7.41086],[108.88021,-7.41086],[108.88012,-7.41116],[108.88012,-7.41122],[108.88014,-7.41131],[108.87992,-7.41131],[108.87991,-7.41131],[108.87946,-7.41131],[108.87946,-7.41085],[108.87991,-7.41085],[108.87991,-7.4104],[108.87992,-7.4104],[108.87992,-7.40995]]],[[[108.88038,-7.40769],[108.88039,-7.40769],[108.88039,-7.40724],[108.88082,-7.40724],[108.88084,-7.40724],[108.8811,-7.40724],[108.88117,-7.40756],[108.88117,-7.40757],[108.88116,-7.4077],[108.88109,-7.4077],[108.88084,-7.4077],[108.88084,-7.40815],[108.88084,-7.4086],[108.88089,-7.4086],[108.88084,-7.40878],[108.88084,-7.40879],[108.88076,-7.40905],[108.88062,-7.4095],[108.88038,-7.4095],[108.88038,-7.40905],[108.88038,-7.4086],[108.88038,-7.40815],[108.88038,-7.40769]]],[[[108.88226,-7.3955],[108.8818,-7.3955],[108.8818,-7.39505],[108.88226,-7.39505],[108.88226,-7.3955]]],[[[108.87955,-7.39414],[108.87909,-7.39414],[108.87909,-7.39368],[108.87955,-7.39368],[108.87955,-7.39414]]],[[[108.88139,-7.38692],[108.88184,-7.38692],[108.88184,-7.38737],[108.88184,-7.38782],[108.88139,-7.38782],[108.88139,-7.38737],[108.88139,-7.38692]]],[[[108.88275,-7.38737],[108.88229,-7.38737],[108.88229,-7.38692],[108.88275,-7.38692],[108.88275,-7.38737]]],[[[108.87838,-7.37116],[108.87839,-7.37116],[108.87875,-7.37131],[108.87875,-7.37154],[108.87839,-7.37154],[108.87838,-7.37154],[108.87838,-7.37116]]],[[[108.88515,-7.44307],[108.88515,-7.443],[108.88515,-7.44298],[108.88515,-7.44296],[108.88519,-7.44296],[108.88519,-7.44251],[108.88516,-7.44251],[108.88518,-7.44228],[108.88495,-7.44221],[108.88506,-7.44205],[108.8852,-7.44187],[108.88539,-7.4416],[108.8855,-7.44145],[108.88563,-7.44115],[108.88565,-7.44111],[108.88566,-7.4411],[108.88567,-7.44108],[108.88568,-7.44105],[108.88576,-7.4407],[108.88578,-7.44058],[108.88586,-7.44025],[108.88589,-7.44009],[108.886,-7.4398],[108.88611,-7.4395],[108.88612,-7.43948],[108.88612,-7.43949],[108.88623,-7.43935],[108.88629,-7.43927],[108.88646,-7.4389],[108.88657,-7.43864],[108.88657,-7.43864],[108.88666,-7.43845],[108.88702,-7.43845],[108.88703,-7.43845],[108.88748,-7.43845],[108.88748,-7.4389],[108.88793,-7.4389],[108.88793,-7.43935],[108.88793,-7.43936],[108.88837,-7.43936],[108.88838,-7.43936],[108.88838,-7.43891],[108.88838,-7.43846],[108.88838,-7.43845],[108.88884,-7.43845],[108.88884,-7.43801],[108.88929,-7.43801],[108.8893,-7.43801],[108.88974,-7.43801],[108.88975,-7.43801],[108.88975,-7.43756],[108.89021,-7.43756],[108.89021,-7.43801],[108.89065,-7.43801],[108.89065,-7.43756],[108.89111,-7.43756],[108.89111,-7.43802],[108.89066,-7.43802],[108.89066,-7.43847],[108.8902,-7.43847],[108.8902,-7.43892],[108.88975,-7.43892],[108.88975,-7.43937],[108.88929,-7.43937],[108.88929,-7.43981],[108.88974,-7.43981],[108.88974,-7.43982],[108.89008,-7.43982],[108.89019,-7.43982],[108.89055,-7.43982],[108.8906,-7.43982],[108.89065,-7.43982],[108.89065,-7.44003],[108.89065,-7.44014],[108.89065,-7.44027],[108.89087,-7.44027],[108.89108,-7.44027],[108.8911,-7.44027],[108.8911,-7.44028],[108.8911,-7.44038],[108.8911,-7.44073],[108.89155,-7.44073],[108.89155,-7.44118],[108.892,-7.44118],[108.892,-7.44163],[108.89245,-7.44163],[108.89245,-7.44164],[108.89289,-7.44164],[108.8929,-7.44164],[108.8929,-7.44136],[108.8929,-7.44126],[108.8929,-7.44119],[108.89335,-7.44119],[108.89336,-7.44119],[108.8938,-7.44119],[108.89381,-7.44119],[108.89426,-7.44119],[108.89471,-7.44119],[108.89472,-7.44119],[108.89472,-7.44121],[108.89472,-7.4413],[108.89472,-7.44165],[108.89516,-7.44165],[108.89516,-7.44128],[108.89516,-7.4412],[108.89522,-7.4412],[108.89523,-7.4412],[108.89555,-7.4412],[108.89561,-7.4412],[108.89562,-7.4412],[108.89562,-7.44125],[108.89562,-7.44165],[108.89562,-7.44174],[108.89561,-7.44174],[108.89561,-7.44175],[108.89543,-7.44175],[108.89543,-7.4421],[108.89561,-7.4421],[108.89562,-7.4421],[108.89579,-7.4421],[108.89606,-7.4421],[108.89607,-7.4421],[108.89607,-7.44256],[108.89606,-7.44256],[108.89562,-7.44256],[108.89561,-7.44256],[108.89516,-7.44256],[108.89516,-7.44255],[108.89489,-7.44255],[108.89489,-7.4421],[108.89489,-7.44192],[108.89471,-7.44192],[108.8947,-7.44192],[108.8947,-7.44174],[108.89434,-7.44174],[108.89434,-7.4421],[108.89434,-7.44246],[108.89453,-7.44246],[108.89453,-7.44255],[108.89453,-7.44264],[108.89471,-7.44264],[108.89471,-7.443],[108.89425,-7.443],[108.89425,-7.44255],[108.8938,-7.44255],[108.8938,-7.4421],[108.89335,-7.4421],[108.89335,-7.44209],[108.8929,-7.44209],[108.89289,-7.44209],[108.89245,-7.44209],[108.89244,-7.44209],[108.89199,-7.44209],[108.89199,-7.44254],[108.89199,-7.44299],[108.89199,-7.44344],[108.89198,-7.44344],[108.89198,-7.44389],[108.89243,-7.44389],[108.89243,-7.44435],[108.89198,-7.44435],[108.89197,-7.44435],[108.89153,-7.44435],[108.89152,-7.44435],[108.89152,-7.44434],[108.89108,-7.44434],[108.89107,-7.44434],[108.89063,-7.44434],[108.89063,-7.44479],[108.89107,-7.44479],[108.89108,-7.44479],[108.89153,-7.44479],[108.89153,-7.4448],[108.89197,-7.4448],[108.89198,-7.4448],[108.89243,-7.4448],[108.89243,-7.44525],[108.89243,-7.4457],[108.89243,-7.44615],[108.89288,-7.44615],[108.89288,-7.44616],[108.89333,-7.44616],[108.89333,-7.44661],[108.89288,-7.44661],[108.89288,-7.44706],[108.89243,-7.44706],[108.89242,-7.44706],[108.89197,-7.44706],[108.89197,-7.44751],[108.89242,-7.44751],[108.89242,-7.44796],[108.89196,-7.44796],[108.89196,-7.44751],[108.89151,-7.44751],[108.89151,-7.44706],[108.89151,-7.44705],[108.89151,-7.4466],[108.89107,-7.4466],[108.89106,-7.4466],[108.89062,-7.4466],[108.89061,-7.4466],[108.89016,-7.4466],[108.8897,-7.4466],[108.8897,-7.44659],[108.88925,-7.44659],[108.88925,-7.44614],[108.88925,-7.44569],[108.8888,-7.44569],[108.8888,-7.44524],[108.88835,-7.44524],[108.88835,-7.44523],[108.88835,-7.44478],[108.88835,-7.44433],[108.88791,-7.44433],[108.8879,-7.44433],[108.88745,-7.44433],[108.88745,-7.44388],[108.88745,-7.44387],[108.88745,-7.44342],[108.88701,-7.44342],[108.887,-7.44342],[108.88655,-7.44342],[108.88655,-7.44297],[108.88655,-7.44296],[108.88701,-7.44296],[108.88701,-7.44252],[108.88656,-7.44252],[108.88656,-7.44251],[108.88619,-7.44251],[108.88634,-7.44243],[108.8863,-7.44238],[108.88617,-7.44248],[108.88617,-7.44249],[108.88616,-7.44249],[108.88615,-7.44249],[108.88615,-7.4425],[108.88614,-7.4425],[108.88614,-7.44251],[108.88611,-7.44251],[108.8861,-7.44251],[108.88566,-7.44251],[108.88565,-7.44251],[108.88565,-7.44281],[108.88565,-7.44283],[108.88565,-7.44296],[108.8861,-7.44296],[108.8861,-7.44341],[108.8861,-7.44387],[108.88564,-7.44387],[108.88564,-7.44341],[108.8852,-7.44341],[108.88519,-7.44341],[108.88519,-7.44361],[108.88518,-7.4436],[108.88507,-7.44347],[108.88508,-7.44341],[108.88515,-7.44307]],[[108.89064,-7.44117],[108.89064,-7.44118],[108.89064,-7.44163],[108.89108,-7.44163],[108.89108,-7.44118],[108.89109,-7.44118],[108.89109,-7.44073],[108.89064,-7.44073],[108.89064,-7.44117]],[[108.89063,-7.44253],[108.89108,-7.44253],[108.89108,-7.44209],[108.89108,-7.44208],[108.89063,-7.44208],[108.89063,-7.44253]],[[108.89018,-7.44344],[108.89018,-7.44388],[108.89018,-7.44389],[108.89062,-7.44389],[108.89062,-7.44344],[108.89018,-7.44344]],[[108.88974,-7.43846],[108.8893,-7.43846],[108.88929,-7.43846],[108.88929,-7.43891],[108.88974,-7.43891],[108.88974,-7.43846]],[[108.88838,-7.44072],[108.88838,-7.44116],[108.88838,-7.44117],[108.88882,-7.44117],[108.88883,-7.44117],[108.88927,-7.44117],[108.88927,-7.44072],[108.88973,-7.44072],[108.88973,-7.44027],[108.88929,-7.44027],[108.88928,-7.44027],[108.88883,-7.44027],[108.88883,-7.44072],[108.88838,-7.44072]],[[108.88972,-7.44162],[108.88972,-7.44161],[108.88972,-7.44151],[108.88972,-7.44117],[108.88928,-7.44117],[108.88928,-7.44146],[108.88928,-7.44155],[108.88928,-7.44162],[108.88972,-7.44162]],[[108.88927,-7.44388],[108.88927,-7.44343],[108.88882,-7.44343],[108.88882,-7.44388],[108.88926,-7.44388],[108.88927,-7.44388]],[[108.88926,-7.44479],[108.88881,-7.44479],[108.88881,-7.44523],[108.88926,-7.44523],[108.88926,-7.44479]],[[108.88926,-7.44524],[108.88926,-7.44569],[108.88971,-7.44569],[108.88971,-7.44524],[108.88926,-7.44524]],[[108.88702,-7.44116],[108.88702,-7.44071],[108.88657,-7.44071],[108.88657,-7.44115],[108.88657,-7.44116],[108.88701,-7.44116],[108.88702,-7.44116]],[[108.88555,-7.44291],[108.88556,-7.44292],[108.88556,-7.4429],[108.88555,-7.44291]],[[108.88662,-7.44212],[108.8866,-7.44214],[108.88661,-7.44215],[108.88662,-7.44212]],[[108.88684,-7.44177],[108.88682,-7.44182],[108.88686,-7.44179],[108.88684,-7.44177]],[[108.88793,-7.43981],[108.88793,-7.44026],[108.88837,-7.44026],[108.88837,-7.43981],[108.88793,-7.43981]],[[108.89017,-7.44253],[108.88973,-7.44253],[108.88973,-7.44298],[108.88973,-7.44343],[108.89017,-7.44343],[108.89017,-7.44298],[108.89017,-7.44253]],[[108.88973,-7.44208],[108.89017,-7.44208],[108.89017,-7.44163],[108.88973,-7.44163],[108.88973,-7.44207],[108.88973,-7.44208]],[[108.89152,-7.4457],[108.89152,-7.44525],[108.89108,-7.44525],[108.89107,-7.44525],[108.89107,-7.44569],[108.89107,-7.4457],[108.89152,-7.4457]],[[108.89153,-7.44299],[108.89108,-7.44299],[108.89108,-7.44344],[108.89152,-7.44344],[108.89153,-7.44344],[108.89153,-7.44299]],[[108.89387,-7.44154],[108.89396,-7.44145],[108.89384,-7.4415],[108.89387,-7.44154]]],[[[108.88704,-7.43619],[108.88658,-7.43619],[108.88658,-7.43574],[108.88704,-7.43574],[108.88704,-7.43619]]],[[[108.88435,-7.4294],[108.88435,-7.42895],[108.88481,-7.42895],[108.88481,-7.4294],[108.88435,-7.4294]]],[[[108.88481,-7.42895],[108.88481,-7.4285],[108.88527,-7.4285],[108.88527,-7.42895],[108.88481,-7.42895]]],[[[108.88436,-7.4285],[108.8839,-7.4285],[108.8839,-7.42804],[108.88436,-7.42804],[108.88436,-7.4285]]],[[[108.88436,-7.4276],[108.88436,-7.42759],[108.88436,-7.42714],[108.88482,-7.42714],[108.88482,-7.42759],[108.88482,-7.4276],[108.88436,-7.4276]]],[[[108.88447,-7.42524],[108.88465,-7.42524],[108.88465,-7.42533],[108.88465,-7.42534],[108.88465,-7.42542],[108.88483,-7.42542],[108.88483,-7.42543],[108.88519,-7.42543],[108.88528,-7.42543],[108.88529,-7.42543],[108.88529,-7.42579],[108.88528,-7.42579],[108.88483,-7.42579],[108.88483,-7.42624],[108.88437,-7.42624],[108.88437,-7.42579],[108.88437,-7.42533],[108.88392,-7.42533],[108.88392,-7.42488],[108.88429,-7.42488],[108.88429,-7.42524],[108.88438,-7.42524],[108.88447,-7.42524]]],[[[108.88465,-7.4247],[108.88465,-7.42452],[108.88438,-7.42452],[108.88438,-7.42443],[108.88438,-7.42398],[108.88483,-7.42398],[108.88484,-7.42398],[108.88484,-7.42443],[108.88484,-7.42488],[108.88483,-7.42488],[108.88483,-7.4247],[108.88465,-7.4247]]],[[[108.88484,-7.42353],[108.88438,-7.42353],[108.88438,-7.42308],[108.88438,-7.42307],[108.88484,-7.42307],[108.88484,-7.42308],[108.88484,-7.42353]]],[[[108.88486,-7.41946],[108.88441,-7.41946],[108.88441,-7.41991],[108.88395,-7.41991],[108.88395,-7.41946],[108.8844,-7.41946],[108.8844,-7.41919],[108.8844,-7.41918],[108.8844,-7.41901],[108.88405,-7.41901],[108.88396,-7.41901],[108.88395,-7.41901],[108.8835,-7.41901],[108.8835,-7.41898],[108.8835,-7.41855],[108.88395,-7.41855],[108.88396,-7.41855],[108.88441,-7.41855],[108.88441,-7.41856],[108.88486,-7.41856],[108.88487,-7.41856],[108.88531,-7.41856],[108.88532,-7.41856],[108.88576,-7.41856],[108.88577,-7.41856],[108.88622,-7.41856],[108.88622,-7.41901],[108.88622,-7.41902],[108.88667,-7.41902],[108.88667,-7.41947],[108.88712,-7.41947],[108.88712,-7.41992],[108.88721,-7.41992],[108.88721,-7.41993],[108.88721,-7.4202],[108.88738,-7.4202],[108.88739,-7.4202],[108.88739,-7.42038],[108.88757,-7.42038],[108.88757,-7.42062],[108.88757,-7.42083],[108.88712,-7.42083],[108.88711,-7.42083],[108.88666,-7.42083],[108.88666,-7.42038],[108.88621,-7.42038],[108.88621,-7.42082],[108.88621,-7.42083],[108.88575,-7.42083],[108.88575,-7.42082],[108.88575,-7.42037],[108.88531,-7.42037],[108.88531,-7.42082],[108.88531,-7.42127],[108.88485,-7.42127],[108.88485,-7.42082],[108.88485,-7.42037],[108.8853,-7.42037],[108.8853,-7.41992],[108.88531,-7.41992],[108.88531,-7.41947],[108.88486,-7.41947],[108.88486,-7.41946]],[[108.88621,-7.42037],[108.88621,-7.41992],[108.88577,-7.41992],[108.88576,-7.41992],[108.88576,-7.42037],[108.88621,-7.42037]]],[[[108.88487,-7.41675],[108.88441,-7.41675],[108.88441,-7.4163],[108.88487,-7.4163],[108.88487,-7.41675]]],[[[108.88443,-7.41539],[108.88397,-7.41539],[108.88397,-7.41494],[108.88442,-7.41494],[108.88442,-7.41449],[108.88487,-7.41449],[108.88488,-7.41449],[108.88533,-7.41449],[108.88533,-7.41495],[108.88488,-7.41495],[108.88487,-7.41495],[108.88443,-7.41495],[108.88443,-7.41539]]],[[[108.88718,-7.40546],[108.88718,-7.40547],[108.88718,-7.40574],[108.88706,-7.40546],[108.88718,-7.40546]]],[[[108.88631,-7.39688],[108.88677,-7.39688],[108.88677,-7.39731],[108.88674,-7.39731],[108.88673,-7.39733],[108.88633,-7.39733],[108.88631,-7.39733],[108.88631,-7.39728],[108.88631,-7.39688]]],[[[108.88496,-7.39733],[108.88496,-7.39687],[108.88541,-7.39687],[108.88541,-7.39733],[108.88496,-7.39733]]],[[[108.88677,-7.39643],[108.88677,-7.39598],[108.88723,-7.39598],[108.88723,-7.39643],[108.88677,-7.39643]]],[[[108.88591,-7.39597],[108.88633,-7.39597],[108.88633,-7.39643],[108.88605,-7.39643],[108.88595,-7.39643],[108.88587,-7.39643],[108.88541,-7.39643],[108.88541,-7.39642],[108.88541,-7.39597],[108.88581,-7.39597],[108.88587,-7.39597],[108.88591,-7.39597]]],[[[108.885,-7.38874],[108.88454,-7.38874],[108.88454,-7.38832],[108.88454,-7.38829],[108.88458,-7.38829],[108.885,-7.38829],[108.885,-7.38874]]],[[[108.88364,-7.38783],[108.8841,-7.38783],[108.8841,-7.38828],[108.88365,-7.38828],[108.88365,-7.38873],[108.88319,-7.38873],[108.88319,-7.38828],[108.88364,-7.38828],[108.88364,-7.38783]]],[[[108.88885,-7.43665],[108.8884,-7.43665],[108.8884,-7.4362],[108.88885,-7.4362],[108.88886,-7.4362],[108.88886,-7.43665],[108.88885,-7.43665]]],[[[108.88799,-7.42806],[108.88753,-7.42806],[108.88753,-7.42761],[108.88799,-7.42761],[108.88799,-7.42806]]],[[[108.88889,-7.42581],[108.88899,-7.42581],[108.88899,-7.42626],[108.88889,-7.42626],[108.88889,-7.42581]]],[[[108.888,-7.42382],[108.88773,-7.42382],[108.88773,-7.42399],[108.88773,-7.424],[108.88755,-7.424],[108.88755,-7.42354],[108.888,-7.42354],[108.88801,-7.42354],[108.88809,-7.42354],[108.88809,-7.42381],[108.88828,-7.42381],[108.88828,-7.42382],[108.88828,-7.424],[108.88827,-7.424],[108.88827,-7.42382],[108.88809,-7.42382],[108.88801,-7.42382],[108.888,-7.42382]]],[[[108.88892,-7.42219],[108.88932,-7.42219],[108.88937,-7.42219],[108.88937,-7.42225],[108.88937,-7.42226],[108.88937,-7.42265],[108.88892,-7.42265],[108.88892,-7.42309],[108.88892,-7.4231],[108.88882,-7.4231],[108.88882,-7.42328],[108.88864,-7.42328],[108.88846,-7.42328],[108.88846,-7.4231],[108.88846,-7.42309],[108.88801,-7.42309],[108.88801,-7.42264],[108.88846,-7.42264],[108.88846,-7.42219],[108.88892,-7.42219]]],[[[108.88793,-7.42002],[108.88781,-7.42002],[108.88775,-7.42002],[108.88775,-7.41993],[108.88775,-7.41987],[108.88775,-7.41984],[108.88772,-7.41984],[108.88761,-7.41984],[108.88757,-7.41984],[108.88757,-7.41979],[108.88757,-7.41966],[108.88756,-7.41966],[108.88756,-7.41962],[108.88756,-7.41948],[108.88757,-7.41948],[108.88802,-7.41948],[108.88802,-7.41993],[108.88847,-7.41993],[108.88848,-7.41993],[108.88848,-7.42002],[108.88847,-7.42002],[108.88829,-7.42002],[108.88829,-7.42038],[108.88802,-7.42038],[108.88801,-7.42038],[108.88793,-7.42038],[108.88793,-7.42002]]],[[[108.88852,-7.41045],[108.88852,-7.41044],[108.8887,-7.41044],[108.8887,-7.41026],[108.88871,-7.41026],[108.88898,-7.41026],[108.88898,-7.41044],[108.88898,-7.41045],[108.88898,-7.4109],[108.88852,-7.4109],[108.88852,-7.41045]]],[[[108.88871,-7.40954],[108.88871,-7.40972],[108.8887,-7.40972],[108.88852,-7.40972],[108.88852,-7.40954],[108.88871,-7.40954]]],[[[108.88808,-7.40728],[108.88808,-7.40683],[108.88854,-7.40683],[108.88854,-7.40728],[108.88808,-7.40728]]],[[[108.88763,-7.40638],[108.88763,-7.40592],[108.88809,-7.40592],[108.88809,-7.40638],[108.88763,-7.40638]]],[[[108.88766,-7.39914],[108.88812,-7.39914],[108.88812,-7.39915],[108.88812,-7.39928],[108.88812,-7.3996],[108.88776,-7.3996],[108.88766,-7.3996],[108.88766,-7.39915],[108.88766,-7.39914]]],[[[108.88813,-7.39824],[108.88767,-7.39824],[108.88767,-7.39818],[108.88813,-7.398],[108.88813,-7.39824]]],[[[108.88904,-7.39779],[108.88904,-7.39825],[108.88879,-7.39825],[108.88858,-7.39825],[108.88858,-7.39781],[108.88864,-7.39779],[108.88896,-7.39779],[108.88904,-7.39779]]],[[[108.88722,-7.39734],[108.88722,-7.39733],[108.88768,-7.39733],[108.88768,-7.39734],[108.88768,-7.39754],[108.88722,-7.39747],[108.88722,-7.39734]]],[[[108.88859,-7.39734],[108.88813,-7.39734],[108.88813,-7.39689],[108.88768,-7.39689],[108.88768,-7.39644],[108.88768,-7.39643],[108.88768,-7.39598],[108.88814,-7.39598],[108.88814,-7.39643],[108.88814,-7.39644],[108.88859,-7.39644],[108.88859,-7.39689],[108.88859,-7.39734]]],[[[108.88815,-7.39282],[108.88815,-7.39237],[108.88861,-7.39237],[108.88861,-7.39282],[108.88815,-7.39282]]],[[[108.88816,-7.39192],[108.8877,-7.39192],[108.8877,-7.39146],[108.88816,-7.39146],[108.88816,-7.39192]]],[[[108.88813,-7.36045],[108.8881,-7.36029],[108.88831,-7.36029],[108.88831,-7.36059],[108.8883,-7.36059],[108.88813,-7.36045]]],[[[108.88831,-7.35984],[108.88829,-7.35984],[108.88831,-7.3598],[108.88831,-7.35984]]],[[[108.88905,-7.35867],[108.88911,-7.35849],[108.88922,-7.35849],[108.88922,-7.35894],[108.88886,-7.35894],[108.88905,-7.35867]]],[[[108.88923,-7.35623],[108.88923,-7.35658],[108.88919,-7.35639],[108.88915,-7.35623],[108.88902,-7.35578],[108.88924,-7.35578],[108.88924,-7.35623],[108.88923,-7.35623]]],[[[108.88889,-7.35533],[108.88888,-7.35531],[108.88881,-7.35496],[108.8888,-7.35487],[108.88924,-7.35487],[108.88924,-7.35533],[108.88889,-7.35533]]],[[[108.88879,-7.35477],[108.88877,-7.3546],[108.88879,-7.35446],[108.88879,-7.35477]]],[[[108.88883,-7.35415],[108.88892,-7.35397],[108.88924,-7.35397],[108.88924,-7.35442],[108.88879,-7.35442],[108.88883,-7.35415]]],[[[108.88893,-7.32505],[108.88847,-7.32505],[108.88847,-7.3246],[108.88893,-7.3246],[108.88893,-7.32505]]],[[[108.88757,-7.32459],[108.88802,-7.32459],[108.88802,-7.3246],[108.88802,-7.32505],[108.88757,-7.32505],[108.88756,-7.32505],[108.88756,-7.3246],[108.88756,-7.32459],[108.88757,-7.32459]]],[[[108.88803,-7.32234],[108.88803,-7.32189],[108.88849,-7.32189],[108.88849,-7.32234],[108.88803,-7.32234]]],[[[108.88759,-7.31972],[108.88762,-7.31969],[108.88765,-7.31962],[108.88805,-7.31962],[108.88805,-7.31963],[108.88805,-7.31972],[108.88804,-7.31972],[108.88804,-7.3199],[108.88768,-7.3199],[108.88768,-7.32008],[108.88759,-7.32008],[108.88759,-7.31972]]],[[[108.88976,-7.4362],[108.8893,-7.4362],[108.8893,-7.43575],[108.88976,-7.43575],[108.88976,-7.4362]]],[[[108.88894,-7.41813],[108.88894,-7.41768],[108.88894,-7.41767],[108.8894,-7.41767],[108.8894,-7.41768],[108.8894,-7.41813],[108.88894,-7.41813]]],[[[108.88978,-7.41153],[108.88978,-7.41154],[108.88942,-7.41154],[108.88942,-7.41153],[108.88969,-7.41153],[108.88978,-7.41153]]],[[[108.89034,-7.40846],[108.89034,-7.40864],[108.89079,-7.40864],[108.89079,-7.40865],[108.89124,-7.40865],[108.89124,-7.4091],[108.89079,-7.4091],[108.89079,-7.40955],[108.8907,-7.40955],[108.8907,-7.40937],[108.89052,-7.40937],[108.89034,-7.40937],[108.89033,-7.40937],[108.89033,-7.4091],[108.89033,-7.40865],[108.88989,-7.40865],[108.88988,-7.40865],[108.88988,-7.40846],[108.88989,-7.40846],[108.88998,-7.40846],[108.89034,-7.40846]]],[[[108.89034,-7.40774],[108.89034,-7.40756],[108.88998,-7.40756],[108.88998,-7.40774],[108.88989,-7.40774],[108.88989,-7.40729],[108.88944,-7.40729],[108.88944,-7.40683],[108.8899,-7.40683],[108.8899,-7.40729],[108.89035,-7.40729],[108.89035,-7.40774],[108.89034,-7.40774]]],[[[108.88996,-7.39193],[108.88996,-7.39148],[108.88996,-7.39147],[108.89042,-7.39147],[108.89042,-7.39148],[108.89042,-7.39193],[108.88996,-7.39193]]],[[[108.88908,-7.3884],[108.88908,-7.38831],[108.88947,-7.38831],[108.88953,-7.38831],[108.88953,-7.38876],[108.88908,-7.38876],[108.88908,-7.3884]]],[[[108.89059,-7.35759],[108.89013,-7.35759],[108.89013,-7.35714],[108.89059,-7.35714],[108.89059,-7.35759]]],[[[108.89014,-7.35669],[108.88968,-7.35669],[108.88968,-7.35623],[108.89014,-7.35623],[108.89014,-7.35669]]],[[[108.89142,-7.44841],[108.89141,-7.44837],[108.89131,-7.44828],[108.89131,-7.44827],[108.8913,-7.44827],[108.8913,-7.44826],[108.8912,-7.44841],[108.89112,-7.44841],[108.89108,-7.44822],[108.89106,-7.44796],[108.89151,-7.44796],[108.89151,-7.44841],[108.89142,-7.44841]]],[[[108.89156,-7.43892],[108.8911,-7.43892],[108.8911,-7.43847],[108.89156,-7.43847],[108.89156,-7.43892]]],[[[108.89206,-7.42898],[108.89206,-7.42899],[108.8916,-7.42899],[108.8916,-7.42898],[108.89118,-7.42898],[108.89114,-7.42898],[108.89114,-7.42882],[108.89114,-7.42879],[108.89114,-7.42853],[108.89127,-7.42853],[108.89138,-7.42853],[108.8916,-7.42853],[108.89206,-7.42853],[108.89206,-7.42879],[108.89206,-7.42888],[108.89206,-7.42898]]],[[[108.89115,-7.42717],[108.89161,-7.42717],[108.89161,-7.42763],[108.89116,-7.42763],[108.89115,-7.42763],[108.89115,-7.42762],[108.89115,-7.42717]]],[[[108.8903,-7.41497],[108.8903,-7.41452],[108.89076,-7.41452],[108.89076,-7.41497],[108.8903,-7.41497]]],[[[108.89171,-7.40594],[108.8918,-7.40594],[108.8918,-7.40612],[108.89171,-7.40612],[108.89144,-7.40612],[108.89144,-7.40639],[108.89144,-7.40648],[108.89162,-7.40648],[108.8917,-7.40648],[108.89171,-7.40648],[108.89179,-7.40648],[108.89179,-7.40666],[108.89198,-7.40666],[108.89198,-7.40684],[108.89216,-7.40684],[108.89234,-7.40684],[108.89234,-7.40648],[108.89252,-7.40648],[108.89252,-7.4064],[108.89252,-7.40639],[108.89252,-7.40595],[108.89217,-7.40595],[108.89216,-7.40595],[108.89216,-7.40594],[108.89216,-7.40549],[108.89262,-7.40549],[108.89262,-7.40594],[108.89307,-7.40594],[108.89307,-7.4064],[108.89307,-7.40685],[108.89262,-7.40685],[108.89261,-7.40685],[108.89216,-7.40685],[108.89216,-7.4073],[108.8917,-7.4073],[108.8917,-7.40685],[108.89125,-7.40685],[108.89125,-7.40684],[108.89125,-7.40639],[108.89125,-7.40594],[108.89171,-7.40594]]],[[[108.89172,-7.40458],[108.89172,-7.40504],[108.89127,-7.40504],[108.89127,-7.40549],[108.89081,-7.40549],[108.89081,-7.40503],[108.89126,-7.40503],[108.89126,-7.40458],[108.89172,-7.40458]]],[[[108.89127,-7.40278],[108.89082,-7.40278],[108.89081,-7.40278],[108.89081,-7.40232],[108.89082,-7.40232],[108.89127,-7.40232],[108.89127,-7.40278]]],[[[108.89129,-7.40006],[108.89129,-7.40007],[108.89083,-7.40007],[108.89083,-7.40006],[108.89083,-7.39961],[108.89129,-7.39961],[108.89129,-7.40006]]],[[[108.89136,-7.38425],[108.89091,-7.38425],[108.89091,-7.3838],[108.89136,-7.3838],[108.89137,-7.3838],[108.89137,-7.38425],[108.89136,-7.38425]]],[[[108.89184,-7.37838],[108.89184,-7.37847],[108.89175,-7.37847],[108.89175,-7.37883],[108.89157,-7.37883],[108.89138,-7.37883],[108.89138,-7.37838],[108.89094,-7.37838],[108.89094,-7.37793],[108.89094,-7.37792],[108.8914,-7.37792],[108.8914,-7.37793],[108.8914,-7.37838],[108.89184,-7.37838]]],[[[108.8915,-7.35443],[108.89104,-7.35443],[108.89104,-7.35398],[108.8915,-7.35398],[108.8915,-7.35443]]],[[[108.89147,-7.34811],[108.89141,-7.34778],[108.89139,-7.34766],[108.89139,-7.34766],[108.8913,-7.3472],[108.89153,-7.3472],[108.89154,-7.3472],[108.89198,-7.3472],[108.89198,-7.34676],[108.89198,-7.34675],[108.89199,-7.34675],[108.89199,-7.34631],[108.89199,-7.3463],[108.89154,-7.3463],[108.89154,-7.34675],[108.89109,-7.34675],[108.89108,-7.34675],[108.89094,-7.34675],[108.89087,-7.34665],[108.89084,-7.34647],[108.89084,-7.3463],[108.89108,-7.3463],[108.89108,-7.34585],[108.89109,-7.34585],[108.89109,-7.3454],[108.89109,-7.34539],[108.89155,-7.34539],[108.89155,-7.3454],[108.89155,-7.34585],[108.89199,-7.34585],[108.89199,-7.3454],[108.892,-7.3454],[108.892,-7.34495],[108.89245,-7.34495],[108.89245,-7.3445],[108.8929,-7.3445],[108.89291,-7.3445],[108.89291,-7.34405],[108.89291,-7.3436],[108.89336,-7.3436],[108.89381,-7.3436],[108.89426,-7.3436],[108.89426,-7.34315],[108.89427,-7.34315],[108.89427,-7.3427],[108.89473,-7.3427],[108.89473,-7.34315],[108.89472,-7.34315],[108.89472,-7.3436],[108.89517,-7.3436],[108.89517,-7.34316],[108.89517,-7.34315],[108.89563,-7.34315],[108.89563,-7.34271],[108.89609,-7.34271],[108.89609,-7.34316],[108.89653,-7.34316],[108.89653,-7.34361],[108.89607,-7.34361],[108.89607,-7.34316],[108.89563,-7.34316],[108.89563,-7.34361],[108.89563,-7.34406],[108.89608,-7.34406],[108.89608,-7.34451],[108.89608,-7.34452],[108.89562,-7.34452],[108.89562,-7.34496],[108.89607,-7.34496],[108.89607,-7.34497],[108.89607,-7.34542],[108.89607,-7.34587],[108.89607,-7.34632],[108.89561,-7.34632],[108.89561,-7.34587],[108.89517,-7.34587],[108.89517,-7.34632],[108.89516,-7.34632],[108.89472,-7.34632],[108.89471,-7.34632],[108.89471,-7.34676],[108.89471,-7.34677],[108.89516,-7.34677],[108.89516,-7.34722],[108.89561,-7.34722],[108.89561,-7.34767],[108.89561,-7.34768],[108.89516,-7.34768],[108.89516,-7.34812],[108.89516,-7.34813],[108.89515,-7.34813],[108.89515,-7.34857],[108.89515,-7.34858],[108.89515,-7.34903],[108.8956,-7.34903],[108.8956,-7.34858],[108.89605,-7.34858],[108.89606,-7.34858],[108.89651,-7.34858],[108.89651,-7.34813],[108.89696,-7.34813],[108.89697,-7.34813],[108.89697,-7.34859],[108.89696,-7.34859],[108.89651,-7.34859],[108.89651,-7.34903],[108.89651,-7.34904],[108.89606,-7.34904],[108.89606,-7.34948],[108.89651,-7.34948],[108.89651,-7.34949],[108.89696,-7.34949],[108.89696,-7.34994],[108.89696,-7.35039],[108.89695,-7.35039],[108.89695,-7.35084],[108.89695,-7.35129],[108.89695,-7.3513],[108.89695,-7.35175],[108.8965,-7.35175],[108.89649,-7.35175],[108.89604,-7.35175],[108.89604,-7.3522],[108.89649,-7.3522],[108.89649,-7.35265],[108.89603,-7.35265],[108.89603,-7.3522],[108.89558,-7.3522],[108.89558,-7.35174],[108.89558,-7.35129],[108.89558,-7.35084],[108.89559,-7.35084],[108.89559,-7.35039],[108.89514,-7.35039],[108.89514,-7.35083],[108.89514,-7.35084],[108.89514,-7.35129],[108.89468,-7.35129],[108.89468,-7.35084],[108.89468,-7.35083],[108.89468,-7.35038],[108.89468,-7.34993],[108.89469,-7.34993],[108.89469,-7.34948],[108.89514,-7.34948],[108.89514,-7.34903],[108.89469,-7.34903],[108.89469,-7.34858],[108.89469,-7.34857],[108.89469,-7.34812],[108.89424,-7.34812],[108.89424,-7.34767],[108.89379,-7.34767],[108.89379,-7.34722],[108.89334,-7.34722],[108.89334,-7.34721],[108.8929,-7.34721],[108.89289,-7.34721],[108.89244,-7.34721],[108.89244,-7.34766],[108.89199,-7.34766],[108.89198,-7.34766],[108.89154,-7.34766],[108.89153,-7.34766],[108.89153,-7.34811],[108.89153,-7.34842],[108.8915,-7.34826],[108.89147,-7.34811]],[[108.89425,-7.34677],[108.8938,-7.34677],[108.8938,-7.34721],[108.89425,-7.34721],[108.89425,-7.34677]],[[108.89246,-7.34495],[108.89246,-7.3454],[108.8929,-7.3454],[108.8929,-7.34495],[108.89246,-7.34495]],[[108.89649,-7.35084],[108.89649,-7.35039],[108.8965,-7.35039],[108.8965,-7.34994],[108.89605,-7.34994],[108.8956,-7.34994],[108.8956,-7.35039],[108.89605,-7.35039],[108.89605,-7.35084],[108.89649,-7.35084]],[[108.89515,-7.34722],[108.89471,-7.34722],[108.89471,-7.34767],[108.89515,-7.34767],[108.89515,-7.34722]]],[[[108.89052,-7.34494],[108.89064,-7.34494],[108.89064,-7.34528],[108.89052,-7.34494]]],[[[108.89201,-7.43983],[108.89155,-7.43983],[108.89155,-7.43937],[108.89201,-7.43937],[108.89201,-7.43983]]],[[[108.89293,-7.43531],[108.89293,-7.4357],[108.89293,-7.43577],[108.89291,-7.43577],[108.89247,-7.43577],[108.89247,-7.43531],[108.89293,-7.43531]]],[[[108.89294,-7.43306],[108.89294,-7.43351],[108.89248,-7.43351],[108.89248,-7.43305],[108.89249,-7.43305],[108.89249,-7.4326],[108.89294,-7.4326],[108.89295,-7.4326],[108.89295,-7.43305],[108.89295,-7.43306],[108.89294,-7.43306]]],[[[108.89252,-7.42763],[108.89206,-7.42763],[108.89206,-7.42718],[108.89252,-7.42718],[108.89252,-7.42763]]],[[[108.89297,-7.42493],[108.89297,-7.42492],[108.89297,-7.42477],[108.89343,-7.42467],[108.89343,-7.42492],[108.89343,-7.42493],[108.89343,-7.42537],[108.89343,-7.42538],[108.89343,-7.42583],[108.89354,-7.42583],[108.89358,-7.42583],[108.89388,-7.42583],[108.89388,-7.42628],[108.89388,-7.42673],[108.89388,-7.42674],[108.89387,-7.42674],[108.89342,-7.42674],[108.89342,-7.42673],[108.89342,-7.4263],[108.89342,-7.42628],[108.89322,-7.42628],[108.89298,-7.42628],[108.89297,-7.42628],[108.89253,-7.42628],[108.89252,-7.42628],[108.89252,-7.42654],[108.89252,-7.42663],[108.89252,-7.42673],[108.89226,-7.42673],[108.89206,-7.42673],[108.89206,-7.42671],[108.89206,-7.42627],[108.89161,-7.42627],[108.89161,-7.42582],[108.89207,-7.42582],[108.89207,-7.42537],[108.89252,-7.42537],[108.89253,-7.42537],[108.89297,-7.42537],[108.89297,-7.42493]]],[[[108.8931,-7.40007],[108.8931,-7.40053],[108.89355,-7.40053],[108.89355,-7.40098],[108.894,-7.40098],[108.894,-7.40143],[108.89355,-7.40143],[108.89354,-7.40143],[108.89309,-7.40143],[108.89309,-7.40098],[108.89309,-7.40053],[108.89264,-7.40053],[108.89264,-7.40052],[108.89219,-7.40052],[108.89219,-7.40007],[108.89264,-7.40007],[108.89265,-7.40007],[108.8931,-7.40007]]],[[[108.89225,-7.38742],[108.89225,-7.38697],[108.89271,-7.38697],[108.89271,-7.38742],[108.89225,-7.38742]]],[[[108.89234,-7.38601],[108.89226,-7.38605],[108.89226,-7.38561],[108.89271,-7.38561],[108.89271,-7.38516],[108.89271,-7.38471],[108.89271,-7.38426],[108.89271,-7.38381],[108.89272,-7.38381],[108.89316,-7.38381],[108.89317,-7.38381],[108.89362,-7.38381],[108.89362,-7.38426],[108.89362,-7.38471],[108.89407,-7.38471],[108.89407,-7.38472],[108.89407,-7.38487],[108.89407,-7.38517],[108.89382,-7.38517],[108.89362,-7.38517],[108.89361,-7.38517],[108.89317,-7.38517],[108.89317,-7.38562],[108.89343,-7.38562],[108.89362,-7.38562],[108.89362,-7.38572],[108.89362,-7.38581],[108.89362,-7.38607],[108.89316,-7.38607],[108.89316,-7.38581],[108.89316,-7.38577],[108.89316,-7.38575],[108.89316,-7.38562],[108.89272,-7.38562],[108.89272,-7.38595],[108.89272,-7.38597],[108.89272,-7.386],[108.89272,-7.38601],[108.89272,-7.38607],[108.89255,-7.38607],[108.89244,-7.38607],[108.89236,-7.38607],[108.89231,-7.38607],[108.89236,-7.38606],[108.89234,-7.38601]],[[108.89335,-7.38567],[108.89335,-7.38567],[108.89316,-7.38581],[108.89335,-7.38567]]],[[[108.89192,-7.3792],[108.89192,-7.37928],[108.89192,-7.37929],[108.89192,-7.37955],[108.89211,-7.37956],[108.89192,-7.37956],[108.89192,-7.37974],[108.89192,-7.37992],[108.89183,-7.37992],[108.89183,-7.37974],[108.89183,-7.37928],[108.89184,-7.37928],[108.89184,-7.37919],[108.89193,-7.37919],[108.89211,-7.37919],[108.89211,-7.3792],[108.89192,-7.3792]]],[[[108.89193,-7.37883],[108.89193,-7.37884],[108.89184,-7.37884],[108.89184,-7.37883],[108.89193,-7.37883]]],[[[108.89265,-7.37866],[108.89265,-7.37865],[108.89266,-7.37865],[108.89266,-7.37866],[108.89265,-7.37866]]],[[[108.8923,-7.37703],[108.89266,-7.37703],[108.89266,-7.37721],[108.89248,-7.37721],[108.89248,-7.37748],[108.8923,-7.37748],[108.8923,-7.37703]]],[[[108.89185,-7.37612],[108.89185,-7.37567],[108.89231,-7.37567],[108.89231,-7.37612],[108.89185,-7.37612]]],[[[108.89327,-7.36257],[108.89327,-7.36213],[108.89327,-7.36212],[108.89282,-7.36212],[108.89282,-7.36167],[108.89327,-7.36167],[108.89327,-7.36122],[108.89328,-7.36122],[108.89328,-7.36077],[108.89373,-7.36077],[108.89374,-7.36077],[108.89418,-7.36077],[108.89419,-7.36077],[108.89419,-7.36032],[108.89374,-7.36032],[108.89374,-7.35987],[108.89329,-7.35987],[108.89329,-7.35949],[108.89329,-7.35941],[108.89329,-7.35896],[108.89284,-7.35896],[108.89284,-7.35941],[108.89284,-7.3596],[108.89284,-7.35986],[108.89258,-7.35986],[108.89238,-7.35986],[108.89238,-7.35941],[108.89238,-7.35896],[108.89238,-7.3585],[108.89239,-7.3585],[108.89239,-7.35805],[108.89239,-7.3576],[108.89194,-7.3576],[108.89194,-7.35715],[108.89239,-7.35715],[108.89239,-7.3567],[108.89239,-7.35625],[108.89239,-7.35624],[108.89239,-7.35579],[108.8924,-7.35579],[108.89276,-7.35579],[108.89276,-7.35589],[108.89258,-7.35589],[108.89258,-7.35624],[108.89258,-7.35625],[108.89276,-7.35625],[108.89276,-7.35643],[108.89284,-7.35643],[108.89285,-7.35643],[108.89312,-7.35643],[108.89312,-7.35625],[108.89313,-7.35625],[108.8933,-7.35625],[108.8933,-7.35607],[108.89331,-7.35607],[108.89331,-7.3558],[108.89331,-7.35571],[108.89331,-7.3557],[108.89348,-7.3557],[108.89348,-7.35553],[108.89349,-7.35553],[108.89349,-7.35571],[108.89375,-7.35571],[108.89376,-7.35571],[108.89385,-7.35571],[108.89385,-7.35535],[108.89385,-7.35517],[108.89376,-7.35517],[108.89367,-7.35517],[108.89349,-7.35517],[108.8933,-7.35517],[108.8933,-7.35516],[108.8933,-7.35489],[108.89331,-7.35489],[108.89331,-7.35444],[108.89331,-7.35399],[108.89331,-7.35354],[108.89377,-7.35354],[108.89377,-7.35399],[108.89422,-7.35399],[108.89468,-7.35399],[108.89468,-7.35445],[108.89422,-7.35445],[108.89422,-7.3549],[108.89422,-7.35535],[108.89421,-7.35535],[108.89421,-7.3558],[108.89376,-7.3558],[108.89376,-7.35625],[108.89376,-7.3567],[108.89375,-7.3567],[108.89375,-7.35715],[108.8942,-7.35715],[108.8942,-7.35761],[108.89375,-7.35761],[108.89375,-7.35806],[108.8942,-7.35806],[108.8942,-7.35851],[108.8942,-7.35854],[108.8942,-7.35896],[108.8942,-7.35941],[108.8942,-7.35942],[108.8942,-7.35987],[108.89464,-7.35987],[108.89464,-7.35942],[108.89464,-7.35897],[108.89464,-7.35851],[108.89465,-7.35851],[108.8951,-7.35851],[108.8951,-7.35852],[108.89555,-7.35852],[108.89555,-7.35807],[108.89601,-7.35807],[108.89601,-7.35762],[108.89647,-7.35762],[108.89647,-7.35807],[108.89691,-7.35807],[108.89691,-7.35762],[108.89737,-7.35762],[108.89782,-7.35762],[108.89782,-7.35717],[108.89764,-7.35717],[108.89764,-7.35699],[108.89747,-7.35699],[108.89747,-7.35681],[108.89737,-7.35681],[108.89737,-7.35672],[108.89763,-7.35672],[108.89783,-7.35672],[108.89783,-7.35685],[108.89783,-7.35717],[108.89828,-7.35717],[108.89828,-7.35718],[108.89873,-7.35718],[108.89873,-7.35763],[108.89828,-7.35763],[108.89828,-7.35808],[108.89873,-7.35808],[108.89873,-7.35853],[108.89828,-7.35853],[108.89827,-7.35853],[108.89782,-7.35853],[108.89782,-7.35808],[108.89737,-7.35808],[108.89692,-7.35808],[108.89692,-7.35852],[108.89692,-7.35853],[108.89646,-7.35853],[108.89646,-7.35897],[108.89646,-7.35898],[108.896,-7.35898],[108.896,-7.35897],[108.89555,-7.35897],[108.89555,-7.35942],[108.896,-7.35942],[108.896,-7.35988],[108.89555,-7.35988],[108.89555,-7.36033],[108.8951,-7.36033],[108.8951,-7.35987],[108.89465,-7.35987],[108.89465,-7.36032],[108.89465,-7.36077],[108.89464,-7.36077],[108.89464,-7.36123],[108.89419,-7.36123],[108.89419,-7.36113],[108.89418,-7.36113],[108.89382,-7.36113],[108.89382,-7.36122],[108.89382,-7.36149],[108.89373,-7.36149],[108.89328,-7.36149],[108.89328,-7.36167],[108.89328,-7.36203],[108.89364,-7.36203],[108.89364,-7.36185],[108.89372,-7.36185],[108.89373,-7.36185],[108.894,-7.36185],[108.894,-7.36168],[108.894,-7.36167],[108.89418,-7.36167],[108.89419,-7.36167],[108.89419,-7.36168],[108.89418,-7.36168],[108.89418,-7.36213],[108.89373,-7.36213],[108.89373,-7.36258],[108.89327,-7.36258],[108.89327,-7.36303],[108.89282,-7.36303],[108.89282,-7.36348],[108.89236,-7.36348],[108.89236,-7.36302],[108.89236,-7.36257],[108.89281,-7.36257],[108.89282,-7.36257],[108.89327,-7.36257]],[[108.89601,-7.35852],[108.89646,-7.35852],[108.89646,-7.35807],[108.89601,-7.35807],[108.89601,-7.35852]],[[108.89374,-7.35851],[108.89374,-7.35806],[108.8933,-7.35806],[108.8933,-7.35851],[108.89374,-7.35851]]],[[[108.89191,-7.36302],[108.89146,-7.36302],[108.89146,-7.36257],[108.89191,-7.36257],[108.89192,-7.36257],[108.89192,-7.36302],[108.89191,-7.36302]]],[[[108.89194,-7.3567],[108.89149,-7.3567],[108.89149,-7.35624],[108.89194,-7.35624],[108.89195,-7.35624],[108.89195,-7.3567],[108.89194,-7.3567]]],[[[108.89197,-7.34992],[108.89243,-7.34992],[108.89243,-7.35037],[108.89198,-7.35037],[108.89198,-7.35041],[108.89197,-7.35041],[108.89197,-7.35037],[108.89197,-7.35035],[108.89197,-7.34992]]],[[[108.89168,-7.34901],[108.89167,-7.34901],[108.89161,-7.34879],[108.89156,-7.34856],[108.89198,-7.34856],[108.89198,-7.34901],[108.89168,-7.34901]]],[[[108.89201,-7.34314],[108.89201,-7.34269],[108.89246,-7.34269],[108.89246,-7.34314],[108.89201,-7.34314]]],[[[108.89292,-7.34224],[108.89246,-7.34224],[108.89246,-7.34179],[108.89292,-7.34179],[108.89292,-7.34224]]],[[[108.89293,-7.34089],[108.89247,-7.34089],[108.89247,-7.34043],[108.89293,-7.34043],[108.89293,-7.34089]]],[[[108.89377,-7.45023],[108.89365,-7.45023],[108.89364,-7.44977],[108.89377,-7.44977],[108.89377,-7.45023]]],[[[108.89336,-7.43938],[108.89291,-7.43938],[108.89291,-7.43893],[108.89336,-7.43893],[108.89336,-7.43938]]],[[[108.89336,-7.43893],[108.89336,-7.43848],[108.89382,-7.43848],[108.89382,-7.43893],[108.89336,-7.43893]]],[[[108.89385,-7.43306],[108.89384,-7.43306],[108.89383,-7.43306],[108.89385,-7.43285],[108.89385,-7.43306]]],[[[108.89339,-7.43306],[108.89339,-7.43261],[108.89384,-7.43261],[108.89385,-7.43261],[108.89385,-7.43279],[108.8938,-7.43306],[108.89339,-7.43306]]],[[[108.89388,-7.42764],[108.89387,-7.42764],[108.89342,-7.42764],[108.89342,-7.42718],[108.89387,-7.42718],[108.89388,-7.42718],[108.89388,-7.42764]]],[[[108.89343,-7.42466],[108.89297,-7.42448],[108.89297,-7.42447],[108.89298,-7.42447],[108.89343,-7.42447],[108.89343,-7.42466]]],[[[108.89391,-7.42131],[108.89345,-7.42131],[108.89345,-7.42086],[108.89391,-7.42086],[108.89391,-7.42131]]],[[[108.89318,-7.38155],[108.89318,-7.3811],[108.89364,-7.3811],[108.89364,-7.38155],[108.89318,-7.38155]]],[[[108.89365,-7.37975],[108.89365,-7.37929],[108.8941,-7.37929],[108.8941,-7.37975],[108.89365,-7.37975]]],[[[108.89365,-7.37884],[108.8932,-7.37884],[108.8932,-7.37839],[108.89365,-7.37839],[108.89365,-7.37884]]],[[[108.89411,-7.37568],[108.89457,-7.37568],[108.89457,-7.37613],[108.89457,-7.37614],[108.89412,-7.37614],[108.89412,-7.37658],[108.89366,-7.37658],[108.89366,-7.37613],[108.89411,-7.37613],[108.89411,-7.37568]]],[[[108.89371,-7.36619],[108.89416,-7.36619],[108.89416,-7.36574],[108.89416,-7.36565],[108.89417,-7.36565],[108.89453,-7.36565],[108.89453,-7.36529],[108.89453,-7.36493],[108.89453,-7.36484],[108.89453,-7.36475],[108.89462,-7.36475],[108.89462,-7.36484],[108.89462,-7.36529],[108.89462,-7.36574],[108.89462,-7.3662],[108.89417,-7.3662],[108.89417,-7.36664],[108.89417,-7.36665],[108.89416,-7.36665],[108.89371,-7.36665],[108.89371,-7.36664],[108.89371,-7.36619]]],[[[108.89423,-7.35083],[108.89423,-7.35128],[108.89423,-7.35173],[108.89468,-7.35173],[108.89468,-7.35174],[108.89468,-7.35219],[108.89513,-7.35219],[108.89513,-7.35264],[108.89513,-7.35309],[108.89513,-7.3531],[108.89468,-7.3531],[108.89468,-7.35309],[108.89422,-7.35309],[108.89422,-7.35264],[108.89423,-7.35264],[108.89423,-7.35219],[108.89423,-7.35174],[108.89378,-7.35174],[108.89378,-7.35173],[108.89378,-7.35128],[108.89378,-7.35083],[108.89423,-7.35083]]],[[[108.89424,-7.34948],[108.89378,-7.34948],[108.89378,-7.34902],[108.89424,-7.34902],[108.89424,-7.34948]]],[[[108.89334,-7.34947],[108.89288,-7.34947],[108.89288,-7.34902],[108.89334,-7.34902],[108.89334,-7.34947]]],[[[108.89428,-7.34179],[108.89428,-7.3418],[108.89473,-7.3418],[108.89473,-7.34225],[108.89428,-7.34225],[108.89427,-7.34225],[108.89382,-7.34225],[108.89382,-7.3427],[108.89336,-7.3427],[108.89336,-7.34224],[108.89382,-7.34224],[108.89382,-7.34179],[108.89428,-7.34179]]],[[[108.89558,-7.44979],[108.89512,-7.44979],[108.89512,-7.44978],[108.89512,-7.44933],[108.89558,-7.44933],[108.89558,-7.44978],[108.89558,-7.44979]]],[[[108.89561,-7.44346],[108.89515,-7.44346],[108.89515,-7.44301],[108.89561,-7.44301],[108.89561,-7.44346]]],[[[108.89433,-7.43848],[108.89472,-7.43848],[108.89472,-7.43894],[108.89434,-7.43894],[108.89426,-7.43894],[108.89426,-7.43848],[108.89433,-7.43848]]],[[[108.89475,-7.43396],[108.89475,-7.43397],[108.89519,-7.43397],[108.8952,-7.43397],[108.89565,-7.43397],[108.89565,-7.43442],[108.89565,-7.43488],[108.8952,-7.43488],[108.89519,-7.43488],[108.89519,-7.43442],[108.89475,-7.43442],[108.89475,-7.43487],[108.89474,-7.43487],[108.89429,-7.43487],[108.89429,-7.43442],[108.89384,-7.43442],[108.89384,-7.43397],[108.89384,-7.43396],[108.89384,-7.43351],[108.89429,-7.43351],[108.8943,-7.43351],[108.8943,-7.43396],[108.89474,-7.43396],[108.89475,-7.43396]]],[[[108.89475,-7.43261],[108.89429,-7.43261],[108.89429,-7.43216],[108.89475,-7.43216],[108.89475,-7.43261]]],[[[108.89492,-7.39782],[108.89446,-7.39782],[108.89446,-7.39737],[108.89446,-7.39692],[108.89492,-7.39692],[108.89492,-7.39737],[108.89492,-7.39782]]],[[[108.89493,-7.39512],[108.89493,-7.39511],[108.89493,-7.39466],[108.89539,-7.39466],[108.89539,-7.39511],[108.89584,-7.39511],[108.89584,-7.39467],[108.89584,-7.39466],[108.89629,-7.39466],[108.89629,-7.39467],[108.89629,-7.39512],[108.89629,-7.39557],[108.89584,-7.39557],[108.89584,-7.39602],[108.89629,-7.39602],[108.89629,-7.39647],[108.89629,-7.39693],[108.89583,-7.39693],[108.89583,-7.39738],[108.89537,-7.39738],[108.89537,-7.39692],[108.89537,-7.39647],[108.89583,-7.39647],[108.89583,-7.39602],[108.89538,-7.39602],[108.89492,-7.39602],[108.89492,-7.39556],[108.89493,-7.39556],[108.89493,-7.39512]]],[[[108.89497,-7.38608],[108.89542,-7.38608],[108.89542,-7.38653],[108.89497,-7.38653],[108.89452,-7.38653],[108.89452,-7.38607],[108.89497,-7.38607],[108.89497,-7.38608]]],[[[108.89452,-7.38472],[108.89495,-7.38472],[108.89498,-7.38472],[108.89498,-7.38476],[108.89498,-7.38517],[108.89452,-7.38517],[108.89452,-7.38472]]],[[[108.89507,-7.3671],[108.89461,-7.3671],[108.89461,-7.36665],[108.89507,-7.36665],[108.89507,-7.3671]]],[[[108.89462,-7.36394],[108.89462,-7.36421],[108.89435,-7.36421],[108.89435,-7.36439],[108.89435,-7.36457],[108.89417,-7.36457],[108.89417,-7.36475],[108.89416,-7.36475],[108.89416,-7.36439],[108.89416,-7.36393],[108.89417,-7.36393],[108.89462,-7.36393],[108.89462,-7.36348],[108.89508,-7.36348],[108.89508,-7.36394],[108.89462,-7.36394]]],[[[108.89509,-7.36213],[108.89463,-7.36213],[108.89463,-7.36168],[108.89509,-7.36168],[108.89509,-7.36213]]],[[[108.89556,-7.35716],[108.8951,-7.35716],[108.8951,-7.35671],[108.89556,-7.35671],[108.89556,-7.35716]]],[[[108.89428,-7.33999],[108.89428,-7.33954],[108.89474,-7.33954],[108.89519,-7.33954],[108.8952,-7.33954],[108.8952,-7.33999],[108.89519,-7.33999],[108.89474,-7.33999],[108.89474,-7.34044],[108.89519,-7.34044],[108.89564,-7.34044],[108.89565,-7.34044],[108.89565,-7.3409],[108.89564,-7.3409],[108.89519,-7.3409],[108.89519,-7.34135],[108.89564,-7.34135],[108.89564,-7.3418],[108.89519,-7.3418],[108.89518,-7.3418],[108.89473,-7.3418],[108.89473,-7.34135],[108.89473,-7.3409],[108.89473,-7.34089],[108.89473,-7.34044],[108.89428,-7.34044],[108.89428,-7.33999]]],[[[108.89649,-7.44663],[108.89649,-7.44618],[108.89649,-7.44617],[108.89695,-7.44617],[108.89695,-7.44618],[108.89695,-7.44663],[108.89649,-7.44663]]],[[[108.89697,-7.4412],[108.89697,-7.44076],[108.89697,-7.44075],[108.89743,-7.44075],[108.89743,-7.44043],[108.89743,-7.44032],[108.89743,-7.44031],[108.89746,-7.44031],[108.89767,-7.44031],[108.89788,-7.44031],[108.89789,-7.44031],[108.89834,-7.44031],[108.89834,-7.44076],[108.89789,-7.44076],[108.89788,-7.44076],[108.89743,-7.44076],[108.89743,-7.44121],[108.89743,-7.44166],[108.89697,-7.44166],[108.89697,-7.44211],[108.89652,-7.44211],[108.89651,-7.44211],[108.89651,-7.44193],[108.89652,-7.44193],[108.89688,-7.44193],[108.89688,-7.44166],[108.89688,-7.44139],[108.8967,-7.44139],[108.89652,-7.44139],[108.89651,-7.44139],[108.89651,-7.44121],[108.89651,-7.4412],[108.89652,-7.4412],[108.89697,-7.4412]]],[[[108.89653,-7.4403],[108.89607,-7.4403],[108.89607,-7.43991],[108.89607,-7.43985],[108.89626,-7.43985],[108.89653,-7.43985],[108.89653,-7.43989],[108.89653,-7.43999],[108.89653,-7.4403]]],[[[108.89564,-7.43668],[108.89518,-7.43668],[108.89518,-7.43623],[108.89564,-7.43623],[108.89564,-7.43668]]],[[[108.89609,-7.43623],[108.89609,-7.43578],[108.89609,-7.43533],[108.8961,-7.43533],[108.89655,-7.43533],[108.89655,-7.43578],[108.89655,-7.43623],[108.89655,-7.43624],[108.89609,-7.43624],[108.89609,-7.43623]]],[[[108.89611,-7.43262],[108.89565,-7.43262],[108.89565,-7.43217],[108.89565,-7.43216],[108.89611,-7.43216],[108.89611,-7.43217],[108.89611,-7.43262]]],[[[108.89567,-7.43126],[108.89521,-7.43126],[108.89521,-7.43081],[108.89567,-7.43081],[108.89567,-7.43126]]],[[[108.89569,-7.42538],[108.89569,-7.42539],[108.89615,-7.42539],[108.89615,-7.42584],[108.89569,-7.42584],[108.89523,-7.42584],[108.89523,-7.42539],[108.89523,-7.42538],[108.89569,-7.42538]]],[[[108.89616,-7.42132],[108.89571,-7.42132],[108.89571,-7.42087],[108.89616,-7.42087],[108.89616,-7.42132]]],[[[108.89668,-7.40777],[108.89623,-7.40777],[108.89622,-7.40777],[108.89622,-7.40732],[108.89623,-7.40732],[108.89668,-7.40732],[108.89668,-7.40777]]],[[[108.89628,-7.39828],[108.89582,-7.39828],[108.89582,-7.39783],[108.89628,-7.39783],[108.89628,-7.39828]]],[[[108.89679,-7.38518],[108.89679,-7.38525],[108.89679,-7.38563],[108.89711,-7.38563],[108.89721,-7.38563],[108.89724,-7.38563],[108.89724,-7.38567],[108.89724,-7.38581],[108.89724,-7.38609],[108.89678,-7.38609],[108.89678,-7.38654],[108.89632,-7.38654],[108.89632,-7.38608],[108.89588,-7.38608],[108.89587,-7.38608],[108.89542,-7.38608],[108.89542,-7.38563],[108.89587,-7.38563],[108.89588,-7.38563],[108.89633,-7.38563],[108.89633,-7.38518],[108.89672,-7.38518],[108.89679,-7.38518]],[[108.89633,-7.38608],[108.89678,-7.38608],[108.89678,-7.38563],[108.89633,-7.38563],[108.89633,-7.38608]]],[[[108.89636,-7.37885],[108.89636,-7.3793],[108.89636,-7.37931],[108.89636,-7.37976],[108.8959,-7.37976],[108.8959,-7.37931],[108.8959,-7.3793],[108.8959,-7.37885],[108.89636,-7.37885]]],[[[108.89638,-7.37659],[108.89638,-7.3766],[108.89592,-7.3766],[108.89592,-7.37659],[108.89592,-7.37614],[108.89638,-7.37614],[108.89638,-7.37659]]],[[[108.89638,-7.37434],[108.89639,-7.37434],[108.89683,-7.37434],[108.89684,-7.37434],[108.89729,-7.37434],[108.89729,-7.37479],[108.89729,-7.37524],[108.89729,-7.3757],[108.89683,-7.3757],[108.89683,-7.37524],[108.89683,-7.37479],[108.89648,-7.37479],[108.89647,-7.37479],[108.89647,-7.3747],[108.89639,-7.3747],[108.89638,-7.3747],[108.89638,-7.37434]]],[[[108.89653,-7.34316],[108.89653,-7.34271],[108.89653,-7.34226],[108.89699,-7.34226],[108.89699,-7.34181],[108.89745,-7.34181],[108.89745,-7.34226],[108.89745,-7.34271],[108.89699,-7.34271],[108.89699,-7.34316],[108.89653,-7.34316]]],[[[108.897,-7.34045],[108.89655,-7.34045],[108.89654,-7.34045],[108.89654,-7.34],[108.89655,-7.34],[108.897,-7.34],[108.897,-7.34045]]],[[[108.8952,-7.33909],[108.89519,-7.33909],[108.89519,-7.33864],[108.89519,-7.33819],[108.89519,-7.33818],[108.89519,-7.33773],[108.8952,-7.33773],[108.89565,-7.33773],[108.89565,-7.33774],[108.8961,-7.33774],[108.89611,-7.33774],[108.89655,-7.33774],[108.89656,-7.33774],[108.89701,-7.33774],[108.89701,-7.33819],[108.89656,-7.33819],[108.89656,-7.33864],[108.8961,-7.33864],[108.8961,-7.33909],[108.8961,-7.33954],[108.8961,-7.33955],[108.89565,-7.33955],[108.89564,-7.33955],[108.89564,-7.33954],[108.89564,-7.33909],[108.8952,-7.33909]]],[[[108.89566,-7.33638],[108.89566,-7.33593],[108.89611,-7.33593],[108.89611,-7.33548],[108.89657,-7.33548],[108.89657,-7.33593],[108.89612,-7.33593],[108.89612,-7.33638],[108.89657,-7.33638],[108.89657,-7.33684],[108.89702,-7.33684],[108.89702,-7.33729],[108.89747,-7.33729],[108.89747,-7.33774],[108.89701,-7.33774],[108.89701,-7.33729],[108.89656,-7.33729],[108.89656,-7.33684],[108.89611,-7.33684],[108.89611,-7.33729],[108.89565,-7.33729],[108.89565,-7.33683],[108.89611,-7.33683],[108.89611,-7.33638],[108.89566,-7.33638]]],[[[108.89878,-7.44122],[108.89878,-7.44076],[108.89924,-7.44076],[108.89924,-7.44122],[108.89878,-7.44122]]],[[[108.89879,-7.44031],[108.89879,-7.43986],[108.89924,-7.43986],[108.89924,-7.43941],[108.89925,-7.43941],[108.89925,-7.43896],[108.8997,-7.43896],[108.90015,-7.43896],[108.9006,-7.43896],[108.9006,-7.43942],[108.90015,-7.43942],[108.8997,-7.43942],[108.8997,-7.43986],[108.90015,-7.43986],[108.90015,-7.43987],[108.90015,-7.44032],[108.89969,-7.44032],[108.89969,-7.43987],[108.89925,-7.43987],[108.89925,-7.44031],[108.89879,-7.44031]]],[[[108.89834,-7.43941],[108.89834,-7.43895],[108.8988,-7.43895],[108.8988,-7.43941],[108.89834,-7.43941]]],[[[108.89746,-7.43443],[108.897,-7.43443],[108.897,-7.43398],[108.89746,-7.43398],[108.89746,-7.43443]]],[[[108.89935,-7.41998],[108.89889,-7.41998],[108.89889,-7.41953],[108.89935,-7.41953],[108.89935,-7.41998]]],[[[108.89798,-7.41862],[108.89844,-7.41862],[108.89844,-7.41907],[108.89844,-7.41908],[108.89844,-7.41953],[108.89798,-7.41953],[108.89798,-7.41908],[108.89798,-7.41907],[108.89798,-7.41862]]],[[[108.89799,-7.4001],[108.89798,-7.4001],[108.89798,-7.40001],[108.89799,-7.40001],[108.89808,-7.40001],[108.89808,-7.4001],[108.89799,-7.4001]]],[[[108.89781,-7.39983],[108.8978,-7.39983],[108.89762,-7.39983],[108.89744,-7.39983],[108.89744,-7.4],[108.89744,-7.40001],[108.89726,-7.40001],[108.89726,-7.4],[108.89716,-7.4],[108.89716,-7.39964],[108.89762,-7.39964],[108.89799,-7.39964],[108.89799,-7.39965],[108.89781,-7.39965],[108.89781,-7.39983]]],[[[108.89808,-7.39919],[108.89817,-7.39919],[108.89817,-7.39929],[108.89817,-7.39947],[108.89816,-7.39947],[108.89808,-7.39947],[108.89808,-7.39919]]],[[[108.89854,-7.39929],[108.89853,-7.39929],[108.89853,-7.3992],[108.89853,-7.39919],[108.89853,-7.39911],[108.89853,-7.3991],[108.89853,-7.39892],[108.89871,-7.39892],[108.89899,-7.39892],[108.89899,-7.39893],[108.89899,-7.3992],[108.89944,-7.3992],[108.89944,-7.39965],[108.89944,-7.39983],[108.89943,-7.39983],[108.89943,-7.4001],[108.89898,-7.4001],[108.89898,-7.39983],[108.89907,-7.39983],[108.89907,-7.39965],[108.89908,-7.39965],[108.89908,-7.39929],[108.89898,-7.39929],[108.89898,-7.3992],[108.89854,-7.3992],[108.89854,-7.39929]]],[[[108.89763,-7.39829],[108.89763,-7.39784],[108.89809,-7.39784],[108.89809,-7.39829],[108.89817,-7.39829],[108.89817,-7.39856],[108.89836,-7.39856],[108.89836,-7.39874],[108.89808,-7.39874],[108.89808,-7.39829],[108.89763,-7.39829]]],[[[108.89854,-7.39802],[108.89854,-7.39784],[108.89854,-7.39739],[108.89809,-7.39739],[108.89809,-7.39694],[108.89764,-7.39694],[108.89764,-7.39738],[108.89719,-7.39738],[108.89719,-7.39783],[108.89673,-7.39783],[108.89673,-7.39738],[108.89718,-7.39738],[108.89718,-7.39693],[108.89718,-7.39648],[108.89764,-7.39648],[108.89809,-7.39648],[108.89809,-7.39603],[108.89854,-7.39603],[108.89854,-7.39558],[108.89899,-7.39558],[108.899,-7.39558],[108.899,-7.39513],[108.899,-7.39468],[108.89945,-7.39468],[108.89945,-7.39477],[108.8991,-7.39477],[108.8991,-7.39513],[108.89927,-7.39513],[108.89927,-7.39558],[108.89927,-7.39559],[108.89927,-7.39604],[108.899,-7.39604],[108.89899,-7.39604],[108.89855,-7.39604],[108.89855,-7.39648],[108.89899,-7.39648],[108.899,-7.39648],[108.899,-7.39649],[108.89927,-7.39649],[108.89927,-7.39658],[108.89926,-7.39658],[108.89926,-7.39694],[108.89944,-7.39694],[108.89945,-7.39694],[108.89945,-7.39712],[108.89944,-7.39712],[108.89926,-7.39712],[108.89926,-7.3973],[108.89908,-7.3973],[108.89908,-7.39739],[108.89908,-7.39748],[108.899,-7.39748],[108.89899,-7.39748],[108.8989,-7.39748],[108.8989,-7.39784],[108.8989,-7.39802],[108.89854,-7.39802]],[[108.89855,-7.39739],[108.89899,-7.39739],[108.89899,-7.39694],[108.89855,-7.39694],[108.89855,-7.39739]]],[[[108.89719,-7.39557],[108.89764,-7.39557],[108.89764,-7.39558],[108.89809,-7.39558],[108.89809,-7.39603],[108.89764,-7.39603],[108.89719,-7.39603],[108.89719,-7.39558],[108.89719,-7.39557]]],[[[108.89765,-7.39513],[108.89719,-7.39513],[108.89719,-7.39512],[108.89719,-7.39467],[108.89765,-7.39467],[108.89765,-7.39512],[108.89765,-7.39513]]],[[[108.8991,-7.39369],[108.8991,-7.39378],[108.89901,-7.39378],[108.89892,-7.39378],[108.89892,-7.39369],[108.89901,-7.39369],[108.8991,-7.39369]]],[[[108.89768,-7.3879],[108.89722,-7.3879],[108.89722,-7.38789],[108.89695,-7.38789],[108.89695,-7.38744],[108.89696,-7.38744],[108.89722,-7.38744],[108.89723,-7.38744],[108.89768,-7.38744],[108.89768,-7.3879]]],[[[108.89949,-7.38745],[108.89949,-7.3879],[108.89949,-7.38791],[108.89903,-7.38791],[108.89903,-7.3879],[108.89903,-7.38745],[108.89858,-7.38745],[108.89858,-7.387],[108.89904,-7.387],[108.89904,-7.38745],[108.89949,-7.38745]]],[[[108.89765,-7.38654],[108.89769,-7.38654],[108.89769,-7.3866],[108.89769,-7.38663],[108.89732,-7.38663],[108.89723,-7.38663],[108.89723,-7.38654],[108.89765,-7.38654]]],[[[108.89859,-7.38655],[108.89859,-7.38609],[108.89905,-7.38609],[108.89905,-7.38655],[108.89859,-7.38655]]],[[[108.89726,-7.38247],[108.8977,-7.38247],[108.89771,-7.38247],[108.89771,-7.38287],[108.89771,-7.38293],[108.8977,-7.38293],[108.89725,-7.38293],[108.89725,-7.38247],[108.89726,-7.38247]]],[[[108.89726,-7.38112],[108.89725,-7.38112],[108.89725,-7.38067],[108.89726,-7.38067],[108.89771,-7.38067],[108.89771,-7.38112],[108.89726,-7.38112]]],[[[108.89726,-7.37931],[108.89772,-7.37931],[108.89772,-7.37976],[108.89772,-7.38022],[108.89726,-7.38022],[108.89726,-7.37976],[108.89726,-7.37931]]],[[[108.89773,-7.37795],[108.89773,-7.37796],[108.89773,-7.37841],[108.89817,-7.37841],[108.89818,-7.37841],[108.89863,-7.37841],[108.89863,-7.37886],[108.89863,-7.37887],[108.89817,-7.37887],[108.89817,-7.37886],[108.89773,-7.37886],[108.89772,-7.37886],[108.89727,-7.37886],[108.89727,-7.37841],[108.89682,-7.37841],[108.89682,-7.37795],[108.89727,-7.37795],[108.89728,-7.37795],[108.89773,-7.37795]]],[[[108.89819,-7.37615],[108.89774,-7.37615],[108.89773,-7.37615],[108.89773,-7.3757],[108.89774,-7.3757],[108.89819,-7.3757],[108.89819,-7.37615]]],[[[108.89911,-7.3739],[108.89865,-7.3739],[108.89865,-7.37344],[108.89911,-7.37344],[108.89911,-7.3739]]],[[[108.89775,-7.37209],[108.89775,-7.37163],[108.89821,-7.37163],[108.89821,-7.37209],[108.89775,-7.37209]]],[[[108.89758,-7.37118],[108.89758,-7.37163],[108.89731,-7.37163],[108.8973,-7.37163],[108.89685,-7.37163],[108.89685,-7.37118],[108.8973,-7.37118],[108.89731,-7.37118],[108.89758,-7.37118]]],[[[108.89867,-7.36983],[108.89867,-7.36938],[108.89912,-7.36938],[108.89912,-7.36983],[108.89867,-7.36983]]],[[[108.89732,-7.36892],[108.89732,-7.36847],[108.89777,-7.36847],[108.89777,-7.36892],[108.89732,-7.36892]]],[[[108.89732,-7.36847],[108.89687,-7.36847],[108.89687,-7.36801],[108.89732,-7.36801],[108.89732,-7.36847]]],[[[108.89781,-7.35988],[108.89781,-7.35989],[108.89735,-7.35989],[108.89735,-7.35988],[108.89735,-7.35943],[108.89781,-7.35943],[108.89781,-7.35988]]],[[[108.89828,-7.35582],[108.89849,-7.35582],[108.89873,-7.35582],[108.89874,-7.35582],[108.89874,-7.35627],[108.89874,-7.35628],[108.89873,-7.35628],[108.89834,-7.35628],[108.89828,-7.35628],[108.89828,-7.35627],[108.89828,-7.35582]]],[[[108.89783,-7.35537],[108.89738,-7.35537],[108.89738,-7.35491],[108.89783,-7.35491],[108.89784,-7.35491],[108.89784,-7.35537],[108.89783,-7.35537]]],[[[108.89784,-7.35221],[108.89784,-7.35175],[108.8983,-7.35175],[108.8983,-7.35221],[108.89784,-7.35221]]],[[[108.89833,-7.34679],[108.89787,-7.34679],[108.89787,-7.34678],[108.89787,-7.34633],[108.89833,-7.34633],[108.89833,-7.34678],[108.89833,-7.34679]]],[[[108.89923,-7.34543],[108.89924,-7.34543],[108.89969,-7.34543],[108.89969,-7.34498],[108.90015,-7.34498],[108.90015,-7.34543],[108.90015,-7.34544],[108.90059,-7.34544],[108.9006,-7.34544],[108.90105,-7.34544],[108.9015,-7.34544],[108.9015,-7.34499],[108.90195,-7.34499],[108.90196,-7.34499],[108.90241,-7.34499],[108.90241,-7.345],[108.90285,-7.345],[108.90286,-7.345],[108.90331,-7.345],[108.90331,-7.34545],[108.90286,-7.34545],[108.90285,-7.34545],[108.90241,-7.34545],[108.9024,-7.34545],[108.90196,-7.34545],[108.90195,-7.34545],[108.90151,-7.34545],[108.90151,-7.3459],[108.9015,-7.3459],[108.90105,-7.3459],[108.90105,-7.34589],[108.9006,-7.34589],[108.90059,-7.34589],[108.90015,-7.34589],[108.90014,-7.34589],[108.89969,-7.34589],[108.89924,-7.34589],[108.89923,-7.34589],[108.89878,-7.34589],[108.89878,-7.34588],[108.89833,-7.34588],[108.89833,-7.34543],[108.89788,-7.34543],[108.89788,-7.34498],[108.89788,-7.34497],[108.89834,-7.34497],[108.89834,-7.34498],[108.89879,-7.34498],[108.89879,-7.34543],[108.89923,-7.34543]]],[[[108.89835,-7.34272],[108.89835,-7.34227],[108.8988,-7.34227],[108.8988,-7.34272],[108.89835,-7.34272]]],[[[108.89835,-7.34181],[108.89835,-7.34182],[108.8979,-7.34182],[108.8979,-7.34181],[108.8979,-7.34136],[108.89835,-7.34136],[108.89835,-7.34181]]],[[[108.89837,-7.3373],[108.89837,-7.33685],[108.89837,-7.33684],[108.89883,-7.33684],[108.89883,-7.33685],[108.89883,-7.3373],[108.89837,-7.3373]]],[[[108.90142,-7.43897],[108.90142,-7.43906],[108.90151,-7.43906],[108.90151,-7.43942],[108.90151,-7.43987],[108.90105,-7.43987],[108.90105,-7.43942],[108.90105,-7.43897],[108.90142,-7.43897]]],[[[108.90115,-7.41954],[108.9007,-7.41954],[108.9007,-7.41909],[108.90115,-7.41909],[108.90115,-7.41954]]],[[[108.90077,-7.40644],[108.90076,-7.40644],[108.90031,-7.40644],[108.90031,-7.40598],[108.90076,-7.40598],[108.90077,-7.40598],[108.90077,-7.40644]]],[[[108.90033,-7.40101],[108.90078,-7.40101],[108.90079,-7.40101],[108.90124,-7.40101],[108.90124,-7.40102],[108.9017,-7.40102],[108.9017,-7.40147],[108.90215,-7.40147],[108.90215,-7.40192],[108.9026,-7.40192],[108.9026,-7.40238],[108.90259,-7.40238],[108.90259,-7.40283],[108.90259,-7.40328],[108.90304,-7.40328],[108.90304,-7.40373],[108.90349,-7.40373],[108.90349,-7.40374],[108.90349,-7.40402],[108.90349,-7.40419],[108.90394,-7.40419],[108.90439,-7.40419],[108.9044,-7.40419],[108.90485,-7.40419],[108.90485,-7.40465],[108.9053,-7.40465],[108.9053,-7.4051],[108.90575,-7.4051],[108.90575,-7.40555],[108.9062,-7.40555],[108.9062,-7.40556],[108.90665,-7.40556],[108.90665,-7.40601],[108.9062,-7.40601],[108.90619,-7.40601],[108.90574,-7.40601],[108.90574,-7.40556],[108.90529,-7.40556],[108.90529,-7.40555],[108.90529,-7.4051],[108.90484,-7.4051],[108.90484,-7.40465],[108.9044,-7.40465],[108.90439,-7.40465],[108.90394,-7.40465],[108.90394,-7.40464],[108.90348,-7.40464],[108.90348,-7.40419],[108.9033,-7.40419],[108.90326,-7.40419],[108.90304,-7.40419],[108.90304,-7.4043],[108.90304,-7.40464],[108.90258,-7.40464],[108.90258,-7.40449],[108.90258,-7.40418],[108.90303,-7.40418],[108.90303,-7.40374],[108.90258,-7.40374],[108.90258,-7.40373],[108.90213,-7.40373],[108.90213,-7.40328],[108.90213,-7.40283],[108.90213,-7.40238],[108.90214,-7.40238],[108.90214,-7.40192],[108.90169,-7.40192],[108.90169,-7.40147],[108.90124,-7.40147],[108.90079,-7.40147],[108.90078,-7.40147],[108.90033,-7.40147],[108.90033,-7.40101]]],[[[108.89943,-7.40037],[108.89961,-7.40037],[108.89961,-7.40038],[108.89962,-7.40038],[108.89962,-7.40056],[108.89943,-7.40056],[108.89943,-7.40037]]],[[[108.89908,-7.39856],[108.89944,-7.39856],[108.89944,-7.3983],[108.89944,-7.39829],[108.89944,-7.39785],[108.89926,-7.39785],[108.89926,-7.39784],[108.89926,-7.39766],[108.89944,-7.39766],[108.89944,-7.39748],[108.89945,-7.39748],[108.89963,-7.39748],[108.89963,-7.3974],[108.89963,-7.39739],[108.89963,-7.3973],[108.89981,-7.3973],[108.89981,-7.39694],[108.89981,-7.39676],[108.89989,-7.39676],[108.8999,-7.39676],[108.89999,-7.39676],[108.89999,-7.39649],[108.90035,-7.39649],[108.90035,-7.39694],[108.90035,-7.39695],[108.90035,-7.3974],[108.8999,-7.3974],[108.8999,-7.39785],[108.89945,-7.39785],[108.89945,-7.39829],[108.89945,-7.3983],[108.89989,-7.3983],[108.8999,-7.3983],[108.90034,-7.3983],[108.90035,-7.3983],[108.90035,-7.39875],[108.90079,-7.39875],[108.9008,-7.39875],[108.9008,-7.3992],[108.9008,-7.39921],[108.9008,-7.39966],[108.90124,-7.39966],[108.90125,-7.39966],[108.90125,-7.40011],[108.90124,-7.40011],[108.90079,-7.40011],[108.90079,-7.39966],[108.90034,-7.39966],[108.90034,-7.3993],[108.90034,-7.39921],[108.89989,-7.39921],[108.89989,-7.39875],[108.89945,-7.39875],[108.89944,-7.39875],[108.89908,-7.39875],[108.89908,-7.39856]]],[[[108.90079,-7.39785],[108.9008,-7.39785],[108.90125,-7.39785],[108.90125,-7.3983],[108.9017,-7.3983],[108.9017,-7.39831],[108.9017,-7.39876],[108.90125,-7.39876],[108.90124,-7.39876],[108.90124,-7.39831],[108.9008,-7.39831],[108.90079,-7.39831],[108.90079,-7.3983],[108.90079,-7.39785]]],[[[108.8999,-7.39604],[108.8999,-7.39622],[108.89982,-7.39622],[108.89982,-7.39604],[108.89982,-7.39586],[108.89963,-7.39586],[108.89963,-7.39559],[108.89963,-7.39514],[108.89963,-7.39513],[108.89982,-7.39513],[108.89982,-7.39468],[108.89982,-7.39459],[108.89992,-7.39459],[108.89992,-7.39468],[108.89991,-7.39468],[108.89991,-7.39513],[108.89991,-7.39514],[108.89991,-7.39559],[108.89991,-7.39604],[108.8999,-7.39604]]],[[[108.89947,-7.39332],[108.89947,-7.39378],[108.89991,-7.39378],[108.89991,-7.39333],[108.89992,-7.39333],[108.89992,-7.39288],[108.90037,-7.39288],[108.90037,-7.39243],[108.90038,-7.39243],[108.90038,-7.39261],[108.90055,-7.39261],[108.90083,-7.39261],[108.90083,-7.39288],[108.90083,-7.3933],[108.9008,-7.39333],[108.90038,-7.39333],[108.90037,-7.39333],[108.90037,-7.39375],[108.90033,-7.39378],[108.90034,-7.39378],[108.90026,-7.39385],[108.90026,-7.39386],[108.90025,-7.39386],[108.90024,-7.39386],[108.90018,-7.39388],[108.90018,-7.39387],[108.89992,-7.39387],[108.89991,-7.39387],[108.89982,-7.39387],[108.89982,-7.39405],[108.89964,-7.39405],[108.89964,-7.39423],[108.89964,-7.39441],[108.89946,-7.39441],[108.89946,-7.39423],[108.89946,-7.39387],[108.89946,-7.39378],[108.89946,-7.39351],[108.89928,-7.39351],[108.89928,-7.39333],[108.8991,-7.39333],[108.8991,-7.39332],[108.89947,-7.39332]]],[[[108.90022,-7.39424],[108.90025,-7.39422],[108.90026,-7.39422],[108.90027,-7.39422],[108.90028,-7.39422],[108.90037,-7.39424],[108.90022,-7.39424]]],[[[108.90018,-7.39423],[108.90018,-7.3942],[108.90021,-7.39424],[108.90018,-7.39424],[108.90018,-7.39423]]],[[[108.90128,-7.39189],[108.90128,-7.39198],[108.90128,-7.39243],[108.9011,-7.39243],[108.9011,-7.39198],[108.9011,-7.39189],[108.90128,-7.39189]]],[[[108.89992,-7.39197],[108.89992,-7.39152],[108.90019,-7.39152],[108.90019,-7.39153],[108.90001,-7.39153],[108.90001,-7.39197],[108.90001,-7.39198],[108.90001,-7.39206],[108.90019,-7.39206],[108.90019,-7.39243],[108.89993,-7.39243],[108.89992,-7.39243],[108.89947,-7.39243],[108.89947,-7.39242],[108.89947,-7.39197],[108.89992,-7.39197]]],[[[108.9011,-7.39117],[108.90092,-7.39117],[108.90092,-7.39135],[108.90083,-7.39135],[108.90082,-7.39135],[108.90074,-7.39135],[108.90074,-7.39152],[108.90074,-7.39153],[108.90056,-7.39153],[108.90056,-7.39152],[108.90056,-7.39134],[108.90038,-7.39134],[108.90037,-7.39134],[108.90037,-7.39107],[108.90038,-7.39107],[108.90082,-7.39107],[108.90083,-7.39107],[108.9011,-7.39107],[108.9011,-7.39117]]],[[[108.90147,-7.38972],[108.90147,-7.39017],[108.90147,-7.39018],[108.90129,-7.39018],[108.90129,-7.39017],[108.90129,-7.38972],[108.90084,-7.38972],[108.90084,-7.38927],[108.9013,-7.38927],[108.9013,-7.38972],[108.90147,-7.38972]]],[[[108.89948,-7.39016],[108.89903,-7.39016],[108.89902,-7.39016],[108.89902,-7.38971],[108.89903,-7.38971],[108.89948,-7.38971],[108.89948,-7.39016]]],[[[108.90039,-7.38836],[108.90039,-7.38791],[108.90085,-7.38791],[108.90085,-7.38836],[108.90085,-7.38881],[108.90085,-7.38882],[108.90039,-7.38882],[108.90039,-7.38881],[108.90039,-7.38836]]],[[[108.89995,-7.38655],[108.89949,-7.38655],[108.89949,-7.3861],[108.89995,-7.3861],[108.90041,-7.3861],[108.90041,-7.38655],[108.89995,-7.38655]]],[[[108.90087,-7.38384],[108.90087,-7.38385],[108.90041,-7.38385],[108.90041,-7.38384],[108.90041,-7.38339],[108.90087,-7.38339],[108.90087,-7.38384]]],[[[108.89996,-7.38294],[108.89996,-7.38249],[108.90042,-7.38249],[108.90042,-7.38292],[108.90042,-7.38294],[108.90023,-7.38294],[108.89996,-7.38294]]],[[[108.90042,-7.38113],[108.90061,-7.38113],[108.90061,-7.3814],[108.90079,-7.3814],[108.90088,-7.3814],[108.90115,-7.3814],[108.90115,-7.38123],[108.90115,-7.38122],[108.90133,-7.38122],[108.90134,-7.38122],[108.90151,-7.38122],[108.90151,-7.38114],[108.90178,-7.38114],[108.90179,-7.38114],[108.90179,-7.38069],[108.90224,-7.38069],[108.90225,-7.38069],[108.90269,-7.38069],[108.9027,-7.38069],[108.9027,-7.38114],[108.90269,-7.38114],[108.90225,-7.38114],[108.90224,-7.38114],[108.90224,-7.38159],[108.90179,-7.38159],[108.90178,-7.38159],[108.90134,-7.38159],[108.90133,-7.38159],[108.90133,-7.38177],[108.90114,-7.38177],[108.90087,-7.38177],[108.90087,-7.38159],[108.90043,-7.38159],[108.90043,-7.38204],[108.90061,-7.38204],[108.90061,-7.38231],[108.90078,-7.38231],[108.90087,-7.38231],[108.90088,-7.38231],[108.90096,-7.38231],[108.90097,-7.38231],[108.90133,-7.38231],[108.90133,-7.38249],[108.90133,-7.3826],[108.90133,-7.38294],[108.9012,-7.38294],[108.90087,-7.38294],[108.90087,-7.38249],[108.90042,-7.38249],[108.90042,-7.38204],[108.89997,-7.38204],[108.89997,-7.38158],[108.90042,-7.38158],[108.90042,-7.38113]]],[[[108.89907,-7.38067],[108.89953,-7.38067],[108.89953,-7.38113],[108.89952,-7.38113],[108.89952,-7.38158],[108.89906,-7.38158],[108.89906,-7.38113],[108.89907,-7.38113],[108.89907,-7.38067]]],[[[108.90116,-7.38068],[108.90116,-7.38069],[108.90115,-7.38069],[108.90097,-7.38068],[108.90116,-7.38068]]],[[[108.90089,-7.38023],[108.90089,-7.3805],[108.90079,-7.3805],[108.90079,-7.38032],[108.90043,-7.38032],[108.90043,-7.38023],[108.90043,-7.37978],[108.89998,-7.37978],[108.89998,-7.37933],[108.89998,-7.37932],[108.89998,-7.37887],[108.90044,-7.37887],[108.90044,-7.37932],[108.90044,-7.37933],[108.90044,-7.37978],[108.90089,-7.37978],[108.90089,-7.38023]]],[[[108.89908,-7.37887],[108.89908,-7.37842],[108.89908,-7.37841],[108.89954,-7.37841],[108.89954,-7.37842],[108.89954,-7.37887],[108.89908,-7.37887]]],[[[108.90002,-7.373],[108.89956,-7.373],[108.89956,-7.37254],[108.90002,-7.37254],[108.90002,-7.373]]],[[[108.90093,-7.37255],[108.90092,-7.37255],[108.90047,-7.37255],[108.90047,-7.3721],[108.90092,-7.3721],[108.90093,-7.3721],[108.90093,-7.37255]]],[[[108.90093,-7.37074],[108.90047,-7.37074],[108.90047,-7.37029],[108.90093,-7.37029],[108.90093,-7.37074]]],[[[108.90096,-7.36442],[108.90095,-7.36442],[108.90095,-7.36397],[108.90096,-7.36397],[108.90141,-7.36397],[108.90141,-7.36442],[108.90096,-7.36442]]],[[[108.90052,-7.36261],[108.90052,-7.36279],[108.90088,-7.36279],[108.90088,-7.36261],[108.90096,-7.36261],[108.90097,-7.36261],[108.90106,-7.36261],[108.90106,-7.36243],[108.90142,-7.36243],[108.90142,-7.36225],[108.9016,-7.36225],[108.9016,-7.36216],[108.90188,-7.36216],[108.90188,-7.36261],[108.90233,-7.36261],[108.90233,-7.36262],[108.90233,-7.36307],[108.90187,-7.36307],[108.90187,-7.36352],[108.90187,-7.36397],[108.90141,-7.36397],[108.90141,-7.36352],[108.90096,-7.36352],[108.90096,-7.36306],[108.90051,-7.36306],[108.90051,-7.36261],[108.90051,-7.36216],[108.9007,-7.36216],[108.9007,-7.36225],[108.90052,-7.36225],[108.90052,-7.36261]]],[[[108.90286,-7.44033],[108.90286,-7.43988],[108.90331,-7.43988],[108.90332,-7.43988],[108.90376,-7.43988],[108.90377,-7.43988],[108.90422,-7.43988],[108.90422,-7.44034],[108.90467,-7.44034],[108.90467,-7.44079],[108.90421,-7.44079],[108.90421,-7.44034],[108.90377,-7.44034],[108.90376,-7.44034],[108.90331,-7.44034],[108.90331,-7.44033],[108.90286,-7.44033]]],[[[108.90413,-7.43898],[108.90413,-7.43889],[108.90414,-7.43889],[108.90414,-7.43898],[108.90413,-7.43898]]],[[[108.90425,-7.43537],[108.90407,-7.43537],[108.90391,-7.43537],[108.90379,-7.43537],[108.90379,-7.43529],[108.90379,-7.43519],[108.90379,-7.43491],[108.90425,-7.43491],[108.90425,-7.43537]]],[[[108.90203,-7.42542],[108.90157,-7.42542],[108.90157,-7.42496],[108.90203,-7.42496],[108.90203,-7.42542]]],[[[108.90477,-7.42046],[108.90477,-7.42091],[108.90522,-7.42091],[108.90522,-7.42136],[108.90522,-7.42137],[108.90567,-7.42137],[108.90567,-7.42182],[108.90522,-7.42182],[108.90521,-7.42182],[108.90476,-7.42182],[108.90476,-7.42227],[108.9043,-7.42227],[108.9043,-7.42182],[108.9043,-7.42181],[108.90385,-7.42181],[108.90385,-7.42136],[108.90385,-7.42091],[108.9034,-7.42091],[108.9034,-7.42045],[108.90386,-7.42045],[108.90386,-7.42001],[108.90386,-7.42],[108.90432,-7.42],[108.90432,-7.42001],[108.90477,-7.42001],[108.90477,-7.42046]]],[[[108.90251,-7.42045],[108.90205,-7.42045],[108.90205,-7.42],[108.90251,-7.42],[108.90251,-7.42045]]],[[[108.90207,-7.4157],[108.90207,-7.41548],[108.90208,-7.41548],[108.90208,-7.41503],[108.90253,-7.41503],[108.90254,-7.41503],[108.90254,-7.41548],[108.90253,-7.41548],[108.90253,-7.41593],[108.90298,-7.41593],[108.90298,-7.41548],[108.90298,-7.41503],[108.90298,-7.41458],[108.90343,-7.41458],[108.90344,-7.41458],[108.90388,-7.41458],[108.90389,-7.41458],[108.90433,-7.41458],[108.90434,-7.41458],[108.90434,-7.41413],[108.9048,-7.41413],[108.9048,-7.41459],[108.90525,-7.41459],[108.90525,-7.41504],[108.90479,-7.41504],[108.90479,-7.41549],[108.90479,-7.41594],[108.90434,-7.41594],[108.90434,-7.41639],[108.90434,-7.41684],[108.90433,-7.41684],[108.90389,-7.41684],[108.90388,-7.41684],[108.90343,-7.41684],[108.90343,-7.41639],[108.90298,-7.41639],[108.90298,-7.41684],[108.90252,-7.41684],[108.90252,-7.41639],[108.90252,-7.41638],[108.90207,-7.41638],[108.90207,-7.41593],[108.90207,-7.41579],[108.90207,-7.4157]],[[108.90433,-7.41549],[108.90433,-7.41504],[108.90389,-7.41504],[108.90389,-7.41548],[108.90389,-7.41549],[108.90433,-7.41549]]],[[[108.90395,-7.40148],[108.9044,-7.40148],[108.9044,-7.40193],[108.9044,-7.40194],[108.90395,-7.40194],[108.90395,-7.40193],[108.9035,-7.40193],[108.9035,-7.40148],[108.90395,-7.40148]]],[[[108.90214,-7.39966],[108.90215,-7.39966],[108.9026,-7.39966],[108.9026,-7.39967],[108.9026,-7.39985],[108.90251,-7.39985],[108.90251,-7.39967],[108.90215,-7.39967],[108.90214,-7.39967],[108.90179,-7.39967],[108.90179,-7.40002],[108.90196,-7.40002],[108.90196,-7.40003],[108.90178,-7.40003],[108.90178,-7.40011],[108.90178,-7.40012],[108.90178,-7.40039],[108.90214,-7.40039],[108.90214,-7.40021],[108.90214,-7.4002],[108.90215,-7.4002],[108.90215,-7.40021],[108.90233,-7.40021],[108.9026,-7.40021],[108.9026,-7.40057],[108.90305,-7.40057],[108.90305,-7.40102],[108.90305,-7.40103],[108.90305,-7.40148],[108.9026,-7.40148],[108.90259,-7.40148],[108.90259,-7.40103],[108.90259,-7.40102],[108.90215,-7.40102],[108.90214,-7.40102],[108.90214,-7.40057],[108.90169,-7.40057],[108.90169,-7.40012],[108.90169,-7.40011],[108.90169,-7.39966],[108.9017,-7.39966],[108.90214,-7.39966]]],[[[108.90127,-7.39469],[108.90127,-7.39451],[108.90173,-7.39467],[108.90173,-7.39469],[108.90127,-7.39469]]],[[[108.90201,-7.38972],[108.9022,-7.38972],[108.9022,-7.39017],[108.9022,-7.39018],[108.9022,-7.39063],[108.90174,-7.39063],[108.90174,-7.39108],[108.90174,-7.39153],[108.90146,-7.39153],[108.90146,-7.39108],[108.90146,-7.39099],[108.90128,-7.39099],[108.90128,-7.39062],[108.90174,-7.39062],[108.90174,-7.39026],[108.90183,-7.39026],[108.90183,-7.39018],[108.90183,-7.39017],[108.90183,-7.3899],[108.90201,-7.3899],[108.90201,-7.38972]]],[[[108.90311,-7.39018],[108.90356,-7.39018],[108.90356,-7.39063],[108.90357,-7.39063],[108.90356,-7.39064],[108.90356,-7.39064],[108.90355,-7.39065],[108.90355,-7.39064],[108.9031,-7.39064],[108.9031,-7.39063],[108.9031,-7.39018],[108.90265,-7.39018],[108.90265,-7.38973],[108.90311,-7.38973],[108.90311,-7.39018]]],[[[108.90402,-7.38928],[108.90401,-7.38928],[108.90356,-7.38928],[108.90356,-7.38883],[108.90401,-7.38883],[108.90402,-7.38883],[108.90402,-7.38928]]],[[[108.90239,-7.38837],[108.90239,-7.3881],[108.90221,-7.3881],[108.9022,-7.3881],[108.90203,-7.3881],[108.90203,-7.38828],[108.90202,-7.38828],[108.90175,-7.38828],[108.90175,-7.38792],[108.9022,-7.38792],[108.90221,-7.38792],[108.90266,-7.38792],[108.90266,-7.38837],[108.90239,-7.38837]]],[[[108.90311,-7.38747],[108.90356,-7.38747],[108.90357,-7.38747],[108.90401,-7.38747],[108.90402,-7.38747],[108.90447,-7.38747],[108.90447,-7.38748],[108.90492,-7.38748],[108.90492,-7.38793],[108.90447,-7.38793],[108.90446,-7.38793],[108.90402,-7.38793],[108.90401,-7.38793],[108.90356,-7.38793],[108.90356,-7.38792],[108.90311,-7.38792],[108.90311,-7.38747]]],[[[108.90221,-7.38747],[108.90221,-7.38701],[108.90266,-7.38701],[108.90266,-7.38747],[108.90221,-7.38747]]],[[[108.9024,-7.38593],[108.90239,-7.38593],[108.90221,-7.38593],[108.90185,-7.38593],[108.90185,-7.38611],[108.90185,-7.38629],[108.90176,-7.38629],[108.90176,-7.38611],[108.90176,-7.3859],[108.90176,-7.3858],[108.90176,-7.38566],[108.90204,-7.38566],[108.90221,-7.38566],[108.90221,-7.38557],[108.90221,-7.38539],[108.9024,-7.38539],[108.9024,-7.38521],[108.90258,-7.38521],[108.90258,-7.38503],[108.90267,-7.38503],[108.90276,-7.38503],[108.90276,-7.38476],[108.90276,-7.38467],[108.90268,-7.38467],[108.90267,-7.38467],[108.90259,-7.38467],[108.90259,-7.38449],[108.9024,-7.38449],[108.9024,-7.38431],[108.9024,-7.3843],[108.90223,-7.3843],[108.90222,-7.3843],[108.90204,-7.3843],[108.90204,-7.38475],[108.90204,-7.38476],[108.90204,-7.38521],[108.90176,-7.38521],[108.90176,-7.38476],[108.90176,-7.38475],[108.90176,-7.3843],[108.90131,-7.3843],[108.90131,-7.38385],[108.90177,-7.38385],[108.90177,-7.3834],[108.90177,-7.38295],[108.90223,-7.38295],[108.90223,-7.3834],[108.90267,-7.3834],[108.90268,-7.3834],[108.90313,-7.3834],[108.90313,-7.38385],[108.90313,-7.38386],[108.90313,-7.38431],[108.90358,-7.38431],[108.90358,-7.38476],[108.90403,-7.38476],[108.90403,-7.38431],[108.90449,-7.38431],[108.90449,-7.38477],[108.90494,-7.38477],[108.90494,-7.38522],[108.90539,-7.38522],[108.90539,-7.38541],[108.90539,-7.3855],[108.90539,-7.38567],[108.90584,-7.38567],[108.90584,-7.38556],[108.90584,-7.38547],[108.90584,-7.38523],[108.90584,-7.38522],[108.90584,-7.38477],[108.90539,-7.38477],[108.90539,-7.38432],[108.90585,-7.38432],[108.90585,-7.38477],[108.90629,-7.38477],[108.9063,-7.38477],[108.90675,-7.38477],[108.90675,-7.38478],[108.9069,-7.38478],[108.90694,-7.38523],[108.90692,-7.38523],[108.90692,-7.38541],[108.90674,-7.38541],[108.90674,-7.38523],[108.9063,-7.38523],[108.9063,-7.38553],[108.9063,-7.38561],[108.9063,-7.38568],[108.90638,-7.38568],[108.90638,-7.38577],[108.90656,-7.38577],[108.90656,-7.38595],[108.90638,-7.38595],[108.90638,-7.38613],[108.90638,-7.38631],[108.90674,-7.38631],[108.90674,-7.38658],[108.90674,-7.38704],[108.90628,-7.38704],[108.90628,-7.38748],[108.90674,-7.38748],[108.90674,-7.38749],[108.90674,-7.38794],[108.90628,-7.38794],[108.90619,-7.38794],[108.90619,-7.38758],[108.90601,-7.38758],[108.90601,-7.38757],[108.90601,-7.38749],[108.90601,-7.38748],[108.90601,-7.38703],[108.90583,-7.38703],[108.90565,-7.38703],[108.90565,-7.38739],[108.90547,-7.38739],[108.90547,-7.38748],[108.90546,-7.38748],[108.90546,-7.38739],[108.90538,-7.38739],[108.90537,-7.38739],[108.9051,-7.38739],[108.9051,-7.38748],[108.90492,-7.38748],[108.90492,-7.38703],[108.90537,-7.38703],[108.90537,-7.38658],[108.90583,-7.38658],[108.90628,-7.38658],[108.90628,-7.38613],[108.90584,-7.38613],[108.90583,-7.38613],[108.90538,-7.38613],[108.90538,-7.38567],[108.90495,-7.38567],[108.90494,-7.38567],[108.90493,-7.38567],[108.90483,-7.38567],[108.90457,-7.38567],[108.90457,-7.3854],[108.90448,-7.3854],[108.90428,-7.3854],[108.90421,-7.3854],[108.90421,-7.38531],[108.90421,-7.38522],[108.90448,-7.38522],[108.90448,-7.38477],[108.90403,-7.38477],[108.90403,-7.38504],[108.90385,-7.38504],[108.90384,-7.38504],[108.90384,-7.38503],[108.90384,-7.38485],[108.90358,-7.38485],[108.90357,-7.38485],[108.90348,-7.38485],[108.90348,-7.38521],[108.90313,-7.38521],[108.90312,-7.38521],[108.90267,-7.38521],[108.90267,-7.38543],[108.90267,-7.38553],[108.90267,-7.38566],[108.90311,-7.38566],[108.90312,-7.38566],[108.90348,-7.38566],[108.90348,-7.38575],[108.90357,-7.38575],[108.90367,-7.38575],[108.90402,-7.38575],[108.90402,-7.38576],[108.90385,-7.38576],[108.90384,-7.38576],[108.90366,-7.38576],[108.90357,-7.38576],[108.9033,-7.38576],[108.9033,-7.38611],[108.90348,-7.38611],[108.90348,-7.38612],[108.90312,-7.38612],[108.90312,-7.38657],[108.90266,-7.38657],[108.90221,-7.38657],[108.90221,-7.38701],[108.90176,-7.38701],[108.90176,-7.38665],[108.90203,-7.38665],[108.90203,-7.38656],[108.90203,-7.38647],[108.90221,-7.38647],[108.90239,-7.38647],[108.90239,-7.38629],[108.9024,-7.38629],[108.90258,-7.38629],[108.90258,-7.38611],[108.90258,-7.38593],[108.9024,-7.38593]],[[108.90235,-7.38569],[108.90236,-7.38571],[108.90241,-7.38569],[108.90242,-7.38567],[108.90238,-7.38566],[108.90239,-7.38566],[108.90235,-7.38565],[108.90235,-7.38566],[108.90235,-7.38569]],[[108.90468,-7.38547],[108.90479,-7.38555],[108.90476,-7.38547],[108.9047,-7.3854],[108.90468,-7.3854],[108.90467,-7.3854],[108.90466,-7.3854],[108.90465,-7.3854],[108.90464,-7.3854],[108.90464,-7.3854],[108.90468,-7.38547]]],[[[108.90421,-7.38558],[108.90403,-7.38558],[108.90403,-7.38557],[108.90421,-7.38557],[108.90421,-7.38558]]],[[[108.9036,-7.3807],[108.90314,-7.3807],[108.90314,-7.38069],[108.90314,-7.38024],[108.9036,-7.38024],[108.9036,-7.38069],[108.9036,-7.3807]]],[[[108.90275,-7.36985],[108.90229,-7.36985],[108.90229,-7.36939],[108.90275,-7.36939],[108.90275,-7.36985]]],[[[108.90184,-7.36939],[108.90138,-7.36939],[108.90138,-7.36894],[108.90184,-7.36894],[108.90184,-7.36939]]],[[[108.90369,-7.36308],[108.90323,-7.36308],[108.90323,-7.36307],[108.90323,-7.36262],[108.90369,-7.36262],[108.90369,-7.36307],[108.90369,-7.36308]]],[[[108.90286,-7.34635],[108.9033,-7.34635],[108.90331,-7.34635],[108.90331,-7.34681],[108.90331,-7.34726],[108.90331,-7.34771],[108.9033,-7.34771],[108.90285,-7.34771],[108.90239,-7.34771],[108.90239,-7.34726],[108.90239,-7.34725],[108.9024,-7.34725],[108.9024,-7.34681],[108.9024,-7.3468],[108.9024,-7.34635],[108.9024,-7.3459],[108.90285,-7.3459],[108.90286,-7.3459],[108.90286,-7.34635]]],[[[108.9101,-7.44308],[108.90964,-7.44308],[108.90964,-7.44307],[108.90919,-7.44307],[108.90919,-7.44262],[108.90919,-7.44217],[108.90964,-7.44217],[108.90965,-7.44217],[108.90965,-7.44262],[108.9101,-7.44262],[108.9101,-7.44308]]],[[[108.90422,-7.43907],[108.90431,-7.43907],[108.90431,-7.43925],[108.9045,-7.43925],[108.9045,-7.43944],[108.90422,-7.43944],[108.90422,-7.43907]]],[[[108.90514,-7.43853],[108.90514,-7.43854],[108.90468,-7.43854],[108.90468,-7.43853],[108.90468,-7.43808],[108.90514,-7.43808],[108.90514,-7.43853]]],[[[108.90514,-7.43763],[108.90514,-7.43718],[108.90559,-7.43718],[108.90559,-7.43763],[108.90514,-7.43763]]],[[[108.90922,-7.43674],[108.90922,-7.43675],[108.90922,-7.43693],[108.90885,-7.43693],[108.90885,-7.4372],[108.90876,-7.4372],[108.90876,-7.43675],[108.90876,-7.43674],[108.90876,-7.43629],[108.90922,-7.43629],[108.90922,-7.43674]]],[[[108.90741,-7.43674],[108.90695,-7.43674],[108.90695,-7.43628],[108.90741,-7.43628],[108.90741,-7.43674]]],[[[108.90922,-7.42771],[108.90911,-7.42803],[108.90909,-7.42816],[108.90881,-7.42816],[108.90881,-7.42771],[108.90922,-7.42771]]],[[[108.90613,-7.42076],[108.90577,-7.42047],[108.90577,-7.42046],[108.90613,-7.42046],[108.90613,-7.42047],[108.90613,-7.42076]]],[[[108.90839,-7.42048],[108.90794,-7.42048],[108.90794,-7.42002],[108.90839,-7.42002],[108.90839,-7.42048]]],[[[108.90704,-7.41776],[108.90659,-7.41776],[108.90658,-7.41776],[108.90658,-7.41731],[108.90659,-7.41731],[108.90704,-7.41731],[108.90704,-7.41776]]],[[[108.90751,-7.41551],[108.90751,-7.41505],[108.90797,-7.41505],[108.90797,-7.41551],[108.90751,-7.41551]]],[[[108.90842,-7.41415],[108.90797,-7.41415],[108.90751,-7.41415],[108.90751,-7.4137],[108.90797,-7.4137],[108.90842,-7.4137],[108.90842,-7.41325],[108.90887,-7.41325],[108.90888,-7.41325],[108.90888,-7.4137],[108.90887,-7.4137],[108.90843,-7.4137],[108.90843,-7.41415],[108.90842,-7.41415]]],[[[108.90707,-7.41189],[108.90707,-7.41144],[108.90707,-7.41143],[108.90752,-7.41143],[108.90752,-7.41144],[108.90752,-7.41189],[108.90707,-7.41189]]],[[[108.90492,-7.38929],[108.90491,-7.38929],[108.90446,-7.38929],[108.90446,-7.38883],[108.90491,-7.38883],[108.90492,-7.38883],[108.90492,-7.38929]]],[[[108.90447,-7.38702],[108.90447,-7.38703],[108.90401,-7.38703],[108.90401,-7.38702],[108.90401,-7.38657],[108.90402,-7.38657],[108.90402,-7.3863],[108.90403,-7.3863],[108.90403,-7.38612],[108.90448,-7.38612],[108.90448,-7.38657],[108.90447,-7.38657],[108.90447,-7.38702]]],[[[108.90699,-7.38595],[108.90709,-7.38595],[108.9071,-7.38595],[108.9071,-7.38577],[108.90711,-7.38577],[108.9072,-7.38577],[108.9072,-7.38613],[108.90709,-7.38613],[108.907,-7.38613],[108.90692,-7.38613],[108.90692,-7.38595],[108.90699,-7.38595]]],[[[108.90789,-7.38433],[108.90811,-7.38401],[108.90811,-7.38433],[108.90855,-7.38433],[108.90855,-7.38388],[108.9082,-7.38388],[108.90849,-7.38347],[108.90849,-7.38346],[108.90853,-7.38343],[108.90856,-7.38343],[108.90856,-7.3834],[108.90885,-7.38313],[108.90886,-7.38313],[108.90886,-7.38312],[108.90887,-7.38312],[108.90888,-7.38312],[108.90889,-7.38312],[108.9089,-7.38312],[108.90891,-7.38312],[108.90891,-7.38313],[108.90892,-7.38313],[108.90902,-7.38321],[108.90902,-7.38322],[108.90906,-7.38324],[108.90906,-7.38325],[108.90907,-7.38325],[108.90907,-7.38326],[108.90907,-7.38327],[108.90915,-7.38298],[108.90926,-7.38298],[108.90947,-7.38298],[108.90992,-7.38298],[108.90992,-7.38253],[108.91037,-7.38253],[108.91038,-7.38253],[108.91083,-7.38253],[108.91083,-7.38254],[108.91128,-7.38254],[108.91128,-7.38209],[108.91174,-7.38209],[108.91174,-7.38254],[108.91129,-7.38254],[108.91129,-7.38299],[108.91083,-7.38299],[108.91038,-7.38299],[108.91038,-7.38329],[108.91038,-7.3833],[108.91038,-7.38344],[108.90993,-7.38344],[108.90992,-7.38344],[108.90992,-7.38389],[108.90947,-7.38389],[108.90947,-7.38434],[108.90946,-7.38434],[108.90946,-7.38479],[108.9091,-7.38479],[108.9091,-7.38434],[108.90901,-7.38434],[108.909,-7.38434],[108.90892,-7.38434],[108.90892,-7.38433],[108.90892,-7.38416],[108.90856,-7.38416],[108.90856,-7.38433],[108.90856,-7.38434],[108.90856,-7.38452],[108.90855,-7.38452],[108.90837,-7.38452],[108.90837,-7.38469],[108.9081,-7.38469],[108.90802,-7.38469],[108.90802,-7.38478],[108.90802,-7.38523],[108.9081,-7.38523],[108.90838,-7.38523],[108.90838,-7.38505],[108.90855,-7.38505],[108.90856,-7.38505],[108.90856,-7.38487],[108.90874,-7.38487],[108.90901,-7.38487],[108.90901,-7.38488],[108.90901,-7.38524],[108.90855,-7.38524],[108.9081,-7.38524],[108.9081,-7.38569],[108.90765,-7.38569],[108.90765,-7.38568],[108.90747,-7.38568],[108.90747,-7.38559],[108.90765,-7.38559],[108.90765,-7.38524],[108.90765,-7.38523],[108.90765,-7.38478],[108.90765,-7.38469],[108.9079,-7.38433],[108.90789,-7.38433]]],[[[108.90728,-7.38523],[108.90729,-7.38523],[108.90729,-7.38541],[108.90728,-7.38541],[108.90728,-7.38523]]],[[[108.90675,-7.38387],[108.90682,-7.38387],[108.90686,-7.38433],[108.90675,-7.38433],[108.90675,-7.38387]]],[[[108.90868,-7.38253],[108.90902,-7.38253],[108.90902,-7.3828],[108.90902,-7.38287],[108.90865,-7.38256],[108.90864,-7.38256],[108.90864,-7.38255],[108.90864,-7.38254],[108.90863,-7.38254],[108.90863,-7.38253],[108.90867,-7.38253],[108.90868,-7.38253]]],[[[108.90694,-7.3818],[108.90694,-7.38197],[108.90721,-7.38197],[108.9073,-7.38197],[108.9073,-7.38162],[108.9073,-7.38161],[108.90748,-7.38161],[108.90748,-7.38116],[108.90767,-7.38116],[108.90767,-7.38162],[108.90767,-7.38207],[108.90766,-7.38207],[108.90766,-7.38237],[108.9072,-7.38252],[108.9072,-7.38251],[108.90719,-7.38252],[108.90675,-7.38252],[108.90675,-7.38207],[108.90675,-7.38179],[108.90676,-7.38179],[108.90694,-7.38179],[108.90694,-7.3818]]],[[[108.90881,-7.382],[108.90857,-7.38207],[108.90811,-7.38207],[108.90811,-7.38162],[108.90857,-7.38162],[108.90903,-7.38162],[108.90903,-7.38208],[108.90901,-7.38208],[108.90899,-7.38205],[108.90892,-7.38202],[108.90891,-7.38202],[108.90891,-7.38201],[108.90884,-7.38195],[108.90884,-7.38196],[108.90884,-7.38197],[108.90883,-7.38198],[108.90883,-7.38199],[108.90882,-7.38199],[108.90881,-7.38199],[108.90881,-7.382]]],[[[108.9063,-7.38161],[108.9063,-7.38116],[108.90676,-7.38116],[108.90676,-7.38125],[108.90658,-7.38125],[108.90658,-7.38161],[108.9063,-7.38161]]],[[[108.90495,-7.38116],[108.90495,-7.3807],[108.90541,-7.3807],[108.90541,-7.38116],[108.90495,-7.38116]]],[[[108.90722,-7.38108],[108.90713,-7.38108],[108.90713,-7.38107],[108.90712,-7.38107],[108.90712,-7.38089],[108.90676,-7.38089],[108.90676,-7.38071],[108.90722,-7.38071],[108.90722,-7.38107],[108.90722,-7.38108]]],[[[108.90605,-7.37872],[108.90633,-7.37872],[108.90633,-7.3789],[108.90587,-7.3789],[108.90587,-7.37872],[108.90605,-7.37872]]],[[[108.90677,-7.37818],[108.90678,-7.37818],[108.90678,-7.37845],[108.90677,-7.37845],[108.90677,-7.37818]]],[[[108.90714,-7.37764],[108.90696,-7.37764],[108.90678,-7.37764],[108.9066,-7.37764],[108.9066,-7.378],[108.90641,-7.378],[108.90641,-7.37818],[108.90632,-7.37818],[108.90632,-7.378],[108.90633,-7.378],[108.90633,-7.37755],[108.90633,-7.37754],[108.90678,-7.37754],[108.90678,-7.37755],[108.90723,-7.37755],[108.90723,-7.378],[108.90714,-7.378],[108.90714,-7.37764]]],[[[108.90823,-7.35993],[108.90777,-7.35993],[108.90731,-7.35993],[108.90731,-7.35948],[108.90777,-7.35948],[108.90823,-7.35948],[108.90823,-7.35993]]],[[[108.90732,-7.35812],[108.90778,-7.35812],[108.90778,-7.35857],[108.90778,-7.35858],[108.90778,-7.35903],[108.90732,-7.35903],[108.90732,-7.35858],[108.90732,-7.35857],[108.90732,-7.35812]]],[[[108.90913,-7.35858],[108.90868,-7.35858],[108.90868,-7.35813],[108.90913,-7.35813],[108.90913,-7.35858]]],[[[108.90461,-7.35811],[108.90461,-7.35766],[108.90507,-7.35766],[108.90507,-7.35811],[108.90461,-7.35811]]],[[[108.90823,-7.35677],[108.90869,-7.35677],[108.90869,-7.35686],[108.90869,-7.35687],[108.9085,-7.35687],[108.9085,-7.35722],[108.90869,-7.35722],[108.90869,-7.35723],[108.90823,-7.35723],[108.90823,-7.35722],[108.90823,-7.35677]]],[[[108.91086,-7.43495],[108.91103,-7.43495],[108.91103,-7.4354],[108.91058,-7.4354],[108.91049,-7.4354],[108.91049,-7.43513],[108.91058,-7.43513],[108.91086,-7.43513],[108.91086,-7.43495]]],[[[108.91013,-7.43494],[108.91013,-7.43531],[108.91012,-7.43531],[108.91012,-7.43494],[108.91013,-7.43494]]],[[[108.91194,-7.43495],[108.91148,-7.43495],[108.91148,-7.4345],[108.91194,-7.4345],[108.91194,-7.43495]]],[[[108.9115,-7.43314],[108.91104,-7.43314],[108.91104,-7.43269],[108.9115,-7.43269],[108.9115,-7.43314]]],[[[108.91151,-7.43224],[108.91105,-7.43224],[108.91105,-7.43179],[108.91151,-7.43179],[108.91151,-7.43224]]],[[[108.91242,-7.42863],[108.91242,-7.42818],[108.91288,-7.42818],[108.91288,-7.42863],[108.91242,-7.42863]]],[[[108.91202,-7.41824],[108.91157,-7.41824],[108.91157,-7.41778],[108.91202,-7.41778],[108.91202,-7.41733],[108.91248,-7.41733],[108.91248,-7.41778],[108.91248,-7.41779],[108.91248,-7.41824],[108.91203,-7.41824],[108.91202,-7.41824]]],[[[108.91341,-7.41146],[108.91341,-7.41147],[108.91341,-7.41192],[108.91296,-7.41192],[108.91296,-7.41237],[108.9125,-7.41237],[108.9125,-7.41236],[108.91205,-7.41236],[108.91205,-7.41191],[108.91205,-7.41146],[108.91205,-7.41101],[108.91251,-7.41101],[108.91251,-7.41146],[108.91296,-7.41146],[108.91296,-7.41101],[108.91341,-7.41101],[108.91341,-7.41146]]],[[[108.91069,-7.41236],[108.91023,-7.41236],[108.91023,-7.4119],[108.91024,-7.4119],[108.91024,-7.41145],[108.9107,-7.41145],[108.9107,-7.4119],[108.91069,-7.4119],[108.91069,-7.41236]]],[[[108.91025,-7.41055],[108.91025,-7.4101],[108.91025,-7.41009],[108.91071,-7.41009],[108.91071,-7.4101],[108.91071,-7.41055],[108.91025,-7.41055]]],[[[108.91115,-7.4101],[108.91115,-7.40965],[108.91161,-7.40965],[108.91161,-7.4101],[108.91115,-7.4101]]],[[[108.90983,-7.40392],[108.90983,-7.40422],[108.90937,-7.40422],[108.90937,-7.40391],[108.90937,-7.40388],[108.90962,-7.4039],[108.90983,-7.40386],[108.90983,-7.40392]]],[[[108.91083,-7.38434],[108.91079,-7.38434],[108.91037,-7.38434],[108.91037,-7.38389],[108.91076,-7.38389],[108.91083,-7.38389],[108.91083,-7.38434]]],[[[108.91174,-7.38118],[108.91174,-7.38074],[108.91174,-7.38073],[108.91174,-7.38028],[108.9122,-7.38028],[108.9122,-7.38073],[108.9122,-7.38074],[108.9122,-7.38119],[108.91264,-7.38119],[108.91264,-7.38074],[108.91309,-7.38074],[108.9131,-7.38074],[108.91355,-7.38074],[108.91355,-7.38029],[108.914,-7.38029],[108.91401,-7.38029],[108.91401,-7.37984],[108.91446,-7.37984],[108.91446,-7.37939],[108.91401,-7.37939],[108.91401,-7.37894],[108.91447,-7.37894],[108.91492,-7.37894],[108.91493,-7.37894],[108.91537,-7.37894],[108.91538,-7.37894],[108.91538,-7.37939],[108.91538,-7.3794],[108.91537,-7.3794],[108.91492,-7.3794],[108.91492,-7.37985],[108.91447,-7.37985],[108.91447,-7.38029],[108.91446,-7.38029],[108.91446,-7.38074],[108.91446,-7.38075],[108.91446,-7.3812],[108.91401,-7.3812],[108.914,-7.3812],[108.91355,-7.3812],[108.91355,-7.38119],[108.9131,-7.38119],[108.9131,-7.38164],[108.91265,-7.38164],[108.91264,-7.38164],[108.91219,-7.38164],[108.91174,-7.38164],[108.91173,-7.38164],[108.91173,-7.38119],[108.91173,-7.38118],[108.91174,-7.38118]]],[[[108.90994,-7.38072],[108.91038,-7.38072],[108.91039,-7.38072],[108.91039,-7.38073],[108.91079,-7.38073],[108.91083,-7.38073],[108.91084,-7.38073],[108.91129,-7.38073],[108.91129,-7.38118],[108.91084,-7.38118],[108.91083,-7.38118],[108.91039,-7.38118],[108.91038,-7.38118],[108.91012,-7.38118],[108.90993,-7.38118],[108.90993,-7.38073],[108.90948,-7.38073],[108.90948,-7.38072],[108.90948,-7.38027],[108.90993,-7.38027],[108.90994,-7.38027],[108.90994,-7.38072]]],[[[108.91465,-7.43632],[108.91465,-7.43623],[108.91483,-7.43623],[108.91483,-7.43587],[108.91511,-7.43587],[108.91511,-7.43632],[108.91465,-7.43632]]],[[[108.91513,-7.43181],[108.91467,-7.43181],[108.91467,-7.4318],[108.91467,-7.43135],[108.91513,-7.43135],[108.91513,-7.4318],[108.91513,-7.43181]]],[[[108.91514,-7.42909],[108.91468,-7.42909],[108.91468,-7.42864],[108.91514,-7.42864],[108.91514,-7.42909]]],[[[108.91606,-7.42503],[108.9156,-7.42503],[108.9156,-7.42458],[108.91606,-7.42458],[108.91606,-7.42503]]],[[[108.91378,-7.42366],[108.9138,-7.42366],[108.9138,-7.42369],[108.9138,-7.42378],[108.9137,-7.42366],[108.91378,-7.42366]]],[[[108.91789,-7.42007],[108.91789,-7.41962],[108.91835,-7.41962],[108.91835,-7.42007],[108.91789,-7.42007]]],[[[108.91926,-7.41872],[108.91926,-7.41827],[108.91926,-7.41782],[108.91926,-7.41737],[108.91927,-7.41737],[108.91972,-7.41737],[108.91972,-7.41782],[108.91972,-7.41827],[108.91972,-7.41872],[108.92017,-7.41872],[108.92017,-7.41918],[108.92062,-7.41918],[108.92062,-7.41963],[108.92016,-7.41963],[108.92016,-7.41918],[108.91972,-7.41918],[108.91971,-7.41918],[108.91926,-7.41918],[108.91926,-7.41917],[108.91881,-7.41917],[108.91881,-7.41962],[108.91835,-7.41962],[108.91835,-7.41917],[108.9188,-7.41917],[108.9188,-7.41872],[108.91926,-7.41872]]],[[[108.91564,-7.4178],[108.91609,-7.4178],[108.9161,-7.4178],[108.91655,-7.4178],[108.91655,-7.41826],[108.91699,-7.41826],[108.917,-7.41826],[108.917,-7.41781],[108.91746,-7.41781],[108.91746,-7.41826],[108.91791,-7.41826],[108.91791,-7.41871],[108.91791,-7.41872],[108.91745,-7.41872],[108.91745,-7.41871],[108.917,-7.41871],[108.91699,-7.41871],[108.91654,-7.41871],[108.91654,-7.41826],[108.9161,-7.41826],[108.91609,-7.41826],[108.91564,-7.41826],[108.91564,-7.41825],[108.91564,-7.4178]]],[[[108.91428,-7.4187],[108.91428,-7.41825],[108.91473,-7.41825],[108.91473,-7.4187],[108.91428,-7.4187]]],[[[108.91564,-7.41735],[108.91564,-7.4169],[108.9161,-7.4169],[108.9161,-7.41735],[108.91564,-7.41735]]],[[[108.91612,-7.41093],[108.91613,-7.41093],[108.91622,-7.41093],[108.91622,-7.41094],[108.91613,-7.41094],[108.91612,-7.41094],[108.91604,-7.41094],[108.91604,-7.41093],[108.91612,-7.41093]]],[[[108.9148,-7.4065],[108.91479,-7.4065],[108.91434,-7.4065],[108.91434,-7.40605],[108.91479,-7.40605],[108.9148,-7.40605],[108.9148,-7.4065]]],[[[108.9185,-7.38799],[108.91805,-7.38799],[108.91804,-7.38799],[108.91804,-7.38754],[108.91805,-7.38754],[108.9185,-7.38754],[108.9185,-7.38799]]],[[[108.91628,-7.3785],[108.91583,-7.3785],[108.91582,-7.3785],[108.91582,-7.37804],[108.91583,-7.37804],[108.91628,-7.37804],[108.91628,-7.3785]]],[[[108.91764,-7.37805],[108.91718,-7.37805],[108.91718,-7.3776],[108.91764,-7.3776],[108.91764,-7.37805]]],[[[108.91449,-7.37397],[108.91449,-7.37352],[108.91495,-7.37352],[108.91495,-7.37397],[108.91449,-7.37397]]],[[[108.92238,-7.42823],[108.92238,-7.4281],[108.92238,-7.42777],[108.92284,-7.42777],[108.92284,-7.42795],[108.92284,-7.42822],[108.92283,-7.42823],[108.92238,-7.42823]]],[[[108.92103,-7.42822],[108.92057,-7.42822],[108.92057,-7.42776],[108.92103,-7.42776],[108.92103,-7.42822]]],[[[108.91876,-7.4273],[108.91922,-7.4273],[108.91922,-7.42776],[108.91913,-7.42776],[108.91912,-7.42776],[108.91897,-7.42776],[108.91876,-7.42776],[108.91876,-7.4273]]],[[[108.92604,-7.42734],[108.926,-7.42739],[108.926,-7.42734],[108.92604,-7.42734]]],[[[108.92284,-7.42732],[108.92284,-7.42687],[108.92329,-7.42687],[108.92329,-7.42719],[108.92322,-7.42733],[108.92284,-7.42733],[108.92284,-7.42732]]],[[[108.92013,-7.42731],[108.91967,-7.42731],[108.91967,-7.42686],[108.92013,-7.42686],[108.92013,-7.42731]]],[[[108.92693,-7.42554],[108.92647,-7.42554],[108.92647,-7.42508],[108.92693,-7.42508],[108.92693,-7.42554]]],[[[108.92285,-7.42506],[108.92239,-7.42506],[108.92239,-7.42461],[108.92285,-7.42461],[108.92285,-7.42506]]],[[[108.91971,-7.42053],[108.91925,-7.42053],[108.91925,-7.42008],[108.91971,-7.42008],[108.91971,-7.42053]]],[[[108.92604,-7.42011],[108.92604,-7.41966],[108.9265,-7.41966],[108.9265,-7.42011],[108.92604,-7.42011]]],[[[108.92152,-7.42009],[108.92152,-7.41964],[108.92197,-7.41964],[108.92197,-7.42009],[108.92152,-7.42009]]],[[[108.92152,-7.41964],[108.92107,-7.41964],[108.92107,-7.41918],[108.92152,-7.41918],[108.92152,-7.41964]]],[[[108.9238,-7.41531],[108.9238,-7.41513],[108.92399,-7.41513],[108.92399,-7.41477],[108.92425,-7.41477],[108.92426,-7.41477],[108.92434,-7.41477],[108.92434,-7.41468],[108.92435,-7.41468],[108.9247,-7.41468],[108.92471,-7.41468],[108.92515,-7.41468],[108.92516,-7.41468],[108.92516,-7.41423],[108.92516,-7.41378],[108.92472,-7.41378],[108.92471,-7.41378],[108.92426,-7.41378],[108.92426,-7.41332],[108.92471,-7.41332],[108.92472,-7.41332],[108.92517,-7.41332],[108.92517,-7.41378],[108.92561,-7.41378],[108.92562,-7.41378],[108.92607,-7.41378],[108.92652,-7.41378],[108.92652,-7.41333],[108.92698,-7.41333],[108.92698,-7.41379],[108.92743,-7.41379],[108.92743,-7.41424],[108.92697,-7.41424],[108.92697,-7.41379],[108.92653,-7.41379],[108.92653,-7.41424],[108.92607,-7.41424],[108.92607,-7.41469],[108.92562,-7.41469],[108.92561,-7.41469],[108.92561,-7.41514],[108.92516,-7.41514],[108.92515,-7.41514],[108.92471,-7.41514],[108.92471,-7.41558],[108.92516,-7.41558],[108.92516,-7.41604],[108.92471,-7.41604],[108.9247,-7.41604],[108.9247,-7.41558],[108.92426,-7.41558],[108.92425,-7.41558],[108.9238,-7.41558],[108.9238,-7.41531]]],[[[108.92064,-7.41547],[108.92064,-7.41556],[108.92064,-7.41557],[108.92018,-7.41557],[108.92018,-7.41556],[108.92018,-7.41529],[108.92036,-7.41529],[108.92036,-7.41547],[108.92064,-7.41547]]],[[[108.9229,-7.41513],[108.9229,-7.41512],[108.923,-7.41512],[108.92308,-7.41512],[108.92308,-7.41513],[108.92308,-7.4153],[108.92335,-7.4153],[108.92336,-7.4153],[108.92336,-7.41531],[108.92336,-7.41558],[108.92335,-7.41558],[108.9229,-7.41558],[108.9229,-7.41513]]],[[[108.92381,-7.41458],[108.92381,-7.41459],[108.92381,-7.41467],[108.92381,-7.41468],[108.92381,-7.41477],[108.9238,-7.41477],[108.9238,-7.41468],[108.9238,-7.41467],[108.9238,-7.41459],[108.9238,-7.41458],[108.92381,-7.41458]]],[[[108.93105,-7.41471],[108.93104,-7.41471],[108.93104,-7.41426],[108.93105,-7.41426],[108.9315,-7.41426],[108.9315,-7.41471],[108.93105,-7.41471]]],[[[108.92879,-7.4138],[108.92879,-7.41334],[108.92924,-7.41334],[108.92925,-7.41334],[108.92925,-7.4138],[108.92969,-7.4138],[108.9297,-7.4138],[108.93014,-7.4138],[108.93015,-7.4138],[108.9306,-7.4138],[108.9306,-7.41425],[108.9306,-7.41426],[108.9306,-7.41471],[108.93014,-7.41471],[108.93014,-7.41426],[108.93014,-7.41425],[108.9297,-7.41425],[108.92969,-7.41425],[108.92925,-7.41425],[108.92924,-7.41425],[108.92879,-7.41425],[108.92879,-7.4138]]],[[[108.93286,-7.41463],[108.93285,-7.41463],[108.93285,-7.41427],[108.93331,-7.41427],[108.93331,-7.41445],[108.93322,-7.41445],[108.93286,-7.41445],[108.93286,-7.41463]]],[[[108.92381,-7.41423],[108.92381,-7.41422],[108.92426,-7.41422],[108.92426,-7.41441],[108.92417,-7.41441],[108.92417,-7.41423],[108.92399,-7.41423],[108.92381,-7.41423]]],[[[108.92236,-7.41331],[108.92237,-7.41331],[108.92245,-7.41331],[108.92246,-7.41331],[108.92255,-7.41331],[108.92272,-7.41331],[108.9229,-7.41331],[108.92291,-7.41331],[108.92309,-7.41331],[108.92309,-7.41314],[108.92335,-7.41314],[108.92336,-7.41314],[108.92345,-7.41314],[108.92345,-7.41296],[108.92381,-7.41296],[108.92381,-7.41332],[108.92336,-7.41332],[108.92336,-7.41377],[108.92381,-7.41377],[108.92381,-7.41405],[108.92363,-7.41405],[108.92363,-7.41404],[108.92344,-7.41404],[108.92336,-7.41404],[108.92335,-7.41404],[108.92326,-7.41404],[108.92309,-7.41404],[108.92291,-7.41404],[108.9229,-7.41404],[108.9229,-7.41386],[108.92254,-7.41386],[108.92254,-7.41422],[108.92245,-7.41422],[108.92245,-7.41377],[108.92245,-7.41332],[108.922,-7.41332],[108.922,-7.41331],[108.92236,-7.41331]]],[[[108.93422,-7.41382],[108.93422,-7.41337],[108.93466,-7.41337],[108.93456,-7.4136],[108.9344,-7.41382],[108.93437,-7.41387],[108.93423,-7.41392],[108.93422,-7.41393],[108.93422,-7.41382]]],[[[108.93377,-7.41382],[108.93331,-7.41382],[108.93331,-7.41337],[108.93331,-7.41336],[108.93377,-7.41336],[108.93377,-7.41337],[108.93377,-7.41382]]],[[[108.93105,-7.41336],[108.9306,-7.41336],[108.93059,-7.41336],[108.93059,-7.41335],[108.93059,-7.4129],[108.9306,-7.4129],[108.9306,-7.41245],[108.93105,-7.41245],[108.93105,-7.412],[108.93151,-7.412],[108.93151,-7.41245],[108.93196,-7.41245],[108.93242,-7.41245],[108.93242,-7.41246],[108.93242,-7.41291],[108.93287,-7.41291],[108.93287,-7.41336],[108.93241,-7.41336],[108.93241,-7.41381],[108.93195,-7.41381],[108.93195,-7.41336],[108.93151,-7.41336],[108.9315,-7.41336],[108.93105,-7.41336]]],[[[108.92834,-7.41334],[108.92834,-7.41379],[108.92788,-7.41379],[108.92788,-7.41334],[108.92788,-7.41289],[108.92834,-7.41289],[108.92834,-7.41334]]],[[[108.92382,-7.41287],[108.92381,-7.41287],[108.92381,-7.41278],[108.92382,-7.41278],[108.92382,-7.41287]]],[[[108.92907,-7.41289],[108.92907,-7.41262],[108.92924,-7.41262],[108.92925,-7.41262],[108.92925,-7.41289],[108.92924,-7.41289],[108.92907,-7.41289]]],[[[108.92608,-7.41225],[108.92635,-7.41225],[108.92635,-7.41198],[108.92636,-7.41198],[108.92636,-7.41225],[108.92653,-7.41225],[108.92653,-7.41243],[108.92654,-7.41243],[108.92654,-7.41288],[108.92608,-7.41288],[108.92562,-7.41288],[108.92562,-7.41243],[108.92562,-7.41224],[108.92563,-7.41224],[108.92581,-7.41224],[108.92599,-7.41224],[108.92599,-7.41225],[108.92608,-7.41225]]],[[[108.92518,-7.41288],[108.92472,-7.41288],[108.92472,-7.4126],[108.9249,-7.4126],[108.9249,-7.41242],[108.92491,-7.41242],[108.92518,-7.41242],[108.92518,-7.41288]]],[[[108.92273,-7.41241],[108.9229,-7.41241],[108.92291,-7.41241],[108.92327,-7.41241],[108.92327,-7.41242],[108.92309,-7.41242],[108.92309,-7.4126],[108.92291,-7.4126],[108.9229,-7.4126],[108.9229,-7.4126],[108.92273,-7.41259],[108.92273,-7.41241]]],[[[108.92273,-7.41223],[108.92273,-7.41241],[108.92245,-7.41241],[108.92245,-7.41223],[108.92255,-7.41223],[108.92273,-7.41223]]],[[[108.92336,-7.41205],[108.92336,-7.41196],[108.92381,-7.41196],[108.92382,-7.41196],[108.92418,-7.41196],[108.92418,-7.41197],[108.92418,-7.41224],[108.92382,-7.41224],[108.92381,-7.41224],[108.92364,-7.41224],[108.92363,-7.41224],[108.92363,-7.41206],[108.92336,-7.41206],[108.92336,-7.41205]]],[[[108.92699,-7.41207],[108.92689,-7.41207],[108.92689,-7.41198],[108.92699,-7.41198],[108.92699,-7.41207]]],[[[108.93242,-7.41201],[108.93196,-7.41201],[108.93196,-7.41155],[108.93242,-7.41155],[108.93242,-7.41201]]],[[[108.92245,-7.41169],[108.92219,-7.41169],[108.92219,-7.41196],[108.922,-7.41196],[108.922,-7.41151],[108.922,-7.4115],[108.92246,-7.4115],[108.92246,-7.41151],[108.92291,-7.41151],[108.92291,-7.41187],[108.92274,-7.41187],[108.92273,-7.41187],[108.92273,-7.41169],[108.92255,-7.41169],[108.92246,-7.41169],[108.92245,-7.41169]]],[[[108.927,-7.41153],[108.92699,-7.41153],[108.92654,-7.41153],[108.92654,-7.41107],[108.92699,-7.41107],[108.927,-7.41107],[108.927,-7.41153]]],[[[108.9211,-7.41105],[108.92111,-7.41105],[108.92111,-7.4115],[108.9211,-7.4115],[108.92065,-7.4115],[108.92065,-7.41105],[108.9202,-7.41105],[108.91975,-7.41105],[108.91975,-7.41104],[108.91975,-7.41059],[108.9202,-7.41059],[108.92065,-7.41059],[108.92066,-7.41059],[108.92066,-7.41105],[108.9211,-7.41105]]],[[[108.93111,-7.4007],[108.93066,-7.4007],[108.93066,-7.40025],[108.93111,-7.40025],[108.93111,-7.4007]]],[[[108.92754,-7.38979],[108.92754,-7.38973],[108.92754,-7.38939],[108.92796,-7.38939],[108.928,-7.38939],[108.928,-7.38942],[108.92783,-7.38954],[108.92763,-7.38972],[108.92754,-7.38979]]],[[[108.92891,-7.38903],[108.9289,-7.38903],[108.9289,-7.389],[108.9289,-7.38899],[108.9289,-7.38895],[108.9289,-7.38849],[108.92936,-7.38849],[108.92936,-7.38822],[108.92982,-7.38822],[108.92982,-7.38823],[108.92982,-7.3885],[108.93027,-7.3885],[108.93027,-7.38859],[108.92981,-7.38874],[108.92936,-7.38889],[108.92936,-7.38889],[108.92917,-7.38895],[108.92919,-7.38895],[108.92902,-7.389],[108.92903,-7.389],[108.92902,-7.389],[108.92892,-7.38903],[108.92891,-7.38903]]],[[[108.91941,-7.38745],[108.91941,-7.38755],[108.91895,-7.38755],[108.91895,-7.38745],[108.91905,-7.38745],[108.91941,-7.38745]]],[[[108.91895,-7.38664],[108.91895,-7.38619],[108.91941,-7.38619],[108.91941,-7.38664],[108.91941,-7.38677],[108.91941,-7.38687],[108.91941,-7.38692],[108.91933,-7.38692],[108.91932,-7.38692],[108.91923,-7.38691],[108.91922,-7.38691],[108.91922,-7.38686],[108.91922,-7.38673],[108.91895,-7.38673],[108.91895,-7.38664]]],[[[108.92077,-7.38575],[108.92123,-7.38575],[108.92123,-7.38607],[108.92123,-7.38615],[108.92123,-7.3862],[108.92095,-7.3862],[108.9208,-7.3862],[108.92077,-7.3862],[108.92077,-7.38575]]],[[[108.91986,-7.3862],[108.91986,-7.38574],[108.92032,-7.38574],[108.92032,-7.3862],[108.91986,-7.3862]]],[[[108.91942,-7.38484],[108.91942,-7.38438],[108.91897,-7.38438],[108.91897,-7.38393],[108.91943,-7.38393],[108.91943,-7.38438],[108.91988,-7.38438],[108.91988,-7.38484],[108.91988,-7.38529],[108.91942,-7.38529],[108.91942,-7.38484]]],[[[108.91988,-7.38258],[108.91988,-7.38213],[108.92034,-7.38213],[108.92034,-7.38258],[108.91988,-7.38258]]],[[[108.9389,-7.38041],[108.9389,-7.37996],[108.93935,-7.37996],[108.93935,-7.38041],[108.9389,-7.38041]]],[[[108.91946,-7.3767],[108.919,-7.3767],[108.919,-7.37625],[108.91946,-7.37625],[108.91946,-7.3767]]],[[[108.92217,-7.37581],[108.92217,-7.37536],[108.92263,-7.37536],[108.92263,-7.37581],[108.92217,-7.37581]]],[[[108.924,-7.37446],[108.924,-7.37492],[108.92354,-7.37492],[108.92308,-7.37492],[108.92308,-7.37491],[108.92263,-7.37491],[108.92263,-7.37446],[108.92308,-7.37446],[108.92309,-7.37446],[108.92354,-7.37446],[108.924,-7.37446]]],[[[108.92582,-7.36996],[108.92582,-7.3695],[108.92628,-7.3695],[108.92628,-7.36996],[108.92582,-7.36996]]]]}}]}